source name	characteristics[organism]	characteristics[organism part]	characteristics[cell type]	characteristics[disease]	characteristics[material type]	characteristics[cell line]	characteristics[cellosaurus accession]	characteristics[cellosaurus name]	characteristics[ancestry category]	characteristics[age]	characteristics[sex]	characteristics[developmental stage]	characteristics[individual]	characteristics[culture medium]	characteristics[passage number]	characteristics[sample storage temperature]	characteristics[treatment]	characteristics[cell cycle phase]	characteristics[sample type]	characteristics[single cell isolation protocol]	characteristics[cell identifier]	characteristics[cells per well]	characteristics[biological replicate]	assay name	technology type	comment[instrument]	comment[label]	comment[modification parameters]	comment[modification parameters]	comment[modification parameters]	comment[cleavage agent details]	comment[cleavage agent details]	comment[proteomics data acquisition method]	comment[dissociation method]	comment[collision energy]	comment[precursor mass tolerance]	comment[fragment mass tolerance]	comment[scan window lower limit]	comment[scan window upper limit]	comment[isolation window width]	comment[dia method]	comment[fraction identifier]	comment[technical replicate]	comment[data file]	comment[sdrf version]	comment[sdrf annotation tool]	comment[sdrf template]	comment[sdrf template]	comment[sdrf template]	comment[sdrf template]	comment[sdrf template]	factor value[fixation]
HeLa_nocodazole_FA_1cell_1	NT=Homo sapiens;AC=NCBITaxon:9606	NT=uterine cervix;AC=UBERON:0000002	NT=epithelial cell;AC=CL:0000066	NT=cervical adenocarcinoma;AC=MONDO:0005153	cell line	NT=HeLa;AC=EFO:0001185	CVCL_0030	HeLa	NT=African American;AC=HANCESTRO:0568	30Y6M	female	NT=adult;AC=EFO:0001272	HeLa donor	DMEM, 10% FBS, 1% penicillin/streptomycin	not available	not available	NT=Nocodazole;AC=NCIT:C75228	M	NT=single cell;AC=PRIDE:0000897	cellenONE	HeLa_nocodazole_FA_1cell_1	1	1	run 1	proteomic profiling by mass spectrometry	NT=Orbitrap Astral;AC=MS:1003378	NT=label free sample;AC=MS:1002038	NT=Oxidation;AC=UNIMOD:35;TA=M;MT=Variable	NT=Acetyl;AC=UNIMOD:1;PP=Protein N-term;MT=Variable	not applicable	NT=Trypsin;AC=MS:1001251	NT=Lys-C;AC=MS:1001309	Data-independent acquisition	NT=beam-type collision-induced dissociation;AC=MS:1000422	25% NCE	not available	not available	380	980	4	not available	1	1	20231028_AST1_Evo3_IP_40SPD_4Th6ms_DIA_Released_Fixed_30min_1cell_1.raw	v1.1.0	NT=sdrf-skills;VV=v1.0.0	NT=ms-proteomics;VV=v1.1.0	NT=human;VV=v1.1.0	NT=cell-lines;VV=v1.1.0	NT=single-cell;VV=v1.0.0	NT=dia-acquisition;VV=v1.1.0	formaldehyde
HeLa_nocodazole_FA_1cell_2	NT=Homo sapiens;AC=NCBITaxon:9606	NT=uterine cervix;AC=UBERON:0000002	NT=epithelial cell;AC=CL:0000066	NT=cervical adenocarcinoma;AC=MONDO:0005153	cell line	NT=HeLa;AC=EFO:0001185	CVCL_0030	HeLa	NT=African American;AC=HANCESTRO:0568	30Y6M	female	NT=adult;AC=EFO:0001272	HeLa donor	DMEM, 10% FBS, 1% penicillin/streptomycin	not available	not available	NT=Nocodazole;AC=NCIT:C75228	M	NT=single cell;AC=PRIDE:0000897	cellenONE	HeLa_nocodazole_FA_1cell_2	1	2	run 2	proteomic profiling by mass spectrometry	NT=Orbitrap Astral;AC=MS:1003378	NT=label free sample;AC=MS:1002038	NT=Oxidation;AC=UNIMOD:35;TA=M;MT=Variable	NT=Acetyl;AC=UNIMOD:1;PP=Protein N-term;MT=Variable	not applicable	NT=Trypsin;AC=MS:1001251	NT=Lys-C;AC=MS:1001309	Data-independent acquisition	NT=beam-type collision-induced dissociation;AC=MS:1000422	25% NCE	not available	not available	380	980	4	not available	1	1	20231028_AST1_Evo3_IP_40SPD_4Th6ms_DIA_Released_Fixed_30min_1cell_10.raw	v1.1.0	NT=sdrf-skills;VV=v1.0.0	NT=ms-proteomics;VV=v1.1.0	NT=human;VV=v1.1.0	NT=cell-lines;VV=v1.1.0	NT=single-cell;VV=v1.0.0	NT=dia-acquisition;VV=v1.1.0	formaldehyde
HeLa_nocodazole_FA_1cell_3	NT=Homo sapiens;AC=NCBITaxon:9606	NT=uterine cervix;AC=UBERON:0000002	NT=epithelial cell;AC=CL:0000066	NT=cervical adenocarcinoma;AC=MONDO:0005153	cell line	NT=HeLa;AC=EFO:0001185	CVCL_0030	HeLa	NT=African American;AC=HANCESTRO:0568	30Y6M	female	NT=adult;AC=EFO:0001272	HeLa donor	DMEM, 10% FBS, 1% penicillin/streptomycin	not available	not available	NT=Nocodazole;AC=NCIT:C75228	M	NT=single cell;AC=PRIDE:0000897	cellenONE	HeLa_nocodazole_FA_1cell_3	1	3	run 3	proteomic profiling by mass spectrometry	NT=Orbitrap Astral;AC=MS:1003378	NT=label free sample;AC=MS:1002038	NT=Oxidation;AC=UNIMOD:35;TA=M;MT=Variable	NT=Acetyl;AC=UNIMOD:1;PP=Protein N-term;MT=Variable	not applicable	NT=Trypsin;AC=MS:1001251	NT=Lys-C;AC=MS:1001309	Data-independent acquisition	NT=beam-type collision-induced dissociation;AC=MS:1000422	25% NCE	not available	not available	380	980	4	not available	1	1	20231028_AST1_Evo3_IP_40SPD_4Th6ms_DIA_Released_Fixed_30min_1cell_11.raw	v1.1.0	NT=sdrf-skills;VV=v1.0.0	NT=ms-proteomics;VV=v1.1.0	NT=human;VV=v1.1.0	NT=cell-lines;VV=v1.1.0	NT=single-cell;VV=v1.0.0	NT=dia-acquisition;VV=v1.1.0	formaldehyde
HeLa_nocodazole_FA_1cell_4	NT=Homo sapiens;AC=NCBITaxon:9606	NT=uterine cervix;AC=UBERON:0000002	NT=epithelial cell;AC=CL:0000066	NT=cervical adenocarcinoma;AC=MONDO:0005153	cell line	NT=HeLa;AC=EFO:0001185	CVCL_0030	HeLa	NT=African American;AC=HANCESTRO:0568	30Y6M	female	NT=adult;AC=EFO:0001272	HeLa donor	DMEM, 10% FBS, 1% penicillin/streptomycin	not available	not available	NT=Nocodazole;AC=NCIT:C75228	M	NT=single cell;AC=PRIDE:0000897	cellenONE	HeLa_nocodazole_FA_1cell_4	1	4	run 4	proteomic profiling by mass spectrometry	NT=Orbitrap Astral;AC=MS:1003378	NT=label free sample;AC=MS:1002038	NT=Oxidation;AC=UNIMOD:35;TA=M;MT=Variable	NT=Acetyl;AC=UNIMOD:1;PP=Protein N-term;MT=Variable	not applicable	NT=Trypsin;AC=MS:1001251	NT=Lys-C;AC=MS:1001309	Data-independent acquisition	NT=beam-type collision-induced dissociation;AC=MS:1000422	25% NCE	not available	not available	380	980	4	not available	1	1	20231028_AST1_Evo3_IP_40SPD_4Th6ms_DIA_Released_Fixed_30min_1cell_12.raw	v1.1.0	NT=sdrf-skills;VV=v1.0.0	NT=ms-proteomics;VV=v1.1.0	NT=human;VV=v1.1.0	NT=cell-lines;VV=v1.1.0	NT=single-cell;VV=v1.0.0	NT=dia-acquisition;VV=v1.1.0	formaldehyde
HeLa_nocodazole_FA_1cell_5	NT=Homo sapiens;AC=NCBITaxon:9606	NT=uterine cervix;AC=UBERON:0000002	NT=epithelial cell;AC=CL:0000066	NT=cervical adenocarcinoma;AC=MONDO:0005153	cell line	NT=HeLa;AC=EFO:0001185	CVCL_0030	HeLa	NT=African American;AC=HANCESTRO:0568	30Y6M	female	NT=adult;AC=EFO:0001272	HeLa donor	DMEM, 10% FBS, 1% penicillin/streptomycin	not available	not available	NT=Nocodazole;AC=NCIT:C75228	M	NT=single cell;AC=PRIDE:0000897	cellenONE	HeLa_nocodazole_FA_1cell_5	1	5	run 5	proteomic profiling by mass spectrometry	NT=Orbitrap Astral;AC=MS:1003378	NT=label free sample;AC=MS:1002038	NT=Oxidation;AC=UNIMOD:35;TA=M;MT=Variable	NT=Acetyl;AC=UNIMOD:1;PP=Protein N-term;MT=Variable	not applicable	NT=Trypsin;AC=MS:1001251	NT=Lys-C;AC=MS:1001309	Data-independent acquisition	NT=beam-type collision-induced dissociation;AC=MS:1000422	25% NCE	not available	not available	380	980	4	not available	1	1	20231028_AST1_Evo3_IP_40SPD_4Th6ms_DIA_Released_Fixed_30min_1cell_2.raw	v1.1.0	NT=sdrf-skills;VV=v1.0.0	NT=ms-proteomics;VV=v1.1.0	NT=human;VV=v1.1.0	NT=cell-lines;VV=v1.1.0	NT=single-cell;VV=v1.0.0	NT=dia-acquisition;VV=v1.1.0	formaldehyde
HeLa_nocodazole_FA_1cell_6	NT=Homo sapiens;AC=NCBITaxon:9606	NT=uterine cervix;AC=UBERON:0000002	NT=epithelial cell;AC=CL:0000066	NT=cervical adenocarcinoma;AC=MONDO:0005153	cell line	NT=HeLa;AC=EFO:0001185	CVCL_0030	HeLa	NT=African American;AC=HANCESTRO:0568	30Y6M	female	NT=adult;AC=EFO:0001272	HeLa donor	DMEM, 10% FBS, 1% penicillin/streptomycin	not available	not available	NT=Nocodazole;AC=NCIT:C75228	M	NT=single cell;AC=PRIDE:0000897	cellenONE	HeLa_nocodazole_FA_1cell_6	1	6	run 6	proteomic profiling by mass spectrometry	NT=Orbitrap Astral;AC=MS:1003378	NT=label free sample;AC=MS:1002038	NT=Oxidation;AC=UNIMOD:35;TA=M;MT=Variable	NT=Acetyl;AC=UNIMOD:1;PP=Protein N-term;MT=Variable	not applicable	NT=Trypsin;AC=MS:1001251	NT=Lys-C;AC=MS:1001309	Data-independent acquisition	NT=beam-type collision-induced dissociation;AC=MS:1000422	25% NCE	not available	not available	380	980	4	not available	1	1	20231028_AST1_Evo3_IP_40SPD_4Th6ms_DIA_Released_Fixed_30min_1cell_3.raw	v1.1.0	NT=sdrf-skills;VV=v1.0.0	NT=ms-proteomics;VV=v1.1.0	NT=human;VV=v1.1.0	NT=cell-lines;VV=v1.1.0	NT=single-cell;VV=v1.0.0	NT=dia-acquisition;VV=v1.1.0	formaldehyde
HeLa_nocodazole_FA_1cell_7	NT=Homo sapiens;AC=NCBITaxon:9606	NT=uterine cervix;AC=UBERON:0000002	NT=epithelial cell;AC=CL:0000066	NT=cervical adenocarcinoma;AC=MONDO:0005153	cell line	NT=HeLa;AC=EFO:0001185	CVCL_0030	HeLa	NT=African American;AC=HANCESTRO:0568	30Y6M	female	NT=adult;AC=EFO:0001272	HeLa donor	DMEM, 10% FBS, 1% penicillin/streptomycin	not available	not available	NT=Nocodazole;AC=NCIT:C75228	M	NT=single cell;AC=PRIDE:0000897	cellenONE	HeLa_nocodazole_FA_1cell_7	1	7	run 7	proteomic profiling by mass spectrometry	NT=Orbitrap Astral;AC=MS:1003378	NT=label free sample;AC=MS:1002038	NT=Oxidation;AC=UNIMOD:35;TA=M;MT=Variable	NT=Acetyl;AC=UNIMOD:1;PP=Protein N-term;MT=Variable	not applicable	NT=Trypsin;AC=MS:1001251	NT=Lys-C;AC=MS:1001309	Data-independent acquisition	NT=beam-type collision-induced dissociation;AC=MS:1000422	25% NCE	not available	not available	380	980	4	not available	1	1	20231028_AST1_Evo3_IP_40SPD_4Th6ms_DIA_Released_Fixed_30min_1cell_4.raw	v1.1.0	NT=sdrf-skills;VV=v1.0.0	NT=ms-proteomics;VV=v1.1.0	NT=human;VV=v1.1.0	NT=cell-lines;VV=v1.1.0	NT=single-cell;VV=v1.0.0	NT=dia-acquisition;VV=v1.1.0	formaldehyde
HeLa_nocodazole_FA_1cell_8	NT=Homo sapiens;AC=NCBITaxon:9606	NT=uterine cervix;AC=UBERON:0000002	NT=epithelial cell;AC=CL:0000066	NT=cervical adenocarcinoma;AC=MONDO:0005153	cell line	NT=HeLa;AC=EFO:0001185	CVCL_0030	HeLa	NT=African American;AC=HANCESTRO:0568	30Y6M	female	NT=adult;AC=EFO:0001272	HeLa donor	DMEM, 10% FBS, 1% penicillin/streptomycin	not available	not available	NT=Nocodazole;AC=NCIT:C75228	M	NT=single cell;AC=PRIDE:0000897	cellenONE	HeLa_nocodazole_FA_1cell_8	1	8	run 8	proteomic profiling by mass spectrometry	NT=Orbitrap Astral;AC=MS:1003378	NT=label free sample;AC=MS:1002038	NT=Oxidation;AC=UNIMOD:35;TA=M;MT=Variable	NT=Acetyl;AC=UNIMOD:1;PP=Protein N-term;MT=Variable	not applicable	NT=Trypsin;AC=MS:1001251	NT=Lys-C;AC=MS:1001309	Data-independent acquisition	NT=beam-type collision-induced dissociation;AC=MS:1000422	25% NCE	not available	not available	380	980	4	not available	1	1	20231028_AST1_Evo3_IP_40SPD_4Th6ms_DIA_Released_Fixed_30min_1cell_5.raw	v1.1.0	NT=sdrf-skills;VV=v1.0.0	NT=ms-proteomics;VV=v1.1.0	NT=human;VV=v1.1.0	NT=cell-lines;VV=v1.1.0	NT=single-cell;VV=v1.0.0	NT=dia-acquisition;VV=v1.1.0	formaldehyde
HeLa_nocodazole_FA_1cell_9	NT=Homo sapiens;AC=NCBITaxon:9606	NT=uterine cervix;AC=UBERON:0000002	NT=epithelial cell;AC=CL:0000066	NT=cervical adenocarcinoma;AC=MONDO:0005153	cell line	NT=HeLa;AC=EFO:0001185	CVCL_0030	HeLa	NT=African American;AC=HANCESTRO:0568	30Y6M	female	NT=adult;AC=EFO:0001272	HeLa donor	DMEM, 10% FBS, 1% penicillin/streptomycin	not available	not available	NT=Nocodazole;AC=NCIT:C75228	M	NT=single cell;AC=PRIDE:0000897	cellenONE	HeLa_nocodazole_FA_1cell_9	1	9	run 9	proteomic profiling by mass spectrometry	NT=Orbitrap Astral;AC=MS:1003378	NT=label free sample;AC=MS:1002038	NT=Oxidation;AC=UNIMOD:35;TA=M;MT=Variable	NT=Acetyl;AC=UNIMOD:1;PP=Protein N-term;MT=Variable	not applicable	NT=Trypsin;AC=MS:1001251	NT=Lys-C;AC=MS:1001309	Data-independent acquisition	NT=beam-type collision-induced dissociation;AC=MS:1000422	25% NCE	not available	not available	380	980	4	not available	1	1	20231028_AST1_Evo3_IP_40SPD_4Th6ms_DIA_Released_Fixed_30min_1cell_6.raw	v1.1.0	NT=sdrf-skills;VV=v1.0.0	NT=ms-proteomics;VV=v1.1.0	NT=human;VV=v1.1.0	NT=cell-lines;VV=v1.1.0	NT=single-cell;VV=v1.0.0	NT=dia-acquisition;VV=v1.1.0	formaldehyde
HeLa_nocodazole_FA_1cell_10	NT=Homo sapiens;AC=NCBITaxon:9606	NT=uterine cervix;AC=UBERON:0000002	NT=epithelial cell;AC=CL:0000066	NT=cervical adenocarcinoma;AC=MONDO:0005153	cell line	NT=HeLa;AC=EFO:0001185	CVCL_0030	HeLa	NT=African American;AC=HANCESTRO:0568	30Y6M	female	NT=adult;AC=EFO:0001272	HeLa donor	DMEM, 10% FBS, 1% penicillin/streptomycin	not available	not available	NT=Nocodazole;AC=NCIT:C75228	M	NT=single cell;AC=PRIDE:0000897	cellenONE	HeLa_nocodazole_FA_1cell_10	1	10	run 10	proteomic profiling by mass spectrometry	NT=Orbitrap Astral;AC=MS:1003378	NT=label free sample;AC=MS:1002038	NT=Oxidation;AC=UNIMOD:35;TA=M;MT=Variable	NT=Acetyl;AC=UNIMOD:1;PP=Protein N-term;MT=Variable	not applicable	NT=Trypsin;AC=MS:1001251	NT=Lys-C;AC=MS:1001309	Data-independent acquisition	NT=beam-type collision-induced dissociation;AC=MS:1000422	25% NCE	not available	not available	380	980	4	not available	1	1	20231028_AST1_Evo3_IP_40SPD_4Th6ms_DIA_Released_Fixed_30min_1cell_7.raw	v1.1.0	NT=sdrf-skills;VV=v1.0.0	NT=ms-proteomics;VV=v1.1.0	NT=human;VV=v1.1.0	NT=cell-lines;VV=v1.1.0	NT=single-cell;VV=v1.0.0	NT=dia-acquisition;VV=v1.1.0	formaldehyde
HeLa_nocodazole_FA_1cell_11	NT=Homo sapiens;AC=NCBITaxon:9606	NT=uterine cervix;AC=UBERON:0000002	NT=epithelial cell;AC=CL:0000066	NT=cervical adenocarcinoma;AC=MONDO:0005153	cell line	NT=HeLa;AC=EFO:0001185	CVCL_0030	HeLa	NT=African American;AC=HANCESTRO:0568	30Y6M	female	NT=adult;AC=EFO:0001272	HeLa donor	DMEM, 10% FBS, 1% penicillin/streptomycin	not available	not available	NT=Nocodazole;AC=NCIT:C75228	M	NT=single cell;AC=PRIDE:0000897	cellenONE	HeLa_nocodazole_FA_1cell_11	1	11	run 11	proteomic profiling by mass spectrometry	NT=Orbitrap Astral;AC=MS:1003378	NT=label free sample;AC=MS:1002038	NT=Oxidation;AC=UNIMOD:35;TA=M;MT=Variable	NT=Acetyl;AC=UNIMOD:1;PP=Protein N-term;MT=Variable	not applicable	NT=Trypsin;AC=MS:1001251	NT=Lys-C;AC=MS:1001309	Data-independent acquisition	NT=beam-type collision-induced dissociation;AC=MS:1000422	25% NCE	not available	not available	380	980	4	not available	1	1	20231028_AST1_Evo3_IP_40SPD_4Th6ms_DIA_Released_Fixed_30min_1cell_8.raw	v1.1.0	NT=sdrf-skills;VV=v1.0.0	NT=ms-proteomics;VV=v1.1.0	NT=human;VV=v1.1.0	NT=cell-lines;VV=v1.1.0	NT=single-cell;VV=v1.0.0	NT=dia-acquisition;VV=v1.1.0	formaldehyde
HeLa_nocodazole_FA_1cell_12	NT=Homo sapiens;AC=NCBITaxon:9606	NT=uterine cervix;AC=UBERON:0000002	NT=epithelial cell;AC=CL:0000066	NT=cervical adenocarcinoma;AC=MONDO:0005153	cell line	NT=HeLa;AC=EFO:0001185	CVCL_0030	HeLa	NT=African American;AC=HANCESTRO:0568	30Y6M	female	NT=adult;AC=EFO:0001272	HeLa donor	DMEM, 10% FBS, 1% penicillin/streptomycin	not available	not available	NT=Nocodazole;AC=NCIT:C75228	M	NT=single cell;AC=PRIDE:0000897	cellenONE	HeLa_nocodazole_FA_1cell_12	1	12	run 12	proteomic profiling by mass spectrometry	NT=Orbitrap Astral;AC=MS:1003378	NT=label free sample;AC=MS:1002038	NT=Oxidation;AC=UNIMOD:35;TA=M;MT=Variable	NT=Acetyl;AC=UNIMOD:1;PP=Protein N-term;MT=Variable	not applicable	NT=Trypsin;AC=MS:1001251	NT=Lys-C;AC=MS:1001309	Data-independent acquisition	NT=beam-type collision-induced dissociation;AC=MS:1000422	25% NCE	not available	not available	380	980	4	not available	1	1	20231028_AST1_Evo3_IP_40SPD_4Th6ms_DIA_Released_Fixed_30min_1cell_9.raw	v1.1.0	NT=sdrf-skills;VV=v1.0.0	NT=ms-proteomics;VV=v1.1.0	NT=human;VV=v1.1.0	NT=cell-lines;VV=v1.1.0	NT=single-cell;VV=v1.0.0	NT=dia-acquisition;VV=v1.1.0	formaldehyde
HeLa_nocodazole_FA_20cell_1	NT=Homo sapiens;AC=NCBITaxon:9606	NT=uterine cervix;AC=UBERON:0000002	NT=epithelial cell;AC=CL:0000066	NT=cervical adenocarcinoma;AC=MONDO:0005153	cell line	NT=HeLa;AC=EFO:0001185	CVCL_0030	HeLa	NT=African American;AC=HANCESTRO:0568	30Y6M	female	NT=adult;AC=EFO:0001272	HeLa donor	DMEM, 10% FBS, 1% penicillin/streptomycin	not available	not available	NT=Nocodazole;AC=NCIT:C75228	M	not applicable	cellenONE	not applicable	20	1	run 13	proteomic profiling by mass spectrometry	NT=Orbitrap Astral;AC=MS:1003378	NT=label free sample;AC=MS:1002038	NT=Oxidation;AC=UNIMOD:35;TA=M;MT=Variable	NT=Acetyl;AC=UNIMOD:1;PP=Protein N-term;MT=Variable	not applicable	NT=Trypsin;AC=MS:1001251	NT=Lys-C;AC=MS:1001309	Data-independent acquisition	NT=beam-type collision-induced dissociation;AC=MS:1000422	25% NCE	not available	not available	380	980	4	not available	1	1	20231028_AST1_Evo3_IP_40SPD_4Th6ms_DIA_Released_Fixed_30min_20cell_1.raw	v1.1.0	NT=sdrf-skills;VV=v1.0.0	NT=ms-proteomics;VV=v1.1.0	NT=human;VV=v1.1.0	NT=cell-lines;VV=v1.1.0	NT=single-cell;VV=v1.0.0	NT=dia-acquisition;VV=v1.1.0	formaldehyde
HeLa_nocodazole_FA_20cell_2	NT=Homo sapiens;AC=NCBITaxon:9606	NT=uterine cervix;AC=UBERON:0000002	NT=epithelial cell;AC=CL:0000066	NT=cervical adenocarcinoma;AC=MONDO:0005153	cell line	NT=HeLa;AC=EFO:0001185	CVCL_0030	HeLa	NT=African American;AC=HANCESTRO:0568	30Y6M	female	NT=adult;AC=EFO:0001272	HeLa donor	DMEM, 10% FBS, 1% penicillin/streptomycin	not available	not available	NT=Nocodazole;AC=NCIT:C75228	M	not applicable	cellenONE	not applicable	20	2	run 14	proteomic profiling by mass spectrometry	NT=Orbitrap Astral;AC=MS:1003378	NT=label free sample;AC=MS:1002038	NT=Oxidation;AC=UNIMOD:35;TA=M;MT=Variable	NT=Acetyl;AC=UNIMOD:1;PP=Protein N-term;MT=Variable	not applicable	NT=Trypsin;AC=MS:1001251	NT=Lys-C;AC=MS:1001309	Data-independent acquisition	NT=beam-type collision-induced dissociation;AC=MS:1000422	25% NCE	not available	not available	380	980	4	not available	1	1	20231028_AST1_Evo3_IP_40SPD_4Th6ms_DIA_Released_Fixed_30min_20cell_2.raw	v1.1.0	NT=sdrf-skills;VV=v1.0.0	NT=ms-proteomics;VV=v1.1.0	NT=human;VV=v1.1.0	NT=cell-lines;VV=v1.1.0	NT=single-cell;VV=v1.0.0	NT=dia-acquisition;VV=v1.1.0	formaldehyde
HeLa_nocodazole_FA_20cell_3	NT=Homo sapiens;AC=NCBITaxon:9606	NT=uterine cervix;AC=UBERON:0000002	NT=epithelial cell;AC=CL:0000066	NT=cervical adenocarcinoma;AC=MONDO:0005153	cell line	NT=HeLa;AC=EFO:0001185	CVCL_0030	HeLa	NT=African American;AC=HANCESTRO:0568	30Y6M	female	NT=adult;AC=EFO:0001272	HeLa donor	DMEM, 10% FBS, 1% penicillin/streptomycin	not available	not available	NT=Nocodazole;AC=NCIT:C75228	M	not applicable	cellenONE	not applicable	20	3	run 15	proteomic profiling by mass spectrometry	NT=Orbitrap Astral;AC=MS:1003378	NT=label free sample;AC=MS:1002038	NT=Oxidation;AC=UNIMOD:35;TA=M;MT=Variable	NT=Acetyl;AC=UNIMOD:1;PP=Protein N-term;MT=Variable	not applicable	NT=Trypsin;AC=MS:1001251	NT=Lys-C;AC=MS:1001309	Data-independent acquisition	NT=beam-type collision-induced dissociation;AC=MS:1000422	25% NCE	not available	not available	380	980	4	not available	1	1	20231028_AST1_Evo3_IP_40SPD_4Th6ms_DIA_Released_Fixed_30min_20cell_3.raw	v1.1.0	NT=sdrf-skills;VV=v1.0.0	NT=ms-proteomics;VV=v1.1.0	NT=human;VV=v1.1.0	NT=cell-lines;VV=v1.1.0	NT=single-cell;VV=v1.0.0	NT=dia-acquisition;VV=v1.1.0	formaldehyde
HeLa_nocodazole_FA_20cell_4	NT=Homo sapiens;AC=NCBITaxon:9606	NT=uterine cervix;AC=UBERON:0000002	NT=epithelial cell;AC=CL:0000066	NT=cervical adenocarcinoma;AC=MONDO:0005153	cell line	NT=HeLa;AC=EFO:0001185	CVCL_0030	HeLa	NT=African American;AC=HANCESTRO:0568	30Y6M	female	NT=adult;AC=EFO:0001272	HeLa donor	DMEM, 10% FBS, 1% penicillin/streptomycin	not available	not available	NT=Nocodazole;AC=NCIT:C75228	M	not applicable	cellenONE	not applicable	20	4	run 16	proteomic profiling by mass spectrometry	NT=Orbitrap Astral;AC=MS:1003378	NT=label free sample;AC=MS:1002038	NT=Oxidation;AC=UNIMOD:35;TA=M;MT=Variable	NT=Acetyl;AC=UNIMOD:1;PP=Protein N-term;MT=Variable	not applicable	NT=Trypsin;AC=MS:1001251	NT=Lys-C;AC=MS:1001309	Data-independent acquisition	NT=beam-type collision-induced dissociation;AC=MS:1000422	25% NCE	not available	not available	380	980	4	not available	1	1	20231028_AST1_Evo3_IP_40SPD_4Th6ms_DIA_Released_Fixed_30min_20cell_4.raw	v1.1.0	NT=sdrf-skills;VV=v1.0.0	NT=ms-proteomics;VV=v1.1.0	NT=human;VV=v1.1.0	NT=cell-lines;VV=v1.1.0	NT=single-cell;VV=v1.0.0	NT=dia-acquisition;VV=v1.1.0	formaldehyde
HeLa_nocodazole_FA_Bulk_1	NT=Homo sapiens;AC=NCBITaxon:9606	NT=uterine cervix;AC=UBERON:0000002	NT=epithelial cell;AC=CL:0000066	NT=cervical adenocarcinoma;AC=MONDO:0005153	cell line	NT=HeLa;AC=EFO:0001185	CVCL_0030	HeLa	NT=African American;AC=HANCESTRO:0568	30Y6M	female	NT=adult;AC=EFO:0001272	HeLa donor	DMEM, 10% FBS, 1% penicillin/streptomycin	not available	not available	NT=Nocodazole;AC=NCIT:C75228	M	not applicable	not applicable	not applicable	not applicable	1	run 17	proteomic profiling by mass spectrometry	NT=Orbitrap Astral;AC=MS:1003378	NT=label free sample;AC=MS:1002038	NT=Oxidation;AC=UNIMOD:35;TA=M;MT=Variable	NT=Acetyl;AC=UNIMOD:1;PP=Protein N-term;MT=Variable	NT=Carbamidomethyl;AC=UNIMOD:4;TA=C;MT=Fixed	NT=Trypsin;AC=MS:1001251	NT=Lys-C;AC=MS:1001309	Data-independent acquisition	NT=beam-type collision-induced dissociation;AC=MS:1000422	25% NCE	not available	not available	380	980	4	not available	1	1	20231028_AST1_Evo3_IP_40SPD_4Th6ms_DIA_Released_Fixed_30min_Bulk_1.raw	v1.1.0	NT=sdrf-skills;VV=v1.0.0	NT=ms-proteomics;VV=v1.1.0	NT=human;VV=v1.1.0	NT=cell-lines;VV=v1.1.0	NT=single-cell;VV=v1.0.0	NT=dia-acquisition;VV=v1.1.0	formaldehyde
HeLa_nocodazole_FA_Bulk_2	NT=Homo sapiens;AC=NCBITaxon:9606	NT=uterine cervix;AC=UBERON:0000002	NT=epithelial cell;AC=CL:0000066	NT=cervical adenocarcinoma;AC=MONDO:0005153	cell line	NT=HeLa;AC=EFO:0001185	CVCL_0030	HeLa	NT=African American;AC=HANCESTRO:0568	30Y6M	female	NT=adult;AC=EFO:0001272	HeLa donor	DMEM, 10% FBS, 1% penicillin/streptomycin	not available	not available	NT=Nocodazole;AC=NCIT:C75228	M	not applicable	not applicable	not applicable	not applicable	2	run 18	proteomic profiling by mass spectrometry	NT=Orbitrap Astral;AC=MS:1003378	NT=label free sample;AC=MS:1002038	NT=Oxidation;AC=UNIMOD:35;TA=M;MT=Variable	NT=Acetyl;AC=UNIMOD:1;PP=Protein N-term;MT=Variable	NT=Carbamidomethyl;AC=UNIMOD:4;TA=C;MT=Fixed	NT=Trypsin;AC=MS:1001251	NT=Lys-C;AC=MS:1001309	Data-independent acquisition	NT=beam-type collision-induced dissociation;AC=MS:1000422	25% NCE	not available	not available	380	980	4	not available	1	1	20231028_AST1_Evo3_IP_40SPD_4Th6ms_DIA_Released_Fixed_30min_Bulk_2.raw	v1.1.0	NT=sdrf-skills;VV=v1.0.0	NT=ms-proteomics;VV=v1.1.0	NT=human;VV=v1.1.0	NT=cell-lines;VV=v1.1.0	NT=single-cell;VV=v1.0.0	NT=dia-acquisition;VV=v1.1.0	formaldehyde
HeLa_nocodazole_FA_Bulk_3	NT=Homo sapiens;AC=NCBITaxon:9606	NT=uterine cervix;AC=UBERON:0000002	NT=epithelial cell;AC=CL:0000066	NT=cervical adenocarcinoma;AC=MONDO:0005153	cell line	NT=HeLa;AC=EFO:0001185	CVCL_0030	HeLa	NT=African American;AC=HANCESTRO:0568	30Y6M	female	NT=adult;AC=EFO:0001272	HeLa donor	DMEM, 10% FBS, 1% penicillin/streptomycin	not available	not available	NT=Nocodazole;AC=NCIT:C75228	M	not applicable	not applicable	not applicable	not applicable	3	run 19	proteomic profiling by mass spectrometry	NT=Orbitrap Astral;AC=MS:1003378	NT=label free sample;AC=MS:1002038	NT=Oxidation;AC=UNIMOD:35;TA=M;MT=Variable	NT=Acetyl;AC=UNIMOD:1;PP=Protein N-term;MT=Variable	NT=Carbamidomethyl;AC=UNIMOD:4;TA=C;MT=Fixed	NT=Trypsin;AC=MS:1001251	NT=Lys-C;AC=MS:1001309	Data-independent acquisition	NT=beam-type collision-induced dissociation;AC=MS:1000422	25% NCE	not available	not available	380	980	4	not available	1	1	20231028_AST1_Evo3_IP_40SPD_4Th6ms_DIA_Released_Fixed_30min_Bulk_3.raw	v1.1.0	NT=sdrf-skills;VV=v1.0.0	NT=ms-proteomics;VV=v1.1.0	NT=human;VV=v1.1.0	NT=cell-lines;VV=v1.1.0	NT=single-cell;VV=v1.0.0	NT=dia-acquisition;VV=v1.1.0	formaldehyde
HeLa_nocodazole_NonFix_Bulk_1	NT=Homo sapiens;AC=NCBITaxon:9606	NT=uterine cervix;AC=UBERON:0000002	NT=epithelial cell;AC=CL:0000066	NT=cervical adenocarcinoma;AC=MONDO:0005153	cell line	NT=HeLa;AC=EFO:0001185	CVCL_0030	HeLa	NT=African American;AC=HANCESTRO:0568	30Y6M	female	NT=adult;AC=EFO:0001272	HeLa donor	DMEM, 10% FBS, 1% penicillin/streptomycin	not available	not available	NT=Nocodazole;AC=NCIT:C75228	M	not applicable	not applicable	not applicable	not applicable	1	run 20	proteomic profiling by mass spectrometry	NT=Orbitrap Astral;AC=MS:1003378	NT=label free sample;AC=MS:1002038	NT=Oxidation;AC=UNIMOD:35;TA=M;MT=Variable	NT=Acetyl;AC=UNIMOD:1;PP=Protein N-term;MT=Variable	NT=Carbamidomethyl;AC=UNIMOD:4;TA=C;MT=Fixed	NT=Trypsin;AC=MS:1001251	NT=Lys-C;AC=MS:1001309	Data-independent acquisition	NT=beam-type collision-induced dissociation;AC=MS:1000422	25% NCE	not available	not available	380	980	4	not available	1	1	20231028_AST1_Evo3_IP_40SPD_4Th6ms_DIA_Released_NonFixed_30min_Bulk_1.raw	v1.1.0	NT=sdrf-skills;VV=v1.0.0	NT=ms-proteomics;VV=v1.1.0	NT=human;VV=v1.1.0	NT=cell-lines;VV=v1.1.0	NT=single-cell;VV=v1.0.0	NT=dia-acquisition;VV=v1.1.0	none
HeLa_nocodazole_NonFix_Bulk_2	NT=Homo sapiens;AC=NCBITaxon:9606	NT=uterine cervix;AC=UBERON:0000002	NT=epithelial cell;AC=CL:0000066	NT=cervical adenocarcinoma;AC=MONDO:0005153	cell line	NT=HeLa;AC=EFO:0001185	CVCL_0030	HeLa	NT=African American;AC=HANCESTRO:0568	30Y6M	female	NT=adult;AC=EFO:0001272	HeLa donor	DMEM, 10% FBS, 1% penicillin/streptomycin	not available	not available	NT=Nocodazole;AC=NCIT:C75228	M	not applicable	not applicable	not applicable	not applicable	2	run 21	proteomic profiling by mass spectrometry	NT=Orbitrap Astral;AC=MS:1003378	NT=label free sample;AC=MS:1002038	NT=Oxidation;AC=UNIMOD:35;TA=M;MT=Variable	NT=Acetyl;AC=UNIMOD:1;PP=Protein N-term;MT=Variable	NT=Carbamidomethyl;AC=UNIMOD:4;TA=C;MT=Fixed	NT=Trypsin;AC=MS:1001251	NT=Lys-C;AC=MS:1001309	Data-independent acquisition	NT=beam-type collision-induced dissociation;AC=MS:1000422	25% NCE	not available	not available	380	980	4	not available	1	1	20231028_AST1_Evo3_IP_40SPD_4Th6ms_DIA_Released_NonFixed_30min_Bulk_2.raw	v1.1.0	NT=sdrf-skills;VV=v1.0.0	NT=ms-proteomics;VV=v1.1.0	NT=human;VV=v1.1.0	NT=cell-lines;VV=v1.1.0	NT=single-cell;VV=v1.0.0	NT=dia-acquisition;VV=v1.1.0	none
HeLa_nocodazole_NonFix_Bulk_3	NT=Homo sapiens;AC=NCBITaxon:9606	NT=uterine cervix;AC=UBERON:0000002	NT=epithelial cell;AC=CL:0000066	NT=cervical adenocarcinoma;AC=MONDO:0005153	cell line	NT=HeLa;AC=EFO:0001185	CVCL_0030	HeLa	NT=African American;AC=HANCESTRO:0568	30Y6M	female	NT=adult;AC=EFO:0001272	HeLa donor	DMEM, 10% FBS, 1% penicillin/streptomycin	not available	not available	NT=Nocodazole;AC=NCIT:C75228	M	not applicable	not applicable	not applicable	not applicable	3	run 22	proteomic profiling by mass spectrometry	NT=Orbitrap Astral;AC=MS:1003378	NT=label free sample;AC=MS:1002038	NT=Oxidation;AC=UNIMOD:35;TA=M;MT=Variable	NT=Acetyl;AC=UNIMOD:1;PP=Protein N-term;MT=Variable	NT=Carbamidomethyl;AC=UNIMOD:4;TA=C;MT=Fixed	NT=Trypsin;AC=MS:1001251	NT=Lys-C;AC=MS:1001309	Data-independent acquisition	NT=beam-type collision-induced dissociation;AC=MS:1000422	25% NCE	not available	not available	380	980	4	not available	1	1	20231028_AST1_Evo3_IP_40SPD_4Th6ms_DIA_Released_NonFixed_30min_Bulk_3.raw	v1.1.0	NT=sdrf-skills;VV=v1.0.0	NT=ms-proteomics;VV=v1.1.0	NT=human;VV=v1.1.0	NT=cell-lines;VV=v1.1.0	NT=single-cell;VV=v1.0.0	NT=dia-acquisition;VV=v1.1.0	none
HeLa_nocodazole_NonFix_1cell_1	NT=Homo sapiens;AC=NCBITaxon:9606	NT=uterine cervix;AC=UBERON:0000002	NT=epithelial cell;AC=CL:0000066	NT=cervical adenocarcinoma;AC=MONDO:0005153	cell line	NT=HeLa;AC=EFO:0001185	CVCL_0030	HeLa	NT=African American;AC=HANCESTRO:0568	30Y6M	female	NT=adult;AC=EFO:0001272	HeLa donor	DMEM, 10% FBS, 1% penicillin/streptomycin	not available	not available	NT=Nocodazole;AC=NCIT:C75228	M	NT=single cell;AC=PRIDE:0000897	cellenONE	HeLa_nocodazole_NonFix_1cell_1	1	1	run 23	proteomic profiling by mass spectrometry	NT=Orbitrap Astral;AC=MS:1003378	NT=label free sample;AC=MS:1002038	NT=Oxidation;AC=UNIMOD:35;TA=M;MT=Variable	NT=Acetyl;AC=UNIMOD:1;PP=Protein N-term;MT=Variable	not applicable	NT=Trypsin;AC=MS:1001251	NT=Lys-C;AC=MS:1001309	Data-independent acquisition	NT=beam-type collision-induced dissociation;AC=MS:1000422	25% NCE	not available	not available	380	980	4	not available	1	1	20231028_AST1_Evo3_IP_40SPD_4Th6ms_DIA_Released_NotFixed_30min_1cell_1.raw	v1.1.0	NT=sdrf-skills;VV=v1.0.0	NT=ms-proteomics;VV=v1.1.0	NT=human;VV=v1.1.0	NT=cell-lines;VV=v1.1.0	NT=single-cell;VV=v1.0.0	NT=dia-acquisition;VV=v1.1.0	none
HeLa_nocodazole_NonFix_1cell_2	NT=Homo sapiens;AC=NCBITaxon:9606	NT=uterine cervix;AC=UBERON:0000002	NT=epithelial cell;AC=CL:0000066	NT=cervical adenocarcinoma;AC=MONDO:0005153	cell line	NT=HeLa;AC=EFO:0001185	CVCL_0030	HeLa	NT=African American;AC=HANCESTRO:0568	30Y6M	female	NT=adult;AC=EFO:0001272	HeLa donor	DMEM, 10% FBS, 1% penicillin/streptomycin	not available	not available	NT=Nocodazole;AC=NCIT:C75228	M	NT=single cell;AC=PRIDE:0000897	cellenONE	HeLa_nocodazole_NonFix_1cell_2	1	2	run 24	proteomic profiling by mass spectrometry	NT=Orbitrap Astral;AC=MS:1003378	NT=label free sample;AC=MS:1002038	NT=Oxidation;AC=UNIMOD:35;TA=M;MT=Variable	NT=Acetyl;AC=UNIMOD:1;PP=Protein N-term;MT=Variable	not applicable	NT=Trypsin;AC=MS:1001251	NT=Lys-C;AC=MS:1001309	Data-independent acquisition	NT=beam-type collision-induced dissociation;AC=MS:1000422	25% NCE	not available	not available	380	980	4	not available	1	1	20231028_AST1_Evo3_IP_40SPD_4Th6ms_DIA_Released_NotFixed_30min_1cell_10.raw	v1.1.0	NT=sdrf-skills;VV=v1.0.0	NT=ms-proteomics;VV=v1.1.0	NT=human;VV=v1.1.0	NT=cell-lines;VV=v1.1.0	NT=single-cell;VV=v1.0.0	NT=dia-acquisition;VV=v1.1.0	none
HeLa_nocodazole_NonFix_1cell_3	NT=Homo sapiens;AC=NCBITaxon:9606	NT=uterine cervix;AC=UBERON:0000002	NT=epithelial cell;AC=CL:0000066	NT=cervical adenocarcinoma;AC=MONDO:0005153	cell line	NT=HeLa;AC=EFO:0001185	CVCL_0030	HeLa	NT=African American;AC=HANCESTRO:0568	30Y6M	female	NT=adult;AC=EFO:0001272	HeLa donor	DMEM, 10% FBS, 1% penicillin/streptomycin	not available	not available	NT=Nocodazole;AC=NCIT:C75228	M	NT=single cell;AC=PRIDE:0000897	cellenONE	HeLa_nocodazole_NonFix_1cell_3	1	3	run 25	proteomic profiling by mass spectrometry	NT=Orbitrap Astral;AC=MS:1003378	NT=label free sample;AC=MS:1002038	NT=Oxidation;AC=UNIMOD:35;TA=M;MT=Variable	NT=Acetyl;AC=UNIMOD:1;PP=Protein N-term;MT=Variable	not applicable	NT=Trypsin;AC=MS:1001251	NT=Lys-C;AC=MS:1001309	Data-independent acquisition	NT=beam-type collision-induced dissociation;AC=MS:1000422	25% NCE	not available	not available	380	980	4	not available	1	1	20231028_AST1_Evo3_IP_40SPD_4Th6ms_DIA_Released_NotFixed_30min_1cell_11.raw	v1.1.0	NT=sdrf-skills;VV=v1.0.0	NT=ms-proteomics;VV=v1.1.0	NT=human;VV=v1.1.0	NT=cell-lines;VV=v1.1.0	NT=single-cell;VV=v1.0.0	NT=dia-acquisition;VV=v1.1.0	none
HeLa_nocodazole_NonFix_1cell_4	NT=Homo sapiens;AC=NCBITaxon:9606	NT=uterine cervix;AC=UBERON:0000002	NT=epithelial cell;AC=CL:0000066	NT=cervical adenocarcinoma;AC=MONDO:0005153	cell line	NT=HeLa;AC=EFO:0001185	CVCL_0030	HeLa	NT=African American;AC=HANCESTRO:0568	30Y6M	female	NT=adult;AC=EFO:0001272	HeLa donor	DMEM, 10% FBS, 1% penicillin/streptomycin	not available	not available	NT=Nocodazole;AC=NCIT:C75228	M	NT=single cell;AC=PRIDE:0000897	cellenONE	HeLa_nocodazole_NonFix_1cell_4	1	4	run 26	proteomic profiling by mass spectrometry	NT=Orbitrap Astral;AC=MS:1003378	NT=label free sample;AC=MS:1002038	NT=Oxidation;AC=UNIMOD:35;TA=M;MT=Variable	NT=Acetyl;AC=UNIMOD:1;PP=Protein N-term;MT=Variable	not applicable	NT=Trypsin;AC=MS:1001251	NT=Lys-C;AC=MS:1001309	Data-independent acquisition	NT=beam-type collision-induced dissociation;AC=MS:1000422	25% NCE	not available	not available	380	980	4	not available	1	1	20231028_AST1_Evo3_IP_40SPD_4Th6ms_DIA_Released_NotFixed_30min_1cell_12.raw	v1.1.0	NT=sdrf-skills;VV=v1.0.0	NT=ms-proteomics;VV=v1.1.0	NT=human;VV=v1.1.0	NT=cell-lines;VV=v1.1.0	NT=single-cell;VV=v1.0.0	NT=dia-acquisition;VV=v1.1.0	none
HeLa_nocodazole_NonFix_1cell_5	NT=Homo sapiens;AC=NCBITaxon:9606	NT=uterine cervix;AC=UBERON:0000002	NT=epithelial cell;AC=CL:0000066	NT=cervical adenocarcinoma;AC=MONDO:0005153	cell line	NT=HeLa;AC=EFO:0001185	CVCL_0030	HeLa	NT=African American;AC=HANCESTRO:0568	30Y6M	female	NT=adult;AC=EFO:0001272	HeLa donor	DMEM, 10% FBS, 1% penicillin/streptomycin	not available	not available	NT=Nocodazole;AC=NCIT:C75228	M	NT=single cell;AC=PRIDE:0000897	cellenONE	HeLa_nocodazole_NonFix_1cell_5	1	5	run 27	proteomic profiling by mass spectrometry	NT=Orbitrap Astral;AC=MS:1003378	NT=label free sample;AC=MS:1002038	NT=Oxidation;AC=UNIMOD:35;TA=M;MT=Variable	NT=Acetyl;AC=UNIMOD:1;PP=Protein N-term;MT=Variable	not applicable	NT=Trypsin;AC=MS:1001251	NT=Lys-C;AC=MS:1001309	Data-independent acquisition	NT=beam-type collision-induced dissociation;AC=MS:1000422	25% NCE	not available	not available	380	980	4	not available	1	1	20231028_AST1_Evo3_IP_40SPD_4Th6ms_DIA_Released_NotFixed_30min_1cell_2.raw	v1.1.0	NT=sdrf-skills;VV=v1.0.0	NT=ms-proteomics;VV=v1.1.0	NT=human;VV=v1.1.0	NT=cell-lines;VV=v1.1.0	NT=single-cell;VV=v1.0.0	NT=dia-acquisition;VV=v1.1.0	none
HeLa_nocodazole_NonFix_1cell_6	NT=Homo sapiens;AC=NCBITaxon:9606	NT=uterine cervix;AC=UBERON:0000002	NT=epithelial cell;AC=CL:0000066	NT=cervical adenocarcinoma;AC=MONDO:0005153	cell line	NT=HeLa;AC=EFO:0001185	CVCL_0030	HeLa	NT=African American;AC=HANCESTRO:0568	30Y6M	female	NT=adult;AC=EFO:0001272	HeLa donor	DMEM, 10% FBS, 1% penicillin/streptomycin	not available	not available	NT=Nocodazole;AC=NCIT:C75228	M	NT=single cell;AC=PRIDE:0000897	cellenONE	HeLa_nocodazole_NonFix_1cell_6	1	6	run 28	proteomic profiling by mass spectrometry	NT=Orbitrap Astral;AC=MS:1003378	NT=label free sample;AC=MS:1002038	NT=Oxidation;AC=UNIMOD:35;TA=M;MT=Variable	NT=Acetyl;AC=UNIMOD:1;PP=Protein N-term;MT=Variable	not applicable	NT=Trypsin;AC=MS:1001251	NT=Lys-C;AC=MS:1001309	Data-independent acquisition	NT=beam-type collision-induced dissociation;AC=MS:1000422	25% NCE	not available	not available	380	980	4	not available	1	1	20231028_AST1_Evo3_IP_40SPD_4Th6ms_DIA_Released_NotFixed_30min_1cell_3.raw	v1.1.0	NT=sdrf-skills;VV=v1.0.0	NT=ms-proteomics;VV=v1.1.0	NT=human;VV=v1.1.0	NT=cell-lines;VV=v1.1.0	NT=single-cell;VV=v1.0.0	NT=dia-acquisition;VV=v1.1.0	none
HeLa_nocodazole_NonFix_1cell_7	NT=Homo sapiens;AC=NCBITaxon:9606	NT=uterine cervix;AC=UBERON:0000002	NT=epithelial cell;AC=CL:0000066	NT=cervical adenocarcinoma;AC=MONDO:0005153	cell line	NT=HeLa;AC=EFO:0001185	CVCL_0030	HeLa	NT=African American;AC=HANCESTRO:0568	30Y6M	female	NT=adult;AC=EFO:0001272	HeLa donor	DMEM, 10% FBS, 1% penicillin/streptomycin	not available	not available	NT=Nocodazole;AC=NCIT:C75228	M	NT=single cell;AC=PRIDE:0000897	cellenONE	HeLa_nocodazole_NonFix_1cell_7	1	7	run 29	proteomic profiling by mass spectrometry	NT=Orbitrap Astral;AC=MS:1003378	NT=label free sample;AC=MS:1002038	NT=Oxidation;AC=UNIMOD:35;TA=M;MT=Variable	NT=Acetyl;AC=UNIMOD:1;PP=Protein N-term;MT=Variable	not applicable	NT=Trypsin;AC=MS:1001251	NT=Lys-C;AC=MS:1001309	Data-independent acquisition	NT=beam-type collision-induced dissociation;AC=MS:1000422	25% NCE	not available	not available	380	980	4	not available	1	1	20231028_AST1_Evo3_IP_40SPD_4Th6ms_DIA_Released_NotFixed_30min_1cell_4.raw	v1.1.0	NT=sdrf-skills;VV=v1.0.0	NT=ms-proteomics;VV=v1.1.0	NT=human;VV=v1.1.0	NT=cell-lines;VV=v1.1.0	NT=single-cell;VV=v1.0.0	NT=dia-acquisition;VV=v1.1.0	none
HeLa_nocodazole_NonFix_1cell_8	NT=Homo sapiens;AC=NCBITaxon:9606	NT=uterine cervix;AC=UBERON:0000002	NT=epithelial cell;AC=CL:0000066	NT=cervical adenocarcinoma;AC=MONDO:0005153	cell line	NT=HeLa;AC=EFO:0001185	CVCL_0030	HeLa	NT=African American;AC=HANCESTRO:0568	30Y6M	female	NT=adult;AC=EFO:0001272	HeLa donor	DMEM, 10% FBS, 1% penicillin/streptomycin	not available	not available	NT=Nocodazole;AC=NCIT:C75228	M	NT=single cell;AC=PRIDE:0000897	cellenONE	HeLa_nocodazole_NonFix_1cell_8	1	8	run 30	proteomic profiling by mass spectrometry	NT=Orbitrap Astral;AC=MS:1003378	NT=label free sample;AC=MS:1002038	NT=Oxidation;AC=UNIMOD:35;TA=M;MT=Variable	NT=Acetyl;AC=UNIMOD:1;PP=Protein N-term;MT=Variable	not applicable	NT=Trypsin;AC=MS:1001251	NT=Lys-C;AC=MS:1001309	Data-independent acquisition	NT=beam-type collision-induced dissociation;AC=MS:1000422	25% NCE	not available	not available	380	980	4	not available	1	1	20231028_AST1_Evo3_IP_40SPD_4Th6ms_DIA_Released_NotFixed_30min_1cell_5.raw	v1.1.0	NT=sdrf-skills;VV=v1.0.0	NT=ms-proteomics;VV=v1.1.0	NT=human;VV=v1.1.0	NT=cell-lines;VV=v1.1.0	NT=single-cell;VV=v1.0.0	NT=dia-acquisition;VV=v1.1.0	none
HeLa_nocodazole_NonFix_1cell_9	NT=Homo sapiens;AC=NCBITaxon:9606	NT=uterine cervix;AC=UBERON:0000002	NT=epithelial cell;AC=CL:0000066	NT=cervical adenocarcinoma;AC=MONDO:0005153	cell line	NT=HeLa;AC=EFO:0001185	CVCL_0030	HeLa	NT=African American;AC=HANCESTRO:0568	30Y6M	female	NT=adult;AC=EFO:0001272	HeLa donor	DMEM, 10% FBS, 1% penicillin/streptomycin	not available	not available	NT=Nocodazole;AC=NCIT:C75228	M	NT=single cell;AC=PRIDE:0000897	cellenONE	HeLa_nocodazole_NonFix_1cell_9	1	9	run 31	proteomic profiling by mass spectrometry	NT=Orbitrap Astral;AC=MS:1003378	NT=label free sample;AC=MS:1002038	NT=Oxidation;AC=UNIMOD:35;TA=M;MT=Variable	NT=Acetyl;AC=UNIMOD:1;PP=Protein N-term;MT=Variable	not applicable	NT=Trypsin;AC=MS:1001251	NT=Lys-C;AC=MS:1001309	Data-independent acquisition	NT=beam-type collision-induced dissociation;AC=MS:1000422	25% NCE	not available	not available	380	980	4	not available	1	1	20231028_AST1_Evo3_IP_40SPD_4Th6ms_DIA_Released_NotFixed_30min_1cell_6.raw	v1.1.0	NT=sdrf-skills;VV=v1.0.0	NT=ms-proteomics;VV=v1.1.0	NT=human;VV=v1.1.0	NT=cell-lines;VV=v1.1.0	NT=single-cell;VV=v1.0.0	NT=dia-acquisition;VV=v1.1.0	none
HeLa_nocodazole_NonFix_1cell_10	NT=Homo sapiens;AC=NCBITaxon:9606	NT=uterine cervix;AC=UBERON:0000002	NT=epithelial cell;AC=CL:0000066	NT=cervical adenocarcinoma;AC=MONDO:0005153	cell line	NT=HeLa;AC=EFO:0001185	CVCL_0030	HeLa	NT=African American;AC=HANCESTRO:0568	30Y6M	female	NT=adult;AC=EFO:0001272	HeLa donor	DMEM, 10% FBS, 1% penicillin/streptomycin	not available	not available	NT=Nocodazole;AC=NCIT:C75228	M	NT=single cell;AC=PRIDE:0000897	cellenONE	HeLa_nocodazole_NonFix_1cell_10	1	10	run 32	proteomic profiling by mass spectrometry	NT=Orbitrap Astral;AC=MS:1003378	NT=label free sample;AC=MS:1002038	NT=Oxidation;AC=UNIMOD:35;TA=M;MT=Variable	NT=Acetyl;AC=UNIMOD:1;PP=Protein N-term;MT=Variable	not applicable	NT=Trypsin;AC=MS:1001251	NT=Lys-C;AC=MS:1001309	Data-independent acquisition	NT=beam-type collision-induced dissociation;AC=MS:1000422	25% NCE	not available	not available	380	980	4	not available	1	1	20231028_AST1_Evo3_IP_40SPD_4Th6ms_DIA_Released_NotFixed_30min_1cell_7.raw	v1.1.0	NT=sdrf-skills;VV=v1.0.0	NT=ms-proteomics;VV=v1.1.0	NT=human;VV=v1.1.0	NT=cell-lines;VV=v1.1.0	NT=single-cell;VV=v1.0.0	NT=dia-acquisition;VV=v1.1.0	none
HeLa_nocodazole_NonFix_1cell_11	NT=Homo sapiens;AC=NCBITaxon:9606	NT=uterine cervix;AC=UBERON:0000002	NT=epithelial cell;AC=CL:0000066	NT=cervical adenocarcinoma;AC=MONDO:0005153	cell line	NT=HeLa;AC=EFO:0001185	CVCL_0030	HeLa	NT=African American;AC=HANCESTRO:0568	30Y6M	female	NT=adult;AC=EFO:0001272	HeLa donor	DMEM, 10% FBS, 1% penicillin/streptomycin	not available	not available	NT=Nocodazole;AC=NCIT:C75228	M	NT=single cell;AC=PRIDE:0000897	cellenONE	HeLa_nocodazole_NonFix_1cell_11	1	11	run 33	proteomic profiling by mass spectrometry	NT=Orbitrap Astral;AC=MS:1003378	NT=label free sample;AC=MS:1002038	NT=Oxidation;AC=UNIMOD:35;TA=M;MT=Variable	NT=Acetyl;AC=UNIMOD:1;PP=Protein N-term;MT=Variable	not applicable	NT=Trypsin;AC=MS:1001251	NT=Lys-C;AC=MS:1001309	Data-independent acquisition	NT=beam-type collision-induced dissociation;AC=MS:1000422	25% NCE	not available	not available	380	980	4	not available	1	1	20231028_AST1_Evo3_IP_40SPD_4Th6ms_DIA_Released_NotFixed_30min_1cell_8.raw	v1.1.0	NT=sdrf-skills;VV=v1.0.0	NT=ms-proteomics;VV=v1.1.0	NT=human;VV=v1.1.0	NT=cell-lines;VV=v1.1.0	NT=single-cell;VV=v1.0.0	NT=dia-acquisition;VV=v1.1.0	none
HeLa_nocodazole_NonFix_1cell_12	NT=Homo sapiens;AC=NCBITaxon:9606	NT=uterine cervix;AC=UBERON:0000002	NT=epithelial cell;AC=CL:0000066	NT=cervical adenocarcinoma;AC=MONDO:0005153	cell line	NT=HeLa;AC=EFO:0001185	CVCL_0030	HeLa	NT=African American;AC=HANCESTRO:0568	30Y6M	female	NT=adult;AC=EFO:0001272	HeLa donor	DMEM, 10% FBS, 1% penicillin/streptomycin	not available	not available	NT=Nocodazole;AC=NCIT:C75228	M	NT=single cell;AC=PRIDE:0000897	cellenONE	HeLa_nocodazole_NonFix_1cell_12	1	12	run 34	proteomic profiling by mass spectrometry	NT=Orbitrap Astral;AC=MS:1003378	NT=label free sample;AC=MS:1002038	NT=Oxidation;AC=UNIMOD:35;TA=M;MT=Variable	NT=Acetyl;AC=UNIMOD:1;PP=Protein N-term;MT=Variable	not applicable	NT=Trypsin;AC=MS:1001251	NT=Lys-C;AC=MS:1001309	Data-independent acquisition	NT=beam-type collision-induced dissociation;AC=MS:1000422	25% NCE	not available	not available	380	980	4	not available	1	1	20231028_AST1_Evo3_IP_40SPD_4Th6ms_DIA_Released_NotFixed_30min_1cell_9.raw	v1.1.0	NT=sdrf-skills;VV=v1.0.0	NT=ms-proteomics;VV=v1.1.0	NT=human;VV=v1.1.0	NT=cell-lines;VV=v1.1.0	NT=single-cell;VV=v1.0.0	NT=dia-acquisition;VV=v1.1.0	none
HeLa_nocodazole_NonFix_20cell_1	NT=Homo sapiens;AC=NCBITaxon:9606	NT=uterine cervix;AC=UBERON:0000002	NT=epithelial cell;AC=CL:0000066	NT=cervical adenocarcinoma;AC=MONDO:0005153	cell line	NT=HeLa;AC=EFO:0001185	CVCL_0030	HeLa	NT=African American;AC=HANCESTRO:0568	30Y6M	female	NT=adult;AC=EFO:0001272	HeLa donor	DMEM, 10% FBS, 1% penicillin/streptomycin	not available	not available	NT=Nocodazole;AC=NCIT:C75228	M	not applicable	cellenONE	not applicable	20	1	run 35	proteomic profiling by mass spectrometry	NT=Orbitrap Astral;AC=MS:1003378	NT=label free sample;AC=MS:1002038	NT=Oxidation;AC=UNIMOD:35;TA=M;MT=Variable	NT=Acetyl;AC=UNIMOD:1;PP=Protein N-term;MT=Variable	not applicable	NT=Trypsin;AC=MS:1001251	NT=Lys-C;AC=MS:1001309	Data-independent acquisition	NT=beam-type collision-induced dissociation;AC=MS:1000422	25% NCE	not available	not available	380	980	4	not available	1	1	20231028_AST1_Evo3_IP_40SPD_4Th6ms_DIA_Released_NotFixed_30min_20cell_1.raw	v1.1.0	NT=sdrf-skills;VV=v1.0.0	NT=ms-proteomics;VV=v1.1.0	NT=human;VV=v1.1.0	NT=cell-lines;VV=v1.1.0	NT=single-cell;VV=v1.0.0	NT=dia-acquisition;VV=v1.1.0	none
HeLa_nocodazole_NonFix_20cell_2	NT=Homo sapiens;AC=NCBITaxon:9606	NT=uterine cervix;AC=UBERON:0000002	NT=epithelial cell;AC=CL:0000066	NT=cervical adenocarcinoma;AC=MONDO:0005153	cell line	NT=HeLa;AC=EFO:0001185	CVCL_0030	HeLa	NT=African American;AC=HANCESTRO:0568	30Y6M	female	NT=adult;AC=EFO:0001272	HeLa donor	DMEM, 10% FBS, 1% penicillin/streptomycin	not available	not available	NT=Nocodazole;AC=NCIT:C75228	M	not applicable	cellenONE	not applicable	20	2	run 36	proteomic profiling by mass spectrometry	NT=Orbitrap Astral;AC=MS:1003378	NT=label free sample;AC=MS:1002038	NT=Oxidation;AC=UNIMOD:35;TA=M;MT=Variable	NT=Acetyl;AC=UNIMOD:1;PP=Protein N-term;MT=Variable	not applicable	NT=Trypsin;AC=MS:1001251	NT=Lys-C;AC=MS:1001309	Data-independent acquisition	NT=beam-type collision-induced dissociation;AC=MS:1000422	25% NCE	not available	not available	380	980	4	not available	1	1	20231028_AST1_Evo3_IP_40SPD_4Th6ms_DIA_Released_NotFixed_30min_20cell_2.raw	v1.1.0	NT=sdrf-skills;VV=v1.0.0	NT=ms-proteomics;VV=v1.1.0	NT=human;VV=v1.1.0	NT=cell-lines;VV=v1.1.0	NT=single-cell;VV=v1.0.0	NT=dia-acquisition;VV=v1.1.0	none
HeLa_nocodazole_NonFix_20cell_3	NT=Homo sapiens;AC=NCBITaxon:9606	NT=uterine cervix;AC=UBERON:0000002	NT=epithelial cell;AC=CL:0000066	NT=cervical adenocarcinoma;AC=MONDO:0005153	cell line	NT=HeLa;AC=EFO:0001185	CVCL_0030	HeLa	NT=African American;AC=HANCESTRO:0568	30Y6M	female	NT=adult;AC=EFO:0001272	HeLa donor	DMEM, 10% FBS, 1% penicillin/streptomycin	not available	not available	NT=Nocodazole;AC=NCIT:C75228	M	not applicable	cellenONE	not applicable	20	3	run 37	proteomic profiling by mass spectrometry	NT=Orbitrap Astral;AC=MS:1003378	NT=label free sample;AC=MS:1002038	NT=Oxidation;AC=UNIMOD:35;TA=M;MT=Variable	NT=Acetyl;AC=UNIMOD:1;PP=Protein N-term;MT=Variable	not applicable	NT=Trypsin;AC=MS:1001251	NT=Lys-C;AC=MS:1001309	Data-independent acquisition	NT=beam-type collision-induced dissociation;AC=MS:1000422	25% NCE	not available	not available	380	980	4	not available	1	1	20231028_AST1_Evo3_IP_40SPD_4Th6ms_DIA_Released_NotFixed_30min_20cell_3.raw	v1.1.0	NT=sdrf-skills;VV=v1.0.0	NT=ms-proteomics;VV=v1.1.0	NT=human;VV=v1.1.0	NT=cell-lines;VV=v1.1.0	NT=single-cell;VV=v1.0.0	NT=dia-acquisition;VV=v1.1.0	none
HeLa_nocodazole_NonFix_20cell_4	NT=Homo sapiens;AC=NCBITaxon:9606	NT=uterine cervix;AC=UBERON:0000002	NT=epithelial cell;AC=CL:0000066	NT=cervical adenocarcinoma;AC=MONDO:0005153	cell line	NT=HeLa;AC=EFO:0001185	CVCL_0030	HeLa	NT=African American;AC=HANCESTRO:0568	30Y6M	female	NT=adult;AC=EFO:0001272	HeLa donor	DMEM, 10% FBS, 1% penicillin/streptomycin	not available	not available	NT=Nocodazole;AC=NCIT:C75228	M	not applicable	cellenONE	not applicable	20	4	run 38	proteomic profiling by mass spectrometry	NT=Orbitrap Astral;AC=MS:1003378	NT=label free sample;AC=MS:1002038	NT=Oxidation;AC=UNIMOD:35;TA=M;MT=Variable	NT=Acetyl;AC=UNIMOD:1;PP=Protein N-term;MT=Variable	not applicable	NT=Trypsin;AC=MS:1001251	NT=Lys-C;AC=MS:1001309	Data-independent acquisition	NT=beam-type collision-induced dissociation;AC=MS:1000422	25% NCE	not available	not available	380	980	4	not available	1	1	20231028_AST1_Evo3_IP_40SPD_4Th6ms_DIA_Released_NotFixed_30min_20cell_4.raw	v1.1.0	NT=sdrf-skills;VV=v1.0.0	NT=ms-proteomics;VV=v1.1.0	NT=human;VV=v1.1.0	NT=cell-lines;VV=v1.1.0	NT=single-cell;VV=v1.0.0	NT=dia-acquisition;VV=v1.1.0	none
HeLa_5FLU_FA_1cell_1	NT=Homo sapiens;AC=NCBITaxon:9606	NT=uterine cervix;AC=UBERON:0000002	NT=epithelial cell;AC=CL:0000066	NT=cervical adenocarcinoma;AC=MONDO:0005153	cell line	NT=HeLa;AC=EFO:0001185	CVCL_0030	HeLa	NT=African American;AC=HANCESTRO:0568	30Y6M	female	NT=adult;AC=EFO:0001272	HeLa donor	DMEM, 10% FBS, 1% penicillin/streptomycin	not available	not available	NT=Fluorouracil;AC=NCIT:C505	not determined	NT=single cell;AC=PRIDE:0000897	cellenONE	HeLa_5FLU_FA_1cell_1	1	1	run 39	proteomic profiling by mass spectrometry	NT=Orbitrap Astral;AC=MS:1003378	NT=label free sample;AC=MS:1002038	NT=Oxidation;AC=UNIMOD:35;TA=M;MT=Variable	NT=Acetyl;AC=UNIMOD:1;PP=Protein N-term;MT=Variable	not applicable	NT=Trypsin;AC=MS:1001251	NT=Lys-C;AC=MS:1001309	Data-independent acquisition	NT=beam-type collision-induced dissociation;AC=MS:1000422	25% NCE	not available	not available	380	980	4	not available	1	1	20240208_AST3_Evo10_IO10_IP_QC_HeLa_5FLU_Fixed_1cells_1.raw	v1.1.0	NT=sdrf-skills;VV=v1.0.0	NT=ms-proteomics;VV=v1.1.0	NT=human;VV=v1.1.0	NT=cell-lines;VV=v1.1.0	NT=single-cell;VV=v1.0.0	NT=dia-acquisition;VV=v1.1.0	formaldehyde
HeLa_5FLU_FA_1cell_2	NT=Homo sapiens;AC=NCBITaxon:9606	NT=uterine cervix;AC=UBERON:0000002	NT=epithelial cell;AC=CL:0000066	NT=cervical adenocarcinoma;AC=MONDO:0005153	cell line	NT=HeLa;AC=EFO:0001185	CVCL_0030	HeLa	NT=African American;AC=HANCESTRO:0568	30Y6M	female	NT=adult;AC=EFO:0001272	HeLa donor	DMEM, 10% FBS, 1% penicillin/streptomycin	not available	not available	NT=Fluorouracil;AC=NCIT:C505	not determined	NT=single cell;AC=PRIDE:0000897	cellenONE	HeLa_5FLU_FA_1cell_2	1	2	run 40	proteomic profiling by mass spectrometry	NT=Orbitrap Astral;AC=MS:1003378	NT=label free sample;AC=MS:1002038	NT=Oxidation;AC=UNIMOD:35;TA=M;MT=Variable	NT=Acetyl;AC=UNIMOD:1;PP=Protein N-term;MT=Variable	not applicable	NT=Trypsin;AC=MS:1001251	NT=Lys-C;AC=MS:1001309	Data-independent acquisition	NT=beam-type collision-induced dissociation;AC=MS:1000422	25% NCE	not available	not available	380	980	4	not available	1	1	20240208_AST3_Evo10_IO10_IP_QC_HeLa_5FLU_Fixed_1cells_10.raw	v1.1.0	NT=sdrf-skills;VV=v1.0.0	NT=ms-proteomics;VV=v1.1.0	NT=human;VV=v1.1.0	NT=cell-lines;VV=v1.1.0	NT=single-cell;VV=v1.0.0	NT=dia-acquisition;VV=v1.1.0	formaldehyde
HeLa_5FLU_FA_1cell_3	NT=Homo sapiens;AC=NCBITaxon:9606	NT=uterine cervix;AC=UBERON:0000002	NT=epithelial cell;AC=CL:0000066	NT=cervical adenocarcinoma;AC=MONDO:0005153	cell line	NT=HeLa;AC=EFO:0001185	CVCL_0030	HeLa	NT=African American;AC=HANCESTRO:0568	30Y6M	female	NT=adult;AC=EFO:0001272	HeLa donor	DMEM, 10% FBS, 1% penicillin/streptomycin	not available	not available	NT=Fluorouracil;AC=NCIT:C505	not determined	NT=single cell;AC=PRIDE:0000897	cellenONE	HeLa_5FLU_FA_1cell_3	1	3	run 41	proteomic profiling by mass spectrometry	NT=Orbitrap Astral;AC=MS:1003378	NT=label free sample;AC=MS:1002038	NT=Oxidation;AC=UNIMOD:35;TA=M;MT=Variable	NT=Acetyl;AC=UNIMOD:1;PP=Protein N-term;MT=Variable	not applicable	NT=Trypsin;AC=MS:1001251	NT=Lys-C;AC=MS:1001309	Data-independent acquisition	NT=beam-type collision-induced dissociation;AC=MS:1000422	25% NCE	not available	not available	380	980	4	not available	1	1	20240208_AST3_Evo10_IO10_IP_QC_HeLa_5FLU_Fixed_1cells_11.raw	v1.1.0	NT=sdrf-skills;VV=v1.0.0	NT=ms-proteomics;VV=v1.1.0	NT=human;VV=v1.1.0	NT=cell-lines;VV=v1.1.0	NT=single-cell;VV=v1.0.0	NT=dia-acquisition;VV=v1.1.0	formaldehyde
HeLa_5FLU_FA_1cell_4	NT=Homo sapiens;AC=NCBITaxon:9606	NT=uterine cervix;AC=UBERON:0000002	NT=epithelial cell;AC=CL:0000066	NT=cervical adenocarcinoma;AC=MONDO:0005153	cell line	NT=HeLa;AC=EFO:0001185	CVCL_0030	HeLa	NT=African American;AC=HANCESTRO:0568	30Y6M	female	NT=adult;AC=EFO:0001272	HeLa donor	DMEM, 10% FBS, 1% penicillin/streptomycin	not available	not available	NT=Fluorouracil;AC=NCIT:C505	not determined	NT=single cell;AC=PRIDE:0000897	cellenONE	HeLa_5FLU_FA_1cell_4	1	4	run 42	proteomic profiling by mass spectrometry	NT=Orbitrap Astral;AC=MS:1003378	NT=label free sample;AC=MS:1002038	NT=Oxidation;AC=UNIMOD:35;TA=M;MT=Variable	NT=Acetyl;AC=UNIMOD:1;PP=Protein N-term;MT=Variable	not applicable	NT=Trypsin;AC=MS:1001251	NT=Lys-C;AC=MS:1001309	Data-independent acquisition	NT=beam-type collision-induced dissociation;AC=MS:1000422	25% NCE	not available	not available	380	980	4	not available	1	1	20240208_AST3_Evo10_IO10_IP_QC_HeLa_5FLU_Fixed_1cells_12.raw	v1.1.0	NT=sdrf-skills;VV=v1.0.0	NT=ms-proteomics;VV=v1.1.0	NT=human;VV=v1.1.0	NT=cell-lines;VV=v1.1.0	NT=single-cell;VV=v1.0.0	NT=dia-acquisition;VV=v1.1.0	formaldehyde
HeLa_5FLU_FA_1cell_5	NT=Homo sapiens;AC=NCBITaxon:9606	NT=uterine cervix;AC=UBERON:0000002	NT=epithelial cell;AC=CL:0000066	NT=cervical adenocarcinoma;AC=MONDO:0005153	cell line	NT=HeLa;AC=EFO:0001185	CVCL_0030	HeLa	NT=African American;AC=HANCESTRO:0568	30Y6M	female	NT=adult;AC=EFO:0001272	HeLa donor	DMEM, 10% FBS, 1% penicillin/streptomycin	not available	not available	NT=Fluorouracil;AC=NCIT:C505	not determined	NT=single cell;AC=PRIDE:0000897	cellenONE	HeLa_5FLU_FA_1cell_5	1	5	run 43	proteomic profiling by mass spectrometry	NT=Orbitrap Astral;AC=MS:1003378	NT=label free sample;AC=MS:1002038	NT=Oxidation;AC=UNIMOD:35;TA=M;MT=Variable	NT=Acetyl;AC=UNIMOD:1;PP=Protein N-term;MT=Variable	not applicable	NT=Trypsin;AC=MS:1001251	NT=Lys-C;AC=MS:1001309	Data-independent acquisition	NT=beam-type collision-induced dissociation;AC=MS:1000422	25% NCE	not available	not available	380	980	4	not available	1	1	20240208_AST3_Evo10_IO10_IP_QC_HeLa_5FLU_Fixed_1cells_2.raw	v1.1.0	NT=sdrf-skills;VV=v1.0.0	NT=ms-proteomics;VV=v1.1.0	NT=human;VV=v1.1.0	NT=cell-lines;VV=v1.1.0	NT=single-cell;VV=v1.0.0	NT=dia-acquisition;VV=v1.1.0	formaldehyde
HeLa_5FLU_FA_1cell_6	NT=Homo sapiens;AC=NCBITaxon:9606	NT=uterine cervix;AC=UBERON:0000002	NT=epithelial cell;AC=CL:0000066	NT=cervical adenocarcinoma;AC=MONDO:0005153	cell line	NT=HeLa;AC=EFO:0001185	CVCL_0030	HeLa	NT=African American;AC=HANCESTRO:0568	30Y6M	female	NT=adult;AC=EFO:0001272	HeLa donor	DMEM, 10% FBS, 1% penicillin/streptomycin	not available	not available	NT=Fluorouracil;AC=NCIT:C505	not determined	NT=single cell;AC=PRIDE:0000897	cellenONE	HeLa_5FLU_FA_1cell_6	1	6	run 44	proteomic profiling by mass spectrometry	NT=Orbitrap Astral;AC=MS:1003378	NT=label free sample;AC=MS:1002038	NT=Oxidation;AC=UNIMOD:35;TA=M;MT=Variable	NT=Acetyl;AC=UNIMOD:1;PP=Protein N-term;MT=Variable	not applicable	NT=Trypsin;AC=MS:1001251	NT=Lys-C;AC=MS:1001309	Data-independent acquisition	NT=beam-type collision-induced dissociation;AC=MS:1000422	25% NCE	not available	not available	380	980	4	not available	1	1	20240208_AST3_Evo10_IO10_IP_QC_HeLa_5FLU_Fixed_1cells_3.raw	v1.1.0	NT=sdrf-skills;VV=v1.0.0	NT=ms-proteomics;VV=v1.1.0	NT=human;VV=v1.1.0	NT=cell-lines;VV=v1.1.0	NT=single-cell;VV=v1.0.0	NT=dia-acquisition;VV=v1.1.0	formaldehyde
HeLa_5FLU_FA_1cell_7	NT=Homo sapiens;AC=NCBITaxon:9606	NT=uterine cervix;AC=UBERON:0000002	NT=epithelial cell;AC=CL:0000066	NT=cervical adenocarcinoma;AC=MONDO:0005153	cell line	NT=HeLa;AC=EFO:0001185	CVCL_0030	HeLa	NT=African American;AC=HANCESTRO:0568	30Y6M	female	NT=adult;AC=EFO:0001272	HeLa donor	DMEM, 10% FBS, 1% penicillin/streptomycin	not available	not available	NT=Fluorouracil;AC=NCIT:C505	not determined	NT=single cell;AC=PRIDE:0000897	cellenONE	HeLa_5FLU_FA_1cell_7	1	7	run 45	proteomic profiling by mass spectrometry	NT=Orbitrap Astral;AC=MS:1003378	NT=label free sample;AC=MS:1002038	NT=Oxidation;AC=UNIMOD:35;TA=M;MT=Variable	NT=Acetyl;AC=UNIMOD:1;PP=Protein N-term;MT=Variable	not applicable	NT=Trypsin;AC=MS:1001251	NT=Lys-C;AC=MS:1001309	Data-independent acquisition	NT=beam-type collision-induced dissociation;AC=MS:1000422	25% NCE	not available	not available	380	980	4	not available	1	1	20240208_AST3_Evo10_IO10_IP_QC_HeLa_5FLU_Fixed_1cells_4.raw	v1.1.0	NT=sdrf-skills;VV=v1.0.0	NT=ms-proteomics;VV=v1.1.0	NT=human;VV=v1.1.0	NT=cell-lines;VV=v1.1.0	NT=single-cell;VV=v1.0.0	NT=dia-acquisition;VV=v1.1.0	formaldehyde
HeLa_5FLU_FA_1cell_8	NT=Homo sapiens;AC=NCBITaxon:9606	NT=uterine cervix;AC=UBERON:0000002	NT=epithelial cell;AC=CL:0000066	NT=cervical adenocarcinoma;AC=MONDO:0005153	cell line	NT=HeLa;AC=EFO:0001185	CVCL_0030	HeLa	NT=African American;AC=HANCESTRO:0568	30Y6M	female	NT=adult;AC=EFO:0001272	HeLa donor	DMEM, 10% FBS, 1% penicillin/streptomycin	not available	not available	NT=Fluorouracil;AC=NCIT:C505	not determined	NT=single cell;AC=PRIDE:0000897	cellenONE	HeLa_5FLU_FA_1cell_8	1	8	run 46	proteomic profiling by mass spectrometry	NT=Orbitrap Astral;AC=MS:1003378	NT=label free sample;AC=MS:1002038	NT=Oxidation;AC=UNIMOD:35;TA=M;MT=Variable	NT=Acetyl;AC=UNIMOD:1;PP=Protein N-term;MT=Variable	not applicable	NT=Trypsin;AC=MS:1001251	NT=Lys-C;AC=MS:1001309	Data-independent acquisition	NT=beam-type collision-induced dissociation;AC=MS:1000422	25% NCE	not available	not available	380	980	4	not available	1	1	20240208_AST3_Evo10_IO10_IP_QC_HeLa_5FLU_Fixed_1cells_5.raw	v1.1.0	NT=sdrf-skills;VV=v1.0.0	NT=ms-proteomics;VV=v1.1.0	NT=human;VV=v1.1.0	NT=cell-lines;VV=v1.1.0	NT=single-cell;VV=v1.0.0	NT=dia-acquisition;VV=v1.1.0	formaldehyde
HeLa_5FLU_FA_1cell_9	NT=Homo sapiens;AC=NCBITaxon:9606	NT=uterine cervix;AC=UBERON:0000002	NT=epithelial cell;AC=CL:0000066	NT=cervical adenocarcinoma;AC=MONDO:0005153	cell line	NT=HeLa;AC=EFO:0001185	CVCL_0030	HeLa	NT=African American;AC=HANCESTRO:0568	30Y6M	female	NT=adult;AC=EFO:0001272	HeLa donor	DMEM, 10% FBS, 1% penicillin/streptomycin	not available	not available	NT=Fluorouracil;AC=NCIT:C505	not determined	NT=single cell;AC=PRIDE:0000897	cellenONE	HeLa_5FLU_FA_1cell_9	1	9	run 47	proteomic profiling by mass spectrometry	NT=Orbitrap Astral;AC=MS:1003378	NT=label free sample;AC=MS:1002038	NT=Oxidation;AC=UNIMOD:35;TA=M;MT=Variable	NT=Acetyl;AC=UNIMOD:1;PP=Protein N-term;MT=Variable	not applicable	NT=Trypsin;AC=MS:1001251	NT=Lys-C;AC=MS:1001309	Data-independent acquisition	NT=beam-type collision-induced dissociation;AC=MS:1000422	25% NCE	not available	not available	380	980	4	not available	1	1	20240208_AST3_Evo10_IO10_IP_QC_HeLa_5FLU_Fixed_1cells_6.raw	v1.1.0	NT=sdrf-skills;VV=v1.0.0	NT=ms-proteomics;VV=v1.1.0	NT=human;VV=v1.1.0	NT=cell-lines;VV=v1.1.0	NT=single-cell;VV=v1.0.0	NT=dia-acquisition;VV=v1.1.0	formaldehyde
HeLa_5FLU_FA_1cell_10	NT=Homo sapiens;AC=NCBITaxon:9606	NT=uterine cervix;AC=UBERON:0000002	NT=epithelial cell;AC=CL:0000066	NT=cervical adenocarcinoma;AC=MONDO:0005153	cell line	NT=HeLa;AC=EFO:0001185	CVCL_0030	HeLa	NT=African American;AC=HANCESTRO:0568	30Y6M	female	NT=adult;AC=EFO:0001272	HeLa donor	DMEM, 10% FBS, 1% penicillin/streptomycin	not available	not available	NT=Fluorouracil;AC=NCIT:C505	not determined	NT=single cell;AC=PRIDE:0000897	cellenONE	HeLa_5FLU_FA_1cell_10	1	10	run 48	proteomic profiling by mass spectrometry	NT=Orbitrap Astral;AC=MS:1003378	NT=label free sample;AC=MS:1002038	NT=Oxidation;AC=UNIMOD:35;TA=M;MT=Variable	NT=Acetyl;AC=UNIMOD:1;PP=Protein N-term;MT=Variable	not applicable	NT=Trypsin;AC=MS:1001251	NT=Lys-C;AC=MS:1001309	Data-independent acquisition	NT=beam-type collision-induced dissociation;AC=MS:1000422	25% NCE	not available	not available	380	980	4	not available	1	1	20240208_AST3_Evo10_IO10_IP_QC_HeLa_5FLU_Fixed_1cells_7.raw	v1.1.0	NT=sdrf-skills;VV=v1.0.0	NT=ms-proteomics;VV=v1.1.0	NT=human;VV=v1.1.0	NT=cell-lines;VV=v1.1.0	NT=single-cell;VV=v1.0.0	NT=dia-acquisition;VV=v1.1.0	formaldehyde
HeLa_5FLU_FA_1cell_11	NT=Homo sapiens;AC=NCBITaxon:9606	NT=uterine cervix;AC=UBERON:0000002	NT=epithelial cell;AC=CL:0000066	NT=cervical adenocarcinoma;AC=MONDO:0005153	cell line	NT=HeLa;AC=EFO:0001185	CVCL_0030	HeLa	NT=African American;AC=HANCESTRO:0568	30Y6M	female	NT=adult;AC=EFO:0001272	HeLa donor	DMEM, 10% FBS, 1% penicillin/streptomycin	not available	not available	NT=Fluorouracil;AC=NCIT:C505	not determined	NT=single cell;AC=PRIDE:0000897	cellenONE	HeLa_5FLU_FA_1cell_11	1	11	run 49	proteomic profiling by mass spectrometry	NT=Orbitrap Astral;AC=MS:1003378	NT=label free sample;AC=MS:1002038	NT=Oxidation;AC=UNIMOD:35;TA=M;MT=Variable	NT=Acetyl;AC=UNIMOD:1;PP=Protein N-term;MT=Variable	not applicable	NT=Trypsin;AC=MS:1001251	NT=Lys-C;AC=MS:1001309	Data-independent acquisition	NT=beam-type collision-induced dissociation;AC=MS:1000422	25% NCE	not available	not available	380	980	4	not available	1	1	20240208_AST3_Evo10_IO10_IP_QC_HeLa_5FLU_Fixed_1cells_8.raw	v1.1.0	NT=sdrf-skills;VV=v1.0.0	NT=ms-proteomics;VV=v1.1.0	NT=human;VV=v1.1.0	NT=cell-lines;VV=v1.1.0	NT=single-cell;VV=v1.0.0	NT=dia-acquisition;VV=v1.1.0	formaldehyde
HeLa_5FLU_FA_1cell_12	NT=Homo sapiens;AC=NCBITaxon:9606	NT=uterine cervix;AC=UBERON:0000002	NT=epithelial cell;AC=CL:0000066	NT=cervical adenocarcinoma;AC=MONDO:0005153	cell line	NT=HeLa;AC=EFO:0001185	CVCL_0030	HeLa	NT=African American;AC=HANCESTRO:0568	30Y6M	female	NT=adult;AC=EFO:0001272	HeLa donor	DMEM, 10% FBS, 1% penicillin/streptomycin	not available	not available	NT=Fluorouracil;AC=NCIT:C505	not determined	NT=single cell;AC=PRIDE:0000897	cellenONE	HeLa_5FLU_FA_1cell_12	1	12	run 50	proteomic profiling by mass spectrometry	NT=Orbitrap Astral;AC=MS:1003378	NT=label free sample;AC=MS:1002038	NT=Oxidation;AC=UNIMOD:35;TA=M;MT=Variable	NT=Acetyl;AC=UNIMOD:1;PP=Protein N-term;MT=Variable	not applicable	NT=Trypsin;AC=MS:1001251	NT=Lys-C;AC=MS:1001309	Data-independent acquisition	NT=beam-type collision-induced dissociation;AC=MS:1000422	25% NCE	not available	not available	380	980	4	not available	1	1	20240208_AST3_Evo10_IO10_IP_QC_HeLa_5FLU_Fixed_1cells_9.raw	v1.1.0	NT=sdrf-skills;VV=v1.0.0	NT=ms-proteomics;VV=v1.1.0	NT=human;VV=v1.1.0	NT=cell-lines;VV=v1.1.0	NT=single-cell;VV=v1.0.0	NT=dia-acquisition;VV=v1.1.0	formaldehyde
HeLa_5FLU_FA_20cell_1	NT=Homo sapiens;AC=NCBITaxon:9606	NT=uterine cervix;AC=UBERON:0000002	NT=epithelial cell;AC=CL:0000066	NT=cervical adenocarcinoma;AC=MONDO:0005153	cell line	NT=HeLa;AC=EFO:0001185	CVCL_0030	HeLa	NT=African American;AC=HANCESTRO:0568	30Y6M	female	NT=adult;AC=EFO:0001272	HeLa donor	DMEM, 10% FBS, 1% penicillin/streptomycin	not available	not available	NT=Fluorouracil;AC=NCIT:C505	not determined	not applicable	cellenONE	not applicable	20	1	run 51	proteomic profiling by mass spectrometry	NT=Orbitrap Astral;AC=MS:1003378	NT=label free sample;AC=MS:1002038	NT=Oxidation;AC=UNIMOD:35;TA=M;MT=Variable	NT=Acetyl;AC=UNIMOD:1;PP=Protein N-term;MT=Variable	not applicable	NT=Trypsin;AC=MS:1001251	NT=Lys-C;AC=MS:1001309	Data-independent acquisition	NT=beam-type collision-induced dissociation;AC=MS:1000422	25% NCE	not available	not available	380	980	4	not available	1	1	20240208_AST3_Evo10_IO10_IP_QC_HeLa_5FLU_Fixed_20cells_1.raw	v1.1.0	NT=sdrf-skills;VV=v1.0.0	NT=ms-proteomics;VV=v1.1.0	NT=human;VV=v1.1.0	NT=cell-lines;VV=v1.1.0	NT=single-cell;VV=v1.0.0	NT=dia-acquisition;VV=v1.1.0	formaldehyde
HeLa_5FLU_FA_20cell_2	NT=Homo sapiens;AC=NCBITaxon:9606	NT=uterine cervix;AC=UBERON:0000002	NT=epithelial cell;AC=CL:0000066	NT=cervical adenocarcinoma;AC=MONDO:0005153	cell line	NT=HeLa;AC=EFO:0001185	CVCL_0030	HeLa	NT=African American;AC=HANCESTRO:0568	30Y6M	female	NT=adult;AC=EFO:0001272	HeLa donor	DMEM, 10% FBS, 1% penicillin/streptomycin	not available	not available	NT=Fluorouracil;AC=NCIT:C505	not determined	not applicable	cellenONE	not applicable	20	2	run 52	proteomic profiling by mass spectrometry	NT=Orbitrap Astral;AC=MS:1003378	NT=label free sample;AC=MS:1002038	NT=Oxidation;AC=UNIMOD:35;TA=M;MT=Variable	NT=Acetyl;AC=UNIMOD:1;PP=Protein N-term;MT=Variable	not applicable	NT=Trypsin;AC=MS:1001251	NT=Lys-C;AC=MS:1001309	Data-independent acquisition	NT=beam-type collision-induced dissociation;AC=MS:1000422	25% NCE	not available	not available	380	980	4	not available	1	1	20240208_AST3_Evo10_IO10_IP_QC_HeLa_5FLU_Fixed_20cells_2.raw	v1.1.0	NT=sdrf-skills;VV=v1.0.0	NT=ms-proteomics;VV=v1.1.0	NT=human;VV=v1.1.0	NT=cell-lines;VV=v1.1.0	NT=single-cell;VV=v1.0.0	NT=dia-acquisition;VV=v1.1.0	formaldehyde
HeLa_5FLU_FA_20cell_3	NT=Homo sapiens;AC=NCBITaxon:9606	NT=uterine cervix;AC=UBERON:0000002	NT=epithelial cell;AC=CL:0000066	NT=cervical adenocarcinoma;AC=MONDO:0005153	cell line	NT=HeLa;AC=EFO:0001185	CVCL_0030	HeLa	NT=African American;AC=HANCESTRO:0568	30Y6M	female	NT=adult;AC=EFO:0001272	HeLa donor	DMEM, 10% FBS, 1% penicillin/streptomycin	not available	not available	NT=Fluorouracil;AC=NCIT:C505	not determined	not applicable	cellenONE	not applicable	20	3	run 53	proteomic profiling by mass spectrometry	NT=Orbitrap Astral;AC=MS:1003378	NT=label free sample;AC=MS:1002038	NT=Oxidation;AC=UNIMOD:35;TA=M;MT=Variable	NT=Acetyl;AC=UNIMOD:1;PP=Protein N-term;MT=Variable	not applicable	NT=Trypsin;AC=MS:1001251	NT=Lys-C;AC=MS:1001309	Data-independent acquisition	NT=beam-type collision-induced dissociation;AC=MS:1000422	25% NCE	not available	not available	380	980	4	not available	1	1	20240208_AST3_Evo10_IO10_IP_QC_HeLa_5FLU_Fixed_20cells_3.raw	v1.1.0	NT=sdrf-skills;VV=v1.0.0	NT=ms-proteomics;VV=v1.1.0	NT=human;VV=v1.1.0	NT=cell-lines;VV=v1.1.0	NT=single-cell;VV=v1.0.0	NT=dia-acquisition;VV=v1.1.0	formaldehyde
HeLa_5FLU_FA_20cell_4	NT=Homo sapiens;AC=NCBITaxon:9606	NT=uterine cervix;AC=UBERON:0000002	NT=epithelial cell;AC=CL:0000066	NT=cervical adenocarcinoma;AC=MONDO:0005153	cell line	NT=HeLa;AC=EFO:0001185	CVCL_0030	HeLa	NT=African American;AC=HANCESTRO:0568	30Y6M	female	NT=adult;AC=EFO:0001272	HeLa donor	DMEM, 10% FBS, 1% penicillin/streptomycin	not available	not available	NT=Fluorouracil;AC=NCIT:C505	not determined	not applicable	cellenONE	not applicable	20	4	run 54	proteomic profiling by mass spectrometry	NT=Orbitrap Astral;AC=MS:1003378	NT=label free sample;AC=MS:1002038	NT=Oxidation;AC=UNIMOD:35;TA=M;MT=Variable	NT=Acetyl;AC=UNIMOD:1;PP=Protein N-term;MT=Variable	not applicable	NT=Trypsin;AC=MS:1001251	NT=Lys-C;AC=MS:1001309	Data-independent acquisition	NT=beam-type collision-induced dissociation;AC=MS:1000422	25% NCE	not available	not available	380	980	4	not available	1	1	20240208_AST3_Evo10_IO10_IP_QC_HeLa_5FLU_Fixed_20cells_4.raw	v1.1.0	NT=sdrf-skills;VV=v1.0.0	NT=ms-proteomics;VV=v1.1.0	NT=human;VV=v1.1.0	NT=cell-lines;VV=v1.1.0	NT=single-cell;VV=v1.0.0	NT=dia-acquisition;VV=v1.1.0	formaldehyde
HeLa_5FLU_NonFix_1cell_1	NT=Homo sapiens;AC=NCBITaxon:9606	NT=uterine cervix;AC=UBERON:0000002	NT=epithelial cell;AC=CL:0000066	NT=cervical adenocarcinoma;AC=MONDO:0005153	cell line	NT=HeLa;AC=EFO:0001185	CVCL_0030	HeLa	NT=African American;AC=HANCESTRO:0568	30Y6M	female	NT=adult;AC=EFO:0001272	HeLa donor	DMEM, 10% FBS, 1% penicillin/streptomycin	not available	not available	NT=Fluorouracil;AC=NCIT:C505	not determined	NT=single cell;AC=PRIDE:0000897	cellenONE	HeLa_5FLU_NonFix_1cell_1	1	1	run 55	proteomic profiling by mass spectrometry	NT=Orbitrap Astral;AC=MS:1003378	NT=label free sample;AC=MS:1002038	NT=Oxidation;AC=UNIMOD:35;TA=M;MT=Variable	NT=Acetyl;AC=UNIMOD:1;PP=Protein N-term;MT=Variable	not applicable	NT=Trypsin;AC=MS:1001251	NT=Lys-C;AC=MS:1001309	Data-independent acquisition	NT=beam-type collision-induced dissociation;AC=MS:1000422	25% NCE	not available	not available	380	980	4	not available	1	1	20240208_AST3_Evo10_IO10_IP_QC_HeLa_5FLU_NotFixed_1cells_1.raw	v1.1.0	NT=sdrf-skills;VV=v1.0.0	NT=ms-proteomics;VV=v1.1.0	NT=human;VV=v1.1.0	NT=cell-lines;VV=v1.1.0	NT=single-cell;VV=v1.0.0	NT=dia-acquisition;VV=v1.1.0	none
HeLa_5FLU_NonFix_1cell_2	NT=Homo sapiens;AC=NCBITaxon:9606	NT=uterine cervix;AC=UBERON:0000002	NT=epithelial cell;AC=CL:0000066	NT=cervical adenocarcinoma;AC=MONDO:0005153	cell line	NT=HeLa;AC=EFO:0001185	CVCL_0030	HeLa	NT=African American;AC=HANCESTRO:0568	30Y6M	female	NT=adult;AC=EFO:0001272	HeLa donor	DMEM, 10% FBS, 1% penicillin/streptomycin	not available	not available	NT=Fluorouracil;AC=NCIT:C505	not determined	NT=single cell;AC=PRIDE:0000897	cellenONE	HeLa_5FLU_NonFix_1cell_2	1	2	run 56	proteomic profiling by mass spectrometry	NT=Orbitrap Astral;AC=MS:1003378	NT=label free sample;AC=MS:1002038	NT=Oxidation;AC=UNIMOD:35;TA=M;MT=Variable	NT=Acetyl;AC=UNIMOD:1;PP=Protein N-term;MT=Variable	not applicable	NT=Trypsin;AC=MS:1001251	NT=Lys-C;AC=MS:1001309	Data-independent acquisition	NT=beam-type collision-induced dissociation;AC=MS:1000422	25% NCE	not available	not available	380	980	4	not available	1	1	20240208_AST3_Evo10_IO10_IP_QC_HeLa_5FLU_NotFixed_1cells_10.raw	v1.1.0	NT=sdrf-skills;VV=v1.0.0	NT=ms-proteomics;VV=v1.1.0	NT=human;VV=v1.1.0	NT=cell-lines;VV=v1.1.0	NT=single-cell;VV=v1.0.0	NT=dia-acquisition;VV=v1.1.0	none
HeLa_5FLU_NonFix_1cell_3	NT=Homo sapiens;AC=NCBITaxon:9606	NT=uterine cervix;AC=UBERON:0000002	NT=epithelial cell;AC=CL:0000066	NT=cervical adenocarcinoma;AC=MONDO:0005153	cell line	NT=HeLa;AC=EFO:0001185	CVCL_0030	HeLa	NT=African American;AC=HANCESTRO:0568	30Y6M	female	NT=adult;AC=EFO:0001272	HeLa donor	DMEM, 10% FBS, 1% penicillin/streptomycin	not available	not available	NT=Fluorouracil;AC=NCIT:C505	not determined	NT=single cell;AC=PRIDE:0000897	cellenONE	HeLa_5FLU_NonFix_1cell_3	1	3	run 57	proteomic profiling by mass spectrometry	NT=Orbitrap Astral;AC=MS:1003378	NT=label free sample;AC=MS:1002038	NT=Oxidation;AC=UNIMOD:35;TA=M;MT=Variable	NT=Acetyl;AC=UNIMOD:1;PP=Protein N-term;MT=Variable	not applicable	NT=Trypsin;AC=MS:1001251	NT=Lys-C;AC=MS:1001309	Data-independent acquisition	NT=beam-type collision-induced dissociation;AC=MS:1000422	25% NCE	not available	not available	380	980	4	not available	1	1	20240208_AST3_Evo10_IO10_IP_QC_HeLa_5FLU_NotFixed_1cells_11.raw	v1.1.0	NT=sdrf-skills;VV=v1.0.0	NT=ms-proteomics;VV=v1.1.0	NT=human;VV=v1.1.0	NT=cell-lines;VV=v1.1.0	NT=single-cell;VV=v1.0.0	NT=dia-acquisition;VV=v1.1.0	none
HeLa_5FLU_NonFix_1cell_4	NT=Homo sapiens;AC=NCBITaxon:9606	NT=uterine cervix;AC=UBERON:0000002	NT=epithelial cell;AC=CL:0000066	NT=cervical adenocarcinoma;AC=MONDO:0005153	cell line	NT=HeLa;AC=EFO:0001185	CVCL_0030	HeLa	NT=African American;AC=HANCESTRO:0568	30Y6M	female	NT=adult;AC=EFO:0001272	HeLa donor	DMEM, 10% FBS, 1% penicillin/streptomycin	not available	not available	NT=Fluorouracil;AC=NCIT:C505	not determined	NT=single cell;AC=PRIDE:0000897	cellenONE	HeLa_5FLU_NonFix_1cell_4	1	4	run 58	proteomic profiling by mass spectrometry	NT=Orbitrap Astral;AC=MS:1003378	NT=label free sample;AC=MS:1002038	NT=Oxidation;AC=UNIMOD:35;TA=M;MT=Variable	NT=Acetyl;AC=UNIMOD:1;PP=Protein N-term;MT=Variable	not applicable	NT=Trypsin;AC=MS:1001251	NT=Lys-C;AC=MS:1001309	Data-independent acquisition	NT=beam-type collision-induced dissociation;AC=MS:1000422	25% NCE	not available	not available	380	980	4	not available	1	1	20240208_AST3_Evo10_IO10_IP_QC_HeLa_5FLU_NotFixed_1cells_12.raw	v1.1.0	NT=sdrf-skills;VV=v1.0.0	NT=ms-proteomics;VV=v1.1.0	NT=human;VV=v1.1.0	NT=cell-lines;VV=v1.1.0	NT=single-cell;VV=v1.0.0	NT=dia-acquisition;VV=v1.1.0	none
HeLa_5FLU_NonFix_1cell_5	NT=Homo sapiens;AC=NCBITaxon:9606	NT=uterine cervix;AC=UBERON:0000002	NT=epithelial cell;AC=CL:0000066	NT=cervical adenocarcinoma;AC=MONDO:0005153	cell line	NT=HeLa;AC=EFO:0001185	CVCL_0030	HeLa	NT=African American;AC=HANCESTRO:0568	30Y6M	female	NT=adult;AC=EFO:0001272	HeLa donor	DMEM, 10% FBS, 1% penicillin/streptomycin	not available	not available	NT=Fluorouracil;AC=NCIT:C505	not determined	NT=single cell;AC=PRIDE:0000897	cellenONE	HeLa_5FLU_NonFix_1cell_5	1	5	run 59	proteomic profiling by mass spectrometry	NT=Orbitrap Astral;AC=MS:1003378	NT=label free sample;AC=MS:1002038	NT=Oxidation;AC=UNIMOD:35;TA=M;MT=Variable	NT=Acetyl;AC=UNIMOD:1;PP=Protein N-term;MT=Variable	not applicable	NT=Trypsin;AC=MS:1001251	NT=Lys-C;AC=MS:1001309	Data-independent acquisition	NT=beam-type collision-induced dissociation;AC=MS:1000422	25% NCE	not available	not available	380	980	4	not available	1	1	20240208_AST3_Evo10_IO10_IP_QC_HeLa_5FLU_NotFixed_1cells_2.raw	v1.1.0	NT=sdrf-skills;VV=v1.0.0	NT=ms-proteomics;VV=v1.1.0	NT=human;VV=v1.1.0	NT=cell-lines;VV=v1.1.0	NT=single-cell;VV=v1.0.0	NT=dia-acquisition;VV=v1.1.0	none
HeLa_5FLU_NonFix_1cell_6	NT=Homo sapiens;AC=NCBITaxon:9606	NT=uterine cervix;AC=UBERON:0000002	NT=epithelial cell;AC=CL:0000066	NT=cervical adenocarcinoma;AC=MONDO:0005153	cell line	NT=HeLa;AC=EFO:0001185	CVCL_0030	HeLa	NT=African American;AC=HANCESTRO:0568	30Y6M	female	NT=adult;AC=EFO:0001272	HeLa donor	DMEM, 10% FBS, 1% penicillin/streptomycin	not available	not available	NT=Fluorouracil;AC=NCIT:C505	not determined	NT=single cell;AC=PRIDE:0000897	cellenONE	HeLa_5FLU_NonFix_1cell_6	1	6	run 60	proteomic profiling by mass spectrometry	NT=Orbitrap Astral;AC=MS:1003378	NT=label free sample;AC=MS:1002038	NT=Oxidation;AC=UNIMOD:35;TA=M;MT=Variable	NT=Acetyl;AC=UNIMOD:1;PP=Protein N-term;MT=Variable	not applicable	NT=Trypsin;AC=MS:1001251	NT=Lys-C;AC=MS:1001309	Data-independent acquisition	NT=beam-type collision-induced dissociation;AC=MS:1000422	25% NCE	not available	not available	380	980	4	not available	1	1	20240208_AST3_Evo10_IO10_IP_QC_HeLa_5FLU_NotFixed_1cells_3.raw	v1.1.0	NT=sdrf-skills;VV=v1.0.0	NT=ms-proteomics;VV=v1.1.0	NT=human;VV=v1.1.0	NT=cell-lines;VV=v1.1.0	NT=single-cell;VV=v1.0.0	NT=dia-acquisition;VV=v1.1.0	none
HeLa_5FLU_NonFix_1cell_7	NT=Homo sapiens;AC=NCBITaxon:9606	NT=uterine cervix;AC=UBERON:0000002	NT=epithelial cell;AC=CL:0000066	NT=cervical adenocarcinoma;AC=MONDO:0005153	cell line	NT=HeLa;AC=EFO:0001185	CVCL_0030	HeLa	NT=African American;AC=HANCESTRO:0568	30Y6M	female	NT=adult;AC=EFO:0001272	HeLa donor	DMEM, 10% FBS, 1% penicillin/streptomycin	not available	not available	NT=Fluorouracil;AC=NCIT:C505	not determined	NT=single cell;AC=PRIDE:0000897	cellenONE	HeLa_5FLU_NonFix_1cell_7	1	7	run 61	proteomic profiling by mass spectrometry	NT=Orbitrap Astral;AC=MS:1003378	NT=label free sample;AC=MS:1002038	NT=Oxidation;AC=UNIMOD:35;TA=M;MT=Variable	NT=Acetyl;AC=UNIMOD:1;PP=Protein N-term;MT=Variable	not applicable	NT=Trypsin;AC=MS:1001251	NT=Lys-C;AC=MS:1001309	Data-independent acquisition	NT=beam-type collision-induced dissociation;AC=MS:1000422	25% NCE	not available	not available	380	980	4	not available	1	1	20240208_AST3_Evo10_IO10_IP_QC_HeLa_5FLU_NotFixed_1cells_4.raw	v1.1.0	NT=sdrf-skills;VV=v1.0.0	NT=ms-proteomics;VV=v1.1.0	NT=human;VV=v1.1.0	NT=cell-lines;VV=v1.1.0	NT=single-cell;VV=v1.0.0	NT=dia-acquisition;VV=v1.1.0	none
HeLa_5FLU_NonFix_1cell_8	NT=Homo sapiens;AC=NCBITaxon:9606	NT=uterine cervix;AC=UBERON:0000002	NT=epithelial cell;AC=CL:0000066	NT=cervical adenocarcinoma;AC=MONDO:0005153	cell line	NT=HeLa;AC=EFO:0001185	CVCL_0030	HeLa	NT=African American;AC=HANCESTRO:0568	30Y6M	female	NT=adult;AC=EFO:0001272	HeLa donor	DMEM, 10% FBS, 1% penicillin/streptomycin	not available	not available	NT=Fluorouracil;AC=NCIT:C505	not determined	NT=single cell;AC=PRIDE:0000897	cellenONE	HeLa_5FLU_NonFix_1cell_8	1	8	run 62	proteomic profiling by mass spectrometry	NT=Orbitrap Astral;AC=MS:1003378	NT=label free sample;AC=MS:1002038	NT=Oxidation;AC=UNIMOD:35;TA=M;MT=Variable	NT=Acetyl;AC=UNIMOD:1;PP=Protein N-term;MT=Variable	not applicable	NT=Trypsin;AC=MS:1001251	NT=Lys-C;AC=MS:1001309	Data-independent acquisition	NT=beam-type collision-induced dissociation;AC=MS:1000422	25% NCE	not available	not available	380	980	4	not available	1	1	20240208_AST3_Evo10_IO10_IP_QC_HeLa_5FLU_NotFixed_1cells_5.raw	v1.1.0	NT=sdrf-skills;VV=v1.0.0	NT=ms-proteomics;VV=v1.1.0	NT=human;VV=v1.1.0	NT=cell-lines;VV=v1.1.0	NT=single-cell;VV=v1.0.0	NT=dia-acquisition;VV=v1.1.0	none
HeLa_5FLU_NonFix_1cell_9	NT=Homo sapiens;AC=NCBITaxon:9606	NT=uterine cervix;AC=UBERON:0000002	NT=epithelial cell;AC=CL:0000066	NT=cervical adenocarcinoma;AC=MONDO:0005153	cell line	NT=HeLa;AC=EFO:0001185	CVCL_0030	HeLa	NT=African American;AC=HANCESTRO:0568	30Y6M	female	NT=adult;AC=EFO:0001272	HeLa donor	DMEM, 10% FBS, 1% penicillin/streptomycin	not available	not available	NT=Fluorouracil;AC=NCIT:C505	not determined	NT=single cell;AC=PRIDE:0000897	cellenONE	HeLa_5FLU_NonFix_1cell_9	1	9	run 63	proteomic profiling by mass spectrometry	NT=Orbitrap Astral;AC=MS:1003378	NT=label free sample;AC=MS:1002038	NT=Oxidation;AC=UNIMOD:35;TA=M;MT=Variable	NT=Acetyl;AC=UNIMOD:1;PP=Protein N-term;MT=Variable	not applicable	NT=Trypsin;AC=MS:1001251	NT=Lys-C;AC=MS:1001309	Data-independent acquisition	NT=beam-type collision-induced dissociation;AC=MS:1000422	25% NCE	not available	not available	380	980	4	not available	1	1	20240208_AST3_Evo10_IO10_IP_QC_HeLa_5FLU_NotFixed_1cells_6.raw	v1.1.0	NT=sdrf-skills;VV=v1.0.0	NT=ms-proteomics;VV=v1.1.0	NT=human;VV=v1.1.0	NT=cell-lines;VV=v1.1.0	NT=single-cell;VV=v1.0.0	NT=dia-acquisition;VV=v1.1.0	none
HeLa_5FLU_NonFix_1cell_10	NT=Homo sapiens;AC=NCBITaxon:9606	NT=uterine cervix;AC=UBERON:0000002	NT=epithelial cell;AC=CL:0000066	NT=cervical adenocarcinoma;AC=MONDO:0005153	cell line	NT=HeLa;AC=EFO:0001185	CVCL_0030	HeLa	NT=African American;AC=HANCESTRO:0568	30Y6M	female	NT=adult;AC=EFO:0001272	HeLa donor	DMEM, 10% FBS, 1% penicillin/streptomycin	not available	not available	NT=Fluorouracil;AC=NCIT:C505	not determined	NT=single cell;AC=PRIDE:0000897	cellenONE	HeLa_5FLU_NonFix_1cell_10	1	10	run 64	proteomic profiling by mass spectrometry	NT=Orbitrap Astral;AC=MS:1003378	NT=label free sample;AC=MS:1002038	NT=Oxidation;AC=UNIMOD:35;TA=M;MT=Variable	NT=Acetyl;AC=UNIMOD:1;PP=Protein N-term;MT=Variable	not applicable	NT=Trypsin;AC=MS:1001251	NT=Lys-C;AC=MS:1001309	Data-independent acquisition	NT=beam-type collision-induced dissociation;AC=MS:1000422	25% NCE	not available	not available	380	980	4	not available	1	1	20240208_AST3_Evo10_IO10_IP_QC_HeLa_5FLU_NotFixed_1cells_7.raw	v1.1.0	NT=sdrf-skills;VV=v1.0.0	NT=ms-proteomics;VV=v1.1.0	NT=human;VV=v1.1.0	NT=cell-lines;VV=v1.1.0	NT=single-cell;VV=v1.0.0	NT=dia-acquisition;VV=v1.1.0	none
HeLa_5FLU_NonFix_1cell_11	NT=Homo sapiens;AC=NCBITaxon:9606	NT=uterine cervix;AC=UBERON:0000002	NT=epithelial cell;AC=CL:0000066	NT=cervical adenocarcinoma;AC=MONDO:0005153	cell line	NT=HeLa;AC=EFO:0001185	CVCL_0030	HeLa	NT=African American;AC=HANCESTRO:0568	30Y6M	female	NT=adult;AC=EFO:0001272	HeLa donor	DMEM, 10% FBS, 1% penicillin/streptomycin	not available	not available	NT=Fluorouracil;AC=NCIT:C505	not determined	NT=single cell;AC=PRIDE:0000897	cellenONE	HeLa_5FLU_NonFix_1cell_11	1	11	run 65	proteomic profiling by mass spectrometry	NT=Orbitrap Astral;AC=MS:1003378	NT=label free sample;AC=MS:1002038	NT=Oxidation;AC=UNIMOD:35;TA=M;MT=Variable	NT=Acetyl;AC=UNIMOD:1;PP=Protein N-term;MT=Variable	not applicable	NT=Trypsin;AC=MS:1001251	NT=Lys-C;AC=MS:1001309	Data-independent acquisition	NT=beam-type collision-induced dissociation;AC=MS:1000422	25% NCE	not available	not available	380	980	4	not available	1	1	20240208_AST3_Evo10_IO10_IP_QC_HeLa_5FLU_NotFixed_1cells_8.raw	v1.1.0	NT=sdrf-skills;VV=v1.0.0	NT=ms-proteomics;VV=v1.1.0	NT=human;VV=v1.1.0	NT=cell-lines;VV=v1.1.0	NT=single-cell;VV=v1.0.0	NT=dia-acquisition;VV=v1.1.0	none
HeLa_5FLU_NonFix_1cell_12	NT=Homo sapiens;AC=NCBITaxon:9606	NT=uterine cervix;AC=UBERON:0000002	NT=epithelial cell;AC=CL:0000066	NT=cervical adenocarcinoma;AC=MONDO:0005153	cell line	NT=HeLa;AC=EFO:0001185	CVCL_0030	HeLa	NT=African American;AC=HANCESTRO:0568	30Y6M	female	NT=adult;AC=EFO:0001272	HeLa donor	DMEM, 10% FBS, 1% penicillin/streptomycin	not available	not available	NT=Fluorouracil;AC=NCIT:C505	not determined	NT=single cell;AC=PRIDE:0000897	cellenONE	HeLa_5FLU_NonFix_1cell_12	1	12	run 66	proteomic profiling by mass spectrometry	NT=Orbitrap Astral;AC=MS:1003378	NT=label free sample;AC=MS:1002038	NT=Oxidation;AC=UNIMOD:35;TA=M;MT=Variable	NT=Acetyl;AC=UNIMOD:1;PP=Protein N-term;MT=Variable	not applicable	NT=Trypsin;AC=MS:1001251	NT=Lys-C;AC=MS:1001309	Data-independent acquisition	NT=beam-type collision-induced dissociation;AC=MS:1000422	25% NCE	not available	not available	380	980	4	not available	1	1	20240208_AST3_Evo10_IO10_IP_QC_HeLa_5FLU_NotFixed_1cells_9.raw	v1.1.0	NT=sdrf-skills;VV=v1.0.0	NT=ms-proteomics;VV=v1.1.0	NT=human;VV=v1.1.0	NT=cell-lines;VV=v1.1.0	NT=single-cell;VV=v1.0.0	NT=dia-acquisition;VV=v1.1.0	none
HeLa_5FLU_NonFix_20cell_1	NT=Homo sapiens;AC=NCBITaxon:9606	NT=uterine cervix;AC=UBERON:0000002	NT=epithelial cell;AC=CL:0000066	NT=cervical adenocarcinoma;AC=MONDO:0005153	cell line	NT=HeLa;AC=EFO:0001185	CVCL_0030	HeLa	NT=African American;AC=HANCESTRO:0568	30Y6M	female	NT=adult;AC=EFO:0001272	HeLa donor	DMEM, 10% FBS, 1% penicillin/streptomycin	not available	not available	NT=Fluorouracil;AC=NCIT:C505	not determined	not applicable	cellenONE	not applicable	20	1	run 67	proteomic profiling by mass spectrometry	NT=Orbitrap Astral;AC=MS:1003378	NT=label free sample;AC=MS:1002038	NT=Oxidation;AC=UNIMOD:35;TA=M;MT=Variable	NT=Acetyl;AC=UNIMOD:1;PP=Protein N-term;MT=Variable	not applicable	NT=Trypsin;AC=MS:1001251	NT=Lys-C;AC=MS:1001309	Data-independent acquisition	NT=beam-type collision-induced dissociation;AC=MS:1000422	25% NCE	not available	not available	380	980	4	not available	1	1	20240208_AST3_Evo10_IO10_IP_QC_HeLa_5FLU_NotFixed_20cells_1.raw	v1.1.0	NT=sdrf-skills;VV=v1.0.0	NT=ms-proteomics;VV=v1.1.0	NT=human;VV=v1.1.0	NT=cell-lines;VV=v1.1.0	NT=single-cell;VV=v1.0.0	NT=dia-acquisition;VV=v1.1.0	none
HeLa_5FLU_NonFix_20cell_2	NT=Homo sapiens;AC=NCBITaxon:9606	NT=uterine cervix;AC=UBERON:0000002	NT=epithelial cell;AC=CL:0000066	NT=cervical adenocarcinoma;AC=MONDO:0005153	cell line	NT=HeLa;AC=EFO:0001185	CVCL_0030	HeLa	NT=African American;AC=HANCESTRO:0568	30Y6M	female	NT=adult;AC=EFO:0001272	HeLa donor	DMEM, 10% FBS, 1% penicillin/streptomycin	not available	not available	NT=Fluorouracil;AC=NCIT:C505	not determined	not applicable	cellenONE	not applicable	20	2	run 68	proteomic profiling by mass spectrometry	NT=Orbitrap Astral;AC=MS:1003378	NT=label free sample;AC=MS:1002038	NT=Oxidation;AC=UNIMOD:35;TA=M;MT=Variable	NT=Acetyl;AC=UNIMOD:1;PP=Protein N-term;MT=Variable	not applicable	NT=Trypsin;AC=MS:1001251	NT=Lys-C;AC=MS:1001309	Data-independent acquisition	NT=beam-type collision-induced dissociation;AC=MS:1000422	25% NCE	not available	not available	380	980	4	not available	1	1	20240208_AST3_Evo10_IO10_IP_QC_HeLa_5FLU_NotFixed_20cells_2.raw	v1.1.0	NT=sdrf-skills;VV=v1.0.0	NT=ms-proteomics;VV=v1.1.0	NT=human;VV=v1.1.0	NT=cell-lines;VV=v1.1.0	NT=single-cell;VV=v1.0.0	NT=dia-acquisition;VV=v1.1.0	none
HeLa_5FLU_NonFix_20cell_3	NT=Homo sapiens;AC=NCBITaxon:9606	NT=uterine cervix;AC=UBERON:0000002	NT=epithelial cell;AC=CL:0000066	NT=cervical adenocarcinoma;AC=MONDO:0005153	cell line	NT=HeLa;AC=EFO:0001185	CVCL_0030	HeLa	NT=African American;AC=HANCESTRO:0568	30Y6M	female	NT=adult;AC=EFO:0001272	HeLa donor	DMEM, 10% FBS, 1% penicillin/streptomycin	not available	not available	NT=Fluorouracil;AC=NCIT:C505	not determined	not applicable	cellenONE	not applicable	20	3	run 69	proteomic profiling by mass spectrometry	NT=Orbitrap Astral;AC=MS:1003378	NT=label free sample;AC=MS:1002038	NT=Oxidation;AC=UNIMOD:35;TA=M;MT=Variable	NT=Acetyl;AC=UNIMOD:1;PP=Protein N-term;MT=Variable	not applicable	NT=Trypsin;AC=MS:1001251	NT=Lys-C;AC=MS:1001309	Data-independent acquisition	NT=beam-type collision-induced dissociation;AC=MS:1000422	25% NCE	not available	not available	380	980	4	not available	1	1	20240208_AST3_Evo10_IO10_IP_QC_HeLa_5FLU_NotFixed_20cells_3.raw	v1.1.0	NT=sdrf-skills;VV=v1.0.0	NT=ms-proteomics;VV=v1.1.0	NT=human;VV=v1.1.0	NT=cell-lines;VV=v1.1.0	NT=single-cell;VV=v1.0.0	NT=dia-acquisition;VV=v1.1.0	none
HeLa_5FLU_NonFix_20cell_4	NT=Homo sapiens;AC=NCBITaxon:9606	NT=uterine cervix;AC=UBERON:0000002	NT=epithelial cell;AC=CL:0000066	NT=cervical adenocarcinoma;AC=MONDO:0005153	cell line	NT=HeLa;AC=EFO:0001185	CVCL_0030	HeLa	NT=African American;AC=HANCESTRO:0568	30Y6M	female	NT=adult;AC=EFO:0001272	HeLa donor	DMEM, 10% FBS, 1% penicillin/streptomycin	not available	not available	NT=Fluorouracil;AC=NCIT:C505	not determined	not applicable	cellenONE	not applicable	20	4	run 70	proteomic profiling by mass spectrometry	NT=Orbitrap Astral;AC=MS:1003378	NT=label free sample;AC=MS:1002038	NT=Oxidation;AC=UNIMOD:35;TA=M;MT=Variable	NT=Acetyl;AC=UNIMOD:1;PP=Protein N-term;MT=Variable	not applicable	NT=Trypsin;AC=MS:1001251	NT=Lys-C;AC=MS:1001309	Data-independent acquisition	NT=beam-type collision-induced dissociation;AC=MS:1000422	25% NCE	not available	not available	380	980	4	not available	1	1	20240208_AST3_Evo10_IO10_IP_QC_HeLa_5FLU_NotFixed_20cells_4.raw	v1.1.0	NT=sdrf-skills;VV=v1.0.0	NT=ms-proteomics;VV=v1.1.0	NT=human;VV=v1.1.0	NT=cell-lines;VV=v1.1.0	NT=single-cell;VV=v1.0.0	NT=dia-acquisition;VV=v1.1.0	none
HeLa_DMSO_FA_1cell_1	NT=Homo sapiens;AC=NCBITaxon:9606	NT=uterine cervix;AC=UBERON:0000002	NT=epithelial cell;AC=CL:0000066	NT=cervical adenocarcinoma;AC=MONDO:0005153	cell line	NT=HeLa;AC=EFO:0001185	CVCL_0030	HeLa	NT=African American;AC=HANCESTRO:0568	30Y6M	female	NT=adult;AC=EFO:0001272	HeLa donor	DMEM, 10% FBS, 1% penicillin/streptomycin	not available	not available	NT=Dimethyl Sulfoxide;AC=NCIT:C437	not determined	NT=single cell;AC=PRIDE:0000897	cellenONE	HeLa_DMSO_FA_1cell_1	1	1	run 71	proteomic profiling by mass spectrometry	NT=Orbitrap Astral;AC=MS:1003378	NT=label free sample;AC=MS:1002038	NT=Oxidation;AC=UNIMOD:35;TA=M;MT=Variable	NT=Acetyl;AC=UNIMOD:1;PP=Protein N-term;MT=Variable	not applicable	NT=Trypsin;AC=MS:1001251	NT=Lys-C;AC=MS:1001309	Data-independent acquisition	NT=beam-type collision-induced dissociation;AC=MS:1000422	25% NCE	not available	not available	380	980	4	not available	1	1	20240208_AST3_Evo10_IO10_IP_QC_HeLa_DMSO_Fixed_1cells_1.raw	v1.1.0	NT=sdrf-skills;VV=v1.0.0	NT=ms-proteomics;VV=v1.1.0	NT=human;VV=v1.1.0	NT=cell-lines;VV=v1.1.0	NT=single-cell;VV=v1.0.0	NT=dia-acquisition;VV=v1.1.0	formaldehyde
HeLa_DMSO_FA_1cell_2	NT=Homo sapiens;AC=NCBITaxon:9606	NT=uterine cervix;AC=UBERON:0000002	NT=epithelial cell;AC=CL:0000066	NT=cervical adenocarcinoma;AC=MONDO:0005153	cell line	NT=HeLa;AC=EFO:0001185	CVCL_0030	HeLa	NT=African American;AC=HANCESTRO:0568	30Y6M	female	NT=adult;AC=EFO:0001272	HeLa donor	DMEM, 10% FBS, 1% penicillin/streptomycin	not available	not available	NT=Dimethyl Sulfoxide;AC=NCIT:C437	not determined	NT=single cell;AC=PRIDE:0000897	cellenONE	HeLa_DMSO_FA_1cell_2	1	2	run 72	proteomic profiling by mass spectrometry	NT=Orbitrap Astral;AC=MS:1003378	NT=label free sample;AC=MS:1002038	NT=Oxidation;AC=UNIMOD:35;TA=M;MT=Variable	NT=Acetyl;AC=UNIMOD:1;PP=Protein N-term;MT=Variable	not applicable	NT=Trypsin;AC=MS:1001251	NT=Lys-C;AC=MS:1001309	Data-independent acquisition	NT=beam-type collision-induced dissociation;AC=MS:1000422	25% NCE	not available	not available	380	980	4	not available	1	1	20240208_AST3_Evo10_IO10_IP_QC_HeLa_DMSO_Fixed_1cells_10.raw	v1.1.0	NT=sdrf-skills;VV=v1.0.0	NT=ms-proteomics;VV=v1.1.0	NT=human;VV=v1.1.0	NT=cell-lines;VV=v1.1.0	NT=single-cell;VV=v1.0.0	NT=dia-acquisition;VV=v1.1.0	formaldehyde
HeLa_DMSO_FA_1cell_3	NT=Homo sapiens;AC=NCBITaxon:9606	NT=uterine cervix;AC=UBERON:0000002	NT=epithelial cell;AC=CL:0000066	NT=cervical adenocarcinoma;AC=MONDO:0005153	cell line	NT=HeLa;AC=EFO:0001185	CVCL_0030	HeLa	NT=African American;AC=HANCESTRO:0568	30Y6M	female	NT=adult;AC=EFO:0001272	HeLa donor	DMEM, 10% FBS, 1% penicillin/streptomycin	not available	not available	NT=Dimethyl Sulfoxide;AC=NCIT:C437	not determined	NT=single cell;AC=PRIDE:0000897	cellenONE	HeLa_DMSO_FA_1cell_3	1	3	run 73	proteomic profiling by mass spectrometry	NT=Orbitrap Astral;AC=MS:1003378	NT=label free sample;AC=MS:1002038	NT=Oxidation;AC=UNIMOD:35;TA=M;MT=Variable	NT=Acetyl;AC=UNIMOD:1;PP=Protein N-term;MT=Variable	not applicable	NT=Trypsin;AC=MS:1001251	NT=Lys-C;AC=MS:1001309	Data-independent acquisition	NT=beam-type collision-induced dissociation;AC=MS:1000422	25% NCE	not available	not available	380	980	4	not available	1	1	20240208_AST3_Evo10_IO10_IP_QC_HeLa_DMSO_Fixed_1cells_11.raw	v1.1.0	NT=sdrf-skills;VV=v1.0.0	NT=ms-proteomics;VV=v1.1.0	NT=human;VV=v1.1.0	NT=cell-lines;VV=v1.1.0	NT=single-cell;VV=v1.0.0	NT=dia-acquisition;VV=v1.1.0	formaldehyde
HeLa_DMSO_FA_1cell_4	NT=Homo sapiens;AC=NCBITaxon:9606	NT=uterine cervix;AC=UBERON:0000002	NT=epithelial cell;AC=CL:0000066	NT=cervical adenocarcinoma;AC=MONDO:0005153	cell line	NT=HeLa;AC=EFO:0001185	CVCL_0030	HeLa	NT=African American;AC=HANCESTRO:0568	30Y6M	female	NT=adult;AC=EFO:0001272	HeLa donor	DMEM, 10% FBS, 1% penicillin/streptomycin	not available	not available	NT=Dimethyl Sulfoxide;AC=NCIT:C437	not determined	NT=single cell;AC=PRIDE:0000897	cellenONE	HeLa_DMSO_FA_1cell_4	1	4	run 74	proteomic profiling by mass spectrometry	NT=Orbitrap Astral;AC=MS:1003378	NT=label free sample;AC=MS:1002038	NT=Oxidation;AC=UNIMOD:35;TA=M;MT=Variable	NT=Acetyl;AC=UNIMOD:1;PP=Protein N-term;MT=Variable	not applicable	NT=Trypsin;AC=MS:1001251	NT=Lys-C;AC=MS:1001309	Data-independent acquisition	NT=beam-type collision-induced dissociation;AC=MS:1000422	25% NCE	not available	not available	380	980	4	not available	1	1	20240208_AST3_Evo10_IO10_IP_QC_HeLa_DMSO_Fixed_1cells_12.raw	v1.1.0	NT=sdrf-skills;VV=v1.0.0	NT=ms-proteomics;VV=v1.1.0	NT=human;VV=v1.1.0	NT=cell-lines;VV=v1.1.0	NT=single-cell;VV=v1.0.0	NT=dia-acquisition;VV=v1.1.0	formaldehyde
HeLa_DMSO_FA_1cell_5	NT=Homo sapiens;AC=NCBITaxon:9606	NT=uterine cervix;AC=UBERON:0000002	NT=epithelial cell;AC=CL:0000066	NT=cervical adenocarcinoma;AC=MONDO:0005153	cell line	NT=HeLa;AC=EFO:0001185	CVCL_0030	HeLa	NT=African American;AC=HANCESTRO:0568	30Y6M	female	NT=adult;AC=EFO:0001272	HeLa donor	DMEM, 10% FBS, 1% penicillin/streptomycin	not available	not available	NT=Dimethyl Sulfoxide;AC=NCIT:C437	not determined	NT=single cell;AC=PRIDE:0000897	cellenONE	HeLa_DMSO_FA_1cell_5	1	5	run 75	proteomic profiling by mass spectrometry	NT=Orbitrap Astral;AC=MS:1003378	NT=label free sample;AC=MS:1002038	NT=Oxidation;AC=UNIMOD:35;TA=M;MT=Variable	NT=Acetyl;AC=UNIMOD:1;PP=Protein N-term;MT=Variable	not applicable	NT=Trypsin;AC=MS:1001251	NT=Lys-C;AC=MS:1001309	Data-independent acquisition	NT=beam-type collision-induced dissociation;AC=MS:1000422	25% NCE	not available	not available	380	980	4	not available	1	1	20240208_AST3_Evo10_IO10_IP_QC_HeLa_DMSO_Fixed_1cells_2.raw	v1.1.0	NT=sdrf-skills;VV=v1.0.0	NT=ms-proteomics;VV=v1.1.0	NT=human;VV=v1.1.0	NT=cell-lines;VV=v1.1.0	NT=single-cell;VV=v1.0.0	NT=dia-acquisition;VV=v1.1.0	formaldehyde
HeLa_DMSO_FA_1cell_6	NT=Homo sapiens;AC=NCBITaxon:9606	NT=uterine cervix;AC=UBERON:0000002	NT=epithelial cell;AC=CL:0000066	NT=cervical adenocarcinoma;AC=MONDO:0005153	cell line	NT=HeLa;AC=EFO:0001185	CVCL_0030	HeLa	NT=African American;AC=HANCESTRO:0568	30Y6M	female	NT=adult;AC=EFO:0001272	HeLa donor	DMEM, 10% FBS, 1% penicillin/streptomycin	not available	not available	NT=Dimethyl Sulfoxide;AC=NCIT:C437	not determined	NT=single cell;AC=PRIDE:0000897	cellenONE	HeLa_DMSO_FA_1cell_6	1	6	run 76	proteomic profiling by mass spectrometry	NT=Orbitrap Astral;AC=MS:1003378	NT=label free sample;AC=MS:1002038	NT=Oxidation;AC=UNIMOD:35;TA=M;MT=Variable	NT=Acetyl;AC=UNIMOD:1;PP=Protein N-term;MT=Variable	not applicable	NT=Trypsin;AC=MS:1001251	NT=Lys-C;AC=MS:1001309	Data-independent acquisition	NT=beam-type collision-induced dissociation;AC=MS:1000422	25% NCE	not available	not available	380	980	4	not available	1	1	20240208_AST3_Evo10_IO10_IP_QC_HeLa_DMSO_Fixed_1cells_3.raw	v1.1.0	NT=sdrf-skills;VV=v1.0.0	NT=ms-proteomics;VV=v1.1.0	NT=human;VV=v1.1.0	NT=cell-lines;VV=v1.1.0	NT=single-cell;VV=v1.0.0	NT=dia-acquisition;VV=v1.1.0	formaldehyde
HeLa_DMSO_FA_1cell_7	NT=Homo sapiens;AC=NCBITaxon:9606	NT=uterine cervix;AC=UBERON:0000002	NT=epithelial cell;AC=CL:0000066	NT=cervical adenocarcinoma;AC=MONDO:0005153	cell line	NT=HeLa;AC=EFO:0001185	CVCL_0030	HeLa	NT=African American;AC=HANCESTRO:0568	30Y6M	female	NT=adult;AC=EFO:0001272	HeLa donor	DMEM, 10% FBS, 1% penicillin/streptomycin	not available	not available	NT=Dimethyl Sulfoxide;AC=NCIT:C437	not determined	NT=single cell;AC=PRIDE:0000897	cellenONE	HeLa_DMSO_FA_1cell_7	1	7	run 77	proteomic profiling by mass spectrometry	NT=Orbitrap Astral;AC=MS:1003378	NT=label free sample;AC=MS:1002038	NT=Oxidation;AC=UNIMOD:35;TA=M;MT=Variable	NT=Acetyl;AC=UNIMOD:1;PP=Protein N-term;MT=Variable	not applicable	NT=Trypsin;AC=MS:1001251	NT=Lys-C;AC=MS:1001309	Data-independent acquisition	NT=beam-type collision-induced dissociation;AC=MS:1000422	25% NCE	not available	not available	380	980	4	not available	1	1	20240208_AST3_Evo10_IO10_IP_QC_HeLa_DMSO_Fixed_1cells_4.raw	v1.1.0	NT=sdrf-skills;VV=v1.0.0	NT=ms-proteomics;VV=v1.1.0	NT=human;VV=v1.1.0	NT=cell-lines;VV=v1.1.0	NT=single-cell;VV=v1.0.0	NT=dia-acquisition;VV=v1.1.0	formaldehyde
HeLa_DMSO_FA_1cell_8	NT=Homo sapiens;AC=NCBITaxon:9606	NT=uterine cervix;AC=UBERON:0000002	NT=epithelial cell;AC=CL:0000066	NT=cervical adenocarcinoma;AC=MONDO:0005153	cell line	NT=HeLa;AC=EFO:0001185	CVCL_0030	HeLa	NT=African American;AC=HANCESTRO:0568	30Y6M	female	NT=adult;AC=EFO:0001272	HeLa donor	DMEM, 10% FBS, 1% penicillin/streptomycin	not available	not available	NT=Dimethyl Sulfoxide;AC=NCIT:C437	not determined	NT=single cell;AC=PRIDE:0000897	cellenONE	HeLa_DMSO_FA_1cell_8	1	8	run 78	proteomic profiling by mass spectrometry	NT=Orbitrap Astral;AC=MS:1003378	NT=label free sample;AC=MS:1002038	NT=Oxidation;AC=UNIMOD:35;TA=M;MT=Variable	NT=Acetyl;AC=UNIMOD:1;PP=Protein N-term;MT=Variable	not applicable	NT=Trypsin;AC=MS:1001251	NT=Lys-C;AC=MS:1001309	Data-independent acquisition	NT=beam-type collision-induced dissociation;AC=MS:1000422	25% NCE	not available	not available	380	980	4	not available	1	1	20240208_AST3_Evo10_IO10_IP_QC_HeLa_DMSO_Fixed_1cells_5.raw	v1.1.0	NT=sdrf-skills;VV=v1.0.0	NT=ms-proteomics;VV=v1.1.0	NT=human;VV=v1.1.0	NT=cell-lines;VV=v1.1.0	NT=single-cell;VV=v1.0.0	NT=dia-acquisition;VV=v1.1.0	formaldehyde
HeLa_DMSO_FA_1cell_9	NT=Homo sapiens;AC=NCBITaxon:9606	NT=uterine cervix;AC=UBERON:0000002	NT=epithelial cell;AC=CL:0000066	NT=cervical adenocarcinoma;AC=MONDO:0005153	cell line	NT=HeLa;AC=EFO:0001185	CVCL_0030	HeLa	NT=African American;AC=HANCESTRO:0568	30Y6M	female	NT=adult;AC=EFO:0001272	HeLa donor	DMEM, 10% FBS, 1% penicillin/streptomycin	not available	not available	NT=Dimethyl Sulfoxide;AC=NCIT:C437	not determined	NT=single cell;AC=PRIDE:0000897	cellenONE	HeLa_DMSO_FA_1cell_9	1	9	run 79	proteomic profiling by mass spectrometry	NT=Orbitrap Astral;AC=MS:1003378	NT=label free sample;AC=MS:1002038	NT=Oxidation;AC=UNIMOD:35;TA=M;MT=Variable	NT=Acetyl;AC=UNIMOD:1;PP=Protein N-term;MT=Variable	not applicable	NT=Trypsin;AC=MS:1001251	NT=Lys-C;AC=MS:1001309	Data-independent acquisition	NT=beam-type collision-induced dissociation;AC=MS:1000422	25% NCE	not available	not available	380	980	4	not available	1	1	20240208_AST3_Evo10_IO10_IP_QC_HeLa_DMSO_Fixed_1cells_6.raw	v1.1.0	NT=sdrf-skills;VV=v1.0.0	NT=ms-proteomics;VV=v1.1.0	NT=human;VV=v1.1.0	NT=cell-lines;VV=v1.1.0	NT=single-cell;VV=v1.0.0	NT=dia-acquisition;VV=v1.1.0	formaldehyde
HeLa_DMSO_FA_1cell_10	NT=Homo sapiens;AC=NCBITaxon:9606	NT=uterine cervix;AC=UBERON:0000002	NT=epithelial cell;AC=CL:0000066	NT=cervical adenocarcinoma;AC=MONDO:0005153	cell line	NT=HeLa;AC=EFO:0001185	CVCL_0030	HeLa	NT=African American;AC=HANCESTRO:0568	30Y6M	female	NT=adult;AC=EFO:0001272	HeLa donor	DMEM, 10% FBS, 1% penicillin/streptomycin	not available	not available	NT=Dimethyl Sulfoxide;AC=NCIT:C437	not determined	NT=single cell;AC=PRIDE:0000897	cellenONE	HeLa_DMSO_FA_1cell_10	1	10	run 80	proteomic profiling by mass spectrometry	NT=Orbitrap Astral;AC=MS:1003378	NT=label free sample;AC=MS:1002038	NT=Oxidation;AC=UNIMOD:35;TA=M;MT=Variable	NT=Acetyl;AC=UNIMOD:1;PP=Protein N-term;MT=Variable	not applicable	NT=Trypsin;AC=MS:1001251	NT=Lys-C;AC=MS:1001309	Data-independent acquisition	NT=beam-type collision-induced dissociation;AC=MS:1000422	25% NCE	not available	not available	380	980	4	not available	1	1	20240208_AST3_Evo10_IO10_IP_QC_HeLa_DMSO_Fixed_1cells_7.raw	v1.1.0	NT=sdrf-skills;VV=v1.0.0	NT=ms-proteomics;VV=v1.1.0	NT=human;VV=v1.1.0	NT=cell-lines;VV=v1.1.0	NT=single-cell;VV=v1.0.0	NT=dia-acquisition;VV=v1.1.0	formaldehyde
HeLa_DMSO_FA_1cell_11	NT=Homo sapiens;AC=NCBITaxon:9606	NT=uterine cervix;AC=UBERON:0000002	NT=epithelial cell;AC=CL:0000066	NT=cervical adenocarcinoma;AC=MONDO:0005153	cell line	NT=HeLa;AC=EFO:0001185	CVCL_0030	HeLa	NT=African American;AC=HANCESTRO:0568	30Y6M	female	NT=adult;AC=EFO:0001272	HeLa donor	DMEM, 10% FBS, 1% penicillin/streptomycin	not available	not available	NT=Dimethyl Sulfoxide;AC=NCIT:C437	not determined	NT=single cell;AC=PRIDE:0000897	cellenONE	HeLa_DMSO_FA_1cell_11	1	11	run 81	proteomic profiling by mass spectrometry	NT=Orbitrap Astral;AC=MS:1003378	NT=label free sample;AC=MS:1002038	NT=Oxidation;AC=UNIMOD:35;TA=M;MT=Variable	NT=Acetyl;AC=UNIMOD:1;PP=Protein N-term;MT=Variable	not applicable	NT=Trypsin;AC=MS:1001251	NT=Lys-C;AC=MS:1001309	Data-independent acquisition	NT=beam-type collision-induced dissociation;AC=MS:1000422	25% NCE	not available	not available	380	980	4	not available	1	1	20240208_AST3_Evo10_IO10_IP_QC_HeLa_DMSO_Fixed_1cells_8.raw	v1.1.0	NT=sdrf-skills;VV=v1.0.0	NT=ms-proteomics;VV=v1.1.0	NT=human;VV=v1.1.0	NT=cell-lines;VV=v1.1.0	NT=single-cell;VV=v1.0.0	NT=dia-acquisition;VV=v1.1.0	formaldehyde
HeLa_DMSO_FA_1cell_12	NT=Homo sapiens;AC=NCBITaxon:9606	NT=uterine cervix;AC=UBERON:0000002	NT=epithelial cell;AC=CL:0000066	NT=cervical adenocarcinoma;AC=MONDO:0005153	cell line	NT=HeLa;AC=EFO:0001185	CVCL_0030	HeLa	NT=African American;AC=HANCESTRO:0568	30Y6M	female	NT=adult;AC=EFO:0001272	HeLa donor	DMEM, 10% FBS, 1% penicillin/streptomycin	not available	not available	NT=Dimethyl Sulfoxide;AC=NCIT:C437	not determined	NT=single cell;AC=PRIDE:0000897	cellenONE	HeLa_DMSO_FA_1cell_12	1	12	run 82	proteomic profiling by mass spectrometry	NT=Orbitrap Astral;AC=MS:1003378	NT=label free sample;AC=MS:1002038	NT=Oxidation;AC=UNIMOD:35;TA=M;MT=Variable	NT=Acetyl;AC=UNIMOD:1;PP=Protein N-term;MT=Variable	not applicable	NT=Trypsin;AC=MS:1001251	NT=Lys-C;AC=MS:1001309	Data-independent acquisition	NT=beam-type collision-induced dissociation;AC=MS:1000422	25% NCE	not available	not available	380	980	4	not available	1	1	20240208_AST3_Evo10_IO10_IP_QC_HeLa_DMSO_Fixed_1cells_9.raw	v1.1.0	NT=sdrf-skills;VV=v1.0.0	NT=ms-proteomics;VV=v1.1.0	NT=human;VV=v1.1.0	NT=cell-lines;VV=v1.1.0	NT=single-cell;VV=v1.0.0	NT=dia-acquisition;VV=v1.1.0	formaldehyde
HeLa_DMSO_FA_20cell_1	NT=Homo sapiens;AC=NCBITaxon:9606	NT=uterine cervix;AC=UBERON:0000002	NT=epithelial cell;AC=CL:0000066	NT=cervical adenocarcinoma;AC=MONDO:0005153	cell line	NT=HeLa;AC=EFO:0001185	CVCL_0030	HeLa	NT=African American;AC=HANCESTRO:0568	30Y6M	female	NT=adult;AC=EFO:0001272	HeLa donor	DMEM, 10% FBS, 1% penicillin/streptomycin	not available	not available	NT=Dimethyl Sulfoxide;AC=NCIT:C437	not determined	not applicable	cellenONE	not applicable	20	1	run 83	proteomic profiling by mass spectrometry	NT=Orbitrap Astral;AC=MS:1003378	NT=label free sample;AC=MS:1002038	NT=Oxidation;AC=UNIMOD:35;TA=M;MT=Variable	NT=Acetyl;AC=UNIMOD:1;PP=Protein N-term;MT=Variable	not applicable	NT=Trypsin;AC=MS:1001251	NT=Lys-C;AC=MS:1001309	Data-independent acquisition	NT=beam-type collision-induced dissociation;AC=MS:1000422	25% NCE	not available	not available	380	980	4	not available	1	1	20240208_AST3_Evo10_IO10_IP_QC_HeLa_DMSO_Fixed_20cells_1.raw	v1.1.0	NT=sdrf-skills;VV=v1.0.0	NT=ms-proteomics;VV=v1.1.0	NT=human;VV=v1.1.0	NT=cell-lines;VV=v1.1.0	NT=single-cell;VV=v1.0.0	NT=dia-acquisition;VV=v1.1.0	formaldehyde
HeLa_DMSO_FA_20cell_2	NT=Homo sapiens;AC=NCBITaxon:9606	NT=uterine cervix;AC=UBERON:0000002	NT=epithelial cell;AC=CL:0000066	NT=cervical adenocarcinoma;AC=MONDO:0005153	cell line	NT=HeLa;AC=EFO:0001185	CVCL_0030	HeLa	NT=African American;AC=HANCESTRO:0568	30Y6M	female	NT=adult;AC=EFO:0001272	HeLa donor	DMEM, 10% FBS, 1% penicillin/streptomycin	not available	not available	NT=Dimethyl Sulfoxide;AC=NCIT:C437	not determined	not applicable	cellenONE	not applicable	20	2	run 84	proteomic profiling by mass spectrometry	NT=Orbitrap Astral;AC=MS:1003378	NT=label free sample;AC=MS:1002038	NT=Oxidation;AC=UNIMOD:35;TA=M;MT=Variable	NT=Acetyl;AC=UNIMOD:1;PP=Protein N-term;MT=Variable	not applicable	NT=Trypsin;AC=MS:1001251	NT=Lys-C;AC=MS:1001309	Data-independent acquisition	NT=beam-type collision-induced dissociation;AC=MS:1000422	25% NCE	not available	not available	380	980	4	not available	1	1	20240208_AST3_Evo10_IO10_IP_QC_HeLa_DMSO_Fixed_20cells_2.raw	v1.1.0	NT=sdrf-skills;VV=v1.0.0	NT=ms-proteomics;VV=v1.1.0	NT=human;VV=v1.1.0	NT=cell-lines;VV=v1.1.0	NT=single-cell;VV=v1.0.0	NT=dia-acquisition;VV=v1.1.0	formaldehyde
HeLa_DMSO_FA_20cell_3	NT=Homo sapiens;AC=NCBITaxon:9606	NT=uterine cervix;AC=UBERON:0000002	NT=epithelial cell;AC=CL:0000066	NT=cervical adenocarcinoma;AC=MONDO:0005153	cell line	NT=HeLa;AC=EFO:0001185	CVCL_0030	HeLa	NT=African American;AC=HANCESTRO:0568	30Y6M	female	NT=adult;AC=EFO:0001272	HeLa donor	DMEM, 10% FBS, 1% penicillin/streptomycin	not available	not available	NT=Dimethyl Sulfoxide;AC=NCIT:C437	not determined	not applicable	cellenONE	not applicable	20	3	run 85	proteomic profiling by mass spectrometry	NT=Orbitrap Astral;AC=MS:1003378	NT=label free sample;AC=MS:1002038	NT=Oxidation;AC=UNIMOD:35;TA=M;MT=Variable	NT=Acetyl;AC=UNIMOD:1;PP=Protein N-term;MT=Variable	not applicable	NT=Trypsin;AC=MS:1001251	NT=Lys-C;AC=MS:1001309	Data-independent acquisition	NT=beam-type collision-induced dissociation;AC=MS:1000422	25% NCE	not available	not available	380	980	4	not available	1	1	20240208_AST3_Evo10_IO10_IP_QC_HeLa_DMSO_Fixed_20cells_3.raw	v1.1.0	NT=sdrf-skills;VV=v1.0.0	NT=ms-proteomics;VV=v1.1.0	NT=human;VV=v1.1.0	NT=cell-lines;VV=v1.1.0	NT=single-cell;VV=v1.0.0	NT=dia-acquisition;VV=v1.1.0	formaldehyde
HeLa_DMSO_FA_20cell_4	NT=Homo sapiens;AC=NCBITaxon:9606	NT=uterine cervix;AC=UBERON:0000002	NT=epithelial cell;AC=CL:0000066	NT=cervical adenocarcinoma;AC=MONDO:0005153	cell line	NT=HeLa;AC=EFO:0001185	CVCL_0030	HeLa	NT=African American;AC=HANCESTRO:0568	30Y6M	female	NT=adult;AC=EFO:0001272	HeLa donor	DMEM, 10% FBS, 1% penicillin/streptomycin	not available	not available	NT=Dimethyl Sulfoxide;AC=NCIT:C437	not determined	not applicable	cellenONE	not applicable	20	4	run 86	proteomic profiling by mass spectrometry	NT=Orbitrap Astral;AC=MS:1003378	NT=label free sample;AC=MS:1002038	NT=Oxidation;AC=UNIMOD:35;TA=M;MT=Variable	NT=Acetyl;AC=UNIMOD:1;PP=Protein N-term;MT=Variable	not applicable	NT=Trypsin;AC=MS:1001251	NT=Lys-C;AC=MS:1001309	Data-independent acquisition	NT=beam-type collision-induced dissociation;AC=MS:1000422	25% NCE	not available	not available	380	980	4	not available	1	1	20240208_AST3_Evo10_IO10_IP_QC_HeLa_DMSO_Fixed_20cells_4.raw	v1.1.0	NT=sdrf-skills;VV=v1.0.0	NT=ms-proteomics;VV=v1.1.0	NT=human;VV=v1.1.0	NT=cell-lines;VV=v1.1.0	NT=single-cell;VV=v1.0.0	NT=dia-acquisition;VV=v1.1.0	formaldehyde
HeLa_DMSO_NonFix_1cell_1	NT=Homo sapiens;AC=NCBITaxon:9606	NT=uterine cervix;AC=UBERON:0000002	NT=epithelial cell;AC=CL:0000066	NT=cervical adenocarcinoma;AC=MONDO:0005153	cell line	NT=HeLa;AC=EFO:0001185	CVCL_0030	HeLa	NT=African American;AC=HANCESTRO:0568	30Y6M	female	NT=adult;AC=EFO:0001272	HeLa donor	DMEM, 10% FBS, 1% penicillin/streptomycin	not available	not available	NT=Dimethyl Sulfoxide;AC=NCIT:C437	not determined	NT=single cell;AC=PRIDE:0000897	cellenONE	HeLa_DMSO_NonFix_1cell_1	1	1	run 87	proteomic profiling by mass spectrometry	NT=Orbitrap Astral;AC=MS:1003378	NT=label free sample;AC=MS:1002038	NT=Oxidation;AC=UNIMOD:35;TA=M;MT=Variable	NT=Acetyl;AC=UNIMOD:1;PP=Protein N-term;MT=Variable	not applicable	NT=Trypsin;AC=MS:1001251	NT=Lys-C;AC=MS:1001309	Data-independent acquisition	NT=beam-type collision-induced dissociation;AC=MS:1000422	25% NCE	not available	not available	380	980	4	not available	1	1	20240208_AST3_Evo10_IO10_IP_QC_HeLa_DMSO_NotFixed_1cells_1.raw	v1.1.0	NT=sdrf-skills;VV=v1.0.0	NT=ms-proteomics;VV=v1.1.0	NT=human;VV=v1.1.0	NT=cell-lines;VV=v1.1.0	NT=single-cell;VV=v1.0.0	NT=dia-acquisition;VV=v1.1.0	none
HeLa_DMSO_NonFix_1cell_2	NT=Homo sapiens;AC=NCBITaxon:9606	NT=uterine cervix;AC=UBERON:0000002	NT=epithelial cell;AC=CL:0000066	NT=cervical adenocarcinoma;AC=MONDO:0005153	cell line	NT=HeLa;AC=EFO:0001185	CVCL_0030	HeLa	NT=African American;AC=HANCESTRO:0568	30Y6M	female	NT=adult;AC=EFO:0001272	HeLa donor	DMEM, 10% FBS, 1% penicillin/streptomycin	not available	not available	NT=Dimethyl Sulfoxide;AC=NCIT:C437	not determined	NT=single cell;AC=PRIDE:0000897	cellenONE	HeLa_DMSO_NonFix_1cell_2	1	2	run 88	proteomic profiling by mass spectrometry	NT=Orbitrap Astral;AC=MS:1003378	NT=label free sample;AC=MS:1002038	NT=Oxidation;AC=UNIMOD:35;TA=M;MT=Variable	NT=Acetyl;AC=UNIMOD:1;PP=Protein N-term;MT=Variable	not applicable	NT=Trypsin;AC=MS:1001251	NT=Lys-C;AC=MS:1001309	Data-independent acquisition	NT=beam-type collision-induced dissociation;AC=MS:1000422	25% NCE	not available	not available	380	980	4	not available	1	1	20240208_AST3_Evo10_IO10_IP_QC_HeLa_DMSO_NotFixed_1cells_10.raw	v1.1.0	NT=sdrf-skills;VV=v1.0.0	NT=ms-proteomics;VV=v1.1.0	NT=human;VV=v1.1.0	NT=cell-lines;VV=v1.1.0	NT=single-cell;VV=v1.0.0	NT=dia-acquisition;VV=v1.1.0	none
HeLa_DMSO_NonFix_1cell_3	NT=Homo sapiens;AC=NCBITaxon:9606	NT=uterine cervix;AC=UBERON:0000002	NT=epithelial cell;AC=CL:0000066	NT=cervical adenocarcinoma;AC=MONDO:0005153	cell line	NT=HeLa;AC=EFO:0001185	CVCL_0030	HeLa	NT=African American;AC=HANCESTRO:0568	30Y6M	female	NT=adult;AC=EFO:0001272	HeLa donor	DMEM, 10% FBS, 1% penicillin/streptomycin	not available	not available	NT=Dimethyl Sulfoxide;AC=NCIT:C437	not determined	NT=single cell;AC=PRIDE:0000897	cellenONE	HeLa_DMSO_NonFix_1cell_3	1	3	run 89	proteomic profiling by mass spectrometry	NT=Orbitrap Astral;AC=MS:1003378	NT=label free sample;AC=MS:1002038	NT=Oxidation;AC=UNIMOD:35;TA=M;MT=Variable	NT=Acetyl;AC=UNIMOD:1;PP=Protein N-term;MT=Variable	not applicable	NT=Trypsin;AC=MS:1001251	NT=Lys-C;AC=MS:1001309	Data-independent acquisition	NT=beam-type collision-induced dissociation;AC=MS:1000422	25% NCE	not available	not available	380	980	4	not available	1	1	20240208_AST3_Evo10_IO10_IP_QC_HeLa_DMSO_NotFixed_1cells_11.raw	v1.1.0	NT=sdrf-skills;VV=v1.0.0	NT=ms-proteomics;VV=v1.1.0	NT=human;VV=v1.1.0	NT=cell-lines;VV=v1.1.0	NT=single-cell;VV=v1.0.0	NT=dia-acquisition;VV=v1.1.0	none
HeLa_DMSO_NonFix_1cell_4	NT=Homo sapiens;AC=NCBITaxon:9606	NT=uterine cervix;AC=UBERON:0000002	NT=epithelial cell;AC=CL:0000066	NT=cervical adenocarcinoma;AC=MONDO:0005153	cell line	NT=HeLa;AC=EFO:0001185	CVCL_0030	HeLa	NT=African American;AC=HANCESTRO:0568	30Y6M	female	NT=adult;AC=EFO:0001272	HeLa donor	DMEM, 10% FBS, 1% penicillin/streptomycin	not available	not available	NT=Dimethyl Sulfoxide;AC=NCIT:C437	not determined	NT=single cell;AC=PRIDE:0000897	cellenONE	HeLa_DMSO_NonFix_1cell_4	1	4	run 90	proteomic profiling by mass spectrometry	NT=Orbitrap Astral;AC=MS:1003378	NT=label free sample;AC=MS:1002038	NT=Oxidation;AC=UNIMOD:35;TA=M;MT=Variable	NT=Acetyl;AC=UNIMOD:1;PP=Protein N-term;MT=Variable	not applicable	NT=Trypsin;AC=MS:1001251	NT=Lys-C;AC=MS:1001309	Data-independent acquisition	NT=beam-type collision-induced dissociation;AC=MS:1000422	25% NCE	not available	not available	380	980	4	not available	1	1	20240208_AST3_Evo10_IO10_IP_QC_HeLa_DMSO_NotFixed_1cells_12.raw	v1.1.0	NT=sdrf-skills;VV=v1.0.0	NT=ms-proteomics;VV=v1.1.0	NT=human;VV=v1.1.0	NT=cell-lines;VV=v1.1.0	NT=single-cell;VV=v1.0.0	NT=dia-acquisition;VV=v1.1.0	none
HeLa_DMSO_NonFix_1cell_5	NT=Homo sapiens;AC=NCBITaxon:9606	NT=uterine cervix;AC=UBERON:0000002	NT=epithelial cell;AC=CL:0000066	NT=cervical adenocarcinoma;AC=MONDO:0005153	cell line	NT=HeLa;AC=EFO:0001185	CVCL_0030	HeLa	NT=African American;AC=HANCESTRO:0568	30Y6M	female	NT=adult;AC=EFO:0001272	HeLa donor	DMEM, 10% FBS, 1% penicillin/streptomycin	not available	not available	NT=Dimethyl Sulfoxide;AC=NCIT:C437	not determined	NT=single cell;AC=PRIDE:0000897	cellenONE	HeLa_DMSO_NonFix_1cell_5	1	5	run 91	proteomic profiling by mass spectrometry	NT=Orbitrap Astral;AC=MS:1003378	NT=label free sample;AC=MS:1002038	NT=Oxidation;AC=UNIMOD:35;TA=M;MT=Variable	NT=Acetyl;AC=UNIMOD:1;PP=Protein N-term;MT=Variable	not applicable	NT=Trypsin;AC=MS:1001251	NT=Lys-C;AC=MS:1001309	Data-independent acquisition	NT=beam-type collision-induced dissociation;AC=MS:1000422	25% NCE	not available	not available	380	980	4	not available	1	1	20240208_AST3_Evo10_IO10_IP_QC_HeLa_DMSO_NotFixed_1cells_2.raw	v1.1.0	NT=sdrf-skills;VV=v1.0.0	NT=ms-proteomics;VV=v1.1.0	NT=human;VV=v1.1.0	NT=cell-lines;VV=v1.1.0	NT=single-cell;VV=v1.0.0	NT=dia-acquisition;VV=v1.1.0	none
HeLa_DMSO_NonFix_1cell_6	NT=Homo sapiens;AC=NCBITaxon:9606	NT=uterine cervix;AC=UBERON:0000002	NT=epithelial cell;AC=CL:0000066	NT=cervical adenocarcinoma;AC=MONDO:0005153	cell line	NT=HeLa;AC=EFO:0001185	CVCL_0030	HeLa	NT=African American;AC=HANCESTRO:0568	30Y6M	female	NT=adult;AC=EFO:0001272	HeLa donor	DMEM, 10% FBS, 1% penicillin/streptomycin	not available	not available	NT=Dimethyl Sulfoxide;AC=NCIT:C437	not determined	NT=single cell;AC=PRIDE:0000897	cellenONE	HeLa_DMSO_NonFix_1cell_6	1	6	run 92	proteomic profiling by mass spectrometry	NT=Orbitrap Astral;AC=MS:1003378	NT=label free sample;AC=MS:1002038	NT=Oxidation;AC=UNIMOD:35;TA=M;MT=Variable	NT=Acetyl;AC=UNIMOD:1;PP=Protein N-term;MT=Variable	not applicable	NT=Trypsin;AC=MS:1001251	NT=Lys-C;AC=MS:1001309	Data-independent acquisition	NT=beam-type collision-induced dissociation;AC=MS:1000422	25% NCE	not available	not available	380	980	4	not available	1	1	20240208_AST3_Evo10_IO10_IP_QC_HeLa_DMSO_NotFixed_1cells_3.raw	v1.1.0	NT=sdrf-skills;VV=v1.0.0	NT=ms-proteomics;VV=v1.1.0	NT=human;VV=v1.1.0	NT=cell-lines;VV=v1.1.0	NT=single-cell;VV=v1.0.0	NT=dia-acquisition;VV=v1.1.0	none
HeLa_DMSO_NonFix_1cell_7	NT=Homo sapiens;AC=NCBITaxon:9606	NT=uterine cervix;AC=UBERON:0000002	NT=epithelial cell;AC=CL:0000066	NT=cervical adenocarcinoma;AC=MONDO:0005153	cell line	NT=HeLa;AC=EFO:0001185	CVCL_0030	HeLa	NT=African American;AC=HANCESTRO:0568	30Y6M	female	NT=adult;AC=EFO:0001272	HeLa donor	DMEM, 10% FBS, 1% penicillin/streptomycin	not available	not available	NT=Dimethyl Sulfoxide;AC=NCIT:C437	not determined	NT=single cell;AC=PRIDE:0000897	cellenONE	HeLa_DMSO_NonFix_1cell_7	1	7	run 93	proteomic profiling by mass spectrometry	NT=Orbitrap Astral;AC=MS:1003378	NT=label free sample;AC=MS:1002038	NT=Oxidation;AC=UNIMOD:35;TA=M;MT=Variable	NT=Acetyl;AC=UNIMOD:1;PP=Protein N-term;MT=Variable	not applicable	NT=Trypsin;AC=MS:1001251	NT=Lys-C;AC=MS:1001309	Data-independent acquisition	NT=beam-type collision-induced dissociation;AC=MS:1000422	25% NCE	not available	not available	380	980	4	not available	1	1	20240208_AST3_Evo10_IO10_IP_QC_HeLa_DMSO_NotFixed_1cells_4.raw	v1.1.0	NT=sdrf-skills;VV=v1.0.0	NT=ms-proteomics;VV=v1.1.0	NT=human;VV=v1.1.0	NT=cell-lines;VV=v1.1.0	NT=single-cell;VV=v1.0.0	NT=dia-acquisition;VV=v1.1.0	none
HeLa_DMSO_NonFix_1cell_8	NT=Homo sapiens;AC=NCBITaxon:9606	NT=uterine cervix;AC=UBERON:0000002	NT=epithelial cell;AC=CL:0000066	NT=cervical adenocarcinoma;AC=MONDO:0005153	cell line	NT=HeLa;AC=EFO:0001185	CVCL_0030	HeLa	NT=African American;AC=HANCESTRO:0568	30Y6M	female	NT=adult;AC=EFO:0001272	HeLa donor	DMEM, 10% FBS, 1% penicillin/streptomycin	not available	not available	NT=Dimethyl Sulfoxide;AC=NCIT:C437	not determined	NT=single cell;AC=PRIDE:0000897	cellenONE	HeLa_DMSO_NonFix_1cell_8	1	8	run 94	proteomic profiling by mass spectrometry	NT=Orbitrap Astral;AC=MS:1003378	NT=label free sample;AC=MS:1002038	NT=Oxidation;AC=UNIMOD:35;TA=M;MT=Variable	NT=Acetyl;AC=UNIMOD:1;PP=Protein N-term;MT=Variable	not applicable	NT=Trypsin;AC=MS:1001251	NT=Lys-C;AC=MS:1001309	Data-independent acquisition	NT=beam-type collision-induced dissociation;AC=MS:1000422	25% NCE	not available	not available	380	980	4	not available	1	1	20240208_AST3_Evo10_IO10_IP_QC_HeLa_DMSO_NotFixed_1cells_5.raw	v1.1.0	NT=sdrf-skills;VV=v1.0.0	NT=ms-proteomics;VV=v1.1.0	NT=human;VV=v1.1.0	NT=cell-lines;VV=v1.1.0	NT=single-cell;VV=v1.0.0	NT=dia-acquisition;VV=v1.1.0	none
HeLa_DMSO_NonFix_1cell_9	NT=Homo sapiens;AC=NCBITaxon:9606	NT=uterine cervix;AC=UBERON:0000002	NT=epithelial cell;AC=CL:0000066	NT=cervical adenocarcinoma;AC=MONDO:0005153	cell line	NT=HeLa;AC=EFO:0001185	CVCL_0030	HeLa	NT=African American;AC=HANCESTRO:0568	30Y6M	female	NT=adult;AC=EFO:0001272	HeLa donor	DMEM, 10% FBS, 1% penicillin/streptomycin	not available	not available	NT=Dimethyl Sulfoxide;AC=NCIT:C437	not determined	NT=single cell;AC=PRIDE:0000897	cellenONE	HeLa_DMSO_NonFix_1cell_9	1	9	run 95	proteomic profiling by mass spectrometry	NT=Orbitrap Astral;AC=MS:1003378	NT=label free sample;AC=MS:1002038	NT=Oxidation;AC=UNIMOD:35;TA=M;MT=Variable	NT=Acetyl;AC=UNIMOD:1;PP=Protein N-term;MT=Variable	not applicable	NT=Trypsin;AC=MS:1001251	NT=Lys-C;AC=MS:1001309	Data-independent acquisition	NT=beam-type collision-induced dissociation;AC=MS:1000422	25% NCE	not available	not available	380	980	4	not available	1	1	20240208_AST3_Evo10_IO10_IP_QC_HeLa_DMSO_NotFixed_1cells_6.raw	v1.1.0	NT=sdrf-skills;VV=v1.0.0	NT=ms-proteomics;VV=v1.1.0	NT=human;VV=v1.1.0	NT=cell-lines;VV=v1.1.0	NT=single-cell;VV=v1.0.0	NT=dia-acquisition;VV=v1.1.0	none
HeLa_DMSO_NonFix_1cell_10	NT=Homo sapiens;AC=NCBITaxon:9606	NT=uterine cervix;AC=UBERON:0000002	NT=epithelial cell;AC=CL:0000066	NT=cervical adenocarcinoma;AC=MONDO:0005153	cell line	NT=HeLa;AC=EFO:0001185	CVCL_0030	HeLa	NT=African American;AC=HANCESTRO:0568	30Y6M	female	NT=adult;AC=EFO:0001272	HeLa donor	DMEM, 10% FBS, 1% penicillin/streptomycin	not available	not available	NT=Dimethyl Sulfoxide;AC=NCIT:C437	not determined	NT=single cell;AC=PRIDE:0000897	cellenONE	HeLa_DMSO_NonFix_1cell_10	1	10	run 96	proteomic profiling by mass spectrometry	NT=Orbitrap Astral;AC=MS:1003378	NT=label free sample;AC=MS:1002038	NT=Oxidation;AC=UNIMOD:35;TA=M;MT=Variable	NT=Acetyl;AC=UNIMOD:1;PP=Protein N-term;MT=Variable	not applicable	NT=Trypsin;AC=MS:1001251	NT=Lys-C;AC=MS:1001309	Data-independent acquisition	NT=beam-type collision-induced dissociation;AC=MS:1000422	25% NCE	not available	not available	380	980	4	not available	1	1	20240208_AST3_Evo10_IO10_IP_QC_HeLa_DMSO_NotFixed_1cells_7.raw	v1.1.0	NT=sdrf-skills;VV=v1.0.0	NT=ms-proteomics;VV=v1.1.0	NT=human;VV=v1.1.0	NT=cell-lines;VV=v1.1.0	NT=single-cell;VV=v1.0.0	NT=dia-acquisition;VV=v1.1.0	none
HeLa_DMSO_NonFix_1cell_11	NT=Homo sapiens;AC=NCBITaxon:9606	NT=uterine cervix;AC=UBERON:0000002	NT=epithelial cell;AC=CL:0000066	NT=cervical adenocarcinoma;AC=MONDO:0005153	cell line	NT=HeLa;AC=EFO:0001185	CVCL_0030	HeLa	NT=African American;AC=HANCESTRO:0568	30Y6M	female	NT=adult;AC=EFO:0001272	HeLa donor	DMEM, 10% FBS, 1% penicillin/streptomycin	not available	not available	NT=Dimethyl Sulfoxide;AC=NCIT:C437	not determined	NT=single cell;AC=PRIDE:0000897	cellenONE	HeLa_DMSO_NonFix_1cell_11	1	11	run 97	proteomic profiling by mass spectrometry	NT=Orbitrap Astral;AC=MS:1003378	NT=label free sample;AC=MS:1002038	NT=Oxidation;AC=UNIMOD:35;TA=M;MT=Variable	NT=Acetyl;AC=UNIMOD:1;PP=Protein N-term;MT=Variable	not applicable	NT=Trypsin;AC=MS:1001251	NT=Lys-C;AC=MS:1001309	Data-independent acquisition	NT=beam-type collision-induced dissociation;AC=MS:1000422	25% NCE	not available	not available	380	980	4	not available	1	1	20240208_AST3_Evo10_IO10_IP_QC_HeLa_DMSO_NotFixed_1cells_8.raw	v1.1.0	NT=sdrf-skills;VV=v1.0.0	NT=ms-proteomics;VV=v1.1.0	NT=human;VV=v1.1.0	NT=cell-lines;VV=v1.1.0	NT=single-cell;VV=v1.0.0	NT=dia-acquisition;VV=v1.1.0	none
HeLa_DMSO_NonFix_1cell_12	NT=Homo sapiens;AC=NCBITaxon:9606	NT=uterine cervix;AC=UBERON:0000002	NT=epithelial cell;AC=CL:0000066	NT=cervical adenocarcinoma;AC=MONDO:0005153	cell line	NT=HeLa;AC=EFO:0001185	CVCL_0030	HeLa	NT=African American;AC=HANCESTRO:0568	30Y6M	female	NT=adult;AC=EFO:0001272	HeLa donor	DMEM, 10% FBS, 1% penicillin/streptomycin	not available	not available	NT=Dimethyl Sulfoxide;AC=NCIT:C437	not determined	NT=single cell;AC=PRIDE:0000897	cellenONE	HeLa_DMSO_NonFix_1cell_12	1	12	run 98	proteomic profiling by mass spectrometry	NT=Orbitrap Astral;AC=MS:1003378	NT=label free sample;AC=MS:1002038	NT=Oxidation;AC=UNIMOD:35;TA=M;MT=Variable	NT=Acetyl;AC=UNIMOD:1;PP=Protein N-term;MT=Variable	not applicable	NT=Trypsin;AC=MS:1001251	NT=Lys-C;AC=MS:1001309	Data-independent acquisition	NT=beam-type collision-induced dissociation;AC=MS:1000422	25% NCE	not available	not available	380	980	4	not available	1	1	20240208_AST3_Evo10_IO10_IP_QC_HeLa_DMSO_NotFixed_1cells_9.raw	v1.1.0	NT=sdrf-skills;VV=v1.0.0	NT=ms-proteomics;VV=v1.1.0	NT=human;VV=v1.1.0	NT=cell-lines;VV=v1.1.0	NT=single-cell;VV=v1.0.0	NT=dia-acquisition;VV=v1.1.0	none
HeLa_DMSO_NonFix_20cell_1	NT=Homo sapiens;AC=NCBITaxon:9606	NT=uterine cervix;AC=UBERON:0000002	NT=epithelial cell;AC=CL:0000066	NT=cervical adenocarcinoma;AC=MONDO:0005153	cell line	NT=HeLa;AC=EFO:0001185	CVCL_0030	HeLa	NT=African American;AC=HANCESTRO:0568	30Y6M	female	NT=adult;AC=EFO:0001272	HeLa donor	DMEM, 10% FBS, 1% penicillin/streptomycin	not available	not available	NT=Dimethyl Sulfoxide;AC=NCIT:C437	not determined	not applicable	cellenONE	not applicable	20	1	run 99	proteomic profiling by mass spectrometry	NT=Orbitrap Astral;AC=MS:1003378	NT=label free sample;AC=MS:1002038	NT=Oxidation;AC=UNIMOD:35;TA=M;MT=Variable	NT=Acetyl;AC=UNIMOD:1;PP=Protein N-term;MT=Variable	not applicable	NT=Trypsin;AC=MS:1001251	NT=Lys-C;AC=MS:1001309	Data-independent acquisition	NT=beam-type collision-induced dissociation;AC=MS:1000422	25% NCE	not available	not available	380	980	4	not available	1	1	20240208_AST3_Evo10_IO10_IP_QC_HeLa_DMSO_NotFixed_20cells_1.raw	v1.1.0	NT=sdrf-skills;VV=v1.0.0	NT=ms-proteomics;VV=v1.1.0	NT=human;VV=v1.1.0	NT=cell-lines;VV=v1.1.0	NT=single-cell;VV=v1.0.0	NT=dia-acquisition;VV=v1.1.0	none
HeLa_DMSO_NonFix_20cell_2	NT=Homo sapiens;AC=NCBITaxon:9606	NT=uterine cervix;AC=UBERON:0000002	NT=epithelial cell;AC=CL:0000066	NT=cervical adenocarcinoma;AC=MONDO:0005153	cell line	NT=HeLa;AC=EFO:0001185	CVCL_0030	HeLa	NT=African American;AC=HANCESTRO:0568	30Y6M	female	NT=adult;AC=EFO:0001272	HeLa donor	DMEM, 10% FBS, 1% penicillin/streptomycin	not available	not available	NT=Dimethyl Sulfoxide;AC=NCIT:C437	not determined	not applicable	cellenONE	not applicable	20	2	run 100	proteomic profiling by mass spectrometry	NT=Orbitrap Astral;AC=MS:1003378	NT=label free sample;AC=MS:1002038	NT=Oxidation;AC=UNIMOD:35;TA=M;MT=Variable	NT=Acetyl;AC=UNIMOD:1;PP=Protein N-term;MT=Variable	not applicable	NT=Trypsin;AC=MS:1001251	NT=Lys-C;AC=MS:1001309	Data-independent acquisition	NT=beam-type collision-induced dissociation;AC=MS:1000422	25% NCE	not available	not available	380	980	4	not available	1	1	20240208_AST3_Evo10_IO10_IP_QC_HeLa_DMSO_NotFixed_20cells_2.raw	v1.1.0	NT=sdrf-skills;VV=v1.0.0	NT=ms-proteomics;VV=v1.1.0	NT=human;VV=v1.1.0	NT=cell-lines;VV=v1.1.0	NT=single-cell;VV=v1.0.0	NT=dia-acquisition;VV=v1.1.0	none
HeLa_DMSO_NonFix_20cell_3	NT=Homo sapiens;AC=NCBITaxon:9606	NT=uterine cervix;AC=UBERON:0000002	NT=epithelial cell;AC=CL:0000066	NT=cervical adenocarcinoma;AC=MONDO:0005153	cell line	NT=HeLa;AC=EFO:0001185	CVCL_0030	HeLa	NT=African American;AC=HANCESTRO:0568	30Y6M	female	NT=adult;AC=EFO:0001272	HeLa donor	DMEM, 10% FBS, 1% penicillin/streptomycin	not available	not available	NT=Dimethyl Sulfoxide;AC=NCIT:C437	not determined	not applicable	cellenONE	not applicable	20	3	run 101	proteomic profiling by mass spectrometry	NT=Orbitrap Astral;AC=MS:1003378	NT=label free sample;AC=MS:1002038	NT=Oxidation;AC=UNIMOD:35;TA=M;MT=Variable	NT=Acetyl;AC=UNIMOD:1;PP=Protein N-term;MT=Variable	not applicable	NT=Trypsin;AC=MS:1001251	NT=Lys-C;AC=MS:1001309	Data-independent acquisition	NT=beam-type collision-induced dissociation;AC=MS:1000422	25% NCE	not available	not available	380	980	4	not available	1	1	20240208_AST3_Evo10_IO10_IP_QC_HeLa_DMSO_NotFixed_20cells_3.raw	v1.1.0	NT=sdrf-skills;VV=v1.0.0	NT=ms-proteomics;VV=v1.1.0	NT=human;VV=v1.1.0	NT=cell-lines;VV=v1.1.0	NT=single-cell;VV=v1.0.0	NT=dia-acquisition;VV=v1.1.0	none
HeLa_DMSO_NonFix_20cell_4	NT=Homo sapiens;AC=NCBITaxon:9606	NT=uterine cervix;AC=UBERON:0000002	NT=epithelial cell;AC=CL:0000066	NT=cervical adenocarcinoma;AC=MONDO:0005153	cell line	NT=HeLa;AC=EFO:0001185	CVCL_0030	HeLa	NT=African American;AC=HANCESTRO:0568	30Y6M	female	NT=adult;AC=EFO:0001272	HeLa donor	DMEM, 10% FBS, 1% penicillin/streptomycin	not available	not available	NT=Dimethyl Sulfoxide;AC=NCIT:C437	not determined	not applicable	cellenONE	not applicable	20	4	run 102	proteomic profiling by mass spectrometry	NT=Orbitrap Astral;AC=MS:1003378	NT=label free sample;AC=MS:1002038	NT=Oxidation;AC=UNIMOD:35;TA=M;MT=Variable	NT=Acetyl;AC=UNIMOD:1;PP=Protein N-term;MT=Variable	not applicable	NT=Trypsin;AC=MS:1001251	NT=Lys-C;AC=MS:1001309	Data-independent acquisition	NT=beam-type collision-induced dissociation;AC=MS:1000422	25% NCE	not available	not available	380	980	4	not available	1	1	20240208_AST3_Evo10_IO10_IP_QC_HeLa_DMSO_NotFixed_20cells_4.raw	v1.1.0	NT=sdrf-skills;VV=v1.0.0	NT=ms-proteomics;VV=v1.1.0	NT=human;VV=v1.1.0	NT=cell-lines;VV=v1.1.0	NT=single-cell;VV=v1.0.0	NT=dia-acquisition;VV=v1.1.0	none
HeLa_MTX_FA_1cell_1	NT=Homo sapiens;AC=NCBITaxon:9606	NT=uterine cervix;AC=UBERON:0000002	NT=epithelial cell;AC=CL:0000066	NT=cervical adenocarcinoma;AC=MONDO:0005153	cell line	NT=HeLa;AC=EFO:0001185	CVCL_0030	HeLa	NT=African American;AC=HANCESTRO:0568	30Y6M	female	NT=adult;AC=EFO:0001272	HeLa donor	DMEM, 10% FBS, 1% penicillin/streptomycin	not available	not available	NT=Methotrexate;AC=NCIT:C642	not determined	NT=single cell;AC=PRIDE:0000897	cellenONE	HeLa_MTX_FA_1cell_1	1	1	run 103	proteomic profiling by mass spectrometry	NT=Orbitrap Astral;AC=MS:1003378	NT=label free sample;AC=MS:1002038	NT=Oxidation;AC=UNIMOD:35;TA=M;MT=Variable	NT=Acetyl;AC=UNIMOD:1;PP=Protein N-term;MT=Variable	not applicable	NT=Trypsin;AC=MS:1001251	NT=Lys-C;AC=MS:1001309	Data-independent acquisition	NT=beam-type collision-induced dissociation;AC=MS:1000422	25% NCE	not available	not available	380	980	4	not available	1	1	20240208_AST3_Evo10_IO10_IP_QC_HeLa_MTX_Fixed_1cells_1.raw	v1.1.0	NT=sdrf-skills;VV=v1.0.0	NT=ms-proteomics;VV=v1.1.0	NT=human;VV=v1.1.0	NT=cell-lines;VV=v1.1.0	NT=single-cell;VV=v1.0.0	NT=dia-acquisition;VV=v1.1.0	formaldehyde
HeLa_MTX_FA_1cell_2	NT=Homo sapiens;AC=NCBITaxon:9606	NT=uterine cervix;AC=UBERON:0000002	NT=epithelial cell;AC=CL:0000066	NT=cervical adenocarcinoma;AC=MONDO:0005153	cell line	NT=HeLa;AC=EFO:0001185	CVCL_0030	HeLa	NT=African American;AC=HANCESTRO:0568	30Y6M	female	NT=adult;AC=EFO:0001272	HeLa donor	DMEM, 10% FBS, 1% penicillin/streptomycin	not available	not available	NT=Methotrexate;AC=NCIT:C642	not determined	NT=single cell;AC=PRIDE:0000897	cellenONE	HeLa_MTX_FA_1cell_2	1	2	run 104	proteomic profiling by mass spectrometry	NT=Orbitrap Astral;AC=MS:1003378	NT=label free sample;AC=MS:1002038	NT=Oxidation;AC=UNIMOD:35;TA=M;MT=Variable	NT=Acetyl;AC=UNIMOD:1;PP=Protein N-term;MT=Variable	not applicable	NT=Trypsin;AC=MS:1001251	NT=Lys-C;AC=MS:1001309	Data-independent acquisition	NT=beam-type collision-induced dissociation;AC=MS:1000422	25% NCE	not available	not available	380	980	4	not available	1	1	20240208_AST3_Evo10_IO10_IP_QC_HeLa_MTX_Fixed_1cells_10.raw	v1.1.0	NT=sdrf-skills;VV=v1.0.0	NT=ms-proteomics;VV=v1.1.0	NT=human;VV=v1.1.0	NT=cell-lines;VV=v1.1.0	NT=single-cell;VV=v1.0.0	NT=dia-acquisition;VV=v1.1.0	formaldehyde
HeLa_MTX_FA_1cell_3	NT=Homo sapiens;AC=NCBITaxon:9606	NT=uterine cervix;AC=UBERON:0000002	NT=epithelial cell;AC=CL:0000066	NT=cervical adenocarcinoma;AC=MONDO:0005153	cell line	NT=HeLa;AC=EFO:0001185	CVCL_0030	HeLa	NT=African American;AC=HANCESTRO:0568	30Y6M	female	NT=adult;AC=EFO:0001272	HeLa donor	DMEM, 10% FBS, 1% penicillin/streptomycin	not available	not available	NT=Methotrexate;AC=NCIT:C642	not determined	NT=single cell;AC=PRIDE:0000897	cellenONE	HeLa_MTX_FA_1cell_3	1	3	run 105	proteomic profiling by mass spectrometry	NT=Orbitrap Astral;AC=MS:1003378	NT=label free sample;AC=MS:1002038	NT=Oxidation;AC=UNIMOD:35;TA=M;MT=Variable	NT=Acetyl;AC=UNIMOD:1;PP=Protein N-term;MT=Variable	not applicable	NT=Trypsin;AC=MS:1001251	NT=Lys-C;AC=MS:1001309	Data-independent acquisition	NT=beam-type collision-induced dissociation;AC=MS:1000422	25% NCE	not available	not available	380	980	4	not available	1	1	20240208_AST3_Evo10_IO10_IP_QC_HeLa_MTX_Fixed_1cells_11.raw	v1.1.0	NT=sdrf-skills;VV=v1.0.0	NT=ms-proteomics;VV=v1.1.0	NT=human;VV=v1.1.0	NT=cell-lines;VV=v1.1.0	NT=single-cell;VV=v1.0.0	NT=dia-acquisition;VV=v1.1.0	formaldehyde
HeLa_MTX_FA_1cell_4	NT=Homo sapiens;AC=NCBITaxon:9606	NT=uterine cervix;AC=UBERON:0000002	NT=epithelial cell;AC=CL:0000066	NT=cervical adenocarcinoma;AC=MONDO:0005153	cell line	NT=HeLa;AC=EFO:0001185	CVCL_0030	HeLa	NT=African American;AC=HANCESTRO:0568	30Y6M	female	NT=adult;AC=EFO:0001272	HeLa donor	DMEM, 10% FBS, 1% penicillin/streptomycin	not available	not available	NT=Methotrexate;AC=NCIT:C642	not determined	NT=single cell;AC=PRIDE:0000897	cellenONE	HeLa_MTX_FA_1cell_4	1	4	run 106	proteomic profiling by mass spectrometry	NT=Orbitrap Astral;AC=MS:1003378	NT=label free sample;AC=MS:1002038	NT=Oxidation;AC=UNIMOD:35;TA=M;MT=Variable	NT=Acetyl;AC=UNIMOD:1;PP=Protein N-term;MT=Variable	not applicable	NT=Trypsin;AC=MS:1001251	NT=Lys-C;AC=MS:1001309	Data-independent acquisition	NT=beam-type collision-induced dissociation;AC=MS:1000422	25% NCE	not available	not available	380	980	4	not available	1	1	20240208_AST3_Evo10_IO10_IP_QC_HeLa_MTX_Fixed_1cells_12.raw	v1.1.0	NT=sdrf-skills;VV=v1.0.0	NT=ms-proteomics;VV=v1.1.0	NT=human;VV=v1.1.0	NT=cell-lines;VV=v1.1.0	NT=single-cell;VV=v1.0.0	NT=dia-acquisition;VV=v1.1.0	formaldehyde
HeLa_MTX_FA_1cell_5	NT=Homo sapiens;AC=NCBITaxon:9606	NT=uterine cervix;AC=UBERON:0000002	NT=epithelial cell;AC=CL:0000066	NT=cervical adenocarcinoma;AC=MONDO:0005153	cell line	NT=HeLa;AC=EFO:0001185	CVCL_0030	HeLa	NT=African American;AC=HANCESTRO:0568	30Y6M	female	NT=adult;AC=EFO:0001272	HeLa donor	DMEM, 10% FBS, 1% penicillin/streptomycin	not available	not available	NT=Methotrexate;AC=NCIT:C642	not determined	NT=single cell;AC=PRIDE:0000897	cellenONE	HeLa_MTX_FA_1cell_5	1	5	run 107	proteomic profiling by mass spectrometry	NT=Orbitrap Astral;AC=MS:1003378	NT=label free sample;AC=MS:1002038	NT=Oxidation;AC=UNIMOD:35;TA=M;MT=Variable	NT=Acetyl;AC=UNIMOD:1;PP=Protein N-term;MT=Variable	not applicable	NT=Trypsin;AC=MS:1001251	NT=Lys-C;AC=MS:1001309	Data-independent acquisition	NT=beam-type collision-induced dissociation;AC=MS:1000422	25% NCE	not available	not available	380	980	4	not available	1	1	20240208_AST3_Evo10_IO10_IP_QC_HeLa_MTX_Fixed_1cells_2.raw	v1.1.0	NT=sdrf-skills;VV=v1.0.0	NT=ms-proteomics;VV=v1.1.0	NT=human;VV=v1.1.0	NT=cell-lines;VV=v1.1.0	NT=single-cell;VV=v1.0.0	NT=dia-acquisition;VV=v1.1.0	formaldehyde
HeLa_MTX_FA_1cell_6	NT=Homo sapiens;AC=NCBITaxon:9606	NT=uterine cervix;AC=UBERON:0000002	NT=epithelial cell;AC=CL:0000066	NT=cervical adenocarcinoma;AC=MONDO:0005153	cell line	NT=HeLa;AC=EFO:0001185	CVCL_0030	HeLa	NT=African American;AC=HANCESTRO:0568	30Y6M	female	NT=adult;AC=EFO:0001272	HeLa donor	DMEM, 10% FBS, 1% penicillin/streptomycin	not available	not available	NT=Methotrexate;AC=NCIT:C642	not determined	NT=single cell;AC=PRIDE:0000897	cellenONE	HeLa_MTX_FA_1cell_6	1	6	run 108	proteomic profiling by mass spectrometry	NT=Orbitrap Astral;AC=MS:1003378	NT=label free sample;AC=MS:1002038	NT=Oxidation;AC=UNIMOD:35;TA=M;MT=Variable	NT=Acetyl;AC=UNIMOD:1;PP=Protein N-term;MT=Variable	not applicable	NT=Trypsin;AC=MS:1001251	NT=Lys-C;AC=MS:1001309	Data-independent acquisition	NT=beam-type collision-induced dissociation;AC=MS:1000422	25% NCE	not available	not available	380	980	4	not available	1	1	20240208_AST3_Evo10_IO10_IP_QC_HeLa_MTX_Fixed_1cells_3.raw	v1.1.0	NT=sdrf-skills;VV=v1.0.0	NT=ms-proteomics;VV=v1.1.0	NT=human;VV=v1.1.0	NT=cell-lines;VV=v1.1.0	NT=single-cell;VV=v1.0.0	NT=dia-acquisition;VV=v1.1.0	formaldehyde
HeLa_MTX_FA_1cell_7	NT=Homo sapiens;AC=NCBITaxon:9606	NT=uterine cervix;AC=UBERON:0000002	NT=epithelial cell;AC=CL:0000066	NT=cervical adenocarcinoma;AC=MONDO:0005153	cell line	NT=HeLa;AC=EFO:0001185	CVCL_0030	HeLa	NT=African American;AC=HANCESTRO:0568	30Y6M	female	NT=adult;AC=EFO:0001272	HeLa donor	DMEM, 10% FBS, 1% penicillin/streptomycin	not available	not available	NT=Methotrexate;AC=NCIT:C642	not determined	NT=single cell;AC=PRIDE:0000897	cellenONE	HeLa_MTX_FA_1cell_7	1	7	run 109	proteomic profiling by mass spectrometry	NT=Orbitrap Astral;AC=MS:1003378	NT=label free sample;AC=MS:1002038	NT=Oxidation;AC=UNIMOD:35;TA=M;MT=Variable	NT=Acetyl;AC=UNIMOD:1;PP=Protein N-term;MT=Variable	not applicable	NT=Trypsin;AC=MS:1001251	NT=Lys-C;AC=MS:1001309	Data-independent acquisition	NT=beam-type collision-induced dissociation;AC=MS:1000422	25% NCE	not available	not available	380	980	4	not available	1	1	20240208_AST3_Evo10_IO10_IP_QC_HeLa_MTX_Fixed_1cells_4.raw	v1.1.0	NT=sdrf-skills;VV=v1.0.0	NT=ms-proteomics;VV=v1.1.0	NT=human;VV=v1.1.0	NT=cell-lines;VV=v1.1.0	NT=single-cell;VV=v1.0.0	NT=dia-acquisition;VV=v1.1.0	formaldehyde
HeLa_MTX_FA_1cell_8	NT=Homo sapiens;AC=NCBITaxon:9606	NT=uterine cervix;AC=UBERON:0000002	NT=epithelial cell;AC=CL:0000066	NT=cervical adenocarcinoma;AC=MONDO:0005153	cell line	NT=HeLa;AC=EFO:0001185	CVCL_0030	HeLa	NT=African American;AC=HANCESTRO:0568	30Y6M	female	NT=adult;AC=EFO:0001272	HeLa donor	DMEM, 10% FBS, 1% penicillin/streptomycin	not available	not available	NT=Methotrexate;AC=NCIT:C642	not determined	NT=single cell;AC=PRIDE:0000897	cellenONE	HeLa_MTX_FA_1cell_8	1	8	run 110	proteomic profiling by mass spectrometry	NT=Orbitrap Astral;AC=MS:1003378	NT=label free sample;AC=MS:1002038	NT=Oxidation;AC=UNIMOD:35;TA=M;MT=Variable	NT=Acetyl;AC=UNIMOD:1;PP=Protein N-term;MT=Variable	not applicable	NT=Trypsin;AC=MS:1001251	NT=Lys-C;AC=MS:1001309	Data-independent acquisition	NT=beam-type collision-induced dissociation;AC=MS:1000422	25% NCE	not available	not available	380	980	4	not available	1	1	20240208_AST3_Evo10_IO10_IP_QC_HeLa_MTX_Fixed_1cells_5.raw	v1.1.0	NT=sdrf-skills;VV=v1.0.0	NT=ms-proteomics;VV=v1.1.0	NT=human;VV=v1.1.0	NT=cell-lines;VV=v1.1.0	NT=single-cell;VV=v1.0.0	NT=dia-acquisition;VV=v1.1.0	formaldehyde
HeLa_MTX_FA_1cell_9	NT=Homo sapiens;AC=NCBITaxon:9606	NT=uterine cervix;AC=UBERON:0000002	NT=epithelial cell;AC=CL:0000066	NT=cervical adenocarcinoma;AC=MONDO:0005153	cell line	NT=HeLa;AC=EFO:0001185	CVCL_0030	HeLa	NT=African American;AC=HANCESTRO:0568	30Y6M	female	NT=adult;AC=EFO:0001272	HeLa donor	DMEM, 10% FBS, 1% penicillin/streptomycin	not available	not available	NT=Methotrexate;AC=NCIT:C642	not determined	NT=single cell;AC=PRIDE:0000897	cellenONE	HeLa_MTX_FA_1cell_9	1	9	run 111	proteomic profiling by mass spectrometry	NT=Orbitrap Astral;AC=MS:1003378	NT=label free sample;AC=MS:1002038	NT=Oxidation;AC=UNIMOD:35;TA=M;MT=Variable	NT=Acetyl;AC=UNIMOD:1;PP=Protein N-term;MT=Variable	not applicable	NT=Trypsin;AC=MS:1001251	NT=Lys-C;AC=MS:1001309	Data-independent acquisition	NT=beam-type collision-induced dissociation;AC=MS:1000422	25% NCE	not available	not available	380	980	4	not available	1	1	20240208_AST3_Evo10_IO10_IP_QC_HeLa_MTX_Fixed_1cells_6.raw	v1.1.0	NT=sdrf-skills;VV=v1.0.0	NT=ms-proteomics;VV=v1.1.0	NT=human;VV=v1.1.0	NT=cell-lines;VV=v1.1.0	NT=single-cell;VV=v1.0.0	NT=dia-acquisition;VV=v1.1.0	formaldehyde
HeLa_MTX_FA_1cell_10	NT=Homo sapiens;AC=NCBITaxon:9606	NT=uterine cervix;AC=UBERON:0000002	NT=epithelial cell;AC=CL:0000066	NT=cervical adenocarcinoma;AC=MONDO:0005153	cell line	NT=HeLa;AC=EFO:0001185	CVCL_0030	HeLa	NT=African American;AC=HANCESTRO:0568	30Y6M	female	NT=adult;AC=EFO:0001272	HeLa donor	DMEM, 10% FBS, 1% penicillin/streptomycin	not available	not available	NT=Methotrexate;AC=NCIT:C642	not determined	NT=single cell;AC=PRIDE:0000897	cellenONE	HeLa_MTX_FA_1cell_10	1	10	run 112	proteomic profiling by mass spectrometry	NT=Orbitrap Astral;AC=MS:1003378	NT=label free sample;AC=MS:1002038	NT=Oxidation;AC=UNIMOD:35;TA=M;MT=Variable	NT=Acetyl;AC=UNIMOD:1;PP=Protein N-term;MT=Variable	not applicable	NT=Trypsin;AC=MS:1001251	NT=Lys-C;AC=MS:1001309	Data-independent acquisition	NT=beam-type collision-induced dissociation;AC=MS:1000422	25% NCE	not available	not available	380	980	4	not available	1	1	20240208_AST3_Evo10_IO10_IP_QC_HeLa_MTX_Fixed_1cells_7.raw	v1.1.0	NT=sdrf-skills;VV=v1.0.0	NT=ms-proteomics;VV=v1.1.0	NT=human;VV=v1.1.0	NT=cell-lines;VV=v1.1.0	NT=single-cell;VV=v1.0.0	NT=dia-acquisition;VV=v1.1.0	formaldehyde
HeLa_MTX_FA_1cell_11	NT=Homo sapiens;AC=NCBITaxon:9606	NT=uterine cervix;AC=UBERON:0000002	NT=epithelial cell;AC=CL:0000066	NT=cervical adenocarcinoma;AC=MONDO:0005153	cell line	NT=HeLa;AC=EFO:0001185	CVCL_0030	HeLa	NT=African American;AC=HANCESTRO:0568	30Y6M	female	NT=adult;AC=EFO:0001272	HeLa donor	DMEM, 10% FBS, 1% penicillin/streptomycin	not available	not available	NT=Methotrexate;AC=NCIT:C642	not determined	NT=single cell;AC=PRIDE:0000897	cellenONE	HeLa_MTX_FA_1cell_11	1	11	run 113	proteomic profiling by mass spectrometry	NT=Orbitrap Astral;AC=MS:1003378	NT=label free sample;AC=MS:1002038	NT=Oxidation;AC=UNIMOD:35;TA=M;MT=Variable	NT=Acetyl;AC=UNIMOD:1;PP=Protein N-term;MT=Variable	not applicable	NT=Trypsin;AC=MS:1001251	NT=Lys-C;AC=MS:1001309	Data-independent acquisition	NT=beam-type collision-induced dissociation;AC=MS:1000422	25% NCE	not available	not available	380	980	4	not available	1	1	20240208_AST3_Evo10_IO10_IP_QC_HeLa_MTX_Fixed_1cells_8.raw	v1.1.0	NT=sdrf-skills;VV=v1.0.0	NT=ms-proteomics;VV=v1.1.0	NT=human;VV=v1.1.0	NT=cell-lines;VV=v1.1.0	NT=single-cell;VV=v1.0.0	NT=dia-acquisition;VV=v1.1.0	formaldehyde
HeLa_MTX_FA_1cell_12	NT=Homo sapiens;AC=NCBITaxon:9606	NT=uterine cervix;AC=UBERON:0000002	NT=epithelial cell;AC=CL:0000066	NT=cervical adenocarcinoma;AC=MONDO:0005153	cell line	NT=HeLa;AC=EFO:0001185	CVCL_0030	HeLa	NT=African American;AC=HANCESTRO:0568	30Y6M	female	NT=adult;AC=EFO:0001272	HeLa donor	DMEM, 10% FBS, 1% penicillin/streptomycin	not available	not available	NT=Methotrexate;AC=NCIT:C642	not determined	NT=single cell;AC=PRIDE:0000897	cellenONE	HeLa_MTX_FA_1cell_12	1	12	run 114	proteomic profiling by mass spectrometry	NT=Orbitrap Astral;AC=MS:1003378	NT=label free sample;AC=MS:1002038	NT=Oxidation;AC=UNIMOD:35;TA=M;MT=Variable	NT=Acetyl;AC=UNIMOD:1;PP=Protein N-term;MT=Variable	not applicable	NT=Trypsin;AC=MS:1001251	NT=Lys-C;AC=MS:1001309	Data-independent acquisition	NT=beam-type collision-induced dissociation;AC=MS:1000422	25% NCE	not available	not available	380	980	4	not available	1	1	20240208_AST3_Evo10_IO10_IP_QC_HeLa_MTX_Fixed_1cells_9.raw	v1.1.0	NT=sdrf-skills;VV=v1.0.0	NT=ms-proteomics;VV=v1.1.0	NT=human;VV=v1.1.0	NT=cell-lines;VV=v1.1.0	NT=single-cell;VV=v1.0.0	NT=dia-acquisition;VV=v1.1.0	formaldehyde
HeLa_MTX_FA_20cell_1	NT=Homo sapiens;AC=NCBITaxon:9606	NT=uterine cervix;AC=UBERON:0000002	NT=epithelial cell;AC=CL:0000066	NT=cervical adenocarcinoma;AC=MONDO:0005153	cell line	NT=HeLa;AC=EFO:0001185	CVCL_0030	HeLa	NT=African American;AC=HANCESTRO:0568	30Y6M	female	NT=adult;AC=EFO:0001272	HeLa donor	DMEM, 10% FBS, 1% penicillin/streptomycin	not available	not available	NT=Methotrexate;AC=NCIT:C642	not determined	not applicable	cellenONE	not applicable	20	1	run 115	proteomic profiling by mass spectrometry	NT=Orbitrap Astral;AC=MS:1003378	NT=label free sample;AC=MS:1002038	NT=Oxidation;AC=UNIMOD:35;TA=M;MT=Variable	NT=Acetyl;AC=UNIMOD:1;PP=Protein N-term;MT=Variable	not applicable	NT=Trypsin;AC=MS:1001251	NT=Lys-C;AC=MS:1001309	Data-independent acquisition	NT=beam-type collision-induced dissociation;AC=MS:1000422	25% NCE	not available	not available	380	980	4	not available	1	1	20240208_AST3_Evo10_IO10_IP_QC_HeLa_MTX_Fixed_20cells_1.raw	v1.1.0	NT=sdrf-skills;VV=v1.0.0	NT=ms-proteomics;VV=v1.1.0	NT=human;VV=v1.1.0	NT=cell-lines;VV=v1.1.0	NT=single-cell;VV=v1.0.0	NT=dia-acquisition;VV=v1.1.0	formaldehyde
HeLa_MTX_FA_20cell_2	NT=Homo sapiens;AC=NCBITaxon:9606	NT=uterine cervix;AC=UBERON:0000002	NT=epithelial cell;AC=CL:0000066	NT=cervical adenocarcinoma;AC=MONDO:0005153	cell line	NT=HeLa;AC=EFO:0001185	CVCL_0030	HeLa	NT=African American;AC=HANCESTRO:0568	30Y6M	female	NT=adult;AC=EFO:0001272	HeLa donor	DMEM, 10% FBS, 1% penicillin/streptomycin	not available	not available	NT=Methotrexate;AC=NCIT:C642	not determined	not applicable	cellenONE	not applicable	20	2	run 116	proteomic profiling by mass spectrometry	NT=Orbitrap Astral;AC=MS:1003378	NT=label free sample;AC=MS:1002038	NT=Oxidation;AC=UNIMOD:35;TA=M;MT=Variable	NT=Acetyl;AC=UNIMOD:1;PP=Protein N-term;MT=Variable	not applicable	NT=Trypsin;AC=MS:1001251	NT=Lys-C;AC=MS:1001309	Data-independent acquisition	NT=beam-type collision-induced dissociation;AC=MS:1000422	25% NCE	not available	not available	380	980	4	not available	1	1	20240208_AST3_Evo10_IO10_IP_QC_HeLa_MTX_Fixed_20cells_2.raw	v1.1.0	NT=sdrf-skills;VV=v1.0.0	NT=ms-proteomics;VV=v1.1.0	NT=human;VV=v1.1.0	NT=cell-lines;VV=v1.1.0	NT=single-cell;VV=v1.0.0	NT=dia-acquisition;VV=v1.1.0	formaldehyde
HeLa_MTX_FA_20cell_3	NT=Homo sapiens;AC=NCBITaxon:9606	NT=uterine cervix;AC=UBERON:0000002	NT=epithelial cell;AC=CL:0000066	NT=cervical adenocarcinoma;AC=MONDO:0005153	cell line	NT=HeLa;AC=EFO:0001185	CVCL_0030	HeLa	NT=African American;AC=HANCESTRO:0568	30Y6M	female	NT=adult;AC=EFO:0001272	HeLa donor	DMEM, 10% FBS, 1% penicillin/streptomycin	not available	not available	NT=Methotrexate;AC=NCIT:C642	not determined	not applicable	cellenONE	not applicable	20	3	run 117	proteomic profiling by mass spectrometry	NT=Orbitrap Astral;AC=MS:1003378	NT=label free sample;AC=MS:1002038	NT=Oxidation;AC=UNIMOD:35;TA=M;MT=Variable	NT=Acetyl;AC=UNIMOD:1;PP=Protein N-term;MT=Variable	not applicable	NT=Trypsin;AC=MS:1001251	NT=Lys-C;AC=MS:1001309	Data-independent acquisition	NT=beam-type collision-induced dissociation;AC=MS:1000422	25% NCE	not available	not available	380	980	4	not available	1	1	20240208_AST3_Evo10_IO10_IP_QC_HeLa_MTX_Fixed_20cells_3.raw	v1.1.0	NT=sdrf-skills;VV=v1.0.0	NT=ms-proteomics;VV=v1.1.0	NT=human;VV=v1.1.0	NT=cell-lines;VV=v1.1.0	NT=single-cell;VV=v1.0.0	NT=dia-acquisition;VV=v1.1.0	formaldehyde
HeLa_MTX_FA_20cell_4	NT=Homo sapiens;AC=NCBITaxon:9606	NT=uterine cervix;AC=UBERON:0000002	NT=epithelial cell;AC=CL:0000066	NT=cervical adenocarcinoma;AC=MONDO:0005153	cell line	NT=HeLa;AC=EFO:0001185	CVCL_0030	HeLa	NT=African American;AC=HANCESTRO:0568	30Y6M	female	NT=adult;AC=EFO:0001272	HeLa donor	DMEM, 10% FBS, 1% penicillin/streptomycin	not available	not available	NT=Methotrexate;AC=NCIT:C642	not determined	not applicable	cellenONE	not applicable	20	4	run 118	proteomic profiling by mass spectrometry	NT=Orbitrap Astral;AC=MS:1003378	NT=label free sample;AC=MS:1002038	NT=Oxidation;AC=UNIMOD:35;TA=M;MT=Variable	NT=Acetyl;AC=UNIMOD:1;PP=Protein N-term;MT=Variable	not applicable	NT=Trypsin;AC=MS:1001251	NT=Lys-C;AC=MS:1001309	Data-independent acquisition	NT=beam-type collision-induced dissociation;AC=MS:1000422	25% NCE	not available	not available	380	980	4	not available	1	1	20240208_AST3_Evo10_IO10_IP_QC_HeLa_MTX_Fixed_20cells_4.raw	v1.1.0	NT=sdrf-skills;VV=v1.0.0	NT=ms-proteomics;VV=v1.1.0	NT=human;VV=v1.1.0	NT=cell-lines;VV=v1.1.0	NT=single-cell;VV=v1.0.0	NT=dia-acquisition;VV=v1.1.0	formaldehyde
HeLa_MTX_NonFix_1cell_1	NT=Homo sapiens;AC=NCBITaxon:9606	NT=uterine cervix;AC=UBERON:0000002	NT=epithelial cell;AC=CL:0000066	NT=cervical adenocarcinoma;AC=MONDO:0005153	cell line	NT=HeLa;AC=EFO:0001185	CVCL_0030	HeLa	NT=African American;AC=HANCESTRO:0568	30Y6M	female	NT=adult;AC=EFO:0001272	HeLa donor	DMEM, 10% FBS, 1% penicillin/streptomycin	not available	not available	NT=Methotrexate;AC=NCIT:C642	not determined	NT=single cell;AC=PRIDE:0000897	cellenONE	HeLa_MTX_NonFix_1cell_1	1	1	run 119	proteomic profiling by mass spectrometry	NT=Orbitrap Astral;AC=MS:1003378	NT=label free sample;AC=MS:1002038	NT=Oxidation;AC=UNIMOD:35;TA=M;MT=Variable	NT=Acetyl;AC=UNIMOD:1;PP=Protein N-term;MT=Variable	not applicable	NT=Trypsin;AC=MS:1001251	NT=Lys-C;AC=MS:1001309	Data-independent acquisition	NT=beam-type collision-induced dissociation;AC=MS:1000422	25% NCE	not available	not available	380	980	4	not available	1	1	20240208_AST3_Evo10_IO10_IP_QC_HeLa_MTX_NotFixed_1cells_1.raw	v1.1.0	NT=sdrf-skills;VV=v1.0.0	NT=ms-proteomics;VV=v1.1.0	NT=human;VV=v1.1.0	NT=cell-lines;VV=v1.1.0	NT=single-cell;VV=v1.0.0	NT=dia-acquisition;VV=v1.1.0	none
HeLa_MTX_NonFix_1cell_2	NT=Homo sapiens;AC=NCBITaxon:9606	NT=uterine cervix;AC=UBERON:0000002	NT=epithelial cell;AC=CL:0000066	NT=cervical adenocarcinoma;AC=MONDO:0005153	cell line	NT=HeLa;AC=EFO:0001185	CVCL_0030	HeLa	NT=African American;AC=HANCESTRO:0568	30Y6M	female	NT=adult;AC=EFO:0001272	HeLa donor	DMEM, 10% FBS, 1% penicillin/streptomycin	not available	not available	NT=Methotrexate;AC=NCIT:C642	not determined	NT=single cell;AC=PRIDE:0000897	cellenONE	HeLa_MTX_NonFix_1cell_2	1	2	run 120	proteomic profiling by mass spectrometry	NT=Orbitrap Astral;AC=MS:1003378	NT=label free sample;AC=MS:1002038	NT=Oxidation;AC=UNIMOD:35;TA=M;MT=Variable	NT=Acetyl;AC=UNIMOD:1;PP=Protein N-term;MT=Variable	not applicable	NT=Trypsin;AC=MS:1001251	NT=Lys-C;AC=MS:1001309	Data-independent acquisition	NT=beam-type collision-induced dissociation;AC=MS:1000422	25% NCE	not available	not available	380	980	4	not available	1	1	20240208_AST3_Evo10_IO10_IP_QC_HeLa_MTX_NotFixed_1cells_10.raw	v1.1.0	NT=sdrf-skills;VV=v1.0.0	NT=ms-proteomics;VV=v1.1.0	NT=human;VV=v1.1.0	NT=cell-lines;VV=v1.1.0	NT=single-cell;VV=v1.0.0	NT=dia-acquisition;VV=v1.1.0	none
HeLa_MTX_NonFix_1cell_3	NT=Homo sapiens;AC=NCBITaxon:9606	NT=uterine cervix;AC=UBERON:0000002	NT=epithelial cell;AC=CL:0000066	NT=cervical adenocarcinoma;AC=MONDO:0005153	cell line	NT=HeLa;AC=EFO:0001185	CVCL_0030	HeLa	NT=African American;AC=HANCESTRO:0568	30Y6M	female	NT=adult;AC=EFO:0001272	HeLa donor	DMEM, 10% FBS, 1% penicillin/streptomycin	not available	not available	NT=Methotrexate;AC=NCIT:C642	not determined	NT=single cell;AC=PRIDE:0000897	cellenONE	HeLa_MTX_NonFix_1cell_3	1	3	run 121	proteomic profiling by mass spectrometry	NT=Orbitrap Astral;AC=MS:1003378	NT=label free sample;AC=MS:1002038	NT=Oxidation;AC=UNIMOD:35;TA=M;MT=Variable	NT=Acetyl;AC=UNIMOD:1;PP=Protein N-term;MT=Variable	not applicable	NT=Trypsin;AC=MS:1001251	NT=Lys-C;AC=MS:1001309	Data-independent acquisition	NT=beam-type collision-induced dissociation;AC=MS:1000422	25% NCE	not available	not available	380	980	4	not available	1	1	20240208_AST3_Evo10_IO10_IP_QC_HeLa_MTX_NotFixed_1cells_11.raw	v1.1.0	NT=sdrf-skills;VV=v1.0.0	NT=ms-proteomics;VV=v1.1.0	NT=human;VV=v1.1.0	NT=cell-lines;VV=v1.1.0	NT=single-cell;VV=v1.0.0	NT=dia-acquisition;VV=v1.1.0	none
HeLa_MTX_NonFix_1cell_4	NT=Homo sapiens;AC=NCBITaxon:9606	NT=uterine cervix;AC=UBERON:0000002	NT=epithelial cell;AC=CL:0000066	NT=cervical adenocarcinoma;AC=MONDO:0005153	cell line	NT=HeLa;AC=EFO:0001185	CVCL_0030	HeLa	NT=African American;AC=HANCESTRO:0568	30Y6M	female	NT=adult;AC=EFO:0001272	HeLa donor	DMEM, 10% FBS, 1% penicillin/streptomycin	not available	not available	NT=Methotrexate;AC=NCIT:C642	not determined	NT=single cell;AC=PRIDE:0000897	cellenONE	HeLa_MTX_NonFix_1cell_4	1	4	run 122	proteomic profiling by mass spectrometry	NT=Orbitrap Astral;AC=MS:1003378	NT=label free sample;AC=MS:1002038	NT=Oxidation;AC=UNIMOD:35;TA=M;MT=Variable	NT=Acetyl;AC=UNIMOD:1;PP=Protein N-term;MT=Variable	not applicable	NT=Trypsin;AC=MS:1001251	NT=Lys-C;AC=MS:1001309	Data-independent acquisition	NT=beam-type collision-induced dissociation;AC=MS:1000422	25% NCE	not available	not available	380	980	4	not available	1	1	20240208_AST3_Evo10_IO10_IP_QC_HeLa_MTX_NotFixed_1cells_12.raw	v1.1.0	NT=sdrf-skills;VV=v1.0.0	NT=ms-proteomics;VV=v1.1.0	NT=human;VV=v1.1.0	NT=cell-lines;VV=v1.1.0	NT=single-cell;VV=v1.0.0	NT=dia-acquisition;VV=v1.1.0	none
HeLa_MTX_NonFix_1cell_5	NT=Homo sapiens;AC=NCBITaxon:9606	NT=uterine cervix;AC=UBERON:0000002	NT=epithelial cell;AC=CL:0000066	NT=cervical adenocarcinoma;AC=MONDO:0005153	cell line	NT=HeLa;AC=EFO:0001185	CVCL_0030	HeLa	NT=African American;AC=HANCESTRO:0568	30Y6M	female	NT=adult;AC=EFO:0001272	HeLa donor	DMEM, 10% FBS, 1% penicillin/streptomycin	not available	not available	NT=Methotrexate;AC=NCIT:C642	not determined	NT=single cell;AC=PRIDE:0000897	cellenONE	HeLa_MTX_NonFix_1cell_5	1	5	run 123	proteomic profiling by mass spectrometry	NT=Orbitrap Astral;AC=MS:1003378	NT=label free sample;AC=MS:1002038	NT=Oxidation;AC=UNIMOD:35;TA=M;MT=Variable	NT=Acetyl;AC=UNIMOD:1;PP=Protein N-term;MT=Variable	not applicable	NT=Trypsin;AC=MS:1001251	NT=Lys-C;AC=MS:1001309	Data-independent acquisition	NT=beam-type collision-induced dissociation;AC=MS:1000422	25% NCE	not available	not available	380	980	4	not available	1	1	20240208_AST3_Evo10_IO10_IP_QC_HeLa_MTX_NotFixed_1cells_2.raw	v1.1.0	NT=sdrf-skills;VV=v1.0.0	NT=ms-proteomics;VV=v1.1.0	NT=human;VV=v1.1.0	NT=cell-lines;VV=v1.1.0	NT=single-cell;VV=v1.0.0	NT=dia-acquisition;VV=v1.1.0	none
HeLa_MTX_NonFix_1cell_6	NT=Homo sapiens;AC=NCBITaxon:9606	NT=uterine cervix;AC=UBERON:0000002	NT=epithelial cell;AC=CL:0000066	NT=cervical adenocarcinoma;AC=MONDO:0005153	cell line	NT=HeLa;AC=EFO:0001185	CVCL_0030	HeLa	NT=African American;AC=HANCESTRO:0568	30Y6M	female	NT=adult;AC=EFO:0001272	HeLa donor	DMEM, 10% FBS, 1% penicillin/streptomycin	not available	not available	NT=Methotrexate;AC=NCIT:C642	not determined	NT=single cell;AC=PRIDE:0000897	cellenONE	HeLa_MTX_NonFix_1cell_6	1	6	run 124	proteomic profiling by mass spectrometry	NT=Orbitrap Astral;AC=MS:1003378	NT=label free sample;AC=MS:1002038	NT=Oxidation;AC=UNIMOD:35;TA=M;MT=Variable	NT=Acetyl;AC=UNIMOD:1;PP=Protein N-term;MT=Variable	not applicable	NT=Trypsin;AC=MS:1001251	NT=Lys-C;AC=MS:1001309	Data-independent acquisition	NT=beam-type collision-induced dissociation;AC=MS:1000422	25% NCE	not available	not available	380	980	4	not available	1	1	20240208_AST3_Evo10_IO10_IP_QC_HeLa_MTX_NotFixed_1cells_3.raw	v1.1.0	NT=sdrf-skills;VV=v1.0.0	NT=ms-proteomics;VV=v1.1.0	NT=human;VV=v1.1.0	NT=cell-lines;VV=v1.1.0	NT=single-cell;VV=v1.0.0	NT=dia-acquisition;VV=v1.1.0	none
HeLa_MTX_NonFix_1cell_7	NT=Homo sapiens;AC=NCBITaxon:9606	NT=uterine cervix;AC=UBERON:0000002	NT=epithelial cell;AC=CL:0000066	NT=cervical adenocarcinoma;AC=MONDO:0005153	cell line	NT=HeLa;AC=EFO:0001185	CVCL_0030	HeLa	NT=African American;AC=HANCESTRO:0568	30Y6M	female	NT=adult;AC=EFO:0001272	HeLa donor	DMEM, 10% FBS, 1% penicillin/streptomycin	not available	not available	NT=Methotrexate;AC=NCIT:C642	not determined	NT=single cell;AC=PRIDE:0000897	cellenONE	HeLa_MTX_NonFix_1cell_7	1	7	run 125	proteomic profiling by mass spectrometry	NT=Orbitrap Astral;AC=MS:1003378	NT=label free sample;AC=MS:1002038	NT=Oxidation;AC=UNIMOD:35;TA=M;MT=Variable	NT=Acetyl;AC=UNIMOD:1;PP=Protein N-term;MT=Variable	not applicable	NT=Trypsin;AC=MS:1001251	NT=Lys-C;AC=MS:1001309	Data-independent acquisition	NT=beam-type collision-induced dissociation;AC=MS:1000422	25% NCE	not available	not available	380	980	4	not available	1	1	20240208_AST3_Evo10_IO10_IP_QC_HeLa_MTX_NotFixed_1cells_4.raw	v1.1.0	NT=sdrf-skills;VV=v1.0.0	NT=ms-proteomics;VV=v1.1.0	NT=human;VV=v1.1.0	NT=cell-lines;VV=v1.1.0	NT=single-cell;VV=v1.0.0	NT=dia-acquisition;VV=v1.1.0	none
HeLa_MTX_NonFix_1cell_8	NT=Homo sapiens;AC=NCBITaxon:9606	NT=uterine cervix;AC=UBERON:0000002	NT=epithelial cell;AC=CL:0000066	NT=cervical adenocarcinoma;AC=MONDO:0005153	cell line	NT=HeLa;AC=EFO:0001185	CVCL_0030	HeLa	NT=African American;AC=HANCESTRO:0568	30Y6M	female	NT=adult;AC=EFO:0001272	HeLa donor	DMEM, 10% FBS, 1% penicillin/streptomycin	not available	not available	NT=Methotrexate;AC=NCIT:C642	not determined	NT=single cell;AC=PRIDE:0000897	cellenONE	HeLa_MTX_NonFix_1cell_8	1	8	run 126	proteomic profiling by mass spectrometry	NT=Orbitrap Astral;AC=MS:1003378	NT=label free sample;AC=MS:1002038	NT=Oxidation;AC=UNIMOD:35;TA=M;MT=Variable	NT=Acetyl;AC=UNIMOD:1;PP=Protein N-term;MT=Variable	not applicable	NT=Trypsin;AC=MS:1001251	NT=Lys-C;AC=MS:1001309	Data-independent acquisition	NT=beam-type collision-induced dissociation;AC=MS:1000422	25% NCE	not available	not available	380	980	4	not available	1	1	20240208_AST3_Evo10_IO10_IP_QC_HeLa_MTX_NotFixed_1cells_5.raw	v1.1.0	NT=sdrf-skills;VV=v1.0.0	NT=ms-proteomics;VV=v1.1.0	NT=human;VV=v1.1.0	NT=cell-lines;VV=v1.1.0	NT=single-cell;VV=v1.0.0	NT=dia-acquisition;VV=v1.1.0	none
HeLa_MTX_NonFix_1cell_9	NT=Homo sapiens;AC=NCBITaxon:9606	NT=uterine cervix;AC=UBERON:0000002	NT=epithelial cell;AC=CL:0000066	NT=cervical adenocarcinoma;AC=MONDO:0005153	cell line	NT=HeLa;AC=EFO:0001185	CVCL_0030	HeLa	NT=African American;AC=HANCESTRO:0568	30Y6M	female	NT=adult;AC=EFO:0001272	HeLa donor	DMEM, 10% FBS, 1% penicillin/streptomycin	not available	not available	NT=Methotrexate;AC=NCIT:C642	not determined	NT=single cell;AC=PRIDE:0000897	cellenONE	HeLa_MTX_NonFix_1cell_9	1	9	run 127	proteomic profiling by mass spectrometry	NT=Orbitrap Astral;AC=MS:1003378	NT=label free sample;AC=MS:1002038	NT=Oxidation;AC=UNIMOD:35;TA=M;MT=Variable	NT=Acetyl;AC=UNIMOD:1;PP=Protein N-term;MT=Variable	not applicable	NT=Trypsin;AC=MS:1001251	NT=Lys-C;AC=MS:1001309	Data-independent acquisition	NT=beam-type collision-induced dissociation;AC=MS:1000422	25% NCE	not available	not available	380	980	4	not available	1	1	20240208_AST3_Evo10_IO10_IP_QC_HeLa_MTX_NotFixed_1cells_6.raw	v1.1.0	NT=sdrf-skills;VV=v1.0.0	NT=ms-proteomics;VV=v1.1.0	NT=human;VV=v1.1.0	NT=cell-lines;VV=v1.1.0	NT=single-cell;VV=v1.0.0	NT=dia-acquisition;VV=v1.1.0	none
HeLa_MTX_NonFix_1cell_10	NT=Homo sapiens;AC=NCBITaxon:9606	NT=uterine cervix;AC=UBERON:0000002	NT=epithelial cell;AC=CL:0000066	NT=cervical adenocarcinoma;AC=MONDO:0005153	cell line	NT=HeLa;AC=EFO:0001185	CVCL_0030	HeLa	NT=African American;AC=HANCESTRO:0568	30Y6M	female	NT=adult;AC=EFO:0001272	HeLa donor	DMEM, 10% FBS, 1% penicillin/streptomycin	not available	not available	NT=Methotrexate;AC=NCIT:C642	not determined	NT=single cell;AC=PRIDE:0000897	cellenONE	HeLa_MTX_NonFix_1cell_10	1	10	run 128	proteomic profiling by mass spectrometry	NT=Orbitrap Astral;AC=MS:1003378	NT=label free sample;AC=MS:1002038	NT=Oxidation;AC=UNIMOD:35;TA=M;MT=Variable	NT=Acetyl;AC=UNIMOD:1;PP=Protein N-term;MT=Variable	not applicable	NT=Trypsin;AC=MS:1001251	NT=Lys-C;AC=MS:1001309	Data-independent acquisition	NT=beam-type collision-induced dissociation;AC=MS:1000422	25% NCE	not available	not available	380	980	4	not available	1	1	20240208_AST3_Evo10_IO10_IP_QC_HeLa_MTX_NotFixed_1cells_7.raw	v1.1.0	NT=sdrf-skills;VV=v1.0.0	NT=ms-proteomics;VV=v1.1.0	NT=human;VV=v1.1.0	NT=cell-lines;VV=v1.1.0	NT=single-cell;VV=v1.0.0	NT=dia-acquisition;VV=v1.1.0	none
HeLa_MTX_NonFix_1cell_11	NT=Homo sapiens;AC=NCBITaxon:9606	NT=uterine cervix;AC=UBERON:0000002	NT=epithelial cell;AC=CL:0000066	NT=cervical adenocarcinoma;AC=MONDO:0005153	cell line	NT=HeLa;AC=EFO:0001185	CVCL_0030	HeLa	NT=African American;AC=HANCESTRO:0568	30Y6M	female	NT=adult;AC=EFO:0001272	HeLa donor	DMEM, 10% FBS, 1% penicillin/streptomycin	not available	not available	NT=Methotrexate;AC=NCIT:C642	not determined	NT=single cell;AC=PRIDE:0000897	cellenONE	HeLa_MTX_NonFix_1cell_11	1	11	run 129	proteomic profiling by mass spectrometry	NT=Orbitrap Astral;AC=MS:1003378	NT=label free sample;AC=MS:1002038	NT=Oxidation;AC=UNIMOD:35;TA=M;MT=Variable	NT=Acetyl;AC=UNIMOD:1;PP=Protein N-term;MT=Variable	not applicable	NT=Trypsin;AC=MS:1001251	NT=Lys-C;AC=MS:1001309	Data-independent acquisition	NT=beam-type collision-induced dissociation;AC=MS:1000422	25% NCE	not available	not available	380	980	4	not available	1	1	20240208_AST3_Evo10_IO10_IP_QC_HeLa_MTX_NotFixed_1cells_8.raw	v1.1.0	NT=sdrf-skills;VV=v1.0.0	NT=ms-proteomics;VV=v1.1.0	NT=human;VV=v1.1.0	NT=cell-lines;VV=v1.1.0	NT=single-cell;VV=v1.0.0	NT=dia-acquisition;VV=v1.1.0	none
HeLa_MTX_NonFix_1cell_12	NT=Homo sapiens;AC=NCBITaxon:9606	NT=uterine cervix;AC=UBERON:0000002	NT=epithelial cell;AC=CL:0000066	NT=cervical adenocarcinoma;AC=MONDO:0005153	cell line	NT=HeLa;AC=EFO:0001185	CVCL_0030	HeLa	NT=African American;AC=HANCESTRO:0568	30Y6M	female	NT=adult;AC=EFO:0001272	HeLa donor	DMEM, 10% FBS, 1% penicillin/streptomycin	not available	not available	NT=Methotrexate;AC=NCIT:C642	not determined	NT=single cell;AC=PRIDE:0000897	cellenONE	HeLa_MTX_NonFix_1cell_12	1	12	run 130	proteomic profiling by mass spectrometry	NT=Orbitrap Astral;AC=MS:1003378	NT=label free sample;AC=MS:1002038	NT=Oxidation;AC=UNIMOD:35;TA=M;MT=Variable	NT=Acetyl;AC=UNIMOD:1;PP=Protein N-term;MT=Variable	not applicable	NT=Trypsin;AC=MS:1001251	NT=Lys-C;AC=MS:1001309	Data-independent acquisition	NT=beam-type collision-induced dissociation;AC=MS:1000422	25% NCE	not available	not available	380	980	4	not available	1	1	20240208_AST3_Evo10_IO10_IP_QC_HeLa_MTX_NotFixed_1cells_9.raw	v1.1.0	NT=sdrf-skills;VV=v1.0.0	NT=ms-proteomics;VV=v1.1.0	NT=human;VV=v1.1.0	NT=cell-lines;VV=v1.1.0	NT=single-cell;VV=v1.0.0	NT=dia-acquisition;VV=v1.1.0	none
HeLa_MTX_NonFix_20cell_1	NT=Homo sapiens;AC=NCBITaxon:9606	NT=uterine cervix;AC=UBERON:0000002	NT=epithelial cell;AC=CL:0000066	NT=cervical adenocarcinoma;AC=MONDO:0005153	cell line	NT=HeLa;AC=EFO:0001185	CVCL_0030	HeLa	NT=African American;AC=HANCESTRO:0568	30Y6M	female	NT=adult;AC=EFO:0001272	HeLa donor	DMEM, 10% FBS, 1% penicillin/streptomycin	not available	not available	NT=Methotrexate;AC=NCIT:C642	not determined	not applicable	cellenONE	not applicable	20	1	run 131	proteomic profiling by mass spectrometry	NT=Orbitrap Astral;AC=MS:1003378	NT=label free sample;AC=MS:1002038	NT=Oxidation;AC=UNIMOD:35;TA=M;MT=Variable	NT=Acetyl;AC=UNIMOD:1;PP=Protein N-term;MT=Variable	not applicable	NT=Trypsin;AC=MS:1001251	NT=Lys-C;AC=MS:1001309	Data-independent acquisition	NT=beam-type collision-induced dissociation;AC=MS:1000422	25% NCE	not available	not available	380	980	4	not available	1	1	20240208_AST3_Evo10_IO10_IP_QC_HeLa_MTX_NotFixed_20cells_1.raw	v1.1.0	NT=sdrf-skills;VV=v1.0.0	NT=ms-proteomics;VV=v1.1.0	NT=human;VV=v1.1.0	NT=cell-lines;VV=v1.1.0	NT=single-cell;VV=v1.0.0	NT=dia-acquisition;VV=v1.1.0	none
HeLa_MTX_NonFix_20cell_2	NT=Homo sapiens;AC=NCBITaxon:9606	NT=uterine cervix;AC=UBERON:0000002	NT=epithelial cell;AC=CL:0000066	NT=cervical adenocarcinoma;AC=MONDO:0005153	cell line	NT=HeLa;AC=EFO:0001185	CVCL_0030	HeLa	NT=African American;AC=HANCESTRO:0568	30Y6M	female	NT=adult;AC=EFO:0001272	HeLa donor	DMEM, 10% FBS, 1% penicillin/streptomycin	not available	not available	NT=Methotrexate;AC=NCIT:C642	not determined	not applicable	cellenONE	not applicable	20	2	run 132	proteomic profiling by mass spectrometry	NT=Orbitrap Astral;AC=MS:1003378	NT=label free sample;AC=MS:1002038	NT=Oxidation;AC=UNIMOD:35;TA=M;MT=Variable	NT=Acetyl;AC=UNIMOD:1;PP=Protein N-term;MT=Variable	not applicable	NT=Trypsin;AC=MS:1001251	NT=Lys-C;AC=MS:1001309	Data-independent acquisition	NT=beam-type collision-induced dissociation;AC=MS:1000422	25% NCE	not available	not available	380	980	4	not available	1	1	20240208_AST3_Evo10_IO10_IP_QC_HeLa_MTX_NotFixed_20cells_2.raw	v1.1.0	NT=sdrf-skills;VV=v1.0.0	NT=ms-proteomics;VV=v1.1.0	NT=human;VV=v1.1.0	NT=cell-lines;VV=v1.1.0	NT=single-cell;VV=v1.0.0	NT=dia-acquisition;VV=v1.1.0	none
HeLa_MTX_NonFix_20cell_3	NT=Homo sapiens;AC=NCBITaxon:9606	NT=uterine cervix;AC=UBERON:0000002	NT=epithelial cell;AC=CL:0000066	NT=cervical adenocarcinoma;AC=MONDO:0005153	cell line	NT=HeLa;AC=EFO:0001185	CVCL_0030	HeLa	NT=African American;AC=HANCESTRO:0568	30Y6M	female	NT=adult;AC=EFO:0001272	HeLa donor	DMEM, 10% FBS, 1% penicillin/streptomycin	not available	not available	NT=Methotrexate;AC=NCIT:C642	not determined	not applicable	cellenONE	not applicable	20	3	run 133	proteomic profiling by mass spectrometry	NT=Orbitrap Astral;AC=MS:1003378	NT=label free sample;AC=MS:1002038	NT=Oxidation;AC=UNIMOD:35;TA=M;MT=Variable	NT=Acetyl;AC=UNIMOD:1;PP=Protein N-term;MT=Variable	not applicable	NT=Trypsin;AC=MS:1001251	NT=Lys-C;AC=MS:1001309	Data-independent acquisition	NT=beam-type collision-induced dissociation;AC=MS:1000422	25% NCE	not available	not available	380	980	4	not available	1	1	20240208_AST3_Evo10_IO10_IP_QC_HeLa_MTX_NotFixed_20cells_3.raw	v1.1.0	NT=sdrf-skills;VV=v1.0.0	NT=ms-proteomics;VV=v1.1.0	NT=human;VV=v1.1.0	NT=cell-lines;VV=v1.1.0	NT=single-cell;VV=v1.0.0	NT=dia-acquisition;VV=v1.1.0	none
HeLa_MTX_NonFix_20cell_4	NT=Homo sapiens;AC=NCBITaxon:9606	NT=uterine cervix;AC=UBERON:0000002	NT=epithelial cell;AC=CL:0000066	NT=cervical adenocarcinoma;AC=MONDO:0005153	cell line	NT=HeLa;AC=EFO:0001185	CVCL_0030	HeLa	NT=African American;AC=HANCESTRO:0568	30Y6M	female	NT=adult;AC=EFO:0001272	HeLa donor	DMEM, 10% FBS, 1% penicillin/streptomycin	not available	not available	NT=Methotrexate;AC=NCIT:C642	not determined	not applicable	cellenONE	not applicable	20	4	run 134	proteomic profiling by mass spectrometry	NT=Orbitrap Astral;AC=MS:1003378	NT=label free sample;AC=MS:1002038	NT=Oxidation;AC=UNIMOD:35;TA=M;MT=Variable	NT=Acetyl;AC=UNIMOD:1;PP=Protein N-term;MT=Variable	not applicable	NT=Trypsin;AC=MS:1001251	NT=Lys-C;AC=MS:1001309	Data-independent acquisition	NT=beam-type collision-induced dissociation;AC=MS:1000422	25% NCE	not available	not available	380	980	4	not available	1	1	20240208_AST3_Evo10_IO10_IP_QC_HeLa_MTX_NotFixed_20cells_4.raw	v1.1.0	NT=sdrf-skills;VV=v1.0.0	NT=ms-proteomics;VV=v1.1.0	NT=human;VV=v1.1.0	NT=cell-lines;VV=v1.1.0	NT=single-cell;VV=v1.0.0	NT=dia-acquisition;VV=v1.1.0	none
SCC-25_DMSO_FA_OneTip_1	NT=Homo sapiens;AC=NCBITaxon:9606	NT=tongue;AC=UBERON:0001723	NT=squamous epithelial cell;AC=CL:0000076	NT=tongue squamous cell carcinoma;AC=MONDO:0000500	cell line	NT=SCC-25 cell;AC=CLO:0008967	CVCL_1682	SCC-25	NT=European ancestry;AC=HANCESTRO:0005	70Y	male	NT=adult;AC=EFO:0001272	SCC-25 donor	DMEM/F12, 10% FBS, 1% penicillin/streptomycin	not available	not available	NT=Dimethyl Sulfoxide;AC=NCIT:C437	not determined	not applicable	not applicable	not applicable	not applicable	1	run 135	proteomic profiling by mass spectrometry	NT=Orbitrap Astral;AC=MS:1003378	NT=label free sample;AC=MS:1002038	NT=Oxidation;AC=UNIMOD:35;TA=M;MT=Variable	NT=Acetyl;AC=UNIMOD:1;PP=Protein N-term;MT=Variable	not applicable	NT=Trypsin;AC=MS:1001251	NT=Lys-C;AC=MS:1001309	Data-independent acquisition	NT=beam-type collision-induced dissociation;AC=MS:1000422	25% NCE	not available	not available	380	980	4	not available	1	1	20240626_AST5_Evo3_80SPD_IP_SCC25_FIXED_DMSO_OT_1.raw	v1.1.0	NT=sdrf-skills;VV=v1.0.0	NT=ms-proteomics;VV=v1.1.0	NT=human;VV=v1.1.0	NT=cell-lines;VV=v1.1.0	NT=single-cell;VV=v1.0.0	NT=dia-acquisition;VV=v1.1.0	formaldehyde
SCC-25_DMSO_FA_OneTip_2	NT=Homo sapiens;AC=NCBITaxon:9606	NT=tongue;AC=UBERON:0001723	NT=squamous epithelial cell;AC=CL:0000076	NT=tongue squamous cell carcinoma;AC=MONDO:0000500	cell line	NT=SCC-25 cell;AC=CLO:0008967	CVCL_1682	SCC-25	NT=European ancestry;AC=HANCESTRO:0005	70Y	male	NT=adult;AC=EFO:0001272	SCC-25 donor	DMEM/F12, 10% FBS, 1% penicillin/streptomycin	not available	not available	NT=Dimethyl Sulfoxide;AC=NCIT:C437	not determined	not applicable	not applicable	not applicable	not applicable	2	run 136	proteomic profiling by mass spectrometry	NT=Orbitrap Astral;AC=MS:1003378	NT=label free sample;AC=MS:1002038	NT=Oxidation;AC=UNIMOD:35;TA=M;MT=Variable	NT=Acetyl;AC=UNIMOD:1;PP=Protein N-term;MT=Variable	not applicable	NT=Trypsin;AC=MS:1001251	NT=Lys-C;AC=MS:1001309	Data-independent acquisition	NT=beam-type collision-induced dissociation;AC=MS:1000422	25% NCE	not available	not available	380	980	4	not available	1	1	20240626_AST5_Evo3_80SPD_IP_SCC25_FIXED_DMSO_OT_2.raw	v1.1.0	NT=sdrf-skills;VV=v1.0.0	NT=ms-proteomics;VV=v1.1.0	NT=human;VV=v1.1.0	NT=cell-lines;VV=v1.1.0	NT=single-cell;VV=v1.0.0	NT=dia-acquisition;VV=v1.1.0	formaldehyde
SCC-25_DMSO_FA_OneTip_3	NT=Homo sapiens;AC=NCBITaxon:9606	NT=tongue;AC=UBERON:0001723	NT=squamous epithelial cell;AC=CL:0000076	NT=tongue squamous cell carcinoma;AC=MONDO:0000500	cell line	NT=SCC-25 cell;AC=CLO:0008967	CVCL_1682	SCC-25	NT=European ancestry;AC=HANCESTRO:0005	70Y	male	NT=adult;AC=EFO:0001272	SCC-25 donor	DMEM/F12, 10% FBS, 1% penicillin/streptomycin	not available	not available	NT=Dimethyl Sulfoxide;AC=NCIT:C437	not determined	not applicable	not applicable	not applicable	not applicable	3	run 137	proteomic profiling by mass spectrometry	NT=Orbitrap Astral;AC=MS:1003378	NT=label free sample;AC=MS:1002038	NT=Oxidation;AC=UNIMOD:35;TA=M;MT=Variable	NT=Acetyl;AC=UNIMOD:1;PP=Protein N-term;MT=Variable	not applicable	NT=Trypsin;AC=MS:1001251	NT=Lys-C;AC=MS:1001309	Data-independent acquisition	NT=beam-type collision-induced dissociation;AC=MS:1000422	25% NCE	not available	not available	380	980	4	not available	1	1	20240626_AST5_Evo3_80SPD_IP_SCC25_FIXED_DMSO_OT_3.raw	v1.1.0	NT=sdrf-skills;VV=v1.0.0	NT=ms-proteomics;VV=v1.1.0	NT=human;VV=v1.1.0	NT=cell-lines;VV=v1.1.0	NT=single-cell;VV=v1.0.0	NT=dia-acquisition;VV=v1.1.0	formaldehyde
SCC-25_DMSO_FA_OneTip_4	NT=Homo sapiens;AC=NCBITaxon:9606	NT=tongue;AC=UBERON:0001723	NT=squamous epithelial cell;AC=CL:0000076	NT=tongue squamous cell carcinoma;AC=MONDO:0000500	cell line	NT=SCC-25 cell;AC=CLO:0008967	CVCL_1682	SCC-25	NT=European ancestry;AC=HANCESTRO:0005	70Y	male	NT=adult;AC=EFO:0001272	SCC-25 donor	DMEM/F12, 10% FBS, 1% penicillin/streptomycin	not available	not available	NT=Dimethyl Sulfoxide;AC=NCIT:C437	not determined	not applicable	not applicable	not applicable	not applicable	4	run 138	proteomic profiling by mass spectrometry	NT=Orbitrap Astral;AC=MS:1003378	NT=label free sample;AC=MS:1002038	NT=Oxidation;AC=UNIMOD:35;TA=M;MT=Variable	NT=Acetyl;AC=UNIMOD:1;PP=Protein N-term;MT=Variable	not applicable	NT=Trypsin;AC=MS:1001251	NT=Lys-C;AC=MS:1001309	Data-independent acquisition	NT=beam-type collision-induced dissociation;AC=MS:1000422	25% NCE	not available	not available	380	980	4	not available	1	1	20240626_AST5_Evo3_80SPD_IP_SCC25_FIXED_DMSO_OT_4.raw	v1.1.0	NT=sdrf-skills;VV=v1.0.0	NT=ms-proteomics;VV=v1.1.0	NT=human;VV=v1.1.0	NT=cell-lines;VV=v1.1.0	NT=single-cell;VV=v1.0.0	NT=dia-acquisition;VV=v1.1.0	formaldehyde
SCC-25_DMSO_NonFix_OneTip_1	NT=Homo sapiens;AC=NCBITaxon:9606	NT=tongue;AC=UBERON:0001723	NT=squamous epithelial cell;AC=CL:0000076	NT=tongue squamous cell carcinoma;AC=MONDO:0000500	cell line	NT=SCC-25 cell;AC=CLO:0008967	CVCL_1682	SCC-25	NT=European ancestry;AC=HANCESTRO:0005	70Y	male	NT=adult;AC=EFO:0001272	SCC-25 donor	DMEM/F12, 10% FBS, 1% penicillin/streptomycin	not available	not available	NT=Dimethyl Sulfoxide;AC=NCIT:C437	not determined	not applicable	not applicable	not applicable	not applicable	1	run 139	proteomic profiling by mass spectrometry	NT=Orbitrap Astral;AC=MS:1003378	NT=label free sample;AC=MS:1002038	NT=Oxidation;AC=UNIMOD:35;TA=M;MT=Variable	NT=Acetyl;AC=UNIMOD:1;PP=Protein N-term;MT=Variable	not applicable	NT=Trypsin;AC=MS:1001251	NT=Lys-C;AC=MS:1001309	Data-independent acquisition	NT=beam-type collision-induced dissociation;AC=MS:1000422	25% NCE	not available	not available	380	980	4	not available	1	1	20240626_AST5_Evo3_80SPD_IP_SCC25_PBS_DMSO_OT_1.raw	v1.1.0	NT=sdrf-skills;VV=v1.0.0	NT=ms-proteomics;VV=v1.1.0	NT=human;VV=v1.1.0	NT=cell-lines;VV=v1.1.0	NT=single-cell;VV=v1.0.0	NT=dia-acquisition;VV=v1.1.0	none
SCC-25_DMSO_NonFix_OneTip_2	NT=Homo sapiens;AC=NCBITaxon:9606	NT=tongue;AC=UBERON:0001723	NT=squamous epithelial cell;AC=CL:0000076	NT=tongue squamous cell carcinoma;AC=MONDO:0000500	cell line	NT=SCC-25 cell;AC=CLO:0008967	CVCL_1682	SCC-25	NT=European ancestry;AC=HANCESTRO:0005	70Y	male	NT=adult;AC=EFO:0001272	SCC-25 donor	DMEM/F12, 10% FBS, 1% penicillin/streptomycin	not available	not available	NT=Dimethyl Sulfoxide;AC=NCIT:C437	not determined	not applicable	not applicable	not applicable	not applicable	2	run 140	proteomic profiling by mass spectrometry	NT=Orbitrap Astral;AC=MS:1003378	NT=label free sample;AC=MS:1002038	NT=Oxidation;AC=UNIMOD:35;TA=M;MT=Variable	NT=Acetyl;AC=UNIMOD:1;PP=Protein N-term;MT=Variable	not applicable	NT=Trypsin;AC=MS:1001251	NT=Lys-C;AC=MS:1001309	Data-independent acquisition	NT=beam-type collision-induced dissociation;AC=MS:1000422	25% NCE	not available	not available	380	980	4	not available	1	1	20240626_AST5_Evo3_80SPD_IP_SCC25_PBS_DMSO_OT_2.raw	v1.1.0	NT=sdrf-skills;VV=v1.0.0	NT=ms-proteomics;VV=v1.1.0	NT=human;VV=v1.1.0	NT=cell-lines;VV=v1.1.0	NT=single-cell;VV=v1.0.0	NT=dia-acquisition;VV=v1.1.0	none
SCC-25_DMSO_NonFix_OneTip_3	NT=Homo sapiens;AC=NCBITaxon:9606	NT=tongue;AC=UBERON:0001723	NT=squamous epithelial cell;AC=CL:0000076	NT=tongue squamous cell carcinoma;AC=MONDO:0000500	cell line	NT=SCC-25 cell;AC=CLO:0008967	CVCL_1682	SCC-25	NT=European ancestry;AC=HANCESTRO:0005	70Y	male	NT=adult;AC=EFO:0001272	SCC-25 donor	DMEM/F12, 10% FBS, 1% penicillin/streptomycin	not available	not available	NT=Dimethyl Sulfoxide;AC=NCIT:C437	not determined	not applicable	not applicable	not applicable	not applicable	3	run 141	proteomic profiling by mass spectrometry	NT=Orbitrap Astral;AC=MS:1003378	NT=label free sample;AC=MS:1002038	NT=Oxidation;AC=UNIMOD:35;TA=M;MT=Variable	NT=Acetyl;AC=UNIMOD:1;PP=Protein N-term;MT=Variable	not applicable	NT=Trypsin;AC=MS:1001251	NT=Lys-C;AC=MS:1001309	Data-independent acquisition	NT=beam-type collision-induced dissociation;AC=MS:1000422	25% NCE	not available	not available	380	980	4	not available	1	1	20240626_AST5_Evo3_80SPD_IP_SCC25_PBS_DMSO_OT_3.raw	v1.1.0	NT=sdrf-skills;VV=v1.0.0	NT=ms-proteomics;VV=v1.1.0	NT=human;VV=v1.1.0	NT=cell-lines;VV=v1.1.0	NT=single-cell;VV=v1.0.0	NT=dia-acquisition;VV=v1.1.0	none
SCC-25_DMSO_NonFix_OneTip_4	NT=Homo sapiens;AC=NCBITaxon:9606	NT=tongue;AC=UBERON:0001723	NT=squamous epithelial cell;AC=CL:0000076	NT=tongue squamous cell carcinoma;AC=MONDO:0000500	cell line	NT=SCC-25 cell;AC=CLO:0008967	CVCL_1682	SCC-25	NT=European ancestry;AC=HANCESTRO:0005	70Y	male	NT=adult;AC=EFO:0001272	SCC-25 donor	DMEM/F12, 10% FBS, 1% penicillin/streptomycin	not available	not available	NT=Dimethyl Sulfoxide;AC=NCIT:C437	not determined	not applicable	not applicable	not applicable	not applicable	4	run 142	proteomic profiling by mass spectrometry	NT=Orbitrap Astral;AC=MS:1003378	NT=label free sample;AC=MS:1002038	NT=Oxidation;AC=UNIMOD:35;TA=M;MT=Variable	NT=Acetyl;AC=UNIMOD:1;PP=Protein N-term;MT=Variable	not applicable	NT=Trypsin;AC=MS:1001251	NT=Lys-C;AC=MS:1001309	Data-independent acquisition	NT=beam-type collision-induced dissociation;AC=MS:1000422	25% NCE	not available	not available	380	980	4	not available	1	1	20240626_AST5_Evo3_80SPD_IP_SCC25_PBS_DMSO_OT_4.raw	v1.1.0	NT=sdrf-skills;VV=v1.0.0	NT=ms-proteomics;VV=v1.1.0	NT=human;VV=v1.1.0	NT=cell-lines;VV=v1.1.0	NT=single-cell;VV=v1.0.0	NT=dia-acquisition;VV=v1.1.0	none
