source name	characteristics[organism]	characteristics[organism part]	characteristics[cell type]	characteristics[disease]	characteristics[cell line]	characteristics[cellosaurus accession]	characteristics[cellosaurus name]	characteristics[biorepository]	characteristics[age]	characteristics[sex]	characteristics[ancestry category]	characteristics[culture medium]	characteristics[sample storage temperature]	characteristics[passage number]	characteristics[single cell isolation protocol]	characteristics[cell identifier]	characteristics[cells per well]	characteristics[biological replicate]	assay name	technology type	comment[instrument]	comment[label]	comment[cleavage agent details]	comment[cleavage agent details]	comment[modification parameters]	comment[proteomics data acquisition method]	comment[dissociation method]	comment[precursor mass tolerance]	comment[fragment mass tolerance]	comment[ms1 scan range]	comment[ms min charge]	comment[ms max charge]	comment[sample preparation batch]	comment[acquisition date]	comment[fraction identifier]	comment[technical replicate]	comment[data file]	comment[sdrf version]	comment[sdrf template]	comment[sdrf template]	comment[sdrf template]	comment[sdrf template]	factor value[cell line]
200nL_CH1_C4	NT=Homo sapiens;AC=NCBITaxon:9606	NT=uterine cervix;AC=UBERON:0000002	NT=epithelial cell;AC=CL:0000066	NT=cervical adenocarcinoma;AC=MONDO:0005153	NT=HeLa;AC=EFO:0001185	CVCL_0030	HeLa	ATCC	30Y6M	female	NT=African American;AC=HANCESTRO:0568	NT=Dulbecco's Modified Eagle Medium;AC=NCIT:C185409	-20 °C	not available	microfluidics	200nL_CH1_C4	1	1	200nL_CH1_C4	proteomic profiling by mass spectrometry	NT=Orbitrap Exploris 480;AC=MS:1003028	label free sample	NT=Trypsin;AC=MS:1001251	NT=Lys-C;AC=MS:1001309	NT=Carbamidomethyl;AC=UNIMOD:4;TA=C;MT=Fixed	Data-dependent acquisition	not available	not available	20 ppm	375m/z-1575m/z	2	4	VolCon_200nL_1ng_protease	2023-06-05	1	1	200nL_CH1_C4.raw	v1.1.0	NT=ms-proteomics;VV=v1.1.0	NT=human;VV=v1.1.0	NT=cell-lines;VV=v1.1.0	NT=single-cell;VV=v1.0.0	NT=HeLa;AC=EFO:0001185
200nL_CH1_C6	NT=Homo sapiens;AC=NCBITaxon:9606	NT=uterine cervix;AC=UBERON:0000002	NT=epithelial cell;AC=CL:0000066	NT=cervical adenocarcinoma;AC=MONDO:0005153	NT=HeLa;AC=EFO:0001185	CVCL_0030	HeLa	ATCC	30Y6M	female	NT=African American;AC=HANCESTRO:0568	NT=Dulbecco's Modified Eagle Medium;AC=NCIT:C185409	-20 °C	not available	microfluidics	200nL_CH1_C6	1	2	200nL_CH1_C6	proteomic profiling by mass spectrometry	NT=Orbitrap Exploris 480;AC=MS:1003028	label free sample	NT=Trypsin;AC=MS:1001251	NT=Lys-C;AC=MS:1001309	NT=Carbamidomethyl;AC=UNIMOD:4;TA=C;MT=Fixed	Data-dependent acquisition	not available	not available	20 ppm	375m/z-1575m/z	2	4	VolCon_200nL_1ng_protease	2023-06-06	1	1	200nL_CH1_C6.raw	v1.1.0	NT=ms-proteomics;VV=v1.1.0	NT=human;VV=v1.1.0	NT=cell-lines;VV=v1.1.0	NT=single-cell;VV=v1.0.0	NT=HeLa;AC=EFO:0001185
200nL_CH1_D3	NT=Homo sapiens;AC=NCBITaxon:9606	NT=uterine cervix;AC=UBERON:0000002	NT=epithelial cell;AC=CL:0000066	NT=cervical adenocarcinoma;AC=MONDO:0005153	NT=HeLa;AC=EFO:0001185	CVCL_0030	HeLa	ATCC	30Y6M	female	NT=African American;AC=HANCESTRO:0568	NT=Dulbecco's Modified Eagle Medium;AC=NCIT:C185409	-20 °C	not available	microfluidics	200nL_CH1_D3	1	3	200nL_CH1_D3	proteomic profiling by mass spectrometry	NT=Orbitrap Exploris 480;AC=MS:1003028	label free sample	NT=Trypsin;AC=MS:1001251	NT=Lys-C;AC=MS:1001309	NT=Carbamidomethyl;AC=UNIMOD:4;TA=C;MT=Fixed	Data-dependent acquisition	not available	not available	20 ppm	375m/z-1575m/z	2	4	VolCon_200nL_1ng_protease	2023-06-06	1	1	200nL_CH1_D3.raw	v1.1.0	NT=ms-proteomics;VV=v1.1.0	NT=human;VV=v1.1.0	NT=cell-lines;VV=v1.1.0	NT=single-cell;VV=v1.0.0	NT=HeLa;AC=EFO:0001185
200nL_CH1_E6	NT=Homo sapiens;AC=NCBITaxon:9606	NT=uterine cervix;AC=UBERON:0000002	NT=epithelial cell;AC=CL:0000066	NT=cervical adenocarcinoma;AC=MONDO:0005153	NT=HeLa;AC=EFO:0001185	CVCL_0030	HeLa	ATCC	30Y6M	female	NT=African American;AC=HANCESTRO:0568	NT=Dulbecco's Modified Eagle Medium;AC=NCIT:C185409	-20 °C	not available	microfluidics	200nL_CH1_E6	1	4	200nL_CH1_E6	proteomic profiling by mass spectrometry	NT=Orbitrap Exploris 480;AC=MS:1003028	label free sample	NT=Trypsin;AC=MS:1001251	NT=Lys-C;AC=MS:1001309	NT=Carbamidomethyl;AC=UNIMOD:4;TA=C;MT=Fixed	Data-dependent acquisition	not available	not available	20 ppm	375m/z-1575m/z	2	4	VolCon_200nL_1ng_protease	2023-06-04	1	1	200nL_CH1_E6.raw	v1.1.0	NT=ms-proteomics;VV=v1.1.0	NT=human;VV=v1.1.0	NT=cell-lines;VV=v1.1.0	NT=single-cell;VV=v1.0.0	NT=HeLa;AC=EFO:0001185
200nL_CH1_F6	NT=Homo sapiens;AC=NCBITaxon:9606	NT=uterine cervix;AC=UBERON:0000002	NT=epithelial cell;AC=CL:0000066	NT=cervical adenocarcinoma;AC=MONDO:0005153	NT=HeLa;AC=EFO:0001185	CVCL_0030	HeLa	ATCC	30Y6M	female	NT=African American;AC=HANCESTRO:0568	NT=Dulbecco's Modified Eagle Medium;AC=NCIT:C185409	-20 °C	not available	microfluidics	200nL_CH1_F6	1	5	200nL_CH1_F6	proteomic profiling by mass spectrometry	NT=Orbitrap Exploris 480;AC=MS:1003028	label free sample	NT=Trypsin;AC=MS:1001251	NT=Lys-C;AC=MS:1001309	NT=Carbamidomethyl;AC=UNIMOD:4;TA=C;MT=Fixed	Data-dependent acquisition	not available	not available	20 ppm	375m/z-1575m/z	2	4	VolCon_200nL_1ng_protease	2023-06-04	1	1	200nL_CH1_F6.raw	v1.1.0	NT=ms-proteomics;VV=v1.1.0	NT=human;VV=v1.1.0	NT=cell-lines;VV=v1.1.0	NT=single-cell;VV=v1.0.0	NT=HeLa;AC=EFO:0001185
200nL_CH1_H6	NT=Homo sapiens;AC=NCBITaxon:9606	NT=uterine cervix;AC=UBERON:0000002	NT=epithelial cell;AC=CL:0000066	NT=cervical adenocarcinoma;AC=MONDO:0005153	NT=HeLa;AC=EFO:0001185	CVCL_0030	HeLa	ATCC	30Y6M	female	NT=African American;AC=HANCESTRO:0568	NT=Dulbecco's Modified Eagle Medium;AC=NCIT:C185409	-20 °C	not available	microfluidics	200nL_CH1_H6	1	6	200nL_CH1_H6	proteomic profiling by mass spectrometry	NT=Orbitrap Exploris 480;AC=MS:1003028	label free sample	NT=Trypsin;AC=MS:1001251	NT=Lys-C;AC=MS:1001309	NT=Carbamidomethyl;AC=UNIMOD:4;TA=C;MT=Fixed	Data-dependent acquisition	not available	not available	20 ppm	375m/z-1575m/z	2	4	VolCon_200nL_1ng_protease	2023-06-05	1	1	200nL_CH1_H6.raw	v1.1.0	NT=ms-proteomics;VV=v1.1.0	NT=human;VV=v1.1.0	NT=cell-lines;VV=v1.1.0	NT=single-cell;VV=v1.0.0	NT=HeLa;AC=EFO:0001185
200nL_CH1_H8	NT=Homo sapiens;AC=NCBITaxon:9606	NT=uterine cervix;AC=UBERON:0000002	NT=epithelial cell;AC=CL:0000066	NT=cervical adenocarcinoma;AC=MONDO:0005153	NT=HeLa;AC=EFO:0001185	CVCL_0030	HeLa	ATCC	30Y6M	female	NT=African American;AC=HANCESTRO:0568	NT=Dulbecco's Modified Eagle Medium;AC=NCIT:C185409	-20 °C	not available	microfluidics	200nL_CH1_H8	1	7	200nL_CH1_H8	proteomic profiling by mass spectrometry	NT=Orbitrap Exploris 480;AC=MS:1003028	label free sample	NT=Trypsin;AC=MS:1001251	NT=Lys-C;AC=MS:1001309	NT=Carbamidomethyl;AC=UNIMOD:4;TA=C;MT=Fixed	Data-dependent acquisition	not available	not available	20 ppm	375m/z-1575m/z	2	4	VolCon_200nL_1ng_protease	2023-06-06	1	1	200nL_CH1_H8.raw	v1.1.0	NT=ms-proteomics;VV=v1.1.0	NT=human;VV=v1.1.0	NT=cell-lines;VV=v1.1.0	NT=single-cell;VV=v1.0.0	NT=HeLa;AC=EFO:0001185
200nL_CH1_J7	NT=Homo sapiens;AC=NCBITaxon:9606	NT=uterine cervix;AC=UBERON:0000002	NT=epithelial cell;AC=CL:0000066	NT=cervical adenocarcinoma;AC=MONDO:0005153	NT=HeLa;AC=EFO:0001185	CVCL_0030	HeLa	ATCC	30Y6M	female	NT=African American;AC=HANCESTRO:0568	NT=Dulbecco's Modified Eagle Medium;AC=NCIT:C185409	-20 °C	not available	microfluidics	200nL_CH1_J7	1	8	200nL_CH1_J7	proteomic profiling by mass spectrometry	NT=Orbitrap Exploris 480;AC=MS:1003028	label free sample	NT=Trypsin;AC=MS:1001251	NT=Lys-C;AC=MS:1001309	NT=Carbamidomethyl;AC=UNIMOD:4;TA=C;MT=Fixed	Data-dependent acquisition	not available	not available	20 ppm	375m/z-1575m/z	2	4	VolCon_200nL_1ng_protease	2023-06-05	1	1	200nL_CH1_J7.raw	v1.1.0	NT=ms-proteomics;VV=v1.1.0	NT=human;VV=v1.1.0	NT=cell-lines;VV=v1.1.0	NT=single-cell;VV=v1.0.0	NT=HeLa;AC=EFO:0001185
200nL_CH1_K2	NT=Homo sapiens;AC=NCBITaxon:9606	NT=uterine cervix;AC=UBERON:0000002	NT=epithelial cell;AC=CL:0000066	NT=cervical adenocarcinoma;AC=MONDO:0005153	NT=HeLa;AC=EFO:0001185	CVCL_0030	HeLa	ATCC	30Y6M	female	NT=African American;AC=HANCESTRO:0568	NT=Dulbecco's Modified Eagle Medium;AC=NCIT:C185409	-20 °C	not available	microfluidics	200nL_CH1_K2	1	9	200nL_CH1_K2	proteomic profiling by mass spectrometry	NT=Orbitrap Exploris 480;AC=MS:1003028	label free sample	NT=Trypsin;AC=MS:1001251	NT=Lys-C;AC=MS:1001309	NT=Carbamidomethyl;AC=UNIMOD:4;TA=C;MT=Fixed	Data-dependent acquisition	not available	not available	20 ppm	375m/z-1575m/z	2	4	VolCon_200nL_1ng_protease	2023-06-04	1	1	200nL_CH1_K2.raw	v1.1.0	NT=ms-proteomics;VV=v1.1.0	NT=human;VV=v1.1.0	NT=cell-lines;VV=v1.1.0	NT=single-cell;VV=v1.0.0	NT=HeLa;AC=EFO:0001185
200nL_CH2_B5	NT=Homo sapiens;AC=NCBITaxon:9606	NT=uterine cervix;AC=UBERON:0000002	NT=epithelial cell;AC=CL:0000066	NT=cervical adenocarcinoma;AC=MONDO:0005153	NT=HeLa;AC=EFO:0001185	CVCL_0030	HeLa	ATCC	30Y6M	female	NT=African American;AC=HANCESTRO:0568	NT=Dulbecco's Modified Eagle Medium;AC=NCIT:C185409	-20 °C	not available	microfluidics	200nL_CH2_B5	1	10	200nL_CH2_B5	proteomic profiling by mass spectrometry	NT=Orbitrap Exploris 480;AC=MS:1003028	label free sample	NT=Trypsin;AC=MS:1001251	NT=Lys-C;AC=MS:1001309	NT=Carbamidomethyl;AC=UNIMOD:4;TA=C;MT=Fixed	Data-dependent acquisition	not available	not available	20 ppm	375m/z-1575m/z	2	4	VolCon_200nL_1ng_protease	2023-06-04	1	1	200nL_CH2_B5.raw	v1.1.0	NT=ms-proteomics;VV=v1.1.0	NT=human;VV=v1.1.0	NT=cell-lines;VV=v1.1.0	NT=single-cell;VV=v1.0.0	NT=HeLa;AC=EFO:0001185
200nL_CH2_B7	NT=Homo sapiens;AC=NCBITaxon:9606	NT=uterine cervix;AC=UBERON:0000002	NT=epithelial cell;AC=CL:0000066	NT=cervical adenocarcinoma;AC=MONDO:0005153	NT=HeLa;AC=EFO:0001185	CVCL_0030	HeLa	ATCC	30Y6M	female	NT=African American;AC=HANCESTRO:0568	NT=Dulbecco's Modified Eagle Medium;AC=NCIT:C185409	-20 °C	not available	microfluidics	200nL_CH2_B7	1	11	200nL_CH2_B7	proteomic profiling by mass spectrometry	NT=Orbitrap Exploris 480;AC=MS:1003028	label free sample	NT=Trypsin;AC=MS:1001251	NT=Lys-C;AC=MS:1001309	NT=Carbamidomethyl;AC=UNIMOD:4;TA=C;MT=Fixed	Data-dependent acquisition	not available	not available	20 ppm	375m/z-1575m/z	2	4	VolCon_200nL_1ng_protease	2023-06-06	1	1	200nL_CH2_B7.raw	v1.1.0	NT=ms-proteomics;VV=v1.1.0	NT=human;VV=v1.1.0	NT=cell-lines;VV=v1.1.0	NT=single-cell;VV=v1.0.0	NT=HeLa;AC=EFO:0001185
200nL_CH2_D7	NT=Homo sapiens;AC=NCBITaxon:9606	NT=uterine cervix;AC=UBERON:0000002	NT=epithelial cell;AC=CL:0000066	NT=cervical adenocarcinoma;AC=MONDO:0005153	NT=HeLa;AC=EFO:0001185	CVCL_0030	HeLa	ATCC	30Y6M	female	NT=African American;AC=HANCESTRO:0568	NT=Dulbecco's Modified Eagle Medium;AC=NCIT:C185409	-20 °C	not available	microfluidics	200nL_CH2_D7	1	12	200nL_CH2_D7	proteomic profiling by mass spectrometry	NT=Orbitrap Exploris 480;AC=MS:1003028	label free sample	NT=Trypsin;AC=MS:1001251	NT=Lys-C;AC=MS:1001309	NT=Carbamidomethyl;AC=UNIMOD:4;TA=C;MT=Fixed	Data-dependent acquisition	not available	not available	20 ppm	375m/z-1575m/z	2	4	VolCon_200nL_1ng_protease	2023-06-05	1	1	200nL_CH2_D7.raw	v1.1.0	NT=ms-proteomics;VV=v1.1.0	NT=human;VV=v1.1.0	NT=cell-lines;VV=v1.1.0	NT=single-cell;VV=v1.0.0	NT=HeLa;AC=EFO:0001185
200nL_CH2_E4	NT=Homo sapiens;AC=NCBITaxon:9606	NT=uterine cervix;AC=UBERON:0000002	NT=epithelial cell;AC=CL:0000066	NT=cervical adenocarcinoma;AC=MONDO:0005153	NT=HeLa;AC=EFO:0001185	CVCL_0030	HeLa	ATCC	30Y6M	female	NT=African American;AC=HANCESTRO:0568	NT=Dulbecco's Modified Eagle Medium;AC=NCIT:C185409	-20 °C	not available	microfluidics	200nL_CH2_E4	1	13	200nL_CH2_E4	proteomic profiling by mass spectrometry	NT=Orbitrap Exploris 480;AC=MS:1003028	label free sample	NT=Trypsin;AC=MS:1001251	NT=Lys-C;AC=MS:1001309	NT=Carbamidomethyl;AC=UNIMOD:4;TA=C;MT=Fixed	Data-dependent acquisition	not available	not available	20 ppm	375m/z-1575m/z	2	4	VolCon_200nL_1ng_protease	2023-06-06	1	1	200nL_CH2_E4.raw	v1.1.0	NT=ms-proteomics;VV=v1.1.0	NT=human;VV=v1.1.0	NT=cell-lines;VV=v1.1.0	NT=single-cell;VV=v1.0.0	NT=HeLa;AC=EFO:0001185
200nL_CH2_F5	NT=Homo sapiens;AC=NCBITaxon:9606	NT=uterine cervix;AC=UBERON:0000002	NT=epithelial cell;AC=CL:0000066	NT=cervical adenocarcinoma;AC=MONDO:0005153	NT=HeLa;AC=EFO:0001185	CVCL_0030	HeLa	ATCC	30Y6M	female	NT=African American;AC=HANCESTRO:0568	NT=Dulbecco's Modified Eagle Medium;AC=NCIT:C185409	-20 °C	not available	microfluidics	200nL_CH2_F5	1	14	200nL_CH2_F5	proteomic profiling by mass spectrometry	NT=Orbitrap Exploris 480;AC=MS:1003028	label free sample	NT=Trypsin;AC=MS:1001251	NT=Lys-C;AC=MS:1001309	NT=Carbamidomethyl;AC=UNIMOD:4;TA=C;MT=Fixed	Data-dependent acquisition	not available	not available	20 ppm	375m/z-1575m/z	2	4	VolCon_200nL_1ng_protease	2023-06-06	1	1	200nL_CH2_F5.raw	v1.1.0	NT=ms-proteomics;VV=v1.1.0	NT=human;VV=v1.1.0	NT=cell-lines;VV=v1.1.0	NT=single-cell;VV=v1.0.0	NT=HeLa;AC=EFO:0001185
200nL_CH2_G3	NT=Homo sapiens;AC=NCBITaxon:9606	NT=uterine cervix;AC=UBERON:0000002	NT=epithelial cell;AC=CL:0000066	NT=cervical adenocarcinoma;AC=MONDO:0005153	NT=HeLa;AC=EFO:0001185	CVCL_0030	HeLa	ATCC	30Y6M	female	NT=African American;AC=HANCESTRO:0568	NT=Dulbecco's Modified Eagle Medium;AC=NCIT:C185409	-20 °C	not available	microfluidics	200nL_CH2_G3	1	15	200nL_CH2_G3	proteomic profiling by mass spectrometry	NT=Orbitrap Exploris 480;AC=MS:1003028	label free sample	NT=Trypsin;AC=MS:1001251	NT=Lys-C;AC=MS:1001309	NT=Carbamidomethyl;AC=UNIMOD:4;TA=C;MT=Fixed	Data-dependent acquisition	not available	not available	20 ppm	375m/z-1575m/z	2	4	VolCon_200nL_1ng_protease	2023-06-06	1	1	200nL_CH2_G3.raw	v1.1.0	NT=ms-proteomics;VV=v1.1.0	NT=human;VV=v1.1.0	NT=cell-lines;VV=v1.1.0	NT=single-cell;VV=v1.0.0	NT=HeLa;AC=EFO:0001185
200nL_CH2_G6	NT=Homo sapiens;AC=NCBITaxon:9606	NT=uterine cervix;AC=UBERON:0000002	NT=epithelial cell;AC=CL:0000066	NT=cervical adenocarcinoma;AC=MONDO:0005153	NT=HeLa;AC=EFO:0001185	CVCL_0030	HeLa	ATCC	30Y6M	female	NT=African American;AC=HANCESTRO:0568	NT=Dulbecco's Modified Eagle Medium;AC=NCIT:C185409	-20 °C	not available	microfluidics	200nL_CH2_G6	1	16	200nL_CH2_G6	proteomic profiling by mass spectrometry	NT=Orbitrap Exploris 480;AC=MS:1003028	label free sample	NT=Trypsin;AC=MS:1001251	NT=Lys-C;AC=MS:1001309	NT=Carbamidomethyl;AC=UNIMOD:4;TA=C;MT=Fixed	Data-dependent acquisition	not available	not available	20 ppm	375m/z-1575m/z	2	4	VolCon_200nL_1ng_protease	2023-06-04	1	1	200nL_CH2_G6.raw	v1.1.0	NT=ms-proteomics;VV=v1.1.0	NT=human;VV=v1.1.0	NT=cell-lines;VV=v1.1.0	NT=single-cell;VV=v1.0.0	NT=HeLa;AC=EFO:0001185
200nL_CH2_J2	NT=Homo sapiens;AC=NCBITaxon:9606	NT=uterine cervix;AC=UBERON:0000002	NT=epithelial cell;AC=CL:0000066	NT=cervical adenocarcinoma;AC=MONDO:0005153	NT=HeLa;AC=EFO:0001185	CVCL_0030	HeLa	ATCC	30Y6M	female	NT=African American;AC=HANCESTRO:0568	NT=Dulbecco's Modified Eagle Medium;AC=NCIT:C185409	-20 °C	not available	microfluidics	200nL_CH2_J2	1	17	200nL_CH2_J2	proteomic profiling by mass spectrometry	NT=Orbitrap Exploris 480;AC=MS:1003028	label free sample	NT=Trypsin;AC=MS:1001251	NT=Lys-C;AC=MS:1001309	NT=Carbamidomethyl;AC=UNIMOD:4;TA=C;MT=Fixed	Data-dependent acquisition	not available	not available	20 ppm	375m/z-1575m/z	2	4	VolCon_200nL_1ng_protease	2023-06-05	1	1	200nL_CH2_J2.raw	v1.1.0	NT=ms-proteomics;VV=v1.1.0	NT=human;VV=v1.1.0	NT=cell-lines;VV=v1.1.0	NT=single-cell;VV=v1.0.0	NT=HeLa;AC=EFO:0001185
200nL_CH2_J4	NT=Homo sapiens;AC=NCBITaxon:9606	NT=uterine cervix;AC=UBERON:0000002	NT=epithelial cell;AC=CL:0000066	NT=cervical adenocarcinoma;AC=MONDO:0005153	NT=HeLa;AC=EFO:0001185	CVCL_0030	HeLa	ATCC	30Y6M	female	NT=African American;AC=HANCESTRO:0568	NT=Dulbecco's Modified Eagle Medium;AC=NCIT:C185409	-20 °C	not available	microfluidics	200nL_CH2_J4	1	18	200nL_CH2_J4	proteomic profiling by mass spectrometry	NT=Orbitrap Exploris 480;AC=MS:1003028	label free sample	NT=Trypsin;AC=MS:1001251	NT=Lys-C;AC=MS:1001309	NT=Carbamidomethyl;AC=UNIMOD:4;TA=C;MT=Fixed	Data-dependent acquisition	not available	not available	20 ppm	375m/z-1575m/z	2	4	VolCon_200nL_1ng_protease	2023-06-05	1	1	200nL_CH2_J4.raw	v1.1.0	NT=ms-proteomics;VV=v1.1.0	NT=human;VV=v1.1.0	NT=cell-lines;VV=v1.1.0	NT=single-cell;VV=v1.0.0	NT=HeLa;AC=EFO:0001185
500nL1ng_CH1_D21	NT=Homo sapiens;AC=NCBITaxon:9606	NT=uterine cervix;AC=UBERON:0000002	NT=epithelial cell;AC=CL:0000066	NT=cervical adenocarcinoma;AC=MONDO:0005153	NT=HeLa;AC=EFO:0001185	CVCL_0030	HeLa	ATCC	30Y6M	female	NT=African American;AC=HANCESTRO:0568	NT=Dulbecco's Modified Eagle Medium;AC=NCIT:C185409	-20 °C	not available	microfluidics	500nL1ng_CH1_D21	1	1	500nL1ng_CH1_D21	proteomic profiling by mass spectrometry	NT=Orbitrap Exploris 480;AC=MS:1003028	label free sample	NT=Trypsin;AC=MS:1001251	NT=Lys-C;AC=MS:1001309	NT=Carbamidomethyl;AC=UNIMOD:4;TA=C;MT=Fixed	Data-dependent acquisition	not available	not available	20 ppm	375m/z-1575m/z	2	4	VolCon_500nL_1ng_protease	2023-06-04	1	1	500nL1ng_CH1_D21.raw	v1.1.0	NT=ms-proteomics;VV=v1.1.0	NT=human;VV=v1.1.0	NT=cell-lines;VV=v1.1.0	NT=single-cell;VV=v1.0.0	NT=HeLa;AC=EFO:0001185
500nL1ng_CH1_F16	NT=Homo sapiens;AC=NCBITaxon:9606	NT=uterine cervix;AC=UBERON:0000002	NT=epithelial cell;AC=CL:0000066	NT=cervical adenocarcinoma;AC=MONDO:0005153	NT=HeLa;AC=EFO:0001185	CVCL_0030	HeLa	ATCC	30Y6M	female	NT=African American;AC=HANCESTRO:0568	NT=Dulbecco's Modified Eagle Medium;AC=NCIT:C185409	-20 °C	not available	microfluidics	500nL1ng_CH1_F16	1	2	500nL1ng_CH1_F16	proteomic profiling by mass spectrometry	NT=Orbitrap Exploris 480;AC=MS:1003028	label free sample	NT=Trypsin;AC=MS:1001251	NT=Lys-C;AC=MS:1001309	NT=Carbamidomethyl;AC=UNIMOD:4;TA=C;MT=Fixed	Data-dependent acquisition	not available	not available	20 ppm	375m/z-1575m/z	2	4	VolCon_500nL_1ng_protease	2023-06-04	1	1	500nL1ng_CH1_F16.raw	v1.1.0	NT=ms-proteomics;VV=v1.1.0	NT=human;VV=v1.1.0	NT=cell-lines;VV=v1.1.0	NT=single-cell;VV=v1.0.0	NT=HeLa;AC=EFO:0001185
500nL1ng_CH1_G16	NT=Homo sapiens;AC=NCBITaxon:9606	NT=uterine cervix;AC=UBERON:0000002	NT=epithelial cell;AC=CL:0000066	NT=cervical adenocarcinoma;AC=MONDO:0005153	NT=HeLa;AC=EFO:0001185	CVCL_0030	HeLa	ATCC	30Y6M	female	NT=African American;AC=HANCESTRO:0568	NT=Dulbecco's Modified Eagle Medium;AC=NCIT:C185409	-20 °C	not available	microfluidics	500nL1ng_CH1_G16	1	3	500nL1ng_CH1_G16	proteomic profiling by mass spectrometry	NT=Orbitrap Exploris 480;AC=MS:1003028	label free sample	NT=Trypsin;AC=MS:1001251	NT=Lys-C;AC=MS:1001309	NT=Carbamidomethyl;AC=UNIMOD:4;TA=C;MT=Fixed	Data-dependent acquisition	not available	not available	20 ppm	375m/z-1575m/z	2	4	VolCon_500nL_1ng_protease	2023-06-05	1	1	500nL1ng_CH1_G16.raw	v1.1.0	NT=ms-proteomics;VV=v1.1.0	NT=human;VV=v1.1.0	NT=cell-lines;VV=v1.1.0	NT=single-cell;VV=v1.0.0	NT=HeLa;AC=EFO:0001185
500nL1ng_CH1_H16	NT=Homo sapiens;AC=NCBITaxon:9606	NT=uterine cervix;AC=UBERON:0000002	NT=epithelial cell;AC=CL:0000066	NT=cervical adenocarcinoma;AC=MONDO:0005153	NT=HeLa;AC=EFO:0001185	CVCL_0030	HeLa	ATCC	30Y6M	female	NT=African American;AC=HANCESTRO:0568	NT=Dulbecco's Modified Eagle Medium;AC=NCIT:C185409	-20 °C	not available	microfluidics	500nL1ng_CH1_H16	1	4	500nL1ng_CH1_H16	proteomic profiling by mass spectrometry	NT=Orbitrap Exploris 480;AC=MS:1003028	label free sample	NT=Trypsin;AC=MS:1001251	NT=Lys-C;AC=MS:1001309	NT=Carbamidomethyl;AC=UNIMOD:4;TA=C;MT=Fixed	Data-dependent acquisition	not available	not available	20 ppm	375m/z-1575m/z	2	4	VolCon_500nL_1ng_protease	2023-06-05	1	1	500nL1ng_CH1_H16.raw	v1.1.0	NT=ms-proteomics;VV=v1.1.0	NT=human;VV=v1.1.0	NT=cell-lines;VV=v1.1.0	NT=single-cell;VV=v1.0.0	NT=HeLa;AC=EFO:0001185
500nL1ng_CH1_H18	NT=Homo sapiens;AC=NCBITaxon:9606	NT=uterine cervix;AC=UBERON:0000002	NT=epithelial cell;AC=CL:0000066	NT=cervical adenocarcinoma;AC=MONDO:0005153	NT=HeLa;AC=EFO:0001185	CVCL_0030	HeLa	ATCC	30Y6M	female	NT=African American;AC=HANCESTRO:0568	NT=Dulbecco's Modified Eagle Medium;AC=NCIT:C185409	-20 °C	not available	microfluidics	500nL1ng_CH1_H18	1	5	500nL1ng_CH1_H18	proteomic profiling by mass spectrometry	NT=Orbitrap Exploris 480;AC=MS:1003028	label free sample	NT=Trypsin;AC=MS:1001251	NT=Lys-C;AC=MS:1001309	NT=Carbamidomethyl;AC=UNIMOD:4;TA=C;MT=Fixed	Data-dependent acquisition	not available	not available	20 ppm	375m/z-1575m/z	2	4	VolCon_500nL_1ng_protease	2023-06-06	1	1	500nL1ng_CH1_H18.raw	v1.1.0	NT=ms-proteomics;VV=v1.1.0	NT=human;VV=v1.1.0	NT=cell-lines;VV=v1.1.0	NT=single-cell;VV=v1.0.0	NT=HeLa;AC=EFO:0001185
500nL1ng_CH1_J20	NT=Homo sapiens;AC=NCBITaxon:9606	NT=uterine cervix;AC=UBERON:0000002	NT=epithelial cell;AC=CL:0000066	NT=cervical adenocarcinoma;AC=MONDO:0005153	NT=HeLa;AC=EFO:0001185	CVCL_0030	HeLa	ATCC	30Y6M	female	NT=African American;AC=HANCESTRO:0568	NT=Dulbecco's Modified Eagle Medium;AC=NCIT:C185409	-20 °C	not available	microfluidics	500nL1ng_CH1_J20	1	6	500nL1ng_CH1_J20	proteomic profiling by mass spectrometry	NT=Orbitrap Exploris 480;AC=MS:1003028	label free sample	NT=Trypsin;AC=MS:1001251	NT=Lys-C;AC=MS:1001309	NT=Carbamidomethyl;AC=UNIMOD:4;TA=C;MT=Fixed	Data-dependent acquisition	not available	not available	20 ppm	375m/z-1575m/z	2	4	VolCon_500nL_1ng_protease	2023-06-05	1	1	500nL1ng_CH1_J20.raw	v1.1.0	NT=ms-proteomics;VV=v1.1.0	NT=human;VV=v1.1.0	NT=cell-lines;VV=v1.1.0	NT=single-cell;VV=v1.0.0	NT=HeLa;AC=EFO:0001185
500nL1ng_CH1_J22	NT=Homo sapiens;AC=NCBITaxon:9606	NT=uterine cervix;AC=UBERON:0000002	NT=epithelial cell;AC=CL:0000066	NT=cervical adenocarcinoma;AC=MONDO:0005153	NT=HeLa;AC=EFO:0001185	CVCL_0030	HeLa	ATCC	30Y6M	female	NT=African American;AC=HANCESTRO:0568	NT=Dulbecco's Modified Eagle Medium;AC=NCIT:C185409	-20 °C	not available	microfluidics	500nL1ng_CH1_J22	1	7	500nL1ng_CH1_J22	proteomic profiling by mass spectrometry	NT=Orbitrap Exploris 480;AC=MS:1003028	label free sample	NT=Trypsin;AC=MS:1001251	NT=Lys-C;AC=MS:1001309	NT=Carbamidomethyl;AC=UNIMOD:4;TA=C;MT=Fixed	Data-dependent acquisition	not available	not available	20 ppm	375m/z-1575m/z	2	4	VolCon_500nL_1ng_protease	2023-06-06	1	1	500nL1ng_CH1_J22.raw	v1.1.0	NT=ms-proteomics;VV=v1.1.0	NT=human;VV=v1.1.0	NT=cell-lines;VV=v1.1.0	NT=single-cell;VV=v1.0.0	NT=HeLa;AC=EFO:0001185
500nL1ng_CH1_K18	NT=Homo sapiens;AC=NCBITaxon:9606	NT=uterine cervix;AC=UBERON:0000002	NT=epithelial cell;AC=CL:0000066	NT=cervical adenocarcinoma;AC=MONDO:0005153	NT=HeLa;AC=EFO:0001185	CVCL_0030	HeLa	ATCC	30Y6M	female	NT=African American;AC=HANCESTRO:0568	NT=Dulbecco's Modified Eagle Medium;AC=NCIT:C185409	-20 °C	not available	microfluidics	500nL1ng_CH1_K18	1	8	500nL1ng_CH1_K18	proteomic profiling by mass spectrometry	NT=Orbitrap Exploris 480;AC=MS:1003028	label free sample	NT=Trypsin;AC=MS:1001251	NT=Lys-C;AC=MS:1001309	NT=Carbamidomethyl;AC=UNIMOD:4;TA=C;MT=Fixed	Data-dependent acquisition	not available	not available	20 ppm	375m/z-1575m/z	2	4	VolCon_500nL_1ng_protease	2023-06-05	1	1	500nL1ng_CH1_K18.raw	v1.1.0	NT=ms-proteomics;VV=v1.1.0	NT=human;VV=v1.1.0	NT=cell-lines;VV=v1.1.0	NT=single-cell;VV=v1.0.0	NT=HeLa;AC=EFO:0001185
500nL1ng_CH2_C18	NT=Homo sapiens;AC=NCBITaxon:9606	NT=uterine cervix;AC=UBERON:0000002	NT=epithelial cell;AC=CL:0000066	NT=cervical adenocarcinoma;AC=MONDO:0005153	NT=HeLa;AC=EFO:0001185	CVCL_0030	HeLa	ATCC	30Y6M	female	NT=African American;AC=HANCESTRO:0568	NT=Dulbecco's Modified Eagle Medium;AC=NCIT:C185409	-20 °C	not available	microfluidics	500nL1ng_CH2_C18	1	9	500nL1ng_CH2_C18	proteomic profiling by mass spectrometry	NT=Orbitrap Exploris 480;AC=MS:1003028	label free sample	NT=Trypsin;AC=MS:1001251	NT=Lys-C;AC=MS:1001309	NT=Carbamidomethyl;AC=UNIMOD:4;TA=C;MT=Fixed	Data-dependent acquisition	not available	not available	20 ppm	375m/z-1575m/z	2	4	VolCon_500nL_1ng_protease	2023-06-04	1	1	500nL1ng_CH2_C18.raw	v1.1.0	NT=ms-proteomics;VV=v1.1.0	NT=human;VV=v1.1.0	NT=cell-lines;VV=v1.1.0	NT=single-cell;VV=v1.0.0	NT=HeLa;AC=EFO:0001185
500nL1ng_CH2_F18	NT=Homo sapiens;AC=NCBITaxon:9606	NT=uterine cervix;AC=UBERON:0000002	NT=epithelial cell;AC=CL:0000066	NT=cervical adenocarcinoma;AC=MONDO:0005153	NT=HeLa;AC=EFO:0001185	CVCL_0030	HeLa	ATCC	30Y6M	female	NT=African American;AC=HANCESTRO:0568	NT=Dulbecco's Modified Eagle Medium;AC=NCIT:C185409	-20 °C	not available	microfluidics	500nL1ng_CH2_F18	1	10	500nL1ng_CH2_F18	proteomic profiling by mass spectrometry	NT=Orbitrap Exploris 480;AC=MS:1003028	label free sample	NT=Trypsin;AC=MS:1001251	NT=Lys-C;AC=MS:1001309	NT=Carbamidomethyl;AC=UNIMOD:4;TA=C;MT=Fixed	Data-dependent acquisition	not available	not available	20 ppm	375m/z-1575m/z	2	4	VolCon_500nL_1ng_protease	2023-06-04	1	1	500nL1ng_CH2_F18.raw	v1.1.0	NT=ms-proteomics;VV=v1.1.0	NT=human;VV=v1.1.0	NT=cell-lines;VV=v1.1.0	NT=single-cell;VV=v1.0.0	NT=HeLa;AC=EFO:0001185
500nL1ng_CH2_F21	NT=Homo sapiens;AC=NCBITaxon:9606	NT=uterine cervix;AC=UBERON:0000002	NT=epithelial cell;AC=CL:0000066	NT=cervical adenocarcinoma;AC=MONDO:0005153	NT=HeLa;AC=EFO:0001185	CVCL_0030	HeLa	ATCC	30Y6M	female	NT=African American;AC=HANCESTRO:0568	NT=Dulbecco's Modified Eagle Medium;AC=NCIT:C185409	-20 °C	not available	microfluidics	500nL1ng_CH2_F21	1	11	500nL1ng_CH2_F21	proteomic profiling by mass spectrometry	NT=Orbitrap Exploris 480;AC=MS:1003028	label free sample	NT=Trypsin;AC=MS:1001251	NT=Lys-C;AC=MS:1001309	NT=Carbamidomethyl;AC=UNIMOD:4;TA=C;MT=Fixed	Data-dependent acquisition	not available	not available	20 ppm	375m/z-1575m/z	2	4	VolCon_500nL_1ng_protease	2023-06-04	1	1	500nL1ng_CH2_F21.raw	v1.1.0	NT=ms-proteomics;VV=v1.1.0	NT=human;VV=v1.1.0	NT=cell-lines;VV=v1.1.0	NT=single-cell;VV=v1.0.0	NT=HeLa;AC=EFO:0001185
500nL1ng_CH2_G20	NT=Homo sapiens;AC=NCBITaxon:9606	NT=uterine cervix;AC=UBERON:0000002	NT=epithelial cell;AC=CL:0000066	NT=cervical adenocarcinoma;AC=MONDO:0005153	NT=HeLa;AC=EFO:0001185	CVCL_0030	HeLa	ATCC	30Y6M	female	NT=African American;AC=HANCESTRO:0568	NT=Dulbecco's Modified Eagle Medium;AC=NCIT:C185409	-20 °C	not available	microfluidics	500nL1ng_CH2_G20	1	12	500nL1ng_CH2_G20	proteomic profiling by mass spectrometry	NT=Orbitrap Exploris 480;AC=MS:1003028	label free sample	NT=Trypsin;AC=MS:1001251	NT=Lys-C;AC=MS:1001309	NT=Carbamidomethyl;AC=UNIMOD:4;TA=C;MT=Fixed	Data-dependent acquisition	not available	not available	20 ppm	375m/z-1575m/z	2	4	VolCon_500nL_1ng_protease	2023-06-07	1	1	500nL1ng_CH2_G20.raw	v1.1.0	NT=ms-proteomics;VV=v1.1.0	NT=human;VV=v1.1.0	NT=cell-lines;VV=v1.1.0	NT=single-cell;VV=v1.0.0	NT=HeLa;AC=EFO:0001185
500nL1ng_CH2_G22	NT=Homo sapiens;AC=NCBITaxon:9606	NT=uterine cervix;AC=UBERON:0000002	NT=epithelial cell;AC=CL:0000066	NT=cervical adenocarcinoma;AC=MONDO:0005153	NT=HeLa;AC=EFO:0001185	CVCL_0030	HeLa	ATCC	30Y6M	female	NT=African American;AC=HANCESTRO:0568	NT=Dulbecco's Modified Eagle Medium;AC=NCIT:C185409	-20 °C	not available	microfluidics	500nL1ng_CH2_G22	1	13	500nL1ng_CH2_G22	proteomic profiling by mass spectrometry	NT=Orbitrap Exploris 480;AC=MS:1003028	label free sample	NT=Trypsin;AC=MS:1001251	NT=Lys-C;AC=MS:1001309	NT=Carbamidomethyl;AC=UNIMOD:4;TA=C;MT=Fixed	Data-dependent acquisition	not available	not available	20 ppm	375m/z-1575m/z	2	4	VolCon_500nL_1ng_protease	2023-06-05	1	1	500nL1ng_CH2_G22.raw	v1.1.0	NT=ms-proteomics;VV=v1.1.0	NT=human;VV=v1.1.0	NT=cell-lines;VV=v1.1.0	NT=single-cell;VV=v1.0.0	NT=HeLa;AC=EFO:0001185
500nL1ng_CH2_J16	NT=Homo sapiens;AC=NCBITaxon:9606	NT=uterine cervix;AC=UBERON:0000002	NT=epithelial cell;AC=CL:0000066	NT=cervical adenocarcinoma;AC=MONDO:0005153	NT=HeLa;AC=EFO:0001185	CVCL_0030	HeLa	ATCC	30Y6M	female	NT=African American;AC=HANCESTRO:0568	NT=Dulbecco's Modified Eagle Medium;AC=NCIT:C185409	-20 °C	not available	microfluidics	500nL1ng_CH2_J16	1	14	500nL1ng_CH2_J16	proteomic profiling by mass spectrometry	NT=Orbitrap Exploris 480;AC=MS:1003028	label free sample	NT=Trypsin;AC=MS:1001251	NT=Lys-C;AC=MS:1001309	NT=Carbamidomethyl;AC=UNIMOD:4;TA=C;MT=Fixed	Data-dependent acquisition	not available	not available	20 ppm	375m/z-1575m/z	2	4	VolCon_500nL_1ng_protease	2023-06-06	1	1	500nL1ng_CH2_J16.raw	v1.1.0	NT=ms-proteomics;VV=v1.1.0	NT=human;VV=v1.1.0	NT=cell-lines;VV=v1.1.0	NT=single-cell;VV=v1.0.0	NT=HeLa;AC=EFO:0001185
500nL1ng_CH2_J21	NT=Homo sapiens;AC=NCBITaxon:9606	NT=uterine cervix;AC=UBERON:0000002	NT=epithelial cell;AC=CL:0000066	NT=cervical adenocarcinoma;AC=MONDO:0005153	NT=HeLa;AC=EFO:0001185	CVCL_0030	HeLa	ATCC	30Y6M	female	NT=African American;AC=HANCESTRO:0568	NT=Dulbecco's Modified Eagle Medium;AC=NCIT:C185409	-20 °C	not available	microfluidics	500nL1ng_CH2_J21	1	15	500nL1ng_CH2_J21	proteomic profiling by mass spectrometry	NT=Orbitrap Exploris 480;AC=MS:1003028	label free sample	NT=Trypsin;AC=MS:1001251	NT=Lys-C;AC=MS:1001309	NT=Carbamidomethyl;AC=UNIMOD:4;TA=C;MT=Fixed	Data-dependent acquisition	not available	not available	20 ppm	375m/z-1575m/z	2	4	VolCon_500nL_1ng_protease	2023-06-06	1	1	500nL1ng_CH2_J21.raw	v1.1.0	NT=ms-proteomics;VV=v1.1.0	NT=human;VV=v1.1.0	NT=cell-lines;VV=v1.1.0	NT=single-cell;VV=v1.0.0	NT=HeLa;AC=EFO:0001185
500nL1ng_CH2_K20	NT=Homo sapiens;AC=NCBITaxon:9606	NT=uterine cervix;AC=UBERON:0000002	NT=epithelial cell;AC=CL:0000066	NT=cervical adenocarcinoma;AC=MONDO:0005153	NT=HeLa;AC=EFO:0001185	CVCL_0030	HeLa	ATCC	30Y6M	female	NT=African American;AC=HANCESTRO:0568	NT=Dulbecco's Modified Eagle Medium;AC=NCIT:C185409	-20 °C	not available	microfluidics	500nL1ng_CH2_K20	1	16	500nL1ng_CH2_K20	proteomic profiling by mass spectrometry	NT=Orbitrap Exploris 480;AC=MS:1003028	label free sample	NT=Trypsin;AC=MS:1001251	NT=Lys-C;AC=MS:1001309	NT=Carbamidomethyl;AC=UNIMOD:4;TA=C;MT=Fixed	Data-dependent acquisition	not available	not available	20 ppm	375m/z-1575m/z	2	4	VolCon_500nL_1ng_protease	2023-06-05	1	1	500nL1ng_CH2_K20.raw	v1.1.0	NT=ms-proteomics;VV=v1.1.0	NT=human;VV=v1.1.0	NT=cell-lines;VV=v1.1.0	NT=single-cell;VV=v1.0.0	NT=HeLa;AC=EFO:0001185
500nL1ng_CH2_K21	NT=Homo sapiens;AC=NCBITaxon:9606	NT=uterine cervix;AC=UBERON:0000002	NT=epithelial cell;AC=CL:0000066	NT=cervical adenocarcinoma;AC=MONDO:0005153	NT=HeLa;AC=EFO:0001185	CVCL_0030	HeLa	ATCC	30Y6M	female	NT=African American;AC=HANCESTRO:0568	NT=Dulbecco's Modified Eagle Medium;AC=NCIT:C185409	-20 °C	not available	microfluidics	500nL1ng_CH2_K21	1	17	500nL1ng_CH2_K21	proteomic profiling by mass spectrometry	NT=Orbitrap Exploris 480;AC=MS:1003028	label free sample	NT=Trypsin;AC=MS:1001251	NT=Lys-C;AC=MS:1001309	NT=Carbamidomethyl;AC=UNIMOD:4;TA=C;MT=Fixed	Data-dependent acquisition	not available	not available	20 ppm	375m/z-1575m/z	2	4	VolCon_500nL_1ng_protease	2023-06-05	1	1	500nL1ng_CH2_K21.raw	v1.1.0	NT=ms-proteomics;VV=v1.1.0	NT=human;VV=v1.1.0	NT=cell-lines;VV=v1.1.0	NT=single-cell;VV=v1.0.0	NT=HeLa;AC=EFO:0001185
500nL1ng_CH2_K22	NT=Homo sapiens;AC=NCBITaxon:9606	NT=uterine cervix;AC=UBERON:0000002	NT=epithelial cell;AC=CL:0000066	NT=cervical adenocarcinoma;AC=MONDO:0005153	NT=HeLa;AC=EFO:0001185	CVCL_0030	HeLa	ATCC	30Y6M	female	NT=African American;AC=HANCESTRO:0568	NT=Dulbecco's Modified Eagle Medium;AC=NCIT:C185409	-20 °C	not available	microfluidics	500nL1ng_CH2_K22	1	18	500nL1ng_CH2_K22	proteomic profiling by mass spectrometry	NT=Orbitrap Exploris 480;AC=MS:1003028	label free sample	NT=Trypsin;AC=MS:1001251	NT=Lys-C;AC=MS:1001309	NT=Carbamidomethyl;AC=UNIMOD:4;TA=C;MT=Fixed	Data-dependent acquisition	not available	not available	20 ppm	375m/z-1575m/z	2	4	VolCon_500nL_1ng_protease	2023-06-06	1	1	500nL1ng_CH2_K22.raw	v1.1.0	NT=ms-proteomics;VV=v1.1.0	NT=human;VV=v1.1.0	NT=cell-lines;VV=v1.1.0	NT=single-cell;VV=v1.0.0	NT=HeLa;AC=EFO:0001185
500nL25ng_CH1_D15	NT=Homo sapiens;AC=NCBITaxon:9606	NT=uterine cervix;AC=UBERON:0000002	NT=epithelial cell;AC=CL:0000066	NT=cervical adenocarcinoma;AC=MONDO:0005153	NT=HeLa;AC=EFO:0001185	CVCL_0030	HeLa	ATCC	30Y6M	female	NT=African American;AC=HANCESTRO:0568	NT=Dulbecco's Modified Eagle Medium;AC=NCIT:C185409	-20 °C	not available	microfluidics	500nL25ng_CH1_D15	1	1	500nL25ng_CH1_D15	proteomic profiling by mass spectrometry	NT=Orbitrap Exploris 480;AC=MS:1003028	label free sample	NT=Trypsin;AC=MS:1001251	NT=Lys-C;AC=MS:1001309	NT=Carbamidomethyl;AC=UNIMOD:4;TA=C;MT=Fixed	Data-dependent acquisition	not available	not available	20 ppm	375m/z-1575m/z	2	4	VolCon_500nL_2.5ng_protease	2023-06-04	1	1	500nL25ng_CH1_D15.raw	v1.1.0	NT=ms-proteomics;VV=v1.1.0	NT=human;VV=v1.1.0	NT=cell-lines;VV=v1.1.0	NT=single-cell;VV=v1.0.0	NT=HeLa;AC=EFO:0001185
500nL25ng_CH1_E10	NT=Homo sapiens;AC=NCBITaxon:9606	NT=uterine cervix;AC=UBERON:0000002	NT=epithelial cell;AC=CL:0000066	NT=cervical adenocarcinoma;AC=MONDO:0005153	NT=HeLa;AC=EFO:0001185	CVCL_0030	HeLa	ATCC	30Y6M	female	NT=African American;AC=HANCESTRO:0568	NT=Dulbecco's Modified Eagle Medium;AC=NCIT:C185409	-20 °C	not available	microfluidics	500nL25ng_CH1_E10	1	2	500nL25ng_CH1_E10	proteomic profiling by mass spectrometry	NT=Orbitrap Exploris 480;AC=MS:1003028	label free sample	NT=Trypsin;AC=MS:1001251	NT=Lys-C;AC=MS:1001309	NT=Carbamidomethyl;AC=UNIMOD:4;TA=C;MT=Fixed	Data-dependent acquisition	not available	not available	20 ppm	375m/z-1575m/z	2	4	VolCon_500nL_2.5ng_protease	2023-06-05	1	1	500nL25ng_CH1_E10.raw	v1.1.0	NT=ms-proteomics;VV=v1.1.0	NT=human;VV=v1.1.0	NT=cell-lines;VV=v1.1.0	NT=single-cell;VV=v1.0.0	NT=HeLa;AC=EFO:0001185
500nL25ng_CH1_E13	NT=Homo sapiens;AC=NCBITaxon:9606	NT=uterine cervix;AC=UBERON:0000002	NT=epithelial cell;AC=CL:0000066	NT=cervical adenocarcinoma;AC=MONDO:0005153	NT=HeLa;AC=EFO:0001185	CVCL_0030	HeLa	ATCC	30Y6M	female	NT=African American;AC=HANCESTRO:0568	NT=Dulbecco's Modified Eagle Medium;AC=NCIT:C185409	-20 °C	not available	microfluidics	500nL25ng_CH1_E13	1	3	500nL25ng_CH1_E13	proteomic profiling by mass spectrometry	NT=Orbitrap Exploris 480;AC=MS:1003028	label free sample	NT=Trypsin;AC=MS:1001251	NT=Lys-C;AC=MS:1001309	NT=Carbamidomethyl;AC=UNIMOD:4;TA=C;MT=Fixed	Data-dependent acquisition	not available	not available	20 ppm	375m/z-1575m/z	2	4	VolCon_500nL_2.5ng_protease	2023-06-07	1	1	500nL25ng_CH1_E13.raw	v1.1.0	NT=ms-proteomics;VV=v1.1.0	NT=human;VV=v1.1.0	NT=cell-lines;VV=v1.1.0	NT=single-cell;VV=v1.0.0	NT=HeLa;AC=EFO:0001185
500nL25ng_CH1_E15	NT=Homo sapiens;AC=NCBITaxon:9606	NT=uterine cervix;AC=UBERON:0000002	NT=epithelial cell;AC=CL:0000066	NT=cervical adenocarcinoma;AC=MONDO:0005153	NT=HeLa;AC=EFO:0001185	CVCL_0030	HeLa	ATCC	30Y6M	female	NT=African American;AC=HANCESTRO:0568	NT=Dulbecco's Modified Eagle Medium;AC=NCIT:C185409	-20 °C	not available	microfluidics	500nL25ng_CH1_E15	1	4	500nL25ng_CH1_E15	proteomic profiling by mass spectrometry	NT=Orbitrap Exploris 480;AC=MS:1003028	label free sample	NT=Trypsin;AC=MS:1001251	NT=Lys-C;AC=MS:1001309	NT=Carbamidomethyl;AC=UNIMOD:4;TA=C;MT=Fixed	Data-dependent acquisition	not available	not available	20 ppm	375m/z-1575m/z	2	4	VolCon_500nL_2.5ng_protease	2023-06-06	1	1	500nL25ng_CH1_E15.raw	v1.1.0	NT=ms-proteomics;VV=v1.1.0	NT=human;VV=v1.1.0	NT=cell-lines;VV=v1.1.0	NT=single-cell;VV=v1.0.0	NT=HeLa;AC=EFO:0001185
500nL25ng_CH1_G9	NT=Homo sapiens;AC=NCBITaxon:9606	NT=uterine cervix;AC=UBERON:0000002	NT=epithelial cell;AC=CL:0000066	NT=cervical adenocarcinoma;AC=MONDO:0005153	NT=HeLa;AC=EFO:0001185	CVCL_0030	HeLa	ATCC	30Y6M	female	NT=African American;AC=HANCESTRO:0568	NT=Dulbecco's Modified Eagle Medium;AC=NCIT:C185409	-20 °C	not available	microfluidics	500nL25ng_CH1_G9	1	5	500nL25ng_CH1_G9	proteomic profiling by mass spectrometry	NT=Orbitrap Exploris 480;AC=MS:1003028	label free sample	NT=Trypsin;AC=MS:1001251	NT=Lys-C;AC=MS:1001309	NT=Carbamidomethyl;AC=UNIMOD:4;TA=C;MT=Fixed	Data-dependent acquisition	not available	not available	20 ppm	375m/z-1575m/z	2	4	VolCon_500nL_2.5ng_protease	2023-06-06	1	1	500nL25ng_CH1_G9.raw	v1.1.0	NT=ms-proteomics;VV=v1.1.0	NT=human;VV=v1.1.0	NT=cell-lines;VV=v1.1.0	NT=single-cell;VV=v1.0.0	NT=HeLa;AC=EFO:0001185
500nL25ng_CH1_H12	NT=Homo sapiens;AC=NCBITaxon:9606	NT=uterine cervix;AC=UBERON:0000002	NT=epithelial cell;AC=CL:0000066	NT=cervical adenocarcinoma;AC=MONDO:0005153	NT=HeLa;AC=EFO:0001185	CVCL_0030	HeLa	ATCC	30Y6M	female	NT=African American;AC=HANCESTRO:0568	NT=Dulbecco's Modified Eagle Medium;AC=NCIT:C185409	-20 °C	not available	microfluidics	500nL25ng_CH1_H12	1	6	500nL25ng_CH1_H12	proteomic profiling by mass spectrometry	NT=Orbitrap Exploris 480;AC=MS:1003028	label free sample	NT=Trypsin;AC=MS:1001251	NT=Lys-C;AC=MS:1001309	NT=Carbamidomethyl;AC=UNIMOD:4;TA=C;MT=Fixed	Data-dependent acquisition	not available	not available	20 ppm	375m/z-1575m/z	2	4	VolCon_500nL_2.5ng_protease	2023-06-06	1	1	500nL25ng_CH1_H12.raw	v1.1.0	NT=ms-proteomics;VV=v1.1.0	NT=human;VV=v1.1.0	NT=cell-lines;VV=v1.1.0	NT=single-cell;VV=v1.0.0	NT=HeLa;AC=EFO:0001185
500nL25ng_CH1_J12	NT=Homo sapiens;AC=NCBITaxon:9606	NT=uterine cervix;AC=UBERON:0000002	NT=epithelial cell;AC=CL:0000066	NT=cervical adenocarcinoma;AC=MONDO:0005153	NT=HeLa;AC=EFO:0001185	CVCL_0030	HeLa	ATCC	30Y6M	female	NT=African American;AC=HANCESTRO:0568	NT=Dulbecco's Modified Eagle Medium;AC=NCIT:C185409	-20 °C	not available	microfluidics	500nL25ng_CH1_J12	1	7	500nL25ng_CH1_J12	proteomic profiling by mass spectrometry	NT=Orbitrap Exploris 480;AC=MS:1003028	label free sample	NT=Trypsin;AC=MS:1001251	NT=Lys-C;AC=MS:1001309	NT=Carbamidomethyl;AC=UNIMOD:4;TA=C;MT=Fixed	Data-dependent acquisition	not available	not available	20 ppm	375m/z-1575m/z	2	4	VolCon_500nL_2.5ng_protease	2023-06-05	1	1	500nL25ng_CH1_J12.raw	v1.1.0	NT=ms-proteomics;VV=v1.1.0	NT=human;VV=v1.1.0	NT=cell-lines;VV=v1.1.0	NT=single-cell;VV=v1.0.0	NT=HeLa;AC=EFO:0001185
500nL25ng_CH1_K10	NT=Homo sapiens;AC=NCBITaxon:9606	NT=uterine cervix;AC=UBERON:0000002	NT=epithelial cell;AC=CL:0000066	NT=cervical adenocarcinoma;AC=MONDO:0005153	NT=HeLa;AC=EFO:0001185	CVCL_0030	HeLa	ATCC	30Y6M	female	NT=African American;AC=HANCESTRO:0568	NT=Dulbecco's Modified Eagle Medium;AC=NCIT:C185409	-20 °C	not available	microfluidics	500nL25ng_CH1_K10	1	8	500nL25ng_CH1_K10	proteomic profiling by mass spectrometry	NT=Orbitrap Exploris 480;AC=MS:1003028	label free sample	NT=Trypsin;AC=MS:1001251	NT=Lys-C;AC=MS:1001309	NT=Carbamidomethyl;AC=UNIMOD:4;TA=C;MT=Fixed	Data-dependent acquisition	not available	not available	20 ppm	375m/z-1575m/z	2	4	VolCon_500nL_2.5ng_protease	2023-06-04	1	1	500nL25ng_CH1_K10.raw	v1.1.0	NT=ms-proteomics;VV=v1.1.0	NT=human;VV=v1.1.0	NT=cell-lines;VV=v1.1.0	NT=single-cell;VV=v1.0.0	NT=HeLa;AC=EFO:0001185
500nL25ng_CH1_K12	NT=Homo sapiens;AC=NCBITaxon:9606	NT=uterine cervix;AC=UBERON:0000002	NT=epithelial cell;AC=CL:0000066	NT=cervical adenocarcinoma;AC=MONDO:0005153	NT=HeLa;AC=EFO:0001185	CVCL_0030	HeLa	ATCC	30Y6M	female	NT=African American;AC=HANCESTRO:0568	NT=Dulbecco's Modified Eagle Medium;AC=NCIT:C185409	-20 °C	not available	microfluidics	500nL25ng_CH1_K12	1	9	500nL25ng_CH1_K12	proteomic profiling by mass spectrometry	NT=Orbitrap Exploris 480;AC=MS:1003028	label free sample	NT=Trypsin;AC=MS:1001251	NT=Lys-C;AC=MS:1001309	NT=Carbamidomethyl;AC=UNIMOD:4;TA=C;MT=Fixed	Data-dependent acquisition	not available	not available	20 ppm	375m/z-1575m/z	2	4	VolCon_500nL_2.5ng_protease	2023-06-05	1	1	500nL25ng_CH1_K12.raw	v1.1.0	NT=ms-proteomics;VV=v1.1.0	NT=human;VV=v1.1.0	NT=cell-lines;VV=v1.1.0	NT=single-cell;VV=v1.0.0	NT=HeLa;AC=EFO:0001185
500nL25ng_CH2_C10	NT=Homo sapiens;AC=NCBITaxon:9606	NT=uterine cervix;AC=UBERON:0000002	NT=epithelial cell;AC=CL:0000066	NT=cervical adenocarcinoma;AC=MONDO:0005153	NT=HeLa;AC=EFO:0001185	CVCL_0030	HeLa	ATCC	30Y6M	female	NT=African American;AC=HANCESTRO:0568	NT=Dulbecco's Modified Eagle Medium;AC=NCIT:C185409	-20 °C	not available	microfluidics	500nL25ng_CH2_C10	1	10	500nL25ng_CH2_C10	proteomic profiling by mass spectrometry	NT=Orbitrap Exploris 480;AC=MS:1003028	label free sample	NT=Trypsin;AC=MS:1001251	NT=Lys-C;AC=MS:1001309	NT=Carbamidomethyl;AC=UNIMOD:4;TA=C;MT=Fixed	Data-dependent acquisition	not available	not available	20 ppm	375m/z-1575m/z	2	4	VolCon_500nL_2.5ng_protease	2023-06-06	1	1	500nL25ng_CH2_C10.raw	v1.1.0	NT=ms-proteomics;VV=v1.1.0	NT=human;VV=v1.1.0	NT=cell-lines;VV=v1.1.0	NT=single-cell;VV=v1.0.0	NT=HeLa;AC=EFO:0001185
500nL25ng_CH2_F10	NT=Homo sapiens;AC=NCBITaxon:9606	NT=uterine cervix;AC=UBERON:0000002	NT=epithelial cell;AC=CL:0000066	NT=cervical adenocarcinoma;AC=MONDO:0005153	NT=HeLa;AC=EFO:0001185	CVCL_0030	HeLa	ATCC	30Y6M	female	NT=African American;AC=HANCESTRO:0568	NT=Dulbecco's Modified Eagle Medium;AC=NCIT:C185409	-20 °C	not available	microfluidics	500nL25ng_CH2_F10	1	11	500nL25ng_CH2_F10	proteomic profiling by mass spectrometry	NT=Orbitrap Exploris 480;AC=MS:1003028	label free sample	NT=Trypsin;AC=MS:1001251	NT=Lys-C;AC=MS:1001309	NT=Carbamidomethyl;AC=UNIMOD:4;TA=C;MT=Fixed	Data-dependent acquisition	not available	not available	20 ppm	375m/z-1575m/z	2	4	VolCon_500nL_2.5ng_protease	2023-06-04	1	1	500nL25ng_CH2_F10.raw	v1.1.0	NT=ms-proteomics;VV=v1.1.0	NT=human;VV=v1.1.0	NT=cell-lines;VV=v1.1.0	NT=single-cell;VV=v1.0.0	NT=HeLa;AC=EFO:0001185
500nL25ng_CH2_F13	NT=Homo sapiens;AC=NCBITaxon:9606	NT=uterine cervix;AC=UBERON:0000002	NT=epithelial cell;AC=CL:0000066	NT=cervical adenocarcinoma;AC=MONDO:0005153	NT=HeLa;AC=EFO:0001185	CVCL_0030	HeLa	ATCC	30Y6M	female	NT=African American;AC=HANCESTRO:0568	NT=Dulbecco's Modified Eagle Medium;AC=NCIT:C185409	-20 °C	not available	microfluidics	500nL25ng_CH2_F13	1	12	500nL25ng_CH2_F13	proteomic profiling by mass spectrometry	NT=Orbitrap Exploris 480;AC=MS:1003028	label free sample	NT=Trypsin;AC=MS:1001251	NT=Lys-C;AC=MS:1001309	NT=Carbamidomethyl;AC=UNIMOD:4;TA=C;MT=Fixed	Data-dependent acquisition	not available	not available	20 ppm	375m/z-1575m/z	2	4	VolCon_500nL_2.5ng_protease	2023-06-04	1	1	500nL25ng_CH2_F13.raw	v1.1.0	NT=ms-proteomics;VV=v1.1.0	NT=human;VV=v1.1.0	NT=cell-lines;VV=v1.1.0	NT=single-cell;VV=v1.0.0	NT=HeLa;AC=EFO:0001185
500nL25ng_CH2_H11	NT=Homo sapiens;AC=NCBITaxon:9606	NT=uterine cervix;AC=UBERON:0000002	NT=epithelial cell;AC=CL:0000066	NT=cervical adenocarcinoma;AC=MONDO:0005153	NT=HeLa;AC=EFO:0001185	CVCL_0030	HeLa	ATCC	30Y6M	female	NT=African American;AC=HANCESTRO:0568	NT=Dulbecco's Modified Eagle Medium;AC=NCIT:C185409	-20 °C	not available	microfluidics	500nL25ng_CH2_H11	1	13	500nL25ng_CH2_H11	proteomic profiling by mass spectrometry	NT=Orbitrap Exploris 480;AC=MS:1003028	label free sample	NT=Trypsin;AC=MS:1001251	NT=Lys-C;AC=MS:1001309	NT=Carbamidomethyl;AC=UNIMOD:4;TA=C;MT=Fixed	Data-dependent acquisition	not available	not available	20 ppm	375m/z-1575m/z	2	4	VolCon_500nL_2.5ng_protease	2023-06-05	1	1	500nL25ng_CH2_H11.raw	v1.1.0	NT=ms-proteomics;VV=v1.1.0	NT=human;VV=v1.1.0	NT=cell-lines;VV=v1.1.0	NT=single-cell;VV=v1.0.0	NT=HeLa;AC=EFO:0001185
500nL25ng_CH2_I10	NT=Homo sapiens;AC=NCBITaxon:9606	NT=uterine cervix;AC=UBERON:0000002	NT=epithelial cell;AC=CL:0000066	NT=cervical adenocarcinoma;AC=MONDO:0005153	NT=HeLa;AC=EFO:0001185	CVCL_0030	HeLa	ATCC	30Y6M	female	NT=African American;AC=HANCESTRO:0568	NT=Dulbecco's Modified Eagle Medium;AC=NCIT:C185409	-20 °C	not available	microfluidics	500nL25ng_CH2_I10	1	14	500nL25ng_CH2_I10	proteomic profiling by mass spectrometry	NT=Orbitrap Exploris 480;AC=MS:1003028	label free sample	NT=Trypsin;AC=MS:1001251	NT=Lys-C;AC=MS:1001309	NT=Carbamidomethyl;AC=UNIMOD:4;TA=C;MT=Fixed	Data-dependent acquisition	not available	not available	20 ppm	375m/z-1575m/z	2	4	VolCon_500nL_2.5ng_protease	2023-06-06	1	1	500nL25ng_CH2_I10.raw	v1.1.0	NT=ms-proteomics;VV=v1.1.0	NT=human;VV=v1.1.0	NT=cell-lines;VV=v1.1.0	NT=single-cell;VV=v1.0.0	NT=HeLa;AC=EFO:0001185
500nL25ng_CH2_J13	NT=Homo sapiens;AC=NCBITaxon:9606	NT=uterine cervix;AC=UBERON:0000002	NT=epithelial cell;AC=CL:0000066	NT=cervical adenocarcinoma;AC=MONDO:0005153	NT=HeLa;AC=EFO:0001185	CVCL_0030	HeLa	ATCC	30Y6M	female	NT=African American;AC=HANCESTRO:0568	NT=Dulbecco's Modified Eagle Medium;AC=NCIT:C185409	-20 °C	not available	microfluidics	500nL25ng_CH2_J13	1	15	500nL25ng_CH2_J13	proteomic profiling by mass spectrometry	NT=Orbitrap Exploris 480;AC=MS:1003028	label free sample	NT=Trypsin;AC=MS:1001251	NT=Lys-C;AC=MS:1001309	NT=Carbamidomethyl;AC=UNIMOD:4;TA=C;MT=Fixed	Data-dependent acquisition	not available	not available	20 ppm	375m/z-1575m/z	2	4	VolCon_500nL_2.5ng_protease	2023-06-06	1	1	500nL25ng_CH2_J13.raw	v1.1.0	NT=ms-proteomics;VV=v1.1.0	NT=human;VV=v1.1.0	NT=cell-lines;VV=v1.1.0	NT=single-cell;VV=v1.0.0	NT=HeLa;AC=EFO:0001185
500nL25ng_CH2_K9	NT=Homo sapiens;AC=NCBITaxon:9606	NT=uterine cervix;AC=UBERON:0000002	NT=epithelial cell;AC=CL:0000066	NT=cervical adenocarcinoma;AC=MONDO:0005153	NT=HeLa;AC=EFO:0001185	CVCL_0030	HeLa	ATCC	30Y6M	female	NT=African American;AC=HANCESTRO:0568	NT=Dulbecco's Modified Eagle Medium;AC=NCIT:C185409	-20 °C	not available	microfluidics	500nL25ng_CH2_K9	1	16	500nL25ng_CH2_K9	proteomic profiling by mass spectrometry	NT=Orbitrap Exploris 480;AC=MS:1003028	label free sample	NT=Trypsin;AC=MS:1001251	NT=Lys-C;AC=MS:1001309	NT=Carbamidomethyl;AC=UNIMOD:4;TA=C;MT=Fixed	Data-dependent acquisition	not available	not available	20 ppm	375m/z-1575m/z	2	4	VolCon_500nL_2.5ng_protease	2023-06-05	1	1	500nL25ng_CH2_K9.raw	v1.1.0	NT=ms-proteomics;VV=v1.1.0	NT=human;VV=v1.1.0	NT=cell-lines;VV=v1.1.0	NT=single-cell;VV=v1.0.0	NT=HeLa;AC=EFO:0001185
50umx15cm_SPE50_100nL_8mz_B14	NT=Homo sapiens;AC=NCBITaxon:9606	NT=uterine cervix;AC=UBERON:0000002	NT=epithelial cell;AC=CL:0000066	NT=cervical adenocarcinoma;AC=MONDO:0005153	NT=HeLa;AC=EFO:0001185	CVCL_0030	HeLa	ATCC	30Y6M	female	NT=African American;AC=HANCESTRO:0568	NT=Dulbecco's Modified Eagle Medium;AC=NCIT:C185409	-20 °C	not available	microfluidics	50umx15cm_SPE50_100nL_8mz_B14	1	1	50umx15cm_SPE50_100nL_8mz_B14	proteomic profiling by mass spectrometry	NT=Orbitrap Exploris 480;AC=MS:1003028	label free sample	NT=Trypsin;AC=MS:1001251	NT=Lys-C;AC=MS:1001309	NT=Carbamidomethyl;AC=UNIMOD:4;TA=C;MT=Fixed	Data-dependent acquisition	not available	not available	20 ppm	375m/z-1575m/z	2	4	CommercialColumn_500nL_1ng_protease	not available	1	1	50umx15cm_SPE50_100nL_8mz_B14.raw	v1.1.0	NT=ms-proteomics;VV=v1.1.0	NT=human;VV=v1.1.0	NT=cell-lines;VV=v1.1.0	NT=single-cell;VV=v1.0.0	NT=HeLa;AC=EFO:0001185
50umx15cm_SPE50_100nL_8mz_B17	NT=Homo sapiens;AC=NCBITaxon:9606	NT=uterine cervix;AC=UBERON:0000002	NT=epithelial cell;AC=CL:0000066	NT=cervical adenocarcinoma;AC=MONDO:0005153	NT=HeLa;AC=EFO:0001185	CVCL_0030	HeLa	ATCC	30Y6M	female	NT=African American;AC=HANCESTRO:0568	NT=Dulbecco's Modified Eagle Medium;AC=NCIT:C185409	-20 °C	not available	microfluidics	50umx15cm_SPE50_100nL_8mz_B17	1	2	50umx15cm_SPE50_100nL_8mz_B17	proteomic profiling by mass spectrometry	NT=Orbitrap Exploris 480;AC=MS:1003028	label free sample	NT=Trypsin;AC=MS:1001251	NT=Lys-C;AC=MS:1001309	NT=Carbamidomethyl;AC=UNIMOD:4;TA=C;MT=Fixed	Data-dependent acquisition	not available	not available	20 ppm	375m/z-1575m/z	2	4	CommercialColumn_500nL_1ng_protease	2023-05-21	1	1	50umx15cm_SPE50_100nL_8mz_B17.raw	v1.1.0	NT=ms-proteomics;VV=v1.1.0	NT=human;VV=v1.1.0	NT=cell-lines;VV=v1.1.0	NT=single-cell;VV=v1.0.0	NT=HeLa;AC=EFO:0001185
50umx15cm_SPE50_100nL_8mz_B23	NT=Homo sapiens;AC=NCBITaxon:9606	NT=uterine cervix;AC=UBERON:0000002	NT=epithelial cell;AC=CL:0000066	NT=cervical adenocarcinoma;AC=MONDO:0005153	NT=HeLa;AC=EFO:0001185	CVCL_0030	HeLa	ATCC	30Y6M	female	NT=African American;AC=HANCESTRO:0568	NT=Dulbecco's Modified Eagle Medium;AC=NCIT:C185409	-20 °C	not available	microfluidics	50umx15cm_SPE50_100nL_8mz_B23	1	3	50umx15cm_SPE50_100nL_8mz_B23	proteomic profiling by mass spectrometry	NT=Orbitrap Exploris 480;AC=MS:1003028	label free sample	NT=Trypsin;AC=MS:1001251	NT=Lys-C;AC=MS:1001309	NT=Carbamidomethyl;AC=UNIMOD:4;TA=C;MT=Fixed	Data-dependent acquisition	not available	not available	20 ppm	375m/z-1575m/z	2	4	CommercialColumn_500nL_1ng_protease	2023-05-19	1	1	50umx15cm_SPE50_100nL_8mz_B23.raw	v1.1.0	NT=ms-proteomics;VV=v1.1.0	NT=human;VV=v1.1.0	NT=cell-lines;VV=v1.1.0	NT=single-cell;VV=v1.0.0	NT=HeLa;AC=EFO:0001185
50umx15cm_SPE50_100nL_8mz_C13	NT=Homo sapiens;AC=NCBITaxon:9606	NT=uterine cervix;AC=UBERON:0000002	NT=epithelial cell;AC=CL:0000066	NT=cervical adenocarcinoma;AC=MONDO:0005153	NT=HeLa;AC=EFO:0001185	CVCL_0030	HeLa	ATCC	30Y6M	female	NT=African American;AC=HANCESTRO:0568	NT=Dulbecco's Modified Eagle Medium;AC=NCIT:C185409	-20 °C	not available	microfluidics	50umx15cm_SPE50_100nL_8mz_C13	1	4	50umx15cm_SPE50_100nL_8mz_C13	proteomic profiling by mass spectrometry	NT=Orbitrap Exploris 480;AC=MS:1003028	label free sample	NT=Trypsin;AC=MS:1001251	NT=Lys-C;AC=MS:1001309	NT=Carbamidomethyl;AC=UNIMOD:4;TA=C;MT=Fixed	Data-dependent acquisition	not available	not available	20 ppm	375m/z-1575m/z	2	4	CommercialColumn_500nL_1ng_protease	2023-05-19	1	1	50umx15cm_SPE50_100nL_8mz_C13.raw	v1.1.0	NT=ms-proteomics;VV=v1.1.0	NT=human;VV=v1.1.0	NT=cell-lines;VV=v1.1.0	NT=single-cell;VV=v1.0.0	NT=HeLa;AC=EFO:0001185
50umx15cm_SPE50_100nL_8mz_C15	NT=Homo sapiens;AC=NCBITaxon:9606	NT=uterine cervix;AC=UBERON:0000002	NT=epithelial cell;AC=CL:0000066	NT=cervical adenocarcinoma;AC=MONDO:0005153	NT=HeLa;AC=EFO:0001185	CVCL_0030	HeLa	ATCC	30Y6M	female	NT=African American;AC=HANCESTRO:0568	NT=Dulbecco's Modified Eagle Medium;AC=NCIT:C185409	-20 °C	not available	microfluidics	50umx15cm_SPE50_100nL_8mz_C15	1	5	50umx15cm_SPE50_100nL_8mz_C15	proteomic profiling by mass spectrometry	NT=Orbitrap Exploris 480;AC=MS:1003028	label free sample	NT=Trypsin;AC=MS:1001251	NT=Lys-C;AC=MS:1001309	NT=Carbamidomethyl;AC=UNIMOD:4;TA=C;MT=Fixed	Data-dependent acquisition	not available	not available	20 ppm	375m/z-1575m/z	2	4	CommercialColumn_500nL_1ng_protease	2023-05-21	1	1	50umx15cm_SPE50_100nL_8mz_C15.raw	v1.1.0	NT=ms-proteomics;VV=v1.1.0	NT=human;VV=v1.1.0	NT=cell-lines;VV=v1.1.0	NT=single-cell;VV=v1.0.0	NT=HeLa;AC=EFO:0001185
50umx15cm_SPE50_100nL_8mz_C17	NT=Homo sapiens;AC=NCBITaxon:9606	NT=uterine cervix;AC=UBERON:0000002	NT=epithelial cell;AC=CL:0000066	NT=cervical adenocarcinoma;AC=MONDO:0005153	NT=HeLa;AC=EFO:0001185	CVCL_0030	HeLa	ATCC	30Y6M	female	NT=African American;AC=HANCESTRO:0568	NT=Dulbecco's Modified Eagle Medium;AC=NCIT:C185409	-20 °C	not available	microfluidics	50umx15cm_SPE50_100nL_8mz_C17	1	6	50umx15cm_SPE50_100nL_8mz_C17	proteomic profiling by mass spectrometry	NT=Orbitrap Exploris 480;AC=MS:1003028	label free sample	NT=Trypsin;AC=MS:1001251	NT=Lys-C;AC=MS:1001309	NT=Carbamidomethyl;AC=UNIMOD:4;TA=C;MT=Fixed	Data-dependent acquisition	not available	not available	20 ppm	375m/z-1575m/z	2	4	CommercialColumn_500nL_1ng_protease	2023-05-20	1	1	50umx15cm_SPE50_100nL_8mz_C17.raw	v1.1.0	NT=ms-proteomics;VV=v1.1.0	NT=human;VV=v1.1.0	NT=cell-lines;VV=v1.1.0	NT=single-cell;VV=v1.0.0	NT=HeLa;AC=EFO:0001185
50umx15cm_SPE50_100nL_8mz_C20	NT=Homo sapiens;AC=NCBITaxon:9606	NT=uterine cervix;AC=UBERON:0000002	NT=epithelial cell;AC=CL:0000066	NT=cervical adenocarcinoma;AC=MONDO:0005153	NT=HeLa;AC=EFO:0001185	CVCL_0030	HeLa	ATCC	30Y6M	female	NT=African American;AC=HANCESTRO:0568	NT=Dulbecco's Modified Eagle Medium;AC=NCIT:C185409	-20 °C	not available	microfluidics	50umx15cm_SPE50_100nL_8mz_C20	1	7	50umx15cm_SPE50_100nL_8mz_C20	proteomic profiling by mass spectrometry	NT=Orbitrap Exploris 480;AC=MS:1003028	label free sample	NT=Trypsin;AC=MS:1001251	NT=Lys-C;AC=MS:1001309	NT=Carbamidomethyl;AC=UNIMOD:4;TA=C;MT=Fixed	Data-dependent acquisition	not available	not available	20 ppm	375m/z-1575m/z	2	4	CommercialColumn_500nL_1ng_protease	2023-05-21	1	1	50umx15cm_SPE50_100nL_8mz_C20.raw	v1.1.0	NT=ms-proteomics;VV=v1.1.0	NT=human;VV=v1.1.0	NT=cell-lines;VV=v1.1.0	NT=single-cell;VV=v1.0.0	NT=HeLa;AC=EFO:0001185
50umx15cm_SPE50_100nL_8mz_C21	NT=Homo sapiens;AC=NCBITaxon:9606	NT=uterine cervix;AC=UBERON:0000002	NT=epithelial cell;AC=CL:0000066	NT=cervical adenocarcinoma;AC=MONDO:0005153	NT=HeLa;AC=EFO:0001185	CVCL_0030	HeLa	ATCC	30Y6M	female	NT=African American;AC=HANCESTRO:0568	NT=Dulbecco's Modified Eagle Medium;AC=NCIT:C185409	-20 °C	not available	microfluidics	50umx15cm_SPE50_100nL_8mz_C21	1	8	50umx15cm_SPE50_100nL_8mz_C21	proteomic profiling by mass spectrometry	NT=Orbitrap Exploris 480;AC=MS:1003028	label free sample	NT=Trypsin;AC=MS:1001251	NT=Lys-C;AC=MS:1001309	NT=Carbamidomethyl;AC=UNIMOD:4;TA=C;MT=Fixed	Data-dependent acquisition	not available	not available	20 ppm	375m/z-1575m/z	2	4	CommercialColumn_500nL_1ng_protease	2023-05-20	1	1	50umx15cm_SPE50_100nL_8mz_C21.raw	v1.1.0	NT=ms-proteomics;VV=v1.1.0	NT=human;VV=v1.1.0	NT=cell-lines;VV=v1.1.0	NT=single-cell;VV=v1.0.0	NT=HeLa;AC=EFO:0001185
50umx15cm_SPE50_100nL_8mz_D13	NT=Homo sapiens;AC=NCBITaxon:9606	NT=uterine cervix;AC=UBERON:0000002	NT=epithelial cell;AC=CL:0000066	NT=cervical adenocarcinoma;AC=MONDO:0005153	NT=HeLa;AC=EFO:0001185	CVCL_0030	HeLa	ATCC	30Y6M	female	NT=African American;AC=HANCESTRO:0568	NT=Dulbecco's Modified Eagle Medium;AC=NCIT:C185409	-20 °C	not available	microfluidics	50umx15cm_SPE50_100nL_8mz_D13	1	9	50umx15cm_SPE50_100nL_8mz_D13	proteomic profiling by mass spectrometry	NT=Orbitrap Exploris 480;AC=MS:1003028	label free sample	NT=Trypsin;AC=MS:1001251	NT=Lys-C;AC=MS:1001309	NT=Carbamidomethyl;AC=UNIMOD:4;TA=C;MT=Fixed	Data-dependent acquisition	not available	not available	20 ppm	375m/z-1575m/z	2	4	CommercialColumn_500nL_1ng_protease	2023-05-21	1	1	50umx15cm_SPE50_100nL_8mz_D13.raw	v1.1.0	NT=ms-proteomics;VV=v1.1.0	NT=human;VV=v1.1.0	NT=cell-lines;VV=v1.1.0	NT=single-cell;VV=v1.0.0	NT=HeLa;AC=EFO:0001185
50umx15cm_SPE50_100nL_8mz_D15	NT=Homo sapiens;AC=NCBITaxon:9606	NT=uterine cervix;AC=UBERON:0000002	NT=epithelial cell;AC=CL:0000066	NT=cervical adenocarcinoma;AC=MONDO:0005153	NT=HeLa;AC=EFO:0001185	CVCL_0030	HeLa	ATCC	30Y6M	female	NT=African American;AC=HANCESTRO:0568	NT=Dulbecco's Modified Eagle Medium;AC=NCIT:C185409	-20 °C	not available	microfluidics	50umx15cm_SPE50_100nL_8mz_D15	1	10	50umx15cm_SPE50_100nL_8mz_D15	proteomic profiling by mass spectrometry	NT=Orbitrap Exploris 480;AC=MS:1003028	label free sample	NT=Trypsin;AC=MS:1001251	NT=Lys-C;AC=MS:1001309	NT=Carbamidomethyl;AC=UNIMOD:4;TA=C;MT=Fixed	Data-dependent acquisition	not available	not available	20 ppm	375m/z-1575m/z	2	4	CommercialColumn_500nL_1ng_protease	2023-05-20	1	1	50umx15cm_SPE50_100nL_8mz_D15.raw	v1.1.0	NT=ms-proteomics;VV=v1.1.0	NT=human;VV=v1.1.0	NT=cell-lines;VV=v1.1.0	NT=single-cell;VV=v1.0.0	NT=HeLa;AC=EFO:0001185
50umx15cm_SPE50_100nL_8mz_D16	NT=Homo sapiens;AC=NCBITaxon:9606	NT=uterine cervix;AC=UBERON:0000002	NT=epithelial cell;AC=CL:0000066	NT=cervical adenocarcinoma;AC=MONDO:0005153	NT=HeLa;AC=EFO:0001185	CVCL_0030	HeLa	ATCC	30Y6M	female	NT=African American;AC=HANCESTRO:0568	NT=Dulbecco's Modified Eagle Medium;AC=NCIT:C185409	-20 °C	not available	microfluidics	50umx15cm_SPE50_100nL_8mz_D16	1	11	50umx15cm_SPE50_100nL_8mz_D16	proteomic profiling by mass spectrometry	NT=Orbitrap Exploris 480;AC=MS:1003028	label free sample	NT=Trypsin;AC=MS:1001251	NT=Lys-C;AC=MS:1001309	NT=Carbamidomethyl;AC=UNIMOD:4;TA=C;MT=Fixed	Data-dependent acquisition	not available	not available	20 ppm	375m/z-1575m/z	2	4	CommercialColumn_500nL_1ng_protease	2023-05-21	1	1	50umx15cm_SPE50_100nL_8mz_D16.raw	v1.1.0	NT=ms-proteomics;VV=v1.1.0	NT=human;VV=v1.1.0	NT=cell-lines;VV=v1.1.0	NT=single-cell;VV=v1.0.0	NT=HeLa;AC=EFO:0001185
50umx15cm_SPE50_100nL_8mz_D19	NT=Homo sapiens;AC=NCBITaxon:9606	NT=uterine cervix;AC=UBERON:0000002	NT=epithelial cell;AC=CL:0000066	NT=cervical adenocarcinoma;AC=MONDO:0005153	NT=HeLa;AC=EFO:0001185	CVCL_0030	HeLa	ATCC	30Y6M	female	NT=African American;AC=HANCESTRO:0568	NT=Dulbecco's Modified Eagle Medium;AC=NCIT:C185409	-20 °C	not available	microfluidics	50umx15cm_SPE50_100nL_8mz_D19	1	12	50umx15cm_SPE50_100nL_8mz_D19	proteomic profiling by mass spectrometry	NT=Orbitrap Exploris 480;AC=MS:1003028	label free sample	NT=Trypsin;AC=MS:1001251	NT=Lys-C;AC=MS:1001309	NT=Carbamidomethyl;AC=UNIMOD:4;TA=C;MT=Fixed	Data-dependent acquisition	not available	not available	20 ppm	375m/z-1575m/z	2	4	CommercialColumn_500nL_1ng_protease	2023-05-21	1	1	50umx15cm_SPE50_100nL_8mz_D19.raw	v1.1.0	NT=ms-proteomics;VV=v1.1.0	NT=human;VV=v1.1.0	NT=cell-lines;VV=v1.1.0	NT=single-cell;VV=v1.0.0	NT=HeLa;AC=EFO:0001185
50umx15cm_SPE50_100nL_8mz_D21	NT=Homo sapiens;AC=NCBITaxon:9606	NT=uterine cervix;AC=UBERON:0000002	NT=epithelial cell;AC=CL:0000066	NT=cervical adenocarcinoma;AC=MONDO:0005153	NT=HeLa;AC=EFO:0001185	CVCL_0030	HeLa	ATCC	30Y6M	female	NT=African American;AC=HANCESTRO:0568	NT=Dulbecco's Modified Eagle Medium;AC=NCIT:C185409	-20 °C	not available	microfluidics	50umx15cm_SPE50_100nL_8mz_D21	1	13	50umx15cm_SPE50_100nL_8mz_D21	proteomic profiling by mass spectrometry	NT=Orbitrap Exploris 480;AC=MS:1003028	label free sample	NT=Trypsin;AC=MS:1001251	NT=Lys-C;AC=MS:1001309	NT=Carbamidomethyl;AC=UNIMOD:4;TA=C;MT=Fixed	Data-dependent acquisition	not available	not available	20 ppm	375m/z-1575m/z	2	4	CommercialColumn_500nL_1ng_protease	2023-05-21	1	1	50umx15cm_SPE50_100nL_8mz_D21.raw	v1.1.0	NT=ms-proteomics;VV=v1.1.0	NT=human;VV=v1.1.0	NT=cell-lines;VV=v1.1.0	NT=single-cell;VV=v1.0.0	NT=HeLa;AC=EFO:0001185
50umx15cm_SPE50_100nL_8mz_D23	NT=Homo sapiens;AC=NCBITaxon:9606	NT=uterine cervix;AC=UBERON:0000002	NT=epithelial cell;AC=CL:0000066	NT=cervical adenocarcinoma;AC=MONDO:0005153	NT=HeLa;AC=EFO:0001185	CVCL_0030	HeLa	ATCC	30Y6M	female	NT=African American;AC=HANCESTRO:0568	NT=Dulbecco's Modified Eagle Medium;AC=NCIT:C185409	-20 °C	not available	microfluidics	50umx15cm_SPE50_100nL_8mz_D23	1	14	50umx15cm_SPE50_100nL_8mz_D23	proteomic profiling by mass spectrometry	NT=Orbitrap Exploris 480;AC=MS:1003028	label free sample	NT=Trypsin;AC=MS:1001251	NT=Lys-C;AC=MS:1001309	NT=Carbamidomethyl;AC=UNIMOD:4;TA=C;MT=Fixed	Data-dependent acquisition	not available	not available	20 ppm	375m/z-1575m/z	2	4	CommercialColumn_500nL_1ng_protease	2023-05-21	1	1	50umx15cm_SPE50_100nL_8mz_D23.raw	v1.1.0	NT=ms-proteomics;VV=v1.1.0	NT=human;VV=v1.1.0	NT=cell-lines;VV=v1.1.0	NT=single-cell;VV=v1.0.0	NT=HeLa;AC=EFO:0001185
50umx15cm_SPE50_100nL_8mz_E13	NT=Homo sapiens;AC=NCBITaxon:9606	NT=uterine cervix;AC=UBERON:0000002	NT=epithelial cell;AC=CL:0000066	NT=cervical adenocarcinoma;AC=MONDO:0005153	NT=HeLa;AC=EFO:0001185	CVCL_0030	HeLa	ATCC	30Y6M	female	NT=African American;AC=HANCESTRO:0568	NT=Dulbecco's Modified Eagle Medium;AC=NCIT:C185409	-20 °C	not available	microfluidics	50umx15cm_SPE50_100nL_8mz_E13	1	15	50umx15cm_SPE50_100nL_8mz_E13	proteomic profiling by mass spectrometry	NT=Orbitrap Exploris 480;AC=MS:1003028	label free sample	NT=Trypsin;AC=MS:1001251	NT=Lys-C;AC=MS:1001309	NT=Carbamidomethyl;AC=UNIMOD:4;TA=C;MT=Fixed	Data-dependent acquisition	not available	not available	20 ppm	375m/z-1575m/z	2	4	CommercialColumn_500nL_1ng_protease	2023-05-20	1	1	50umx15cm_SPE50_100nL_8mz_E13.raw	v1.1.0	NT=ms-proteomics;VV=v1.1.0	NT=human;VV=v1.1.0	NT=cell-lines;VV=v1.1.0	NT=single-cell;VV=v1.0.0	NT=HeLa;AC=EFO:0001185
50umx15cm_SPE50_100nL_8mz_E14	NT=Homo sapiens;AC=NCBITaxon:9606	NT=uterine cervix;AC=UBERON:0000002	NT=epithelial cell;AC=CL:0000066	NT=cervical adenocarcinoma;AC=MONDO:0005153	NT=HeLa;AC=EFO:0001185	CVCL_0030	HeLa	ATCC	30Y6M	female	NT=African American;AC=HANCESTRO:0568	NT=Dulbecco's Modified Eagle Medium;AC=NCIT:C185409	-20 °C	not available	microfluidics	50umx15cm_SPE50_100nL_8mz_E14	1	16	50umx15cm_SPE50_100nL_8mz_E14	proteomic profiling by mass spectrometry	NT=Orbitrap Exploris 480;AC=MS:1003028	label free sample	NT=Trypsin;AC=MS:1001251	NT=Lys-C;AC=MS:1001309	NT=Carbamidomethyl;AC=UNIMOD:4;TA=C;MT=Fixed	Data-dependent acquisition	not available	not available	20 ppm	375m/z-1575m/z	2	4	CommercialColumn_500nL_1ng_protease	2023-05-20	1	1	50umx15cm_SPE50_100nL_8mz_E14.raw	v1.1.0	NT=ms-proteomics;VV=v1.1.0	NT=human;VV=v1.1.0	NT=cell-lines;VV=v1.1.0	NT=single-cell;VV=v1.0.0	NT=HeLa;AC=EFO:0001185
50umx15cm_SPE50_100nL_8mz_E16	NT=Homo sapiens;AC=NCBITaxon:9606	NT=uterine cervix;AC=UBERON:0000002	NT=epithelial cell;AC=CL:0000066	NT=cervical adenocarcinoma;AC=MONDO:0005153	NT=HeLa;AC=EFO:0001185	CVCL_0030	HeLa	ATCC	30Y6M	female	NT=African American;AC=HANCESTRO:0568	NT=Dulbecco's Modified Eagle Medium;AC=NCIT:C185409	-20 °C	not available	microfluidics	50umx15cm_SPE50_100nL_8mz_E16	1	17	50umx15cm_SPE50_100nL_8mz_E16	proteomic profiling by mass spectrometry	NT=Orbitrap Exploris 480;AC=MS:1003028	label free sample	NT=Trypsin;AC=MS:1001251	NT=Lys-C;AC=MS:1001309	NT=Carbamidomethyl;AC=UNIMOD:4;TA=C;MT=Fixed	Data-dependent acquisition	not available	not available	20 ppm	375m/z-1575m/z	2	4	CommercialColumn_500nL_1ng_protease	2023-05-20	1	1	50umx15cm_SPE50_100nL_8mz_E16.raw	v1.1.0	NT=ms-proteomics;VV=v1.1.0	NT=human;VV=v1.1.0	NT=cell-lines;VV=v1.1.0	NT=single-cell;VV=v1.0.0	NT=HeLa;AC=EFO:0001185
50umx15cm_SPE50_100nL_8mz_E17	NT=Homo sapiens;AC=NCBITaxon:9606	NT=uterine cervix;AC=UBERON:0000002	NT=epithelial cell;AC=CL:0000066	NT=cervical adenocarcinoma;AC=MONDO:0005153	NT=HeLa;AC=EFO:0001185	CVCL_0030	HeLa	ATCC	30Y6M	female	NT=African American;AC=HANCESTRO:0568	NT=Dulbecco's Modified Eagle Medium;AC=NCIT:C185409	-20 °C	not available	microfluidics	50umx15cm_SPE50_100nL_8mz_E17	1	18	50umx15cm_SPE50_100nL_8mz_E17	proteomic profiling by mass spectrometry	NT=Orbitrap Exploris 480;AC=MS:1003028	label free sample	NT=Trypsin;AC=MS:1001251	NT=Lys-C;AC=MS:1001309	NT=Carbamidomethyl;AC=UNIMOD:4;TA=C;MT=Fixed	Data-dependent acquisition	not available	not available	20 ppm	375m/z-1575m/z	2	4	CommercialColumn_500nL_1ng_protease	2023-05-20	1	1	50umx15cm_SPE50_100nL_8mz_E17.raw	v1.1.0	NT=ms-proteomics;VV=v1.1.0	NT=human;VV=v1.1.0	NT=cell-lines;VV=v1.1.0	NT=single-cell;VV=v1.0.0	NT=HeLa;AC=EFO:0001185
50umx15cm_SPE50_100nL_8mz_E21	NT=Homo sapiens;AC=NCBITaxon:9606	NT=uterine cervix;AC=UBERON:0000002	NT=epithelial cell;AC=CL:0000066	NT=cervical adenocarcinoma;AC=MONDO:0005153	NT=HeLa;AC=EFO:0001185	CVCL_0030	HeLa	ATCC	30Y6M	female	NT=African American;AC=HANCESTRO:0568	NT=Dulbecco's Modified Eagle Medium;AC=NCIT:C185409	-20 °C	not available	microfluidics	50umx15cm_SPE50_100nL_8mz_E21	1	19	50umx15cm_SPE50_100nL_8mz_E21	proteomic profiling by mass spectrometry	NT=Orbitrap Exploris 480;AC=MS:1003028	label free sample	NT=Trypsin;AC=MS:1001251	NT=Lys-C;AC=MS:1001309	NT=Carbamidomethyl;AC=UNIMOD:4;TA=C;MT=Fixed	Data-dependent acquisition	not available	not available	20 ppm	375m/z-1575m/z	2	4	CommercialColumn_500nL_1ng_protease	2023-05-21	1	1	50umx15cm_SPE50_100nL_8mz_E21.raw	v1.1.0	NT=ms-proteomics;VV=v1.1.0	NT=human;VV=v1.1.0	NT=cell-lines;VV=v1.1.0	NT=single-cell;VV=v1.0.0	NT=HeLa;AC=EFO:0001185
50umx15cm_SPE50_100nL_8mz_E22	NT=Homo sapiens;AC=NCBITaxon:9606	NT=uterine cervix;AC=UBERON:0000002	NT=epithelial cell;AC=CL:0000066	NT=cervical adenocarcinoma;AC=MONDO:0005153	NT=HeLa;AC=EFO:0001185	CVCL_0030	HeLa	ATCC	30Y6M	female	NT=African American;AC=HANCESTRO:0568	NT=Dulbecco's Modified Eagle Medium;AC=NCIT:C185409	-20 °C	not available	microfluidics	50umx15cm_SPE50_100nL_8mz_E22	1	20	50umx15cm_SPE50_100nL_8mz_E22	proteomic profiling by mass spectrometry	NT=Orbitrap Exploris 480;AC=MS:1003028	label free sample	NT=Trypsin;AC=MS:1001251	NT=Lys-C;AC=MS:1001309	NT=Carbamidomethyl;AC=UNIMOD:4;TA=C;MT=Fixed	Data-dependent acquisition	not available	not available	20 ppm	375m/z-1575m/z	2	4	CommercialColumn_500nL_1ng_protease	2023-05-21	1	1	50umx15cm_SPE50_100nL_8mz_E22.raw	v1.1.0	NT=ms-proteomics;VV=v1.1.0	NT=human;VV=v1.1.0	NT=cell-lines;VV=v1.1.0	NT=single-cell;VV=v1.0.0	NT=HeLa;AC=EFO:0001185
50umx15cm_SPE50_100nL_8mz_F14	NT=Homo sapiens;AC=NCBITaxon:9606	NT=uterine cervix;AC=UBERON:0000002	NT=epithelial cell;AC=CL:0000066	NT=cervical adenocarcinoma;AC=MONDO:0005153	NT=HeLa;AC=EFO:0001185	CVCL_0030	HeLa	ATCC	30Y6M	female	NT=African American;AC=HANCESTRO:0568	NT=Dulbecco's Modified Eagle Medium;AC=NCIT:C185409	-20 °C	not available	microfluidics	50umx15cm_SPE50_100nL_8mz_F14	1	21	50umx15cm_SPE50_100nL_8mz_F14	proteomic profiling by mass spectrometry	NT=Orbitrap Exploris 480;AC=MS:1003028	label free sample	NT=Trypsin;AC=MS:1001251	NT=Lys-C;AC=MS:1001309	NT=Carbamidomethyl;AC=UNIMOD:4;TA=C;MT=Fixed	Data-dependent acquisition	not available	not available	20 ppm	375m/z-1575m/z	2	4	CommercialColumn_500nL_1ng_protease	2023-05-20	1	1	50umx15cm_SPE50_100nL_8mz_F14.raw	v1.1.0	NT=ms-proteomics;VV=v1.1.0	NT=human;VV=v1.1.0	NT=cell-lines;VV=v1.1.0	NT=single-cell;VV=v1.0.0	NT=HeLa;AC=EFO:0001185
50umx15cm_SPE50_100nL_8mz_F15	NT=Homo sapiens;AC=NCBITaxon:9606	NT=uterine cervix;AC=UBERON:0000002	NT=epithelial cell;AC=CL:0000066	NT=cervical adenocarcinoma;AC=MONDO:0005153	NT=HeLa;AC=EFO:0001185	CVCL_0030	HeLa	ATCC	30Y6M	female	NT=African American;AC=HANCESTRO:0568	NT=Dulbecco's Modified Eagle Medium;AC=NCIT:C185409	-20 °C	not available	microfluidics	50umx15cm_SPE50_100nL_8mz_F15	1	22	50umx15cm_SPE50_100nL_8mz_F15	proteomic profiling by mass spectrometry	NT=Orbitrap Exploris 480;AC=MS:1003028	label free sample	NT=Trypsin;AC=MS:1001251	NT=Lys-C;AC=MS:1001309	NT=Carbamidomethyl;AC=UNIMOD:4;TA=C;MT=Fixed	Data-dependent acquisition	not available	not available	20 ppm	375m/z-1575m/z	2	4	CommercialColumn_500nL_1ng_protease	2023-05-20	1	1	50umx15cm_SPE50_100nL_8mz_F15.raw	v1.1.0	NT=ms-proteomics;VV=v1.1.0	NT=human;VV=v1.1.0	NT=cell-lines;VV=v1.1.0	NT=single-cell;VV=v1.0.0	NT=HeLa;AC=EFO:0001185
50umx15cm_SPE50_100nL_8mz_F17	NT=Homo sapiens;AC=NCBITaxon:9606	NT=uterine cervix;AC=UBERON:0000002	NT=epithelial cell;AC=CL:0000066	NT=cervical adenocarcinoma;AC=MONDO:0005153	NT=HeLa;AC=EFO:0001185	CVCL_0030	HeLa	ATCC	30Y6M	female	NT=African American;AC=HANCESTRO:0568	NT=Dulbecco's Modified Eagle Medium;AC=NCIT:C185409	-20 °C	not available	microfluidics	50umx15cm_SPE50_100nL_8mz_F17	1	23	50umx15cm_SPE50_100nL_8mz_F17	proteomic profiling by mass spectrometry	NT=Orbitrap Exploris 480;AC=MS:1003028	label free sample	NT=Trypsin;AC=MS:1001251	NT=Lys-C;AC=MS:1001309	NT=Carbamidomethyl;AC=UNIMOD:4;TA=C;MT=Fixed	Data-dependent acquisition	not available	not available	20 ppm	375m/z-1575m/z	2	4	CommercialColumn_500nL_1ng_protease	2023-05-19	1	1	50umx15cm_SPE50_100nL_8mz_F17.raw	v1.1.0	NT=ms-proteomics;VV=v1.1.0	NT=human;VV=v1.1.0	NT=cell-lines;VV=v1.1.0	NT=single-cell;VV=v1.0.0	NT=HeLa;AC=EFO:0001185
50umx15cm_SPE50_100nL_8mz_F18	NT=Homo sapiens;AC=NCBITaxon:9606	NT=uterine cervix;AC=UBERON:0000002	NT=epithelial cell;AC=CL:0000066	NT=cervical adenocarcinoma;AC=MONDO:0005153	NT=HeLa;AC=EFO:0001185	CVCL_0030	HeLa	ATCC	30Y6M	female	NT=African American;AC=HANCESTRO:0568	NT=Dulbecco's Modified Eagle Medium;AC=NCIT:C185409	-20 °C	not available	microfluidics	50umx15cm_SPE50_100nL_8mz_F18	1	24	50umx15cm_SPE50_100nL_8mz_F18	proteomic profiling by mass spectrometry	NT=Orbitrap Exploris 480;AC=MS:1003028	label free sample	NT=Trypsin;AC=MS:1001251	NT=Lys-C;AC=MS:1001309	NT=Carbamidomethyl;AC=UNIMOD:4;TA=C;MT=Fixed	Data-dependent acquisition	not available	not available	20 ppm	375m/z-1575m/z	2	4	CommercialColumn_500nL_1ng_protease	2023-05-21	1	1	50umx15cm_SPE50_100nL_8mz_F18.raw	v1.1.0	NT=ms-proteomics;VV=v1.1.0	NT=human;VV=v1.1.0	NT=cell-lines;VV=v1.1.0	NT=single-cell;VV=v1.0.0	NT=HeLa;AC=EFO:0001185
50umx15cm_SPE50_100nL_8mz_F21	NT=Homo sapiens;AC=NCBITaxon:9606	NT=uterine cervix;AC=UBERON:0000002	NT=epithelial cell;AC=CL:0000066	NT=cervical adenocarcinoma;AC=MONDO:0005153	NT=HeLa;AC=EFO:0001185	CVCL_0030	HeLa	ATCC	30Y6M	female	NT=African American;AC=HANCESTRO:0568	NT=Dulbecco's Modified Eagle Medium;AC=NCIT:C185409	-20 °C	not available	microfluidics	50umx15cm_SPE50_100nL_8mz_F21	1	25	50umx15cm_SPE50_100nL_8mz_F21	proteomic profiling by mass spectrometry	NT=Orbitrap Exploris 480;AC=MS:1003028	label free sample	NT=Trypsin;AC=MS:1001251	NT=Lys-C;AC=MS:1001309	NT=Carbamidomethyl;AC=UNIMOD:4;TA=C;MT=Fixed	Data-dependent acquisition	not available	not available	20 ppm	375m/z-1575m/z	2	4	CommercialColumn_500nL_1ng_protease	2023-05-20	1	1	50umx15cm_SPE50_100nL_8mz_F21.raw	v1.1.0	NT=ms-proteomics;VV=v1.1.0	NT=human;VV=v1.1.0	NT=cell-lines;VV=v1.1.0	NT=single-cell;VV=v1.0.0	NT=HeLa;AC=EFO:0001185
HeLa_500nL_1ng_CH1_B8	NT=Homo sapiens;AC=NCBITaxon:9606	NT=uterine cervix;AC=UBERON:0000002	NT=epithelial cell;AC=CL:0000066	NT=cervical adenocarcinoma;AC=MONDO:0005153	NT=HeLa;AC=EFO:0001185	CVCL_0030	HeLa	ATCC	30Y6M	female	NT=African American;AC=HANCESTRO:0568	NT=Dulbecco's Modified Eagle Medium;AC=NCIT:C185409	-20 °C	not available	microfluidics	HeLa_500nL_1ng_CH1_B8	1	1	HeLa_500nL_1ng_CH1_B8	proteomic profiling by mass spectrometry	NT=Orbitrap Exploris 480;AC=MS:1003028	label free sample	NT=Trypsin;AC=MS:1001251	NT=Lys-C;AC=MS:1001309	NT=Carbamidomethyl;AC=UNIMOD:4;TA=C;MT=Fixed	Data-dependent acquisition	not available	not available	20 ppm	375m/z-1575m/z	2	4	CellType_500nL_1ng_protease	2023-03-13	1	1	HeLa_500nL_1ng_CH1_B8.raw	v1.1.0	NT=ms-proteomics;VV=v1.1.0	NT=human;VV=v1.1.0	NT=cell-lines;VV=v1.1.0	NT=single-cell;VV=v1.0.0	NT=HeLa;AC=EFO:0001185
HeLa_500nL_1ng_CH1_C8	NT=Homo sapiens;AC=NCBITaxon:9606	NT=uterine cervix;AC=UBERON:0000002	NT=epithelial cell;AC=CL:0000066	NT=cervical adenocarcinoma;AC=MONDO:0005153	NT=HeLa;AC=EFO:0001185	CVCL_0030	HeLa	ATCC	30Y6M	female	NT=African American;AC=HANCESTRO:0568	NT=Dulbecco's Modified Eagle Medium;AC=NCIT:C185409	-20 °C	not available	microfluidics	HeLa_500nL_1ng_CH1_C8	1	2	HeLa_500nL_1ng_CH1_C8	proteomic profiling by mass spectrometry	NT=Orbitrap Exploris 480;AC=MS:1003028	label free sample	NT=Trypsin;AC=MS:1001251	NT=Lys-C;AC=MS:1001309	NT=Carbamidomethyl;AC=UNIMOD:4;TA=C;MT=Fixed	Data-dependent acquisition	not available	not available	20 ppm	375m/z-1575m/z	2	4	CellType_500nL_1ng_protease	2023-03-12	1	1	HeLa_500nL_1ng_CH1_C8.raw	v1.1.0	NT=ms-proteomics;VV=v1.1.0	NT=human;VV=v1.1.0	NT=cell-lines;VV=v1.1.0	NT=single-cell;VV=v1.0.0	NT=HeLa;AC=EFO:0001185
HeLa_500nL_1ng_CH1_D11	NT=Homo sapiens;AC=NCBITaxon:9606	NT=uterine cervix;AC=UBERON:0000002	NT=epithelial cell;AC=CL:0000066	NT=cervical adenocarcinoma;AC=MONDO:0005153	NT=HeLa;AC=EFO:0001185	CVCL_0030	HeLa	ATCC	30Y6M	female	NT=African American;AC=HANCESTRO:0568	NT=Dulbecco's Modified Eagle Medium;AC=NCIT:C185409	-20 °C	not available	microfluidics	HeLa_500nL_1ng_CH1_D11	1	3	HeLa_500nL_1ng_CH1_D11	proteomic profiling by mass spectrometry	NT=Orbitrap Exploris 480;AC=MS:1003028	label free sample	NT=Trypsin;AC=MS:1001251	NT=Lys-C;AC=MS:1001309	NT=Carbamidomethyl;AC=UNIMOD:4;TA=C;MT=Fixed	Data-dependent acquisition	not available	not available	20 ppm	375m/z-1575m/z	2	4	CellType_500nL_1ng_protease	2023-03-12	1	1	HeLa_500nL_1ng_CH1_D11.raw	v1.1.0	NT=ms-proteomics;VV=v1.1.0	NT=human;VV=v1.1.0	NT=cell-lines;VV=v1.1.0	NT=single-cell;VV=v1.0.0	NT=HeLa;AC=EFO:0001185
HeLa_500nL_1ng_CH1_D9	NT=Homo sapiens;AC=NCBITaxon:9606	NT=uterine cervix;AC=UBERON:0000002	NT=epithelial cell;AC=CL:0000066	NT=cervical adenocarcinoma;AC=MONDO:0005153	NT=HeLa;AC=EFO:0001185	CVCL_0030	HeLa	ATCC	30Y6M	female	NT=African American;AC=HANCESTRO:0568	NT=Dulbecco's Modified Eagle Medium;AC=NCIT:C185409	-20 °C	not available	microfluidics	HeLa_500nL_1ng_CH1_D9	1	4	HeLa_500nL_1ng_CH1_D9	proteomic profiling by mass spectrometry	NT=Orbitrap Exploris 480;AC=MS:1003028	label free sample	NT=Trypsin;AC=MS:1001251	NT=Lys-C;AC=MS:1001309	NT=Carbamidomethyl;AC=UNIMOD:4;TA=C;MT=Fixed	Data-dependent acquisition	not available	not available	20 ppm	375m/z-1575m/z	2	4	CellType_500nL_1ng_protease	2023-03-13	1	1	HeLa_500nL_1ng_CH1_D9.raw	v1.1.0	NT=ms-proteomics;VV=v1.1.0	NT=human;VV=v1.1.0	NT=cell-lines;VV=v1.1.0	NT=single-cell;VV=v1.0.0	NT=HeLa;AC=EFO:0001185
HeLa_500nL_1ng_CH1_G10	NT=Homo sapiens;AC=NCBITaxon:9606	NT=uterine cervix;AC=UBERON:0000002	NT=epithelial cell;AC=CL:0000066	NT=cervical adenocarcinoma;AC=MONDO:0005153	NT=HeLa;AC=EFO:0001185	CVCL_0030	HeLa	ATCC	30Y6M	female	NT=African American;AC=HANCESTRO:0568	NT=Dulbecco's Modified Eagle Medium;AC=NCIT:C185409	-20 °C	not available	microfluidics	HeLa_500nL_1ng_CH1_G10	1	5	HeLa_500nL_1ng_CH1_G10	proteomic profiling by mass spectrometry	NT=Orbitrap Exploris 480;AC=MS:1003028	label free sample	NT=Trypsin;AC=MS:1001251	NT=Lys-C;AC=MS:1001309	NT=Carbamidomethyl;AC=UNIMOD:4;TA=C;MT=Fixed	Data-dependent acquisition	not available	not available	20 ppm	375m/z-1575m/z	2	4	CellType_500nL_1ng_protease	2023-03-11	1	1	HeLa_500nL_1ng_CH1_G10.raw	v1.1.0	NT=ms-proteomics;VV=v1.1.0	NT=human;VV=v1.1.0	NT=cell-lines;VV=v1.1.0	NT=single-cell;VV=v1.0.0	NT=HeLa;AC=EFO:0001185
HeLa_500nL_1ng_CH1_H11	NT=Homo sapiens;AC=NCBITaxon:9606	NT=uterine cervix;AC=UBERON:0000002	NT=epithelial cell;AC=CL:0000066	NT=cervical adenocarcinoma;AC=MONDO:0005153	NT=HeLa;AC=EFO:0001185	CVCL_0030	HeLa	ATCC	30Y6M	female	NT=African American;AC=HANCESTRO:0568	NT=Dulbecco's Modified Eagle Medium;AC=NCIT:C185409	-20 °C	not available	microfluidics	HeLa_500nL_1ng_CH1_H11	1	6	HeLa_500nL_1ng_CH1_H11	proteomic profiling by mass spectrometry	NT=Orbitrap Exploris 480;AC=MS:1003028	label free sample	NT=Trypsin;AC=MS:1001251	NT=Lys-C;AC=MS:1001309	NT=Carbamidomethyl;AC=UNIMOD:4;TA=C;MT=Fixed	Data-dependent acquisition	not available	not available	20 ppm	375m/z-1575m/z	2	4	CellType_500nL_1ng_protease	2023-03-12	1	1	HeLa_500nL_1ng_CH1_H11.raw	v1.1.0	NT=ms-proteomics;VV=v1.1.0	NT=human;VV=v1.1.0	NT=cell-lines;VV=v1.1.0	NT=single-cell;VV=v1.0.0	NT=HeLa;AC=EFO:0001185
HeLa_500nL_1ng_CH1_I11	NT=Homo sapiens;AC=NCBITaxon:9606	NT=uterine cervix;AC=UBERON:0000002	NT=epithelial cell;AC=CL:0000066	NT=cervical adenocarcinoma;AC=MONDO:0005153	NT=HeLa;AC=EFO:0001185	CVCL_0030	HeLa	ATCC	30Y6M	female	NT=African American;AC=HANCESTRO:0568	NT=Dulbecco's Modified Eagle Medium;AC=NCIT:C185409	-20 °C	not available	microfluidics	HeLa_500nL_1ng_CH1_I11	1	7	HeLa_500nL_1ng_CH1_I11	proteomic profiling by mass spectrometry	NT=Orbitrap Exploris 480;AC=MS:1003028	label free sample	NT=Trypsin;AC=MS:1001251	NT=Lys-C;AC=MS:1001309	NT=Carbamidomethyl;AC=UNIMOD:4;TA=C;MT=Fixed	Data-dependent acquisition	not available	not available	20 ppm	375m/z-1575m/z	2	4	CellType_500nL_1ng_protease	2023-03-11	1	1	HeLa_500nL_1ng_CH1_I11.raw	v1.1.0	NT=ms-proteomics;VV=v1.1.0	NT=human;VV=v1.1.0	NT=cell-lines;VV=v1.1.0	NT=single-cell;VV=v1.0.0	NT=HeLa;AC=EFO:0001185
HeLa_500nL_1ng_CH1_J11	NT=Homo sapiens;AC=NCBITaxon:9606	NT=uterine cervix;AC=UBERON:0000002	NT=epithelial cell;AC=CL:0000066	NT=cervical adenocarcinoma;AC=MONDO:0005153	NT=HeLa;AC=EFO:0001185	CVCL_0030	HeLa	ATCC	30Y6M	female	NT=African American;AC=HANCESTRO:0568	NT=Dulbecco's Modified Eagle Medium;AC=NCIT:C185409	-20 °C	not available	microfluidics	HeLa_500nL_1ng_CH1_J11	1	8	HeLa_500nL_1ng_CH1_J11	proteomic profiling by mass spectrometry	NT=Orbitrap Exploris 480;AC=MS:1003028	label free sample	NT=Trypsin;AC=MS:1001251	NT=Lys-C;AC=MS:1001309	NT=Carbamidomethyl;AC=UNIMOD:4;TA=C;MT=Fixed	Data-dependent acquisition	not available	not available	20 ppm	375m/z-1575m/z	2	4	CellType_500nL_1ng_protease	2023-03-11	1	1	HeLa_500nL_1ng_CH1_J11.raw	v1.1.0	NT=ms-proteomics;VV=v1.1.0	NT=human;VV=v1.1.0	NT=cell-lines;VV=v1.1.0	NT=single-cell;VV=v1.0.0	NT=HeLa;AC=EFO:0001185
HeLa_500nL_1ng_CH1_J7	NT=Homo sapiens;AC=NCBITaxon:9606	NT=uterine cervix;AC=UBERON:0000002	NT=epithelial cell;AC=CL:0000066	NT=cervical adenocarcinoma;AC=MONDO:0005153	NT=HeLa;AC=EFO:0001185	CVCL_0030	HeLa	ATCC	30Y6M	female	NT=African American;AC=HANCESTRO:0568	NT=Dulbecco's Modified Eagle Medium;AC=NCIT:C185409	-20 °C	not available	microfluidics	HeLa_500nL_1ng_CH1_J7	1	9	HeLa_500nL_1ng_CH1_J7	proteomic profiling by mass spectrometry	NT=Orbitrap Exploris 480;AC=MS:1003028	label free sample	NT=Trypsin;AC=MS:1001251	NT=Lys-C;AC=MS:1001309	NT=Carbamidomethyl;AC=UNIMOD:4;TA=C;MT=Fixed	Data-dependent acquisition	not available	not available	20 ppm	375m/z-1575m/z	2	4	CellType_500nL_1ng_protease	2023-03-11	1	1	HeLa_500nL_1ng_CH1_J7.raw	v1.1.0	NT=ms-proteomics;VV=v1.1.0	NT=human;VV=v1.1.0	NT=cell-lines;VV=v1.1.0	NT=single-cell;VV=v1.0.0	NT=HeLa;AC=EFO:0001185
HeLa_500nL_1ng_CH1_L7	NT=Homo sapiens;AC=NCBITaxon:9606	NT=uterine cervix;AC=UBERON:0000002	NT=epithelial cell;AC=CL:0000066	NT=cervical adenocarcinoma;AC=MONDO:0005153	NT=HeLa;AC=EFO:0001185	CVCL_0030	HeLa	ATCC	30Y6M	female	NT=African American;AC=HANCESTRO:0568	NT=Dulbecco's Modified Eagle Medium;AC=NCIT:C185409	-20 °C	not available	microfluidics	HeLa_500nL_1ng_CH1_L7	1	10	HeLa_500nL_1ng_CH1_L7	proteomic profiling by mass spectrometry	NT=Orbitrap Exploris 480;AC=MS:1003028	label free sample	NT=Trypsin;AC=MS:1001251	NT=Lys-C;AC=MS:1001309	NT=Carbamidomethyl;AC=UNIMOD:4;TA=C;MT=Fixed	Data-dependent acquisition	not available	not available	20 ppm	375m/z-1575m/z	2	4	CellType_500nL_1ng_protease	2023-03-11	1	1	HeLa_500nL_1ng_CH1_L7.raw	v1.1.0	NT=ms-proteomics;VV=v1.1.0	NT=human;VV=v1.1.0	NT=cell-lines;VV=v1.1.0	NT=single-cell;VV=v1.0.0	NT=HeLa;AC=EFO:0001185
HeLa_500nL_1ng_CH2_C11	NT=Homo sapiens;AC=NCBITaxon:9606	NT=uterine cervix;AC=UBERON:0000002	NT=epithelial cell;AC=CL:0000066	NT=cervical adenocarcinoma;AC=MONDO:0005153	NT=HeLa;AC=EFO:0001185	CVCL_0030	HeLa	ATCC	30Y6M	female	NT=African American;AC=HANCESTRO:0568	NT=Dulbecco's Modified Eagle Medium;AC=NCIT:C185409	-20 °C	not available	microfluidics	HeLa_500nL_1ng_CH2_C11	1	11	HeLa_500nL_1ng_CH2_C11	proteomic profiling by mass spectrometry	NT=Orbitrap Exploris 480;AC=MS:1003028	label free sample	NT=Trypsin;AC=MS:1001251	NT=Lys-C;AC=MS:1001309	NT=Carbamidomethyl;AC=UNIMOD:4;TA=C;MT=Fixed	Data-dependent acquisition	not available	not available	20 ppm	375m/z-1575m/z	2	4	CellType_500nL_1ng_protease	2023-03-13	1	1	HeLa_500nL_1ng_CH2_C11.raw	v1.1.0	NT=ms-proteomics;VV=v1.1.0	NT=human;VV=v1.1.0	NT=cell-lines;VV=v1.1.0	NT=single-cell;VV=v1.0.0	NT=HeLa;AC=EFO:0001185
HeLa_500nL_1ng_CH2_D7	NT=Homo sapiens;AC=NCBITaxon:9606	NT=uterine cervix;AC=UBERON:0000002	NT=epithelial cell;AC=CL:0000066	NT=cervical adenocarcinoma;AC=MONDO:0005153	NT=HeLa;AC=EFO:0001185	CVCL_0030	HeLa	ATCC	30Y6M	female	NT=African American;AC=HANCESTRO:0568	NT=Dulbecco's Modified Eagle Medium;AC=NCIT:C185409	-20 °C	not available	microfluidics	HeLa_500nL_1ng_CH2_D7	1	12	HeLa_500nL_1ng_CH2_D7	proteomic profiling by mass spectrometry	NT=Orbitrap Exploris 480;AC=MS:1003028	label free sample	NT=Trypsin;AC=MS:1001251	NT=Lys-C;AC=MS:1001309	NT=Carbamidomethyl;AC=UNIMOD:4;TA=C;MT=Fixed	Data-dependent acquisition	not available	not available	20 ppm	375m/z-1575m/z	2	4	CellType_500nL_1ng_protease	2023-03-12	1	1	HeLa_500nL_1ng_CH2_D7.raw	v1.1.0	NT=ms-proteomics;VV=v1.1.0	NT=human;VV=v1.1.0	NT=cell-lines;VV=v1.1.0	NT=single-cell;VV=v1.0.0	NT=HeLa;AC=EFO:0001185
HeLa_500nL_1ng_CH2_E10	NT=Homo sapiens;AC=NCBITaxon:9606	NT=uterine cervix;AC=UBERON:0000002	NT=epithelial cell;AC=CL:0000066	NT=cervical adenocarcinoma;AC=MONDO:0005153	NT=HeLa;AC=EFO:0001185	CVCL_0030	HeLa	ATCC	30Y6M	female	NT=African American;AC=HANCESTRO:0568	NT=Dulbecco's Modified Eagle Medium;AC=NCIT:C185409	-20 °C	not available	microfluidics	HeLa_500nL_1ng_CH2_E10	1	13	HeLa_500nL_1ng_CH2_E10	proteomic profiling by mass spectrometry	NT=Orbitrap Exploris 480;AC=MS:1003028	label free sample	NT=Trypsin;AC=MS:1001251	NT=Lys-C;AC=MS:1001309	NT=Carbamidomethyl;AC=UNIMOD:4;TA=C;MT=Fixed	Data-dependent acquisition	not available	not available	20 ppm	375m/z-1575m/z	2	4	CellType_500nL_1ng_protease	2023-03-10	1	1	HeLa_500nL_1ng_CH2_E10.raw	v1.1.0	NT=ms-proteomics;VV=v1.1.0	NT=human;VV=v1.1.0	NT=cell-lines;VV=v1.1.0	NT=single-cell;VV=v1.0.0	NT=HeLa;AC=EFO:0001185
HeLa_500nL_1ng_CH2_E7	NT=Homo sapiens;AC=NCBITaxon:9606	NT=uterine cervix;AC=UBERON:0000002	NT=epithelial cell;AC=CL:0000066	NT=cervical adenocarcinoma;AC=MONDO:0005153	NT=HeLa;AC=EFO:0001185	CVCL_0030	HeLa	ATCC	30Y6M	female	NT=African American;AC=HANCESTRO:0568	NT=Dulbecco's Modified Eagle Medium;AC=NCIT:C185409	-20 °C	not available	microfluidics	HeLa_500nL_1ng_CH2_E7	1	14	HeLa_500nL_1ng_CH2_E7	proteomic profiling by mass spectrometry	NT=Orbitrap Exploris 480;AC=MS:1003028	label free sample	NT=Trypsin;AC=MS:1001251	NT=Lys-C;AC=MS:1001309	NT=Carbamidomethyl;AC=UNIMOD:4;TA=C;MT=Fixed	Data-dependent acquisition	not available	not available	20 ppm	375m/z-1575m/z	2	4	CellType_500nL_1ng_protease	2023-03-12	1	1	HeLa_500nL_1ng_CH2_E7.raw	v1.1.0	NT=ms-proteomics;VV=v1.1.0	NT=human;VV=v1.1.0	NT=cell-lines;VV=v1.1.0	NT=single-cell;VV=v1.0.0	NT=HeLa;AC=EFO:0001185
HeLa_500nL_1ng_CH2_F7	NT=Homo sapiens;AC=NCBITaxon:9606	NT=uterine cervix;AC=UBERON:0000002	NT=epithelial cell;AC=CL:0000066	NT=cervical adenocarcinoma;AC=MONDO:0005153	NT=HeLa;AC=EFO:0001185	CVCL_0030	HeLa	ATCC	30Y6M	female	NT=African American;AC=HANCESTRO:0568	NT=Dulbecco's Modified Eagle Medium;AC=NCIT:C185409	-20 °C	not available	microfluidics	HeLa_500nL_1ng_CH2_F7	1	15	HeLa_500nL_1ng_CH2_F7	proteomic profiling by mass spectrometry	NT=Orbitrap Exploris 480;AC=MS:1003028	label free sample	NT=Trypsin;AC=MS:1001251	NT=Lys-C;AC=MS:1001309	NT=Carbamidomethyl;AC=UNIMOD:4;TA=C;MT=Fixed	Data-dependent acquisition	not available	not available	20 ppm	375m/z-1575m/z	2	4	CellType_500nL_1ng_protease	2023-03-13	1	1	HeLa_500nL_1ng_CH2_F7.raw	v1.1.0	NT=ms-proteomics;VV=v1.1.0	NT=human;VV=v1.1.0	NT=cell-lines;VV=v1.1.0	NT=single-cell;VV=v1.0.0	NT=HeLa;AC=EFO:0001185
HeLa_500nL_1ng_CH2_F8	NT=Homo sapiens;AC=NCBITaxon:9606	NT=uterine cervix;AC=UBERON:0000002	NT=epithelial cell;AC=CL:0000066	NT=cervical adenocarcinoma;AC=MONDO:0005153	NT=HeLa;AC=EFO:0001185	CVCL_0030	HeLa	ATCC	30Y6M	female	NT=African American;AC=HANCESTRO:0568	NT=Dulbecco's Modified Eagle Medium;AC=NCIT:C185409	-20 °C	not available	microfluidics	HeLa_500nL_1ng_CH2_F8	1	16	HeLa_500nL_1ng_CH2_F8	proteomic profiling by mass spectrometry	NT=Orbitrap Exploris 480;AC=MS:1003028	label free sample	NT=Trypsin;AC=MS:1001251	NT=Lys-C;AC=MS:1001309	NT=Carbamidomethyl;AC=UNIMOD:4;TA=C;MT=Fixed	Data-dependent acquisition	not available	not available	20 ppm	375m/z-1575m/z	2	4	CellType_500nL_1ng_protease	2023-03-12	1	1	HeLa_500nL_1ng_CH2_F8.raw	v1.1.0	NT=ms-proteomics;VV=v1.1.0	NT=human;VV=v1.1.0	NT=cell-lines;VV=v1.1.0	NT=single-cell;VV=v1.0.0	NT=HeLa;AC=EFO:0001185
HeLa_500nL_1ng_CH2_F9	NT=Homo sapiens;AC=NCBITaxon:9606	NT=uterine cervix;AC=UBERON:0000002	NT=epithelial cell;AC=CL:0000066	NT=cervical adenocarcinoma;AC=MONDO:0005153	NT=HeLa;AC=EFO:0001185	CVCL_0030	HeLa	ATCC	30Y6M	female	NT=African American;AC=HANCESTRO:0568	NT=Dulbecco's Modified Eagle Medium;AC=NCIT:C185409	-20 °C	not available	microfluidics	HeLa_500nL_1ng_CH2_F9	1	17	HeLa_500nL_1ng_CH2_F9	proteomic profiling by mass spectrometry	NT=Orbitrap Exploris 480;AC=MS:1003028	label free sample	NT=Trypsin;AC=MS:1001251	NT=Lys-C;AC=MS:1001309	NT=Carbamidomethyl;AC=UNIMOD:4;TA=C;MT=Fixed	Data-dependent acquisition	not available	not available	20 ppm	375m/z-1575m/z	2	4	CellType_500nL_1ng_protease	2023-03-12	1	1	HeLa_500nL_1ng_CH2_F9.raw	v1.1.0	NT=ms-proteomics;VV=v1.1.0	NT=human;VV=v1.1.0	NT=cell-lines;VV=v1.1.0	NT=single-cell;VV=v1.0.0	NT=HeLa;AC=EFO:0001185
HeLa_500nL_1ng_CH2_G7	NT=Homo sapiens;AC=NCBITaxon:9606	NT=uterine cervix;AC=UBERON:0000002	NT=epithelial cell;AC=CL:0000066	NT=cervical adenocarcinoma;AC=MONDO:0005153	NT=HeLa;AC=EFO:0001185	CVCL_0030	HeLa	ATCC	30Y6M	female	NT=African American;AC=HANCESTRO:0568	NT=Dulbecco's Modified Eagle Medium;AC=NCIT:C185409	-20 °C	not available	microfluidics	HeLa_500nL_1ng_CH2_G7	1	18	HeLa_500nL_1ng_CH2_G7	proteomic profiling by mass spectrometry	NT=Orbitrap Exploris 480;AC=MS:1003028	label free sample	NT=Trypsin;AC=MS:1001251	NT=Lys-C;AC=MS:1001309	NT=Carbamidomethyl;AC=UNIMOD:4;TA=C;MT=Fixed	Data-dependent acquisition	not available	not available	20 ppm	375m/z-1575m/z	2	4	CellType_500nL_1ng_protease	2023-03-11	1	1	HeLa_500nL_1ng_CH2_G7.raw	v1.1.0	NT=ms-proteomics;VV=v1.1.0	NT=human;VV=v1.1.0	NT=cell-lines;VV=v1.1.0	NT=single-cell;VV=v1.0.0	NT=HeLa;AC=EFO:0001185
HeLa_500nL_1ng_CH2_G8	NT=Homo sapiens;AC=NCBITaxon:9606	NT=uterine cervix;AC=UBERON:0000002	NT=epithelial cell;AC=CL:0000066	NT=cervical adenocarcinoma;AC=MONDO:0005153	NT=HeLa;AC=EFO:0001185	CVCL_0030	HeLa	ATCC	30Y6M	female	NT=African American;AC=HANCESTRO:0568	NT=Dulbecco's Modified Eagle Medium;AC=NCIT:C185409	-20 °C	not available	microfluidics	HeLa_500nL_1ng_CH2_G8	1	19	HeLa_500nL_1ng_CH2_G8	proteomic profiling by mass spectrometry	NT=Orbitrap Exploris 480;AC=MS:1003028	label free sample	NT=Trypsin;AC=MS:1001251	NT=Lys-C;AC=MS:1001309	NT=Carbamidomethyl;AC=UNIMOD:4;TA=C;MT=Fixed	Data-dependent acquisition	not available	not available	20 ppm	375m/z-1575m/z	2	4	CellType_500nL_1ng_protease	2023-03-10	1	1	HeLa_500nL_1ng_CH2_G8.raw	v1.1.0	NT=ms-proteomics;VV=v1.1.0	NT=human;VV=v1.1.0	NT=cell-lines;VV=v1.1.0	NT=single-cell;VV=v1.0.0	NT=HeLa;AC=EFO:0001185
HeLa_500nL_1ng_CH2_H9	NT=Homo sapiens;AC=NCBITaxon:9606	NT=uterine cervix;AC=UBERON:0000002	NT=epithelial cell;AC=CL:0000066	NT=cervical adenocarcinoma;AC=MONDO:0005153	NT=HeLa;AC=EFO:0001185	CVCL_0030	HeLa	ATCC	30Y6M	female	NT=African American;AC=HANCESTRO:0568	NT=Dulbecco's Modified Eagle Medium;AC=NCIT:C185409	-20 °C	not available	microfluidics	HeLa_500nL_1ng_CH2_H9	1	20	HeLa_500nL_1ng_CH2_H9	proteomic profiling by mass spectrometry	NT=Orbitrap Exploris 480;AC=MS:1003028	label free sample	NT=Trypsin;AC=MS:1001251	NT=Lys-C;AC=MS:1001309	NT=Carbamidomethyl;AC=UNIMOD:4;TA=C;MT=Fixed	Data-dependent acquisition	not available	not available	20 ppm	375m/z-1575m/z	2	4	CellType_500nL_1ng_protease	2023-03-10	1	1	HeLa_500nL_1ng_CH2_H9.raw	v1.1.0	NT=ms-proteomics;VV=v1.1.0	NT=human;VV=v1.1.0	NT=cell-lines;VV=v1.1.0	NT=single-cell;VV=v1.0.0	NT=HeLa;AC=EFO:0001185
HeLa_500nL_1ng_CH2_K7	NT=Homo sapiens;AC=NCBITaxon:9606	NT=uterine cervix;AC=UBERON:0000002	NT=epithelial cell;AC=CL:0000066	NT=cervical adenocarcinoma;AC=MONDO:0005153	NT=HeLa;AC=EFO:0001185	CVCL_0030	HeLa	ATCC	30Y6M	female	NT=African American;AC=HANCESTRO:0568	NT=Dulbecco's Modified Eagle Medium;AC=NCIT:C185409	-20 °C	not available	microfluidics	HeLa_500nL_1ng_CH2_K7	1	21	HeLa_500nL_1ng_CH2_K7	proteomic profiling by mass spectrometry	NT=Orbitrap Exploris 480;AC=MS:1003028	label free sample	NT=Trypsin;AC=MS:1001251	NT=Lys-C;AC=MS:1001309	NT=Carbamidomethyl;AC=UNIMOD:4;TA=C;MT=Fixed	Data-dependent acquisition	not available	not available	20 ppm	375m/z-1575m/z	2	4	CellType_500nL_1ng_protease	2023-03-10	1	1	HeLa_500nL_1ng_CH2_K7.raw	v1.1.0	NT=ms-proteomics;VV=v1.1.0	NT=human;VV=v1.1.0	NT=cell-lines;VV=v1.1.0	NT=single-cell;VV=v1.0.0	NT=HeLa;AC=EFO:0001185
HeLa_500nL_1ng_CH2_L10	NT=Homo sapiens;AC=NCBITaxon:9606	NT=uterine cervix;AC=UBERON:0000002	NT=epithelial cell;AC=CL:0000066	NT=cervical adenocarcinoma;AC=MONDO:0005153	NT=HeLa;AC=EFO:0001185	CVCL_0030	HeLa	ATCC	30Y6M	female	NT=African American;AC=HANCESTRO:0568	NT=Dulbecco's Modified Eagle Medium;AC=NCIT:C185409	-20 °C	not available	microfluidics	HeLa_500nL_1ng_CH2_L10	1	22	HeLa_500nL_1ng_CH2_L10	proteomic profiling by mass spectrometry	NT=Orbitrap Exploris 480;AC=MS:1003028	label free sample	NT=Trypsin;AC=MS:1001251	NT=Lys-C;AC=MS:1001309	NT=Carbamidomethyl;AC=UNIMOD:4;TA=C;MT=Fixed	Data-dependent acquisition	not available	not available	20 ppm	375m/z-1575m/z	2	4	CellType_500nL_1ng_protease	2023-03-11	1	1	HeLa_500nL_1ng_CH2_L10.raw	v1.1.0	NT=ms-proteomics;VV=v1.1.0	NT=human;VV=v1.1.0	NT=cell-lines;VV=v1.1.0	NT=single-cell;VV=v1.0.0	NT=HeLa;AC=EFO:0001185
HeLa_500nL_1ng_CH2_L8	NT=Homo sapiens;AC=NCBITaxon:9606	NT=uterine cervix;AC=UBERON:0000002	NT=epithelial cell;AC=CL:0000066	NT=cervical adenocarcinoma;AC=MONDO:0005153	NT=HeLa;AC=EFO:0001185	CVCL_0030	HeLa	ATCC	30Y6M	female	NT=African American;AC=HANCESTRO:0568	NT=Dulbecco's Modified Eagle Medium;AC=NCIT:C185409	-20 °C	not available	microfluidics	HeLa_500nL_1ng_CH2_L8	1	23	HeLa_500nL_1ng_CH2_L8	proteomic profiling by mass spectrometry	NT=Orbitrap Exploris 480;AC=MS:1003028	label free sample	NT=Trypsin;AC=MS:1001251	NT=Lys-C;AC=MS:1001309	NT=Carbamidomethyl;AC=UNIMOD:4;TA=C;MT=Fixed	Data-dependent acquisition	not available	not available	20 ppm	375m/z-1575m/z	2	4	CellType_500nL_1ng_protease	2023-03-12	1	1	HeLa_500nL_1ng_CH2_L8.raw	v1.1.0	NT=ms-proteomics;VV=v1.1.0	NT=human;VV=v1.1.0	NT=cell-lines;VV=v1.1.0	NT=single-cell;VV=v1.0.0	NT=HeLa;AC=EFO:0001185
HeLa_500nL_1ng_CH2_L9	NT=Homo sapiens;AC=NCBITaxon:9606	NT=uterine cervix;AC=UBERON:0000002	NT=epithelial cell;AC=CL:0000066	NT=cervical adenocarcinoma;AC=MONDO:0005153	NT=HeLa;AC=EFO:0001185	CVCL_0030	HeLa	ATCC	30Y6M	female	NT=African American;AC=HANCESTRO:0568	NT=Dulbecco's Modified Eagle Medium;AC=NCIT:C185409	-20 °C	not available	microfluidics	HeLa_500nL_1ng_CH2_L9	1	24	HeLa_500nL_1ng_CH2_L9	proteomic profiling by mass spectrometry	NT=Orbitrap Exploris 480;AC=MS:1003028	label free sample	NT=Trypsin;AC=MS:1001251	NT=Lys-C;AC=MS:1001309	NT=Carbamidomethyl;AC=UNIMOD:4;TA=C;MT=Fixed	Data-dependent acquisition	not available	not available	20 ppm	375m/z-1575m/z	2	4	CellType_500nL_1ng_protease	2023-03-11	1	1	HeLa_500nL_1ng_CH2_L9.raw	v1.1.0	NT=ms-proteomics;VV=v1.1.0	NT=human;VV=v1.1.0	NT=cell-lines;VV=v1.1.0	NT=single-cell;VV=v1.0.0	NT=HeLa;AC=EFO:0001185
Jurkat_500nL_1ng_CH1_B6	NT=Homo sapiens;AC=NCBITaxon:9606	NT=blood;AC=UBERON:0000178	NT=T cell;AC=CL:0000084	NT=T-cell childhood acute lymphocytic leukemia;AC=MONDO:0000871	NT=Jurkat;AC=EFO:0002796	CVCL_0367	Jurkat E6.1	ATCC	14Y	male	NT=European ancestry;AC=HANCESTRO:0005	NT=Roswell Park Memorial Institute 1640 Medium;AC=NCIT:C178973	-20 °C	not available	microfluidics	Jurkat_500nL_1ng_CH1_B6	1	1	Jurkat_500nL_1ng_CH1_B6	proteomic profiling by mass spectrometry	NT=Orbitrap Exploris 480;AC=MS:1003028	label free sample	NT=Trypsin;AC=MS:1001251	NT=Lys-C;AC=MS:1001309	NT=Carbamidomethyl;AC=UNIMOD:4;TA=C;MT=Fixed	Data-dependent acquisition	not available	not available	20 ppm	375m/z-1575m/z	2	4	CellType_500nL_1ng_protease	2023-03-12	1	1	Jurkat_500nL_1ng_CH1_B6.raw	v1.1.0	NT=ms-proteomics;VV=v1.1.0	NT=human;VV=v1.1.0	NT=cell-lines;VV=v1.1.0	NT=single-cell;VV=v1.0.0	NT=Jurkat;AC=EFO:0002796
Jurkat_500nL_1ng_CH1_C2	NT=Homo sapiens;AC=NCBITaxon:9606	NT=blood;AC=UBERON:0000178	NT=T cell;AC=CL:0000084	NT=T-cell childhood acute lymphocytic leukemia;AC=MONDO:0000871	NT=Jurkat;AC=EFO:0002796	CVCL_0367	Jurkat E6.1	ATCC	14Y	male	NT=European ancestry;AC=HANCESTRO:0005	NT=Roswell Park Memorial Institute 1640 Medium;AC=NCIT:C178973	-20 °C	not available	microfluidics	Jurkat_500nL_1ng_CH1_C2	1	2	Jurkat_500nL_1ng_CH1_C2	proteomic profiling by mass spectrometry	NT=Orbitrap Exploris 480;AC=MS:1003028	label free sample	NT=Trypsin;AC=MS:1001251	NT=Lys-C;AC=MS:1001309	NT=Carbamidomethyl;AC=UNIMOD:4;TA=C;MT=Fixed	Data-dependent acquisition	not available	not available	20 ppm	375m/z-1575m/z	2	4	CellType_500nL_1ng_protease	2023-03-12	1	1	Jurkat_500nL_1ng_CH1_C2.raw	v1.1.0	NT=ms-proteomics;VV=v1.1.0	NT=human;VV=v1.1.0	NT=cell-lines;VV=v1.1.0	NT=single-cell;VV=v1.0.0	NT=Jurkat;AC=EFO:0002796
Jurkat_500nL_1ng_CH1_D2	NT=Homo sapiens;AC=NCBITaxon:9606	NT=blood;AC=UBERON:0000178	NT=T cell;AC=CL:0000084	NT=T-cell childhood acute lymphocytic leukemia;AC=MONDO:0000871	NT=Jurkat;AC=EFO:0002796	CVCL_0367	Jurkat E6.1	ATCC	14Y	male	NT=European ancestry;AC=HANCESTRO:0005	NT=Roswell Park Memorial Institute 1640 Medium;AC=NCIT:C178973	-20 °C	not available	microfluidics	Jurkat_500nL_1ng_CH1_D2	1	3	Jurkat_500nL_1ng_CH1_D2	proteomic profiling by mass spectrometry	NT=Orbitrap Exploris 480;AC=MS:1003028	label free sample	NT=Trypsin;AC=MS:1001251	NT=Lys-C;AC=MS:1001309	NT=Carbamidomethyl;AC=UNIMOD:4;TA=C;MT=Fixed	Data-dependent acquisition	not available	not available	20 ppm	375m/z-1575m/z	2	4	CellType_500nL_1ng_protease	2023-03-12	1	1	Jurkat_500nL_1ng_CH1_D2.raw	v1.1.0	NT=ms-proteomics;VV=v1.1.0	NT=human;VV=v1.1.0	NT=cell-lines;VV=v1.1.0	NT=single-cell;VV=v1.0.0	NT=Jurkat;AC=EFO:0002796
Jurkat_500nL_1ng_CH1_D5	NT=Homo sapiens;AC=NCBITaxon:9606	NT=blood;AC=UBERON:0000178	NT=T cell;AC=CL:0000084	NT=T-cell childhood acute lymphocytic leukemia;AC=MONDO:0000871	NT=Jurkat;AC=EFO:0002796	CVCL_0367	Jurkat E6.1	ATCC	14Y	male	NT=European ancestry;AC=HANCESTRO:0005	NT=Roswell Park Memorial Institute 1640 Medium;AC=NCIT:C178973	-20 °C	not available	microfluidics	Jurkat_500nL_1ng_CH1_D5	1	4	Jurkat_500nL_1ng_CH1_D5	proteomic profiling by mass spectrometry	NT=Orbitrap Exploris 480;AC=MS:1003028	label free sample	NT=Trypsin;AC=MS:1001251	NT=Lys-C;AC=MS:1001309	NT=Carbamidomethyl;AC=UNIMOD:4;TA=C;MT=Fixed	Data-dependent acquisition	not available	not available	20 ppm	375m/z-1575m/z	2	4	CellType_500nL_1ng_protease	2023-03-13	1	1	Jurkat_500nL_1ng_CH1_D5.raw	v1.1.0	NT=ms-proteomics;VV=v1.1.0	NT=human;VV=v1.1.0	NT=cell-lines;VV=v1.1.0	NT=single-cell;VV=v1.0.0	NT=Jurkat;AC=EFO:0002796
Jurkat_500nL_1ng_CH1_D6	NT=Homo sapiens;AC=NCBITaxon:9606	NT=blood;AC=UBERON:0000178	NT=T cell;AC=CL:0000084	NT=T-cell childhood acute lymphocytic leukemia;AC=MONDO:0000871	NT=Jurkat;AC=EFO:0002796	CVCL_0367	Jurkat E6.1	ATCC	14Y	male	NT=European ancestry;AC=HANCESTRO:0005	NT=Roswell Park Memorial Institute 1640 Medium;AC=NCIT:C178973	-20 °C	not available	microfluidics	Jurkat_500nL_1ng_CH1_D6	1	5	Jurkat_500nL_1ng_CH1_D6	proteomic profiling by mass spectrometry	NT=Orbitrap Exploris 480;AC=MS:1003028	label free sample	NT=Trypsin;AC=MS:1001251	NT=Lys-C;AC=MS:1001309	NT=Carbamidomethyl;AC=UNIMOD:4;TA=C;MT=Fixed	Data-dependent acquisition	not available	not available	20 ppm	375m/z-1575m/z	2	4	CellType_500nL_1ng_protease	2023-03-12	1	1	Jurkat_500nL_1ng_CH1_D6.raw	v1.1.0	NT=ms-proteomics;VV=v1.1.0	NT=human;VV=v1.1.0	NT=cell-lines;VV=v1.1.0	NT=single-cell;VV=v1.0.0	NT=Jurkat;AC=EFO:0002796
Jurkat_500nL_1ng_CH1_F3	NT=Homo sapiens;AC=NCBITaxon:9606	NT=blood;AC=UBERON:0000178	NT=T cell;AC=CL:0000084	NT=T-cell childhood acute lymphocytic leukemia;AC=MONDO:0000871	NT=Jurkat;AC=EFO:0002796	CVCL_0367	Jurkat E6.1	ATCC	14Y	male	NT=European ancestry;AC=HANCESTRO:0005	NT=Roswell Park Memorial Institute 1640 Medium;AC=NCIT:C178973	-20 °C	not available	microfluidics	Jurkat_500nL_1ng_CH1_F3	1	6	Jurkat_500nL_1ng_CH1_F3	proteomic profiling by mass spectrometry	NT=Orbitrap Exploris 480;AC=MS:1003028	label free sample	NT=Trypsin;AC=MS:1001251	NT=Lys-C;AC=MS:1001309	NT=Carbamidomethyl;AC=UNIMOD:4;TA=C;MT=Fixed	Data-dependent acquisition	not available	not available	20 ppm	375m/z-1575m/z	2	4	CellType_500nL_1ng_protease	2023-03-11	1	1	Jurkat_500nL_1ng_CH1_F3.raw	v1.1.0	NT=ms-proteomics;VV=v1.1.0	NT=human;VV=v1.1.0	NT=cell-lines;VV=v1.1.0	NT=single-cell;VV=v1.0.0	NT=Jurkat;AC=EFO:0002796
Jurkat_500nL_1ng_CH1_F6	NT=Homo sapiens;AC=NCBITaxon:9606	NT=blood;AC=UBERON:0000178	NT=T cell;AC=CL:0000084	NT=T-cell childhood acute lymphocytic leukemia;AC=MONDO:0000871	NT=Jurkat;AC=EFO:0002796	CVCL_0367	Jurkat E6.1	ATCC	14Y	male	NT=European ancestry;AC=HANCESTRO:0005	NT=Roswell Park Memorial Institute 1640 Medium;AC=NCIT:C178973	-20 °C	not available	microfluidics	Jurkat_500nL_1ng_CH1_F6	1	7	Jurkat_500nL_1ng_CH1_F6	proteomic profiling by mass spectrometry	NT=Orbitrap Exploris 480;AC=MS:1003028	label free sample	NT=Trypsin;AC=MS:1001251	NT=Lys-C;AC=MS:1001309	NT=Carbamidomethyl;AC=UNIMOD:4;TA=C;MT=Fixed	Data-dependent acquisition	not available	not available	20 ppm	375m/z-1575m/z	2	4	CellType_500nL_1ng_protease	2023-03-11	1	1	Jurkat_500nL_1ng_CH1_F6.raw	v1.1.0	NT=ms-proteomics;VV=v1.1.0	NT=human;VV=v1.1.0	NT=cell-lines;VV=v1.1.0	NT=single-cell;VV=v1.0.0	NT=Jurkat;AC=EFO:0002796
Jurkat_500nL_1ng_CH1_G3	NT=Homo sapiens;AC=NCBITaxon:9606	NT=blood;AC=UBERON:0000178	NT=T cell;AC=CL:0000084	NT=T-cell childhood acute lymphocytic leukemia;AC=MONDO:0000871	NT=Jurkat;AC=EFO:0002796	CVCL_0367	Jurkat E6.1	ATCC	14Y	male	NT=European ancestry;AC=HANCESTRO:0005	NT=Roswell Park Memorial Institute 1640 Medium;AC=NCIT:C178973	-20 °C	not available	microfluidics	Jurkat_500nL_1ng_CH1_G3	1	8	Jurkat_500nL_1ng_CH1_G3	proteomic profiling by mass spectrometry	NT=Orbitrap Exploris 480;AC=MS:1003028	label free sample	NT=Trypsin;AC=MS:1001251	NT=Lys-C;AC=MS:1001309	NT=Carbamidomethyl;AC=UNIMOD:4;TA=C;MT=Fixed	Data-dependent acquisition	not available	not available	20 ppm	375m/z-1575m/z	2	4	CellType_500nL_1ng_protease	2023-03-10	1	1	Jurkat_500nL_1ng_CH1_G3.raw	v1.1.0	NT=ms-proteomics;VV=v1.1.0	NT=human;VV=v1.1.0	NT=cell-lines;VV=v1.1.0	NT=single-cell;VV=v1.0.0	NT=Jurkat;AC=EFO:0002796
Jurkat_500nL_1ng_CH1_H3	NT=Homo sapiens;AC=NCBITaxon:9606	NT=blood;AC=UBERON:0000178	NT=T cell;AC=CL:0000084	NT=T-cell childhood acute lymphocytic leukemia;AC=MONDO:0000871	NT=Jurkat;AC=EFO:0002796	CVCL_0367	Jurkat E6.1	ATCC	14Y	male	NT=European ancestry;AC=HANCESTRO:0005	NT=Roswell Park Memorial Institute 1640 Medium;AC=NCIT:C178973	-20 °C	not available	microfluidics	Jurkat_500nL_1ng_CH1_H3	1	9	Jurkat_500nL_1ng_CH1_H3	proteomic profiling by mass spectrometry	NT=Orbitrap Exploris 480;AC=MS:1003028	label free sample	NT=Trypsin;AC=MS:1001251	NT=Lys-C;AC=MS:1001309	NT=Carbamidomethyl;AC=UNIMOD:4;TA=C;MT=Fixed	Data-dependent acquisition	not available	not available	20 ppm	375m/z-1575m/z	2	4	CellType_500nL_1ng_protease	not available	1	1	Jurkat_500nL_1ng_CH1_H3.raw	v1.1.0	NT=ms-proteomics;VV=v1.1.0	NT=human;VV=v1.1.0	NT=cell-lines;VV=v1.1.0	NT=single-cell;VV=v1.0.0	NT=Jurkat;AC=EFO:0002796
Jurkat_500nL_1ng_CH1_H4	NT=Homo sapiens;AC=NCBITaxon:9606	NT=blood;AC=UBERON:0000178	NT=T cell;AC=CL:0000084	NT=T-cell childhood acute lymphocytic leukemia;AC=MONDO:0000871	NT=Jurkat;AC=EFO:0002796	CVCL_0367	Jurkat E6.1	ATCC	14Y	male	NT=European ancestry;AC=HANCESTRO:0005	NT=Roswell Park Memorial Institute 1640 Medium;AC=NCIT:C178973	-20 °C	not available	microfluidics	Jurkat_500nL_1ng_CH1_H4	1	10	Jurkat_500nL_1ng_CH1_H4	proteomic profiling by mass spectrometry	NT=Orbitrap Exploris 480;AC=MS:1003028	label free sample	NT=Trypsin;AC=MS:1001251	NT=Lys-C;AC=MS:1001309	NT=Carbamidomethyl;AC=UNIMOD:4;TA=C;MT=Fixed	Data-dependent acquisition	not available	not available	20 ppm	375m/z-1575m/z	2	4	CellType_500nL_1ng_protease	2023-03-11	1	1	Jurkat_500nL_1ng_CH1_H4.raw	v1.1.0	NT=ms-proteomics;VV=v1.1.0	NT=human;VV=v1.1.0	NT=cell-lines;VV=v1.1.0	NT=single-cell;VV=v1.0.0	NT=Jurkat;AC=EFO:0002796
Jurkat_500nL_1ng_CH1_I4	NT=Homo sapiens;AC=NCBITaxon:9606	NT=blood;AC=UBERON:0000178	NT=T cell;AC=CL:0000084	NT=T-cell childhood acute lymphocytic leukemia;AC=MONDO:0000871	NT=Jurkat;AC=EFO:0002796	CVCL_0367	Jurkat E6.1	ATCC	14Y	male	NT=European ancestry;AC=HANCESTRO:0005	NT=Roswell Park Memorial Institute 1640 Medium;AC=NCIT:C178973	-20 °C	not available	microfluidics	Jurkat_500nL_1ng_CH1_I4	1	11	Jurkat_500nL_1ng_CH1_I4	proteomic profiling by mass spectrometry	NT=Orbitrap Exploris 480;AC=MS:1003028	label free sample	NT=Trypsin;AC=MS:1001251	NT=Lys-C;AC=MS:1001309	NT=Carbamidomethyl;AC=UNIMOD:4;TA=C;MT=Fixed	Data-dependent acquisition	not available	not available	20 ppm	375m/z-1575m/z	2	4	CellType_500nL_1ng_protease	2023-03-12	1	1	Jurkat_500nL_1ng_CH1_I4.raw	v1.1.0	NT=ms-proteomics;VV=v1.1.0	NT=human;VV=v1.1.0	NT=cell-lines;VV=v1.1.0	NT=single-cell;VV=v1.0.0	NT=Jurkat;AC=EFO:0002796
Jurkat_500nL_1ng_CH1_J4	NT=Homo sapiens;AC=NCBITaxon:9606	NT=blood;AC=UBERON:0000178	NT=T cell;AC=CL:0000084	NT=T-cell childhood acute lymphocytic leukemia;AC=MONDO:0000871	NT=Jurkat;AC=EFO:0002796	CVCL_0367	Jurkat E6.1	ATCC	14Y	male	NT=European ancestry;AC=HANCESTRO:0005	NT=Roswell Park Memorial Institute 1640 Medium;AC=NCIT:C178973	-20 °C	not available	microfluidics	Jurkat_500nL_1ng_CH1_J4	1	12	Jurkat_500nL_1ng_CH1_J4	proteomic profiling by mass spectrometry	NT=Orbitrap Exploris 480;AC=MS:1003028	label free sample	NT=Trypsin;AC=MS:1001251	NT=Lys-C;AC=MS:1001309	NT=Carbamidomethyl;AC=UNIMOD:4;TA=C;MT=Fixed	Data-dependent acquisition	not available	not available	20 ppm	375m/z-1575m/z	2	4	CellType_500nL_1ng_protease	2023-03-13	1	1	Jurkat_500nL_1ng_CH1_J4.raw	v1.1.0	NT=ms-proteomics;VV=v1.1.0	NT=human;VV=v1.1.0	NT=cell-lines;VV=v1.1.0	NT=single-cell;VV=v1.0.0	NT=Jurkat;AC=EFO:0002796
Jurkat_500nL_1ng_CH1_K3	NT=Homo sapiens;AC=NCBITaxon:9606	NT=blood;AC=UBERON:0000178	NT=T cell;AC=CL:0000084	NT=T-cell childhood acute lymphocytic leukemia;AC=MONDO:0000871	NT=Jurkat;AC=EFO:0002796	CVCL_0367	Jurkat E6.1	ATCC	14Y	male	NT=European ancestry;AC=HANCESTRO:0005	NT=Roswell Park Memorial Institute 1640 Medium;AC=NCIT:C178973	-20 °C	not available	microfluidics	Jurkat_500nL_1ng_CH1_K3	1	13	Jurkat_500nL_1ng_CH1_K3	proteomic profiling by mass spectrometry	NT=Orbitrap Exploris 480;AC=MS:1003028	label free sample	NT=Trypsin;AC=MS:1001251	NT=Lys-C;AC=MS:1001309	NT=Carbamidomethyl;AC=UNIMOD:4;TA=C;MT=Fixed	Data-dependent acquisition	not available	not available	20 ppm	375m/z-1575m/z	2	4	CellType_500nL_1ng_protease	2023-03-10	1	1	Jurkat_500nL_1ng_CH1_K3.raw	v1.1.0	NT=ms-proteomics;VV=v1.1.0	NT=human;VV=v1.1.0	NT=cell-lines;VV=v1.1.0	NT=single-cell;VV=v1.0.0	NT=Jurkat;AC=EFO:0002796
Jurkat_500nL_1ng_CH1_K4	NT=Homo sapiens;AC=NCBITaxon:9606	NT=blood;AC=UBERON:0000178	NT=T cell;AC=CL:0000084	NT=T-cell childhood acute lymphocytic leukemia;AC=MONDO:0000871	NT=Jurkat;AC=EFO:0002796	CVCL_0367	Jurkat E6.1	ATCC	14Y	male	NT=European ancestry;AC=HANCESTRO:0005	NT=Roswell Park Memorial Institute 1640 Medium;AC=NCIT:C178973	-20 °C	not available	microfluidics	Jurkat_500nL_1ng_CH1_K4	1	14	Jurkat_500nL_1ng_CH1_K4	proteomic profiling by mass spectrometry	NT=Orbitrap Exploris 480;AC=MS:1003028	label free sample	NT=Trypsin;AC=MS:1001251	NT=Lys-C;AC=MS:1001309	NT=Carbamidomethyl;AC=UNIMOD:4;TA=C;MT=Fixed	Data-dependent acquisition	not available	not available	20 ppm	375m/z-1575m/z	2	4	CellType_500nL_1ng_protease	2023-03-11	1	1	Jurkat_500nL_1ng_CH1_K4.raw	v1.1.0	NT=ms-proteomics;VV=v1.1.0	NT=human;VV=v1.1.0	NT=cell-lines;VV=v1.1.0	NT=single-cell;VV=v1.0.0	NT=Jurkat;AC=EFO:0002796
Jurkat_500nL_1ng_CH2_B3	NT=Homo sapiens;AC=NCBITaxon:9606	NT=blood;AC=UBERON:0000178	NT=T cell;AC=CL:0000084	NT=T-cell childhood acute lymphocytic leukemia;AC=MONDO:0000871	NT=Jurkat;AC=EFO:0002796	CVCL_0367	Jurkat E6.1	ATCC	14Y	male	NT=European ancestry;AC=HANCESTRO:0005	NT=Roswell Park Memorial Institute 1640 Medium;AC=NCIT:C178973	-20 °C	not available	microfluidics	Jurkat_500nL_1ng_CH2_B3	1	15	Jurkat_500nL_1ng_CH2_B3	proteomic profiling by mass spectrometry	NT=Orbitrap Exploris 480;AC=MS:1003028	label free sample	NT=Trypsin;AC=MS:1001251	NT=Lys-C;AC=MS:1001309	NT=Carbamidomethyl;AC=UNIMOD:4;TA=C;MT=Fixed	Data-dependent acquisition	not available	not available	20 ppm	375m/z-1575m/z	2	4	CellType_500nL_1ng_protease	2023-03-12	1	1	Jurkat_500nL_1ng_CH2_B3.raw	v1.1.0	NT=ms-proteomics;VV=v1.1.0	NT=human;VV=v1.1.0	NT=cell-lines;VV=v1.1.0	NT=single-cell;VV=v1.0.0	NT=Jurkat;AC=EFO:0002796
Jurkat_500nL_1ng_CH2_B5	NT=Homo sapiens;AC=NCBITaxon:9606	NT=blood;AC=UBERON:0000178	NT=T cell;AC=CL:0000084	NT=T-cell childhood acute lymphocytic leukemia;AC=MONDO:0000871	NT=Jurkat;AC=EFO:0002796	CVCL_0367	Jurkat E6.1	ATCC	14Y	male	NT=European ancestry;AC=HANCESTRO:0005	NT=Roswell Park Memorial Institute 1640 Medium;AC=NCIT:C178973	-20 °C	not available	microfluidics	Jurkat_500nL_1ng_CH2_B5	1	16	Jurkat_500nL_1ng_CH2_B5	proteomic profiling by mass spectrometry	NT=Orbitrap Exploris 480;AC=MS:1003028	label free sample	NT=Trypsin;AC=MS:1001251	NT=Lys-C;AC=MS:1001309	NT=Carbamidomethyl;AC=UNIMOD:4;TA=C;MT=Fixed	Data-dependent acquisition	not available	not available	20 ppm	375m/z-1575m/z	2	4	CellType_500nL_1ng_protease	2023-03-12	1	1	Jurkat_500nL_1ng_CH2_B5.raw	v1.1.0	NT=ms-proteomics;VV=v1.1.0	NT=human;VV=v1.1.0	NT=cell-lines;VV=v1.1.0	NT=single-cell;VV=v1.0.0	NT=Jurkat;AC=EFO:0002796
Jurkat_500nL_1ng_CH2_C4	NT=Homo sapiens;AC=NCBITaxon:9606	NT=blood;AC=UBERON:0000178	NT=T cell;AC=CL:0000084	NT=T-cell childhood acute lymphocytic leukemia;AC=MONDO:0000871	NT=Jurkat;AC=EFO:0002796	CVCL_0367	Jurkat E6.1	ATCC	14Y	male	NT=European ancestry;AC=HANCESTRO:0005	NT=Roswell Park Memorial Institute 1640 Medium;AC=NCIT:C178973	-20 °C	not available	microfluidics	Jurkat_500nL_1ng_CH2_C4	1	17	Jurkat_500nL_1ng_CH2_C4	proteomic profiling by mass spectrometry	NT=Orbitrap Exploris 480;AC=MS:1003028	label free sample	NT=Trypsin;AC=MS:1001251	NT=Lys-C;AC=MS:1001309	NT=Carbamidomethyl;AC=UNIMOD:4;TA=C;MT=Fixed	Data-dependent acquisition	not available	not available	20 ppm	375m/z-1575m/z	2	4	CellType_500nL_1ng_protease	2023-03-12	1	1	Jurkat_500nL_1ng_CH2_C4.raw	v1.1.0	NT=ms-proteomics;VV=v1.1.0	NT=human;VV=v1.1.0	NT=cell-lines;VV=v1.1.0	NT=single-cell;VV=v1.0.0	NT=Jurkat;AC=EFO:0002796
Jurkat_500nL_1ng_CH2_E4	NT=Homo sapiens;AC=NCBITaxon:9606	NT=blood;AC=UBERON:0000178	NT=T cell;AC=CL:0000084	NT=T-cell childhood acute lymphocytic leukemia;AC=MONDO:0000871	NT=Jurkat;AC=EFO:0002796	CVCL_0367	Jurkat E6.1	ATCC	14Y	male	NT=European ancestry;AC=HANCESTRO:0005	NT=Roswell Park Memorial Institute 1640 Medium;AC=NCIT:C178973	-20 °C	not available	microfluidics	Jurkat_500nL_1ng_CH2_E4	1	18	Jurkat_500nL_1ng_CH2_E4	proteomic profiling by mass spectrometry	NT=Orbitrap Exploris 480;AC=MS:1003028	label free sample	NT=Trypsin;AC=MS:1001251	NT=Lys-C;AC=MS:1001309	NT=Carbamidomethyl;AC=UNIMOD:4;TA=C;MT=Fixed	Data-dependent acquisition	not available	not available	20 ppm	375m/z-1575m/z	2	4	CellType_500nL_1ng_protease	2023-03-12	1	1	Jurkat_500nL_1ng_CH2_E4.raw	v1.1.0	NT=ms-proteomics;VV=v1.1.0	NT=human;VV=v1.1.0	NT=cell-lines;VV=v1.1.0	NT=single-cell;VV=v1.0.0	NT=Jurkat;AC=EFO:0002796
Jurkat_500nL_1ng_CH2_E6	NT=Homo sapiens;AC=NCBITaxon:9606	NT=blood;AC=UBERON:0000178	NT=T cell;AC=CL:0000084	NT=T-cell childhood acute lymphocytic leukemia;AC=MONDO:0000871	NT=Jurkat;AC=EFO:0002796	CVCL_0367	Jurkat E6.1	ATCC	14Y	male	NT=European ancestry;AC=HANCESTRO:0005	NT=Roswell Park Memorial Institute 1640 Medium;AC=NCIT:C178973	-20 °C	not available	microfluidics	Jurkat_500nL_1ng_CH2_E6	1	19	Jurkat_500nL_1ng_CH2_E6	proteomic profiling by mass spectrometry	NT=Orbitrap Exploris 480;AC=MS:1003028	label free sample	NT=Trypsin;AC=MS:1001251	NT=Lys-C;AC=MS:1001309	NT=Carbamidomethyl;AC=UNIMOD:4;TA=C;MT=Fixed	Data-dependent acquisition	not available	not available	20 ppm	375m/z-1575m/z	2	4	CellType_500nL_1ng_protease	not available	1	1	Jurkat_500nL_1ng_CH2_E6.raw	v1.1.0	NT=ms-proteomics;VV=v1.1.0	NT=human;VV=v1.1.0	NT=cell-lines;VV=v1.1.0	NT=single-cell;VV=v1.0.0	NT=Jurkat;AC=EFO:0002796
Jurkat_500nL_1ng_CH2_F2	NT=Homo sapiens;AC=NCBITaxon:9606	NT=blood;AC=UBERON:0000178	NT=T cell;AC=CL:0000084	NT=T-cell childhood acute lymphocytic leukemia;AC=MONDO:0000871	NT=Jurkat;AC=EFO:0002796	CVCL_0367	Jurkat E6.1	ATCC	14Y	male	NT=European ancestry;AC=HANCESTRO:0005	NT=Roswell Park Memorial Institute 1640 Medium;AC=NCIT:C178973	-20 °C	not available	microfluidics	Jurkat_500nL_1ng_CH2_F2	1	20	Jurkat_500nL_1ng_CH2_F2	proteomic profiling by mass spectrometry	NT=Orbitrap Exploris 480;AC=MS:1003028	label free sample	NT=Trypsin;AC=MS:1001251	NT=Lys-C;AC=MS:1001309	NT=Carbamidomethyl;AC=UNIMOD:4;TA=C;MT=Fixed	Data-dependent acquisition	not available	not available	20 ppm	375m/z-1575m/z	2	4	CellType_500nL_1ng_protease	2023-03-11	1	1	Jurkat_500nL_1ng_CH2_F2.raw	v1.1.0	NT=ms-proteomics;VV=v1.1.0	NT=human;VV=v1.1.0	NT=cell-lines;VV=v1.1.0	NT=single-cell;VV=v1.0.0	NT=Jurkat;AC=EFO:0002796
Jurkat_500nL_1ng_CH2_G4	NT=Homo sapiens;AC=NCBITaxon:9606	NT=blood;AC=UBERON:0000178	NT=T cell;AC=CL:0000084	NT=T-cell childhood acute lymphocytic leukemia;AC=MONDO:0000871	NT=Jurkat;AC=EFO:0002796	CVCL_0367	Jurkat E6.1	ATCC	14Y	male	NT=European ancestry;AC=HANCESTRO:0005	NT=Roswell Park Memorial Institute 1640 Medium;AC=NCIT:C178973	-20 °C	not available	microfluidics	Jurkat_500nL_1ng_CH2_G4	1	21	Jurkat_500nL_1ng_CH2_G4	proteomic profiling by mass spectrometry	NT=Orbitrap Exploris 480;AC=MS:1003028	label free sample	NT=Trypsin;AC=MS:1001251	NT=Lys-C;AC=MS:1001309	NT=Carbamidomethyl;AC=UNIMOD:4;TA=C;MT=Fixed	Data-dependent acquisition	not available	not available	20 ppm	375m/z-1575m/z	2	4	CellType_500nL_1ng_protease	2023-03-10	1	1	Jurkat_500nL_1ng_CH2_G4.raw	v1.1.0	NT=ms-proteomics;VV=v1.1.0	NT=human;VV=v1.1.0	NT=cell-lines;VV=v1.1.0	NT=single-cell;VV=v1.0.0	NT=Jurkat;AC=EFO:0002796
Jurkat_500nL_1ng_CH2_G6	NT=Homo sapiens;AC=NCBITaxon:9606	NT=blood;AC=UBERON:0000178	NT=T cell;AC=CL:0000084	NT=T-cell childhood acute lymphocytic leukemia;AC=MONDO:0000871	NT=Jurkat;AC=EFO:0002796	CVCL_0367	Jurkat E6.1	ATCC	14Y	male	NT=European ancestry;AC=HANCESTRO:0005	NT=Roswell Park Memorial Institute 1640 Medium;AC=NCIT:C178973	-20 °C	not available	microfluidics	Jurkat_500nL_1ng_CH2_G6	1	22	Jurkat_500nL_1ng_CH2_G6	proteomic profiling by mass spectrometry	NT=Orbitrap Exploris 480;AC=MS:1003028	label free sample	NT=Trypsin;AC=MS:1001251	NT=Lys-C;AC=MS:1001309	NT=Carbamidomethyl;AC=UNIMOD:4;TA=C;MT=Fixed	Data-dependent acquisition	not available	not available	20 ppm	375m/z-1575m/z	2	4	CellType_500nL_1ng_protease	2023-03-13	1	1	Jurkat_500nL_1ng_CH2_G6.raw	v1.1.0	NT=ms-proteomics;VV=v1.1.0	NT=human;VV=v1.1.0	NT=cell-lines;VV=v1.1.0	NT=single-cell;VV=v1.0.0	NT=Jurkat;AC=EFO:0002796
Jurkat_500nL_1ng_CH2_I6	NT=Homo sapiens;AC=NCBITaxon:9606	NT=blood;AC=UBERON:0000178	NT=T cell;AC=CL:0000084	NT=T-cell childhood acute lymphocytic leukemia;AC=MONDO:0000871	NT=Jurkat;AC=EFO:0002796	CVCL_0367	Jurkat E6.1	ATCC	14Y	male	NT=European ancestry;AC=HANCESTRO:0005	NT=Roswell Park Memorial Institute 1640 Medium;AC=NCIT:C178973	-20 °C	not available	microfluidics	Jurkat_500nL_1ng_CH2_I6	1	23	Jurkat_500nL_1ng_CH2_I6	proteomic profiling by mass spectrometry	NT=Orbitrap Exploris 480;AC=MS:1003028	label free sample	NT=Trypsin;AC=MS:1001251	NT=Lys-C;AC=MS:1001309	NT=Carbamidomethyl;AC=UNIMOD:4;TA=C;MT=Fixed	Data-dependent acquisition	not available	not available	20 ppm	375m/z-1575m/z	2	4	CellType_500nL_1ng_protease	2023-03-11	1	1	Jurkat_500nL_1ng_CH2_I6.raw	v1.1.0	NT=ms-proteomics;VV=v1.1.0	NT=human;VV=v1.1.0	NT=cell-lines;VV=v1.1.0	NT=single-cell;VV=v1.0.0	NT=Jurkat;AC=EFO:0002796
Jurkat_500nL_1ng_CH2_J3	NT=Homo sapiens;AC=NCBITaxon:9606	NT=blood;AC=UBERON:0000178	NT=T cell;AC=CL:0000084	NT=T-cell childhood acute lymphocytic leukemia;AC=MONDO:0000871	NT=Jurkat;AC=EFO:0002796	CVCL_0367	Jurkat E6.1	ATCC	14Y	male	NT=European ancestry;AC=HANCESTRO:0005	NT=Roswell Park Memorial Institute 1640 Medium;AC=NCIT:C178973	-20 °C	not available	microfluidics	Jurkat_500nL_1ng_CH2_J3	1	24	Jurkat_500nL_1ng_CH2_J3	proteomic profiling by mass spectrometry	NT=Orbitrap Exploris 480;AC=MS:1003028	label free sample	NT=Trypsin;AC=MS:1001251	NT=Lys-C;AC=MS:1001309	NT=Carbamidomethyl;AC=UNIMOD:4;TA=C;MT=Fixed	Data-dependent acquisition	not available	not available	20 ppm	375m/z-1575m/z	2	4	CellType_500nL_1ng_protease	2023-03-11	1	1	Jurkat_500nL_1ng_CH2_J3.raw	v1.1.0	NT=ms-proteomics;VV=v1.1.0	NT=human;VV=v1.1.0	NT=cell-lines;VV=v1.1.0	NT=single-cell;VV=v1.0.0	NT=Jurkat;AC=EFO:0002796
Jurkat_500nL_1ng_CH2_J6	NT=Homo sapiens;AC=NCBITaxon:9606	NT=blood;AC=UBERON:0000178	NT=T cell;AC=CL:0000084	NT=T-cell childhood acute lymphocytic leukemia;AC=MONDO:0000871	NT=Jurkat;AC=EFO:0002796	CVCL_0367	Jurkat E6.1	ATCC	14Y	male	NT=European ancestry;AC=HANCESTRO:0005	NT=Roswell Park Memorial Institute 1640 Medium;AC=NCIT:C178973	-20 °C	not available	microfluidics	Jurkat_500nL_1ng_CH2_J6	1	25	Jurkat_500nL_1ng_CH2_J6	proteomic profiling by mass spectrometry	NT=Orbitrap Exploris 480;AC=MS:1003028	label free sample	NT=Trypsin;AC=MS:1001251	NT=Lys-C;AC=MS:1001309	NT=Carbamidomethyl;AC=UNIMOD:4;TA=C;MT=Fixed	Data-dependent acquisition	not available	not available	20 ppm	375m/z-1575m/z	2	4	CellType_500nL_1ng_protease	2023-03-11	1	1	Jurkat_500nL_1ng_CH2_J6.raw	v1.1.0	NT=ms-proteomics;VV=v1.1.0	NT=human;VV=v1.1.0	NT=cell-lines;VV=v1.1.0	NT=single-cell;VV=v1.0.0	NT=Jurkat;AC=EFO:0002796
Jurkat_500nL_1ng_CH2_K6	NT=Homo sapiens;AC=NCBITaxon:9606	NT=blood;AC=UBERON:0000178	NT=T cell;AC=CL:0000084	NT=T-cell childhood acute lymphocytic leukemia;AC=MONDO:0000871	NT=Jurkat;AC=EFO:0002796	CVCL_0367	Jurkat E6.1	ATCC	14Y	male	NT=European ancestry;AC=HANCESTRO:0005	NT=Roswell Park Memorial Institute 1640 Medium;AC=NCIT:C178973	-20 °C	not available	microfluidics	Jurkat_500nL_1ng_CH2_K6	1	26	Jurkat_500nL_1ng_CH2_K6	proteomic profiling by mass spectrometry	NT=Orbitrap Exploris 480;AC=MS:1003028	label free sample	NT=Trypsin;AC=MS:1001251	NT=Lys-C;AC=MS:1001309	NT=Carbamidomethyl;AC=UNIMOD:4;TA=C;MT=Fixed	Data-dependent acquisition	not available	not available	20 ppm	375m/z-1575m/z	2	4	CellType_500nL_1ng_protease	2023-03-13	1	1	Jurkat_500nL_1ng_CH2_K6.raw	v1.1.0	NT=ms-proteomics;VV=v1.1.0	NT=human;VV=v1.1.0	NT=cell-lines;VV=v1.1.0	NT=single-cell;VV=v1.0.0	NT=Jurkat;AC=EFO:0002796
Jurkat_500nL_1ng_CH2_L3	NT=Homo sapiens;AC=NCBITaxon:9606	NT=blood;AC=UBERON:0000178	NT=T cell;AC=CL:0000084	NT=T-cell childhood acute lymphocytic leukemia;AC=MONDO:0000871	NT=Jurkat;AC=EFO:0002796	CVCL_0367	Jurkat E6.1	ATCC	14Y	male	NT=European ancestry;AC=HANCESTRO:0005	NT=Roswell Park Memorial Institute 1640 Medium;AC=NCIT:C178973	-20 °C	not available	microfluidics	Jurkat_500nL_1ng_CH2_L3	1	27	Jurkat_500nL_1ng_CH2_L3	proteomic profiling by mass spectrometry	NT=Orbitrap Exploris 480;AC=MS:1003028	label free sample	NT=Trypsin;AC=MS:1001251	NT=Lys-C;AC=MS:1001309	NT=Carbamidomethyl;AC=UNIMOD:4;TA=C;MT=Fixed	Data-dependent acquisition	not available	not available	20 ppm	375m/z-1575m/z	2	4	CellType_500nL_1ng_protease	2023-03-12	1	1	Jurkat_500nL_1ng_CH2_L3.raw	v1.1.0	NT=ms-proteomics;VV=v1.1.0	NT=human;VV=v1.1.0	NT=cell-lines;VV=v1.1.0	NT=single-cell;VV=v1.0.0	NT=Jurkat;AC=EFO:0002796
Jurkat_500nL_1ng_CH2_L4	NT=Homo sapiens;AC=NCBITaxon:9606	NT=blood;AC=UBERON:0000178	NT=T cell;AC=CL:0000084	NT=T-cell childhood acute lymphocytic leukemia;AC=MONDO:0000871	NT=Jurkat;AC=EFO:0002796	CVCL_0367	Jurkat E6.1	ATCC	14Y	male	NT=European ancestry;AC=HANCESTRO:0005	NT=Roswell Park Memorial Institute 1640 Medium;AC=NCIT:C178973	-20 °C	not available	microfluidics	Jurkat_500nL_1ng_CH2_L4	1	28	Jurkat_500nL_1ng_CH2_L4	proteomic profiling by mass spectrometry	NT=Orbitrap Exploris 480;AC=MS:1003028	label free sample	NT=Trypsin;AC=MS:1001251	NT=Lys-C;AC=MS:1001309	NT=Carbamidomethyl;AC=UNIMOD:4;TA=C;MT=Fixed	Data-dependent acquisition	not available	not available	20 ppm	375m/z-1575m/z	2	4	CellType_500nL_1ng_protease	2023-03-10	1	1	Jurkat_500nL_1ng_CH2_L4.raw	v1.1.0	NT=ms-proteomics;VV=v1.1.0	NT=human;VV=v1.1.0	NT=cell-lines;VV=v1.1.0	NT=single-cell;VV=v1.0.0	NT=Jurkat;AC=EFO:0002796
Jurkat_500nL_1ng_CH2_L5	NT=Homo sapiens;AC=NCBITaxon:9606	NT=blood;AC=UBERON:0000178	NT=T cell;AC=CL:0000084	NT=T-cell childhood acute lymphocytic leukemia;AC=MONDO:0000871	NT=Jurkat;AC=EFO:0002796	CVCL_0367	Jurkat E6.1	ATCC	14Y	male	NT=European ancestry;AC=HANCESTRO:0005	NT=Roswell Park Memorial Institute 1640 Medium;AC=NCIT:C178973	-20 °C	not available	microfluidics	Jurkat_500nL_1ng_CH2_L5	1	29	Jurkat_500nL_1ng_CH2_L5	proteomic profiling by mass spectrometry	NT=Orbitrap Exploris 480;AC=MS:1003028	label free sample	NT=Trypsin;AC=MS:1001251	NT=Lys-C;AC=MS:1001309	NT=Carbamidomethyl;AC=UNIMOD:4;TA=C;MT=Fixed	Data-dependent acquisition	not available	not available	20 ppm	375m/z-1575m/z	2	4	CellType_500nL_1ng_protease	2023-03-11	1	1	Jurkat_500nL_1ng_CH2_L5.raw	v1.1.0	NT=ms-proteomics;VV=v1.1.0	NT=human;VV=v1.1.0	NT=cell-lines;VV=v1.1.0	NT=single-cell;VV=v1.0.0	NT=Jurkat;AC=EFO:0002796
Jurkat_500nL_1ng_CH2_L6	NT=Homo sapiens;AC=NCBITaxon:9606	NT=blood;AC=UBERON:0000178	NT=T cell;AC=CL:0000084	NT=T-cell childhood acute lymphocytic leukemia;AC=MONDO:0000871	NT=Jurkat;AC=EFO:0002796	CVCL_0367	Jurkat E6.1	ATCC	14Y	male	NT=European ancestry;AC=HANCESTRO:0005	NT=Roswell Park Memorial Institute 1640 Medium;AC=NCIT:C178973	-20 °C	not available	microfluidics	Jurkat_500nL_1ng_CH2_L6	1	30	Jurkat_500nL_1ng_CH2_L6	proteomic profiling by mass spectrometry	NT=Orbitrap Exploris 480;AC=MS:1003028	label free sample	NT=Trypsin;AC=MS:1001251	NT=Lys-C;AC=MS:1001309	NT=Carbamidomethyl;AC=UNIMOD:4;TA=C;MT=Fixed	Data-dependent acquisition	not available	not available	20 ppm	375m/z-1575m/z	2	4	CellType_500nL_1ng_protease	2023-03-10	1	1	Jurkat_500nL_1ng_CH2_L6.raw	v1.1.0	NT=ms-proteomics;VV=v1.1.0	NT=human;VV=v1.1.0	NT=cell-lines;VV=v1.1.0	NT=single-cell;VV=v1.0.0	NT=Jurkat;AC=EFO:0002796
QC_HeLa_digest_10ng_BD20	NT=Homo sapiens;AC=NCBITaxon:9606	NT=uterine cervix;AC=UBERON:0000002	NT=epithelial cell;AC=CL:0000066	NT=cervical adenocarcinoma;AC=MONDO:0005153	NT=HeLa;AC=EFO:0001185	CVCL_0030	HeLa	ATCC	30Y6M	female	NT=African American;AC=HANCESTRO:0568	NT=Dulbecco's Modified Eagle Medium;AC=NCIT:C185409	-20 °C	not available	not applicable	not applicable	not applicable	1	QC_10ng_WWA_CH1_BD20_first	proteomic profiling by mass spectrometry	NT=Orbitrap Exploris 480;AC=MS:1003028	label free sample	NT=Trypsin;AC=MS:1001251	NT=Lys-C;AC=MS:1001309	NT=Carbamidomethyl;AC=UNIMOD:4;TA=C;MT=Fixed	Data-dependent acquisition	not available	not available	20 ppm	375m/z-1575m/z	2	4	QC_HeLa_digest_10ng	2023-03-13	1	1	QC_10ng_WWA_CH1_BD20_first.raw	v1.1.0	NT=ms-proteomics;VV=v1.1.0	NT=human;VV=v1.1.0	NT=cell-lines;VV=v1.1.0	NT=single-cell;VV=v1.0.0	NT=HeLa;AC=EFO:0001185
QC_HeLa_digest_10ng_BD20	NT=Homo sapiens;AC=NCBITaxon:9606	NT=uterine cervix;AC=UBERON:0000002	NT=epithelial cell;AC=CL:0000066	NT=cervical adenocarcinoma;AC=MONDO:0005153	NT=HeLa;AC=EFO:0001185	CVCL_0030	HeLa	ATCC	30Y6M	female	NT=African American;AC=HANCESTRO:0568	NT=Dulbecco's Modified Eagle Medium;AC=NCIT:C185409	-20 °C	not available	not applicable	not applicable	not applicable	1	QC_10ng_WWA_CH1_BD20_third	proteomic profiling by mass spectrometry	NT=Orbitrap Exploris 480;AC=MS:1003028	label free sample	NT=Trypsin;AC=MS:1001251	NT=Lys-C;AC=MS:1001309	NT=Carbamidomethyl;AC=UNIMOD:4;TA=C;MT=Fixed	Data-dependent acquisition	not available	not available	20 ppm	375m/z-1575m/z	2	4	QC_HeLa_digest_10ng	2023-03-13	1	3	QC_10ng_WWA_CH1_BD20_third.raw	v1.1.0	NT=ms-proteomics;VV=v1.1.0	NT=human;VV=v1.1.0	NT=cell-lines;VV=v1.1.0	NT=single-cell;VV=v1.0.0	NT=HeLa;AC=EFO:0001185
QC_HeLa_digest_10ng_BD21	NT=Homo sapiens;AC=NCBITaxon:9606	NT=uterine cervix;AC=UBERON:0000002	NT=epithelial cell;AC=CL:0000066	NT=cervical adenocarcinoma;AC=MONDO:0005153	NT=HeLa;AC=EFO:0001185	CVCL_0030	HeLa	ATCC	30Y6M	female	NT=African American;AC=HANCESTRO:0568	NT=Dulbecco's Modified Eagle Medium;AC=NCIT:C185409	-20 °C	not available	not applicable	not applicable	not applicable	1	QC_10ng_WWA_CH1_BD21_second	proteomic profiling by mass spectrometry	NT=Orbitrap Exploris 480;AC=MS:1003028	label free sample	NT=Trypsin;AC=MS:1001251	NT=Lys-C;AC=MS:1001309	NT=Carbamidomethyl;AC=UNIMOD:4;TA=C;MT=Fixed	Data-dependent acquisition	not available	not available	20 ppm	375m/z-1575m/z	2	4	QC_HeLa_digest_10ng	2023-03-14	1	2	QC_10ng_WWA_CH1_BD21_second.raw	v1.1.0	NT=ms-proteomics;VV=v1.1.0	NT=human;VV=v1.1.0	NT=cell-lines;VV=v1.1.0	NT=single-cell;VV=v1.0.0	NT=HeLa;AC=EFO:0001185
QC_HeLa_digest_10ng_BD20	NT=Homo sapiens;AC=NCBITaxon:9606	NT=uterine cervix;AC=UBERON:0000002	NT=epithelial cell;AC=CL:0000066	NT=cervical adenocarcinoma;AC=MONDO:0005153	NT=HeLa;AC=EFO:0001185	CVCL_0030	HeLa	ATCC	30Y6M	female	NT=African American;AC=HANCESTRO:0568	NT=Dulbecco's Modified Eagle Medium;AC=NCIT:C185409	-20 °C	not available	not applicable	not applicable	not applicable	1	QC_10ng_WWA_CH2_BD20_second	proteomic profiling by mass spectrometry	NT=Orbitrap Exploris 480;AC=MS:1003028	label free sample	NT=Trypsin;AC=MS:1001251	NT=Lys-C;AC=MS:1001309	NT=Carbamidomethyl;AC=UNIMOD:4;TA=C;MT=Fixed	Data-dependent acquisition	not available	not available	20 ppm	375m/z-1575m/z	2	4	QC_HeLa_digest_10ng	2023-03-13	1	2	QC_10ng_WWA_CH2_BD20_second.raw	v1.1.0	NT=ms-proteomics;VV=v1.1.0	NT=human;VV=v1.1.0	NT=cell-lines;VV=v1.1.0	NT=single-cell;VV=v1.0.0	NT=HeLa;AC=EFO:0001185
QC_HeLa_digest_10ng_BD21	NT=Homo sapiens;AC=NCBITaxon:9606	NT=uterine cervix;AC=UBERON:0000002	NT=epithelial cell;AC=CL:0000066	NT=cervical adenocarcinoma;AC=MONDO:0005153	NT=HeLa;AC=EFO:0001185	CVCL_0030	HeLa	ATCC	30Y6M	female	NT=African American;AC=HANCESTRO:0568	NT=Dulbecco's Modified Eagle Medium;AC=NCIT:C185409	-20 °C	not available	not applicable	not applicable	not applicable	1	QC_10ng_WWA_CH2_BD21_first	proteomic profiling by mass spectrometry	NT=Orbitrap Exploris 480;AC=MS:1003028	label free sample	NT=Trypsin;AC=MS:1001251	NT=Lys-C;AC=MS:1001309	NT=Carbamidomethyl;AC=UNIMOD:4;TA=C;MT=Fixed	Data-dependent acquisition	not available	not available	20 ppm	375m/z-1575m/z	2	4	QC_HeLa_digest_10ng	2023-03-14	1	1	QC_10ng_WWA_CH2_BD21_first.raw	v1.1.0	NT=ms-proteomics;VV=v1.1.0	NT=human;VV=v1.1.0	NT=cell-lines;VV=v1.1.0	NT=single-cell;VV=v1.0.0	NT=HeLa;AC=EFO:0001185
QC_HeLa_digest_10ng_BD21	NT=Homo sapiens;AC=NCBITaxon:9606	NT=uterine cervix;AC=UBERON:0000002	NT=epithelial cell;AC=CL:0000066	NT=cervical adenocarcinoma;AC=MONDO:0005153	NT=HeLa;AC=EFO:0001185	CVCL_0030	HeLa	ATCC	30Y6M	female	NT=African American;AC=HANCESTRO:0568	NT=Dulbecco's Modified Eagle Medium;AC=NCIT:C185409	-20 °C	not available	not applicable	not applicable	not applicable	1	QC_10ng_WWA_CH2_BD21_third	proteomic profiling by mass spectrometry	NT=Orbitrap Exploris 480;AC=MS:1003028	label free sample	NT=Trypsin;AC=MS:1001251	NT=Lys-C;AC=MS:1001309	NT=Carbamidomethyl;AC=UNIMOD:4;TA=C;MT=Fixed	Data-dependent acquisition	not available	not available	20 ppm	375m/z-1575m/z	2	4	QC_HeLa_digest_10ng	2023-03-14	1	3	QC_10ng_WWA_CH2_BD21_third.raw	v1.1.0	NT=ms-proteomics;VV=v1.1.0	NT=human;VV=v1.1.0	NT=cell-lines;VV=v1.1.0	NT=single-cell;VV=v1.0.0	NT=HeLa;AC=EFO:0001185
QC_HeLa_digest_50ng_BA22	NT=Homo sapiens;AC=NCBITaxon:9606	NT=uterine cervix;AC=UBERON:0000002	NT=epithelial cell;AC=CL:0000066	NT=cervical adenocarcinoma;AC=MONDO:0005153	NT=HeLa;AC=EFO:0001185	CVCL_0030	HeLa	ATCC	30Y6M	female	NT=African American;AC=HANCESTRO:0568	NT=Dulbecco's Modified Eagle Medium;AC=NCIT:C185409	-20 °C	not available	not applicable	not applicable	not applicable	1	QC_50ng_WWA_CH1_BA22_second	proteomic profiling by mass spectrometry	NT=Orbitrap Exploris 480;AC=MS:1003028	label free sample	NT=Trypsin;AC=MS:1001251	NT=Lys-C;AC=MS:1001309	NT=Carbamidomethyl;AC=UNIMOD:4;TA=C;MT=Fixed	Data-dependent acquisition	not available	not available	20 ppm	375m/z-1575m/z	2	4	QC_HeLa_digest_50ng	2023-03-09	1	2	QC_50ng_WWA_CH1_BA22_second.raw	v1.1.0	NT=ms-proteomics;VV=v1.1.0	NT=human;VV=v1.1.0	NT=cell-lines;VV=v1.1.0	NT=single-cell;VV=v1.0.0	NT=HeLa;AC=EFO:0001185
QC_HeLa_digest_50ng_BA22	NT=Homo sapiens;AC=NCBITaxon:9606	NT=uterine cervix;AC=UBERON:0000002	NT=epithelial cell;AC=CL:0000066	NT=cervical adenocarcinoma;AC=MONDO:0005153	NT=HeLa;AC=EFO:0001185	CVCL_0030	HeLa	ATCC	30Y6M	female	NT=African American;AC=HANCESTRO:0568	NT=Dulbecco's Modified Eagle Medium;AC=NCIT:C185409	-20 °C	not available	not applicable	not applicable	not applicable	1	QC_50ng_WWA_CH1_BA22_third	proteomic profiling by mass spectrometry	NT=Orbitrap Exploris 480;AC=MS:1003028	label free sample	NT=Trypsin;AC=MS:1001251	NT=Lys-C;AC=MS:1001309	NT=Carbamidomethyl;AC=UNIMOD:4;TA=C;MT=Fixed	Data-dependent acquisition	not available	not available	20 ppm	375m/z-1575m/z	2	4	QC_HeLa_digest_50ng	2023-03-09	1	3	QC_50ng_WWA_CH1_BA22_third.raw	v1.1.0	NT=ms-proteomics;VV=v1.1.0	NT=human;VV=v1.1.0	NT=cell-lines;VV=v1.1.0	NT=single-cell;VV=v1.0.0	NT=HeLa;AC=EFO:0001185
QC_HeLa_digest_50ng_BA23	NT=Homo sapiens;AC=NCBITaxon:9606	NT=uterine cervix;AC=UBERON:0000002	NT=epithelial cell;AC=CL:0000066	NT=cervical adenocarcinoma;AC=MONDO:0005153	NT=HeLa;AC=EFO:0001185	CVCL_0030	HeLa	ATCC	30Y6M	female	NT=African American;AC=HANCESTRO:0568	NT=Dulbecco's Modified Eagle Medium;AC=NCIT:C185409	-20 °C	not available	not applicable	not applicable	not applicable	1	QC_50ng_WWA_CH1_BA23_second	proteomic profiling by mass spectrometry	NT=Orbitrap Exploris 480;AC=MS:1003028	label free sample	NT=Trypsin;AC=MS:1001251	NT=Lys-C;AC=MS:1001309	NT=Carbamidomethyl;AC=UNIMOD:4;TA=C;MT=Fixed	Data-dependent acquisition	not available	not available	20 ppm	375m/z-1575m/z	2	4	QC_HeLa_digest_50ng	2023-03-09	1	2	QC_50ng_WWA_CH1_BA23_second.raw	v1.1.0	NT=ms-proteomics;VV=v1.1.0	NT=human;VV=v1.1.0	NT=cell-lines;VV=v1.1.0	NT=single-cell;VV=v1.0.0	NT=HeLa;AC=EFO:0001185
QC_HeLa_digest_50ng_BA22	NT=Homo sapiens;AC=NCBITaxon:9606	NT=uterine cervix;AC=UBERON:0000002	NT=epithelial cell;AC=CL:0000066	NT=cervical adenocarcinoma;AC=MONDO:0005153	NT=HeLa;AC=EFO:0001185	CVCL_0030	HeLa	ATCC	30Y6M	female	NT=African American;AC=HANCESTRO:0568	NT=Dulbecco's Modified Eagle Medium;AC=NCIT:C185409	-20 °C	not available	not applicable	not applicable	not applicable	1	QC_50ng_WWA_CH2_BA22_first	proteomic profiling by mass spectrometry	NT=Orbitrap Exploris 480;AC=MS:1003028	label free sample	NT=Trypsin;AC=MS:1001251	NT=Lys-C;AC=MS:1001309	NT=Carbamidomethyl;AC=UNIMOD:4;TA=C;MT=Fixed	Data-dependent acquisition	not available	not available	20 ppm	375m/z-1575m/z	2	4	QC_HeLa_digest_50ng	2023-03-09	1	1	QC_50ng_WWA_CH2_BA22_first.raw	v1.1.0	NT=ms-proteomics;VV=v1.1.0	NT=human;VV=v1.1.0	NT=cell-lines;VV=v1.1.0	NT=single-cell;VV=v1.0.0	NT=HeLa;AC=EFO:0001185
QC_HeLa_digest_50ng_BA23	NT=Homo sapiens;AC=NCBITaxon:9606	NT=uterine cervix;AC=UBERON:0000002	NT=epithelial cell;AC=CL:0000066	NT=cervical adenocarcinoma;AC=MONDO:0005153	NT=HeLa;AC=EFO:0001185	CVCL_0030	HeLa	ATCC	30Y6M	female	NT=African American;AC=HANCESTRO:0568	NT=Dulbecco's Modified Eagle Medium;AC=NCIT:C185409	-20 °C	not available	not applicable	not applicable	not applicable	1	QC_50ng_WWA_CH2_BA23_first	proteomic profiling by mass spectrometry	NT=Orbitrap Exploris 480;AC=MS:1003028	label free sample	NT=Trypsin;AC=MS:1001251	NT=Lys-C;AC=MS:1001309	NT=Carbamidomethyl;AC=UNIMOD:4;TA=C;MT=Fixed	Data-dependent acquisition	not available	not available	20 ppm	375m/z-1575m/z	2	4	QC_HeLa_digest_50ng	2023-03-09	1	1	QC_50ng_WWA_CH2_BA23_first.raw	v1.1.0	NT=ms-proteomics;VV=v1.1.0	NT=human;VV=v1.1.0	NT=cell-lines;VV=v1.1.0	NT=single-cell;VV=v1.0.0	NT=HeLa;AC=EFO:0001185
QC_HeLa_digest_50ng_BA23	NT=Homo sapiens;AC=NCBITaxon:9606	NT=uterine cervix;AC=UBERON:0000002	NT=epithelial cell;AC=CL:0000066	NT=cervical adenocarcinoma;AC=MONDO:0005153	NT=HeLa;AC=EFO:0001185	CVCL_0030	HeLa	ATCC	30Y6M	female	NT=African American;AC=HANCESTRO:0568	NT=Dulbecco's Modified Eagle Medium;AC=NCIT:C185409	-20 °C	not available	not applicable	not applicable	not applicable	1	QC_50ng_WWA_CH2_BA23_third	proteomic profiling by mass spectrometry	NT=Orbitrap Exploris 480;AC=MS:1003028	label free sample	NT=Trypsin;AC=MS:1001251	NT=Lys-C;AC=MS:1001309	NT=Carbamidomethyl;AC=UNIMOD:4;TA=C;MT=Fixed	Data-dependent acquisition	not available	not available	20 ppm	375m/z-1575m/z	2	4	QC_HeLa_digest_50ng	2023-03-09	1	3	QC_50ng_WWA_CH2_BA23_third.raw	v1.1.0	NT=ms-proteomics;VV=v1.1.0	NT=human;VV=v1.1.0	NT=cell-lines;VV=v1.1.0	NT=single-cell;VV=v1.0.0	NT=HeLa;AC=EFO:0001185
