source name	characteristics[organism]	characteristics[organism part]	characteristics[cell type]	characteristics[disease]	characteristics[cell line]	characteristics[cellosaurus accession]	characteristics[cellosaurus name]	characteristics[age]	characteristics[sex]	characteristics[culture medium]	characteristics[phenotype]	characteristics[sample type]	characteristics[single cell isolation protocol]	characteristics[cell identifier]	characteristics[cells per well]	characteristics[biological replicate]	assay name	technology type	comment[instrument]	comment[label]	comment[modification parameters]	comment[modification parameters]	comment[cleavage agent details]	comment[dissociation method]	comment[proteomics data acquisition method]	comment[fraction identifier]	comment[technical replicate]	comment[data file]	comment[sdrf version]	comment[sdrf template]	comment[sdrf template]	comment[sdrf template]	comment[sdrf template]	comment[sdrf template]	factor value[cell line]	factor value[phenotype]
20230406_PNAC1_single_cells_TGFb_D3_1	NT=Homo sapiens;AC=NCBITaxon:9606	NT=pancreas;AC=UBERON:0001264	NT=epithelial cell;AC=CL:0000066	NT=pancreatic ductal adenocarcinoma;AC=MONDO:0005184	NT=PANC-1;AC=CLO:0008381	CVCL_0480	PANC-1	56Y	male	NT=Dulbecco's Modified Eagle Medium;AC=NCIT:C185409	TGF-beta1-induced epithelial-mesenchymal transition (day 3)	NT=single cell;AC=PRIDE:0000897	manual picking	20230406_PNAC1_single_cells_TGFb_D3_1	1	1	run 1	proteomic profiling by mass spectrometry	NT=Q Exactive HF-X;AC=MS:1002877	NT=label free sample;AC=MS:1002038	NT=Carbamidomethyl;AC=UNIMOD:4;TA=C;MT=Fixed	NT=Oxidation;AC=UNIMOD:35;TA=M;MT=Variable	NT=Trypsin;AC=MS:1001251	not applicable	Data-independent acquisition	1	1	20230406_PNAC1_single_cells_TGFb_D3_1.raw	v1.1.0	NT=ms-proteomics;VV=v1.1.0	NT=human;VV=v1.1.0	NT=cell-lines;VV=v1.1.0	NT=single-cell;VV=v1.0.0	NT=clinical-metadata;VV=v1.0.0	NT=PANC-1;AC=CLO:0008381	TGF-beta1-induced epithelial-mesenchymal transition (day 3)
20230406_PNAC1_single_cells_TGFb_D3_10	NT=Homo sapiens;AC=NCBITaxon:9606	NT=pancreas;AC=UBERON:0001264	NT=epithelial cell;AC=CL:0000066	NT=pancreatic ductal adenocarcinoma;AC=MONDO:0005184	NT=PANC-1;AC=CLO:0008381	CVCL_0480	PANC-1	56Y	male	NT=Dulbecco's Modified Eagle Medium;AC=NCIT:C185409	TGF-beta1-induced epithelial-mesenchymal transition (day 3)	NT=single cell;AC=PRIDE:0000897	manual picking	20230406_PNAC1_single_cells_TGFb_D3_10	1	10	run 2	proteomic profiling by mass spectrometry	NT=Q Exactive HF-X;AC=MS:1002877	NT=label free sample;AC=MS:1002038	NT=Carbamidomethyl;AC=UNIMOD:4;TA=C;MT=Fixed	NT=Oxidation;AC=UNIMOD:35;TA=M;MT=Variable	NT=Trypsin;AC=MS:1001251	not applicable	Data-independent acquisition	1	1	20230406_PNAC1_single_cells_TGFb_D3_10.raw	v1.1.0	NT=ms-proteomics;VV=v1.1.0	NT=human;VV=v1.1.0	NT=cell-lines;VV=v1.1.0	NT=single-cell;VV=v1.0.0	NT=clinical-metadata;VV=v1.0.0	NT=PANC-1;AC=CLO:0008381	TGF-beta1-induced epithelial-mesenchymal transition (day 3)
20230406_PNAC1_single_cells_TGFb_D3_11	NT=Homo sapiens;AC=NCBITaxon:9606	NT=pancreas;AC=UBERON:0001264	NT=epithelial cell;AC=CL:0000066	NT=pancreatic ductal adenocarcinoma;AC=MONDO:0005184	NT=PANC-1;AC=CLO:0008381	CVCL_0480	PANC-1	56Y	male	NT=Dulbecco's Modified Eagle Medium;AC=NCIT:C185409	TGF-beta1-induced epithelial-mesenchymal transition (day 3)	NT=single cell;AC=PRIDE:0000897	manual picking	20230406_PNAC1_single_cells_TGFb_D3_11	1	11	run 3	proteomic profiling by mass spectrometry	NT=Q Exactive HF-X;AC=MS:1002877	NT=label free sample;AC=MS:1002038	NT=Carbamidomethyl;AC=UNIMOD:4;TA=C;MT=Fixed	NT=Oxidation;AC=UNIMOD:35;TA=M;MT=Variable	NT=Trypsin;AC=MS:1001251	not applicable	Data-independent acquisition	1	1	20230406_PNAC1_single_cells_TGFb_D3_11.raw	v1.1.0	NT=ms-proteomics;VV=v1.1.0	NT=human;VV=v1.1.0	NT=cell-lines;VV=v1.1.0	NT=single-cell;VV=v1.0.0	NT=clinical-metadata;VV=v1.0.0	NT=PANC-1;AC=CLO:0008381	TGF-beta1-induced epithelial-mesenchymal transition (day 3)
20230406_PNAC1_single_cells_TGFb_D3_12	NT=Homo sapiens;AC=NCBITaxon:9606	NT=pancreas;AC=UBERON:0001264	NT=epithelial cell;AC=CL:0000066	NT=pancreatic ductal adenocarcinoma;AC=MONDO:0005184	NT=PANC-1;AC=CLO:0008381	CVCL_0480	PANC-1	56Y	male	NT=Dulbecco's Modified Eagle Medium;AC=NCIT:C185409	TGF-beta1-induced epithelial-mesenchymal transition (day 3)	NT=single cell;AC=PRIDE:0000897	manual picking	20230406_PNAC1_single_cells_TGFb_D3_12	1	12	run 4	proteomic profiling by mass spectrometry	NT=Q Exactive HF-X;AC=MS:1002877	NT=label free sample;AC=MS:1002038	NT=Carbamidomethyl;AC=UNIMOD:4;TA=C;MT=Fixed	NT=Oxidation;AC=UNIMOD:35;TA=M;MT=Variable	NT=Trypsin;AC=MS:1001251	not applicable	Data-independent acquisition	1	1	20230406_PNAC1_single_cells_TGFb_D3_12.raw	v1.1.0	NT=ms-proteomics;VV=v1.1.0	NT=human;VV=v1.1.0	NT=cell-lines;VV=v1.1.0	NT=single-cell;VV=v1.0.0	NT=clinical-metadata;VV=v1.0.0	NT=PANC-1;AC=CLO:0008381	TGF-beta1-induced epithelial-mesenchymal transition (day 3)
20230406_PNAC1_single_cells_TGFb_D3_13	NT=Homo sapiens;AC=NCBITaxon:9606	NT=pancreas;AC=UBERON:0001264	NT=epithelial cell;AC=CL:0000066	NT=pancreatic ductal adenocarcinoma;AC=MONDO:0005184	NT=PANC-1;AC=CLO:0008381	CVCL_0480	PANC-1	56Y	male	NT=Dulbecco's Modified Eagle Medium;AC=NCIT:C185409	TGF-beta1-induced epithelial-mesenchymal transition (day 3)	NT=single cell;AC=PRIDE:0000897	manual picking	20230406_PNAC1_single_cells_TGFb_D3_13	1	13	run 5	proteomic profiling by mass spectrometry	NT=Q Exactive HF-X;AC=MS:1002877	NT=label free sample;AC=MS:1002038	NT=Carbamidomethyl;AC=UNIMOD:4;TA=C;MT=Fixed	NT=Oxidation;AC=UNIMOD:35;TA=M;MT=Variable	NT=Trypsin;AC=MS:1001251	not applicable	Data-independent acquisition	1	1	20230406_PNAC1_single_cells_TGFb_D3_13.raw	v1.1.0	NT=ms-proteomics;VV=v1.1.0	NT=human;VV=v1.1.0	NT=cell-lines;VV=v1.1.0	NT=single-cell;VV=v1.0.0	NT=clinical-metadata;VV=v1.0.0	NT=PANC-1;AC=CLO:0008381	TGF-beta1-induced epithelial-mesenchymal transition (day 3)
20230406_PNAC1_single_cells_TGFb_D3_14	NT=Homo sapiens;AC=NCBITaxon:9606	NT=pancreas;AC=UBERON:0001264	NT=epithelial cell;AC=CL:0000066	NT=pancreatic ductal adenocarcinoma;AC=MONDO:0005184	NT=PANC-1;AC=CLO:0008381	CVCL_0480	PANC-1	56Y	male	NT=Dulbecco's Modified Eagle Medium;AC=NCIT:C185409	TGF-beta1-induced epithelial-mesenchymal transition (day 3)	NT=single cell;AC=PRIDE:0000897	manual picking	20230406_PNAC1_single_cells_TGFb_D3_14	1	14	run 6	proteomic profiling by mass spectrometry	NT=Q Exactive HF-X;AC=MS:1002877	NT=label free sample;AC=MS:1002038	NT=Carbamidomethyl;AC=UNIMOD:4;TA=C;MT=Fixed	NT=Oxidation;AC=UNIMOD:35;TA=M;MT=Variable	NT=Trypsin;AC=MS:1001251	not applicable	Data-independent acquisition	1	1	20230406_PNAC1_single_cells_TGFb_D3_14.raw	v1.1.0	NT=ms-proteomics;VV=v1.1.0	NT=human;VV=v1.1.0	NT=cell-lines;VV=v1.1.0	NT=single-cell;VV=v1.0.0	NT=clinical-metadata;VV=v1.0.0	NT=PANC-1;AC=CLO:0008381	TGF-beta1-induced epithelial-mesenchymal transition (day 3)
20230406_PNAC1_single_cells_TGFb_D3_15	NT=Homo sapiens;AC=NCBITaxon:9606	NT=pancreas;AC=UBERON:0001264	NT=epithelial cell;AC=CL:0000066	NT=pancreatic ductal adenocarcinoma;AC=MONDO:0005184	NT=PANC-1;AC=CLO:0008381	CVCL_0480	PANC-1	56Y	male	NT=Dulbecco's Modified Eagle Medium;AC=NCIT:C185409	TGF-beta1-induced epithelial-mesenchymal transition (day 3)	NT=single cell;AC=PRIDE:0000897	manual picking	20230406_PNAC1_single_cells_TGFb_D3_15	1	15	run 7	proteomic profiling by mass spectrometry	NT=Q Exactive HF-X;AC=MS:1002877	NT=label free sample;AC=MS:1002038	NT=Carbamidomethyl;AC=UNIMOD:4;TA=C;MT=Fixed	NT=Oxidation;AC=UNIMOD:35;TA=M;MT=Variable	NT=Trypsin;AC=MS:1001251	not applicable	Data-independent acquisition	1	1	20230406_PNAC1_single_cells_TGFb_D3_15.raw	v1.1.0	NT=ms-proteomics;VV=v1.1.0	NT=human;VV=v1.1.0	NT=cell-lines;VV=v1.1.0	NT=single-cell;VV=v1.0.0	NT=clinical-metadata;VV=v1.0.0	NT=PANC-1;AC=CLO:0008381	TGF-beta1-induced epithelial-mesenchymal transition (day 3)
20230406_PNAC1_single_cells_TGFb_D3_16	NT=Homo sapiens;AC=NCBITaxon:9606	NT=pancreas;AC=UBERON:0001264	NT=epithelial cell;AC=CL:0000066	NT=pancreatic ductal adenocarcinoma;AC=MONDO:0005184	NT=PANC-1;AC=CLO:0008381	CVCL_0480	PANC-1	56Y	male	NT=Dulbecco's Modified Eagle Medium;AC=NCIT:C185409	TGF-beta1-induced epithelial-mesenchymal transition (day 3)	NT=single cell;AC=PRIDE:0000897	manual picking	20230406_PNAC1_single_cells_TGFb_D3_16	1	16	run 8	proteomic profiling by mass spectrometry	NT=Q Exactive HF-X;AC=MS:1002877	NT=label free sample;AC=MS:1002038	NT=Carbamidomethyl;AC=UNIMOD:4;TA=C;MT=Fixed	NT=Oxidation;AC=UNIMOD:35;TA=M;MT=Variable	NT=Trypsin;AC=MS:1001251	not applicable	Data-independent acquisition	1	1	20230406_PNAC1_single_cells_TGFb_D3_16.raw	v1.1.0	NT=ms-proteomics;VV=v1.1.0	NT=human;VV=v1.1.0	NT=cell-lines;VV=v1.1.0	NT=single-cell;VV=v1.0.0	NT=clinical-metadata;VV=v1.0.0	NT=PANC-1;AC=CLO:0008381	TGF-beta1-induced epithelial-mesenchymal transition (day 3)
20230406_PNAC1_single_cells_TGFb_D3_17	NT=Homo sapiens;AC=NCBITaxon:9606	NT=pancreas;AC=UBERON:0001264	NT=epithelial cell;AC=CL:0000066	NT=pancreatic ductal adenocarcinoma;AC=MONDO:0005184	NT=PANC-1;AC=CLO:0008381	CVCL_0480	PANC-1	56Y	male	NT=Dulbecco's Modified Eagle Medium;AC=NCIT:C185409	TGF-beta1-induced epithelial-mesenchymal transition (day 3)	NT=single cell;AC=PRIDE:0000897	manual picking	20230406_PNAC1_single_cells_TGFb_D3_17	1	17	run 9	proteomic profiling by mass spectrometry	NT=Q Exactive HF-X;AC=MS:1002877	NT=label free sample;AC=MS:1002038	NT=Carbamidomethyl;AC=UNIMOD:4;TA=C;MT=Fixed	NT=Oxidation;AC=UNIMOD:35;TA=M;MT=Variable	NT=Trypsin;AC=MS:1001251	not applicable	Data-independent acquisition	1	1	20230406_PNAC1_single_cells_TGFb_D3_17.raw	v1.1.0	NT=ms-proteomics;VV=v1.1.0	NT=human;VV=v1.1.0	NT=cell-lines;VV=v1.1.0	NT=single-cell;VV=v1.0.0	NT=clinical-metadata;VV=v1.0.0	NT=PANC-1;AC=CLO:0008381	TGF-beta1-induced epithelial-mesenchymal transition (day 3)
20230406_PNAC1_single_cells_TGFb_D3_18	NT=Homo sapiens;AC=NCBITaxon:9606	NT=pancreas;AC=UBERON:0001264	NT=epithelial cell;AC=CL:0000066	NT=pancreatic ductal adenocarcinoma;AC=MONDO:0005184	NT=PANC-1;AC=CLO:0008381	CVCL_0480	PANC-1	56Y	male	NT=Dulbecco's Modified Eagle Medium;AC=NCIT:C185409	TGF-beta1-induced epithelial-mesenchymal transition (day 3)	NT=single cell;AC=PRIDE:0000897	manual picking	20230406_PNAC1_single_cells_TGFb_D3_18	1	18	run 10	proteomic profiling by mass spectrometry	NT=Q Exactive HF-X;AC=MS:1002877	NT=label free sample;AC=MS:1002038	NT=Carbamidomethyl;AC=UNIMOD:4;TA=C;MT=Fixed	NT=Oxidation;AC=UNIMOD:35;TA=M;MT=Variable	NT=Trypsin;AC=MS:1001251	not applicable	Data-independent acquisition	1	1	20230406_PNAC1_single_cells_TGFb_D3_18.raw	v1.1.0	NT=ms-proteomics;VV=v1.1.0	NT=human;VV=v1.1.0	NT=cell-lines;VV=v1.1.0	NT=single-cell;VV=v1.0.0	NT=clinical-metadata;VV=v1.0.0	NT=PANC-1;AC=CLO:0008381	TGF-beta1-induced epithelial-mesenchymal transition (day 3)
20230406_PNAC1_single_cells_TGFb_D3_19	NT=Homo sapiens;AC=NCBITaxon:9606	NT=pancreas;AC=UBERON:0001264	NT=epithelial cell;AC=CL:0000066	NT=pancreatic ductal adenocarcinoma;AC=MONDO:0005184	NT=PANC-1;AC=CLO:0008381	CVCL_0480	PANC-1	56Y	male	NT=Dulbecco's Modified Eagle Medium;AC=NCIT:C185409	TGF-beta1-induced epithelial-mesenchymal transition (day 3)	NT=single cell;AC=PRIDE:0000897	manual picking	20230406_PNAC1_single_cells_TGFb_D3_19	1	19	run 11	proteomic profiling by mass spectrometry	NT=Q Exactive HF-X;AC=MS:1002877	NT=label free sample;AC=MS:1002038	NT=Carbamidomethyl;AC=UNIMOD:4;TA=C;MT=Fixed	NT=Oxidation;AC=UNIMOD:35;TA=M;MT=Variable	NT=Trypsin;AC=MS:1001251	not applicable	Data-independent acquisition	1	1	20230406_PNAC1_single_cells_TGFb_D3_19.raw	v1.1.0	NT=ms-proteomics;VV=v1.1.0	NT=human;VV=v1.1.0	NT=cell-lines;VV=v1.1.0	NT=single-cell;VV=v1.0.0	NT=clinical-metadata;VV=v1.0.0	NT=PANC-1;AC=CLO:0008381	TGF-beta1-induced epithelial-mesenchymal transition (day 3)
20230406_PNAC1_single_cells_TGFb_D3_2	NT=Homo sapiens;AC=NCBITaxon:9606	NT=pancreas;AC=UBERON:0001264	NT=epithelial cell;AC=CL:0000066	NT=pancreatic ductal adenocarcinoma;AC=MONDO:0005184	NT=PANC-1;AC=CLO:0008381	CVCL_0480	PANC-1	56Y	male	NT=Dulbecco's Modified Eagle Medium;AC=NCIT:C185409	TGF-beta1-induced epithelial-mesenchymal transition (day 3)	NT=single cell;AC=PRIDE:0000897	manual picking	20230406_PNAC1_single_cells_TGFb_D3_2	1	2	run 12	proteomic profiling by mass spectrometry	NT=Q Exactive HF-X;AC=MS:1002877	NT=label free sample;AC=MS:1002038	NT=Carbamidomethyl;AC=UNIMOD:4;TA=C;MT=Fixed	NT=Oxidation;AC=UNIMOD:35;TA=M;MT=Variable	NT=Trypsin;AC=MS:1001251	not applicable	Data-independent acquisition	1	1	20230406_PNAC1_single_cells_TGFb_D3_2.raw	v1.1.0	NT=ms-proteomics;VV=v1.1.0	NT=human;VV=v1.1.0	NT=cell-lines;VV=v1.1.0	NT=single-cell;VV=v1.0.0	NT=clinical-metadata;VV=v1.0.0	NT=PANC-1;AC=CLO:0008381	TGF-beta1-induced epithelial-mesenchymal transition (day 3)
20230406_PNAC1_single_cells_TGFb_D3_20	NT=Homo sapiens;AC=NCBITaxon:9606	NT=pancreas;AC=UBERON:0001264	NT=epithelial cell;AC=CL:0000066	NT=pancreatic ductal adenocarcinoma;AC=MONDO:0005184	NT=PANC-1;AC=CLO:0008381	CVCL_0480	PANC-1	56Y	male	NT=Dulbecco's Modified Eagle Medium;AC=NCIT:C185409	TGF-beta1-induced epithelial-mesenchymal transition (day 3)	NT=single cell;AC=PRIDE:0000897	manual picking	20230406_PNAC1_single_cells_TGFb_D3_20	1	20	run 13	proteomic profiling by mass spectrometry	NT=Q Exactive HF-X;AC=MS:1002877	NT=label free sample;AC=MS:1002038	NT=Carbamidomethyl;AC=UNIMOD:4;TA=C;MT=Fixed	NT=Oxidation;AC=UNIMOD:35;TA=M;MT=Variable	NT=Trypsin;AC=MS:1001251	not applicable	Data-independent acquisition	1	1	20230406_PNAC1_single_cells_TGFb_D3_20.raw	v1.1.0	NT=ms-proteomics;VV=v1.1.0	NT=human;VV=v1.1.0	NT=cell-lines;VV=v1.1.0	NT=single-cell;VV=v1.0.0	NT=clinical-metadata;VV=v1.0.0	NT=PANC-1;AC=CLO:0008381	TGF-beta1-induced epithelial-mesenchymal transition (day 3)
20230406_PNAC1_single_cells_TGFb_D3_21	NT=Homo sapiens;AC=NCBITaxon:9606	NT=pancreas;AC=UBERON:0001264	NT=epithelial cell;AC=CL:0000066	NT=pancreatic ductal adenocarcinoma;AC=MONDO:0005184	NT=PANC-1;AC=CLO:0008381	CVCL_0480	PANC-1	56Y	male	NT=Dulbecco's Modified Eagle Medium;AC=NCIT:C185409	TGF-beta1-induced epithelial-mesenchymal transition (day 3)	NT=single cell;AC=PRIDE:0000897	manual picking	20230406_PNAC1_single_cells_TGFb_D3_21	1	21	run 14	proteomic profiling by mass spectrometry	NT=Q Exactive HF-X;AC=MS:1002877	NT=label free sample;AC=MS:1002038	NT=Carbamidomethyl;AC=UNIMOD:4;TA=C;MT=Fixed	NT=Oxidation;AC=UNIMOD:35;TA=M;MT=Variable	NT=Trypsin;AC=MS:1001251	not applicable	Data-independent acquisition	1	1	20230406_PNAC1_single_cells_TGFb_D3_21.raw	v1.1.0	NT=ms-proteomics;VV=v1.1.0	NT=human;VV=v1.1.0	NT=cell-lines;VV=v1.1.0	NT=single-cell;VV=v1.0.0	NT=clinical-metadata;VV=v1.0.0	NT=PANC-1;AC=CLO:0008381	TGF-beta1-induced epithelial-mesenchymal transition (day 3)
20230406_PNAC1_single_cells_TGFb_D3_22	NT=Homo sapiens;AC=NCBITaxon:9606	NT=pancreas;AC=UBERON:0001264	NT=epithelial cell;AC=CL:0000066	NT=pancreatic ductal adenocarcinoma;AC=MONDO:0005184	NT=PANC-1;AC=CLO:0008381	CVCL_0480	PANC-1	56Y	male	NT=Dulbecco's Modified Eagle Medium;AC=NCIT:C185409	TGF-beta1-induced epithelial-mesenchymal transition (day 3)	NT=single cell;AC=PRIDE:0000897	manual picking	20230406_PNAC1_single_cells_TGFb_D3_22	1	22	run 15	proteomic profiling by mass spectrometry	NT=Q Exactive HF-X;AC=MS:1002877	NT=label free sample;AC=MS:1002038	NT=Carbamidomethyl;AC=UNIMOD:4;TA=C;MT=Fixed	NT=Oxidation;AC=UNIMOD:35;TA=M;MT=Variable	NT=Trypsin;AC=MS:1001251	not applicable	Data-independent acquisition	1	1	20230406_PNAC1_single_cells_TGFb_D3_22.raw	v1.1.0	NT=ms-proteomics;VV=v1.1.0	NT=human;VV=v1.1.0	NT=cell-lines;VV=v1.1.0	NT=single-cell;VV=v1.0.0	NT=clinical-metadata;VV=v1.0.0	NT=PANC-1;AC=CLO:0008381	TGF-beta1-induced epithelial-mesenchymal transition (day 3)
20230406_PNAC1_single_cells_TGFb_D3_23	NT=Homo sapiens;AC=NCBITaxon:9606	NT=pancreas;AC=UBERON:0001264	NT=epithelial cell;AC=CL:0000066	NT=pancreatic ductal adenocarcinoma;AC=MONDO:0005184	NT=PANC-1;AC=CLO:0008381	CVCL_0480	PANC-1	56Y	male	NT=Dulbecco's Modified Eagle Medium;AC=NCIT:C185409	TGF-beta1-induced epithelial-mesenchymal transition (day 3)	NT=single cell;AC=PRIDE:0000897	manual picking	20230406_PNAC1_single_cells_TGFb_D3_23	1	23	run 16	proteomic profiling by mass spectrometry	NT=Q Exactive HF-X;AC=MS:1002877	NT=label free sample;AC=MS:1002038	NT=Carbamidomethyl;AC=UNIMOD:4;TA=C;MT=Fixed	NT=Oxidation;AC=UNIMOD:35;TA=M;MT=Variable	NT=Trypsin;AC=MS:1001251	not applicable	Data-independent acquisition	1	1	20230406_PNAC1_single_cells_TGFb_D3_23.raw	v1.1.0	NT=ms-proteomics;VV=v1.1.0	NT=human;VV=v1.1.0	NT=cell-lines;VV=v1.1.0	NT=single-cell;VV=v1.0.0	NT=clinical-metadata;VV=v1.0.0	NT=PANC-1;AC=CLO:0008381	TGF-beta1-induced epithelial-mesenchymal transition (day 3)
20230406_PNAC1_single_cells_TGFb_D3_24	NT=Homo sapiens;AC=NCBITaxon:9606	NT=pancreas;AC=UBERON:0001264	NT=epithelial cell;AC=CL:0000066	NT=pancreatic ductal adenocarcinoma;AC=MONDO:0005184	NT=PANC-1;AC=CLO:0008381	CVCL_0480	PANC-1	56Y	male	NT=Dulbecco's Modified Eagle Medium;AC=NCIT:C185409	TGF-beta1-induced epithelial-mesenchymal transition (day 3)	NT=single cell;AC=PRIDE:0000897	manual picking	20230406_PNAC1_single_cells_TGFb_D3_24	1	24	run 17	proteomic profiling by mass spectrometry	NT=Q Exactive HF-X;AC=MS:1002877	NT=label free sample;AC=MS:1002038	NT=Carbamidomethyl;AC=UNIMOD:4;TA=C;MT=Fixed	NT=Oxidation;AC=UNIMOD:35;TA=M;MT=Variable	NT=Trypsin;AC=MS:1001251	not applicable	Data-independent acquisition	1	1	20230406_PNAC1_single_cells_TGFb_D3_24.raw	v1.1.0	NT=ms-proteomics;VV=v1.1.0	NT=human;VV=v1.1.0	NT=cell-lines;VV=v1.1.0	NT=single-cell;VV=v1.0.0	NT=clinical-metadata;VV=v1.0.0	NT=PANC-1;AC=CLO:0008381	TGF-beta1-induced epithelial-mesenchymal transition (day 3)
20230406_PNAC1_single_cells_TGFb_D3_25	NT=Homo sapiens;AC=NCBITaxon:9606	NT=pancreas;AC=UBERON:0001264	NT=epithelial cell;AC=CL:0000066	NT=pancreatic ductal adenocarcinoma;AC=MONDO:0005184	NT=PANC-1;AC=CLO:0008381	CVCL_0480	PANC-1	56Y	male	NT=Dulbecco's Modified Eagle Medium;AC=NCIT:C185409	TGF-beta1-induced epithelial-mesenchymal transition (day 3)	NT=single cell;AC=PRIDE:0000897	manual picking	20230406_PNAC1_single_cells_TGFb_D3_25	1	25	run 18	proteomic profiling by mass spectrometry	NT=Q Exactive HF-X;AC=MS:1002877	NT=label free sample;AC=MS:1002038	NT=Carbamidomethyl;AC=UNIMOD:4;TA=C;MT=Fixed	NT=Oxidation;AC=UNIMOD:35;TA=M;MT=Variable	NT=Trypsin;AC=MS:1001251	not applicable	Data-independent acquisition	1	1	20230406_PNAC1_single_cells_TGFb_D3_25.raw	v1.1.0	NT=ms-proteomics;VV=v1.1.0	NT=human;VV=v1.1.0	NT=cell-lines;VV=v1.1.0	NT=single-cell;VV=v1.0.0	NT=clinical-metadata;VV=v1.0.0	NT=PANC-1;AC=CLO:0008381	TGF-beta1-induced epithelial-mesenchymal transition (day 3)
20230406_PNAC1_single_cells_TGFb_D3_3	NT=Homo sapiens;AC=NCBITaxon:9606	NT=pancreas;AC=UBERON:0001264	NT=epithelial cell;AC=CL:0000066	NT=pancreatic ductal adenocarcinoma;AC=MONDO:0005184	NT=PANC-1;AC=CLO:0008381	CVCL_0480	PANC-1	56Y	male	NT=Dulbecco's Modified Eagle Medium;AC=NCIT:C185409	TGF-beta1-induced epithelial-mesenchymal transition (day 3)	NT=single cell;AC=PRIDE:0000897	manual picking	20230406_PNAC1_single_cells_TGFb_D3_3	1	3	run 19	proteomic profiling by mass spectrometry	NT=Q Exactive HF-X;AC=MS:1002877	NT=label free sample;AC=MS:1002038	NT=Carbamidomethyl;AC=UNIMOD:4;TA=C;MT=Fixed	NT=Oxidation;AC=UNIMOD:35;TA=M;MT=Variable	NT=Trypsin;AC=MS:1001251	not applicable	Data-independent acquisition	1	1	20230406_PNAC1_single_cells_TGFb_D3_3.raw	v1.1.0	NT=ms-proteomics;VV=v1.1.0	NT=human;VV=v1.1.0	NT=cell-lines;VV=v1.1.0	NT=single-cell;VV=v1.0.0	NT=clinical-metadata;VV=v1.0.0	NT=PANC-1;AC=CLO:0008381	TGF-beta1-induced epithelial-mesenchymal transition (day 3)
20230406_PNAC1_single_cells_TGFb_D3_4	NT=Homo sapiens;AC=NCBITaxon:9606	NT=pancreas;AC=UBERON:0001264	NT=epithelial cell;AC=CL:0000066	NT=pancreatic ductal adenocarcinoma;AC=MONDO:0005184	NT=PANC-1;AC=CLO:0008381	CVCL_0480	PANC-1	56Y	male	NT=Dulbecco's Modified Eagle Medium;AC=NCIT:C185409	TGF-beta1-induced epithelial-mesenchymal transition (day 3)	NT=single cell;AC=PRIDE:0000897	manual picking	20230406_PNAC1_single_cells_TGFb_D3_4	1	4	run 20	proteomic profiling by mass spectrometry	NT=Q Exactive HF-X;AC=MS:1002877	NT=label free sample;AC=MS:1002038	NT=Carbamidomethyl;AC=UNIMOD:4;TA=C;MT=Fixed	NT=Oxidation;AC=UNIMOD:35;TA=M;MT=Variable	NT=Trypsin;AC=MS:1001251	not applicable	Data-independent acquisition	1	1	20230406_PNAC1_single_cells_TGFb_D3_4.raw	v1.1.0	NT=ms-proteomics;VV=v1.1.0	NT=human;VV=v1.1.0	NT=cell-lines;VV=v1.1.0	NT=single-cell;VV=v1.0.0	NT=clinical-metadata;VV=v1.0.0	NT=PANC-1;AC=CLO:0008381	TGF-beta1-induced epithelial-mesenchymal transition (day 3)
20230406_PNAC1_single_cells_TGFb_D3_5	NT=Homo sapiens;AC=NCBITaxon:9606	NT=pancreas;AC=UBERON:0001264	NT=epithelial cell;AC=CL:0000066	NT=pancreatic ductal adenocarcinoma;AC=MONDO:0005184	NT=PANC-1;AC=CLO:0008381	CVCL_0480	PANC-1	56Y	male	NT=Dulbecco's Modified Eagle Medium;AC=NCIT:C185409	TGF-beta1-induced epithelial-mesenchymal transition (day 3)	NT=single cell;AC=PRIDE:0000897	manual picking	20230406_PNAC1_single_cells_TGFb_D3_5	1	5	run 21	proteomic profiling by mass spectrometry	NT=Q Exactive HF-X;AC=MS:1002877	NT=label free sample;AC=MS:1002038	NT=Carbamidomethyl;AC=UNIMOD:4;TA=C;MT=Fixed	NT=Oxidation;AC=UNIMOD:35;TA=M;MT=Variable	NT=Trypsin;AC=MS:1001251	not applicable	Data-independent acquisition	1	1	20230406_PNAC1_single_cells_TGFb_D3_5.raw	v1.1.0	NT=ms-proteomics;VV=v1.1.0	NT=human;VV=v1.1.0	NT=cell-lines;VV=v1.1.0	NT=single-cell;VV=v1.0.0	NT=clinical-metadata;VV=v1.0.0	NT=PANC-1;AC=CLO:0008381	TGF-beta1-induced epithelial-mesenchymal transition (day 3)
20230406_PNAC1_single_cells_TGFb_D3_6	NT=Homo sapiens;AC=NCBITaxon:9606	NT=pancreas;AC=UBERON:0001264	NT=epithelial cell;AC=CL:0000066	NT=pancreatic ductal adenocarcinoma;AC=MONDO:0005184	NT=PANC-1;AC=CLO:0008381	CVCL_0480	PANC-1	56Y	male	NT=Dulbecco's Modified Eagle Medium;AC=NCIT:C185409	TGF-beta1-induced epithelial-mesenchymal transition (day 3)	NT=single cell;AC=PRIDE:0000897	manual picking	20230406_PNAC1_single_cells_TGFb_D3_6	1	6	run 22	proteomic profiling by mass spectrometry	NT=Q Exactive HF-X;AC=MS:1002877	NT=label free sample;AC=MS:1002038	NT=Carbamidomethyl;AC=UNIMOD:4;TA=C;MT=Fixed	NT=Oxidation;AC=UNIMOD:35;TA=M;MT=Variable	NT=Trypsin;AC=MS:1001251	not applicable	Data-independent acquisition	1	1	20230406_PNAC1_single_cells_TGFb_D3_6.raw	v1.1.0	NT=ms-proteomics;VV=v1.1.0	NT=human;VV=v1.1.0	NT=cell-lines;VV=v1.1.0	NT=single-cell;VV=v1.0.0	NT=clinical-metadata;VV=v1.0.0	NT=PANC-1;AC=CLO:0008381	TGF-beta1-induced epithelial-mesenchymal transition (day 3)
20230406_PNAC1_single_cells_TGFb_D3_7	NT=Homo sapiens;AC=NCBITaxon:9606	NT=pancreas;AC=UBERON:0001264	NT=epithelial cell;AC=CL:0000066	NT=pancreatic ductal adenocarcinoma;AC=MONDO:0005184	NT=PANC-1;AC=CLO:0008381	CVCL_0480	PANC-1	56Y	male	NT=Dulbecco's Modified Eagle Medium;AC=NCIT:C185409	TGF-beta1-induced epithelial-mesenchymal transition (day 3)	NT=single cell;AC=PRIDE:0000897	manual picking	20230406_PNAC1_single_cells_TGFb_D3_7	1	7	run 23	proteomic profiling by mass spectrometry	NT=Q Exactive HF-X;AC=MS:1002877	NT=label free sample;AC=MS:1002038	NT=Carbamidomethyl;AC=UNIMOD:4;TA=C;MT=Fixed	NT=Oxidation;AC=UNIMOD:35;TA=M;MT=Variable	NT=Trypsin;AC=MS:1001251	not applicable	Data-independent acquisition	1	1	20230406_PNAC1_single_cells_TGFb_D3_7.raw	v1.1.0	NT=ms-proteomics;VV=v1.1.0	NT=human;VV=v1.1.0	NT=cell-lines;VV=v1.1.0	NT=single-cell;VV=v1.0.0	NT=clinical-metadata;VV=v1.0.0	NT=PANC-1;AC=CLO:0008381	TGF-beta1-induced epithelial-mesenchymal transition (day 3)
20230406_PNAC1_single_cells_TGFb_D3_8	NT=Homo sapiens;AC=NCBITaxon:9606	NT=pancreas;AC=UBERON:0001264	NT=epithelial cell;AC=CL:0000066	NT=pancreatic ductal adenocarcinoma;AC=MONDO:0005184	NT=PANC-1;AC=CLO:0008381	CVCL_0480	PANC-1	56Y	male	NT=Dulbecco's Modified Eagle Medium;AC=NCIT:C185409	TGF-beta1-induced epithelial-mesenchymal transition (day 3)	NT=single cell;AC=PRIDE:0000897	manual picking	20230406_PNAC1_single_cells_TGFb_D3_8	1	8	run 24	proteomic profiling by mass spectrometry	NT=Q Exactive HF-X;AC=MS:1002877	NT=label free sample;AC=MS:1002038	NT=Carbamidomethyl;AC=UNIMOD:4;TA=C;MT=Fixed	NT=Oxidation;AC=UNIMOD:35;TA=M;MT=Variable	NT=Trypsin;AC=MS:1001251	not applicable	Data-independent acquisition	1	1	20230406_PNAC1_single_cells_TGFb_D3_8.raw	v1.1.0	NT=ms-proteomics;VV=v1.1.0	NT=human;VV=v1.1.0	NT=cell-lines;VV=v1.1.0	NT=single-cell;VV=v1.0.0	NT=clinical-metadata;VV=v1.0.0	NT=PANC-1;AC=CLO:0008381	TGF-beta1-induced epithelial-mesenchymal transition (day 3)
20230406_PNAC1_single_cells_TGFb_D3_9	NT=Homo sapiens;AC=NCBITaxon:9606	NT=pancreas;AC=UBERON:0001264	NT=epithelial cell;AC=CL:0000066	NT=pancreatic ductal adenocarcinoma;AC=MONDO:0005184	NT=PANC-1;AC=CLO:0008381	CVCL_0480	PANC-1	56Y	male	NT=Dulbecco's Modified Eagle Medium;AC=NCIT:C185409	TGF-beta1-induced epithelial-mesenchymal transition (day 3)	NT=single cell;AC=PRIDE:0000897	manual picking	20230406_PNAC1_single_cells_TGFb_D3_9	1	9	run 25	proteomic profiling by mass spectrometry	NT=Q Exactive HF-X;AC=MS:1002877	NT=label free sample;AC=MS:1002038	NT=Carbamidomethyl;AC=UNIMOD:4;TA=C;MT=Fixed	NT=Oxidation;AC=UNIMOD:35;TA=M;MT=Variable	NT=Trypsin;AC=MS:1001251	not applicable	Data-independent acquisition	1	1	20230406_PNAC1_single_cells_TGFb_D3_9.raw	v1.1.0	NT=ms-proteomics;VV=v1.1.0	NT=human;VV=v1.1.0	NT=cell-lines;VV=v1.1.0	NT=single-cell;VV=v1.0.0	NT=clinical-metadata;VV=v1.0.0	NT=PANC-1;AC=CLO:0008381	TGF-beta1-induced epithelial-mesenchymal transition (day 3)
20230406_PNAC1_single_cells_TGFb_D7_1	NT=Homo sapiens;AC=NCBITaxon:9606	NT=pancreas;AC=UBERON:0001264	NT=epithelial cell;AC=CL:0000066	NT=pancreatic ductal adenocarcinoma;AC=MONDO:0005184	NT=PANC-1;AC=CLO:0008381	CVCL_0480	PANC-1	56Y	male	NT=Dulbecco's Modified Eagle Medium;AC=NCIT:C185409	epithelial-mesenchymal transition reversal (day 7, TGF-beta1 withdrawn after day 3)	NT=single cell;AC=PRIDE:0000897	manual picking	20230406_PNAC1_single_cells_TGFb_D7_1	1	1	run 26	proteomic profiling by mass spectrometry	NT=Q Exactive HF-X;AC=MS:1002877	NT=label free sample;AC=MS:1002038	NT=Carbamidomethyl;AC=UNIMOD:4;TA=C;MT=Fixed	NT=Oxidation;AC=UNIMOD:35;TA=M;MT=Variable	NT=Trypsin;AC=MS:1001251	not applicable	Data-independent acquisition	1	1	20230406_PNAC1_single_cells_TGFb_D7_1.raw	v1.1.0	NT=ms-proteomics;VV=v1.1.0	NT=human;VV=v1.1.0	NT=cell-lines;VV=v1.1.0	NT=single-cell;VV=v1.0.0	NT=clinical-metadata;VV=v1.0.0	NT=PANC-1;AC=CLO:0008381	epithelial-mesenchymal transition reversal (day 7, TGF-beta1 withdrawn after day 3)
20230406_PNAC1_single_cells_TGFb_D7_10	NT=Homo sapiens;AC=NCBITaxon:9606	NT=pancreas;AC=UBERON:0001264	NT=epithelial cell;AC=CL:0000066	NT=pancreatic ductal adenocarcinoma;AC=MONDO:0005184	NT=PANC-1;AC=CLO:0008381	CVCL_0480	PANC-1	56Y	male	NT=Dulbecco's Modified Eagle Medium;AC=NCIT:C185409	epithelial-mesenchymal transition reversal (day 7, TGF-beta1 withdrawn after day 3)	NT=single cell;AC=PRIDE:0000897	manual picking	20230406_PNAC1_single_cells_TGFb_D7_10	1	10	run 27	proteomic profiling by mass spectrometry	NT=Q Exactive HF-X;AC=MS:1002877	NT=label free sample;AC=MS:1002038	NT=Carbamidomethyl;AC=UNIMOD:4;TA=C;MT=Fixed	NT=Oxidation;AC=UNIMOD:35;TA=M;MT=Variable	NT=Trypsin;AC=MS:1001251	not applicable	Data-independent acquisition	1	1	20230406_PNAC1_single_cells_TGFb_D7_10.raw	v1.1.0	NT=ms-proteomics;VV=v1.1.0	NT=human;VV=v1.1.0	NT=cell-lines;VV=v1.1.0	NT=single-cell;VV=v1.0.0	NT=clinical-metadata;VV=v1.0.0	NT=PANC-1;AC=CLO:0008381	epithelial-mesenchymal transition reversal (day 7, TGF-beta1 withdrawn after day 3)
20230406_PNAC1_single_cells_TGFb_D7_11	NT=Homo sapiens;AC=NCBITaxon:9606	NT=pancreas;AC=UBERON:0001264	NT=epithelial cell;AC=CL:0000066	NT=pancreatic ductal adenocarcinoma;AC=MONDO:0005184	NT=PANC-1;AC=CLO:0008381	CVCL_0480	PANC-1	56Y	male	NT=Dulbecco's Modified Eagle Medium;AC=NCIT:C185409	epithelial-mesenchymal transition reversal (day 7, TGF-beta1 withdrawn after day 3)	NT=single cell;AC=PRIDE:0000897	manual picking	20230406_PNAC1_single_cells_TGFb_D7_11	1	11	run 28	proteomic profiling by mass spectrometry	NT=Q Exactive HF-X;AC=MS:1002877	NT=label free sample;AC=MS:1002038	NT=Carbamidomethyl;AC=UNIMOD:4;TA=C;MT=Fixed	NT=Oxidation;AC=UNIMOD:35;TA=M;MT=Variable	NT=Trypsin;AC=MS:1001251	not applicable	Data-independent acquisition	1	1	20230406_PNAC1_single_cells_TGFb_D7_11.raw	v1.1.0	NT=ms-proteomics;VV=v1.1.0	NT=human;VV=v1.1.0	NT=cell-lines;VV=v1.1.0	NT=single-cell;VV=v1.0.0	NT=clinical-metadata;VV=v1.0.0	NT=PANC-1;AC=CLO:0008381	epithelial-mesenchymal transition reversal (day 7, TGF-beta1 withdrawn after day 3)
20230406_PNAC1_single_cells_TGFb_D7_12	NT=Homo sapiens;AC=NCBITaxon:9606	NT=pancreas;AC=UBERON:0001264	NT=epithelial cell;AC=CL:0000066	NT=pancreatic ductal adenocarcinoma;AC=MONDO:0005184	NT=PANC-1;AC=CLO:0008381	CVCL_0480	PANC-1	56Y	male	NT=Dulbecco's Modified Eagle Medium;AC=NCIT:C185409	epithelial-mesenchymal transition reversal (day 7, TGF-beta1 withdrawn after day 3)	NT=single cell;AC=PRIDE:0000897	manual picking	20230406_PNAC1_single_cells_TGFb_D7_12	1	12	run 29	proteomic profiling by mass spectrometry	NT=Q Exactive HF-X;AC=MS:1002877	NT=label free sample;AC=MS:1002038	NT=Carbamidomethyl;AC=UNIMOD:4;TA=C;MT=Fixed	NT=Oxidation;AC=UNIMOD:35;TA=M;MT=Variable	NT=Trypsin;AC=MS:1001251	not applicable	Data-independent acquisition	1	1	20230406_PNAC1_single_cells_TGFb_D7_12.raw	v1.1.0	NT=ms-proteomics;VV=v1.1.0	NT=human;VV=v1.1.0	NT=cell-lines;VV=v1.1.0	NT=single-cell;VV=v1.0.0	NT=clinical-metadata;VV=v1.0.0	NT=PANC-1;AC=CLO:0008381	epithelial-mesenchymal transition reversal (day 7, TGF-beta1 withdrawn after day 3)
20230406_PNAC1_single_cells_TGFb_D7_13	NT=Homo sapiens;AC=NCBITaxon:9606	NT=pancreas;AC=UBERON:0001264	NT=epithelial cell;AC=CL:0000066	NT=pancreatic ductal adenocarcinoma;AC=MONDO:0005184	NT=PANC-1;AC=CLO:0008381	CVCL_0480	PANC-1	56Y	male	NT=Dulbecco's Modified Eagle Medium;AC=NCIT:C185409	epithelial-mesenchymal transition reversal (day 7, TGF-beta1 withdrawn after day 3)	NT=single cell;AC=PRIDE:0000897	manual picking	20230406_PNAC1_single_cells_TGFb_D7_13	1	13	run 30	proteomic profiling by mass spectrometry	NT=Q Exactive HF-X;AC=MS:1002877	NT=label free sample;AC=MS:1002038	NT=Carbamidomethyl;AC=UNIMOD:4;TA=C;MT=Fixed	NT=Oxidation;AC=UNIMOD:35;TA=M;MT=Variable	NT=Trypsin;AC=MS:1001251	not applicable	Data-independent acquisition	1	1	20230406_PNAC1_single_cells_TGFb_D7_13.raw	v1.1.0	NT=ms-proteomics;VV=v1.1.0	NT=human;VV=v1.1.0	NT=cell-lines;VV=v1.1.0	NT=single-cell;VV=v1.0.0	NT=clinical-metadata;VV=v1.0.0	NT=PANC-1;AC=CLO:0008381	epithelial-mesenchymal transition reversal (day 7, TGF-beta1 withdrawn after day 3)
20230406_PNAC1_single_cells_TGFb_D7_14	NT=Homo sapiens;AC=NCBITaxon:9606	NT=pancreas;AC=UBERON:0001264	NT=epithelial cell;AC=CL:0000066	NT=pancreatic ductal adenocarcinoma;AC=MONDO:0005184	NT=PANC-1;AC=CLO:0008381	CVCL_0480	PANC-1	56Y	male	NT=Dulbecco's Modified Eagle Medium;AC=NCIT:C185409	epithelial-mesenchymal transition reversal (day 7, TGF-beta1 withdrawn after day 3)	NT=single cell;AC=PRIDE:0000897	manual picking	20230406_PNAC1_single_cells_TGFb_D7_14	1	14	run 31	proteomic profiling by mass spectrometry	NT=Q Exactive HF-X;AC=MS:1002877	NT=label free sample;AC=MS:1002038	NT=Carbamidomethyl;AC=UNIMOD:4;TA=C;MT=Fixed	NT=Oxidation;AC=UNIMOD:35;TA=M;MT=Variable	NT=Trypsin;AC=MS:1001251	not applicable	Data-independent acquisition	1	1	20230406_PNAC1_single_cells_TGFb_D7_14.raw	v1.1.0	NT=ms-proteomics;VV=v1.1.0	NT=human;VV=v1.1.0	NT=cell-lines;VV=v1.1.0	NT=single-cell;VV=v1.0.0	NT=clinical-metadata;VV=v1.0.0	NT=PANC-1;AC=CLO:0008381	epithelial-mesenchymal transition reversal (day 7, TGF-beta1 withdrawn after day 3)
20230406_PNAC1_single_cells_TGFb_D7_15	NT=Homo sapiens;AC=NCBITaxon:9606	NT=pancreas;AC=UBERON:0001264	NT=epithelial cell;AC=CL:0000066	NT=pancreatic ductal adenocarcinoma;AC=MONDO:0005184	NT=PANC-1;AC=CLO:0008381	CVCL_0480	PANC-1	56Y	male	NT=Dulbecco's Modified Eagle Medium;AC=NCIT:C185409	epithelial-mesenchymal transition reversal (day 7, TGF-beta1 withdrawn after day 3)	NT=single cell;AC=PRIDE:0000897	manual picking	20230406_PNAC1_single_cells_TGFb_D7_15	1	15	run 32	proteomic profiling by mass spectrometry	NT=Q Exactive HF-X;AC=MS:1002877	NT=label free sample;AC=MS:1002038	NT=Carbamidomethyl;AC=UNIMOD:4;TA=C;MT=Fixed	NT=Oxidation;AC=UNIMOD:35;TA=M;MT=Variable	NT=Trypsin;AC=MS:1001251	not applicable	Data-independent acquisition	1	1	20230406_PNAC1_single_cells_TGFb_D7_15.raw	v1.1.0	NT=ms-proteomics;VV=v1.1.0	NT=human;VV=v1.1.0	NT=cell-lines;VV=v1.1.0	NT=single-cell;VV=v1.0.0	NT=clinical-metadata;VV=v1.0.0	NT=PANC-1;AC=CLO:0008381	epithelial-mesenchymal transition reversal (day 7, TGF-beta1 withdrawn after day 3)
20230406_PNAC1_single_cells_TGFb_D7_16	NT=Homo sapiens;AC=NCBITaxon:9606	NT=pancreas;AC=UBERON:0001264	NT=epithelial cell;AC=CL:0000066	NT=pancreatic ductal adenocarcinoma;AC=MONDO:0005184	NT=PANC-1;AC=CLO:0008381	CVCL_0480	PANC-1	56Y	male	NT=Dulbecco's Modified Eagle Medium;AC=NCIT:C185409	epithelial-mesenchymal transition reversal (day 7, TGF-beta1 withdrawn after day 3)	NT=single cell;AC=PRIDE:0000897	manual picking	20230406_PNAC1_single_cells_TGFb_D7_16	1	16	run 33	proteomic profiling by mass spectrometry	NT=Q Exactive HF-X;AC=MS:1002877	NT=label free sample;AC=MS:1002038	NT=Carbamidomethyl;AC=UNIMOD:4;TA=C;MT=Fixed	NT=Oxidation;AC=UNIMOD:35;TA=M;MT=Variable	NT=Trypsin;AC=MS:1001251	not applicable	Data-independent acquisition	1	1	20230406_PNAC1_single_cells_TGFb_D7_16.raw	v1.1.0	NT=ms-proteomics;VV=v1.1.0	NT=human;VV=v1.1.0	NT=cell-lines;VV=v1.1.0	NT=single-cell;VV=v1.0.0	NT=clinical-metadata;VV=v1.0.0	NT=PANC-1;AC=CLO:0008381	epithelial-mesenchymal transition reversal (day 7, TGF-beta1 withdrawn after day 3)
20230406_PNAC1_single_cells_TGFb_D7_17	NT=Homo sapiens;AC=NCBITaxon:9606	NT=pancreas;AC=UBERON:0001264	NT=epithelial cell;AC=CL:0000066	NT=pancreatic ductal adenocarcinoma;AC=MONDO:0005184	NT=PANC-1;AC=CLO:0008381	CVCL_0480	PANC-1	56Y	male	NT=Dulbecco's Modified Eagle Medium;AC=NCIT:C185409	epithelial-mesenchymal transition reversal (day 7, TGF-beta1 withdrawn after day 3)	NT=single cell;AC=PRIDE:0000897	manual picking	20230406_PNAC1_single_cells_TGFb_D7_17	1	17	run 34	proteomic profiling by mass spectrometry	NT=Q Exactive HF-X;AC=MS:1002877	NT=label free sample;AC=MS:1002038	NT=Carbamidomethyl;AC=UNIMOD:4;TA=C;MT=Fixed	NT=Oxidation;AC=UNIMOD:35;TA=M;MT=Variable	NT=Trypsin;AC=MS:1001251	not applicable	Data-independent acquisition	1	1	20230406_PNAC1_single_cells_TGFb_D7_17.raw	v1.1.0	NT=ms-proteomics;VV=v1.1.0	NT=human;VV=v1.1.0	NT=cell-lines;VV=v1.1.0	NT=single-cell;VV=v1.0.0	NT=clinical-metadata;VV=v1.0.0	NT=PANC-1;AC=CLO:0008381	epithelial-mesenchymal transition reversal (day 7, TGF-beta1 withdrawn after day 3)
20230406_PNAC1_single_cells_TGFb_D7_18	NT=Homo sapiens;AC=NCBITaxon:9606	NT=pancreas;AC=UBERON:0001264	NT=epithelial cell;AC=CL:0000066	NT=pancreatic ductal adenocarcinoma;AC=MONDO:0005184	NT=PANC-1;AC=CLO:0008381	CVCL_0480	PANC-1	56Y	male	NT=Dulbecco's Modified Eagle Medium;AC=NCIT:C185409	epithelial-mesenchymal transition reversal (day 7, TGF-beta1 withdrawn after day 3)	NT=single cell;AC=PRIDE:0000897	manual picking	20230406_PNAC1_single_cells_TGFb_D7_18	1	18	run 35	proteomic profiling by mass spectrometry	NT=Q Exactive HF-X;AC=MS:1002877	NT=label free sample;AC=MS:1002038	NT=Carbamidomethyl;AC=UNIMOD:4;TA=C;MT=Fixed	NT=Oxidation;AC=UNIMOD:35;TA=M;MT=Variable	NT=Trypsin;AC=MS:1001251	not applicable	Data-independent acquisition	1	1	20230406_PNAC1_single_cells_TGFb_D7_18.raw	v1.1.0	NT=ms-proteomics;VV=v1.1.0	NT=human;VV=v1.1.0	NT=cell-lines;VV=v1.1.0	NT=single-cell;VV=v1.0.0	NT=clinical-metadata;VV=v1.0.0	NT=PANC-1;AC=CLO:0008381	epithelial-mesenchymal transition reversal (day 7, TGF-beta1 withdrawn after day 3)
20230406_PNAC1_single_cells_TGFb_D7_19	NT=Homo sapiens;AC=NCBITaxon:9606	NT=pancreas;AC=UBERON:0001264	NT=epithelial cell;AC=CL:0000066	NT=pancreatic ductal adenocarcinoma;AC=MONDO:0005184	NT=PANC-1;AC=CLO:0008381	CVCL_0480	PANC-1	56Y	male	NT=Dulbecco's Modified Eagle Medium;AC=NCIT:C185409	epithelial-mesenchymal transition reversal (day 7, TGF-beta1 withdrawn after day 3)	NT=single cell;AC=PRIDE:0000897	manual picking	20230406_PNAC1_single_cells_TGFb_D7_19	1	19	run 36	proteomic profiling by mass spectrometry	NT=Q Exactive HF-X;AC=MS:1002877	NT=label free sample;AC=MS:1002038	NT=Carbamidomethyl;AC=UNIMOD:4;TA=C;MT=Fixed	NT=Oxidation;AC=UNIMOD:35;TA=M;MT=Variable	NT=Trypsin;AC=MS:1001251	not applicable	Data-independent acquisition	1	1	20230406_PNAC1_single_cells_TGFb_D7_19.raw	v1.1.0	NT=ms-proteomics;VV=v1.1.0	NT=human;VV=v1.1.0	NT=cell-lines;VV=v1.1.0	NT=single-cell;VV=v1.0.0	NT=clinical-metadata;VV=v1.0.0	NT=PANC-1;AC=CLO:0008381	epithelial-mesenchymal transition reversal (day 7, TGF-beta1 withdrawn after day 3)
20230406_PNAC1_single_cells_TGFb_D7_2	NT=Homo sapiens;AC=NCBITaxon:9606	NT=pancreas;AC=UBERON:0001264	NT=epithelial cell;AC=CL:0000066	NT=pancreatic ductal adenocarcinoma;AC=MONDO:0005184	NT=PANC-1;AC=CLO:0008381	CVCL_0480	PANC-1	56Y	male	NT=Dulbecco's Modified Eagle Medium;AC=NCIT:C185409	epithelial-mesenchymal transition reversal (day 7, TGF-beta1 withdrawn after day 3)	NT=single cell;AC=PRIDE:0000897	manual picking	20230406_PNAC1_single_cells_TGFb_D7_2	1	2	run 37	proteomic profiling by mass spectrometry	NT=Q Exactive HF-X;AC=MS:1002877	NT=label free sample;AC=MS:1002038	NT=Carbamidomethyl;AC=UNIMOD:4;TA=C;MT=Fixed	NT=Oxidation;AC=UNIMOD:35;TA=M;MT=Variable	NT=Trypsin;AC=MS:1001251	not applicable	Data-independent acquisition	1	1	20230406_PNAC1_single_cells_TGFb_D7_2.raw	v1.1.0	NT=ms-proteomics;VV=v1.1.0	NT=human;VV=v1.1.0	NT=cell-lines;VV=v1.1.0	NT=single-cell;VV=v1.0.0	NT=clinical-metadata;VV=v1.0.0	NT=PANC-1;AC=CLO:0008381	epithelial-mesenchymal transition reversal (day 7, TGF-beta1 withdrawn after day 3)
20230406_PNAC1_single_cells_TGFb_D7_20	NT=Homo sapiens;AC=NCBITaxon:9606	NT=pancreas;AC=UBERON:0001264	NT=epithelial cell;AC=CL:0000066	NT=pancreatic ductal adenocarcinoma;AC=MONDO:0005184	NT=PANC-1;AC=CLO:0008381	CVCL_0480	PANC-1	56Y	male	NT=Dulbecco's Modified Eagle Medium;AC=NCIT:C185409	epithelial-mesenchymal transition reversal (day 7, TGF-beta1 withdrawn after day 3)	NT=single cell;AC=PRIDE:0000897	manual picking	20230406_PNAC1_single_cells_TGFb_D7_20	1	20	run 38	proteomic profiling by mass spectrometry	NT=Q Exactive HF-X;AC=MS:1002877	NT=label free sample;AC=MS:1002038	NT=Carbamidomethyl;AC=UNIMOD:4;TA=C;MT=Fixed	NT=Oxidation;AC=UNIMOD:35;TA=M;MT=Variable	NT=Trypsin;AC=MS:1001251	not applicable	Data-independent acquisition	1	1	20230406_PNAC1_single_cells_TGFb_D7_20.raw	v1.1.0	NT=ms-proteomics;VV=v1.1.0	NT=human;VV=v1.1.0	NT=cell-lines;VV=v1.1.0	NT=single-cell;VV=v1.0.0	NT=clinical-metadata;VV=v1.0.0	NT=PANC-1;AC=CLO:0008381	epithelial-mesenchymal transition reversal (day 7, TGF-beta1 withdrawn after day 3)
20230406_PNAC1_single_cells_TGFb_D7_21	NT=Homo sapiens;AC=NCBITaxon:9606	NT=pancreas;AC=UBERON:0001264	NT=epithelial cell;AC=CL:0000066	NT=pancreatic ductal adenocarcinoma;AC=MONDO:0005184	NT=PANC-1;AC=CLO:0008381	CVCL_0480	PANC-1	56Y	male	NT=Dulbecco's Modified Eagle Medium;AC=NCIT:C185409	epithelial-mesenchymal transition reversal (day 7, TGF-beta1 withdrawn after day 3)	NT=single cell;AC=PRIDE:0000897	manual picking	20230406_PNAC1_single_cells_TGFb_D7_21	1	21	run 39	proteomic profiling by mass spectrometry	NT=Q Exactive HF-X;AC=MS:1002877	NT=label free sample;AC=MS:1002038	NT=Carbamidomethyl;AC=UNIMOD:4;TA=C;MT=Fixed	NT=Oxidation;AC=UNIMOD:35;TA=M;MT=Variable	NT=Trypsin;AC=MS:1001251	not applicable	Data-independent acquisition	1	1	20230406_PNAC1_single_cells_TGFb_D7_21.raw	v1.1.0	NT=ms-proteomics;VV=v1.1.0	NT=human;VV=v1.1.0	NT=cell-lines;VV=v1.1.0	NT=single-cell;VV=v1.0.0	NT=clinical-metadata;VV=v1.0.0	NT=PANC-1;AC=CLO:0008381	epithelial-mesenchymal transition reversal (day 7, TGF-beta1 withdrawn after day 3)
20230406_PNAC1_single_cells_TGFb_D7_22	NT=Homo sapiens;AC=NCBITaxon:9606	NT=pancreas;AC=UBERON:0001264	NT=epithelial cell;AC=CL:0000066	NT=pancreatic ductal adenocarcinoma;AC=MONDO:0005184	NT=PANC-1;AC=CLO:0008381	CVCL_0480	PANC-1	56Y	male	NT=Dulbecco's Modified Eagle Medium;AC=NCIT:C185409	epithelial-mesenchymal transition reversal (day 7, TGF-beta1 withdrawn after day 3)	NT=single cell;AC=PRIDE:0000897	manual picking	20230406_PNAC1_single_cells_TGFb_D7_22	1	22	run 40	proteomic profiling by mass spectrometry	NT=Q Exactive HF-X;AC=MS:1002877	NT=label free sample;AC=MS:1002038	NT=Carbamidomethyl;AC=UNIMOD:4;TA=C;MT=Fixed	NT=Oxidation;AC=UNIMOD:35;TA=M;MT=Variable	NT=Trypsin;AC=MS:1001251	not applicable	Data-independent acquisition	1	1	20230406_PNAC1_single_cells_TGFb_D7_22.raw	v1.1.0	NT=ms-proteomics;VV=v1.1.0	NT=human;VV=v1.1.0	NT=cell-lines;VV=v1.1.0	NT=single-cell;VV=v1.0.0	NT=clinical-metadata;VV=v1.0.0	NT=PANC-1;AC=CLO:0008381	epithelial-mesenchymal transition reversal (day 7, TGF-beta1 withdrawn after day 3)
20230406_PNAC1_single_cells_TGFb_D7_23	NT=Homo sapiens;AC=NCBITaxon:9606	NT=pancreas;AC=UBERON:0001264	NT=epithelial cell;AC=CL:0000066	NT=pancreatic ductal adenocarcinoma;AC=MONDO:0005184	NT=PANC-1;AC=CLO:0008381	CVCL_0480	PANC-1	56Y	male	NT=Dulbecco's Modified Eagle Medium;AC=NCIT:C185409	epithelial-mesenchymal transition reversal (day 7, TGF-beta1 withdrawn after day 3)	NT=single cell;AC=PRIDE:0000897	manual picking	20230406_PNAC1_single_cells_TGFb_D7_23	1	23	run 41	proteomic profiling by mass spectrometry	NT=Q Exactive HF-X;AC=MS:1002877	NT=label free sample;AC=MS:1002038	NT=Carbamidomethyl;AC=UNIMOD:4;TA=C;MT=Fixed	NT=Oxidation;AC=UNIMOD:35;TA=M;MT=Variable	NT=Trypsin;AC=MS:1001251	not applicable	Data-independent acquisition	1	1	20230406_PNAC1_single_cells_TGFb_D7_23.raw	v1.1.0	NT=ms-proteomics;VV=v1.1.0	NT=human;VV=v1.1.0	NT=cell-lines;VV=v1.1.0	NT=single-cell;VV=v1.0.0	NT=clinical-metadata;VV=v1.0.0	NT=PANC-1;AC=CLO:0008381	epithelial-mesenchymal transition reversal (day 7, TGF-beta1 withdrawn after day 3)
20230406_PNAC1_single_cells_TGFb_D7_24	NT=Homo sapiens;AC=NCBITaxon:9606	NT=pancreas;AC=UBERON:0001264	NT=epithelial cell;AC=CL:0000066	NT=pancreatic ductal adenocarcinoma;AC=MONDO:0005184	NT=PANC-1;AC=CLO:0008381	CVCL_0480	PANC-1	56Y	male	NT=Dulbecco's Modified Eagle Medium;AC=NCIT:C185409	epithelial-mesenchymal transition reversal (day 7, TGF-beta1 withdrawn after day 3)	NT=single cell;AC=PRIDE:0000897	manual picking	20230406_PNAC1_single_cells_TGFb_D7_24	1	24	run 42	proteomic profiling by mass spectrometry	NT=Q Exactive HF-X;AC=MS:1002877	NT=label free sample;AC=MS:1002038	NT=Carbamidomethyl;AC=UNIMOD:4;TA=C;MT=Fixed	NT=Oxidation;AC=UNIMOD:35;TA=M;MT=Variable	NT=Trypsin;AC=MS:1001251	not applicable	Data-independent acquisition	1	1	20230406_PNAC1_single_cells_TGFb_D7_24.raw	v1.1.0	NT=ms-proteomics;VV=v1.1.0	NT=human;VV=v1.1.0	NT=cell-lines;VV=v1.1.0	NT=single-cell;VV=v1.0.0	NT=clinical-metadata;VV=v1.0.0	NT=PANC-1;AC=CLO:0008381	epithelial-mesenchymal transition reversal (day 7, TGF-beta1 withdrawn after day 3)
20230406_PNAC1_single_cells_TGFb_D7_25	NT=Homo sapiens;AC=NCBITaxon:9606	NT=pancreas;AC=UBERON:0001264	NT=epithelial cell;AC=CL:0000066	NT=pancreatic ductal adenocarcinoma;AC=MONDO:0005184	NT=PANC-1;AC=CLO:0008381	CVCL_0480	PANC-1	56Y	male	NT=Dulbecco's Modified Eagle Medium;AC=NCIT:C185409	epithelial-mesenchymal transition reversal (day 7, TGF-beta1 withdrawn after day 3)	NT=single cell;AC=PRIDE:0000897	manual picking	20230406_PNAC1_single_cells_TGFb_D7_25	1	25	run 43	proteomic profiling by mass spectrometry	NT=Q Exactive HF-X;AC=MS:1002877	NT=label free sample;AC=MS:1002038	NT=Carbamidomethyl;AC=UNIMOD:4;TA=C;MT=Fixed	NT=Oxidation;AC=UNIMOD:35;TA=M;MT=Variable	NT=Trypsin;AC=MS:1001251	not applicable	Data-independent acquisition	1	1	20230406_PNAC1_single_cells_TGFb_D7_25.raw	v1.1.0	NT=ms-proteomics;VV=v1.1.0	NT=human;VV=v1.1.0	NT=cell-lines;VV=v1.1.0	NT=single-cell;VV=v1.0.0	NT=clinical-metadata;VV=v1.0.0	NT=PANC-1;AC=CLO:0008381	epithelial-mesenchymal transition reversal (day 7, TGF-beta1 withdrawn after day 3)
20230406_PNAC1_single_cells_TGFb_D7_3	NT=Homo sapiens;AC=NCBITaxon:9606	NT=pancreas;AC=UBERON:0001264	NT=epithelial cell;AC=CL:0000066	NT=pancreatic ductal adenocarcinoma;AC=MONDO:0005184	NT=PANC-1;AC=CLO:0008381	CVCL_0480	PANC-1	56Y	male	NT=Dulbecco's Modified Eagle Medium;AC=NCIT:C185409	epithelial-mesenchymal transition reversal (day 7, TGF-beta1 withdrawn after day 3)	NT=single cell;AC=PRIDE:0000897	manual picking	20230406_PNAC1_single_cells_TGFb_D7_3	1	3	run 44	proteomic profiling by mass spectrometry	NT=Q Exactive HF-X;AC=MS:1002877	NT=label free sample;AC=MS:1002038	NT=Carbamidomethyl;AC=UNIMOD:4;TA=C;MT=Fixed	NT=Oxidation;AC=UNIMOD:35;TA=M;MT=Variable	NT=Trypsin;AC=MS:1001251	not applicable	Data-independent acquisition	1	1	20230406_PNAC1_single_cells_TGFb_D7_3.raw	v1.1.0	NT=ms-proteomics;VV=v1.1.0	NT=human;VV=v1.1.0	NT=cell-lines;VV=v1.1.0	NT=single-cell;VV=v1.0.0	NT=clinical-metadata;VV=v1.0.0	NT=PANC-1;AC=CLO:0008381	epithelial-mesenchymal transition reversal (day 7, TGF-beta1 withdrawn after day 3)
20230406_PNAC1_single_cells_TGFb_D7_4	NT=Homo sapiens;AC=NCBITaxon:9606	NT=pancreas;AC=UBERON:0001264	NT=epithelial cell;AC=CL:0000066	NT=pancreatic ductal adenocarcinoma;AC=MONDO:0005184	NT=PANC-1;AC=CLO:0008381	CVCL_0480	PANC-1	56Y	male	NT=Dulbecco's Modified Eagle Medium;AC=NCIT:C185409	epithelial-mesenchymal transition reversal (day 7, TGF-beta1 withdrawn after day 3)	NT=single cell;AC=PRIDE:0000897	manual picking	20230406_PNAC1_single_cells_TGFb_D7_4	1	4	run 45	proteomic profiling by mass spectrometry	NT=Q Exactive HF-X;AC=MS:1002877	NT=label free sample;AC=MS:1002038	NT=Carbamidomethyl;AC=UNIMOD:4;TA=C;MT=Fixed	NT=Oxidation;AC=UNIMOD:35;TA=M;MT=Variable	NT=Trypsin;AC=MS:1001251	not applicable	Data-independent acquisition	1	1	20230406_PNAC1_single_cells_TGFb_D7_4.raw	v1.1.0	NT=ms-proteomics;VV=v1.1.0	NT=human;VV=v1.1.0	NT=cell-lines;VV=v1.1.0	NT=single-cell;VV=v1.0.0	NT=clinical-metadata;VV=v1.0.0	NT=PANC-1;AC=CLO:0008381	epithelial-mesenchymal transition reversal (day 7, TGF-beta1 withdrawn after day 3)
20230406_PNAC1_single_cells_TGFb_D7_5	NT=Homo sapiens;AC=NCBITaxon:9606	NT=pancreas;AC=UBERON:0001264	NT=epithelial cell;AC=CL:0000066	NT=pancreatic ductal adenocarcinoma;AC=MONDO:0005184	NT=PANC-1;AC=CLO:0008381	CVCL_0480	PANC-1	56Y	male	NT=Dulbecco's Modified Eagle Medium;AC=NCIT:C185409	epithelial-mesenchymal transition reversal (day 7, TGF-beta1 withdrawn after day 3)	NT=single cell;AC=PRIDE:0000897	manual picking	20230406_PNAC1_single_cells_TGFb_D7_5	1	5	run 46	proteomic profiling by mass spectrometry	NT=Q Exactive HF-X;AC=MS:1002877	NT=label free sample;AC=MS:1002038	NT=Carbamidomethyl;AC=UNIMOD:4;TA=C;MT=Fixed	NT=Oxidation;AC=UNIMOD:35;TA=M;MT=Variable	NT=Trypsin;AC=MS:1001251	not applicable	Data-independent acquisition	1	1	20230406_PNAC1_single_cells_TGFb_D7_5.raw	v1.1.0	NT=ms-proteomics;VV=v1.1.0	NT=human;VV=v1.1.0	NT=cell-lines;VV=v1.1.0	NT=single-cell;VV=v1.0.0	NT=clinical-metadata;VV=v1.0.0	NT=PANC-1;AC=CLO:0008381	epithelial-mesenchymal transition reversal (day 7, TGF-beta1 withdrawn after day 3)
20230406_PNAC1_single_cells_TGFb_D7_6	NT=Homo sapiens;AC=NCBITaxon:9606	NT=pancreas;AC=UBERON:0001264	NT=epithelial cell;AC=CL:0000066	NT=pancreatic ductal adenocarcinoma;AC=MONDO:0005184	NT=PANC-1;AC=CLO:0008381	CVCL_0480	PANC-1	56Y	male	NT=Dulbecco's Modified Eagle Medium;AC=NCIT:C185409	epithelial-mesenchymal transition reversal (day 7, TGF-beta1 withdrawn after day 3)	NT=single cell;AC=PRIDE:0000897	manual picking	20230406_PNAC1_single_cells_TGFb_D7_6	1	6	run 47	proteomic profiling by mass spectrometry	NT=Q Exactive HF-X;AC=MS:1002877	NT=label free sample;AC=MS:1002038	NT=Carbamidomethyl;AC=UNIMOD:4;TA=C;MT=Fixed	NT=Oxidation;AC=UNIMOD:35;TA=M;MT=Variable	NT=Trypsin;AC=MS:1001251	not applicable	Data-independent acquisition	1	1	20230406_PNAC1_single_cells_TGFb_D7_6.raw	v1.1.0	NT=ms-proteomics;VV=v1.1.0	NT=human;VV=v1.1.0	NT=cell-lines;VV=v1.1.0	NT=single-cell;VV=v1.0.0	NT=clinical-metadata;VV=v1.0.0	NT=PANC-1;AC=CLO:0008381	epithelial-mesenchymal transition reversal (day 7, TGF-beta1 withdrawn after day 3)
20230406_PNAC1_single_cells_TGFb_D7_7	NT=Homo sapiens;AC=NCBITaxon:9606	NT=pancreas;AC=UBERON:0001264	NT=epithelial cell;AC=CL:0000066	NT=pancreatic ductal adenocarcinoma;AC=MONDO:0005184	NT=PANC-1;AC=CLO:0008381	CVCL_0480	PANC-1	56Y	male	NT=Dulbecco's Modified Eagle Medium;AC=NCIT:C185409	epithelial-mesenchymal transition reversal (day 7, TGF-beta1 withdrawn after day 3)	NT=single cell;AC=PRIDE:0000897	manual picking	20230406_PNAC1_single_cells_TGFb_D7_7	1	7	run 48	proteomic profiling by mass spectrometry	NT=Q Exactive HF-X;AC=MS:1002877	NT=label free sample;AC=MS:1002038	NT=Carbamidomethyl;AC=UNIMOD:4;TA=C;MT=Fixed	NT=Oxidation;AC=UNIMOD:35;TA=M;MT=Variable	NT=Trypsin;AC=MS:1001251	not applicable	Data-independent acquisition	1	1	20230406_PNAC1_single_cells_TGFb_D7_7.raw	v1.1.0	NT=ms-proteomics;VV=v1.1.0	NT=human;VV=v1.1.0	NT=cell-lines;VV=v1.1.0	NT=single-cell;VV=v1.0.0	NT=clinical-metadata;VV=v1.0.0	NT=PANC-1;AC=CLO:0008381	epithelial-mesenchymal transition reversal (day 7, TGF-beta1 withdrawn after day 3)
20230406_PNAC1_single_cells_TGFb_D7_8	NT=Homo sapiens;AC=NCBITaxon:9606	NT=pancreas;AC=UBERON:0001264	NT=epithelial cell;AC=CL:0000066	NT=pancreatic ductal adenocarcinoma;AC=MONDO:0005184	NT=PANC-1;AC=CLO:0008381	CVCL_0480	PANC-1	56Y	male	NT=Dulbecco's Modified Eagle Medium;AC=NCIT:C185409	epithelial-mesenchymal transition reversal (day 7, TGF-beta1 withdrawn after day 3)	NT=single cell;AC=PRIDE:0000897	manual picking	20230406_PNAC1_single_cells_TGFb_D7_8	1	8	run 49	proteomic profiling by mass spectrometry	NT=Q Exactive HF-X;AC=MS:1002877	NT=label free sample;AC=MS:1002038	NT=Carbamidomethyl;AC=UNIMOD:4;TA=C;MT=Fixed	NT=Oxidation;AC=UNIMOD:35;TA=M;MT=Variable	NT=Trypsin;AC=MS:1001251	not applicable	Data-independent acquisition	1	1	20230406_PNAC1_single_cells_TGFb_D7_8.raw	v1.1.0	NT=ms-proteomics;VV=v1.1.0	NT=human;VV=v1.1.0	NT=cell-lines;VV=v1.1.0	NT=single-cell;VV=v1.0.0	NT=clinical-metadata;VV=v1.0.0	NT=PANC-1;AC=CLO:0008381	epithelial-mesenchymal transition reversal (day 7, TGF-beta1 withdrawn after day 3)
20230406_PNAC1_single_cells_TGFb_D7_9	NT=Homo sapiens;AC=NCBITaxon:9606	NT=pancreas;AC=UBERON:0001264	NT=epithelial cell;AC=CL:0000066	NT=pancreatic ductal adenocarcinoma;AC=MONDO:0005184	NT=PANC-1;AC=CLO:0008381	CVCL_0480	PANC-1	56Y	male	NT=Dulbecco's Modified Eagle Medium;AC=NCIT:C185409	epithelial-mesenchymal transition reversal (day 7, TGF-beta1 withdrawn after day 3)	NT=single cell;AC=PRIDE:0000897	manual picking	20230406_PNAC1_single_cells_TGFb_D7_9	1	9	run 50	proteomic profiling by mass spectrometry	NT=Q Exactive HF-X;AC=MS:1002877	NT=label free sample;AC=MS:1002038	NT=Carbamidomethyl;AC=UNIMOD:4;TA=C;MT=Fixed	NT=Oxidation;AC=UNIMOD:35;TA=M;MT=Variable	NT=Trypsin;AC=MS:1001251	not applicable	Data-independent acquisition	1	1	20230406_PNAC1_single_cells_TGFb_D7_9.raw	v1.1.0	NT=ms-proteomics;VV=v1.1.0	NT=human;VV=v1.1.0	NT=cell-lines;VV=v1.1.0	NT=single-cell;VV=v1.0.0	NT=clinical-metadata;VV=v1.0.0	NT=PANC-1;AC=CLO:0008381	epithelial-mesenchymal transition reversal (day 7, TGF-beta1 withdrawn after day 3)
20230630_PNAC1_ConD1_1	NT=Homo sapiens;AC=NCBITaxon:9606	NT=pancreas;AC=UBERON:0001264	NT=epithelial cell;AC=CL:0000066	NT=pancreatic ductal adenocarcinoma;AC=MONDO:0005184	NT=PANC-1;AC=CLO:0008381	CVCL_0480	PANC-1	56Y	male	NT=Dulbecco's Modified Eagle Medium;AC=NCIT:C185409	untreated epithelial control	not applicable	not applicable	not applicable	not applicable	1	run 51	proteomic profiling by mass spectrometry	NT=Q Exactive HF-X;AC=MS:1002877	NT=label free sample;AC=MS:1002038	NT=Carbamidomethyl;AC=UNIMOD:4;TA=C;MT=Fixed	NT=Oxidation;AC=UNIMOD:35;TA=M;MT=Variable	NT=Trypsin;AC=MS:1001251	NT=beam-type collision-induced dissociation;AC=MS:1000422	Data-dependent acquisition	1	1	20230630_PNAC1_ConD1_1.raw	v1.1.0	NT=ms-proteomics;VV=v1.1.0	NT=human;VV=v1.1.0	NT=cell-lines;VV=v1.1.0	NT=single-cell;VV=v1.0.0	NT=clinical-metadata;VV=v1.0.0	NT=PANC-1;AC=CLO:0008381	untreated epithelial control
20230630_PNAC1_ConD1_2	NT=Homo sapiens;AC=NCBITaxon:9606	NT=pancreas;AC=UBERON:0001264	NT=epithelial cell;AC=CL:0000066	NT=pancreatic ductal adenocarcinoma;AC=MONDO:0005184	NT=PANC-1;AC=CLO:0008381	CVCL_0480	PANC-1	56Y	male	NT=Dulbecco's Modified Eagle Medium;AC=NCIT:C185409	untreated epithelial control	not applicable	not applicable	not applicable	not applicable	2	run 52	proteomic profiling by mass spectrometry	NT=Q Exactive HF-X;AC=MS:1002877	NT=label free sample;AC=MS:1002038	NT=Carbamidomethyl;AC=UNIMOD:4;TA=C;MT=Fixed	NT=Oxidation;AC=UNIMOD:35;TA=M;MT=Variable	NT=Trypsin;AC=MS:1001251	NT=beam-type collision-induced dissociation;AC=MS:1000422	Data-dependent acquisition	1	1	20230630_PNAC1_ConD1_2.raw	v1.1.0	NT=ms-proteomics;VV=v1.1.0	NT=human;VV=v1.1.0	NT=cell-lines;VV=v1.1.0	NT=single-cell;VV=v1.0.0	NT=clinical-metadata;VV=v1.0.0	NT=PANC-1;AC=CLO:0008381	untreated epithelial control
20230630_PNAC1_ConD1_3	NT=Homo sapiens;AC=NCBITaxon:9606	NT=pancreas;AC=UBERON:0001264	NT=epithelial cell;AC=CL:0000066	NT=pancreatic ductal adenocarcinoma;AC=MONDO:0005184	NT=PANC-1;AC=CLO:0008381	CVCL_0480	PANC-1	56Y	male	NT=Dulbecco's Modified Eagle Medium;AC=NCIT:C185409	untreated epithelial control	not applicable	not applicable	not applicable	not applicable	3	run 53	proteomic profiling by mass spectrometry	NT=Q Exactive HF-X;AC=MS:1002877	NT=label free sample;AC=MS:1002038	NT=Carbamidomethyl;AC=UNIMOD:4;TA=C;MT=Fixed	NT=Oxidation;AC=UNIMOD:35;TA=M;MT=Variable	NT=Trypsin;AC=MS:1001251	NT=beam-type collision-induced dissociation;AC=MS:1000422	Data-dependent acquisition	1	1	20230630_PNAC1_ConD1_3.raw	v1.1.0	NT=ms-proteomics;VV=v1.1.0	NT=human;VV=v1.1.0	NT=cell-lines;VV=v1.1.0	NT=single-cell;VV=v1.0.0	NT=clinical-metadata;VV=v1.0.0	NT=PANC-1;AC=CLO:0008381	untreated epithelial control
20230630_PNAC1_ConD1_4	NT=Homo sapiens;AC=NCBITaxon:9606	NT=pancreas;AC=UBERON:0001264	NT=epithelial cell;AC=CL:0000066	NT=pancreatic ductal adenocarcinoma;AC=MONDO:0005184	NT=PANC-1;AC=CLO:0008381	CVCL_0480	PANC-1	56Y	male	NT=Dulbecco's Modified Eagle Medium;AC=NCIT:C185409	untreated epithelial control	not applicable	not applicable	not applicable	not applicable	4	run 54	proteomic profiling by mass spectrometry	NT=Q Exactive HF-X;AC=MS:1002877	NT=label free sample;AC=MS:1002038	NT=Carbamidomethyl;AC=UNIMOD:4;TA=C;MT=Fixed	NT=Oxidation;AC=UNIMOD:35;TA=M;MT=Variable	NT=Trypsin;AC=MS:1001251	NT=beam-type collision-induced dissociation;AC=MS:1000422	Data-dependent acquisition	1	1	20230630_PNAC1_ConD1_4.raw	v1.1.0	NT=ms-proteomics;VV=v1.1.0	NT=human;VV=v1.1.0	NT=cell-lines;VV=v1.1.0	NT=single-cell;VV=v1.0.0	NT=clinical-metadata;VV=v1.0.0	NT=PANC-1;AC=CLO:0008381	untreated epithelial control
20230630_PNAC1_ConD1_5	NT=Homo sapiens;AC=NCBITaxon:9606	NT=pancreas;AC=UBERON:0001264	NT=epithelial cell;AC=CL:0000066	NT=pancreatic ductal adenocarcinoma;AC=MONDO:0005184	NT=PANC-1;AC=CLO:0008381	CVCL_0480	PANC-1	56Y	male	NT=Dulbecco's Modified Eagle Medium;AC=NCIT:C185409	untreated epithelial control	not applicable	not applicable	not applicable	not applicable	5	run 55	proteomic profiling by mass spectrometry	NT=Q Exactive HF-X;AC=MS:1002877	NT=label free sample;AC=MS:1002038	NT=Carbamidomethyl;AC=UNIMOD:4;TA=C;MT=Fixed	NT=Oxidation;AC=UNIMOD:35;TA=M;MT=Variable	NT=Trypsin;AC=MS:1001251	NT=beam-type collision-induced dissociation;AC=MS:1000422	Data-dependent acquisition	1	1	20230630_PNAC1_ConD1_5.raw	v1.1.0	NT=ms-proteomics;VV=v1.1.0	NT=human;VV=v1.1.0	NT=cell-lines;VV=v1.1.0	NT=single-cell;VV=v1.0.0	NT=clinical-metadata;VV=v1.0.0	NT=PANC-1;AC=CLO:0008381	untreated epithelial control
20230630_PNAC1_TGFB_D3_1	NT=Homo sapiens;AC=NCBITaxon:9606	NT=pancreas;AC=UBERON:0001264	NT=epithelial cell;AC=CL:0000066	NT=pancreatic ductal adenocarcinoma;AC=MONDO:0005184	NT=PANC-1;AC=CLO:0008381	CVCL_0480	PANC-1	56Y	male	NT=Dulbecco's Modified Eagle Medium;AC=NCIT:C185409	TGF-beta1-induced epithelial-mesenchymal transition (day 3)	not applicable	not applicable	not applicable	not applicable	1	run 56	proteomic profiling by mass spectrometry	NT=Q Exactive HF-X;AC=MS:1002877	NT=label free sample;AC=MS:1002038	NT=Carbamidomethyl;AC=UNIMOD:4;TA=C;MT=Fixed	NT=Oxidation;AC=UNIMOD:35;TA=M;MT=Variable	NT=Trypsin;AC=MS:1001251	NT=beam-type collision-induced dissociation;AC=MS:1000422	Data-dependent acquisition	1	1	20230630_PNAC1_TGFB_D3_1.raw	v1.1.0	NT=ms-proteomics;VV=v1.1.0	NT=human;VV=v1.1.0	NT=cell-lines;VV=v1.1.0	NT=single-cell;VV=v1.0.0	NT=clinical-metadata;VV=v1.0.0	NT=PANC-1;AC=CLO:0008381	TGF-beta1-induced epithelial-mesenchymal transition (day 3)
20230630_PNAC1_TGFB_D3_2	NT=Homo sapiens;AC=NCBITaxon:9606	NT=pancreas;AC=UBERON:0001264	NT=epithelial cell;AC=CL:0000066	NT=pancreatic ductal adenocarcinoma;AC=MONDO:0005184	NT=PANC-1;AC=CLO:0008381	CVCL_0480	PANC-1	56Y	male	NT=Dulbecco's Modified Eagle Medium;AC=NCIT:C185409	TGF-beta1-induced epithelial-mesenchymal transition (day 3)	not applicable	not applicable	not applicable	not applicable	2	run 57	proteomic profiling by mass spectrometry	NT=Q Exactive HF-X;AC=MS:1002877	NT=label free sample;AC=MS:1002038	NT=Carbamidomethyl;AC=UNIMOD:4;TA=C;MT=Fixed	NT=Oxidation;AC=UNIMOD:35;TA=M;MT=Variable	NT=Trypsin;AC=MS:1001251	NT=beam-type collision-induced dissociation;AC=MS:1000422	Data-dependent acquisition	1	1	20230630_PNAC1_TGFB_D3_2.raw	v1.1.0	NT=ms-proteomics;VV=v1.1.0	NT=human;VV=v1.1.0	NT=cell-lines;VV=v1.1.0	NT=single-cell;VV=v1.0.0	NT=clinical-metadata;VV=v1.0.0	NT=PANC-1;AC=CLO:0008381	TGF-beta1-induced epithelial-mesenchymal transition (day 3)
20230630_PNAC1_TGFB_D3_3	NT=Homo sapiens;AC=NCBITaxon:9606	NT=pancreas;AC=UBERON:0001264	NT=epithelial cell;AC=CL:0000066	NT=pancreatic ductal adenocarcinoma;AC=MONDO:0005184	NT=PANC-1;AC=CLO:0008381	CVCL_0480	PANC-1	56Y	male	NT=Dulbecco's Modified Eagle Medium;AC=NCIT:C185409	TGF-beta1-induced epithelial-mesenchymal transition (day 3)	not applicable	not applicable	not applicable	not applicable	3	run 58	proteomic profiling by mass spectrometry	NT=Q Exactive HF-X;AC=MS:1002877	NT=label free sample;AC=MS:1002038	NT=Carbamidomethyl;AC=UNIMOD:4;TA=C;MT=Fixed	NT=Oxidation;AC=UNIMOD:35;TA=M;MT=Variable	NT=Trypsin;AC=MS:1001251	NT=beam-type collision-induced dissociation;AC=MS:1000422	Data-dependent acquisition	1	1	20230630_PNAC1_TGFB_D3_3.raw	v1.1.0	NT=ms-proteomics;VV=v1.1.0	NT=human;VV=v1.1.0	NT=cell-lines;VV=v1.1.0	NT=single-cell;VV=v1.0.0	NT=clinical-metadata;VV=v1.0.0	NT=PANC-1;AC=CLO:0008381	TGF-beta1-induced epithelial-mesenchymal transition (day 3)
20230630_PNAC1_TGFB_D3_4	NT=Homo sapiens;AC=NCBITaxon:9606	NT=pancreas;AC=UBERON:0001264	NT=epithelial cell;AC=CL:0000066	NT=pancreatic ductal adenocarcinoma;AC=MONDO:0005184	NT=PANC-1;AC=CLO:0008381	CVCL_0480	PANC-1	56Y	male	NT=Dulbecco's Modified Eagle Medium;AC=NCIT:C185409	TGF-beta1-induced epithelial-mesenchymal transition (day 3)	not applicable	not applicable	not applicable	not applicable	4	run 59	proteomic profiling by mass spectrometry	NT=Q Exactive HF-X;AC=MS:1002877	NT=label free sample;AC=MS:1002038	NT=Carbamidomethyl;AC=UNIMOD:4;TA=C;MT=Fixed	NT=Oxidation;AC=UNIMOD:35;TA=M;MT=Variable	NT=Trypsin;AC=MS:1001251	NT=beam-type collision-induced dissociation;AC=MS:1000422	Data-dependent acquisition	1	1	20230630_PNAC1_TGFB_D3_4.raw	v1.1.0	NT=ms-proteomics;VV=v1.1.0	NT=human;VV=v1.1.0	NT=cell-lines;VV=v1.1.0	NT=single-cell;VV=v1.0.0	NT=clinical-metadata;VV=v1.0.0	NT=PANC-1;AC=CLO:0008381	TGF-beta1-induced epithelial-mesenchymal transition (day 3)
20230630_PNAC1_TGFB_D3_5	NT=Homo sapiens;AC=NCBITaxon:9606	NT=pancreas;AC=UBERON:0001264	NT=epithelial cell;AC=CL:0000066	NT=pancreatic ductal adenocarcinoma;AC=MONDO:0005184	NT=PANC-1;AC=CLO:0008381	CVCL_0480	PANC-1	56Y	male	NT=Dulbecco's Modified Eagle Medium;AC=NCIT:C185409	TGF-beta1-induced epithelial-mesenchymal transition (day 3)	not applicable	not applicable	not applicable	not applicable	5	run 60	proteomic profiling by mass spectrometry	NT=Q Exactive HF-X;AC=MS:1002877	NT=label free sample;AC=MS:1002038	NT=Carbamidomethyl;AC=UNIMOD:4;TA=C;MT=Fixed	NT=Oxidation;AC=UNIMOD:35;TA=M;MT=Variable	NT=Trypsin;AC=MS:1001251	NT=beam-type collision-induced dissociation;AC=MS:1000422	Data-dependent acquisition	1	1	20230630_PNAC1_TGFB_D3_5.raw	v1.1.0	NT=ms-proteomics;VV=v1.1.0	NT=human;VV=v1.1.0	NT=cell-lines;VV=v1.1.0	NT=single-cell;VV=v1.0.0	NT=clinical-metadata;VV=v1.0.0	NT=PANC-1;AC=CLO:0008381	TGF-beta1-induced epithelial-mesenchymal transition (day 3)
20230630_PNAC1_TGFB_D7_1	NT=Homo sapiens;AC=NCBITaxon:9606	NT=pancreas;AC=UBERON:0001264	NT=epithelial cell;AC=CL:0000066	NT=pancreatic ductal adenocarcinoma;AC=MONDO:0005184	NT=PANC-1;AC=CLO:0008381	CVCL_0480	PANC-1	56Y	male	NT=Dulbecco's Modified Eagle Medium;AC=NCIT:C185409	epithelial-mesenchymal transition reversal (day 7, TGF-beta1 withdrawn after day 3)	not applicable	not applicable	not applicable	not applicable	1	run 61	proteomic profiling by mass spectrometry	NT=Q Exactive HF-X;AC=MS:1002877	NT=label free sample;AC=MS:1002038	NT=Carbamidomethyl;AC=UNIMOD:4;TA=C;MT=Fixed	NT=Oxidation;AC=UNIMOD:35;TA=M;MT=Variable	NT=Trypsin;AC=MS:1001251	NT=beam-type collision-induced dissociation;AC=MS:1000422	Data-dependent acquisition	1	1	20230630_PNAC1_TGFB_D7_1.raw	v1.1.0	NT=ms-proteomics;VV=v1.1.0	NT=human;VV=v1.1.0	NT=cell-lines;VV=v1.1.0	NT=single-cell;VV=v1.0.0	NT=clinical-metadata;VV=v1.0.0	NT=PANC-1;AC=CLO:0008381	epithelial-mesenchymal transition reversal (day 7, TGF-beta1 withdrawn after day 3)
20230630_PNAC1_TGFB_D7_2	NT=Homo sapiens;AC=NCBITaxon:9606	NT=pancreas;AC=UBERON:0001264	NT=epithelial cell;AC=CL:0000066	NT=pancreatic ductal adenocarcinoma;AC=MONDO:0005184	NT=PANC-1;AC=CLO:0008381	CVCL_0480	PANC-1	56Y	male	NT=Dulbecco's Modified Eagle Medium;AC=NCIT:C185409	epithelial-mesenchymal transition reversal (day 7, TGF-beta1 withdrawn after day 3)	not applicable	not applicable	not applicable	not applicable	2	run 62	proteomic profiling by mass spectrometry	NT=Q Exactive HF-X;AC=MS:1002877	NT=label free sample;AC=MS:1002038	NT=Carbamidomethyl;AC=UNIMOD:4;TA=C;MT=Fixed	NT=Oxidation;AC=UNIMOD:35;TA=M;MT=Variable	NT=Trypsin;AC=MS:1001251	NT=beam-type collision-induced dissociation;AC=MS:1000422	Data-dependent acquisition	1	1	20230630_PNAC1_TGFB_D7_2.raw	v1.1.0	NT=ms-proteomics;VV=v1.1.0	NT=human;VV=v1.1.0	NT=cell-lines;VV=v1.1.0	NT=single-cell;VV=v1.0.0	NT=clinical-metadata;VV=v1.0.0	NT=PANC-1;AC=CLO:0008381	epithelial-mesenchymal transition reversal (day 7, TGF-beta1 withdrawn after day 3)
20230630_PNAC1_TGFB_D7_3	NT=Homo sapiens;AC=NCBITaxon:9606	NT=pancreas;AC=UBERON:0001264	NT=epithelial cell;AC=CL:0000066	NT=pancreatic ductal adenocarcinoma;AC=MONDO:0005184	NT=PANC-1;AC=CLO:0008381	CVCL_0480	PANC-1	56Y	male	NT=Dulbecco's Modified Eagle Medium;AC=NCIT:C185409	epithelial-mesenchymal transition reversal (day 7, TGF-beta1 withdrawn after day 3)	not applicable	not applicable	not applicable	not applicable	3	run 63	proteomic profiling by mass spectrometry	NT=Q Exactive HF-X;AC=MS:1002877	NT=label free sample;AC=MS:1002038	NT=Carbamidomethyl;AC=UNIMOD:4;TA=C;MT=Fixed	NT=Oxidation;AC=UNIMOD:35;TA=M;MT=Variable	NT=Trypsin;AC=MS:1001251	NT=beam-type collision-induced dissociation;AC=MS:1000422	Data-dependent acquisition	1	1	20230630_PNAC1_TGFB_D7_3.raw	v1.1.0	NT=ms-proteomics;VV=v1.1.0	NT=human;VV=v1.1.0	NT=cell-lines;VV=v1.1.0	NT=single-cell;VV=v1.0.0	NT=clinical-metadata;VV=v1.0.0	NT=PANC-1;AC=CLO:0008381	epithelial-mesenchymal transition reversal (day 7, TGF-beta1 withdrawn after day 3)
20230630_PNAC1_TGFB_D7_4	NT=Homo sapiens;AC=NCBITaxon:9606	NT=pancreas;AC=UBERON:0001264	NT=epithelial cell;AC=CL:0000066	NT=pancreatic ductal adenocarcinoma;AC=MONDO:0005184	NT=PANC-1;AC=CLO:0008381	CVCL_0480	PANC-1	56Y	male	NT=Dulbecco's Modified Eagle Medium;AC=NCIT:C185409	epithelial-mesenchymal transition reversal (day 7, TGF-beta1 withdrawn after day 3)	not applicable	not applicable	not applicable	not applicable	4	run 64	proteomic profiling by mass spectrometry	NT=Q Exactive HF-X;AC=MS:1002877	NT=label free sample;AC=MS:1002038	NT=Carbamidomethyl;AC=UNIMOD:4;TA=C;MT=Fixed	NT=Oxidation;AC=UNIMOD:35;TA=M;MT=Variable	NT=Trypsin;AC=MS:1001251	NT=beam-type collision-induced dissociation;AC=MS:1000422	Data-dependent acquisition	1	1	20230630_PNAC1_TGFB_D7_4.raw	v1.1.0	NT=ms-proteomics;VV=v1.1.0	NT=human;VV=v1.1.0	NT=cell-lines;VV=v1.1.0	NT=single-cell;VV=v1.0.0	NT=clinical-metadata;VV=v1.0.0	NT=PANC-1;AC=CLO:0008381	epithelial-mesenchymal transition reversal (day 7, TGF-beta1 withdrawn after day 3)
20230630_PNAC1_TGFB_D7_5	NT=Homo sapiens;AC=NCBITaxon:9606	NT=pancreas;AC=UBERON:0001264	NT=epithelial cell;AC=CL:0000066	NT=pancreatic ductal adenocarcinoma;AC=MONDO:0005184	NT=PANC-1;AC=CLO:0008381	CVCL_0480	PANC-1	56Y	male	NT=Dulbecco's Modified Eagle Medium;AC=NCIT:C185409	epithelial-mesenchymal transition reversal (day 7, TGF-beta1 withdrawn after day 3)	not applicable	not applicable	not applicable	not applicable	5	run 65	proteomic profiling by mass spectrometry	NT=Q Exactive HF-X;AC=MS:1002877	NT=label free sample;AC=MS:1002038	NT=Carbamidomethyl;AC=UNIMOD:4;TA=C;MT=Fixed	NT=Oxidation;AC=UNIMOD:35;TA=M;MT=Variable	NT=Trypsin;AC=MS:1001251	NT=beam-type collision-induced dissociation;AC=MS:1000422	Data-dependent acquisition	1	1	20230630_PNAC1_TGFB_D7_5.raw	v1.1.0	NT=ms-proteomics;VV=v1.1.0	NT=human;VV=v1.1.0	NT=cell-lines;VV=v1.1.0	NT=single-cell;VV=v1.0.0	NT=clinical-metadata;VV=v1.0.0	NT=PANC-1;AC=CLO:0008381	epithelial-mesenchymal transition reversal (day 7, TGF-beta1 withdrawn after day 3)
20230822_Bulk_AsPc_1	NT=Homo sapiens;AC=NCBITaxon:9606	NT=ascitic fluid;AC=UBERON:0007795	NT=epithelial cell;AC=CL:0000066	NT=pancreatic ductal adenocarcinoma;AC=MONDO:0005184	NT=AsPC-1;AC=CLO:0001756	CVCL_0152	AsPC-1	62Y	female	NT=Dulbecco's Modified Eagle Medium;AC=NCIT:C185409	not applicable	not applicable	not applicable	not applicable	not applicable	1	run 66	proteomic profiling by mass spectrometry	NT=Q Exactive HF-X;AC=MS:1002877	NT=label free sample;AC=MS:1002038	NT=Carbamidomethyl;AC=UNIMOD:4;TA=C;MT=Fixed	NT=Oxidation;AC=UNIMOD:35;TA=M;MT=Variable	NT=Trypsin;AC=MS:1001251	NT=beam-type collision-induced dissociation;AC=MS:1000422	Data-dependent acquisition	1	1	20230822_Bulk_AsPc_1.raw	v1.1.0	NT=ms-proteomics;VV=v1.1.0	NT=human;VV=v1.1.0	NT=cell-lines;VV=v1.1.0	NT=single-cell;VV=v1.0.0	NT=clinical-metadata;VV=v1.0.0	NT=AsPC-1;AC=CLO:0001756	not applicable
20230822_Bulk_AsPc_2	NT=Homo sapiens;AC=NCBITaxon:9606	NT=ascitic fluid;AC=UBERON:0007795	NT=epithelial cell;AC=CL:0000066	NT=pancreatic ductal adenocarcinoma;AC=MONDO:0005184	NT=AsPC-1;AC=CLO:0001756	CVCL_0152	AsPC-1	62Y	female	NT=Dulbecco's Modified Eagle Medium;AC=NCIT:C185409	not applicable	not applicable	not applicable	not applicable	not applicable	2	run 67	proteomic profiling by mass spectrometry	NT=Q Exactive HF-X;AC=MS:1002877	NT=label free sample;AC=MS:1002038	NT=Carbamidomethyl;AC=UNIMOD:4;TA=C;MT=Fixed	NT=Oxidation;AC=UNIMOD:35;TA=M;MT=Variable	NT=Trypsin;AC=MS:1001251	NT=beam-type collision-induced dissociation;AC=MS:1000422	Data-dependent acquisition	1	1	20230822_Bulk_AsPc_2.raw	v1.1.0	NT=ms-proteomics;VV=v1.1.0	NT=human;VV=v1.1.0	NT=cell-lines;VV=v1.1.0	NT=single-cell;VV=v1.0.0	NT=clinical-metadata;VV=v1.0.0	NT=AsPC-1;AC=CLO:0001756	not applicable
20230822_Bulk_AsPc_3	NT=Homo sapiens;AC=NCBITaxon:9606	NT=ascitic fluid;AC=UBERON:0007795	NT=epithelial cell;AC=CL:0000066	NT=pancreatic ductal adenocarcinoma;AC=MONDO:0005184	NT=AsPC-1;AC=CLO:0001756	CVCL_0152	AsPC-1	62Y	female	NT=Dulbecco's Modified Eagle Medium;AC=NCIT:C185409	not applicable	not applicable	not applicable	not applicable	not applicable	3	run 68	proteomic profiling by mass spectrometry	NT=Q Exactive HF-X;AC=MS:1002877	NT=label free sample;AC=MS:1002038	NT=Carbamidomethyl;AC=UNIMOD:4;TA=C;MT=Fixed	NT=Oxidation;AC=UNIMOD:35;TA=M;MT=Variable	NT=Trypsin;AC=MS:1001251	NT=beam-type collision-induced dissociation;AC=MS:1000422	Data-dependent acquisition	1	1	20230822_Bulk_AsPc_3.raw	v1.1.0	NT=ms-proteomics;VV=v1.1.0	NT=human;VV=v1.1.0	NT=cell-lines;VV=v1.1.0	NT=single-cell;VV=v1.0.0	NT=clinical-metadata;VV=v1.0.0	NT=AsPC-1;AC=CLO:0001756	not applicable
20230822_Bulk_AsPc_4	NT=Homo sapiens;AC=NCBITaxon:9606	NT=ascitic fluid;AC=UBERON:0007795	NT=epithelial cell;AC=CL:0000066	NT=pancreatic ductal adenocarcinoma;AC=MONDO:0005184	NT=AsPC-1;AC=CLO:0001756	CVCL_0152	AsPC-1	62Y	female	NT=Dulbecco's Modified Eagle Medium;AC=NCIT:C185409	not applicable	not applicable	not applicable	not applicable	not applicable	4	run 69	proteomic profiling by mass spectrometry	NT=Q Exactive HF-X;AC=MS:1002877	NT=label free sample;AC=MS:1002038	NT=Carbamidomethyl;AC=UNIMOD:4;TA=C;MT=Fixed	NT=Oxidation;AC=UNIMOD:35;TA=M;MT=Variable	NT=Trypsin;AC=MS:1001251	NT=beam-type collision-induced dissociation;AC=MS:1000422	Data-dependent acquisition	1	1	20230822_Bulk_AsPc_4.raw	v1.1.0	NT=ms-proteomics;VV=v1.1.0	NT=human;VV=v1.1.0	NT=cell-lines;VV=v1.1.0	NT=single-cell;VV=v1.0.0	NT=clinical-metadata;VV=v1.0.0	NT=AsPC-1;AC=CLO:0001756	not applicable
20230822_Bulk_HPAF_1	NT=Homo sapiens;AC=NCBITaxon:9606	NT=ascitic fluid;AC=UBERON:0007795	NT=epithelial cell;AC=CL:0000066	NT=pancreatic ductal adenocarcinoma;AC=MONDO:0005184	NT=HPAF-II;AC=CLO:0003816	CVCL_0313	HPAF-II	44Y	male	NT=Dulbecco's Modified Eagle Medium;AC=NCIT:C185409	not applicable	not applicable	not applicable	not applicable	not applicable	1	run 70	proteomic profiling by mass spectrometry	NT=Q Exactive HF-X;AC=MS:1002877	NT=label free sample;AC=MS:1002038	NT=Carbamidomethyl;AC=UNIMOD:4;TA=C;MT=Fixed	NT=Oxidation;AC=UNIMOD:35;TA=M;MT=Variable	NT=Trypsin;AC=MS:1001251	NT=beam-type collision-induced dissociation;AC=MS:1000422	Data-dependent acquisition	1	1	20230822_Bulk_HPAF_1.raw	v1.1.0	NT=ms-proteomics;VV=v1.1.0	NT=human;VV=v1.1.0	NT=cell-lines;VV=v1.1.0	NT=single-cell;VV=v1.0.0	NT=clinical-metadata;VV=v1.0.0	NT=HPAF-II;AC=CLO:0003816	not applicable
20230822_Bulk_HPAF_2	NT=Homo sapiens;AC=NCBITaxon:9606	NT=ascitic fluid;AC=UBERON:0007795	NT=epithelial cell;AC=CL:0000066	NT=pancreatic ductal adenocarcinoma;AC=MONDO:0005184	NT=HPAF-II;AC=CLO:0003816	CVCL_0313	HPAF-II	44Y	male	NT=Dulbecco's Modified Eagle Medium;AC=NCIT:C185409	not applicable	not applicable	not applicable	not applicable	not applicable	2	run 71	proteomic profiling by mass spectrometry	NT=Q Exactive HF-X;AC=MS:1002877	NT=label free sample;AC=MS:1002038	NT=Carbamidomethyl;AC=UNIMOD:4;TA=C;MT=Fixed	NT=Oxidation;AC=UNIMOD:35;TA=M;MT=Variable	NT=Trypsin;AC=MS:1001251	NT=beam-type collision-induced dissociation;AC=MS:1000422	Data-dependent acquisition	1	1	20230822_Bulk_HPAF_2.raw	v1.1.0	NT=ms-proteomics;VV=v1.1.0	NT=human;VV=v1.1.0	NT=cell-lines;VV=v1.1.0	NT=single-cell;VV=v1.0.0	NT=clinical-metadata;VV=v1.0.0	NT=HPAF-II;AC=CLO:0003816	not applicable
20230822_Bulk_HPAF_3	NT=Homo sapiens;AC=NCBITaxon:9606	NT=ascitic fluid;AC=UBERON:0007795	NT=epithelial cell;AC=CL:0000066	NT=pancreatic ductal adenocarcinoma;AC=MONDO:0005184	NT=HPAF-II;AC=CLO:0003816	CVCL_0313	HPAF-II	44Y	male	NT=Dulbecco's Modified Eagle Medium;AC=NCIT:C185409	not applicable	not applicable	not applicable	not applicable	not applicable	3	run 72	proteomic profiling by mass spectrometry	NT=Q Exactive HF-X;AC=MS:1002877	NT=label free sample;AC=MS:1002038	NT=Carbamidomethyl;AC=UNIMOD:4;TA=C;MT=Fixed	NT=Oxidation;AC=UNIMOD:35;TA=M;MT=Variable	NT=Trypsin;AC=MS:1001251	NT=beam-type collision-induced dissociation;AC=MS:1000422	Data-dependent acquisition	1	1	20230822_Bulk_HPAF_3.raw	v1.1.0	NT=ms-proteomics;VV=v1.1.0	NT=human;VV=v1.1.0	NT=cell-lines;VV=v1.1.0	NT=single-cell;VV=v1.0.0	NT=clinical-metadata;VV=v1.0.0	NT=HPAF-II;AC=CLO:0003816	not applicable
20230822_Bulk_HPAF_4	NT=Homo sapiens;AC=NCBITaxon:9606	NT=ascitic fluid;AC=UBERON:0007795	NT=epithelial cell;AC=CL:0000066	NT=pancreatic ductal adenocarcinoma;AC=MONDO:0005184	NT=HPAF-II;AC=CLO:0003816	CVCL_0313	HPAF-II	44Y	male	NT=Dulbecco's Modified Eagle Medium;AC=NCIT:C185409	not applicable	not applicable	not applicable	not applicable	not applicable	4	run 73	proteomic profiling by mass spectrometry	NT=Q Exactive HF-X;AC=MS:1002877	NT=label free sample;AC=MS:1002038	NT=Carbamidomethyl;AC=UNIMOD:4;TA=C;MT=Fixed	NT=Oxidation;AC=UNIMOD:35;TA=M;MT=Variable	NT=Trypsin;AC=MS:1001251	NT=beam-type collision-induced dissociation;AC=MS:1000422	Data-dependent acquisition	1	1	20230822_Bulk_HPAF_4.raw	v1.1.0	NT=ms-proteomics;VV=v1.1.0	NT=human;VV=v1.1.0	NT=cell-lines;VV=v1.1.0	NT=single-cell;VV=v1.0.0	NT=clinical-metadata;VV=v1.0.0	NT=HPAF-II;AC=CLO:0003816	not applicable
20230822_Bulk_HPAF_5	NT=Homo sapiens;AC=NCBITaxon:9606	NT=ascitic fluid;AC=UBERON:0007795	NT=epithelial cell;AC=CL:0000066	NT=pancreatic ductal adenocarcinoma;AC=MONDO:0005184	NT=HPAF-II;AC=CLO:0003816	CVCL_0313	HPAF-II	44Y	male	NT=Dulbecco's Modified Eagle Medium;AC=NCIT:C185409	not applicable	not applicable	not applicable	not applicable	not applicable	5	run 74	proteomic profiling by mass spectrometry	NT=Q Exactive HF-X;AC=MS:1002877	NT=label free sample;AC=MS:1002038	NT=Carbamidomethyl;AC=UNIMOD:4;TA=C;MT=Fixed	NT=Oxidation;AC=UNIMOD:35;TA=M;MT=Variable	NT=Trypsin;AC=MS:1001251	NT=beam-type collision-induced dissociation;AC=MS:1000422	Data-dependent acquisition	1	1	20230822_Bulk_HPAF_5.raw	v1.1.0	NT=ms-proteomics;VV=v1.1.0	NT=human;VV=v1.1.0	NT=cell-lines;VV=v1.1.0	NT=single-cell;VV=v1.0.0	NT=clinical-metadata;VV=v1.0.0	NT=HPAF-II;AC=CLO:0003816	not applicable
20230822_Bulk_HPDE_1	NT=Homo sapiens;AC=NCBITaxon:9606	NT=pancreas;AC=UBERON:0001264	NT=epithelial cell;AC=CL:0000066	NT=normal;AC=PATO:0000461	NT=HPDE6-C7;AC=BTO:0006456	CVCL_0P38	HPDE6c7	63Y	female	Keratinocyte serum-free medium	not applicable	not applicable	not applicable	not applicable	not applicable	1	run 75	proteomic profiling by mass spectrometry	NT=Q Exactive HF-X;AC=MS:1002877	NT=label free sample;AC=MS:1002038	NT=Carbamidomethyl;AC=UNIMOD:4;TA=C;MT=Fixed	NT=Oxidation;AC=UNIMOD:35;TA=M;MT=Variable	NT=Trypsin;AC=MS:1001251	NT=beam-type collision-induced dissociation;AC=MS:1000422	Data-dependent acquisition	1	1	20230822_Bulk_HPDE_1.raw	v1.1.0	NT=ms-proteomics;VV=v1.1.0	NT=human;VV=v1.1.0	NT=cell-lines;VV=v1.1.0	NT=single-cell;VV=v1.0.0	NT=clinical-metadata;VV=v1.0.0	NT=HPDE6-C7;AC=BTO:0006456	not applicable
20230822_Bulk_HPDE_2	NT=Homo sapiens;AC=NCBITaxon:9606	NT=pancreas;AC=UBERON:0001264	NT=epithelial cell;AC=CL:0000066	NT=normal;AC=PATO:0000461	NT=HPDE6-C7;AC=BTO:0006456	CVCL_0P38	HPDE6c7	63Y	female	Keratinocyte serum-free medium	not applicable	not applicable	not applicable	not applicable	not applicable	2	run 76	proteomic profiling by mass spectrometry	NT=Q Exactive HF-X;AC=MS:1002877	NT=label free sample;AC=MS:1002038	NT=Carbamidomethyl;AC=UNIMOD:4;TA=C;MT=Fixed	NT=Oxidation;AC=UNIMOD:35;TA=M;MT=Variable	NT=Trypsin;AC=MS:1001251	NT=beam-type collision-induced dissociation;AC=MS:1000422	Data-dependent acquisition	1	1	20230822_Bulk_HPDE_2.raw	v1.1.0	NT=ms-proteomics;VV=v1.1.0	NT=human;VV=v1.1.0	NT=cell-lines;VV=v1.1.0	NT=single-cell;VV=v1.0.0	NT=clinical-metadata;VV=v1.0.0	NT=HPDE6-C7;AC=BTO:0006456	not applicable
20230822_Bulk_HPDE_3	NT=Homo sapiens;AC=NCBITaxon:9606	NT=pancreas;AC=UBERON:0001264	NT=epithelial cell;AC=CL:0000066	NT=normal;AC=PATO:0000461	NT=HPDE6-C7;AC=BTO:0006456	CVCL_0P38	HPDE6c7	63Y	female	Keratinocyte serum-free medium	not applicable	not applicable	not applicable	not applicable	not applicable	3	run 77	proteomic profiling by mass spectrometry	NT=Q Exactive HF-X;AC=MS:1002877	NT=label free sample;AC=MS:1002038	NT=Carbamidomethyl;AC=UNIMOD:4;TA=C;MT=Fixed	NT=Oxidation;AC=UNIMOD:35;TA=M;MT=Variable	NT=Trypsin;AC=MS:1001251	NT=beam-type collision-induced dissociation;AC=MS:1000422	Data-dependent acquisition	1	1	20230822_Bulk_HPDE_3.raw	v1.1.0	NT=ms-proteomics;VV=v1.1.0	NT=human;VV=v1.1.0	NT=cell-lines;VV=v1.1.0	NT=single-cell;VV=v1.0.0	NT=clinical-metadata;VV=v1.0.0	NT=HPDE6-C7;AC=BTO:0006456	not applicable
20230822_Bulk_HPDE_4	NT=Homo sapiens;AC=NCBITaxon:9606	NT=pancreas;AC=UBERON:0001264	NT=epithelial cell;AC=CL:0000066	NT=normal;AC=PATO:0000461	NT=HPDE6-C7;AC=BTO:0006456	CVCL_0P38	HPDE6c7	63Y	female	Keratinocyte serum-free medium	not applicable	not applicable	not applicable	not applicable	not applicable	4	run 78	proteomic profiling by mass spectrometry	NT=Q Exactive HF-X;AC=MS:1002877	NT=label free sample;AC=MS:1002038	NT=Carbamidomethyl;AC=UNIMOD:4;TA=C;MT=Fixed	NT=Oxidation;AC=UNIMOD:35;TA=M;MT=Variable	NT=Trypsin;AC=MS:1001251	NT=beam-type collision-induced dissociation;AC=MS:1000422	Data-dependent acquisition	1	1	20230822_Bulk_HPDE_4.raw	v1.1.0	NT=ms-proteomics;VV=v1.1.0	NT=human;VV=v1.1.0	NT=cell-lines;VV=v1.1.0	NT=single-cell;VV=v1.0.0	NT=clinical-metadata;VV=v1.0.0	NT=HPDE6-C7;AC=BTO:0006456	not applicable
20230822_Bulk_HPDE_5	NT=Homo sapiens;AC=NCBITaxon:9606	NT=pancreas;AC=UBERON:0001264	NT=epithelial cell;AC=CL:0000066	NT=normal;AC=PATO:0000461	NT=HPDE6-C7;AC=BTO:0006456	CVCL_0P38	HPDE6c7	63Y	female	Keratinocyte serum-free medium	not applicable	not applicable	not applicable	not applicable	not applicable	5	run 79	proteomic profiling by mass spectrometry	NT=Q Exactive HF-X;AC=MS:1002877	NT=label free sample;AC=MS:1002038	NT=Carbamidomethyl;AC=UNIMOD:4;TA=C;MT=Fixed	NT=Oxidation;AC=UNIMOD:35;TA=M;MT=Variable	NT=Trypsin;AC=MS:1001251	NT=beam-type collision-induced dissociation;AC=MS:1000422	Data-dependent acquisition	1	1	20230822_Bulk_HPDE_5.raw	v1.1.0	NT=ms-proteomics;VV=v1.1.0	NT=human;VV=v1.1.0	NT=cell-lines;VV=v1.1.0	NT=single-cell;VV=v1.0.0	NT=clinical-metadata;VV=v1.0.0	NT=HPDE6-C7;AC=BTO:0006456	not applicable
20230822_Bulk_MIA_1	NT=Homo sapiens;AC=NCBITaxon:9606	NT=pancreas;AC=UBERON:0001264	NT=epithelial cell;AC=CL:0000066	NT=undifferentiated pancreatic carcinoma;AC=MONDO:0006478	NT=MIA PaCa-2;AC=CLO:0007726	CVCL_0428	MIA PaCa-2	65Y	male	NT=Dulbecco's Modified Eagle Medium;AC=NCIT:C185409	not applicable	not applicable	not applicable	not applicable	not applicable	1	run 80	proteomic profiling by mass spectrometry	NT=Q Exactive HF-X;AC=MS:1002877	NT=label free sample;AC=MS:1002038	NT=Carbamidomethyl;AC=UNIMOD:4;TA=C;MT=Fixed	NT=Oxidation;AC=UNIMOD:35;TA=M;MT=Variable	NT=Trypsin;AC=MS:1001251	NT=beam-type collision-induced dissociation;AC=MS:1000422	Data-dependent acquisition	1	1	20230822_Bulk_MIA_1.raw	v1.1.0	NT=ms-proteomics;VV=v1.1.0	NT=human;VV=v1.1.0	NT=cell-lines;VV=v1.1.0	NT=single-cell;VV=v1.0.0	NT=clinical-metadata;VV=v1.0.0	NT=MIA PaCa-2;AC=CLO:0007726	not applicable
20230822_Bulk_MIA_2	NT=Homo sapiens;AC=NCBITaxon:9606	NT=pancreas;AC=UBERON:0001264	NT=epithelial cell;AC=CL:0000066	NT=undifferentiated pancreatic carcinoma;AC=MONDO:0006478	NT=MIA PaCa-2;AC=CLO:0007726	CVCL_0428	MIA PaCa-2	65Y	male	NT=Dulbecco's Modified Eagle Medium;AC=NCIT:C185409	not applicable	not applicable	not applicable	not applicable	not applicable	2	run 81	proteomic profiling by mass spectrometry	NT=Q Exactive HF-X;AC=MS:1002877	NT=label free sample;AC=MS:1002038	NT=Carbamidomethyl;AC=UNIMOD:4;TA=C;MT=Fixed	NT=Oxidation;AC=UNIMOD:35;TA=M;MT=Variable	NT=Trypsin;AC=MS:1001251	NT=beam-type collision-induced dissociation;AC=MS:1000422	Data-dependent acquisition	1	1	20230822_Bulk_MIA_2.raw	v1.1.0	NT=ms-proteomics;VV=v1.1.0	NT=human;VV=v1.1.0	NT=cell-lines;VV=v1.1.0	NT=single-cell;VV=v1.0.0	NT=clinical-metadata;VV=v1.0.0	NT=MIA PaCa-2;AC=CLO:0007726	not applicable
20230822_Bulk_MIA_3	NT=Homo sapiens;AC=NCBITaxon:9606	NT=pancreas;AC=UBERON:0001264	NT=epithelial cell;AC=CL:0000066	NT=undifferentiated pancreatic carcinoma;AC=MONDO:0006478	NT=MIA PaCa-2;AC=CLO:0007726	CVCL_0428	MIA PaCa-2	65Y	male	NT=Dulbecco's Modified Eagle Medium;AC=NCIT:C185409	not applicable	not applicable	not applicable	not applicable	not applicable	3	run 82	proteomic profiling by mass spectrometry	NT=Q Exactive HF-X;AC=MS:1002877	NT=label free sample;AC=MS:1002038	NT=Carbamidomethyl;AC=UNIMOD:4;TA=C;MT=Fixed	NT=Oxidation;AC=UNIMOD:35;TA=M;MT=Variable	NT=Trypsin;AC=MS:1001251	NT=beam-type collision-induced dissociation;AC=MS:1000422	Data-dependent acquisition	1	1	20230822_Bulk_MIA_3.raw	v1.1.0	NT=ms-proteomics;VV=v1.1.0	NT=human;VV=v1.1.0	NT=cell-lines;VV=v1.1.0	NT=single-cell;VV=v1.0.0	NT=clinical-metadata;VV=v1.0.0	NT=MIA PaCa-2;AC=CLO:0007726	not applicable
20230822_Bulk_MIA_4	NT=Homo sapiens;AC=NCBITaxon:9606	NT=pancreas;AC=UBERON:0001264	NT=epithelial cell;AC=CL:0000066	NT=undifferentiated pancreatic carcinoma;AC=MONDO:0006478	NT=MIA PaCa-2;AC=CLO:0007726	CVCL_0428	MIA PaCa-2	65Y	male	NT=Dulbecco's Modified Eagle Medium;AC=NCIT:C185409	not applicable	not applicable	not applicable	not applicable	not applicable	4	run 83	proteomic profiling by mass spectrometry	NT=Q Exactive HF-X;AC=MS:1002877	NT=label free sample;AC=MS:1002038	NT=Carbamidomethyl;AC=UNIMOD:4;TA=C;MT=Fixed	NT=Oxidation;AC=UNIMOD:35;TA=M;MT=Variable	NT=Trypsin;AC=MS:1001251	NT=beam-type collision-induced dissociation;AC=MS:1000422	Data-dependent acquisition	1	1	20230822_Bulk_MIA_4.raw	v1.1.0	NT=ms-proteomics;VV=v1.1.0	NT=human;VV=v1.1.0	NT=cell-lines;VV=v1.1.0	NT=single-cell;VV=v1.0.0	NT=clinical-metadata;VV=v1.0.0	NT=MIA PaCa-2;AC=CLO:0007726	not applicable
20230822_Bulk_MIA_5	NT=Homo sapiens;AC=NCBITaxon:9606	NT=pancreas;AC=UBERON:0001264	NT=epithelial cell;AC=CL:0000066	NT=undifferentiated pancreatic carcinoma;AC=MONDO:0006478	NT=MIA PaCa-2;AC=CLO:0007726	CVCL_0428	MIA PaCa-2	65Y	male	NT=Dulbecco's Modified Eagle Medium;AC=NCIT:C185409	not applicable	not applicable	not applicable	not applicable	not applicable	5	run 84	proteomic profiling by mass spectrometry	NT=Q Exactive HF-X;AC=MS:1002877	NT=label free sample;AC=MS:1002038	NT=Carbamidomethyl;AC=UNIMOD:4;TA=C;MT=Fixed	NT=Oxidation;AC=UNIMOD:35;TA=M;MT=Variable	NT=Trypsin;AC=MS:1001251	NT=beam-type collision-induced dissociation;AC=MS:1000422	Data-dependent acquisition	1	1	20230822_Bulk_MIA_5.raw	v1.1.0	NT=ms-proteomics;VV=v1.1.0	NT=human;VV=v1.1.0	NT=cell-lines;VV=v1.1.0	NT=single-cell;VV=v1.0.0	NT=clinical-metadata;VV=v1.0.0	NT=MIA PaCa-2;AC=CLO:0007726	not applicable
20230822_Bulk_PANC_1	NT=Homo sapiens;AC=NCBITaxon:9606	NT=pancreas;AC=UBERON:0001264	NT=epithelial cell;AC=CL:0000066	NT=pancreatic ductal adenocarcinoma;AC=MONDO:0005184	NT=PANC-1;AC=CLO:0008381	CVCL_0480	PANC-1	56Y	male	NT=Dulbecco's Modified Eagle Medium;AC=NCIT:C185409	not applicable	not applicable	not applicable	not applicable	not applicable	1	run 85	proteomic profiling by mass spectrometry	NT=Q Exactive HF-X;AC=MS:1002877	NT=label free sample;AC=MS:1002038	NT=Carbamidomethyl;AC=UNIMOD:4;TA=C;MT=Fixed	NT=Oxidation;AC=UNIMOD:35;TA=M;MT=Variable	NT=Trypsin;AC=MS:1001251	NT=beam-type collision-induced dissociation;AC=MS:1000422	Data-dependent acquisition	1	1	20230822_Bulk_PANC_1.raw	v1.1.0	NT=ms-proteomics;VV=v1.1.0	NT=human;VV=v1.1.0	NT=cell-lines;VV=v1.1.0	NT=single-cell;VV=v1.0.0	NT=clinical-metadata;VV=v1.0.0	NT=PANC-1;AC=CLO:0008381	not applicable
20230822_Bulk_PANC_2	NT=Homo sapiens;AC=NCBITaxon:9606	NT=pancreas;AC=UBERON:0001264	NT=epithelial cell;AC=CL:0000066	NT=pancreatic ductal adenocarcinoma;AC=MONDO:0005184	NT=PANC-1;AC=CLO:0008381	CVCL_0480	PANC-1	56Y	male	NT=Dulbecco's Modified Eagle Medium;AC=NCIT:C185409	not applicable	not applicable	not applicable	not applicable	not applicable	2	run 86	proteomic profiling by mass spectrometry	NT=Q Exactive HF-X;AC=MS:1002877	NT=label free sample;AC=MS:1002038	NT=Carbamidomethyl;AC=UNIMOD:4;TA=C;MT=Fixed	NT=Oxidation;AC=UNIMOD:35;TA=M;MT=Variable	NT=Trypsin;AC=MS:1001251	NT=beam-type collision-induced dissociation;AC=MS:1000422	Data-dependent acquisition	1	1	20230822_Bulk_PANC_2.raw	v1.1.0	NT=ms-proteomics;VV=v1.1.0	NT=human;VV=v1.1.0	NT=cell-lines;VV=v1.1.0	NT=single-cell;VV=v1.0.0	NT=clinical-metadata;VV=v1.0.0	NT=PANC-1;AC=CLO:0008381	not applicable
20230822_Bulk_PANC_3	NT=Homo sapiens;AC=NCBITaxon:9606	NT=pancreas;AC=UBERON:0001264	NT=epithelial cell;AC=CL:0000066	NT=pancreatic ductal adenocarcinoma;AC=MONDO:0005184	NT=PANC-1;AC=CLO:0008381	CVCL_0480	PANC-1	56Y	male	NT=Dulbecco's Modified Eagle Medium;AC=NCIT:C185409	not applicable	not applicable	not applicable	not applicable	not applicable	3	run 87	proteomic profiling by mass spectrometry	NT=Q Exactive HF-X;AC=MS:1002877	NT=label free sample;AC=MS:1002038	NT=Carbamidomethyl;AC=UNIMOD:4;TA=C;MT=Fixed	NT=Oxidation;AC=UNIMOD:35;TA=M;MT=Variable	NT=Trypsin;AC=MS:1001251	NT=beam-type collision-induced dissociation;AC=MS:1000422	Data-dependent acquisition	1	1	20230822_Bulk_PANC_3.raw	v1.1.0	NT=ms-proteomics;VV=v1.1.0	NT=human;VV=v1.1.0	NT=cell-lines;VV=v1.1.0	NT=single-cell;VV=v1.0.0	NT=clinical-metadata;VV=v1.0.0	NT=PANC-1;AC=CLO:0008381	not applicable
20230822_Bulk_PANC_4	NT=Homo sapiens;AC=NCBITaxon:9606	NT=pancreas;AC=UBERON:0001264	NT=epithelial cell;AC=CL:0000066	NT=pancreatic ductal adenocarcinoma;AC=MONDO:0005184	NT=PANC-1;AC=CLO:0008381	CVCL_0480	PANC-1	56Y	male	NT=Dulbecco's Modified Eagle Medium;AC=NCIT:C185409	not applicable	not applicable	not applicable	not applicable	not applicable	4	run 88	proteomic profiling by mass spectrometry	NT=Q Exactive HF-X;AC=MS:1002877	NT=label free sample;AC=MS:1002038	NT=Carbamidomethyl;AC=UNIMOD:4;TA=C;MT=Fixed	NT=Oxidation;AC=UNIMOD:35;TA=M;MT=Variable	NT=Trypsin;AC=MS:1001251	NT=beam-type collision-induced dissociation;AC=MS:1000422	Data-dependent acquisition	1	1	20230822_Bulk_PANC_4.raw	v1.1.0	NT=ms-proteomics;VV=v1.1.0	NT=human;VV=v1.1.0	NT=cell-lines;VV=v1.1.0	NT=single-cell;VV=v1.0.0	NT=clinical-metadata;VV=v1.0.0	NT=PANC-1;AC=CLO:0008381	not applicable
20230822_SingleCells_AsPc_1	NT=Homo sapiens;AC=NCBITaxon:9606	NT=ascitic fluid;AC=UBERON:0007795	NT=epithelial cell;AC=CL:0000066	NT=pancreatic ductal adenocarcinoma;AC=MONDO:0005184	NT=AsPC-1;AC=CLO:0001756	CVCL_0152	AsPC-1	62Y	female	NT=Dulbecco's Modified Eagle Medium;AC=NCIT:C185409	not applicable	NT=single cell;AC=PRIDE:0000897	manual picking	20230822_SingleCells_AsPc_1	1	1	run 89	proteomic profiling by mass spectrometry	NT=Q Exactive HF-X;AC=MS:1002877	NT=label free sample;AC=MS:1002038	NT=Carbamidomethyl;AC=UNIMOD:4;TA=C;MT=Fixed	NT=Oxidation;AC=UNIMOD:35;TA=M;MT=Variable	NT=Trypsin;AC=MS:1001251	not applicable	Data-independent acquisition	1	1	20230822_SingleCells_AsPc_1.raw	v1.1.0	NT=ms-proteomics;VV=v1.1.0	NT=human;VV=v1.1.0	NT=cell-lines;VV=v1.1.0	NT=single-cell;VV=v1.0.0	NT=clinical-metadata;VV=v1.0.0	NT=AsPC-1;AC=CLO:0001756	not applicable
20230822_SingleCells_AsPc_10	NT=Homo sapiens;AC=NCBITaxon:9606	NT=ascitic fluid;AC=UBERON:0007795	NT=epithelial cell;AC=CL:0000066	NT=pancreatic ductal adenocarcinoma;AC=MONDO:0005184	NT=AsPC-1;AC=CLO:0001756	CVCL_0152	AsPC-1	62Y	female	NT=Dulbecco's Modified Eagle Medium;AC=NCIT:C185409	not applicable	NT=single cell;AC=PRIDE:0000897	manual picking	20230822_SingleCells_AsPc_10	1	10	run 90	proteomic profiling by mass spectrometry	NT=Q Exactive HF-X;AC=MS:1002877	NT=label free sample;AC=MS:1002038	NT=Carbamidomethyl;AC=UNIMOD:4;TA=C;MT=Fixed	NT=Oxidation;AC=UNIMOD:35;TA=M;MT=Variable	NT=Trypsin;AC=MS:1001251	not applicable	Data-independent acquisition	1	1	20230822_SingleCells_AsPc_10.raw	v1.1.0	NT=ms-proteomics;VV=v1.1.0	NT=human;VV=v1.1.0	NT=cell-lines;VV=v1.1.0	NT=single-cell;VV=v1.0.0	NT=clinical-metadata;VV=v1.0.0	NT=AsPC-1;AC=CLO:0001756	not applicable
20230822_SingleCells_AsPc_11	NT=Homo sapiens;AC=NCBITaxon:9606	NT=ascitic fluid;AC=UBERON:0007795	NT=epithelial cell;AC=CL:0000066	NT=pancreatic ductal adenocarcinoma;AC=MONDO:0005184	NT=AsPC-1;AC=CLO:0001756	CVCL_0152	AsPC-1	62Y	female	NT=Dulbecco's Modified Eagle Medium;AC=NCIT:C185409	not applicable	NT=single cell;AC=PRIDE:0000897	manual picking	20230822_SingleCells_AsPc_11	1	11	run 91	proteomic profiling by mass spectrometry	NT=Q Exactive HF-X;AC=MS:1002877	NT=label free sample;AC=MS:1002038	NT=Carbamidomethyl;AC=UNIMOD:4;TA=C;MT=Fixed	NT=Oxidation;AC=UNIMOD:35;TA=M;MT=Variable	NT=Trypsin;AC=MS:1001251	not applicable	Data-independent acquisition	1	1	20230822_SingleCells_AsPc_11.raw	v1.1.0	NT=ms-proteomics;VV=v1.1.0	NT=human;VV=v1.1.0	NT=cell-lines;VV=v1.1.0	NT=single-cell;VV=v1.0.0	NT=clinical-metadata;VV=v1.0.0	NT=AsPC-1;AC=CLO:0001756	not applicable
20230822_SingleCells_AsPc_12	NT=Homo sapiens;AC=NCBITaxon:9606	NT=ascitic fluid;AC=UBERON:0007795	NT=epithelial cell;AC=CL:0000066	NT=pancreatic ductal adenocarcinoma;AC=MONDO:0005184	NT=AsPC-1;AC=CLO:0001756	CVCL_0152	AsPC-1	62Y	female	NT=Dulbecco's Modified Eagle Medium;AC=NCIT:C185409	not applicable	NT=single cell;AC=PRIDE:0000897	manual picking	20230822_SingleCells_AsPc_12	1	12	run 92	proteomic profiling by mass spectrometry	NT=Q Exactive HF-X;AC=MS:1002877	NT=label free sample;AC=MS:1002038	NT=Carbamidomethyl;AC=UNIMOD:4;TA=C;MT=Fixed	NT=Oxidation;AC=UNIMOD:35;TA=M;MT=Variable	NT=Trypsin;AC=MS:1001251	not applicable	Data-independent acquisition	1	1	20230822_SingleCells_AsPc_12.raw	v1.1.0	NT=ms-proteomics;VV=v1.1.0	NT=human;VV=v1.1.0	NT=cell-lines;VV=v1.1.0	NT=single-cell;VV=v1.0.0	NT=clinical-metadata;VV=v1.0.0	NT=AsPC-1;AC=CLO:0001756	not applicable
20230822_SingleCells_AsPc_13	NT=Homo sapiens;AC=NCBITaxon:9606	NT=ascitic fluid;AC=UBERON:0007795	NT=epithelial cell;AC=CL:0000066	NT=pancreatic ductal adenocarcinoma;AC=MONDO:0005184	NT=AsPC-1;AC=CLO:0001756	CVCL_0152	AsPC-1	62Y	female	NT=Dulbecco's Modified Eagle Medium;AC=NCIT:C185409	not applicable	NT=single cell;AC=PRIDE:0000897	manual picking	20230822_SingleCells_AsPc_13	1	13	run 93	proteomic profiling by mass spectrometry	NT=Q Exactive HF-X;AC=MS:1002877	NT=label free sample;AC=MS:1002038	NT=Carbamidomethyl;AC=UNIMOD:4;TA=C;MT=Fixed	NT=Oxidation;AC=UNIMOD:35;TA=M;MT=Variable	NT=Trypsin;AC=MS:1001251	not applicable	Data-independent acquisition	1	1	20230822_SingleCells_AsPc_13.raw	v1.1.0	NT=ms-proteomics;VV=v1.1.0	NT=human;VV=v1.1.0	NT=cell-lines;VV=v1.1.0	NT=single-cell;VV=v1.0.0	NT=clinical-metadata;VV=v1.0.0	NT=AsPC-1;AC=CLO:0001756	not applicable
20230822_SingleCells_AsPc_14	NT=Homo sapiens;AC=NCBITaxon:9606	NT=ascitic fluid;AC=UBERON:0007795	NT=epithelial cell;AC=CL:0000066	NT=pancreatic ductal adenocarcinoma;AC=MONDO:0005184	NT=AsPC-1;AC=CLO:0001756	CVCL_0152	AsPC-1	62Y	female	NT=Dulbecco's Modified Eagle Medium;AC=NCIT:C185409	not applicable	NT=single cell;AC=PRIDE:0000897	manual picking	20230822_SingleCells_AsPc_14	1	14	run 94	proteomic profiling by mass spectrometry	NT=Q Exactive HF-X;AC=MS:1002877	NT=label free sample;AC=MS:1002038	NT=Carbamidomethyl;AC=UNIMOD:4;TA=C;MT=Fixed	NT=Oxidation;AC=UNIMOD:35;TA=M;MT=Variable	NT=Trypsin;AC=MS:1001251	not applicable	Data-independent acquisition	1	1	20230822_SingleCells_AsPc_14.raw	v1.1.0	NT=ms-proteomics;VV=v1.1.0	NT=human;VV=v1.1.0	NT=cell-lines;VV=v1.1.0	NT=single-cell;VV=v1.0.0	NT=clinical-metadata;VV=v1.0.0	NT=AsPC-1;AC=CLO:0001756	not applicable
20230822_SingleCells_AsPc_15	NT=Homo sapiens;AC=NCBITaxon:9606	NT=ascitic fluid;AC=UBERON:0007795	NT=epithelial cell;AC=CL:0000066	NT=pancreatic ductal adenocarcinoma;AC=MONDO:0005184	NT=AsPC-1;AC=CLO:0001756	CVCL_0152	AsPC-1	62Y	female	NT=Dulbecco's Modified Eagle Medium;AC=NCIT:C185409	not applicable	NT=single cell;AC=PRIDE:0000897	manual picking	20230822_SingleCells_AsPc_15	1	15	run 95	proteomic profiling by mass spectrometry	NT=Q Exactive HF-X;AC=MS:1002877	NT=label free sample;AC=MS:1002038	NT=Carbamidomethyl;AC=UNIMOD:4;TA=C;MT=Fixed	NT=Oxidation;AC=UNIMOD:35;TA=M;MT=Variable	NT=Trypsin;AC=MS:1001251	not applicable	Data-independent acquisition	1	1	20230822_SingleCells_AsPc_15.raw	v1.1.0	NT=ms-proteomics;VV=v1.1.0	NT=human;VV=v1.1.0	NT=cell-lines;VV=v1.1.0	NT=single-cell;VV=v1.0.0	NT=clinical-metadata;VV=v1.0.0	NT=AsPC-1;AC=CLO:0001756	not applicable
20230822_SingleCells_AsPc_16	NT=Homo sapiens;AC=NCBITaxon:9606	NT=ascitic fluid;AC=UBERON:0007795	NT=epithelial cell;AC=CL:0000066	NT=pancreatic ductal adenocarcinoma;AC=MONDO:0005184	NT=AsPC-1;AC=CLO:0001756	CVCL_0152	AsPC-1	62Y	female	NT=Dulbecco's Modified Eagle Medium;AC=NCIT:C185409	not applicable	NT=single cell;AC=PRIDE:0000897	manual picking	20230822_SingleCells_AsPc_16	1	16	run 96	proteomic profiling by mass spectrometry	NT=Q Exactive HF-X;AC=MS:1002877	NT=label free sample;AC=MS:1002038	NT=Carbamidomethyl;AC=UNIMOD:4;TA=C;MT=Fixed	NT=Oxidation;AC=UNIMOD:35;TA=M;MT=Variable	NT=Trypsin;AC=MS:1001251	not applicable	Data-independent acquisition	1	1	20230822_SingleCells_AsPc_16.raw	v1.1.0	NT=ms-proteomics;VV=v1.1.0	NT=human;VV=v1.1.0	NT=cell-lines;VV=v1.1.0	NT=single-cell;VV=v1.0.0	NT=clinical-metadata;VV=v1.0.0	NT=AsPC-1;AC=CLO:0001756	not applicable
20230822_SingleCells_AsPc_17	NT=Homo sapiens;AC=NCBITaxon:9606	NT=ascitic fluid;AC=UBERON:0007795	NT=epithelial cell;AC=CL:0000066	NT=pancreatic ductal adenocarcinoma;AC=MONDO:0005184	NT=AsPC-1;AC=CLO:0001756	CVCL_0152	AsPC-1	62Y	female	NT=Dulbecco's Modified Eagle Medium;AC=NCIT:C185409	not applicable	NT=single cell;AC=PRIDE:0000897	manual picking	20230822_SingleCells_AsPc_17	1	17	run 97	proteomic profiling by mass spectrometry	NT=Q Exactive HF-X;AC=MS:1002877	NT=label free sample;AC=MS:1002038	NT=Carbamidomethyl;AC=UNIMOD:4;TA=C;MT=Fixed	NT=Oxidation;AC=UNIMOD:35;TA=M;MT=Variable	NT=Trypsin;AC=MS:1001251	not applicable	Data-independent acquisition	1	1	20230822_SingleCells_AsPc_17.raw	v1.1.0	NT=ms-proteomics;VV=v1.1.0	NT=human;VV=v1.1.0	NT=cell-lines;VV=v1.1.0	NT=single-cell;VV=v1.0.0	NT=clinical-metadata;VV=v1.0.0	NT=AsPC-1;AC=CLO:0001756	not applicable
20230822_SingleCells_AsPc_18	NT=Homo sapiens;AC=NCBITaxon:9606	NT=ascitic fluid;AC=UBERON:0007795	NT=epithelial cell;AC=CL:0000066	NT=pancreatic ductal adenocarcinoma;AC=MONDO:0005184	NT=AsPC-1;AC=CLO:0001756	CVCL_0152	AsPC-1	62Y	female	NT=Dulbecco's Modified Eagle Medium;AC=NCIT:C185409	not applicable	NT=single cell;AC=PRIDE:0000897	manual picking	20230822_SingleCells_AsPc_18	1	18	run 98	proteomic profiling by mass spectrometry	NT=Q Exactive HF-X;AC=MS:1002877	NT=label free sample;AC=MS:1002038	NT=Carbamidomethyl;AC=UNIMOD:4;TA=C;MT=Fixed	NT=Oxidation;AC=UNIMOD:35;TA=M;MT=Variable	NT=Trypsin;AC=MS:1001251	not applicable	Data-independent acquisition	1	1	20230822_SingleCells_AsPc_18.raw	v1.1.0	NT=ms-proteomics;VV=v1.1.0	NT=human;VV=v1.1.0	NT=cell-lines;VV=v1.1.0	NT=single-cell;VV=v1.0.0	NT=clinical-metadata;VV=v1.0.0	NT=AsPC-1;AC=CLO:0001756	not applicable
20230822_SingleCells_AsPc_19	NT=Homo sapiens;AC=NCBITaxon:9606	NT=ascitic fluid;AC=UBERON:0007795	NT=epithelial cell;AC=CL:0000066	NT=pancreatic ductal adenocarcinoma;AC=MONDO:0005184	NT=AsPC-1;AC=CLO:0001756	CVCL_0152	AsPC-1	62Y	female	NT=Dulbecco's Modified Eagle Medium;AC=NCIT:C185409	not applicable	NT=single cell;AC=PRIDE:0000897	manual picking	20230822_SingleCells_AsPc_19	1	19	run 99	proteomic profiling by mass spectrometry	NT=Q Exactive HF-X;AC=MS:1002877	NT=label free sample;AC=MS:1002038	NT=Carbamidomethyl;AC=UNIMOD:4;TA=C;MT=Fixed	NT=Oxidation;AC=UNIMOD:35;TA=M;MT=Variable	NT=Trypsin;AC=MS:1001251	not applicable	Data-independent acquisition	1	1	20230822_SingleCells_AsPc_19.raw	v1.1.0	NT=ms-proteomics;VV=v1.1.0	NT=human;VV=v1.1.0	NT=cell-lines;VV=v1.1.0	NT=single-cell;VV=v1.0.0	NT=clinical-metadata;VV=v1.0.0	NT=AsPC-1;AC=CLO:0001756	not applicable
20230822_SingleCells_AsPc_2	NT=Homo sapiens;AC=NCBITaxon:9606	NT=ascitic fluid;AC=UBERON:0007795	NT=epithelial cell;AC=CL:0000066	NT=pancreatic ductal adenocarcinoma;AC=MONDO:0005184	NT=AsPC-1;AC=CLO:0001756	CVCL_0152	AsPC-1	62Y	female	NT=Dulbecco's Modified Eagle Medium;AC=NCIT:C185409	not applicable	NT=single cell;AC=PRIDE:0000897	manual picking	20230822_SingleCells_AsPc_2	1	2	run 100	proteomic profiling by mass spectrometry	NT=Q Exactive HF-X;AC=MS:1002877	NT=label free sample;AC=MS:1002038	NT=Carbamidomethyl;AC=UNIMOD:4;TA=C;MT=Fixed	NT=Oxidation;AC=UNIMOD:35;TA=M;MT=Variable	NT=Trypsin;AC=MS:1001251	not applicable	Data-independent acquisition	1	1	20230822_SingleCells_AsPc_2.raw	v1.1.0	NT=ms-proteomics;VV=v1.1.0	NT=human;VV=v1.1.0	NT=cell-lines;VV=v1.1.0	NT=single-cell;VV=v1.0.0	NT=clinical-metadata;VV=v1.0.0	NT=AsPC-1;AC=CLO:0001756	not applicable
20230822_SingleCells_AsPc_20	NT=Homo sapiens;AC=NCBITaxon:9606	NT=ascitic fluid;AC=UBERON:0007795	NT=epithelial cell;AC=CL:0000066	NT=pancreatic ductal adenocarcinoma;AC=MONDO:0005184	NT=AsPC-1;AC=CLO:0001756	CVCL_0152	AsPC-1	62Y	female	NT=Dulbecco's Modified Eagle Medium;AC=NCIT:C185409	not applicable	NT=single cell;AC=PRIDE:0000897	manual picking	20230822_SingleCells_AsPc_20	1	20	run 101	proteomic profiling by mass spectrometry	NT=Q Exactive HF-X;AC=MS:1002877	NT=label free sample;AC=MS:1002038	NT=Carbamidomethyl;AC=UNIMOD:4;TA=C;MT=Fixed	NT=Oxidation;AC=UNIMOD:35;TA=M;MT=Variable	NT=Trypsin;AC=MS:1001251	not applicable	Data-independent acquisition	1	1	20230822_SingleCells_AsPc_20.raw	v1.1.0	NT=ms-proteomics;VV=v1.1.0	NT=human;VV=v1.1.0	NT=cell-lines;VV=v1.1.0	NT=single-cell;VV=v1.0.0	NT=clinical-metadata;VV=v1.0.0	NT=AsPC-1;AC=CLO:0001756	not applicable
20230822_SingleCells_AsPc_21	NT=Homo sapiens;AC=NCBITaxon:9606	NT=ascitic fluid;AC=UBERON:0007795	NT=epithelial cell;AC=CL:0000066	NT=pancreatic ductal adenocarcinoma;AC=MONDO:0005184	NT=AsPC-1;AC=CLO:0001756	CVCL_0152	AsPC-1	62Y	female	NT=Dulbecco's Modified Eagle Medium;AC=NCIT:C185409	not applicable	NT=single cell;AC=PRIDE:0000897	manual picking	20230822_SingleCells_AsPc_21	1	21	run 102	proteomic profiling by mass spectrometry	NT=Q Exactive HF-X;AC=MS:1002877	NT=label free sample;AC=MS:1002038	NT=Carbamidomethyl;AC=UNIMOD:4;TA=C;MT=Fixed	NT=Oxidation;AC=UNIMOD:35;TA=M;MT=Variable	NT=Trypsin;AC=MS:1001251	not applicable	Data-independent acquisition	1	1	20230822_SingleCells_AsPc_21.raw	v1.1.0	NT=ms-proteomics;VV=v1.1.0	NT=human;VV=v1.1.0	NT=cell-lines;VV=v1.1.0	NT=single-cell;VV=v1.0.0	NT=clinical-metadata;VV=v1.0.0	NT=AsPC-1;AC=CLO:0001756	not applicable
20230822_SingleCells_AsPc_22	NT=Homo sapiens;AC=NCBITaxon:9606	NT=ascitic fluid;AC=UBERON:0007795	NT=epithelial cell;AC=CL:0000066	NT=pancreatic ductal adenocarcinoma;AC=MONDO:0005184	NT=AsPC-1;AC=CLO:0001756	CVCL_0152	AsPC-1	62Y	female	NT=Dulbecco's Modified Eagle Medium;AC=NCIT:C185409	not applicable	NT=single cell;AC=PRIDE:0000897	manual picking	20230822_SingleCells_AsPc_22	1	22	run 103	proteomic profiling by mass spectrometry	NT=Q Exactive HF-X;AC=MS:1002877	NT=label free sample;AC=MS:1002038	NT=Carbamidomethyl;AC=UNIMOD:4;TA=C;MT=Fixed	NT=Oxidation;AC=UNIMOD:35;TA=M;MT=Variable	NT=Trypsin;AC=MS:1001251	not applicable	Data-independent acquisition	1	1	20230822_SingleCells_AsPc_22.raw	v1.1.0	NT=ms-proteomics;VV=v1.1.0	NT=human;VV=v1.1.0	NT=cell-lines;VV=v1.1.0	NT=single-cell;VV=v1.0.0	NT=clinical-metadata;VV=v1.0.0	NT=AsPC-1;AC=CLO:0001756	not applicable
20230822_SingleCells_AsPc_23	NT=Homo sapiens;AC=NCBITaxon:9606	NT=ascitic fluid;AC=UBERON:0007795	NT=epithelial cell;AC=CL:0000066	NT=pancreatic ductal adenocarcinoma;AC=MONDO:0005184	NT=AsPC-1;AC=CLO:0001756	CVCL_0152	AsPC-1	62Y	female	NT=Dulbecco's Modified Eagle Medium;AC=NCIT:C185409	not applicable	NT=single cell;AC=PRIDE:0000897	manual picking	20230822_SingleCells_AsPc_23	1	23	run 104	proteomic profiling by mass spectrometry	NT=Q Exactive HF-X;AC=MS:1002877	NT=label free sample;AC=MS:1002038	NT=Carbamidomethyl;AC=UNIMOD:4;TA=C;MT=Fixed	NT=Oxidation;AC=UNIMOD:35;TA=M;MT=Variable	NT=Trypsin;AC=MS:1001251	not applicable	Data-independent acquisition	1	1	20230822_SingleCells_AsPc_23.raw	v1.1.0	NT=ms-proteomics;VV=v1.1.0	NT=human;VV=v1.1.0	NT=cell-lines;VV=v1.1.0	NT=single-cell;VV=v1.0.0	NT=clinical-metadata;VV=v1.0.0	NT=AsPC-1;AC=CLO:0001756	not applicable
20230822_SingleCells_AsPc_24	NT=Homo sapiens;AC=NCBITaxon:9606	NT=ascitic fluid;AC=UBERON:0007795	NT=epithelial cell;AC=CL:0000066	NT=pancreatic ductal adenocarcinoma;AC=MONDO:0005184	NT=AsPC-1;AC=CLO:0001756	CVCL_0152	AsPC-1	62Y	female	NT=Dulbecco's Modified Eagle Medium;AC=NCIT:C185409	not applicable	NT=single cell;AC=PRIDE:0000897	manual picking	20230822_SingleCells_AsPc_24	1	24	run 105	proteomic profiling by mass spectrometry	NT=Q Exactive HF-X;AC=MS:1002877	NT=label free sample;AC=MS:1002038	NT=Carbamidomethyl;AC=UNIMOD:4;TA=C;MT=Fixed	NT=Oxidation;AC=UNIMOD:35;TA=M;MT=Variable	NT=Trypsin;AC=MS:1001251	not applicable	Data-independent acquisition	1	1	20230822_SingleCells_AsPc_24.raw	v1.1.0	NT=ms-proteomics;VV=v1.1.0	NT=human;VV=v1.1.0	NT=cell-lines;VV=v1.1.0	NT=single-cell;VV=v1.0.0	NT=clinical-metadata;VV=v1.0.0	NT=AsPC-1;AC=CLO:0001756	not applicable
20230822_SingleCells_AsPc_25	NT=Homo sapiens;AC=NCBITaxon:9606	NT=ascitic fluid;AC=UBERON:0007795	NT=epithelial cell;AC=CL:0000066	NT=pancreatic ductal adenocarcinoma;AC=MONDO:0005184	NT=AsPC-1;AC=CLO:0001756	CVCL_0152	AsPC-1	62Y	female	NT=Dulbecco's Modified Eagle Medium;AC=NCIT:C185409	not applicable	NT=single cell;AC=PRIDE:0000897	manual picking	20230822_SingleCells_AsPc_25	1	25	run 106	proteomic profiling by mass spectrometry	NT=Q Exactive HF-X;AC=MS:1002877	NT=label free sample;AC=MS:1002038	NT=Carbamidomethyl;AC=UNIMOD:4;TA=C;MT=Fixed	NT=Oxidation;AC=UNIMOD:35;TA=M;MT=Variable	NT=Trypsin;AC=MS:1001251	not applicable	Data-independent acquisition	1	1	20230822_SingleCells_AsPc_25.raw	v1.1.0	NT=ms-proteomics;VV=v1.1.0	NT=human;VV=v1.1.0	NT=cell-lines;VV=v1.1.0	NT=single-cell;VV=v1.0.0	NT=clinical-metadata;VV=v1.0.0	NT=AsPC-1;AC=CLO:0001756	not applicable
20230822_SingleCells_AsPc_26	NT=Homo sapiens;AC=NCBITaxon:9606	NT=ascitic fluid;AC=UBERON:0007795	NT=epithelial cell;AC=CL:0000066	NT=pancreatic ductal adenocarcinoma;AC=MONDO:0005184	NT=AsPC-1;AC=CLO:0001756	CVCL_0152	AsPC-1	62Y	female	NT=Dulbecco's Modified Eagle Medium;AC=NCIT:C185409	not applicable	NT=single cell;AC=PRIDE:0000897	manual picking	20230822_SingleCells_AsPc_26	1	26	run 107	proteomic profiling by mass spectrometry	NT=Q Exactive HF-X;AC=MS:1002877	NT=label free sample;AC=MS:1002038	NT=Carbamidomethyl;AC=UNIMOD:4;TA=C;MT=Fixed	NT=Oxidation;AC=UNIMOD:35;TA=M;MT=Variable	NT=Trypsin;AC=MS:1001251	not applicable	Data-independent acquisition	1	1	20230822_SingleCells_AsPc_26.raw	v1.1.0	NT=ms-proteomics;VV=v1.1.0	NT=human;VV=v1.1.0	NT=cell-lines;VV=v1.1.0	NT=single-cell;VV=v1.0.0	NT=clinical-metadata;VV=v1.0.0	NT=AsPC-1;AC=CLO:0001756	not applicable
20230822_SingleCells_AsPc_27	NT=Homo sapiens;AC=NCBITaxon:9606	NT=ascitic fluid;AC=UBERON:0007795	NT=epithelial cell;AC=CL:0000066	NT=pancreatic ductal adenocarcinoma;AC=MONDO:0005184	NT=AsPC-1;AC=CLO:0001756	CVCL_0152	AsPC-1	62Y	female	NT=Dulbecco's Modified Eagle Medium;AC=NCIT:C185409	not applicable	NT=single cell;AC=PRIDE:0000897	manual picking	20230822_SingleCells_AsPc_27	1	27	run 108	proteomic profiling by mass spectrometry	NT=Q Exactive HF-X;AC=MS:1002877	NT=label free sample;AC=MS:1002038	NT=Carbamidomethyl;AC=UNIMOD:4;TA=C;MT=Fixed	NT=Oxidation;AC=UNIMOD:35;TA=M;MT=Variable	NT=Trypsin;AC=MS:1001251	not applicable	Data-independent acquisition	1	1	20230822_SingleCells_AsPc_27.raw	v1.1.0	NT=ms-proteomics;VV=v1.1.0	NT=human;VV=v1.1.0	NT=cell-lines;VV=v1.1.0	NT=single-cell;VV=v1.0.0	NT=clinical-metadata;VV=v1.0.0	NT=AsPC-1;AC=CLO:0001756	not applicable
20230822_SingleCells_AsPc_28	NT=Homo sapiens;AC=NCBITaxon:9606	NT=ascitic fluid;AC=UBERON:0007795	NT=epithelial cell;AC=CL:0000066	NT=pancreatic ductal adenocarcinoma;AC=MONDO:0005184	NT=AsPC-1;AC=CLO:0001756	CVCL_0152	AsPC-1	62Y	female	NT=Dulbecco's Modified Eagle Medium;AC=NCIT:C185409	not applicable	NT=single cell;AC=PRIDE:0000897	manual picking	20230822_SingleCells_AsPc_28	1	28	run 109	proteomic profiling by mass spectrometry	NT=Q Exactive HF-X;AC=MS:1002877	NT=label free sample;AC=MS:1002038	NT=Carbamidomethyl;AC=UNIMOD:4;TA=C;MT=Fixed	NT=Oxidation;AC=UNIMOD:35;TA=M;MT=Variable	NT=Trypsin;AC=MS:1001251	not applicable	Data-independent acquisition	1	1	20230822_SingleCells_AsPc_28.raw	v1.1.0	NT=ms-proteomics;VV=v1.1.0	NT=human;VV=v1.1.0	NT=cell-lines;VV=v1.1.0	NT=single-cell;VV=v1.0.0	NT=clinical-metadata;VV=v1.0.0	NT=AsPC-1;AC=CLO:0001756	not applicable
20230822_SingleCells_AsPc_29	NT=Homo sapiens;AC=NCBITaxon:9606	NT=ascitic fluid;AC=UBERON:0007795	NT=epithelial cell;AC=CL:0000066	NT=pancreatic ductal adenocarcinoma;AC=MONDO:0005184	NT=AsPC-1;AC=CLO:0001756	CVCL_0152	AsPC-1	62Y	female	NT=Dulbecco's Modified Eagle Medium;AC=NCIT:C185409	not applicable	NT=single cell;AC=PRIDE:0000897	manual picking	20230822_SingleCells_AsPc_29	1	29	run 110	proteomic profiling by mass spectrometry	NT=Q Exactive HF-X;AC=MS:1002877	NT=label free sample;AC=MS:1002038	NT=Carbamidomethyl;AC=UNIMOD:4;TA=C;MT=Fixed	NT=Oxidation;AC=UNIMOD:35;TA=M;MT=Variable	NT=Trypsin;AC=MS:1001251	not applicable	Data-independent acquisition	1	1	20230822_SingleCells_AsPc_29.raw	v1.1.0	NT=ms-proteomics;VV=v1.1.0	NT=human;VV=v1.1.0	NT=cell-lines;VV=v1.1.0	NT=single-cell;VV=v1.0.0	NT=clinical-metadata;VV=v1.0.0	NT=AsPC-1;AC=CLO:0001756	not applicable
20230822_SingleCells_AsPc_3	NT=Homo sapiens;AC=NCBITaxon:9606	NT=ascitic fluid;AC=UBERON:0007795	NT=epithelial cell;AC=CL:0000066	NT=pancreatic ductal adenocarcinoma;AC=MONDO:0005184	NT=AsPC-1;AC=CLO:0001756	CVCL_0152	AsPC-1	62Y	female	NT=Dulbecco's Modified Eagle Medium;AC=NCIT:C185409	not applicable	NT=single cell;AC=PRIDE:0000897	manual picking	20230822_SingleCells_AsPc_3	1	3	run 111	proteomic profiling by mass spectrometry	NT=Q Exactive HF-X;AC=MS:1002877	NT=label free sample;AC=MS:1002038	NT=Carbamidomethyl;AC=UNIMOD:4;TA=C;MT=Fixed	NT=Oxidation;AC=UNIMOD:35;TA=M;MT=Variable	NT=Trypsin;AC=MS:1001251	not applicable	Data-independent acquisition	1	1	20230822_SingleCells_AsPc_3.raw	v1.1.0	NT=ms-proteomics;VV=v1.1.0	NT=human;VV=v1.1.0	NT=cell-lines;VV=v1.1.0	NT=single-cell;VV=v1.0.0	NT=clinical-metadata;VV=v1.0.0	NT=AsPC-1;AC=CLO:0001756	not applicable
20230822_SingleCells_AsPc_30	NT=Homo sapiens;AC=NCBITaxon:9606	NT=ascitic fluid;AC=UBERON:0007795	NT=epithelial cell;AC=CL:0000066	NT=pancreatic ductal adenocarcinoma;AC=MONDO:0005184	NT=AsPC-1;AC=CLO:0001756	CVCL_0152	AsPC-1	62Y	female	NT=Dulbecco's Modified Eagle Medium;AC=NCIT:C185409	not applicable	NT=single cell;AC=PRIDE:0000897	manual picking	20230822_SingleCells_AsPc_30	1	30	run 112	proteomic profiling by mass spectrometry	NT=Q Exactive HF-X;AC=MS:1002877	NT=label free sample;AC=MS:1002038	NT=Carbamidomethyl;AC=UNIMOD:4;TA=C;MT=Fixed	NT=Oxidation;AC=UNIMOD:35;TA=M;MT=Variable	NT=Trypsin;AC=MS:1001251	not applicable	Data-independent acquisition	1	1	20230822_SingleCells_AsPc_30.raw	v1.1.0	NT=ms-proteomics;VV=v1.1.0	NT=human;VV=v1.1.0	NT=cell-lines;VV=v1.1.0	NT=single-cell;VV=v1.0.0	NT=clinical-metadata;VV=v1.0.0	NT=AsPC-1;AC=CLO:0001756	not applicable
20230822_SingleCells_AsPc_4	NT=Homo sapiens;AC=NCBITaxon:9606	NT=ascitic fluid;AC=UBERON:0007795	NT=epithelial cell;AC=CL:0000066	NT=pancreatic ductal adenocarcinoma;AC=MONDO:0005184	NT=AsPC-1;AC=CLO:0001756	CVCL_0152	AsPC-1	62Y	female	NT=Dulbecco's Modified Eagle Medium;AC=NCIT:C185409	not applicable	NT=single cell;AC=PRIDE:0000897	manual picking	20230822_SingleCells_AsPc_4	1	4	run 113	proteomic profiling by mass spectrometry	NT=Q Exactive HF-X;AC=MS:1002877	NT=label free sample;AC=MS:1002038	NT=Carbamidomethyl;AC=UNIMOD:4;TA=C;MT=Fixed	NT=Oxidation;AC=UNIMOD:35;TA=M;MT=Variable	NT=Trypsin;AC=MS:1001251	not applicable	Data-independent acquisition	1	1	20230822_SingleCells_AsPc_4.raw	v1.1.0	NT=ms-proteomics;VV=v1.1.0	NT=human;VV=v1.1.0	NT=cell-lines;VV=v1.1.0	NT=single-cell;VV=v1.0.0	NT=clinical-metadata;VV=v1.0.0	NT=AsPC-1;AC=CLO:0001756	not applicable
20230822_SingleCells_AsPc_5	NT=Homo sapiens;AC=NCBITaxon:9606	NT=ascitic fluid;AC=UBERON:0007795	NT=epithelial cell;AC=CL:0000066	NT=pancreatic ductal adenocarcinoma;AC=MONDO:0005184	NT=AsPC-1;AC=CLO:0001756	CVCL_0152	AsPC-1	62Y	female	NT=Dulbecco's Modified Eagle Medium;AC=NCIT:C185409	not applicable	NT=single cell;AC=PRIDE:0000897	manual picking	20230822_SingleCells_AsPc_5	1	5	run 114	proteomic profiling by mass spectrometry	NT=Q Exactive HF-X;AC=MS:1002877	NT=label free sample;AC=MS:1002038	NT=Carbamidomethyl;AC=UNIMOD:4;TA=C;MT=Fixed	NT=Oxidation;AC=UNIMOD:35;TA=M;MT=Variable	NT=Trypsin;AC=MS:1001251	not applicable	Data-independent acquisition	1	1	20230822_SingleCells_AsPc_5.raw	v1.1.0	NT=ms-proteomics;VV=v1.1.0	NT=human;VV=v1.1.0	NT=cell-lines;VV=v1.1.0	NT=single-cell;VV=v1.0.0	NT=clinical-metadata;VV=v1.0.0	NT=AsPC-1;AC=CLO:0001756	not applicable
20230822_SingleCells_AsPc_6	NT=Homo sapiens;AC=NCBITaxon:9606	NT=ascitic fluid;AC=UBERON:0007795	NT=epithelial cell;AC=CL:0000066	NT=pancreatic ductal adenocarcinoma;AC=MONDO:0005184	NT=AsPC-1;AC=CLO:0001756	CVCL_0152	AsPC-1	62Y	female	NT=Dulbecco's Modified Eagle Medium;AC=NCIT:C185409	not applicable	NT=single cell;AC=PRIDE:0000897	manual picking	20230822_SingleCells_AsPc_6	1	6	run 115	proteomic profiling by mass spectrometry	NT=Q Exactive HF-X;AC=MS:1002877	NT=label free sample;AC=MS:1002038	NT=Carbamidomethyl;AC=UNIMOD:4;TA=C;MT=Fixed	NT=Oxidation;AC=UNIMOD:35;TA=M;MT=Variable	NT=Trypsin;AC=MS:1001251	not applicable	Data-independent acquisition	1	1	20230822_SingleCells_AsPc_6.raw	v1.1.0	NT=ms-proteomics;VV=v1.1.0	NT=human;VV=v1.1.0	NT=cell-lines;VV=v1.1.0	NT=single-cell;VV=v1.0.0	NT=clinical-metadata;VV=v1.0.0	NT=AsPC-1;AC=CLO:0001756	not applicable
20230822_SingleCells_AsPc_7	NT=Homo sapiens;AC=NCBITaxon:9606	NT=ascitic fluid;AC=UBERON:0007795	NT=epithelial cell;AC=CL:0000066	NT=pancreatic ductal adenocarcinoma;AC=MONDO:0005184	NT=AsPC-1;AC=CLO:0001756	CVCL_0152	AsPC-1	62Y	female	NT=Dulbecco's Modified Eagle Medium;AC=NCIT:C185409	not applicable	NT=single cell;AC=PRIDE:0000897	manual picking	20230822_SingleCells_AsPc_7	1	7	run 116	proteomic profiling by mass spectrometry	NT=Q Exactive HF-X;AC=MS:1002877	NT=label free sample;AC=MS:1002038	NT=Carbamidomethyl;AC=UNIMOD:4;TA=C;MT=Fixed	NT=Oxidation;AC=UNIMOD:35;TA=M;MT=Variable	NT=Trypsin;AC=MS:1001251	not applicable	Data-independent acquisition	1	1	20230822_SingleCells_AsPc_7.raw	v1.1.0	NT=ms-proteomics;VV=v1.1.0	NT=human;VV=v1.1.0	NT=cell-lines;VV=v1.1.0	NT=single-cell;VV=v1.0.0	NT=clinical-metadata;VV=v1.0.0	NT=AsPC-1;AC=CLO:0001756	not applicable
20230822_SingleCells_AsPc_8	NT=Homo sapiens;AC=NCBITaxon:9606	NT=ascitic fluid;AC=UBERON:0007795	NT=epithelial cell;AC=CL:0000066	NT=pancreatic ductal adenocarcinoma;AC=MONDO:0005184	NT=AsPC-1;AC=CLO:0001756	CVCL_0152	AsPC-1	62Y	female	NT=Dulbecco's Modified Eagle Medium;AC=NCIT:C185409	not applicable	NT=single cell;AC=PRIDE:0000897	manual picking	20230822_SingleCells_AsPc_8	1	8	run 117	proteomic profiling by mass spectrometry	NT=Q Exactive HF-X;AC=MS:1002877	NT=label free sample;AC=MS:1002038	NT=Carbamidomethyl;AC=UNIMOD:4;TA=C;MT=Fixed	NT=Oxidation;AC=UNIMOD:35;TA=M;MT=Variable	NT=Trypsin;AC=MS:1001251	not applicable	Data-independent acquisition	1	1	20230822_SingleCells_AsPc_8.raw	v1.1.0	NT=ms-proteomics;VV=v1.1.0	NT=human;VV=v1.1.0	NT=cell-lines;VV=v1.1.0	NT=single-cell;VV=v1.0.0	NT=clinical-metadata;VV=v1.0.0	NT=AsPC-1;AC=CLO:0001756	not applicable
20230822_SingleCells_AsPc_9	NT=Homo sapiens;AC=NCBITaxon:9606	NT=ascitic fluid;AC=UBERON:0007795	NT=epithelial cell;AC=CL:0000066	NT=pancreatic ductal adenocarcinoma;AC=MONDO:0005184	NT=AsPC-1;AC=CLO:0001756	CVCL_0152	AsPC-1	62Y	female	NT=Dulbecco's Modified Eagle Medium;AC=NCIT:C185409	not applicable	NT=single cell;AC=PRIDE:0000897	manual picking	20230822_SingleCells_AsPc_9	1	9	run 118	proteomic profiling by mass spectrometry	NT=Q Exactive HF-X;AC=MS:1002877	NT=label free sample;AC=MS:1002038	NT=Carbamidomethyl;AC=UNIMOD:4;TA=C;MT=Fixed	NT=Oxidation;AC=UNIMOD:35;TA=M;MT=Variable	NT=Trypsin;AC=MS:1001251	not applicable	Data-independent acquisition	1	1	20230822_SingleCells_AsPc_9.raw	v1.1.0	NT=ms-proteomics;VV=v1.1.0	NT=human;VV=v1.1.0	NT=cell-lines;VV=v1.1.0	NT=single-cell;VV=v1.0.0	NT=clinical-metadata;VV=v1.0.0	NT=AsPC-1;AC=CLO:0001756	not applicable
20230822_SingleCells_HPAF_1	NT=Homo sapiens;AC=NCBITaxon:9606	NT=ascitic fluid;AC=UBERON:0007795	NT=epithelial cell;AC=CL:0000066	NT=pancreatic ductal adenocarcinoma;AC=MONDO:0005184	NT=HPAF-II;AC=CLO:0003816	CVCL_0313	HPAF-II	44Y	male	NT=Dulbecco's Modified Eagle Medium;AC=NCIT:C185409	not applicable	NT=single cell;AC=PRIDE:0000897	manual picking	20230822_SingleCells_HPAF_1	1	1	run 119	proteomic profiling by mass spectrometry	NT=Q Exactive HF-X;AC=MS:1002877	NT=label free sample;AC=MS:1002038	NT=Carbamidomethyl;AC=UNIMOD:4;TA=C;MT=Fixed	NT=Oxidation;AC=UNIMOD:35;TA=M;MT=Variable	NT=Trypsin;AC=MS:1001251	not applicable	Data-independent acquisition	1	1	20230822_SingleCells_HPAF_1.raw	v1.1.0	NT=ms-proteomics;VV=v1.1.0	NT=human;VV=v1.1.0	NT=cell-lines;VV=v1.1.0	NT=single-cell;VV=v1.0.0	NT=clinical-metadata;VV=v1.0.0	NT=HPAF-II;AC=CLO:0003816	not applicable
20230822_SingleCells_HPAF_10	NT=Homo sapiens;AC=NCBITaxon:9606	NT=ascitic fluid;AC=UBERON:0007795	NT=epithelial cell;AC=CL:0000066	NT=pancreatic ductal adenocarcinoma;AC=MONDO:0005184	NT=HPAF-II;AC=CLO:0003816	CVCL_0313	HPAF-II	44Y	male	NT=Dulbecco's Modified Eagle Medium;AC=NCIT:C185409	not applicable	NT=single cell;AC=PRIDE:0000897	manual picking	20230822_SingleCells_HPAF_10	1	10	run 120	proteomic profiling by mass spectrometry	NT=Q Exactive HF-X;AC=MS:1002877	NT=label free sample;AC=MS:1002038	NT=Carbamidomethyl;AC=UNIMOD:4;TA=C;MT=Fixed	NT=Oxidation;AC=UNIMOD:35;TA=M;MT=Variable	NT=Trypsin;AC=MS:1001251	not applicable	Data-independent acquisition	1	1	20230822_SingleCells_HPAF_10.raw	v1.1.0	NT=ms-proteomics;VV=v1.1.0	NT=human;VV=v1.1.0	NT=cell-lines;VV=v1.1.0	NT=single-cell;VV=v1.0.0	NT=clinical-metadata;VV=v1.0.0	NT=HPAF-II;AC=CLO:0003816	not applicable
20230822_SingleCells_HPAF_11	NT=Homo sapiens;AC=NCBITaxon:9606	NT=ascitic fluid;AC=UBERON:0007795	NT=epithelial cell;AC=CL:0000066	NT=pancreatic ductal adenocarcinoma;AC=MONDO:0005184	NT=HPAF-II;AC=CLO:0003816	CVCL_0313	HPAF-II	44Y	male	NT=Dulbecco's Modified Eagle Medium;AC=NCIT:C185409	not applicable	NT=single cell;AC=PRIDE:0000897	manual picking	20230822_SingleCells_HPAF_11	1	11	run 121	proteomic profiling by mass spectrometry	NT=Q Exactive HF-X;AC=MS:1002877	NT=label free sample;AC=MS:1002038	NT=Carbamidomethyl;AC=UNIMOD:4;TA=C;MT=Fixed	NT=Oxidation;AC=UNIMOD:35;TA=M;MT=Variable	NT=Trypsin;AC=MS:1001251	not applicable	Data-independent acquisition	1	1	20230822_SingleCells_HPAF_11.raw	v1.1.0	NT=ms-proteomics;VV=v1.1.0	NT=human;VV=v1.1.0	NT=cell-lines;VV=v1.1.0	NT=single-cell;VV=v1.0.0	NT=clinical-metadata;VV=v1.0.0	NT=HPAF-II;AC=CLO:0003816	not applicable
20230822_SingleCells_HPAF_12	NT=Homo sapiens;AC=NCBITaxon:9606	NT=ascitic fluid;AC=UBERON:0007795	NT=epithelial cell;AC=CL:0000066	NT=pancreatic ductal adenocarcinoma;AC=MONDO:0005184	NT=HPAF-II;AC=CLO:0003816	CVCL_0313	HPAF-II	44Y	male	NT=Dulbecco's Modified Eagle Medium;AC=NCIT:C185409	not applicable	NT=single cell;AC=PRIDE:0000897	manual picking	20230822_SingleCells_HPAF_12	1	12	run 122	proteomic profiling by mass spectrometry	NT=Q Exactive HF-X;AC=MS:1002877	NT=label free sample;AC=MS:1002038	NT=Carbamidomethyl;AC=UNIMOD:4;TA=C;MT=Fixed	NT=Oxidation;AC=UNIMOD:35;TA=M;MT=Variable	NT=Trypsin;AC=MS:1001251	not applicable	Data-independent acquisition	1	1	20230822_SingleCells_HPAF_12.raw	v1.1.0	NT=ms-proteomics;VV=v1.1.0	NT=human;VV=v1.1.0	NT=cell-lines;VV=v1.1.0	NT=single-cell;VV=v1.0.0	NT=clinical-metadata;VV=v1.0.0	NT=HPAF-II;AC=CLO:0003816	not applicable
20230822_SingleCells_HPAF_13	NT=Homo sapiens;AC=NCBITaxon:9606	NT=ascitic fluid;AC=UBERON:0007795	NT=epithelial cell;AC=CL:0000066	NT=pancreatic ductal adenocarcinoma;AC=MONDO:0005184	NT=HPAF-II;AC=CLO:0003816	CVCL_0313	HPAF-II	44Y	male	NT=Dulbecco's Modified Eagle Medium;AC=NCIT:C185409	not applicable	NT=single cell;AC=PRIDE:0000897	manual picking	20230822_SingleCells_HPAF_13	1	13	run 123	proteomic profiling by mass spectrometry	NT=Q Exactive HF-X;AC=MS:1002877	NT=label free sample;AC=MS:1002038	NT=Carbamidomethyl;AC=UNIMOD:4;TA=C;MT=Fixed	NT=Oxidation;AC=UNIMOD:35;TA=M;MT=Variable	NT=Trypsin;AC=MS:1001251	not applicable	Data-independent acquisition	1	1	20230822_SingleCells_HPAF_13.raw	v1.1.0	NT=ms-proteomics;VV=v1.1.0	NT=human;VV=v1.1.0	NT=cell-lines;VV=v1.1.0	NT=single-cell;VV=v1.0.0	NT=clinical-metadata;VV=v1.0.0	NT=HPAF-II;AC=CLO:0003816	not applicable
20230822_SingleCells_HPAF_14	NT=Homo sapiens;AC=NCBITaxon:9606	NT=ascitic fluid;AC=UBERON:0007795	NT=epithelial cell;AC=CL:0000066	NT=pancreatic ductal adenocarcinoma;AC=MONDO:0005184	NT=HPAF-II;AC=CLO:0003816	CVCL_0313	HPAF-II	44Y	male	NT=Dulbecco's Modified Eagle Medium;AC=NCIT:C185409	not applicable	NT=single cell;AC=PRIDE:0000897	manual picking	20230822_SingleCells_HPAF_14	1	14	run 124	proteomic profiling by mass spectrometry	NT=Q Exactive HF-X;AC=MS:1002877	NT=label free sample;AC=MS:1002038	NT=Carbamidomethyl;AC=UNIMOD:4;TA=C;MT=Fixed	NT=Oxidation;AC=UNIMOD:35;TA=M;MT=Variable	NT=Trypsin;AC=MS:1001251	not applicable	Data-independent acquisition	1	1	20230822_SingleCells_HPAF_14.raw	v1.1.0	NT=ms-proteomics;VV=v1.1.0	NT=human;VV=v1.1.0	NT=cell-lines;VV=v1.1.0	NT=single-cell;VV=v1.0.0	NT=clinical-metadata;VV=v1.0.0	NT=HPAF-II;AC=CLO:0003816	not applicable
20230822_SingleCells_HPAF_15	NT=Homo sapiens;AC=NCBITaxon:9606	NT=ascitic fluid;AC=UBERON:0007795	NT=epithelial cell;AC=CL:0000066	NT=pancreatic ductal adenocarcinoma;AC=MONDO:0005184	NT=HPAF-II;AC=CLO:0003816	CVCL_0313	HPAF-II	44Y	male	NT=Dulbecco's Modified Eagle Medium;AC=NCIT:C185409	not applicable	NT=single cell;AC=PRIDE:0000897	manual picking	20230822_SingleCells_HPAF_15	1	15	run 125	proteomic profiling by mass spectrometry	NT=Q Exactive HF-X;AC=MS:1002877	NT=label free sample;AC=MS:1002038	NT=Carbamidomethyl;AC=UNIMOD:4;TA=C;MT=Fixed	NT=Oxidation;AC=UNIMOD:35;TA=M;MT=Variable	NT=Trypsin;AC=MS:1001251	not applicable	Data-independent acquisition	1	1	20230822_SingleCells_HPAF_15.raw	v1.1.0	NT=ms-proteomics;VV=v1.1.0	NT=human;VV=v1.1.0	NT=cell-lines;VV=v1.1.0	NT=single-cell;VV=v1.0.0	NT=clinical-metadata;VV=v1.0.0	NT=HPAF-II;AC=CLO:0003816	not applicable
20230822_SingleCells_HPAF_16	NT=Homo sapiens;AC=NCBITaxon:9606	NT=ascitic fluid;AC=UBERON:0007795	NT=epithelial cell;AC=CL:0000066	NT=pancreatic ductal adenocarcinoma;AC=MONDO:0005184	NT=HPAF-II;AC=CLO:0003816	CVCL_0313	HPAF-II	44Y	male	NT=Dulbecco's Modified Eagle Medium;AC=NCIT:C185409	not applicable	NT=single cell;AC=PRIDE:0000897	manual picking	20230822_SingleCells_HPAF_16	1	16	run 126	proteomic profiling by mass spectrometry	NT=Q Exactive HF-X;AC=MS:1002877	NT=label free sample;AC=MS:1002038	NT=Carbamidomethyl;AC=UNIMOD:4;TA=C;MT=Fixed	NT=Oxidation;AC=UNIMOD:35;TA=M;MT=Variable	NT=Trypsin;AC=MS:1001251	not applicable	Data-independent acquisition	1	1	20230822_SingleCells_HPAF_16.raw	v1.1.0	NT=ms-proteomics;VV=v1.1.0	NT=human;VV=v1.1.0	NT=cell-lines;VV=v1.1.0	NT=single-cell;VV=v1.0.0	NT=clinical-metadata;VV=v1.0.0	NT=HPAF-II;AC=CLO:0003816	not applicable
20230822_SingleCells_HPAF_17	NT=Homo sapiens;AC=NCBITaxon:9606	NT=ascitic fluid;AC=UBERON:0007795	NT=epithelial cell;AC=CL:0000066	NT=pancreatic ductal adenocarcinoma;AC=MONDO:0005184	NT=HPAF-II;AC=CLO:0003816	CVCL_0313	HPAF-II	44Y	male	NT=Dulbecco's Modified Eagle Medium;AC=NCIT:C185409	not applicable	NT=single cell;AC=PRIDE:0000897	manual picking	20230822_SingleCells_HPAF_17	1	17	run 127	proteomic profiling by mass spectrometry	NT=Q Exactive HF-X;AC=MS:1002877	NT=label free sample;AC=MS:1002038	NT=Carbamidomethyl;AC=UNIMOD:4;TA=C;MT=Fixed	NT=Oxidation;AC=UNIMOD:35;TA=M;MT=Variable	NT=Trypsin;AC=MS:1001251	not applicable	Data-independent acquisition	1	1	20230822_SingleCells_HPAF_17.raw	v1.1.0	NT=ms-proteomics;VV=v1.1.0	NT=human;VV=v1.1.0	NT=cell-lines;VV=v1.1.0	NT=single-cell;VV=v1.0.0	NT=clinical-metadata;VV=v1.0.0	NT=HPAF-II;AC=CLO:0003816	not applicable
20230822_SingleCells_HPAF_18	NT=Homo sapiens;AC=NCBITaxon:9606	NT=ascitic fluid;AC=UBERON:0007795	NT=epithelial cell;AC=CL:0000066	NT=pancreatic ductal adenocarcinoma;AC=MONDO:0005184	NT=HPAF-II;AC=CLO:0003816	CVCL_0313	HPAF-II	44Y	male	NT=Dulbecco's Modified Eagle Medium;AC=NCIT:C185409	not applicable	NT=single cell;AC=PRIDE:0000897	manual picking	20230822_SingleCells_HPAF_18	1	18	run 128	proteomic profiling by mass spectrometry	NT=Q Exactive HF-X;AC=MS:1002877	NT=label free sample;AC=MS:1002038	NT=Carbamidomethyl;AC=UNIMOD:4;TA=C;MT=Fixed	NT=Oxidation;AC=UNIMOD:35;TA=M;MT=Variable	NT=Trypsin;AC=MS:1001251	not applicable	Data-independent acquisition	1	1	20230822_SingleCells_HPAF_18.raw	v1.1.0	NT=ms-proteomics;VV=v1.1.0	NT=human;VV=v1.1.0	NT=cell-lines;VV=v1.1.0	NT=single-cell;VV=v1.0.0	NT=clinical-metadata;VV=v1.0.0	NT=HPAF-II;AC=CLO:0003816	not applicable
20230822_SingleCells_HPAF_19	NT=Homo sapiens;AC=NCBITaxon:9606	NT=ascitic fluid;AC=UBERON:0007795	NT=epithelial cell;AC=CL:0000066	NT=pancreatic ductal adenocarcinoma;AC=MONDO:0005184	NT=HPAF-II;AC=CLO:0003816	CVCL_0313	HPAF-II	44Y	male	NT=Dulbecco's Modified Eagle Medium;AC=NCIT:C185409	not applicable	NT=single cell;AC=PRIDE:0000897	manual picking	20230822_SingleCells_HPAF_19	1	19	run 129	proteomic profiling by mass spectrometry	NT=Q Exactive HF-X;AC=MS:1002877	NT=label free sample;AC=MS:1002038	NT=Carbamidomethyl;AC=UNIMOD:4;TA=C;MT=Fixed	NT=Oxidation;AC=UNIMOD:35;TA=M;MT=Variable	NT=Trypsin;AC=MS:1001251	not applicable	Data-independent acquisition	1	1	20230822_SingleCells_HPAF_19.raw	v1.1.0	NT=ms-proteomics;VV=v1.1.0	NT=human;VV=v1.1.0	NT=cell-lines;VV=v1.1.0	NT=single-cell;VV=v1.0.0	NT=clinical-metadata;VV=v1.0.0	NT=HPAF-II;AC=CLO:0003816	not applicable
20230822_SingleCells_HPAF_2	NT=Homo sapiens;AC=NCBITaxon:9606	NT=ascitic fluid;AC=UBERON:0007795	NT=epithelial cell;AC=CL:0000066	NT=pancreatic ductal adenocarcinoma;AC=MONDO:0005184	NT=HPAF-II;AC=CLO:0003816	CVCL_0313	HPAF-II	44Y	male	NT=Dulbecco's Modified Eagle Medium;AC=NCIT:C185409	not applicable	NT=single cell;AC=PRIDE:0000897	manual picking	20230822_SingleCells_HPAF_2	1	2	run 130	proteomic profiling by mass spectrometry	NT=Q Exactive HF-X;AC=MS:1002877	NT=label free sample;AC=MS:1002038	NT=Carbamidomethyl;AC=UNIMOD:4;TA=C;MT=Fixed	NT=Oxidation;AC=UNIMOD:35;TA=M;MT=Variable	NT=Trypsin;AC=MS:1001251	not applicable	Data-independent acquisition	1	1	20230822_SingleCells_HPAF_2.raw	v1.1.0	NT=ms-proteomics;VV=v1.1.0	NT=human;VV=v1.1.0	NT=cell-lines;VV=v1.1.0	NT=single-cell;VV=v1.0.0	NT=clinical-metadata;VV=v1.0.0	NT=HPAF-II;AC=CLO:0003816	not applicable
20230822_SingleCells_HPAF_20	NT=Homo sapiens;AC=NCBITaxon:9606	NT=ascitic fluid;AC=UBERON:0007795	NT=epithelial cell;AC=CL:0000066	NT=pancreatic ductal adenocarcinoma;AC=MONDO:0005184	NT=HPAF-II;AC=CLO:0003816	CVCL_0313	HPAF-II	44Y	male	NT=Dulbecco's Modified Eagle Medium;AC=NCIT:C185409	not applicable	NT=single cell;AC=PRIDE:0000897	manual picking	20230822_SingleCells_HPAF_20	1	20	run 131	proteomic profiling by mass spectrometry	NT=Q Exactive HF-X;AC=MS:1002877	NT=label free sample;AC=MS:1002038	NT=Carbamidomethyl;AC=UNIMOD:4;TA=C;MT=Fixed	NT=Oxidation;AC=UNIMOD:35;TA=M;MT=Variable	NT=Trypsin;AC=MS:1001251	not applicable	Data-independent acquisition	1	1	20230822_SingleCells_HPAF_20.raw	v1.1.0	NT=ms-proteomics;VV=v1.1.0	NT=human;VV=v1.1.0	NT=cell-lines;VV=v1.1.0	NT=single-cell;VV=v1.0.0	NT=clinical-metadata;VV=v1.0.0	NT=HPAF-II;AC=CLO:0003816	not applicable
20230822_SingleCells_HPAF_21	NT=Homo sapiens;AC=NCBITaxon:9606	NT=ascitic fluid;AC=UBERON:0007795	NT=epithelial cell;AC=CL:0000066	NT=pancreatic ductal adenocarcinoma;AC=MONDO:0005184	NT=HPAF-II;AC=CLO:0003816	CVCL_0313	HPAF-II	44Y	male	NT=Dulbecco's Modified Eagle Medium;AC=NCIT:C185409	not applicable	NT=single cell;AC=PRIDE:0000897	manual picking	20230822_SingleCells_HPAF_21	1	21	run 132	proteomic profiling by mass spectrometry	NT=Q Exactive HF-X;AC=MS:1002877	NT=label free sample;AC=MS:1002038	NT=Carbamidomethyl;AC=UNIMOD:4;TA=C;MT=Fixed	NT=Oxidation;AC=UNIMOD:35;TA=M;MT=Variable	NT=Trypsin;AC=MS:1001251	not applicable	Data-independent acquisition	1	1	20230822_SingleCells_HPAF_21.raw	v1.1.0	NT=ms-proteomics;VV=v1.1.0	NT=human;VV=v1.1.0	NT=cell-lines;VV=v1.1.0	NT=single-cell;VV=v1.0.0	NT=clinical-metadata;VV=v1.0.0	NT=HPAF-II;AC=CLO:0003816	not applicable
20230822_SingleCells_HPAF_22	NT=Homo sapiens;AC=NCBITaxon:9606	NT=ascitic fluid;AC=UBERON:0007795	NT=epithelial cell;AC=CL:0000066	NT=pancreatic ductal adenocarcinoma;AC=MONDO:0005184	NT=HPAF-II;AC=CLO:0003816	CVCL_0313	HPAF-II	44Y	male	NT=Dulbecco's Modified Eagle Medium;AC=NCIT:C185409	not applicable	NT=single cell;AC=PRIDE:0000897	manual picking	20230822_SingleCells_HPAF_22	1	22	run 133	proteomic profiling by mass spectrometry	NT=Q Exactive HF-X;AC=MS:1002877	NT=label free sample;AC=MS:1002038	NT=Carbamidomethyl;AC=UNIMOD:4;TA=C;MT=Fixed	NT=Oxidation;AC=UNIMOD:35;TA=M;MT=Variable	NT=Trypsin;AC=MS:1001251	not applicable	Data-independent acquisition	1	1	20230822_SingleCells_HPAF_22.raw	v1.1.0	NT=ms-proteomics;VV=v1.1.0	NT=human;VV=v1.1.0	NT=cell-lines;VV=v1.1.0	NT=single-cell;VV=v1.0.0	NT=clinical-metadata;VV=v1.0.0	NT=HPAF-II;AC=CLO:0003816	not applicable
20230822_SingleCells_HPAF_23	NT=Homo sapiens;AC=NCBITaxon:9606	NT=ascitic fluid;AC=UBERON:0007795	NT=epithelial cell;AC=CL:0000066	NT=pancreatic ductal adenocarcinoma;AC=MONDO:0005184	NT=HPAF-II;AC=CLO:0003816	CVCL_0313	HPAF-II	44Y	male	NT=Dulbecco's Modified Eagle Medium;AC=NCIT:C185409	not applicable	NT=single cell;AC=PRIDE:0000897	manual picking	20230822_SingleCells_HPAF_23	1	23	run 134	proteomic profiling by mass spectrometry	NT=Q Exactive HF-X;AC=MS:1002877	NT=label free sample;AC=MS:1002038	NT=Carbamidomethyl;AC=UNIMOD:4;TA=C;MT=Fixed	NT=Oxidation;AC=UNIMOD:35;TA=M;MT=Variable	NT=Trypsin;AC=MS:1001251	not applicable	Data-independent acquisition	1	1	20230822_SingleCells_HPAF_23.raw	v1.1.0	NT=ms-proteomics;VV=v1.1.0	NT=human;VV=v1.1.0	NT=cell-lines;VV=v1.1.0	NT=single-cell;VV=v1.0.0	NT=clinical-metadata;VV=v1.0.0	NT=HPAF-II;AC=CLO:0003816	not applicable
20230822_SingleCells_HPAF_24	NT=Homo sapiens;AC=NCBITaxon:9606	NT=ascitic fluid;AC=UBERON:0007795	NT=epithelial cell;AC=CL:0000066	NT=pancreatic ductal adenocarcinoma;AC=MONDO:0005184	NT=HPAF-II;AC=CLO:0003816	CVCL_0313	HPAF-II	44Y	male	NT=Dulbecco's Modified Eagle Medium;AC=NCIT:C185409	not applicable	NT=single cell;AC=PRIDE:0000897	manual picking	20230822_SingleCells_HPAF_24	1	24	run 135	proteomic profiling by mass spectrometry	NT=Q Exactive HF-X;AC=MS:1002877	NT=label free sample;AC=MS:1002038	NT=Carbamidomethyl;AC=UNIMOD:4;TA=C;MT=Fixed	NT=Oxidation;AC=UNIMOD:35;TA=M;MT=Variable	NT=Trypsin;AC=MS:1001251	not applicable	Data-independent acquisition	1	1	20230822_SingleCells_HPAF_24.raw	v1.1.0	NT=ms-proteomics;VV=v1.1.0	NT=human;VV=v1.1.0	NT=cell-lines;VV=v1.1.0	NT=single-cell;VV=v1.0.0	NT=clinical-metadata;VV=v1.0.0	NT=HPAF-II;AC=CLO:0003816	not applicable
20230822_SingleCells_HPAF_25	NT=Homo sapiens;AC=NCBITaxon:9606	NT=ascitic fluid;AC=UBERON:0007795	NT=epithelial cell;AC=CL:0000066	NT=pancreatic ductal adenocarcinoma;AC=MONDO:0005184	NT=HPAF-II;AC=CLO:0003816	CVCL_0313	HPAF-II	44Y	male	NT=Dulbecco's Modified Eagle Medium;AC=NCIT:C185409	not applicable	NT=single cell;AC=PRIDE:0000897	manual picking	20230822_SingleCells_HPAF_25	1	25	run 136	proteomic profiling by mass spectrometry	NT=Q Exactive HF-X;AC=MS:1002877	NT=label free sample;AC=MS:1002038	NT=Carbamidomethyl;AC=UNIMOD:4;TA=C;MT=Fixed	NT=Oxidation;AC=UNIMOD:35;TA=M;MT=Variable	NT=Trypsin;AC=MS:1001251	not applicable	Data-independent acquisition	1	1	20230822_SingleCells_HPAF_25.raw	v1.1.0	NT=ms-proteomics;VV=v1.1.0	NT=human;VV=v1.1.0	NT=cell-lines;VV=v1.1.0	NT=single-cell;VV=v1.0.0	NT=clinical-metadata;VV=v1.0.0	NT=HPAF-II;AC=CLO:0003816	not applicable
20230822_SingleCells_HPAF_26	NT=Homo sapiens;AC=NCBITaxon:9606	NT=ascitic fluid;AC=UBERON:0007795	NT=epithelial cell;AC=CL:0000066	NT=pancreatic ductal adenocarcinoma;AC=MONDO:0005184	NT=HPAF-II;AC=CLO:0003816	CVCL_0313	HPAF-II	44Y	male	NT=Dulbecco's Modified Eagle Medium;AC=NCIT:C185409	not applicable	NT=single cell;AC=PRIDE:0000897	manual picking	20230822_SingleCells_HPAF_26	1	26	run 137	proteomic profiling by mass spectrometry	NT=Q Exactive HF-X;AC=MS:1002877	NT=label free sample;AC=MS:1002038	NT=Carbamidomethyl;AC=UNIMOD:4;TA=C;MT=Fixed	NT=Oxidation;AC=UNIMOD:35;TA=M;MT=Variable	NT=Trypsin;AC=MS:1001251	not applicable	Data-independent acquisition	1	1	20230822_SingleCells_HPAF_26.raw	v1.1.0	NT=ms-proteomics;VV=v1.1.0	NT=human;VV=v1.1.0	NT=cell-lines;VV=v1.1.0	NT=single-cell;VV=v1.0.0	NT=clinical-metadata;VV=v1.0.0	NT=HPAF-II;AC=CLO:0003816	not applicable
20230822_SingleCells_HPAF_27	NT=Homo sapiens;AC=NCBITaxon:9606	NT=ascitic fluid;AC=UBERON:0007795	NT=epithelial cell;AC=CL:0000066	NT=pancreatic ductal adenocarcinoma;AC=MONDO:0005184	NT=HPAF-II;AC=CLO:0003816	CVCL_0313	HPAF-II	44Y	male	NT=Dulbecco's Modified Eagle Medium;AC=NCIT:C185409	not applicable	NT=single cell;AC=PRIDE:0000897	manual picking	20230822_SingleCells_HPAF_27	1	27	run 138	proteomic profiling by mass spectrometry	NT=Q Exactive HF-X;AC=MS:1002877	NT=label free sample;AC=MS:1002038	NT=Carbamidomethyl;AC=UNIMOD:4;TA=C;MT=Fixed	NT=Oxidation;AC=UNIMOD:35;TA=M;MT=Variable	NT=Trypsin;AC=MS:1001251	not applicable	Data-independent acquisition	1	1	20230822_SingleCells_HPAF_27.raw	v1.1.0	NT=ms-proteomics;VV=v1.1.0	NT=human;VV=v1.1.0	NT=cell-lines;VV=v1.1.0	NT=single-cell;VV=v1.0.0	NT=clinical-metadata;VV=v1.0.0	NT=HPAF-II;AC=CLO:0003816	not applicable
20230822_SingleCells_HPAF_28	NT=Homo sapiens;AC=NCBITaxon:9606	NT=ascitic fluid;AC=UBERON:0007795	NT=epithelial cell;AC=CL:0000066	NT=pancreatic ductal adenocarcinoma;AC=MONDO:0005184	NT=HPAF-II;AC=CLO:0003816	CVCL_0313	HPAF-II	44Y	male	NT=Dulbecco's Modified Eagle Medium;AC=NCIT:C185409	not applicable	NT=single cell;AC=PRIDE:0000897	manual picking	20230822_SingleCells_HPAF_28	1	28	run 139	proteomic profiling by mass spectrometry	NT=Q Exactive HF-X;AC=MS:1002877	NT=label free sample;AC=MS:1002038	NT=Carbamidomethyl;AC=UNIMOD:4;TA=C;MT=Fixed	NT=Oxidation;AC=UNIMOD:35;TA=M;MT=Variable	NT=Trypsin;AC=MS:1001251	not applicable	Data-independent acquisition	1	1	20230822_SingleCells_HPAF_28.raw	v1.1.0	NT=ms-proteomics;VV=v1.1.0	NT=human;VV=v1.1.0	NT=cell-lines;VV=v1.1.0	NT=single-cell;VV=v1.0.0	NT=clinical-metadata;VV=v1.0.0	NT=HPAF-II;AC=CLO:0003816	not applicable
20230822_SingleCells_HPAF_29	NT=Homo sapiens;AC=NCBITaxon:9606	NT=ascitic fluid;AC=UBERON:0007795	NT=epithelial cell;AC=CL:0000066	NT=pancreatic ductal adenocarcinoma;AC=MONDO:0005184	NT=HPAF-II;AC=CLO:0003816	CVCL_0313	HPAF-II	44Y	male	NT=Dulbecco's Modified Eagle Medium;AC=NCIT:C185409	not applicable	NT=single cell;AC=PRIDE:0000897	manual picking	20230822_SingleCells_HPAF_29	1	29	run 140	proteomic profiling by mass spectrometry	NT=Q Exactive HF-X;AC=MS:1002877	NT=label free sample;AC=MS:1002038	NT=Carbamidomethyl;AC=UNIMOD:4;TA=C;MT=Fixed	NT=Oxidation;AC=UNIMOD:35;TA=M;MT=Variable	NT=Trypsin;AC=MS:1001251	not applicable	Data-independent acquisition	1	1	20230822_SingleCells_HPAF_29.raw	v1.1.0	NT=ms-proteomics;VV=v1.1.0	NT=human;VV=v1.1.0	NT=cell-lines;VV=v1.1.0	NT=single-cell;VV=v1.0.0	NT=clinical-metadata;VV=v1.0.0	NT=HPAF-II;AC=CLO:0003816	not applicable
20230822_SingleCells_HPAF_3	NT=Homo sapiens;AC=NCBITaxon:9606	NT=ascitic fluid;AC=UBERON:0007795	NT=epithelial cell;AC=CL:0000066	NT=pancreatic ductal adenocarcinoma;AC=MONDO:0005184	NT=HPAF-II;AC=CLO:0003816	CVCL_0313	HPAF-II	44Y	male	NT=Dulbecco's Modified Eagle Medium;AC=NCIT:C185409	not applicable	NT=single cell;AC=PRIDE:0000897	manual picking	20230822_SingleCells_HPAF_3	1	3	run 141	proteomic profiling by mass spectrometry	NT=Q Exactive HF-X;AC=MS:1002877	NT=label free sample;AC=MS:1002038	NT=Carbamidomethyl;AC=UNIMOD:4;TA=C;MT=Fixed	NT=Oxidation;AC=UNIMOD:35;TA=M;MT=Variable	NT=Trypsin;AC=MS:1001251	not applicable	Data-independent acquisition	1	1	20230822_SingleCells_HPAF_3.raw	v1.1.0	NT=ms-proteomics;VV=v1.1.0	NT=human;VV=v1.1.0	NT=cell-lines;VV=v1.1.0	NT=single-cell;VV=v1.0.0	NT=clinical-metadata;VV=v1.0.0	NT=HPAF-II;AC=CLO:0003816	not applicable
20230822_SingleCells_HPAF_30	NT=Homo sapiens;AC=NCBITaxon:9606	NT=ascitic fluid;AC=UBERON:0007795	NT=epithelial cell;AC=CL:0000066	NT=pancreatic ductal adenocarcinoma;AC=MONDO:0005184	NT=HPAF-II;AC=CLO:0003816	CVCL_0313	HPAF-II	44Y	male	NT=Dulbecco's Modified Eagle Medium;AC=NCIT:C185409	not applicable	NT=single cell;AC=PRIDE:0000897	manual picking	20230822_SingleCells_HPAF_30	1	30	run 142	proteomic profiling by mass spectrometry	NT=Q Exactive HF-X;AC=MS:1002877	NT=label free sample;AC=MS:1002038	NT=Carbamidomethyl;AC=UNIMOD:4;TA=C;MT=Fixed	NT=Oxidation;AC=UNIMOD:35;TA=M;MT=Variable	NT=Trypsin;AC=MS:1001251	not applicable	Data-independent acquisition	1	1	20230822_SingleCells_HPAF_30.raw	v1.1.0	NT=ms-proteomics;VV=v1.1.0	NT=human;VV=v1.1.0	NT=cell-lines;VV=v1.1.0	NT=single-cell;VV=v1.0.0	NT=clinical-metadata;VV=v1.0.0	NT=HPAF-II;AC=CLO:0003816	not applicable
20230822_SingleCells_HPAF_4	NT=Homo sapiens;AC=NCBITaxon:9606	NT=ascitic fluid;AC=UBERON:0007795	NT=epithelial cell;AC=CL:0000066	NT=pancreatic ductal adenocarcinoma;AC=MONDO:0005184	NT=HPAF-II;AC=CLO:0003816	CVCL_0313	HPAF-II	44Y	male	NT=Dulbecco's Modified Eagle Medium;AC=NCIT:C185409	not applicable	NT=single cell;AC=PRIDE:0000897	manual picking	20230822_SingleCells_HPAF_4	1	4	run 143	proteomic profiling by mass spectrometry	NT=Q Exactive HF-X;AC=MS:1002877	NT=label free sample;AC=MS:1002038	NT=Carbamidomethyl;AC=UNIMOD:4;TA=C;MT=Fixed	NT=Oxidation;AC=UNIMOD:35;TA=M;MT=Variable	NT=Trypsin;AC=MS:1001251	not applicable	Data-independent acquisition	1	1	20230822_SingleCells_HPAF_4.raw	v1.1.0	NT=ms-proteomics;VV=v1.1.0	NT=human;VV=v1.1.0	NT=cell-lines;VV=v1.1.0	NT=single-cell;VV=v1.0.0	NT=clinical-metadata;VV=v1.0.0	NT=HPAF-II;AC=CLO:0003816	not applicable
20230822_SingleCells_HPAF_5	NT=Homo sapiens;AC=NCBITaxon:9606	NT=ascitic fluid;AC=UBERON:0007795	NT=epithelial cell;AC=CL:0000066	NT=pancreatic ductal adenocarcinoma;AC=MONDO:0005184	NT=HPAF-II;AC=CLO:0003816	CVCL_0313	HPAF-II	44Y	male	NT=Dulbecco's Modified Eagle Medium;AC=NCIT:C185409	not applicable	NT=single cell;AC=PRIDE:0000897	manual picking	20230822_SingleCells_HPAF_5	1	5	run 144	proteomic profiling by mass spectrometry	NT=Q Exactive HF-X;AC=MS:1002877	NT=label free sample;AC=MS:1002038	NT=Carbamidomethyl;AC=UNIMOD:4;TA=C;MT=Fixed	NT=Oxidation;AC=UNIMOD:35;TA=M;MT=Variable	NT=Trypsin;AC=MS:1001251	not applicable	Data-independent acquisition	1	1	20230822_SingleCells_HPAF_5.raw	v1.1.0	NT=ms-proteomics;VV=v1.1.0	NT=human;VV=v1.1.0	NT=cell-lines;VV=v1.1.0	NT=single-cell;VV=v1.0.0	NT=clinical-metadata;VV=v1.0.0	NT=HPAF-II;AC=CLO:0003816	not applicable
20230822_SingleCells_HPAF_6	NT=Homo sapiens;AC=NCBITaxon:9606	NT=ascitic fluid;AC=UBERON:0007795	NT=epithelial cell;AC=CL:0000066	NT=pancreatic ductal adenocarcinoma;AC=MONDO:0005184	NT=HPAF-II;AC=CLO:0003816	CVCL_0313	HPAF-II	44Y	male	NT=Dulbecco's Modified Eagle Medium;AC=NCIT:C185409	not applicable	NT=single cell;AC=PRIDE:0000897	manual picking	20230822_SingleCells_HPAF_6	1	6	run 145	proteomic profiling by mass spectrometry	NT=Q Exactive HF-X;AC=MS:1002877	NT=label free sample;AC=MS:1002038	NT=Carbamidomethyl;AC=UNIMOD:4;TA=C;MT=Fixed	NT=Oxidation;AC=UNIMOD:35;TA=M;MT=Variable	NT=Trypsin;AC=MS:1001251	not applicable	Data-independent acquisition	1	1	20230822_SingleCells_HPAF_6.raw	v1.1.0	NT=ms-proteomics;VV=v1.1.0	NT=human;VV=v1.1.0	NT=cell-lines;VV=v1.1.0	NT=single-cell;VV=v1.0.0	NT=clinical-metadata;VV=v1.0.0	NT=HPAF-II;AC=CLO:0003816	not applicable
20230822_SingleCells_HPAF_7	NT=Homo sapiens;AC=NCBITaxon:9606	NT=ascitic fluid;AC=UBERON:0007795	NT=epithelial cell;AC=CL:0000066	NT=pancreatic ductal adenocarcinoma;AC=MONDO:0005184	NT=HPAF-II;AC=CLO:0003816	CVCL_0313	HPAF-II	44Y	male	NT=Dulbecco's Modified Eagle Medium;AC=NCIT:C185409	not applicable	NT=single cell;AC=PRIDE:0000897	manual picking	20230822_SingleCells_HPAF_7	1	7	run 146	proteomic profiling by mass spectrometry	NT=Q Exactive HF-X;AC=MS:1002877	NT=label free sample;AC=MS:1002038	NT=Carbamidomethyl;AC=UNIMOD:4;TA=C;MT=Fixed	NT=Oxidation;AC=UNIMOD:35;TA=M;MT=Variable	NT=Trypsin;AC=MS:1001251	not applicable	Data-independent acquisition	1	1	20230822_SingleCells_HPAF_7.raw	v1.1.0	NT=ms-proteomics;VV=v1.1.0	NT=human;VV=v1.1.0	NT=cell-lines;VV=v1.1.0	NT=single-cell;VV=v1.0.0	NT=clinical-metadata;VV=v1.0.0	NT=HPAF-II;AC=CLO:0003816	not applicable
20230822_SingleCells_HPAF_8	NT=Homo sapiens;AC=NCBITaxon:9606	NT=ascitic fluid;AC=UBERON:0007795	NT=epithelial cell;AC=CL:0000066	NT=pancreatic ductal adenocarcinoma;AC=MONDO:0005184	NT=HPAF-II;AC=CLO:0003816	CVCL_0313	HPAF-II	44Y	male	NT=Dulbecco's Modified Eagle Medium;AC=NCIT:C185409	not applicable	NT=single cell;AC=PRIDE:0000897	manual picking	20230822_SingleCells_HPAF_8	1	8	run 147	proteomic profiling by mass spectrometry	NT=Q Exactive HF-X;AC=MS:1002877	NT=label free sample;AC=MS:1002038	NT=Carbamidomethyl;AC=UNIMOD:4;TA=C;MT=Fixed	NT=Oxidation;AC=UNIMOD:35;TA=M;MT=Variable	NT=Trypsin;AC=MS:1001251	not applicable	Data-independent acquisition	1	1	20230822_SingleCells_HPAF_8.raw	v1.1.0	NT=ms-proteomics;VV=v1.1.0	NT=human;VV=v1.1.0	NT=cell-lines;VV=v1.1.0	NT=single-cell;VV=v1.0.0	NT=clinical-metadata;VV=v1.0.0	NT=HPAF-II;AC=CLO:0003816	not applicable
20230822_SingleCells_HPAF_9	NT=Homo sapiens;AC=NCBITaxon:9606	NT=ascitic fluid;AC=UBERON:0007795	NT=epithelial cell;AC=CL:0000066	NT=pancreatic ductal adenocarcinoma;AC=MONDO:0005184	NT=HPAF-II;AC=CLO:0003816	CVCL_0313	HPAF-II	44Y	male	NT=Dulbecco's Modified Eagle Medium;AC=NCIT:C185409	not applicable	NT=single cell;AC=PRIDE:0000897	manual picking	20230822_SingleCells_HPAF_9	1	9	run 148	proteomic profiling by mass spectrometry	NT=Q Exactive HF-X;AC=MS:1002877	NT=label free sample;AC=MS:1002038	NT=Carbamidomethyl;AC=UNIMOD:4;TA=C;MT=Fixed	NT=Oxidation;AC=UNIMOD:35;TA=M;MT=Variable	NT=Trypsin;AC=MS:1001251	not applicable	Data-independent acquisition	1	1	20230822_SingleCells_HPAF_9.raw	v1.1.0	NT=ms-proteomics;VV=v1.1.0	NT=human;VV=v1.1.0	NT=cell-lines;VV=v1.1.0	NT=single-cell;VV=v1.0.0	NT=clinical-metadata;VV=v1.0.0	NT=HPAF-II;AC=CLO:0003816	not applicable
20230822_SingleCells_HPDE_1	NT=Homo sapiens;AC=NCBITaxon:9606	NT=pancreas;AC=UBERON:0001264	NT=epithelial cell;AC=CL:0000066	NT=normal;AC=PATO:0000461	NT=HPDE6-C7;AC=BTO:0006456	CVCL_0P38	HPDE6c7	63Y	female	Keratinocyte serum-free medium	not applicable	NT=single cell;AC=PRIDE:0000897	manual picking	20230822_SingleCells_HPDE_1	1	1	run 149	proteomic profiling by mass spectrometry	NT=Q Exactive HF-X;AC=MS:1002877	NT=label free sample;AC=MS:1002038	NT=Carbamidomethyl;AC=UNIMOD:4;TA=C;MT=Fixed	NT=Oxidation;AC=UNIMOD:35;TA=M;MT=Variable	NT=Trypsin;AC=MS:1001251	not applicable	Data-independent acquisition	1	1	20230822_SingleCells_HPDE_1.raw	v1.1.0	NT=ms-proteomics;VV=v1.1.0	NT=human;VV=v1.1.0	NT=cell-lines;VV=v1.1.0	NT=single-cell;VV=v1.0.0	NT=clinical-metadata;VV=v1.0.0	NT=HPDE6-C7;AC=BTO:0006456	not applicable
20230822_SingleCells_HPDE_10	NT=Homo sapiens;AC=NCBITaxon:9606	NT=pancreas;AC=UBERON:0001264	NT=epithelial cell;AC=CL:0000066	NT=normal;AC=PATO:0000461	NT=HPDE6-C7;AC=BTO:0006456	CVCL_0P38	HPDE6c7	63Y	female	Keratinocyte serum-free medium	not applicable	NT=single cell;AC=PRIDE:0000897	manual picking	20230822_SingleCells_HPDE_10	1	10	run 150	proteomic profiling by mass spectrometry	NT=Q Exactive HF-X;AC=MS:1002877	NT=label free sample;AC=MS:1002038	NT=Carbamidomethyl;AC=UNIMOD:4;TA=C;MT=Fixed	NT=Oxidation;AC=UNIMOD:35;TA=M;MT=Variable	NT=Trypsin;AC=MS:1001251	not applicable	Data-independent acquisition	1	1	20230822_SingleCells_HPDE_10.raw	v1.1.0	NT=ms-proteomics;VV=v1.1.0	NT=human;VV=v1.1.0	NT=cell-lines;VV=v1.1.0	NT=single-cell;VV=v1.0.0	NT=clinical-metadata;VV=v1.0.0	NT=HPDE6-C7;AC=BTO:0006456	not applicable
20230822_SingleCells_HPDE_11	NT=Homo sapiens;AC=NCBITaxon:9606	NT=pancreas;AC=UBERON:0001264	NT=epithelial cell;AC=CL:0000066	NT=normal;AC=PATO:0000461	NT=HPDE6-C7;AC=BTO:0006456	CVCL_0P38	HPDE6c7	63Y	female	Keratinocyte serum-free medium	not applicable	NT=single cell;AC=PRIDE:0000897	manual picking	20230822_SingleCells_HPDE_11	1	11	run 151	proteomic profiling by mass spectrometry	NT=Q Exactive HF-X;AC=MS:1002877	NT=label free sample;AC=MS:1002038	NT=Carbamidomethyl;AC=UNIMOD:4;TA=C;MT=Fixed	NT=Oxidation;AC=UNIMOD:35;TA=M;MT=Variable	NT=Trypsin;AC=MS:1001251	not applicable	Data-independent acquisition	1	1	20230822_SingleCells_HPDE_11.raw	v1.1.0	NT=ms-proteomics;VV=v1.1.0	NT=human;VV=v1.1.0	NT=cell-lines;VV=v1.1.0	NT=single-cell;VV=v1.0.0	NT=clinical-metadata;VV=v1.0.0	NT=HPDE6-C7;AC=BTO:0006456	not applicable
20230822_SingleCells_HPDE_12	NT=Homo sapiens;AC=NCBITaxon:9606	NT=pancreas;AC=UBERON:0001264	NT=epithelial cell;AC=CL:0000066	NT=normal;AC=PATO:0000461	NT=HPDE6-C7;AC=BTO:0006456	CVCL_0P38	HPDE6c7	63Y	female	Keratinocyte serum-free medium	not applicable	NT=single cell;AC=PRIDE:0000897	manual picking	20230822_SingleCells_HPDE_12	1	12	run 152	proteomic profiling by mass spectrometry	NT=Q Exactive HF-X;AC=MS:1002877	NT=label free sample;AC=MS:1002038	NT=Carbamidomethyl;AC=UNIMOD:4;TA=C;MT=Fixed	NT=Oxidation;AC=UNIMOD:35;TA=M;MT=Variable	NT=Trypsin;AC=MS:1001251	not applicable	Data-independent acquisition	1	1	20230822_SingleCells_HPDE_12.raw	v1.1.0	NT=ms-proteomics;VV=v1.1.0	NT=human;VV=v1.1.0	NT=cell-lines;VV=v1.1.0	NT=single-cell;VV=v1.0.0	NT=clinical-metadata;VV=v1.0.0	NT=HPDE6-C7;AC=BTO:0006456	not applicable
20230822_SingleCells_HPDE_13	NT=Homo sapiens;AC=NCBITaxon:9606	NT=pancreas;AC=UBERON:0001264	NT=epithelial cell;AC=CL:0000066	NT=normal;AC=PATO:0000461	NT=HPDE6-C7;AC=BTO:0006456	CVCL_0P38	HPDE6c7	63Y	female	Keratinocyte serum-free medium	not applicable	NT=single cell;AC=PRIDE:0000897	manual picking	20230822_SingleCells_HPDE_13	1	13	run 153	proteomic profiling by mass spectrometry	NT=Q Exactive HF-X;AC=MS:1002877	NT=label free sample;AC=MS:1002038	NT=Carbamidomethyl;AC=UNIMOD:4;TA=C;MT=Fixed	NT=Oxidation;AC=UNIMOD:35;TA=M;MT=Variable	NT=Trypsin;AC=MS:1001251	not applicable	Data-independent acquisition	1	1	20230822_SingleCells_HPDE_13.raw	v1.1.0	NT=ms-proteomics;VV=v1.1.0	NT=human;VV=v1.1.0	NT=cell-lines;VV=v1.1.0	NT=single-cell;VV=v1.0.0	NT=clinical-metadata;VV=v1.0.0	NT=HPDE6-C7;AC=BTO:0006456	not applicable
20230822_SingleCells_HPDE_14	NT=Homo sapiens;AC=NCBITaxon:9606	NT=pancreas;AC=UBERON:0001264	NT=epithelial cell;AC=CL:0000066	NT=normal;AC=PATO:0000461	NT=HPDE6-C7;AC=BTO:0006456	CVCL_0P38	HPDE6c7	63Y	female	Keratinocyte serum-free medium	not applicable	NT=single cell;AC=PRIDE:0000897	manual picking	20230822_SingleCells_HPDE_14	1	14	run 154	proteomic profiling by mass spectrometry	NT=Q Exactive HF-X;AC=MS:1002877	NT=label free sample;AC=MS:1002038	NT=Carbamidomethyl;AC=UNIMOD:4;TA=C;MT=Fixed	NT=Oxidation;AC=UNIMOD:35;TA=M;MT=Variable	NT=Trypsin;AC=MS:1001251	not applicable	Data-independent acquisition	1	1	20230822_SingleCells_HPDE_14.raw	v1.1.0	NT=ms-proteomics;VV=v1.1.0	NT=human;VV=v1.1.0	NT=cell-lines;VV=v1.1.0	NT=single-cell;VV=v1.0.0	NT=clinical-metadata;VV=v1.0.0	NT=HPDE6-C7;AC=BTO:0006456	not applicable
20230822_SingleCells_HPDE_15	NT=Homo sapiens;AC=NCBITaxon:9606	NT=pancreas;AC=UBERON:0001264	NT=epithelial cell;AC=CL:0000066	NT=normal;AC=PATO:0000461	NT=HPDE6-C7;AC=BTO:0006456	CVCL_0P38	HPDE6c7	63Y	female	Keratinocyte serum-free medium	not applicable	NT=single cell;AC=PRIDE:0000897	manual picking	20230822_SingleCells_HPDE_15	1	15	run 155	proteomic profiling by mass spectrometry	NT=Q Exactive HF-X;AC=MS:1002877	NT=label free sample;AC=MS:1002038	NT=Carbamidomethyl;AC=UNIMOD:4;TA=C;MT=Fixed	NT=Oxidation;AC=UNIMOD:35;TA=M;MT=Variable	NT=Trypsin;AC=MS:1001251	not applicable	Data-independent acquisition	1	1	20230822_SingleCells_HPDE_15.raw	v1.1.0	NT=ms-proteomics;VV=v1.1.0	NT=human;VV=v1.1.0	NT=cell-lines;VV=v1.1.0	NT=single-cell;VV=v1.0.0	NT=clinical-metadata;VV=v1.0.0	NT=HPDE6-C7;AC=BTO:0006456	not applicable
20230822_SingleCells_HPDE_16	NT=Homo sapiens;AC=NCBITaxon:9606	NT=pancreas;AC=UBERON:0001264	NT=epithelial cell;AC=CL:0000066	NT=normal;AC=PATO:0000461	NT=HPDE6-C7;AC=BTO:0006456	CVCL_0P38	HPDE6c7	63Y	female	Keratinocyte serum-free medium	not applicable	NT=single cell;AC=PRIDE:0000897	manual picking	20230822_SingleCells_HPDE_16	1	16	run 156	proteomic profiling by mass spectrometry	NT=Q Exactive HF-X;AC=MS:1002877	NT=label free sample;AC=MS:1002038	NT=Carbamidomethyl;AC=UNIMOD:4;TA=C;MT=Fixed	NT=Oxidation;AC=UNIMOD:35;TA=M;MT=Variable	NT=Trypsin;AC=MS:1001251	not applicable	Data-independent acquisition	1	1	20230822_SingleCells_HPDE_16.raw	v1.1.0	NT=ms-proteomics;VV=v1.1.0	NT=human;VV=v1.1.0	NT=cell-lines;VV=v1.1.0	NT=single-cell;VV=v1.0.0	NT=clinical-metadata;VV=v1.0.0	NT=HPDE6-C7;AC=BTO:0006456	not applicable
20230822_SingleCells_HPDE_17	NT=Homo sapiens;AC=NCBITaxon:9606	NT=pancreas;AC=UBERON:0001264	NT=epithelial cell;AC=CL:0000066	NT=normal;AC=PATO:0000461	NT=HPDE6-C7;AC=BTO:0006456	CVCL_0P38	HPDE6c7	63Y	female	Keratinocyte serum-free medium	not applicable	NT=single cell;AC=PRIDE:0000897	manual picking	20230822_SingleCells_HPDE_17	1	17	run 157	proteomic profiling by mass spectrometry	NT=Q Exactive HF-X;AC=MS:1002877	NT=label free sample;AC=MS:1002038	NT=Carbamidomethyl;AC=UNIMOD:4;TA=C;MT=Fixed	NT=Oxidation;AC=UNIMOD:35;TA=M;MT=Variable	NT=Trypsin;AC=MS:1001251	not applicable	Data-independent acquisition	1	1	20230822_SingleCells_HPDE_17.raw	v1.1.0	NT=ms-proteomics;VV=v1.1.0	NT=human;VV=v1.1.0	NT=cell-lines;VV=v1.1.0	NT=single-cell;VV=v1.0.0	NT=clinical-metadata;VV=v1.0.0	NT=HPDE6-C7;AC=BTO:0006456	not applicable
20230822_SingleCells_HPDE_18	NT=Homo sapiens;AC=NCBITaxon:9606	NT=pancreas;AC=UBERON:0001264	NT=epithelial cell;AC=CL:0000066	NT=normal;AC=PATO:0000461	NT=HPDE6-C7;AC=BTO:0006456	CVCL_0P38	HPDE6c7	63Y	female	Keratinocyte serum-free medium	not applicable	NT=single cell;AC=PRIDE:0000897	manual picking	20230822_SingleCells_HPDE_18	1	18	run 158	proteomic profiling by mass spectrometry	NT=Q Exactive HF-X;AC=MS:1002877	NT=label free sample;AC=MS:1002038	NT=Carbamidomethyl;AC=UNIMOD:4;TA=C;MT=Fixed	NT=Oxidation;AC=UNIMOD:35;TA=M;MT=Variable	NT=Trypsin;AC=MS:1001251	not applicable	Data-independent acquisition	1	1	20230822_SingleCells_HPDE_18.raw	v1.1.0	NT=ms-proteomics;VV=v1.1.0	NT=human;VV=v1.1.0	NT=cell-lines;VV=v1.1.0	NT=single-cell;VV=v1.0.0	NT=clinical-metadata;VV=v1.0.0	NT=HPDE6-C7;AC=BTO:0006456	not applicable
20230822_SingleCells_HPDE_19	NT=Homo sapiens;AC=NCBITaxon:9606	NT=pancreas;AC=UBERON:0001264	NT=epithelial cell;AC=CL:0000066	NT=normal;AC=PATO:0000461	NT=HPDE6-C7;AC=BTO:0006456	CVCL_0P38	HPDE6c7	63Y	female	Keratinocyte serum-free medium	not applicable	NT=single cell;AC=PRIDE:0000897	manual picking	20230822_SingleCells_HPDE_19	1	19	run 159	proteomic profiling by mass spectrometry	NT=Q Exactive HF-X;AC=MS:1002877	NT=label free sample;AC=MS:1002038	NT=Carbamidomethyl;AC=UNIMOD:4;TA=C;MT=Fixed	NT=Oxidation;AC=UNIMOD:35;TA=M;MT=Variable	NT=Trypsin;AC=MS:1001251	not applicable	Data-independent acquisition	1	1	20230822_SingleCells_HPDE_19.raw	v1.1.0	NT=ms-proteomics;VV=v1.1.0	NT=human;VV=v1.1.0	NT=cell-lines;VV=v1.1.0	NT=single-cell;VV=v1.0.0	NT=clinical-metadata;VV=v1.0.0	NT=HPDE6-C7;AC=BTO:0006456	not applicable
20230822_SingleCells_HPDE_2	NT=Homo sapiens;AC=NCBITaxon:9606	NT=pancreas;AC=UBERON:0001264	NT=epithelial cell;AC=CL:0000066	NT=normal;AC=PATO:0000461	NT=HPDE6-C7;AC=BTO:0006456	CVCL_0P38	HPDE6c7	63Y	female	Keratinocyte serum-free medium	not applicable	NT=single cell;AC=PRIDE:0000897	manual picking	20230822_SingleCells_HPDE_2	1	2	run 160	proteomic profiling by mass spectrometry	NT=Q Exactive HF-X;AC=MS:1002877	NT=label free sample;AC=MS:1002038	NT=Carbamidomethyl;AC=UNIMOD:4;TA=C;MT=Fixed	NT=Oxidation;AC=UNIMOD:35;TA=M;MT=Variable	NT=Trypsin;AC=MS:1001251	not applicable	Data-independent acquisition	1	1	20230822_SingleCells_HPDE_2.raw	v1.1.0	NT=ms-proteomics;VV=v1.1.0	NT=human;VV=v1.1.0	NT=cell-lines;VV=v1.1.0	NT=single-cell;VV=v1.0.0	NT=clinical-metadata;VV=v1.0.0	NT=HPDE6-C7;AC=BTO:0006456	not applicable
20230822_SingleCells_HPDE_20	NT=Homo sapiens;AC=NCBITaxon:9606	NT=pancreas;AC=UBERON:0001264	NT=epithelial cell;AC=CL:0000066	NT=normal;AC=PATO:0000461	NT=HPDE6-C7;AC=BTO:0006456	CVCL_0P38	HPDE6c7	63Y	female	Keratinocyte serum-free medium	not applicable	NT=single cell;AC=PRIDE:0000897	manual picking	20230822_SingleCells_HPDE_20	1	20	run 161	proteomic profiling by mass spectrometry	NT=Q Exactive HF-X;AC=MS:1002877	NT=label free sample;AC=MS:1002038	NT=Carbamidomethyl;AC=UNIMOD:4;TA=C;MT=Fixed	NT=Oxidation;AC=UNIMOD:35;TA=M;MT=Variable	NT=Trypsin;AC=MS:1001251	not applicable	Data-independent acquisition	1	1	20230822_SingleCells_HPDE_20.raw	v1.1.0	NT=ms-proteomics;VV=v1.1.0	NT=human;VV=v1.1.0	NT=cell-lines;VV=v1.1.0	NT=single-cell;VV=v1.0.0	NT=clinical-metadata;VV=v1.0.0	NT=HPDE6-C7;AC=BTO:0006456	not applicable
20230822_SingleCells_HPDE_21	NT=Homo sapiens;AC=NCBITaxon:9606	NT=pancreas;AC=UBERON:0001264	NT=epithelial cell;AC=CL:0000066	NT=normal;AC=PATO:0000461	NT=HPDE6-C7;AC=BTO:0006456	CVCL_0P38	HPDE6c7	63Y	female	Keratinocyte serum-free medium	not applicable	NT=single cell;AC=PRIDE:0000897	manual picking	20230822_SingleCells_HPDE_21	1	21	run 162	proteomic profiling by mass spectrometry	NT=Q Exactive HF-X;AC=MS:1002877	NT=label free sample;AC=MS:1002038	NT=Carbamidomethyl;AC=UNIMOD:4;TA=C;MT=Fixed	NT=Oxidation;AC=UNIMOD:35;TA=M;MT=Variable	NT=Trypsin;AC=MS:1001251	not applicable	Data-independent acquisition	1	1	20230822_SingleCells_HPDE_21.raw	v1.1.0	NT=ms-proteomics;VV=v1.1.0	NT=human;VV=v1.1.0	NT=cell-lines;VV=v1.1.0	NT=single-cell;VV=v1.0.0	NT=clinical-metadata;VV=v1.0.0	NT=HPDE6-C7;AC=BTO:0006456	not applicable
20230822_SingleCells_HPDE_22	NT=Homo sapiens;AC=NCBITaxon:9606	NT=pancreas;AC=UBERON:0001264	NT=epithelial cell;AC=CL:0000066	NT=normal;AC=PATO:0000461	NT=HPDE6-C7;AC=BTO:0006456	CVCL_0P38	HPDE6c7	63Y	female	Keratinocyte serum-free medium	not applicable	NT=single cell;AC=PRIDE:0000897	manual picking	20230822_SingleCells_HPDE_22	1	22	run 163	proteomic profiling by mass spectrometry	NT=Q Exactive HF-X;AC=MS:1002877	NT=label free sample;AC=MS:1002038	NT=Carbamidomethyl;AC=UNIMOD:4;TA=C;MT=Fixed	NT=Oxidation;AC=UNIMOD:35;TA=M;MT=Variable	NT=Trypsin;AC=MS:1001251	not applicable	Data-independent acquisition	1	1	20230822_SingleCells_HPDE_22.raw	v1.1.0	NT=ms-proteomics;VV=v1.1.0	NT=human;VV=v1.1.0	NT=cell-lines;VV=v1.1.0	NT=single-cell;VV=v1.0.0	NT=clinical-metadata;VV=v1.0.0	NT=HPDE6-C7;AC=BTO:0006456	not applicable
20230822_SingleCells_HPDE_23	NT=Homo sapiens;AC=NCBITaxon:9606	NT=pancreas;AC=UBERON:0001264	NT=epithelial cell;AC=CL:0000066	NT=normal;AC=PATO:0000461	NT=HPDE6-C7;AC=BTO:0006456	CVCL_0P38	HPDE6c7	63Y	female	Keratinocyte serum-free medium	not applicable	NT=single cell;AC=PRIDE:0000897	manual picking	20230822_SingleCells_HPDE_23	1	23	run 164	proteomic profiling by mass spectrometry	NT=Q Exactive HF-X;AC=MS:1002877	NT=label free sample;AC=MS:1002038	NT=Carbamidomethyl;AC=UNIMOD:4;TA=C;MT=Fixed	NT=Oxidation;AC=UNIMOD:35;TA=M;MT=Variable	NT=Trypsin;AC=MS:1001251	not applicable	Data-independent acquisition	1	1	20230822_SingleCells_HPDE_23.raw	v1.1.0	NT=ms-proteomics;VV=v1.1.0	NT=human;VV=v1.1.0	NT=cell-lines;VV=v1.1.0	NT=single-cell;VV=v1.0.0	NT=clinical-metadata;VV=v1.0.0	NT=HPDE6-C7;AC=BTO:0006456	not applicable
20230822_SingleCells_HPDE_24	NT=Homo sapiens;AC=NCBITaxon:9606	NT=pancreas;AC=UBERON:0001264	NT=epithelial cell;AC=CL:0000066	NT=normal;AC=PATO:0000461	NT=HPDE6-C7;AC=BTO:0006456	CVCL_0P38	HPDE6c7	63Y	female	Keratinocyte serum-free medium	not applicable	NT=single cell;AC=PRIDE:0000897	manual picking	20230822_SingleCells_HPDE_24	1	24	run 165	proteomic profiling by mass spectrometry	NT=Q Exactive HF-X;AC=MS:1002877	NT=label free sample;AC=MS:1002038	NT=Carbamidomethyl;AC=UNIMOD:4;TA=C;MT=Fixed	NT=Oxidation;AC=UNIMOD:35;TA=M;MT=Variable	NT=Trypsin;AC=MS:1001251	not applicable	Data-independent acquisition	1	1	20230822_SingleCells_HPDE_24.raw	v1.1.0	NT=ms-proteomics;VV=v1.1.0	NT=human;VV=v1.1.0	NT=cell-lines;VV=v1.1.0	NT=single-cell;VV=v1.0.0	NT=clinical-metadata;VV=v1.0.0	NT=HPDE6-C7;AC=BTO:0006456	not applicable
20230822_SingleCells_HPDE_25	NT=Homo sapiens;AC=NCBITaxon:9606	NT=pancreas;AC=UBERON:0001264	NT=epithelial cell;AC=CL:0000066	NT=normal;AC=PATO:0000461	NT=HPDE6-C7;AC=BTO:0006456	CVCL_0P38	HPDE6c7	63Y	female	Keratinocyte serum-free medium	not applicable	NT=single cell;AC=PRIDE:0000897	manual picking	20230822_SingleCells_HPDE_25	1	25	run 166	proteomic profiling by mass spectrometry	NT=Q Exactive HF-X;AC=MS:1002877	NT=label free sample;AC=MS:1002038	NT=Carbamidomethyl;AC=UNIMOD:4;TA=C;MT=Fixed	NT=Oxidation;AC=UNIMOD:35;TA=M;MT=Variable	NT=Trypsin;AC=MS:1001251	not applicable	Data-independent acquisition	1	1	20230822_SingleCells_HPDE_25.raw	v1.1.0	NT=ms-proteomics;VV=v1.1.0	NT=human;VV=v1.1.0	NT=cell-lines;VV=v1.1.0	NT=single-cell;VV=v1.0.0	NT=clinical-metadata;VV=v1.0.0	NT=HPDE6-C7;AC=BTO:0006456	not applicable
20230822_SingleCells_HPDE_26	NT=Homo sapiens;AC=NCBITaxon:9606	NT=pancreas;AC=UBERON:0001264	NT=epithelial cell;AC=CL:0000066	NT=normal;AC=PATO:0000461	NT=HPDE6-C7;AC=BTO:0006456	CVCL_0P38	HPDE6c7	63Y	female	Keratinocyte serum-free medium	not applicable	NT=single cell;AC=PRIDE:0000897	manual picking	20230822_SingleCells_HPDE_26	1	26	run 167	proteomic profiling by mass spectrometry	NT=Q Exactive HF-X;AC=MS:1002877	NT=label free sample;AC=MS:1002038	NT=Carbamidomethyl;AC=UNIMOD:4;TA=C;MT=Fixed	NT=Oxidation;AC=UNIMOD:35;TA=M;MT=Variable	NT=Trypsin;AC=MS:1001251	not applicable	Data-independent acquisition	1	1	20230822_SingleCells_HPDE_26.raw	v1.1.0	NT=ms-proteomics;VV=v1.1.0	NT=human;VV=v1.1.0	NT=cell-lines;VV=v1.1.0	NT=single-cell;VV=v1.0.0	NT=clinical-metadata;VV=v1.0.0	NT=HPDE6-C7;AC=BTO:0006456	not applicable
20230822_SingleCells_HPDE_27	NT=Homo sapiens;AC=NCBITaxon:9606	NT=pancreas;AC=UBERON:0001264	NT=epithelial cell;AC=CL:0000066	NT=normal;AC=PATO:0000461	NT=HPDE6-C7;AC=BTO:0006456	CVCL_0P38	HPDE6c7	63Y	female	Keratinocyte serum-free medium	not applicable	NT=single cell;AC=PRIDE:0000897	manual picking	20230822_SingleCells_HPDE_27	1	27	run 168	proteomic profiling by mass spectrometry	NT=Q Exactive HF-X;AC=MS:1002877	NT=label free sample;AC=MS:1002038	NT=Carbamidomethyl;AC=UNIMOD:4;TA=C;MT=Fixed	NT=Oxidation;AC=UNIMOD:35;TA=M;MT=Variable	NT=Trypsin;AC=MS:1001251	not applicable	Data-independent acquisition	1	1	20230822_SingleCells_HPDE_27.raw	v1.1.0	NT=ms-proteomics;VV=v1.1.0	NT=human;VV=v1.1.0	NT=cell-lines;VV=v1.1.0	NT=single-cell;VV=v1.0.0	NT=clinical-metadata;VV=v1.0.0	NT=HPDE6-C7;AC=BTO:0006456	not applicable
20230822_SingleCells_HPDE_28	NT=Homo sapiens;AC=NCBITaxon:9606	NT=pancreas;AC=UBERON:0001264	NT=epithelial cell;AC=CL:0000066	NT=normal;AC=PATO:0000461	NT=HPDE6-C7;AC=BTO:0006456	CVCL_0P38	HPDE6c7	63Y	female	Keratinocyte serum-free medium	not applicable	NT=single cell;AC=PRIDE:0000897	manual picking	20230822_SingleCells_HPDE_28	1	28	run 169	proteomic profiling by mass spectrometry	NT=Q Exactive HF-X;AC=MS:1002877	NT=label free sample;AC=MS:1002038	NT=Carbamidomethyl;AC=UNIMOD:4;TA=C;MT=Fixed	NT=Oxidation;AC=UNIMOD:35;TA=M;MT=Variable	NT=Trypsin;AC=MS:1001251	not applicable	Data-independent acquisition	1	1	20230822_SingleCells_HPDE_28.raw	v1.1.0	NT=ms-proteomics;VV=v1.1.0	NT=human;VV=v1.1.0	NT=cell-lines;VV=v1.1.0	NT=single-cell;VV=v1.0.0	NT=clinical-metadata;VV=v1.0.0	NT=HPDE6-C7;AC=BTO:0006456	not applicable
20230822_SingleCells_HPDE_29	NT=Homo sapiens;AC=NCBITaxon:9606	NT=pancreas;AC=UBERON:0001264	NT=epithelial cell;AC=CL:0000066	NT=normal;AC=PATO:0000461	NT=HPDE6-C7;AC=BTO:0006456	CVCL_0P38	HPDE6c7	63Y	female	Keratinocyte serum-free medium	not applicable	NT=single cell;AC=PRIDE:0000897	manual picking	20230822_SingleCells_HPDE_29	1	29	run 170	proteomic profiling by mass spectrometry	NT=Q Exactive HF-X;AC=MS:1002877	NT=label free sample;AC=MS:1002038	NT=Carbamidomethyl;AC=UNIMOD:4;TA=C;MT=Fixed	NT=Oxidation;AC=UNIMOD:35;TA=M;MT=Variable	NT=Trypsin;AC=MS:1001251	not applicable	Data-independent acquisition	1	1	20230822_SingleCells_HPDE_29.raw	v1.1.0	NT=ms-proteomics;VV=v1.1.0	NT=human;VV=v1.1.0	NT=cell-lines;VV=v1.1.0	NT=single-cell;VV=v1.0.0	NT=clinical-metadata;VV=v1.0.0	NT=HPDE6-C7;AC=BTO:0006456	not applicable
20230822_SingleCells_HPDE_3	NT=Homo sapiens;AC=NCBITaxon:9606	NT=pancreas;AC=UBERON:0001264	NT=epithelial cell;AC=CL:0000066	NT=normal;AC=PATO:0000461	NT=HPDE6-C7;AC=BTO:0006456	CVCL_0P38	HPDE6c7	63Y	female	Keratinocyte serum-free medium	not applicable	NT=single cell;AC=PRIDE:0000897	manual picking	20230822_SingleCells_HPDE_3	1	3	run 171	proteomic profiling by mass spectrometry	NT=Q Exactive HF-X;AC=MS:1002877	NT=label free sample;AC=MS:1002038	NT=Carbamidomethyl;AC=UNIMOD:4;TA=C;MT=Fixed	NT=Oxidation;AC=UNIMOD:35;TA=M;MT=Variable	NT=Trypsin;AC=MS:1001251	not applicable	Data-independent acquisition	1	1	20230822_SingleCells_HPDE_3.raw	v1.1.0	NT=ms-proteomics;VV=v1.1.0	NT=human;VV=v1.1.0	NT=cell-lines;VV=v1.1.0	NT=single-cell;VV=v1.0.0	NT=clinical-metadata;VV=v1.0.0	NT=HPDE6-C7;AC=BTO:0006456	not applicable
20230822_SingleCells_HPDE_30	NT=Homo sapiens;AC=NCBITaxon:9606	NT=pancreas;AC=UBERON:0001264	NT=epithelial cell;AC=CL:0000066	NT=normal;AC=PATO:0000461	NT=HPDE6-C7;AC=BTO:0006456	CVCL_0P38	HPDE6c7	63Y	female	Keratinocyte serum-free medium	not applicable	NT=single cell;AC=PRIDE:0000897	manual picking	20230822_SingleCells_HPDE_30	1	30	run 172	proteomic profiling by mass spectrometry	NT=Q Exactive HF-X;AC=MS:1002877	NT=label free sample;AC=MS:1002038	NT=Carbamidomethyl;AC=UNIMOD:4;TA=C;MT=Fixed	NT=Oxidation;AC=UNIMOD:35;TA=M;MT=Variable	NT=Trypsin;AC=MS:1001251	not applicable	Data-independent acquisition	1	1	20230822_SingleCells_HPDE_30.raw	v1.1.0	NT=ms-proteomics;VV=v1.1.0	NT=human;VV=v1.1.0	NT=cell-lines;VV=v1.1.0	NT=single-cell;VV=v1.0.0	NT=clinical-metadata;VV=v1.0.0	NT=HPDE6-C7;AC=BTO:0006456	not applicable
20230822_SingleCells_HPDE_4	NT=Homo sapiens;AC=NCBITaxon:9606	NT=pancreas;AC=UBERON:0001264	NT=epithelial cell;AC=CL:0000066	NT=normal;AC=PATO:0000461	NT=HPDE6-C7;AC=BTO:0006456	CVCL_0P38	HPDE6c7	63Y	female	Keratinocyte serum-free medium	not applicable	NT=single cell;AC=PRIDE:0000897	manual picking	20230822_SingleCells_HPDE_4	1	4	run 173	proteomic profiling by mass spectrometry	NT=Q Exactive HF-X;AC=MS:1002877	NT=label free sample;AC=MS:1002038	NT=Carbamidomethyl;AC=UNIMOD:4;TA=C;MT=Fixed	NT=Oxidation;AC=UNIMOD:35;TA=M;MT=Variable	NT=Trypsin;AC=MS:1001251	not applicable	Data-independent acquisition	1	1	20230822_SingleCells_HPDE_4.raw	v1.1.0	NT=ms-proteomics;VV=v1.1.0	NT=human;VV=v1.1.0	NT=cell-lines;VV=v1.1.0	NT=single-cell;VV=v1.0.0	NT=clinical-metadata;VV=v1.0.0	NT=HPDE6-C7;AC=BTO:0006456	not applicable
20230822_SingleCells_HPDE_5	NT=Homo sapiens;AC=NCBITaxon:9606	NT=pancreas;AC=UBERON:0001264	NT=epithelial cell;AC=CL:0000066	NT=normal;AC=PATO:0000461	NT=HPDE6-C7;AC=BTO:0006456	CVCL_0P38	HPDE6c7	63Y	female	Keratinocyte serum-free medium	not applicable	NT=single cell;AC=PRIDE:0000897	manual picking	20230822_SingleCells_HPDE_5	1	5	run 174	proteomic profiling by mass spectrometry	NT=Q Exactive HF-X;AC=MS:1002877	NT=label free sample;AC=MS:1002038	NT=Carbamidomethyl;AC=UNIMOD:4;TA=C;MT=Fixed	NT=Oxidation;AC=UNIMOD:35;TA=M;MT=Variable	NT=Trypsin;AC=MS:1001251	not applicable	Data-independent acquisition	1	1	20230822_SingleCells_HPDE_5.raw	v1.1.0	NT=ms-proteomics;VV=v1.1.0	NT=human;VV=v1.1.0	NT=cell-lines;VV=v1.1.0	NT=single-cell;VV=v1.0.0	NT=clinical-metadata;VV=v1.0.0	NT=HPDE6-C7;AC=BTO:0006456	not applicable
20230822_SingleCells_HPDE_6	NT=Homo sapiens;AC=NCBITaxon:9606	NT=pancreas;AC=UBERON:0001264	NT=epithelial cell;AC=CL:0000066	NT=normal;AC=PATO:0000461	NT=HPDE6-C7;AC=BTO:0006456	CVCL_0P38	HPDE6c7	63Y	female	Keratinocyte serum-free medium	not applicable	NT=single cell;AC=PRIDE:0000897	manual picking	20230822_SingleCells_HPDE_6	1	6	run 175	proteomic profiling by mass spectrometry	NT=Q Exactive HF-X;AC=MS:1002877	NT=label free sample;AC=MS:1002038	NT=Carbamidomethyl;AC=UNIMOD:4;TA=C;MT=Fixed	NT=Oxidation;AC=UNIMOD:35;TA=M;MT=Variable	NT=Trypsin;AC=MS:1001251	not applicable	Data-independent acquisition	1	1	20230822_SingleCells_HPDE_6.raw	v1.1.0	NT=ms-proteomics;VV=v1.1.0	NT=human;VV=v1.1.0	NT=cell-lines;VV=v1.1.0	NT=single-cell;VV=v1.0.0	NT=clinical-metadata;VV=v1.0.0	NT=HPDE6-C7;AC=BTO:0006456	not applicable
20230822_SingleCells_HPDE_7	NT=Homo sapiens;AC=NCBITaxon:9606	NT=pancreas;AC=UBERON:0001264	NT=epithelial cell;AC=CL:0000066	NT=normal;AC=PATO:0000461	NT=HPDE6-C7;AC=BTO:0006456	CVCL_0P38	HPDE6c7	63Y	female	Keratinocyte serum-free medium	not applicable	NT=single cell;AC=PRIDE:0000897	manual picking	20230822_SingleCells_HPDE_7	1	7	run 176	proteomic profiling by mass spectrometry	NT=Q Exactive HF-X;AC=MS:1002877	NT=label free sample;AC=MS:1002038	NT=Carbamidomethyl;AC=UNIMOD:4;TA=C;MT=Fixed	NT=Oxidation;AC=UNIMOD:35;TA=M;MT=Variable	NT=Trypsin;AC=MS:1001251	not applicable	Data-independent acquisition	1	1	20230822_SingleCells_HPDE_7.raw	v1.1.0	NT=ms-proteomics;VV=v1.1.0	NT=human;VV=v1.1.0	NT=cell-lines;VV=v1.1.0	NT=single-cell;VV=v1.0.0	NT=clinical-metadata;VV=v1.0.0	NT=HPDE6-C7;AC=BTO:0006456	not applicable
20230822_SingleCells_HPDE_8	NT=Homo sapiens;AC=NCBITaxon:9606	NT=pancreas;AC=UBERON:0001264	NT=epithelial cell;AC=CL:0000066	NT=normal;AC=PATO:0000461	NT=HPDE6-C7;AC=BTO:0006456	CVCL_0P38	HPDE6c7	63Y	female	Keratinocyte serum-free medium	not applicable	NT=single cell;AC=PRIDE:0000897	manual picking	20230822_SingleCells_HPDE_8	1	8	run 177	proteomic profiling by mass spectrometry	NT=Q Exactive HF-X;AC=MS:1002877	NT=label free sample;AC=MS:1002038	NT=Carbamidomethyl;AC=UNIMOD:4;TA=C;MT=Fixed	NT=Oxidation;AC=UNIMOD:35;TA=M;MT=Variable	NT=Trypsin;AC=MS:1001251	not applicable	Data-independent acquisition	1	1	20230822_SingleCells_HPDE_8.raw	v1.1.0	NT=ms-proteomics;VV=v1.1.0	NT=human;VV=v1.1.0	NT=cell-lines;VV=v1.1.0	NT=single-cell;VV=v1.0.0	NT=clinical-metadata;VV=v1.0.0	NT=HPDE6-C7;AC=BTO:0006456	not applicable
20230822_SingleCells_HPDE_9	NT=Homo sapiens;AC=NCBITaxon:9606	NT=pancreas;AC=UBERON:0001264	NT=epithelial cell;AC=CL:0000066	NT=normal;AC=PATO:0000461	NT=HPDE6-C7;AC=BTO:0006456	CVCL_0P38	HPDE6c7	63Y	female	Keratinocyte serum-free medium	not applicable	NT=single cell;AC=PRIDE:0000897	manual picking	20230822_SingleCells_HPDE_9	1	9	run 178	proteomic profiling by mass spectrometry	NT=Q Exactive HF-X;AC=MS:1002877	NT=label free sample;AC=MS:1002038	NT=Carbamidomethyl;AC=UNIMOD:4;TA=C;MT=Fixed	NT=Oxidation;AC=UNIMOD:35;TA=M;MT=Variable	NT=Trypsin;AC=MS:1001251	not applicable	Data-independent acquisition	1	1	20230822_SingleCells_HPDE_9.raw	v1.1.0	NT=ms-proteomics;VV=v1.1.0	NT=human;VV=v1.1.0	NT=cell-lines;VV=v1.1.0	NT=single-cell;VV=v1.0.0	NT=clinical-metadata;VV=v1.0.0	NT=HPDE6-C7;AC=BTO:0006456	not applicable
20230822_SingleCells_MIA_1	NT=Homo sapiens;AC=NCBITaxon:9606	NT=pancreas;AC=UBERON:0001264	NT=epithelial cell;AC=CL:0000066	NT=undifferentiated pancreatic carcinoma;AC=MONDO:0006478	NT=MIA PaCa-2;AC=CLO:0007726	CVCL_0428	MIA PaCa-2	65Y	male	NT=Dulbecco's Modified Eagle Medium;AC=NCIT:C185409	not applicable	NT=single cell;AC=PRIDE:0000897	manual picking	20230822_SingleCells_MIA_1	1	1	run 179	proteomic profiling by mass spectrometry	NT=Q Exactive HF-X;AC=MS:1002877	NT=label free sample;AC=MS:1002038	NT=Carbamidomethyl;AC=UNIMOD:4;TA=C;MT=Fixed	NT=Oxidation;AC=UNIMOD:35;TA=M;MT=Variable	NT=Trypsin;AC=MS:1001251	not applicable	Data-independent acquisition	1	1	20230822_SingleCells_MIA_1.raw	v1.1.0	NT=ms-proteomics;VV=v1.1.0	NT=human;VV=v1.1.0	NT=cell-lines;VV=v1.1.0	NT=single-cell;VV=v1.0.0	NT=clinical-metadata;VV=v1.0.0	NT=MIA PaCa-2;AC=CLO:0007726	not applicable
20230822_SingleCells_MIA_10	NT=Homo sapiens;AC=NCBITaxon:9606	NT=pancreas;AC=UBERON:0001264	NT=epithelial cell;AC=CL:0000066	NT=undifferentiated pancreatic carcinoma;AC=MONDO:0006478	NT=MIA PaCa-2;AC=CLO:0007726	CVCL_0428	MIA PaCa-2	65Y	male	NT=Dulbecco's Modified Eagle Medium;AC=NCIT:C185409	not applicable	NT=single cell;AC=PRIDE:0000897	manual picking	20230822_SingleCells_MIA_10	1	10	run 180	proteomic profiling by mass spectrometry	NT=Q Exactive HF-X;AC=MS:1002877	NT=label free sample;AC=MS:1002038	NT=Carbamidomethyl;AC=UNIMOD:4;TA=C;MT=Fixed	NT=Oxidation;AC=UNIMOD:35;TA=M;MT=Variable	NT=Trypsin;AC=MS:1001251	not applicable	Data-independent acquisition	1	1	20230822_SingleCells_MIA_10.raw	v1.1.0	NT=ms-proteomics;VV=v1.1.0	NT=human;VV=v1.1.0	NT=cell-lines;VV=v1.1.0	NT=single-cell;VV=v1.0.0	NT=clinical-metadata;VV=v1.0.0	NT=MIA PaCa-2;AC=CLO:0007726	not applicable
20230822_SingleCells_MIA_11	NT=Homo sapiens;AC=NCBITaxon:9606	NT=pancreas;AC=UBERON:0001264	NT=epithelial cell;AC=CL:0000066	NT=undifferentiated pancreatic carcinoma;AC=MONDO:0006478	NT=MIA PaCa-2;AC=CLO:0007726	CVCL_0428	MIA PaCa-2	65Y	male	NT=Dulbecco's Modified Eagle Medium;AC=NCIT:C185409	not applicable	NT=single cell;AC=PRIDE:0000897	manual picking	20230822_SingleCells_MIA_11	1	11	run 181	proteomic profiling by mass spectrometry	NT=Q Exactive HF-X;AC=MS:1002877	NT=label free sample;AC=MS:1002038	NT=Carbamidomethyl;AC=UNIMOD:4;TA=C;MT=Fixed	NT=Oxidation;AC=UNIMOD:35;TA=M;MT=Variable	NT=Trypsin;AC=MS:1001251	not applicable	Data-independent acquisition	1	1	20230822_SingleCells_MIA_11.raw	v1.1.0	NT=ms-proteomics;VV=v1.1.0	NT=human;VV=v1.1.0	NT=cell-lines;VV=v1.1.0	NT=single-cell;VV=v1.0.0	NT=clinical-metadata;VV=v1.0.0	NT=MIA PaCa-2;AC=CLO:0007726	not applicable
20230822_SingleCells_MIA_12	NT=Homo sapiens;AC=NCBITaxon:9606	NT=pancreas;AC=UBERON:0001264	NT=epithelial cell;AC=CL:0000066	NT=undifferentiated pancreatic carcinoma;AC=MONDO:0006478	NT=MIA PaCa-2;AC=CLO:0007726	CVCL_0428	MIA PaCa-2	65Y	male	NT=Dulbecco's Modified Eagle Medium;AC=NCIT:C185409	not applicable	NT=single cell;AC=PRIDE:0000897	manual picking	20230822_SingleCells_MIA_12	1	12	run 182	proteomic profiling by mass spectrometry	NT=Q Exactive HF-X;AC=MS:1002877	NT=label free sample;AC=MS:1002038	NT=Carbamidomethyl;AC=UNIMOD:4;TA=C;MT=Fixed	NT=Oxidation;AC=UNIMOD:35;TA=M;MT=Variable	NT=Trypsin;AC=MS:1001251	not applicable	Data-independent acquisition	1	1	20230822_SingleCells_MIA_12.raw	v1.1.0	NT=ms-proteomics;VV=v1.1.0	NT=human;VV=v1.1.0	NT=cell-lines;VV=v1.1.0	NT=single-cell;VV=v1.0.0	NT=clinical-metadata;VV=v1.0.0	NT=MIA PaCa-2;AC=CLO:0007726	not applicable
20230822_SingleCells_MIA_13	NT=Homo sapiens;AC=NCBITaxon:9606	NT=pancreas;AC=UBERON:0001264	NT=epithelial cell;AC=CL:0000066	NT=undifferentiated pancreatic carcinoma;AC=MONDO:0006478	NT=MIA PaCa-2;AC=CLO:0007726	CVCL_0428	MIA PaCa-2	65Y	male	NT=Dulbecco's Modified Eagle Medium;AC=NCIT:C185409	not applicable	NT=single cell;AC=PRIDE:0000897	manual picking	20230822_SingleCells_MIA_13	1	13	run 183	proteomic profiling by mass spectrometry	NT=Q Exactive HF-X;AC=MS:1002877	NT=label free sample;AC=MS:1002038	NT=Carbamidomethyl;AC=UNIMOD:4;TA=C;MT=Fixed	NT=Oxidation;AC=UNIMOD:35;TA=M;MT=Variable	NT=Trypsin;AC=MS:1001251	not applicable	Data-independent acquisition	1	1	20230822_SingleCells_MIA_13.raw	v1.1.0	NT=ms-proteomics;VV=v1.1.0	NT=human;VV=v1.1.0	NT=cell-lines;VV=v1.1.0	NT=single-cell;VV=v1.0.0	NT=clinical-metadata;VV=v1.0.0	NT=MIA PaCa-2;AC=CLO:0007726	not applicable
20230822_SingleCells_MIA_14	NT=Homo sapiens;AC=NCBITaxon:9606	NT=pancreas;AC=UBERON:0001264	NT=epithelial cell;AC=CL:0000066	NT=undifferentiated pancreatic carcinoma;AC=MONDO:0006478	NT=MIA PaCa-2;AC=CLO:0007726	CVCL_0428	MIA PaCa-2	65Y	male	NT=Dulbecco's Modified Eagle Medium;AC=NCIT:C185409	not applicable	NT=single cell;AC=PRIDE:0000897	manual picking	20230822_SingleCells_MIA_14	1	14	run 184	proteomic profiling by mass spectrometry	NT=Q Exactive HF-X;AC=MS:1002877	NT=label free sample;AC=MS:1002038	NT=Carbamidomethyl;AC=UNIMOD:4;TA=C;MT=Fixed	NT=Oxidation;AC=UNIMOD:35;TA=M;MT=Variable	NT=Trypsin;AC=MS:1001251	not applicable	Data-independent acquisition	1	1	20230822_SingleCells_MIA_14.raw	v1.1.0	NT=ms-proteomics;VV=v1.1.0	NT=human;VV=v1.1.0	NT=cell-lines;VV=v1.1.0	NT=single-cell;VV=v1.0.0	NT=clinical-metadata;VV=v1.0.0	NT=MIA PaCa-2;AC=CLO:0007726	not applicable
20230822_SingleCells_MIA_15	NT=Homo sapiens;AC=NCBITaxon:9606	NT=pancreas;AC=UBERON:0001264	NT=epithelial cell;AC=CL:0000066	NT=undifferentiated pancreatic carcinoma;AC=MONDO:0006478	NT=MIA PaCa-2;AC=CLO:0007726	CVCL_0428	MIA PaCa-2	65Y	male	NT=Dulbecco's Modified Eagle Medium;AC=NCIT:C185409	not applicable	NT=single cell;AC=PRIDE:0000897	manual picking	20230822_SingleCells_MIA_15	1	15	run 185	proteomic profiling by mass spectrometry	NT=Q Exactive HF-X;AC=MS:1002877	NT=label free sample;AC=MS:1002038	NT=Carbamidomethyl;AC=UNIMOD:4;TA=C;MT=Fixed	NT=Oxidation;AC=UNIMOD:35;TA=M;MT=Variable	NT=Trypsin;AC=MS:1001251	not applicable	Data-independent acquisition	1	1	20230822_SingleCells_MIA_15.raw	v1.1.0	NT=ms-proteomics;VV=v1.1.0	NT=human;VV=v1.1.0	NT=cell-lines;VV=v1.1.0	NT=single-cell;VV=v1.0.0	NT=clinical-metadata;VV=v1.0.0	NT=MIA PaCa-2;AC=CLO:0007726	not applicable
20230822_SingleCells_MIA_16	NT=Homo sapiens;AC=NCBITaxon:9606	NT=pancreas;AC=UBERON:0001264	NT=epithelial cell;AC=CL:0000066	NT=undifferentiated pancreatic carcinoma;AC=MONDO:0006478	NT=MIA PaCa-2;AC=CLO:0007726	CVCL_0428	MIA PaCa-2	65Y	male	NT=Dulbecco's Modified Eagle Medium;AC=NCIT:C185409	not applicable	NT=single cell;AC=PRIDE:0000897	manual picking	20230822_SingleCells_MIA_16	1	16	run 186	proteomic profiling by mass spectrometry	NT=Q Exactive HF-X;AC=MS:1002877	NT=label free sample;AC=MS:1002038	NT=Carbamidomethyl;AC=UNIMOD:4;TA=C;MT=Fixed	NT=Oxidation;AC=UNIMOD:35;TA=M;MT=Variable	NT=Trypsin;AC=MS:1001251	not applicable	Data-independent acquisition	1	1	20230822_SingleCells_MIA_16.raw	v1.1.0	NT=ms-proteomics;VV=v1.1.0	NT=human;VV=v1.1.0	NT=cell-lines;VV=v1.1.0	NT=single-cell;VV=v1.0.0	NT=clinical-metadata;VV=v1.0.0	NT=MIA PaCa-2;AC=CLO:0007726	not applicable
20230822_SingleCells_MIA_17	NT=Homo sapiens;AC=NCBITaxon:9606	NT=pancreas;AC=UBERON:0001264	NT=epithelial cell;AC=CL:0000066	NT=undifferentiated pancreatic carcinoma;AC=MONDO:0006478	NT=MIA PaCa-2;AC=CLO:0007726	CVCL_0428	MIA PaCa-2	65Y	male	NT=Dulbecco's Modified Eagle Medium;AC=NCIT:C185409	not applicable	NT=single cell;AC=PRIDE:0000897	manual picking	20230822_SingleCells_MIA_17	1	17	run 187	proteomic profiling by mass spectrometry	NT=Q Exactive HF-X;AC=MS:1002877	NT=label free sample;AC=MS:1002038	NT=Carbamidomethyl;AC=UNIMOD:4;TA=C;MT=Fixed	NT=Oxidation;AC=UNIMOD:35;TA=M;MT=Variable	NT=Trypsin;AC=MS:1001251	not applicable	Data-independent acquisition	1	1	20230822_SingleCells_MIA_17.raw	v1.1.0	NT=ms-proteomics;VV=v1.1.0	NT=human;VV=v1.1.0	NT=cell-lines;VV=v1.1.0	NT=single-cell;VV=v1.0.0	NT=clinical-metadata;VV=v1.0.0	NT=MIA PaCa-2;AC=CLO:0007726	not applicable
20230822_SingleCells_MIA_18	NT=Homo sapiens;AC=NCBITaxon:9606	NT=pancreas;AC=UBERON:0001264	NT=epithelial cell;AC=CL:0000066	NT=undifferentiated pancreatic carcinoma;AC=MONDO:0006478	NT=MIA PaCa-2;AC=CLO:0007726	CVCL_0428	MIA PaCa-2	65Y	male	NT=Dulbecco's Modified Eagle Medium;AC=NCIT:C185409	not applicable	NT=single cell;AC=PRIDE:0000897	manual picking	20230822_SingleCells_MIA_18	1	18	run 188	proteomic profiling by mass spectrometry	NT=Q Exactive HF-X;AC=MS:1002877	NT=label free sample;AC=MS:1002038	NT=Carbamidomethyl;AC=UNIMOD:4;TA=C;MT=Fixed	NT=Oxidation;AC=UNIMOD:35;TA=M;MT=Variable	NT=Trypsin;AC=MS:1001251	not applicable	Data-independent acquisition	1	1	20230822_SingleCells_MIA_18.raw	v1.1.0	NT=ms-proteomics;VV=v1.1.0	NT=human;VV=v1.1.0	NT=cell-lines;VV=v1.1.0	NT=single-cell;VV=v1.0.0	NT=clinical-metadata;VV=v1.0.0	NT=MIA PaCa-2;AC=CLO:0007726	not applicable
20230822_SingleCells_MIA_19	NT=Homo sapiens;AC=NCBITaxon:9606	NT=pancreas;AC=UBERON:0001264	NT=epithelial cell;AC=CL:0000066	NT=undifferentiated pancreatic carcinoma;AC=MONDO:0006478	NT=MIA PaCa-2;AC=CLO:0007726	CVCL_0428	MIA PaCa-2	65Y	male	NT=Dulbecco's Modified Eagle Medium;AC=NCIT:C185409	not applicable	NT=single cell;AC=PRIDE:0000897	manual picking	20230822_SingleCells_MIA_19	1	19	run 189	proteomic profiling by mass spectrometry	NT=Q Exactive HF-X;AC=MS:1002877	NT=label free sample;AC=MS:1002038	NT=Carbamidomethyl;AC=UNIMOD:4;TA=C;MT=Fixed	NT=Oxidation;AC=UNIMOD:35;TA=M;MT=Variable	NT=Trypsin;AC=MS:1001251	not applicable	Data-independent acquisition	1	1	20230822_SingleCells_MIA_19.raw	v1.1.0	NT=ms-proteomics;VV=v1.1.0	NT=human;VV=v1.1.0	NT=cell-lines;VV=v1.1.0	NT=single-cell;VV=v1.0.0	NT=clinical-metadata;VV=v1.0.0	NT=MIA PaCa-2;AC=CLO:0007726	not applicable
20230822_SingleCells_MIA_2	NT=Homo sapiens;AC=NCBITaxon:9606	NT=pancreas;AC=UBERON:0001264	NT=epithelial cell;AC=CL:0000066	NT=undifferentiated pancreatic carcinoma;AC=MONDO:0006478	NT=MIA PaCa-2;AC=CLO:0007726	CVCL_0428	MIA PaCa-2	65Y	male	NT=Dulbecco's Modified Eagle Medium;AC=NCIT:C185409	not applicable	NT=single cell;AC=PRIDE:0000897	manual picking	20230822_SingleCells_MIA_2	1	2	run 190	proteomic profiling by mass spectrometry	NT=Q Exactive HF-X;AC=MS:1002877	NT=label free sample;AC=MS:1002038	NT=Carbamidomethyl;AC=UNIMOD:4;TA=C;MT=Fixed	NT=Oxidation;AC=UNIMOD:35;TA=M;MT=Variable	NT=Trypsin;AC=MS:1001251	not applicable	Data-independent acquisition	1	1	20230822_SingleCells_MIA_2.raw	v1.1.0	NT=ms-proteomics;VV=v1.1.0	NT=human;VV=v1.1.0	NT=cell-lines;VV=v1.1.0	NT=single-cell;VV=v1.0.0	NT=clinical-metadata;VV=v1.0.0	NT=MIA PaCa-2;AC=CLO:0007726	not applicable
20230822_SingleCells_MIA_20	NT=Homo sapiens;AC=NCBITaxon:9606	NT=pancreas;AC=UBERON:0001264	NT=epithelial cell;AC=CL:0000066	NT=undifferentiated pancreatic carcinoma;AC=MONDO:0006478	NT=MIA PaCa-2;AC=CLO:0007726	CVCL_0428	MIA PaCa-2	65Y	male	NT=Dulbecco's Modified Eagle Medium;AC=NCIT:C185409	not applicable	NT=single cell;AC=PRIDE:0000897	manual picking	20230822_SingleCells_MIA_20	1	20	run 191	proteomic profiling by mass spectrometry	NT=Q Exactive HF-X;AC=MS:1002877	NT=label free sample;AC=MS:1002038	NT=Carbamidomethyl;AC=UNIMOD:4;TA=C;MT=Fixed	NT=Oxidation;AC=UNIMOD:35;TA=M;MT=Variable	NT=Trypsin;AC=MS:1001251	not applicable	Data-independent acquisition	1	1	20230822_SingleCells_MIA_20.raw	v1.1.0	NT=ms-proteomics;VV=v1.1.0	NT=human;VV=v1.1.0	NT=cell-lines;VV=v1.1.0	NT=single-cell;VV=v1.0.0	NT=clinical-metadata;VV=v1.0.0	NT=MIA PaCa-2;AC=CLO:0007726	not applicable
20230822_SingleCells_MIA_21	NT=Homo sapiens;AC=NCBITaxon:9606	NT=pancreas;AC=UBERON:0001264	NT=epithelial cell;AC=CL:0000066	NT=undifferentiated pancreatic carcinoma;AC=MONDO:0006478	NT=MIA PaCa-2;AC=CLO:0007726	CVCL_0428	MIA PaCa-2	65Y	male	NT=Dulbecco's Modified Eagle Medium;AC=NCIT:C185409	not applicable	NT=single cell;AC=PRIDE:0000897	manual picking	20230822_SingleCells_MIA_21	1	21	run 192	proteomic profiling by mass spectrometry	NT=Q Exactive HF-X;AC=MS:1002877	NT=label free sample;AC=MS:1002038	NT=Carbamidomethyl;AC=UNIMOD:4;TA=C;MT=Fixed	NT=Oxidation;AC=UNIMOD:35;TA=M;MT=Variable	NT=Trypsin;AC=MS:1001251	not applicable	Data-independent acquisition	1	1	20230822_SingleCells_MIA_21.raw	v1.1.0	NT=ms-proteomics;VV=v1.1.0	NT=human;VV=v1.1.0	NT=cell-lines;VV=v1.1.0	NT=single-cell;VV=v1.0.0	NT=clinical-metadata;VV=v1.0.0	NT=MIA PaCa-2;AC=CLO:0007726	not applicable
20230822_SingleCells_MIA_22	NT=Homo sapiens;AC=NCBITaxon:9606	NT=pancreas;AC=UBERON:0001264	NT=epithelial cell;AC=CL:0000066	NT=undifferentiated pancreatic carcinoma;AC=MONDO:0006478	NT=MIA PaCa-2;AC=CLO:0007726	CVCL_0428	MIA PaCa-2	65Y	male	NT=Dulbecco's Modified Eagle Medium;AC=NCIT:C185409	not applicable	NT=single cell;AC=PRIDE:0000897	manual picking	20230822_SingleCells_MIA_22	1	22	run 193	proteomic profiling by mass spectrometry	NT=Q Exactive HF-X;AC=MS:1002877	NT=label free sample;AC=MS:1002038	NT=Carbamidomethyl;AC=UNIMOD:4;TA=C;MT=Fixed	NT=Oxidation;AC=UNIMOD:35;TA=M;MT=Variable	NT=Trypsin;AC=MS:1001251	not applicable	Data-independent acquisition	1	1	20230822_SingleCells_MIA_22.raw	v1.1.0	NT=ms-proteomics;VV=v1.1.0	NT=human;VV=v1.1.0	NT=cell-lines;VV=v1.1.0	NT=single-cell;VV=v1.0.0	NT=clinical-metadata;VV=v1.0.0	NT=MIA PaCa-2;AC=CLO:0007726	not applicable
20230822_SingleCells_MIA_23	NT=Homo sapiens;AC=NCBITaxon:9606	NT=pancreas;AC=UBERON:0001264	NT=epithelial cell;AC=CL:0000066	NT=undifferentiated pancreatic carcinoma;AC=MONDO:0006478	NT=MIA PaCa-2;AC=CLO:0007726	CVCL_0428	MIA PaCa-2	65Y	male	NT=Dulbecco's Modified Eagle Medium;AC=NCIT:C185409	not applicable	NT=single cell;AC=PRIDE:0000897	manual picking	20230822_SingleCells_MIA_23	1	23	run 194	proteomic profiling by mass spectrometry	NT=Q Exactive HF-X;AC=MS:1002877	NT=label free sample;AC=MS:1002038	NT=Carbamidomethyl;AC=UNIMOD:4;TA=C;MT=Fixed	NT=Oxidation;AC=UNIMOD:35;TA=M;MT=Variable	NT=Trypsin;AC=MS:1001251	not applicable	Data-independent acquisition	1	1	20230822_SingleCells_MIA_23.raw	v1.1.0	NT=ms-proteomics;VV=v1.1.0	NT=human;VV=v1.1.0	NT=cell-lines;VV=v1.1.0	NT=single-cell;VV=v1.0.0	NT=clinical-metadata;VV=v1.0.0	NT=MIA PaCa-2;AC=CLO:0007726	not applicable
20230822_SingleCells_MIA_24	NT=Homo sapiens;AC=NCBITaxon:9606	NT=pancreas;AC=UBERON:0001264	NT=epithelial cell;AC=CL:0000066	NT=undifferentiated pancreatic carcinoma;AC=MONDO:0006478	NT=MIA PaCa-2;AC=CLO:0007726	CVCL_0428	MIA PaCa-2	65Y	male	NT=Dulbecco's Modified Eagle Medium;AC=NCIT:C185409	not applicable	NT=single cell;AC=PRIDE:0000897	manual picking	20230822_SingleCells_MIA_24	1	24	run 195	proteomic profiling by mass spectrometry	NT=Q Exactive HF-X;AC=MS:1002877	NT=label free sample;AC=MS:1002038	NT=Carbamidomethyl;AC=UNIMOD:4;TA=C;MT=Fixed	NT=Oxidation;AC=UNIMOD:35;TA=M;MT=Variable	NT=Trypsin;AC=MS:1001251	not applicable	Data-independent acquisition	1	1	20230822_SingleCells_MIA_24.raw	v1.1.0	NT=ms-proteomics;VV=v1.1.0	NT=human;VV=v1.1.0	NT=cell-lines;VV=v1.1.0	NT=single-cell;VV=v1.0.0	NT=clinical-metadata;VV=v1.0.0	NT=MIA PaCa-2;AC=CLO:0007726	not applicable
20230822_SingleCells_MIA_25	NT=Homo sapiens;AC=NCBITaxon:9606	NT=pancreas;AC=UBERON:0001264	NT=epithelial cell;AC=CL:0000066	NT=undifferentiated pancreatic carcinoma;AC=MONDO:0006478	NT=MIA PaCa-2;AC=CLO:0007726	CVCL_0428	MIA PaCa-2	65Y	male	NT=Dulbecco's Modified Eagle Medium;AC=NCIT:C185409	not applicable	NT=single cell;AC=PRIDE:0000897	manual picking	20230822_SingleCells_MIA_25	1	25	run 196	proteomic profiling by mass spectrometry	NT=Q Exactive HF-X;AC=MS:1002877	NT=label free sample;AC=MS:1002038	NT=Carbamidomethyl;AC=UNIMOD:4;TA=C;MT=Fixed	NT=Oxidation;AC=UNIMOD:35;TA=M;MT=Variable	NT=Trypsin;AC=MS:1001251	not applicable	Data-independent acquisition	1	1	20230822_SingleCells_MIA_25.raw	v1.1.0	NT=ms-proteomics;VV=v1.1.0	NT=human;VV=v1.1.0	NT=cell-lines;VV=v1.1.0	NT=single-cell;VV=v1.0.0	NT=clinical-metadata;VV=v1.0.0	NT=MIA PaCa-2;AC=CLO:0007726	not applicable
20230822_SingleCells_MIA_26	NT=Homo sapiens;AC=NCBITaxon:9606	NT=pancreas;AC=UBERON:0001264	NT=epithelial cell;AC=CL:0000066	NT=undifferentiated pancreatic carcinoma;AC=MONDO:0006478	NT=MIA PaCa-2;AC=CLO:0007726	CVCL_0428	MIA PaCa-2	65Y	male	NT=Dulbecco's Modified Eagle Medium;AC=NCIT:C185409	not applicable	NT=single cell;AC=PRIDE:0000897	manual picking	20230822_SingleCells_MIA_26	1	26	run 197	proteomic profiling by mass spectrometry	NT=Q Exactive HF-X;AC=MS:1002877	NT=label free sample;AC=MS:1002038	NT=Carbamidomethyl;AC=UNIMOD:4;TA=C;MT=Fixed	NT=Oxidation;AC=UNIMOD:35;TA=M;MT=Variable	NT=Trypsin;AC=MS:1001251	not applicable	Data-independent acquisition	1	1	20230822_SingleCells_MIA_26.raw	v1.1.0	NT=ms-proteomics;VV=v1.1.0	NT=human;VV=v1.1.0	NT=cell-lines;VV=v1.1.0	NT=single-cell;VV=v1.0.0	NT=clinical-metadata;VV=v1.0.0	NT=MIA PaCa-2;AC=CLO:0007726	not applicable
20230822_SingleCells_MIA_27	NT=Homo sapiens;AC=NCBITaxon:9606	NT=pancreas;AC=UBERON:0001264	NT=epithelial cell;AC=CL:0000066	NT=undifferentiated pancreatic carcinoma;AC=MONDO:0006478	NT=MIA PaCa-2;AC=CLO:0007726	CVCL_0428	MIA PaCa-2	65Y	male	NT=Dulbecco's Modified Eagle Medium;AC=NCIT:C185409	not applicable	NT=single cell;AC=PRIDE:0000897	manual picking	20230822_SingleCells_MIA_27	1	27	run 198	proteomic profiling by mass spectrometry	NT=Q Exactive HF-X;AC=MS:1002877	NT=label free sample;AC=MS:1002038	NT=Carbamidomethyl;AC=UNIMOD:4;TA=C;MT=Fixed	NT=Oxidation;AC=UNIMOD:35;TA=M;MT=Variable	NT=Trypsin;AC=MS:1001251	not applicable	Data-independent acquisition	1	1	20230822_SingleCells_MIA_27.raw	v1.1.0	NT=ms-proteomics;VV=v1.1.0	NT=human;VV=v1.1.0	NT=cell-lines;VV=v1.1.0	NT=single-cell;VV=v1.0.0	NT=clinical-metadata;VV=v1.0.0	NT=MIA PaCa-2;AC=CLO:0007726	not applicable
20230822_SingleCells_MIA_28	NT=Homo sapiens;AC=NCBITaxon:9606	NT=pancreas;AC=UBERON:0001264	NT=epithelial cell;AC=CL:0000066	NT=undifferentiated pancreatic carcinoma;AC=MONDO:0006478	NT=MIA PaCa-2;AC=CLO:0007726	CVCL_0428	MIA PaCa-2	65Y	male	NT=Dulbecco's Modified Eagle Medium;AC=NCIT:C185409	not applicable	NT=single cell;AC=PRIDE:0000897	manual picking	20230822_SingleCells_MIA_28	1	28	run 199	proteomic profiling by mass spectrometry	NT=Q Exactive HF-X;AC=MS:1002877	NT=label free sample;AC=MS:1002038	NT=Carbamidomethyl;AC=UNIMOD:4;TA=C;MT=Fixed	NT=Oxidation;AC=UNIMOD:35;TA=M;MT=Variable	NT=Trypsin;AC=MS:1001251	not applicable	Data-independent acquisition	1	1	20230822_SingleCells_MIA_28.raw	v1.1.0	NT=ms-proteomics;VV=v1.1.0	NT=human;VV=v1.1.0	NT=cell-lines;VV=v1.1.0	NT=single-cell;VV=v1.0.0	NT=clinical-metadata;VV=v1.0.0	NT=MIA PaCa-2;AC=CLO:0007726	not applicable
20230822_SingleCells_MIA_29	NT=Homo sapiens;AC=NCBITaxon:9606	NT=pancreas;AC=UBERON:0001264	NT=epithelial cell;AC=CL:0000066	NT=undifferentiated pancreatic carcinoma;AC=MONDO:0006478	NT=MIA PaCa-2;AC=CLO:0007726	CVCL_0428	MIA PaCa-2	65Y	male	NT=Dulbecco's Modified Eagle Medium;AC=NCIT:C185409	not applicable	NT=single cell;AC=PRIDE:0000897	manual picking	20230822_SingleCells_MIA_29	1	29	run 200	proteomic profiling by mass spectrometry	NT=Q Exactive HF-X;AC=MS:1002877	NT=label free sample;AC=MS:1002038	NT=Carbamidomethyl;AC=UNIMOD:4;TA=C;MT=Fixed	NT=Oxidation;AC=UNIMOD:35;TA=M;MT=Variable	NT=Trypsin;AC=MS:1001251	not applicable	Data-independent acquisition	1	1	20230822_SingleCells_MIA_29.raw	v1.1.0	NT=ms-proteomics;VV=v1.1.0	NT=human;VV=v1.1.0	NT=cell-lines;VV=v1.1.0	NT=single-cell;VV=v1.0.0	NT=clinical-metadata;VV=v1.0.0	NT=MIA PaCa-2;AC=CLO:0007726	not applicable
20230822_SingleCells_MIA_3	NT=Homo sapiens;AC=NCBITaxon:9606	NT=pancreas;AC=UBERON:0001264	NT=epithelial cell;AC=CL:0000066	NT=undifferentiated pancreatic carcinoma;AC=MONDO:0006478	NT=MIA PaCa-2;AC=CLO:0007726	CVCL_0428	MIA PaCa-2	65Y	male	NT=Dulbecco's Modified Eagle Medium;AC=NCIT:C185409	not applicable	NT=single cell;AC=PRIDE:0000897	manual picking	20230822_SingleCells_MIA_3	1	3	run 201	proteomic profiling by mass spectrometry	NT=Q Exactive HF-X;AC=MS:1002877	NT=label free sample;AC=MS:1002038	NT=Carbamidomethyl;AC=UNIMOD:4;TA=C;MT=Fixed	NT=Oxidation;AC=UNIMOD:35;TA=M;MT=Variable	NT=Trypsin;AC=MS:1001251	not applicable	Data-independent acquisition	1	1	20230822_SingleCells_MIA_3.raw	v1.1.0	NT=ms-proteomics;VV=v1.1.0	NT=human;VV=v1.1.0	NT=cell-lines;VV=v1.1.0	NT=single-cell;VV=v1.0.0	NT=clinical-metadata;VV=v1.0.0	NT=MIA PaCa-2;AC=CLO:0007726	not applicable
20230822_SingleCells_MIA_30	NT=Homo sapiens;AC=NCBITaxon:9606	NT=pancreas;AC=UBERON:0001264	NT=epithelial cell;AC=CL:0000066	NT=undifferentiated pancreatic carcinoma;AC=MONDO:0006478	NT=MIA PaCa-2;AC=CLO:0007726	CVCL_0428	MIA PaCa-2	65Y	male	NT=Dulbecco's Modified Eagle Medium;AC=NCIT:C185409	not applicable	NT=single cell;AC=PRIDE:0000897	manual picking	20230822_SingleCells_MIA_30	1	30	run 202	proteomic profiling by mass spectrometry	NT=Q Exactive HF-X;AC=MS:1002877	NT=label free sample;AC=MS:1002038	NT=Carbamidomethyl;AC=UNIMOD:4;TA=C;MT=Fixed	NT=Oxidation;AC=UNIMOD:35;TA=M;MT=Variable	NT=Trypsin;AC=MS:1001251	not applicable	Data-independent acquisition	1	1	20230822_SingleCells_MIA_30.raw	v1.1.0	NT=ms-proteomics;VV=v1.1.0	NT=human;VV=v1.1.0	NT=cell-lines;VV=v1.1.0	NT=single-cell;VV=v1.0.0	NT=clinical-metadata;VV=v1.0.0	NT=MIA PaCa-2;AC=CLO:0007726	not applicable
20230822_SingleCells_MIA_4	NT=Homo sapiens;AC=NCBITaxon:9606	NT=pancreas;AC=UBERON:0001264	NT=epithelial cell;AC=CL:0000066	NT=undifferentiated pancreatic carcinoma;AC=MONDO:0006478	NT=MIA PaCa-2;AC=CLO:0007726	CVCL_0428	MIA PaCa-2	65Y	male	NT=Dulbecco's Modified Eagle Medium;AC=NCIT:C185409	not applicable	NT=single cell;AC=PRIDE:0000897	manual picking	20230822_SingleCells_MIA_4	1	4	run 203	proteomic profiling by mass spectrometry	NT=Q Exactive HF-X;AC=MS:1002877	NT=label free sample;AC=MS:1002038	NT=Carbamidomethyl;AC=UNIMOD:4;TA=C;MT=Fixed	NT=Oxidation;AC=UNIMOD:35;TA=M;MT=Variable	NT=Trypsin;AC=MS:1001251	not applicable	Data-independent acquisition	1	1	20230822_SingleCells_MIA_4.raw	v1.1.0	NT=ms-proteomics;VV=v1.1.0	NT=human;VV=v1.1.0	NT=cell-lines;VV=v1.1.0	NT=single-cell;VV=v1.0.0	NT=clinical-metadata;VV=v1.0.0	NT=MIA PaCa-2;AC=CLO:0007726	not applicable
20230822_SingleCells_MIA_5	NT=Homo sapiens;AC=NCBITaxon:9606	NT=pancreas;AC=UBERON:0001264	NT=epithelial cell;AC=CL:0000066	NT=undifferentiated pancreatic carcinoma;AC=MONDO:0006478	NT=MIA PaCa-2;AC=CLO:0007726	CVCL_0428	MIA PaCa-2	65Y	male	NT=Dulbecco's Modified Eagle Medium;AC=NCIT:C185409	not applicable	NT=single cell;AC=PRIDE:0000897	manual picking	20230822_SingleCells_MIA_5	1	5	run 204	proteomic profiling by mass spectrometry	NT=Q Exactive HF-X;AC=MS:1002877	NT=label free sample;AC=MS:1002038	NT=Carbamidomethyl;AC=UNIMOD:4;TA=C;MT=Fixed	NT=Oxidation;AC=UNIMOD:35;TA=M;MT=Variable	NT=Trypsin;AC=MS:1001251	not applicable	Data-independent acquisition	1	1	20230822_SingleCells_MIA_5.raw	v1.1.0	NT=ms-proteomics;VV=v1.1.0	NT=human;VV=v1.1.0	NT=cell-lines;VV=v1.1.0	NT=single-cell;VV=v1.0.0	NT=clinical-metadata;VV=v1.0.0	NT=MIA PaCa-2;AC=CLO:0007726	not applicable
20230822_SingleCells_MIA_6	NT=Homo sapiens;AC=NCBITaxon:9606	NT=pancreas;AC=UBERON:0001264	NT=epithelial cell;AC=CL:0000066	NT=undifferentiated pancreatic carcinoma;AC=MONDO:0006478	NT=MIA PaCa-2;AC=CLO:0007726	CVCL_0428	MIA PaCa-2	65Y	male	NT=Dulbecco's Modified Eagle Medium;AC=NCIT:C185409	not applicable	NT=single cell;AC=PRIDE:0000897	manual picking	20230822_SingleCells_MIA_6	1	6	run 205	proteomic profiling by mass spectrometry	NT=Q Exactive HF-X;AC=MS:1002877	NT=label free sample;AC=MS:1002038	NT=Carbamidomethyl;AC=UNIMOD:4;TA=C;MT=Fixed	NT=Oxidation;AC=UNIMOD:35;TA=M;MT=Variable	NT=Trypsin;AC=MS:1001251	not applicable	Data-independent acquisition	1	1	20230822_SingleCells_MIA_6.raw	v1.1.0	NT=ms-proteomics;VV=v1.1.0	NT=human;VV=v1.1.0	NT=cell-lines;VV=v1.1.0	NT=single-cell;VV=v1.0.0	NT=clinical-metadata;VV=v1.0.0	NT=MIA PaCa-2;AC=CLO:0007726	not applicable
20230822_SingleCells_MIA_7	NT=Homo sapiens;AC=NCBITaxon:9606	NT=pancreas;AC=UBERON:0001264	NT=epithelial cell;AC=CL:0000066	NT=undifferentiated pancreatic carcinoma;AC=MONDO:0006478	NT=MIA PaCa-2;AC=CLO:0007726	CVCL_0428	MIA PaCa-2	65Y	male	NT=Dulbecco's Modified Eagle Medium;AC=NCIT:C185409	not applicable	NT=single cell;AC=PRIDE:0000897	manual picking	20230822_SingleCells_MIA_7	1	7	run 206	proteomic profiling by mass spectrometry	NT=Q Exactive HF-X;AC=MS:1002877	NT=label free sample;AC=MS:1002038	NT=Carbamidomethyl;AC=UNIMOD:4;TA=C;MT=Fixed	NT=Oxidation;AC=UNIMOD:35;TA=M;MT=Variable	NT=Trypsin;AC=MS:1001251	not applicable	Data-independent acquisition	1	1	20230822_SingleCells_MIA_7.raw	v1.1.0	NT=ms-proteomics;VV=v1.1.0	NT=human;VV=v1.1.0	NT=cell-lines;VV=v1.1.0	NT=single-cell;VV=v1.0.0	NT=clinical-metadata;VV=v1.0.0	NT=MIA PaCa-2;AC=CLO:0007726	not applicable
20230822_SingleCells_MIA_8	NT=Homo sapiens;AC=NCBITaxon:9606	NT=pancreas;AC=UBERON:0001264	NT=epithelial cell;AC=CL:0000066	NT=undifferentiated pancreatic carcinoma;AC=MONDO:0006478	NT=MIA PaCa-2;AC=CLO:0007726	CVCL_0428	MIA PaCa-2	65Y	male	NT=Dulbecco's Modified Eagle Medium;AC=NCIT:C185409	not applicable	NT=single cell;AC=PRIDE:0000897	manual picking	20230822_SingleCells_MIA_8	1	8	run 207	proteomic profiling by mass spectrometry	NT=Q Exactive HF-X;AC=MS:1002877	NT=label free sample;AC=MS:1002038	NT=Carbamidomethyl;AC=UNIMOD:4;TA=C;MT=Fixed	NT=Oxidation;AC=UNIMOD:35;TA=M;MT=Variable	NT=Trypsin;AC=MS:1001251	not applicable	Data-independent acquisition	1	1	20230822_SingleCells_MIA_8.raw	v1.1.0	NT=ms-proteomics;VV=v1.1.0	NT=human;VV=v1.1.0	NT=cell-lines;VV=v1.1.0	NT=single-cell;VV=v1.0.0	NT=clinical-metadata;VV=v1.0.0	NT=MIA PaCa-2;AC=CLO:0007726	not applicable
20230822_SingleCells_MIA_9	NT=Homo sapiens;AC=NCBITaxon:9606	NT=pancreas;AC=UBERON:0001264	NT=epithelial cell;AC=CL:0000066	NT=undifferentiated pancreatic carcinoma;AC=MONDO:0006478	NT=MIA PaCa-2;AC=CLO:0007726	CVCL_0428	MIA PaCa-2	65Y	male	NT=Dulbecco's Modified Eagle Medium;AC=NCIT:C185409	not applicable	NT=single cell;AC=PRIDE:0000897	manual picking	20230822_SingleCells_MIA_9	1	9	run 208	proteomic profiling by mass spectrometry	NT=Q Exactive HF-X;AC=MS:1002877	NT=label free sample;AC=MS:1002038	NT=Carbamidomethyl;AC=UNIMOD:4;TA=C;MT=Fixed	NT=Oxidation;AC=UNIMOD:35;TA=M;MT=Variable	NT=Trypsin;AC=MS:1001251	not applicable	Data-independent acquisition	1	1	20230822_SingleCells_MIA_9.raw	v1.1.0	NT=ms-proteomics;VV=v1.1.0	NT=human;VV=v1.1.0	NT=cell-lines;VV=v1.1.0	NT=single-cell;VV=v1.0.0	NT=clinical-metadata;VV=v1.0.0	NT=MIA PaCa-2;AC=CLO:0007726	not applicable
20230822_SingleCells_PANC_1	NT=Homo sapiens;AC=NCBITaxon:9606	NT=pancreas;AC=UBERON:0001264	NT=epithelial cell;AC=CL:0000066	NT=pancreatic ductal adenocarcinoma;AC=MONDO:0005184	NT=PANC-1;AC=CLO:0008381	CVCL_0480	PANC-1	56Y	male	NT=Dulbecco's Modified Eagle Medium;AC=NCIT:C185409	not applicable	NT=single cell;AC=PRIDE:0000897	manual picking	20230822_SingleCells_PANC_1	1	1	run 209	proteomic profiling by mass spectrometry	NT=Q Exactive HF-X;AC=MS:1002877	NT=label free sample;AC=MS:1002038	NT=Carbamidomethyl;AC=UNIMOD:4;TA=C;MT=Fixed	NT=Oxidation;AC=UNIMOD:35;TA=M;MT=Variable	NT=Trypsin;AC=MS:1001251	not applicable	Data-independent acquisition	1	1	20230822_SingleCells_PANC_1.raw	v1.1.0	NT=ms-proteomics;VV=v1.1.0	NT=human;VV=v1.1.0	NT=cell-lines;VV=v1.1.0	NT=single-cell;VV=v1.0.0	NT=clinical-metadata;VV=v1.0.0	NT=PANC-1;AC=CLO:0008381	not applicable
20230822_SingleCells_PANC_10	NT=Homo sapiens;AC=NCBITaxon:9606	NT=pancreas;AC=UBERON:0001264	NT=epithelial cell;AC=CL:0000066	NT=pancreatic ductal adenocarcinoma;AC=MONDO:0005184	NT=PANC-1;AC=CLO:0008381	CVCL_0480	PANC-1	56Y	male	NT=Dulbecco's Modified Eagle Medium;AC=NCIT:C185409	not applicable	NT=single cell;AC=PRIDE:0000897	manual picking	20230822_SingleCells_PANC_10	1	10	run 210	proteomic profiling by mass spectrometry	NT=Q Exactive HF-X;AC=MS:1002877	NT=label free sample;AC=MS:1002038	NT=Carbamidomethyl;AC=UNIMOD:4;TA=C;MT=Fixed	NT=Oxidation;AC=UNIMOD:35;TA=M;MT=Variable	NT=Trypsin;AC=MS:1001251	not applicable	Data-independent acquisition	1	1	20230822_SingleCells_PANC_10.raw	v1.1.0	NT=ms-proteomics;VV=v1.1.0	NT=human;VV=v1.1.0	NT=cell-lines;VV=v1.1.0	NT=single-cell;VV=v1.0.0	NT=clinical-metadata;VV=v1.0.0	NT=PANC-1;AC=CLO:0008381	not applicable
20230822_SingleCells_PANC_11	NT=Homo sapiens;AC=NCBITaxon:9606	NT=pancreas;AC=UBERON:0001264	NT=epithelial cell;AC=CL:0000066	NT=pancreatic ductal adenocarcinoma;AC=MONDO:0005184	NT=PANC-1;AC=CLO:0008381	CVCL_0480	PANC-1	56Y	male	NT=Dulbecco's Modified Eagle Medium;AC=NCIT:C185409	not applicable	NT=single cell;AC=PRIDE:0000897	manual picking	20230822_SingleCells_PANC_11	1	11	run 211	proteomic profiling by mass spectrometry	NT=Q Exactive HF-X;AC=MS:1002877	NT=label free sample;AC=MS:1002038	NT=Carbamidomethyl;AC=UNIMOD:4;TA=C;MT=Fixed	NT=Oxidation;AC=UNIMOD:35;TA=M;MT=Variable	NT=Trypsin;AC=MS:1001251	not applicable	Data-independent acquisition	1	1	20230822_SingleCells_PANC_11.raw	v1.1.0	NT=ms-proteomics;VV=v1.1.0	NT=human;VV=v1.1.0	NT=cell-lines;VV=v1.1.0	NT=single-cell;VV=v1.0.0	NT=clinical-metadata;VV=v1.0.0	NT=PANC-1;AC=CLO:0008381	not applicable
20230822_SingleCells_PANC_12	NT=Homo sapiens;AC=NCBITaxon:9606	NT=pancreas;AC=UBERON:0001264	NT=epithelial cell;AC=CL:0000066	NT=pancreatic ductal adenocarcinoma;AC=MONDO:0005184	NT=PANC-1;AC=CLO:0008381	CVCL_0480	PANC-1	56Y	male	NT=Dulbecco's Modified Eagle Medium;AC=NCIT:C185409	not applicable	NT=single cell;AC=PRIDE:0000897	manual picking	20230822_SingleCells_PANC_12	1	12	run 212	proteomic profiling by mass spectrometry	NT=Q Exactive HF-X;AC=MS:1002877	NT=label free sample;AC=MS:1002038	NT=Carbamidomethyl;AC=UNIMOD:4;TA=C;MT=Fixed	NT=Oxidation;AC=UNIMOD:35;TA=M;MT=Variable	NT=Trypsin;AC=MS:1001251	not applicable	Data-independent acquisition	1	1	20230822_SingleCells_PANC_12.raw	v1.1.0	NT=ms-proteomics;VV=v1.1.0	NT=human;VV=v1.1.0	NT=cell-lines;VV=v1.1.0	NT=single-cell;VV=v1.0.0	NT=clinical-metadata;VV=v1.0.0	NT=PANC-1;AC=CLO:0008381	not applicable
20230822_SingleCells_PANC_13	NT=Homo sapiens;AC=NCBITaxon:9606	NT=pancreas;AC=UBERON:0001264	NT=epithelial cell;AC=CL:0000066	NT=pancreatic ductal adenocarcinoma;AC=MONDO:0005184	NT=PANC-1;AC=CLO:0008381	CVCL_0480	PANC-1	56Y	male	NT=Dulbecco's Modified Eagle Medium;AC=NCIT:C185409	not applicable	NT=single cell;AC=PRIDE:0000897	manual picking	20230822_SingleCells_PANC_13	1	13	run 213	proteomic profiling by mass spectrometry	NT=Q Exactive HF-X;AC=MS:1002877	NT=label free sample;AC=MS:1002038	NT=Carbamidomethyl;AC=UNIMOD:4;TA=C;MT=Fixed	NT=Oxidation;AC=UNIMOD:35;TA=M;MT=Variable	NT=Trypsin;AC=MS:1001251	not applicable	Data-independent acquisition	1	1	20230822_SingleCells_PANC_13.raw	v1.1.0	NT=ms-proteomics;VV=v1.1.0	NT=human;VV=v1.1.0	NT=cell-lines;VV=v1.1.0	NT=single-cell;VV=v1.0.0	NT=clinical-metadata;VV=v1.0.0	NT=PANC-1;AC=CLO:0008381	not applicable
20230822_SingleCells_PANC_14	NT=Homo sapiens;AC=NCBITaxon:9606	NT=pancreas;AC=UBERON:0001264	NT=epithelial cell;AC=CL:0000066	NT=pancreatic ductal adenocarcinoma;AC=MONDO:0005184	NT=PANC-1;AC=CLO:0008381	CVCL_0480	PANC-1	56Y	male	NT=Dulbecco's Modified Eagle Medium;AC=NCIT:C185409	not applicable	NT=single cell;AC=PRIDE:0000897	manual picking	20230822_SingleCells_PANC_14	1	14	run 214	proteomic profiling by mass spectrometry	NT=Q Exactive HF-X;AC=MS:1002877	NT=label free sample;AC=MS:1002038	NT=Carbamidomethyl;AC=UNIMOD:4;TA=C;MT=Fixed	NT=Oxidation;AC=UNIMOD:35;TA=M;MT=Variable	NT=Trypsin;AC=MS:1001251	not applicable	Data-independent acquisition	1	1	20230822_SingleCells_PANC_14.raw	v1.1.0	NT=ms-proteomics;VV=v1.1.0	NT=human;VV=v1.1.0	NT=cell-lines;VV=v1.1.0	NT=single-cell;VV=v1.0.0	NT=clinical-metadata;VV=v1.0.0	NT=PANC-1;AC=CLO:0008381	not applicable
20230822_SingleCells_PANC_15	NT=Homo sapiens;AC=NCBITaxon:9606	NT=pancreas;AC=UBERON:0001264	NT=epithelial cell;AC=CL:0000066	NT=pancreatic ductal adenocarcinoma;AC=MONDO:0005184	NT=PANC-1;AC=CLO:0008381	CVCL_0480	PANC-1	56Y	male	NT=Dulbecco's Modified Eagle Medium;AC=NCIT:C185409	not applicable	NT=single cell;AC=PRIDE:0000897	manual picking	20230822_SingleCells_PANC_15	1	15	run 215	proteomic profiling by mass spectrometry	NT=Q Exactive HF-X;AC=MS:1002877	NT=label free sample;AC=MS:1002038	NT=Carbamidomethyl;AC=UNIMOD:4;TA=C;MT=Fixed	NT=Oxidation;AC=UNIMOD:35;TA=M;MT=Variable	NT=Trypsin;AC=MS:1001251	not applicable	Data-independent acquisition	1	1	20230822_SingleCells_PANC_15.raw	v1.1.0	NT=ms-proteomics;VV=v1.1.0	NT=human;VV=v1.1.0	NT=cell-lines;VV=v1.1.0	NT=single-cell;VV=v1.0.0	NT=clinical-metadata;VV=v1.0.0	NT=PANC-1;AC=CLO:0008381	not applicable
20230822_SingleCells_PANC_16	NT=Homo sapiens;AC=NCBITaxon:9606	NT=pancreas;AC=UBERON:0001264	NT=epithelial cell;AC=CL:0000066	NT=pancreatic ductal adenocarcinoma;AC=MONDO:0005184	NT=PANC-1;AC=CLO:0008381	CVCL_0480	PANC-1	56Y	male	NT=Dulbecco's Modified Eagle Medium;AC=NCIT:C185409	not applicable	NT=single cell;AC=PRIDE:0000897	manual picking	20230822_SingleCells_PANC_16	1	16	run 216	proteomic profiling by mass spectrometry	NT=Q Exactive HF-X;AC=MS:1002877	NT=label free sample;AC=MS:1002038	NT=Carbamidomethyl;AC=UNIMOD:4;TA=C;MT=Fixed	NT=Oxidation;AC=UNIMOD:35;TA=M;MT=Variable	NT=Trypsin;AC=MS:1001251	not applicable	Data-independent acquisition	1	1	20230822_SingleCells_PANC_16.raw	v1.1.0	NT=ms-proteomics;VV=v1.1.0	NT=human;VV=v1.1.0	NT=cell-lines;VV=v1.1.0	NT=single-cell;VV=v1.0.0	NT=clinical-metadata;VV=v1.0.0	NT=PANC-1;AC=CLO:0008381	not applicable
20230822_SingleCells_PANC_17	NT=Homo sapiens;AC=NCBITaxon:9606	NT=pancreas;AC=UBERON:0001264	NT=epithelial cell;AC=CL:0000066	NT=pancreatic ductal adenocarcinoma;AC=MONDO:0005184	NT=PANC-1;AC=CLO:0008381	CVCL_0480	PANC-1	56Y	male	NT=Dulbecco's Modified Eagle Medium;AC=NCIT:C185409	not applicable	NT=single cell;AC=PRIDE:0000897	manual picking	20230822_SingleCells_PANC_17	1	17	run 217	proteomic profiling by mass spectrometry	NT=Q Exactive HF-X;AC=MS:1002877	NT=label free sample;AC=MS:1002038	NT=Carbamidomethyl;AC=UNIMOD:4;TA=C;MT=Fixed	NT=Oxidation;AC=UNIMOD:35;TA=M;MT=Variable	NT=Trypsin;AC=MS:1001251	not applicable	Data-independent acquisition	1	1	20230822_SingleCells_PANC_17.raw	v1.1.0	NT=ms-proteomics;VV=v1.1.0	NT=human;VV=v1.1.0	NT=cell-lines;VV=v1.1.0	NT=single-cell;VV=v1.0.0	NT=clinical-metadata;VV=v1.0.0	NT=PANC-1;AC=CLO:0008381	not applicable
20230822_SingleCells_PANC_18	NT=Homo sapiens;AC=NCBITaxon:9606	NT=pancreas;AC=UBERON:0001264	NT=epithelial cell;AC=CL:0000066	NT=pancreatic ductal adenocarcinoma;AC=MONDO:0005184	NT=PANC-1;AC=CLO:0008381	CVCL_0480	PANC-1	56Y	male	NT=Dulbecco's Modified Eagle Medium;AC=NCIT:C185409	not applicable	NT=single cell;AC=PRIDE:0000897	manual picking	20230822_SingleCells_PANC_18	1	18	run 218	proteomic profiling by mass spectrometry	NT=Q Exactive HF-X;AC=MS:1002877	NT=label free sample;AC=MS:1002038	NT=Carbamidomethyl;AC=UNIMOD:4;TA=C;MT=Fixed	NT=Oxidation;AC=UNIMOD:35;TA=M;MT=Variable	NT=Trypsin;AC=MS:1001251	not applicable	Data-independent acquisition	1	1	20230822_SingleCells_PANC_18.raw	v1.1.0	NT=ms-proteomics;VV=v1.1.0	NT=human;VV=v1.1.0	NT=cell-lines;VV=v1.1.0	NT=single-cell;VV=v1.0.0	NT=clinical-metadata;VV=v1.0.0	NT=PANC-1;AC=CLO:0008381	not applicable
20230822_SingleCells_PANC_19	NT=Homo sapiens;AC=NCBITaxon:9606	NT=pancreas;AC=UBERON:0001264	NT=epithelial cell;AC=CL:0000066	NT=pancreatic ductal adenocarcinoma;AC=MONDO:0005184	NT=PANC-1;AC=CLO:0008381	CVCL_0480	PANC-1	56Y	male	NT=Dulbecco's Modified Eagle Medium;AC=NCIT:C185409	not applicable	NT=single cell;AC=PRIDE:0000897	manual picking	20230822_SingleCells_PANC_19	1	19	run 219	proteomic profiling by mass spectrometry	NT=Q Exactive HF-X;AC=MS:1002877	NT=label free sample;AC=MS:1002038	NT=Carbamidomethyl;AC=UNIMOD:4;TA=C;MT=Fixed	NT=Oxidation;AC=UNIMOD:35;TA=M;MT=Variable	NT=Trypsin;AC=MS:1001251	not applicable	Data-independent acquisition	1	1	20230822_SingleCells_PANC_19.raw	v1.1.0	NT=ms-proteomics;VV=v1.1.0	NT=human;VV=v1.1.0	NT=cell-lines;VV=v1.1.0	NT=single-cell;VV=v1.0.0	NT=clinical-metadata;VV=v1.0.0	NT=PANC-1;AC=CLO:0008381	not applicable
20230822_SingleCells_PANC_2	NT=Homo sapiens;AC=NCBITaxon:9606	NT=pancreas;AC=UBERON:0001264	NT=epithelial cell;AC=CL:0000066	NT=pancreatic ductal adenocarcinoma;AC=MONDO:0005184	NT=PANC-1;AC=CLO:0008381	CVCL_0480	PANC-1	56Y	male	NT=Dulbecco's Modified Eagle Medium;AC=NCIT:C185409	not applicable	NT=single cell;AC=PRIDE:0000897	manual picking	20230822_SingleCells_PANC_2	1	2	run 220	proteomic profiling by mass spectrometry	NT=Q Exactive HF-X;AC=MS:1002877	NT=label free sample;AC=MS:1002038	NT=Carbamidomethyl;AC=UNIMOD:4;TA=C;MT=Fixed	NT=Oxidation;AC=UNIMOD:35;TA=M;MT=Variable	NT=Trypsin;AC=MS:1001251	not applicable	Data-independent acquisition	1	1	20230822_SingleCells_PANC_2.raw	v1.1.0	NT=ms-proteomics;VV=v1.1.0	NT=human;VV=v1.1.0	NT=cell-lines;VV=v1.1.0	NT=single-cell;VV=v1.0.0	NT=clinical-metadata;VV=v1.0.0	NT=PANC-1;AC=CLO:0008381	not applicable
20230822_SingleCells_PANC_20	NT=Homo sapiens;AC=NCBITaxon:9606	NT=pancreas;AC=UBERON:0001264	NT=epithelial cell;AC=CL:0000066	NT=pancreatic ductal adenocarcinoma;AC=MONDO:0005184	NT=PANC-1;AC=CLO:0008381	CVCL_0480	PANC-1	56Y	male	NT=Dulbecco's Modified Eagle Medium;AC=NCIT:C185409	not applicable	NT=single cell;AC=PRIDE:0000897	manual picking	20230822_SingleCells_PANC_20	1	20	run 221	proteomic profiling by mass spectrometry	NT=Q Exactive HF-X;AC=MS:1002877	NT=label free sample;AC=MS:1002038	NT=Carbamidomethyl;AC=UNIMOD:4;TA=C;MT=Fixed	NT=Oxidation;AC=UNIMOD:35;TA=M;MT=Variable	NT=Trypsin;AC=MS:1001251	not applicable	Data-independent acquisition	1	1	20230822_SingleCells_PANC_20.raw	v1.1.0	NT=ms-proteomics;VV=v1.1.0	NT=human;VV=v1.1.0	NT=cell-lines;VV=v1.1.0	NT=single-cell;VV=v1.0.0	NT=clinical-metadata;VV=v1.0.0	NT=PANC-1;AC=CLO:0008381	not applicable
20230822_SingleCells_PANC_21	NT=Homo sapiens;AC=NCBITaxon:9606	NT=pancreas;AC=UBERON:0001264	NT=epithelial cell;AC=CL:0000066	NT=pancreatic ductal adenocarcinoma;AC=MONDO:0005184	NT=PANC-1;AC=CLO:0008381	CVCL_0480	PANC-1	56Y	male	NT=Dulbecco's Modified Eagle Medium;AC=NCIT:C185409	not applicable	NT=single cell;AC=PRIDE:0000897	manual picking	20230822_SingleCells_PANC_21	1	21	run 222	proteomic profiling by mass spectrometry	NT=Q Exactive HF-X;AC=MS:1002877	NT=label free sample;AC=MS:1002038	NT=Carbamidomethyl;AC=UNIMOD:4;TA=C;MT=Fixed	NT=Oxidation;AC=UNIMOD:35;TA=M;MT=Variable	NT=Trypsin;AC=MS:1001251	not applicable	Data-independent acquisition	1	1	20230822_SingleCells_PANC_21.raw	v1.1.0	NT=ms-proteomics;VV=v1.1.0	NT=human;VV=v1.1.0	NT=cell-lines;VV=v1.1.0	NT=single-cell;VV=v1.0.0	NT=clinical-metadata;VV=v1.0.0	NT=PANC-1;AC=CLO:0008381	not applicable
20230822_SingleCells_PANC_22	NT=Homo sapiens;AC=NCBITaxon:9606	NT=pancreas;AC=UBERON:0001264	NT=epithelial cell;AC=CL:0000066	NT=pancreatic ductal adenocarcinoma;AC=MONDO:0005184	NT=PANC-1;AC=CLO:0008381	CVCL_0480	PANC-1	56Y	male	NT=Dulbecco's Modified Eagle Medium;AC=NCIT:C185409	not applicable	NT=single cell;AC=PRIDE:0000897	manual picking	20230822_SingleCells_PANC_22	1	22	run 223	proteomic profiling by mass spectrometry	NT=Q Exactive HF-X;AC=MS:1002877	NT=label free sample;AC=MS:1002038	NT=Carbamidomethyl;AC=UNIMOD:4;TA=C;MT=Fixed	NT=Oxidation;AC=UNIMOD:35;TA=M;MT=Variable	NT=Trypsin;AC=MS:1001251	not applicable	Data-independent acquisition	1	1	20230822_SingleCells_PANC_22.raw	v1.1.0	NT=ms-proteomics;VV=v1.1.0	NT=human;VV=v1.1.0	NT=cell-lines;VV=v1.1.0	NT=single-cell;VV=v1.0.0	NT=clinical-metadata;VV=v1.0.0	NT=PANC-1;AC=CLO:0008381	not applicable
20230822_SingleCells_PANC_23	NT=Homo sapiens;AC=NCBITaxon:9606	NT=pancreas;AC=UBERON:0001264	NT=epithelial cell;AC=CL:0000066	NT=pancreatic ductal adenocarcinoma;AC=MONDO:0005184	NT=PANC-1;AC=CLO:0008381	CVCL_0480	PANC-1	56Y	male	NT=Dulbecco's Modified Eagle Medium;AC=NCIT:C185409	not applicable	NT=single cell;AC=PRIDE:0000897	manual picking	20230822_SingleCells_PANC_23	1	23	run 224	proteomic profiling by mass spectrometry	NT=Q Exactive HF-X;AC=MS:1002877	NT=label free sample;AC=MS:1002038	NT=Carbamidomethyl;AC=UNIMOD:4;TA=C;MT=Fixed	NT=Oxidation;AC=UNIMOD:35;TA=M;MT=Variable	NT=Trypsin;AC=MS:1001251	not applicable	Data-independent acquisition	1	1	20230822_SingleCells_PANC_23.raw	v1.1.0	NT=ms-proteomics;VV=v1.1.0	NT=human;VV=v1.1.0	NT=cell-lines;VV=v1.1.0	NT=single-cell;VV=v1.0.0	NT=clinical-metadata;VV=v1.0.0	NT=PANC-1;AC=CLO:0008381	not applicable
20230822_SingleCells_PANC_24	NT=Homo sapiens;AC=NCBITaxon:9606	NT=pancreas;AC=UBERON:0001264	NT=epithelial cell;AC=CL:0000066	NT=pancreatic ductal adenocarcinoma;AC=MONDO:0005184	NT=PANC-1;AC=CLO:0008381	CVCL_0480	PANC-1	56Y	male	NT=Dulbecco's Modified Eagle Medium;AC=NCIT:C185409	not applicable	NT=single cell;AC=PRIDE:0000897	manual picking	20230822_SingleCells_PANC_24	1	24	run 225	proteomic profiling by mass spectrometry	NT=Q Exactive HF-X;AC=MS:1002877	NT=label free sample;AC=MS:1002038	NT=Carbamidomethyl;AC=UNIMOD:4;TA=C;MT=Fixed	NT=Oxidation;AC=UNIMOD:35;TA=M;MT=Variable	NT=Trypsin;AC=MS:1001251	not applicable	Data-independent acquisition	1	1	20230822_SingleCells_PANC_24.raw	v1.1.0	NT=ms-proteomics;VV=v1.1.0	NT=human;VV=v1.1.0	NT=cell-lines;VV=v1.1.0	NT=single-cell;VV=v1.0.0	NT=clinical-metadata;VV=v1.0.0	NT=PANC-1;AC=CLO:0008381	not applicable
20230822_SingleCells_PANC_25	NT=Homo sapiens;AC=NCBITaxon:9606	NT=pancreas;AC=UBERON:0001264	NT=epithelial cell;AC=CL:0000066	NT=pancreatic ductal adenocarcinoma;AC=MONDO:0005184	NT=PANC-1;AC=CLO:0008381	CVCL_0480	PANC-1	56Y	male	NT=Dulbecco's Modified Eagle Medium;AC=NCIT:C185409	not applicable	NT=single cell;AC=PRIDE:0000897	manual picking	20230822_SingleCells_PANC_25	1	25	run 226	proteomic profiling by mass spectrometry	NT=Q Exactive HF-X;AC=MS:1002877	NT=label free sample;AC=MS:1002038	NT=Carbamidomethyl;AC=UNIMOD:4;TA=C;MT=Fixed	NT=Oxidation;AC=UNIMOD:35;TA=M;MT=Variable	NT=Trypsin;AC=MS:1001251	not applicable	Data-independent acquisition	1	1	20230822_SingleCells_PANC_25.raw	v1.1.0	NT=ms-proteomics;VV=v1.1.0	NT=human;VV=v1.1.0	NT=cell-lines;VV=v1.1.0	NT=single-cell;VV=v1.0.0	NT=clinical-metadata;VV=v1.0.0	NT=PANC-1;AC=CLO:0008381	not applicable
20230822_SingleCells_PANC_26	NT=Homo sapiens;AC=NCBITaxon:9606	NT=pancreas;AC=UBERON:0001264	NT=epithelial cell;AC=CL:0000066	NT=pancreatic ductal adenocarcinoma;AC=MONDO:0005184	NT=PANC-1;AC=CLO:0008381	CVCL_0480	PANC-1	56Y	male	NT=Dulbecco's Modified Eagle Medium;AC=NCIT:C185409	not applicable	NT=single cell;AC=PRIDE:0000897	manual picking	20230822_SingleCells_PANC_26	1	26	run 227	proteomic profiling by mass spectrometry	NT=Q Exactive HF-X;AC=MS:1002877	NT=label free sample;AC=MS:1002038	NT=Carbamidomethyl;AC=UNIMOD:4;TA=C;MT=Fixed	NT=Oxidation;AC=UNIMOD:35;TA=M;MT=Variable	NT=Trypsin;AC=MS:1001251	not applicable	Data-independent acquisition	1	1	20230822_SingleCells_PANC_26.raw	v1.1.0	NT=ms-proteomics;VV=v1.1.0	NT=human;VV=v1.1.0	NT=cell-lines;VV=v1.1.0	NT=single-cell;VV=v1.0.0	NT=clinical-metadata;VV=v1.0.0	NT=PANC-1;AC=CLO:0008381	not applicable
20230822_SingleCells_PANC_27	NT=Homo sapiens;AC=NCBITaxon:9606	NT=pancreas;AC=UBERON:0001264	NT=epithelial cell;AC=CL:0000066	NT=pancreatic ductal adenocarcinoma;AC=MONDO:0005184	NT=PANC-1;AC=CLO:0008381	CVCL_0480	PANC-1	56Y	male	NT=Dulbecco's Modified Eagle Medium;AC=NCIT:C185409	not applicable	NT=single cell;AC=PRIDE:0000897	manual picking	20230822_SingleCells_PANC_27	1	27	run 228	proteomic profiling by mass spectrometry	NT=Q Exactive HF-X;AC=MS:1002877	NT=label free sample;AC=MS:1002038	NT=Carbamidomethyl;AC=UNIMOD:4;TA=C;MT=Fixed	NT=Oxidation;AC=UNIMOD:35;TA=M;MT=Variable	NT=Trypsin;AC=MS:1001251	not applicable	Data-independent acquisition	1	1	20230822_SingleCells_PANC_27.raw	v1.1.0	NT=ms-proteomics;VV=v1.1.0	NT=human;VV=v1.1.0	NT=cell-lines;VV=v1.1.0	NT=single-cell;VV=v1.0.0	NT=clinical-metadata;VV=v1.0.0	NT=PANC-1;AC=CLO:0008381	not applicable
20230822_SingleCells_PANC_28	NT=Homo sapiens;AC=NCBITaxon:9606	NT=pancreas;AC=UBERON:0001264	NT=epithelial cell;AC=CL:0000066	NT=pancreatic ductal adenocarcinoma;AC=MONDO:0005184	NT=PANC-1;AC=CLO:0008381	CVCL_0480	PANC-1	56Y	male	NT=Dulbecco's Modified Eagle Medium;AC=NCIT:C185409	not applicable	NT=single cell;AC=PRIDE:0000897	manual picking	20230822_SingleCells_PANC_28	1	28	run 229	proteomic profiling by mass spectrometry	NT=Q Exactive HF-X;AC=MS:1002877	NT=label free sample;AC=MS:1002038	NT=Carbamidomethyl;AC=UNIMOD:4;TA=C;MT=Fixed	NT=Oxidation;AC=UNIMOD:35;TA=M;MT=Variable	NT=Trypsin;AC=MS:1001251	not applicable	Data-independent acquisition	1	1	20230822_SingleCells_PANC_28.raw	v1.1.0	NT=ms-proteomics;VV=v1.1.0	NT=human;VV=v1.1.0	NT=cell-lines;VV=v1.1.0	NT=single-cell;VV=v1.0.0	NT=clinical-metadata;VV=v1.0.0	NT=PANC-1;AC=CLO:0008381	not applicable
20230822_SingleCells_PANC_29	NT=Homo sapiens;AC=NCBITaxon:9606	NT=pancreas;AC=UBERON:0001264	NT=epithelial cell;AC=CL:0000066	NT=pancreatic ductal adenocarcinoma;AC=MONDO:0005184	NT=PANC-1;AC=CLO:0008381	CVCL_0480	PANC-1	56Y	male	NT=Dulbecco's Modified Eagle Medium;AC=NCIT:C185409	not applicable	NT=single cell;AC=PRIDE:0000897	manual picking	20230822_SingleCells_PANC_29	1	29	run 230	proteomic profiling by mass spectrometry	NT=Q Exactive HF-X;AC=MS:1002877	NT=label free sample;AC=MS:1002038	NT=Carbamidomethyl;AC=UNIMOD:4;TA=C;MT=Fixed	NT=Oxidation;AC=UNIMOD:35;TA=M;MT=Variable	NT=Trypsin;AC=MS:1001251	not applicable	Data-independent acquisition	1	1	20230822_SingleCells_PANC_29.raw	v1.1.0	NT=ms-proteomics;VV=v1.1.0	NT=human;VV=v1.1.0	NT=cell-lines;VV=v1.1.0	NT=single-cell;VV=v1.0.0	NT=clinical-metadata;VV=v1.0.0	NT=PANC-1;AC=CLO:0008381	not applicable
20230822_SingleCells_PANC_3	NT=Homo sapiens;AC=NCBITaxon:9606	NT=pancreas;AC=UBERON:0001264	NT=epithelial cell;AC=CL:0000066	NT=pancreatic ductal adenocarcinoma;AC=MONDO:0005184	NT=PANC-1;AC=CLO:0008381	CVCL_0480	PANC-1	56Y	male	NT=Dulbecco's Modified Eagle Medium;AC=NCIT:C185409	not applicable	NT=single cell;AC=PRIDE:0000897	manual picking	20230822_SingleCells_PANC_3	1	3	run 231	proteomic profiling by mass spectrometry	NT=Q Exactive HF-X;AC=MS:1002877	NT=label free sample;AC=MS:1002038	NT=Carbamidomethyl;AC=UNIMOD:4;TA=C;MT=Fixed	NT=Oxidation;AC=UNIMOD:35;TA=M;MT=Variable	NT=Trypsin;AC=MS:1001251	not applicable	Data-independent acquisition	1	1	20230822_SingleCells_PANC_3.raw	v1.1.0	NT=ms-proteomics;VV=v1.1.0	NT=human;VV=v1.1.0	NT=cell-lines;VV=v1.1.0	NT=single-cell;VV=v1.0.0	NT=clinical-metadata;VV=v1.0.0	NT=PANC-1;AC=CLO:0008381	not applicable
20230822_SingleCells_PANC_30	NT=Homo sapiens;AC=NCBITaxon:9606	NT=pancreas;AC=UBERON:0001264	NT=epithelial cell;AC=CL:0000066	NT=pancreatic ductal adenocarcinoma;AC=MONDO:0005184	NT=PANC-1;AC=CLO:0008381	CVCL_0480	PANC-1	56Y	male	NT=Dulbecco's Modified Eagle Medium;AC=NCIT:C185409	not applicable	NT=single cell;AC=PRIDE:0000897	manual picking	20230822_SingleCells_PANC_30	1	30	run 232	proteomic profiling by mass spectrometry	NT=Q Exactive HF-X;AC=MS:1002877	NT=label free sample;AC=MS:1002038	NT=Carbamidomethyl;AC=UNIMOD:4;TA=C;MT=Fixed	NT=Oxidation;AC=UNIMOD:35;TA=M;MT=Variable	NT=Trypsin;AC=MS:1001251	not applicable	Data-independent acquisition	1	1	20230822_SingleCells_PANC_30.raw	v1.1.0	NT=ms-proteomics;VV=v1.1.0	NT=human;VV=v1.1.0	NT=cell-lines;VV=v1.1.0	NT=single-cell;VV=v1.0.0	NT=clinical-metadata;VV=v1.0.0	NT=PANC-1;AC=CLO:0008381	not applicable
20230822_SingleCells_PANC_4	NT=Homo sapiens;AC=NCBITaxon:9606	NT=pancreas;AC=UBERON:0001264	NT=epithelial cell;AC=CL:0000066	NT=pancreatic ductal adenocarcinoma;AC=MONDO:0005184	NT=PANC-1;AC=CLO:0008381	CVCL_0480	PANC-1	56Y	male	NT=Dulbecco's Modified Eagle Medium;AC=NCIT:C185409	not applicable	NT=single cell;AC=PRIDE:0000897	manual picking	20230822_SingleCells_PANC_4	1	4	run 233	proteomic profiling by mass spectrometry	NT=Q Exactive HF-X;AC=MS:1002877	NT=label free sample;AC=MS:1002038	NT=Carbamidomethyl;AC=UNIMOD:4;TA=C;MT=Fixed	NT=Oxidation;AC=UNIMOD:35;TA=M;MT=Variable	NT=Trypsin;AC=MS:1001251	not applicable	Data-independent acquisition	1	1	20230822_SingleCells_PANC_4.raw	v1.1.0	NT=ms-proteomics;VV=v1.1.0	NT=human;VV=v1.1.0	NT=cell-lines;VV=v1.1.0	NT=single-cell;VV=v1.0.0	NT=clinical-metadata;VV=v1.0.0	NT=PANC-1;AC=CLO:0008381	not applicable
20230822_SingleCells_PANC_5	NT=Homo sapiens;AC=NCBITaxon:9606	NT=pancreas;AC=UBERON:0001264	NT=epithelial cell;AC=CL:0000066	NT=pancreatic ductal adenocarcinoma;AC=MONDO:0005184	NT=PANC-1;AC=CLO:0008381	CVCL_0480	PANC-1	56Y	male	NT=Dulbecco's Modified Eagle Medium;AC=NCIT:C185409	not applicable	NT=single cell;AC=PRIDE:0000897	manual picking	20230822_SingleCells_PANC_5	1	5	run 234	proteomic profiling by mass spectrometry	NT=Q Exactive HF-X;AC=MS:1002877	NT=label free sample;AC=MS:1002038	NT=Carbamidomethyl;AC=UNIMOD:4;TA=C;MT=Fixed	NT=Oxidation;AC=UNIMOD:35;TA=M;MT=Variable	NT=Trypsin;AC=MS:1001251	not applicable	Data-independent acquisition	1	1	20230822_SingleCells_PANC_5.raw	v1.1.0	NT=ms-proteomics;VV=v1.1.0	NT=human;VV=v1.1.0	NT=cell-lines;VV=v1.1.0	NT=single-cell;VV=v1.0.0	NT=clinical-metadata;VV=v1.0.0	NT=PANC-1;AC=CLO:0008381	not applicable
20230822_SingleCells_PANC_6	NT=Homo sapiens;AC=NCBITaxon:9606	NT=pancreas;AC=UBERON:0001264	NT=epithelial cell;AC=CL:0000066	NT=pancreatic ductal adenocarcinoma;AC=MONDO:0005184	NT=PANC-1;AC=CLO:0008381	CVCL_0480	PANC-1	56Y	male	NT=Dulbecco's Modified Eagle Medium;AC=NCIT:C185409	not applicable	NT=single cell;AC=PRIDE:0000897	manual picking	20230822_SingleCells_PANC_6	1	6	run 235	proteomic profiling by mass spectrometry	NT=Q Exactive HF-X;AC=MS:1002877	NT=label free sample;AC=MS:1002038	NT=Carbamidomethyl;AC=UNIMOD:4;TA=C;MT=Fixed	NT=Oxidation;AC=UNIMOD:35;TA=M;MT=Variable	NT=Trypsin;AC=MS:1001251	not applicable	Data-independent acquisition	1	1	20230822_SingleCells_PANC_6.raw	v1.1.0	NT=ms-proteomics;VV=v1.1.0	NT=human;VV=v1.1.0	NT=cell-lines;VV=v1.1.0	NT=single-cell;VV=v1.0.0	NT=clinical-metadata;VV=v1.0.0	NT=PANC-1;AC=CLO:0008381	not applicable
20230822_SingleCells_PANC_7	NT=Homo sapiens;AC=NCBITaxon:9606	NT=pancreas;AC=UBERON:0001264	NT=epithelial cell;AC=CL:0000066	NT=pancreatic ductal adenocarcinoma;AC=MONDO:0005184	NT=PANC-1;AC=CLO:0008381	CVCL_0480	PANC-1	56Y	male	NT=Dulbecco's Modified Eagle Medium;AC=NCIT:C185409	not applicable	NT=single cell;AC=PRIDE:0000897	manual picking	20230822_SingleCells_PANC_7	1	7	run 236	proteomic profiling by mass spectrometry	NT=Q Exactive HF-X;AC=MS:1002877	NT=label free sample;AC=MS:1002038	NT=Carbamidomethyl;AC=UNIMOD:4;TA=C;MT=Fixed	NT=Oxidation;AC=UNIMOD:35;TA=M;MT=Variable	NT=Trypsin;AC=MS:1001251	not applicable	Data-independent acquisition	1	1	20230822_SingleCells_PANC_7.raw	v1.1.0	NT=ms-proteomics;VV=v1.1.0	NT=human;VV=v1.1.0	NT=cell-lines;VV=v1.1.0	NT=single-cell;VV=v1.0.0	NT=clinical-metadata;VV=v1.0.0	NT=PANC-1;AC=CLO:0008381	not applicable
20230822_SingleCells_PANC_8	NT=Homo sapiens;AC=NCBITaxon:9606	NT=pancreas;AC=UBERON:0001264	NT=epithelial cell;AC=CL:0000066	NT=pancreatic ductal adenocarcinoma;AC=MONDO:0005184	NT=PANC-1;AC=CLO:0008381	CVCL_0480	PANC-1	56Y	male	NT=Dulbecco's Modified Eagle Medium;AC=NCIT:C185409	not applicable	NT=single cell;AC=PRIDE:0000897	manual picking	20230822_SingleCells_PANC_8	1	8	run 237	proteomic profiling by mass spectrometry	NT=Q Exactive HF-X;AC=MS:1002877	NT=label free sample;AC=MS:1002038	NT=Carbamidomethyl;AC=UNIMOD:4;TA=C;MT=Fixed	NT=Oxidation;AC=UNIMOD:35;TA=M;MT=Variable	NT=Trypsin;AC=MS:1001251	not applicable	Data-independent acquisition	1	1	20230822_SingleCells_PANC_8.raw	v1.1.0	NT=ms-proteomics;VV=v1.1.0	NT=human;VV=v1.1.0	NT=cell-lines;VV=v1.1.0	NT=single-cell;VV=v1.0.0	NT=clinical-metadata;VV=v1.0.0	NT=PANC-1;AC=CLO:0008381	not applicable
20230822_SingleCells_PANC_9	NT=Homo sapiens;AC=NCBITaxon:9606	NT=pancreas;AC=UBERON:0001264	NT=epithelial cell;AC=CL:0000066	NT=pancreatic ductal adenocarcinoma;AC=MONDO:0005184	NT=PANC-1;AC=CLO:0008381	CVCL_0480	PANC-1	56Y	male	NT=Dulbecco's Modified Eagle Medium;AC=NCIT:C185409	not applicable	NT=single cell;AC=PRIDE:0000897	manual picking	20230822_SingleCells_PANC_9	1	9	run 238	proteomic profiling by mass spectrometry	NT=Q Exactive HF-X;AC=MS:1002877	NT=label free sample;AC=MS:1002038	NT=Carbamidomethyl;AC=UNIMOD:4;TA=C;MT=Fixed	NT=Oxidation;AC=UNIMOD:35;TA=M;MT=Variable	NT=Trypsin;AC=MS:1001251	not applicable	Data-independent acquisition	1	1	20230822_SingleCells_PANC_9.raw	v1.1.0	NT=ms-proteomics;VV=v1.1.0	NT=human;VV=v1.1.0	NT=cell-lines;VV=v1.1.0	NT=single-cell;VV=v1.0.0	NT=clinical-metadata;VV=v1.0.0	NT=PANC-1;AC=CLO:0008381	not applicable
