source name	characteristics[organism]	characteristics[organism part]	characteristics[cell type]	characteristics[disease]	characteristics[cell line]	characteristics[cellosaurus accession]	characteristics[cellosaurus name]	characteristics[age]	characteristics[sex]	characteristics[biological replicate]	characteristics[sample type]	characteristics[single cell isolation protocol]	characteristics[cell identifier]	characteristics[cells per well]	characteristics[treatment]	assay name	technology type	comment[proteomics data acquisition method]	comment[instrument]	comment[label]	comment[modification parameters]	comment[modification parameters]	comment[modification parameters]	comment[modification parameters]	comment[cleavage agent details]	comment[cleavage agent details]	comment[dissociation method]	comment[collision energy]	comment[scan window lower limit]	comment[scan window upper limit]	comment[isolation window width]	comment[fraction identifier]	comment[technical replicate]	comment[data file]	comment[sdrf version]	comment[sdrf template]	comment[sdrf template]	comment[sdrf template]	comment[sdrf template]	comment[sdrf template]	factor value[treatment]
hFF_Div_sc_1	Homo sapiens	NT=prepuce of penis;AC=UBERON:0001332	NT=fibroblast;AC=CL:0000057	NT=normal;AC=PATO:0000461	hFF	not available	not available	not available	male	1	single cell	cellenONE	hFF_Div_sc_1	1	proliferating	run 1	proteomic profiling by mass spectrometry	Data-independent acquisition	NT=Orbitrap Astral;AC=MS:1003378	SILAC	NT=Label:13C(6)15N(2);AC=UNIMOD:259;TA=K;MT=Variable	NT=Label:13C(6)15N(4);AC=UNIMOD:267;TA=R;MT=Variable	NT=Oxidation;AC=UNIMOD:35;TA=M;MT=Variable	NT=Acetyl;AC=UNIMOD:1;PP=Protein N-term;MT=Variable	NT=Trypsin;AC=MS:1001251	NT=Lys-C;AC=MS:1001309	NT=beam-type collision-induced dissociation;AC=MS:1000422	27 NCE	380	980	4	1	1	20240719_AST5_Evo3_IO5cmL_PS_SC_pSILAC_hFF_Div_01.raw	v1.1.0	NT=ms-proteomics;VV=v1.1.0	NT=human;VV=v1.1.0	NT=cell-lines;VV=v1.1.0	NT=single-cell;VV=v1.0.0	NT=dia-acquisition;VV=v1.1.0	proliferating
hFF_Div_sc_2	Homo sapiens	NT=prepuce of penis;AC=UBERON:0001332	NT=fibroblast;AC=CL:0000057	NT=normal;AC=PATO:0000461	hFF	not available	not available	not available	male	2	single cell	cellenONE	hFF_Div_sc_2	1	proliferating	run 2	proteomic profiling by mass spectrometry	Data-independent acquisition	NT=Orbitrap Astral;AC=MS:1003378	SILAC	NT=Label:13C(6)15N(2);AC=UNIMOD:259;TA=K;MT=Variable	NT=Label:13C(6)15N(4);AC=UNIMOD:267;TA=R;MT=Variable	NT=Oxidation;AC=UNIMOD:35;TA=M;MT=Variable	NT=Acetyl;AC=UNIMOD:1;PP=Protein N-term;MT=Variable	NT=Trypsin;AC=MS:1001251	NT=Lys-C;AC=MS:1001309	NT=beam-type collision-induced dissociation;AC=MS:1000422	27 NCE	380	980	4	1	1	20240719_AST5_Evo3_IO5cmL_PS_SC_pSILAC_hFF_Div_02.raw	v1.1.0	NT=ms-proteomics;VV=v1.1.0	NT=human;VV=v1.1.0	NT=cell-lines;VV=v1.1.0	NT=single-cell;VV=v1.0.0	NT=dia-acquisition;VV=v1.1.0	proliferating
hFF_Div_sc_3	Homo sapiens	NT=prepuce of penis;AC=UBERON:0001332	NT=fibroblast;AC=CL:0000057	NT=normal;AC=PATO:0000461	hFF	not available	not available	not available	male	3	single cell	cellenONE	hFF_Div_sc_3	1	proliferating	run 3	proteomic profiling by mass spectrometry	Data-independent acquisition	NT=Orbitrap Astral;AC=MS:1003378	SILAC	NT=Label:13C(6)15N(2);AC=UNIMOD:259;TA=K;MT=Variable	NT=Label:13C(6)15N(4);AC=UNIMOD:267;TA=R;MT=Variable	NT=Oxidation;AC=UNIMOD:35;TA=M;MT=Variable	NT=Acetyl;AC=UNIMOD:1;PP=Protein N-term;MT=Variable	NT=Trypsin;AC=MS:1001251	NT=Lys-C;AC=MS:1001309	NT=beam-type collision-induced dissociation;AC=MS:1000422	27 NCE	380	980	4	1	1	20240719_AST5_Evo3_IO5cmL_PS_SC_pSILAC_hFF_Div_03.raw	v1.1.0	NT=ms-proteomics;VV=v1.1.0	NT=human;VV=v1.1.0	NT=cell-lines;VV=v1.1.0	NT=single-cell;VV=v1.0.0	NT=dia-acquisition;VV=v1.1.0	proliferating
hFF_Div_sc_4	Homo sapiens	NT=prepuce of penis;AC=UBERON:0001332	NT=fibroblast;AC=CL:0000057	NT=normal;AC=PATO:0000461	hFF	not available	not available	not available	male	4	single cell	cellenONE	hFF_Div_sc_4	1	proliferating	run 4	proteomic profiling by mass spectrometry	Data-independent acquisition	NT=Orbitrap Astral;AC=MS:1003378	SILAC	NT=Label:13C(6)15N(2);AC=UNIMOD:259;TA=K;MT=Variable	NT=Label:13C(6)15N(4);AC=UNIMOD:267;TA=R;MT=Variable	NT=Oxidation;AC=UNIMOD:35;TA=M;MT=Variable	NT=Acetyl;AC=UNIMOD:1;PP=Protein N-term;MT=Variable	NT=Trypsin;AC=MS:1001251	NT=Lys-C;AC=MS:1001309	NT=beam-type collision-induced dissociation;AC=MS:1000422	27 NCE	380	980	4	1	1	20240719_AST5_Evo3_IO5cmL_PS_SC_pSILAC_hFF_Div_04.raw	v1.1.0	NT=ms-proteomics;VV=v1.1.0	NT=human;VV=v1.1.0	NT=cell-lines;VV=v1.1.0	NT=single-cell;VV=v1.0.0	NT=dia-acquisition;VV=v1.1.0	proliferating
hFF_Div_sc_5	Homo sapiens	NT=prepuce of penis;AC=UBERON:0001332	NT=fibroblast;AC=CL:0000057	NT=normal;AC=PATO:0000461	hFF	not available	not available	not available	male	5	single cell	cellenONE	hFF_Div_sc_5	1	proliferating	run 5	proteomic profiling by mass spectrometry	Data-independent acquisition	NT=Orbitrap Astral;AC=MS:1003378	SILAC	NT=Label:13C(6)15N(2);AC=UNIMOD:259;TA=K;MT=Variable	NT=Label:13C(6)15N(4);AC=UNIMOD:267;TA=R;MT=Variable	NT=Oxidation;AC=UNIMOD:35;TA=M;MT=Variable	NT=Acetyl;AC=UNIMOD:1;PP=Protein N-term;MT=Variable	NT=Trypsin;AC=MS:1001251	NT=Lys-C;AC=MS:1001309	NT=beam-type collision-induced dissociation;AC=MS:1000422	27 NCE	380	980	4	1	1	20240719_AST5_Evo3_IO5cmL_PS_SC_pSILAC_hFF_Div_05.raw	v1.1.0	NT=ms-proteomics;VV=v1.1.0	NT=human;VV=v1.1.0	NT=cell-lines;VV=v1.1.0	NT=single-cell;VV=v1.0.0	NT=dia-acquisition;VV=v1.1.0	proliferating
hFF_Div_sc_6	Homo sapiens	NT=prepuce of penis;AC=UBERON:0001332	NT=fibroblast;AC=CL:0000057	NT=normal;AC=PATO:0000461	hFF	not available	not available	not available	male	6	single cell	cellenONE	hFF_Div_sc_6	1	proliferating	run 6	proteomic profiling by mass spectrometry	Data-independent acquisition	NT=Orbitrap Astral;AC=MS:1003378	SILAC	NT=Label:13C(6)15N(2);AC=UNIMOD:259;TA=K;MT=Variable	NT=Label:13C(6)15N(4);AC=UNIMOD:267;TA=R;MT=Variable	NT=Oxidation;AC=UNIMOD:35;TA=M;MT=Variable	NT=Acetyl;AC=UNIMOD:1;PP=Protein N-term;MT=Variable	NT=Trypsin;AC=MS:1001251	NT=Lys-C;AC=MS:1001309	NT=beam-type collision-induced dissociation;AC=MS:1000422	27 NCE	380	980	4	1	1	20240719_AST5_Evo3_IO5cmL_PS_SC_pSILAC_hFF_Div_06.raw	v1.1.0	NT=ms-proteomics;VV=v1.1.0	NT=human;VV=v1.1.0	NT=cell-lines;VV=v1.1.0	NT=single-cell;VV=v1.0.0	NT=dia-acquisition;VV=v1.1.0	proliferating
hFF_Div_sc_7	Homo sapiens	NT=prepuce of penis;AC=UBERON:0001332	NT=fibroblast;AC=CL:0000057	NT=normal;AC=PATO:0000461	hFF	not available	not available	not available	male	7	single cell	cellenONE	hFF_Div_sc_7	1	proliferating	run 7	proteomic profiling by mass spectrometry	Data-independent acquisition	NT=Orbitrap Astral;AC=MS:1003378	SILAC	NT=Label:13C(6)15N(2);AC=UNIMOD:259;TA=K;MT=Variable	NT=Label:13C(6)15N(4);AC=UNIMOD:267;TA=R;MT=Variable	NT=Oxidation;AC=UNIMOD:35;TA=M;MT=Variable	NT=Acetyl;AC=UNIMOD:1;PP=Protein N-term;MT=Variable	NT=Trypsin;AC=MS:1001251	NT=Lys-C;AC=MS:1001309	NT=beam-type collision-induced dissociation;AC=MS:1000422	27 NCE	380	980	4	1	1	20240719_AST5_Evo3_IO5cmL_PS_SC_pSILAC_hFF_Div_07.raw	v1.1.0	NT=ms-proteomics;VV=v1.1.0	NT=human;VV=v1.1.0	NT=cell-lines;VV=v1.1.0	NT=single-cell;VV=v1.0.0	NT=dia-acquisition;VV=v1.1.0	proliferating
hFF_Div_sc_8	Homo sapiens	NT=prepuce of penis;AC=UBERON:0001332	NT=fibroblast;AC=CL:0000057	NT=normal;AC=PATO:0000461	hFF	not available	not available	not available	male	8	single cell	cellenONE	hFF_Div_sc_8	1	proliferating	run 8	proteomic profiling by mass spectrometry	Data-independent acquisition	NT=Orbitrap Astral;AC=MS:1003378	SILAC	NT=Label:13C(6)15N(2);AC=UNIMOD:259;TA=K;MT=Variable	NT=Label:13C(6)15N(4);AC=UNIMOD:267;TA=R;MT=Variable	NT=Oxidation;AC=UNIMOD:35;TA=M;MT=Variable	NT=Acetyl;AC=UNIMOD:1;PP=Protein N-term;MT=Variable	NT=Trypsin;AC=MS:1001251	NT=Lys-C;AC=MS:1001309	NT=beam-type collision-induced dissociation;AC=MS:1000422	27 NCE	380	980	4	1	1	20240719_AST5_Evo3_IO5cmL_PS_SC_pSILAC_hFF_Div_08.raw	v1.1.0	NT=ms-proteomics;VV=v1.1.0	NT=human;VV=v1.1.0	NT=cell-lines;VV=v1.1.0	NT=single-cell;VV=v1.0.0	NT=dia-acquisition;VV=v1.1.0	proliferating
hFF_Div_sc_9	Homo sapiens	NT=prepuce of penis;AC=UBERON:0001332	NT=fibroblast;AC=CL:0000057	NT=normal;AC=PATO:0000461	hFF	not available	not available	not available	male	9	single cell	cellenONE	hFF_Div_sc_9	1	proliferating	run 9	proteomic profiling by mass spectrometry	Data-independent acquisition	NT=Orbitrap Astral;AC=MS:1003378	SILAC	NT=Label:13C(6)15N(2);AC=UNIMOD:259;TA=K;MT=Variable	NT=Label:13C(6)15N(4);AC=UNIMOD:267;TA=R;MT=Variable	NT=Oxidation;AC=UNIMOD:35;TA=M;MT=Variable	NT=Acetyl;AC=UNIMOD:1;PP=Protein N-term;MT=Variable	NT=Trypsin;AC=MS:1001251	NT=Lys-C;AC=MS:1001309	NT=beam-type collision-induced dissociation;AC=MS:1000422	27 NCE	380	980	4	1	1	20240719_AST5_Evo3_IO5cmL_PS_SC_pSILAC_hFF_Div_09.raw	v1.1.0	NT=ms-proteomics;VV=v1.1.0	NT=human;VV=v1.1.0	NT=cell-lines;VV=v1.1.0	NT=single-cell;VV=v1.0.0	NT=dia-acquisition;VV=v1.1.0	proliferating
hFF_Div_sc_10	Homo sapiens	NT=prepuce of penis;AC=UBERON:0001332	NT=fibroblast;AC=CL:0000057	NT=normal;AC=PATO:0000461	hFF	not available	not available	not available	male	10	single cell	cellenONE	hFF_Div_sc_10	1	proliferating	run 10	proteomic profiling by mass spectrometry	Data-independent acquisition	NT=Orbitrap Astral;AC=MS:1003378	SILAC	NT=Label:13C(6)15N(2);AC=UNIMOD:259;TA=K;MT=Variable	NT=Label:13C(6)15N(4);AC=UNIMOD:267;TA=R;MT=Variable	NT=Oxidation;AC=UNIMOD:35;TA=M;MT=Variable	NT=Acetyl;AC=UNIMOD:1;PP=Protein N-term;MT=Variable	NT=Trypsin;AC=MS:1001251	NT=Lys-C;AC=MS:1001309	NT=beam-type collision-induced dissociation;AC=MS:1000422	27 NCE	380	980	4	1	1	20240719_AST5_Evo3_IO5cmL_PS_SC_pSILAC_hFF_Div_10.raw	v1.1.0	NT=ms-proteomics;VV=v1.1.0	NT=human;VV=v1.1.0	NT=cell-lines;VV=v1.1.0	NT=single-cell;VV=v1.0.0	NT=dia-acquisition;VV=v1.1.0	proliferating
hFF_Div_sc_11	Homo sapiens	NT=prepuce of penis;AC=UBERON:0001332	NT=fibroblast;AC=CL:0000057	NT=normal;AC=PATO:0000461	hFF	not available	not available	not available	male	11	single cell	cellenONE	hFF_Div_sc_11	1	proliferating	run 11	proteomic profiling by mass spectrometry	Data-independent acquisition	NT=Orbitrap Astral;AC=MS:1003378	SILAC	NT=Label:13C(6)15N(2);AC=UNIMOD:259;TA=K;MT=Variable	NT=Label:13C(6)15N(4);AC=UNIMOD:267;TA=R;MT=Variable	NT=Oxidation;AC=UNIMOD:35;TA=M;MT=Variable	NT=Acetyl;AC=UNIMOD:1;PP=Protein N-term;MT=Variable	NT=Trypsin;AC=MS:1001251	NT=Lys-C;AC=MS:1001309	NT=beam-type collision-induced dissociation;AC=MS:1000422	27 NCE	380	980	4	1	1	20240719_AST5_Evo3_IO5cmL_PS_SC_pSILAC_hFF_Div_11.raw	v1.1.0	NT=ms-proteomics;VV=v1.1.0	NT=human;VV=v1.1.0	NT=cell-lines;VV=v1.1.0	NT=single-cell;VV=v1.0.0	NT=dia-acquisition;VV=v1.1.0	proliferating
hFF_Div_sc_12	Homo sapiens	NT=prepuce of penis;AC=UBERON:0001332	NT=fibroblast;AC=CL:0000057	NT=normal;AC=PATO:0000461	hFF	not available	not available	not available	male	12	single cell	cellenONE	hFF_Div_sc_12	1	proliferating	run 12	proteomic profiling by mass spectrometry	Data-independent acquisition	NT=Orbitrap Astral;AC=MS:1003378	SILAC	NT=Label:13C(6)15N(2);AC=UNIMOD:259;TA=K;MT=Variable	NT=Label:13C(6)15N(4);AC=UNIMOD:267;TA=R;MT=Variable	NT=Oxidation;AC=UNIMOD:35;TA=M;MT=Variable	NT=Acetyl;AC=UNIMOD:1;PP=Protein N-term;MT=Variable	NT=Trypsin;AC=MS:1001251	NT=Lys-C;AC=MS:1001309	NT=beam-type collision-induced dissociation;AC=MS:1000422	27 NCE	380	980	4	1	1	20240719_AST5_Evo3_IO5cmL_PS_SC_pSILAC_hFF_Div_12.raw	v1.1.0	NT=ms-proteomics;VV=v1.1.0	NT=human;VV=v1.1.0	NT=cell-lines;VV=v1.1.0	NT=single-cell;VV=v1.0.0	NT=dia-acquisition;VV=v1.1.0	proliferating
hFF_Div_sc_13	Homo sapiens	NT=prepuce of penis;AC=UBERON:0001332	NT=fibroblast;AC=CL:0000057	NT=normal;AC=PATO:0000461	hFF	not available	not available	not available	male	13	single cell	cellenONE	hFF_Div_sc_13	1	proliferating	run 13	proteomic profiling by mass spectrometry	Data-independent acquisition	NT=Orbitrap Astral;AC=MS:1003378	SILAC	NT=Label:13C(6)15N(2);AC=UNIMOD:259;TA=K;MT=Variable	NT=Label:13C(6)15N(4);AC=UNIMOD:267;TA=R;MT=Variable	NT=Oxidation;AC=UNIMOD:35;TA=M;MT=Variable	NT=Acetyl;AC=UNIMOD:1;PP=Protein N-term;MT=Variable	NT=Trypsin;AC=MS:1001251	NT=Lys-C;AC=MS:1001309	NT=beam-type collision-induced dissociation;AC=MS:1000422	27 NCE	380	980	4	1	1	20240719_AST5_Evo3_IO5cmL_PS_SC_pSILAC_hFF_Div_13.raw	v1.1.0	NT=ms-proteomics;VV=v1.1.0	NT=human;VV=v1.1.0	NT=cell-lines;VV=v1.1.0	NT=single-cell;VV=v1.0.0	NT=dia-acquisition;VV=v1.1.0	proliferating
hFF_Div_sc_14	Homo sapiens	NT=prepuce of penis;AC=UBERON:0001332	NT=fibroblast;AC=CL:0000057	NT=normal;AC=PATO:0000461	hFF	not available	not available	not available	male	14	single cell	cellenONE	hFF_Div_sc_14	1	proliferating	run 14	proteomic profiling by mass spectrometry	Data-independent acquisition	NT=Orbitrap Astral;AC=MS:1003378	SILAC	NT=Label:13C(6)15N(2);AC=UNIMOD:259;TA=K;MT=Variable	NT=Label:13C(6)15N(4);AC=UNIMOD:267;TA=R;MT=Variable	NT=Oxidation;AC=UNIMOD:35;TA=M;MT=Variable	NT=Acetyl;AC=UNIMOD:1;PP=Protein N-term;MT=Variable	NT=Trypsin;AC=MS:1001251	NT=Lys-C;AC=MS:1001309	NT=beam-type collision-induced dissociation;AC=MS:1000422	27 NCE	380	980	4	1	1	20240719_AST5_Evo3_IO5cmL_PS_SC_pSILAC_hFF_Div_14.raw	v1.1.0	NT=ms-proteomics;VV=v1.1.0	NT=human;VV=v1.1.0	NT=cell-lines;VV=v1.1.0	NT=single-cell;VV=v1.0.0	NT=dia-acquisition;VV=v1.1.0	proliferating
hFF_Div_sc_15	Homo sapiens	NT=prepuce of penis;AC=UBERON:0001332	NT=fibroblast;AC=CL:0000057	NT=normal;AC=PATO:0000461	hFF	not available	not available	not available	male	15	single cell	cellenONE	hFF_Div_sc_15	1	proliferating	run 15	proteomic profiling by mass spectrometry	Data-independent acquisition	NT=Orbitrap Astral;AC=MS:1003378	SILAC	NT=Label:13C(6)15N(2);AC=UNIMOD:259;TA=K;MT=Variable	NT=Label:13C(6)15N(4);AC=UNIMOD:267;TA=R;MT=Variable	NT=Oxidation;AC=UNIMOD:35;TA=M;MT=Variable	NT=Acetyl;AC=UNIMOD:1;PP=Protein N-term;MT=Variable	NT=Trypsin;AC=MS:1001251	NT=Lys-C;AC=MS:1001309	NT=beam-type collision-induced dissociation;AC=MS:1000422	27 NCE	380	980	4	1	1	20240719_AST5_Evo3_IO5cmL_PS_SC_pSILAC_hFF_Div_15.raw	v1.1.0	NT=ms-proteomics;VV=v1.1.0	NT=human;VV=v1.1.0	NT=cell-lines;VV=v1.1.0	NT=single-cell;VV=v1.0.0	NT=dia-acquisition;VV=v1.1.0	proliferating
hFF_Div_sc_16	Homo sapiens	NT=prepuce of penis;AC=UBERON:0001332	NT=fibroblast;AC=CL:0000057	NT=normal;AC=PATO:0000461	hFF	not available	not available	not available	male	16	single cell	cellenONE	hFF_Div_sc_16	1	proliferating	run 16	proteomic profiling by mass spectrometry	Data-independent acquisition	NT=Orbitrap Astral;AC=MS:1003378	SILAC	NT=Label:13C(6)15N(2);AC=UNIMOD:259;TA=K;MT=Variable	NT=Label:13C(6)15N(4);AC=UNIMOD:267;TA=R;MT=Variable	NT=Oxidation;AC=UNIMOD:35;TA=M;MT=Variable	NT=Acetyl;AC=UNIMOD:1;PP=Protein N-term;MT=Variable	NT=Trypsin;AC=MS:1001251	NT=Lys-C;AC=MS:1001309	NT=beam-type collision-induced dissociation;AC=MS:1000422	27 NCE	380	980	4	1	1	20240719_AST5_Evo3_IO5cmL_PS_SC_pSILAC_hFF_Div_16.raw	v1.1.0	NT=ms-proteomics;VV=v1.1.0	NT=human;VV=v1.1.0	NT=cell-lines;VV=v1.1.0	NT=single-cell;VV=v1.0.0	NT=dia-acquisition;VV=v1.1.0	proliferating
hFF_Div_sc_17	Homo sapiens	NT=prepuce of penis;AC=UBERON:0001332	NT=fibroblast;AC=CL:0000057	NT=normal;AC=PATO:0000461	hFF	not available	not available	not available	male	17	single cell	cellenONE	hFF_Div_sc_17	1	proliferating	run 17	proteomic profiling by mass spectrometry	Data-independent acquisition	NT=Orbitrap Astral;AC=MS:1003378	SILAC	NT=Label:13C(6)15N(2);AC=UNIMOD:259;TA=K;MT=Variable	NT=Label:13C(6)15N(4);AC=UNIMOD:267;TA=R;MT=Variable	NT=Oxidation;AC=UNIMOD:35;TA=M;MT=Variable	NT=Acetyl;AC=UNIMOD:1;PP=Protein N-term;MT=Variable	NT=Trypsin;AC=MS:1001251	NT=Lys-C;AC=MS:1001309	NT=beam-type collision-induced dissociation;AC=MS:1000422	27 NCE	380	980	4	1	1	20240719_AST5_Evo3_IO5cmL_PS_SC_pSILAC_hFF_Div_17.raw	v1.1.0	NT=ms-proteomics;VV=v1.1.0	NT=human;VV=v1.1.0	NT=cell-lines;VV=v1.1.0	NT=single-cell;VV=v1.0.0	NT=dia-acquisition;VV=v1.1.0	proliferating
hFF_Div_sc_18	Homo sapiens	NT=prepuce of penis;AC=UBERON:0001332	NT=fibroblast;AC=CL:0000057	NT=normal;AC=PATO:0000461	hFF	not available	not available	not available	male	18	single cell	cellenONE	hFF_Div_sc_18	1	proliferating	run 18	proteomic profiling by mass spectrometry	Data-independent acquisition	NT=Orbitrap Astral;AC=MS:1003378	SILAC	NT=Label:13C(6)15N(2);AC=UNIMOD:259;TA=K;MT=Variable	NT=Label:13C(6)15N(4);AC=UNIMOD:267;TA=R;MT=Variable	NT=Oxidation;AC=UNIMOD:35;TA=M;MT=Variable	NT=Acetyl;AC=UNIMOD:1;PP=Protein N-term;MT=Variable	NT=Trypsin;AC=MS:1001251	NT=Lys-C;AC=MS:1001309	NT=beam-type collision-induced dissociation;AC=MS:1000422	27 NCE	380	980	4	1	1	20240719_AST5_Evo3_IO5cmL_PS_SC_pSILAC_hFF_Div_18.raw	v1.1.0	NT=ms-proteomics;VV=v1.1.0	NT=human;VV=v1.1.0	NT=cell-lines;VV=v1.1.0	NT=single-cell;VV=v1.0.0	NT=dia-acquisition;VV=v1.1.0	proliferating
hFF_Div_sc_19	Homo sapiens	NT=prepuce of penis;AC=UBERON:0001332	NT=fibroblast;AC=CL:0000057	NT=normal;AC=PATO:0000461	hFF	not available	not available	not available	male	19	single cell	cellenONE	hFF_Div_sc_19	1	proliferating	run 19	proteomic profiling by mass spectrometry	Data-independent acquisition	NT=Orbitrap Astral;AC=MS:1003378	SILAC	NT=Label:13C(6)15N(2);AC=UNIMOD:259;TA=K;MT=Variable	NT=Label:13C(6)15N(4);AC=UNIMOD:267;TA=R;MT=Variable	NT=Oxidation;AC=UNIMOD:35;TA=M;MT=Variable	NT=Acetyl;AC=UNIMOD:1;PP=Protein N-term;MT=Variable	NT=Trypsin;AC=MS:1001251	NT=Lys-C;AC=MS:1001309	NT=beam-type collision-induced dissociation;AC=MS:1000422	27 NCE	380	980	4	1	1	20240719_AST5_Evo3_IO5cmL_PS_SC_pSILAC_hFF_Div_19.raw	v1.1.0	NT=ms-proteomics;VV=v1.1.0	NT=human;VV=v1.1.0	NT=cell-lines;VV=v1.1.0	NT=single-cell;VV=v1.0.0	NT=dia-acquisition;VV=v1.1.0	proliferating
hFF_Div_sc_20	Homo sapiens	NT=prepuce of penis;AC=UBERON:0001332	NT=fibroblast;AC=CL:0000057	NT=normal;AC=PATO:0000461	hFF	not available	not available	not available	male	20	single cell	cellenONE	hFF_Div_sc_20	1	proliferating	run 20	proteomic profiling by mass spectrometry	Data-independent acquisition	NT=Orbitrap Astral;AC=MS:1003378	SILAC	NT=Label:13C(6)15N(2);AC=UNIMOD:259;TA=K;MT=Variable	NT=Label:13C(6)15N(4);AC=UNIMOD:267;TA=R;MT=Variable	NT=Oxidation;AC=UNIMOD:35;TA=M;MT=Variable	NT=Acetyl;AC=UNIMOD:1;PP=Protein N-term;MT=Variable	NT=Trypsin;AC=MS:1001251	NT=Lys-C;AC=MS:1001309	NT=beam-type collision-induced dissociation;AC=MS:1000422	27 NCE	380	980	4	1	1	20240719_AST5_Evo3_IO5cmL_PS_SC_pSILAC_hFF_Div_20.raw	v1.1.0	NT=ms-proteomics;VV=v1.1.0	NT=human;VV=v1.1.0	NT=cell-lines;VV=v1.1.0	NT=single-cell;VV=v1.0.0	NT=dia-acquisition;VV=v1.1.0	proliferating
hFF_Div_sc_21	Homo sapiens	NT=prepuce of penis;AC=UBERON:0001332	NT=fibroblast;AC=CL:0000057	NT=normal;AC=PATO:0000461	hFF	not available	not available	not available	male	21	single cell	cellenONE	hFF_Div_sc_21	1	proliferating	run 21	proteomic profiling by mass spectrometry	Data-independent acquisition	NT=Orbitrap Astral;AC=MS:1003378	SILAC	NT=Label:13C(6)15N(2);AC=UNIMOD:259;TA=K;MT=Variable	NT=Label:13C(6)15N(4);AC=UNIMOD:267;TA=R;MT=Variable	NT=Oxidation;AC=UNIMOD:35;TA=M;MT=Variable	NT=Acetyl;AC=UNIMOD:1;PP=Protein N-term;MT=Variable	NT=Trypsin;AC=MS:1001251	NT=Lys-C;AC=MS:1001309	NT=beam-type collision-induced dissociation;AC=MS:1000422	27 NCE	380	980	4	1	1	20240719_AST5_Evo3_IO5cmL_PS_SC_pSILAC_hFF_Div_21.raw	v1.1.0	NT=ms-proteomics;VV=v1.1.0	NT=human;VV=v1.1.0	NT=cell-lines;VV=v1.1.0	NT=single-cell;VV=v1.0.0	NT=dia-acquisition;VV=v1.1.0	proliferating
hFF_Div_sc_22	Homo sapiens	NT=prepuce of penis;AC=UBERON:0001332	NT=fibroblast;AC=CL:0000057	NT=normal;AC=PATO:0000461	hFF	not available	not available	not available	male	22	single cell	cellenONE	hFF_Div_sc_22	1	proliferating	run 22	proteomic profiling by mass spectrometry	Data-independent acquisition	NT=Orbitrap Astral;AC=MS:1003378	SILAC	NT=Label:13C(6)15N(2);AC=UNIMOD:259;TA=K;MT=Variable	NT=Label:13C(6)15N(4);AC=UNIMOD:267;TA=R;MT=Variable	NT=Oxidation;AC=UNIMOD:35;TA=M;MT=Variable	NT=Acetyl;AC=UNIMOD:1;PP=Protein N-term;MT=Variable	NT=Trypsin;AC=MS:1001251	NT=Lys-C;AC=MS:1001309	NT=beam-type collision-induced dissociation;AC=MS:1000422	27 NCE	380	980	4	1	1	20240719_AST5_Evo3_IO5cmL_PS_SC_pSILAC_hFF_Div_22.raw	v1.1.0	NT=ms-proteomics;VV=v1.1.0	NT=human;VV=v1.1.0	NT=cell-lines;VV=v1.1.0	NT=single-cell;VV=v1.0.0	NT=dia-acquisition;VV=v1.1.0	proliferating
hFF_Div_sc_23	Homo sapiens	NT=prepuce of penis;AC=UBERON:0001332	NT=fibroblast;AC=CL:0000057	NT=normal;AC=PATO:0000461	hFF	not available	not available	not available	male	23	single cell	cellenONE	hFF_Div_sc_23	1	proliferating	run 23	proteomic profiling by mass spectrometry	Data-independent acquisition	NT=Orbitrap Astral;AC=MS:1003378	SILAC	NT=Label:13C(6)15N(2);AC=UNIMOD:259;TA=K;MT=Variable	NT=Label:13C(6)15N(4);AC=UNIMOD:267;TA=R;MT=Variable	NT=Oxidation;AC=UNIMOD:35;TA=M;MT=Variable	NT=Acetyl;AC=UNIMOD:1;PP=Protein N-term;MT=Variable	NT=Trypsin;AC=MS:1001251	NT=Lys-C;AC=MS:1001309	NT=beam-type collision-induced dissociation;AC=MS:1000422	27 NCE	380	980	4	1	1	20240719_AST5_Evo3_IO5cmL_PS_SC_pSILAC_hFF_Div_23.raw	v1.1.0	NT=ms-proteomics;VV=v1.1.0	NT=human;VV=v1.1.0	NT=cell-lines;VV=v1.1.0	NT=single-cell;VV=v1.0.0	NT=dia-acquisition;VV=v1.1.0	proliferating
hFF_Div_sc_24	Homo sapiens	NT=prepuce of penis;AC=UBERON:0001332	NT=fibroblast;AC=CL:0000057	NT=normal;AC=PATO:0000461	hFF	not available	not available	not available	male	24	single cell	cellenONE	hFF_Div_sc_24	1	proliferating	run 24	proteomic profiling by mass spectrometry	Data-independent acquisition	NT=Orbitrap Astral;AC=MS:1003378	SILAC	NT=Label:13C(6)15N(2);AC=UNIMOD:259;TA=K;MT=Variable	NT=Label:13C(6)15N(4);AC=UNIMOD:267;TA=R;MT=Variable	NT=Oxidation;AC=UNIMOD:35;TA=M;MT=Variable	NT=Acetyl;AC=UNIMOD:1;PP=Protein N-term;MT=Variable	NT=Trypsin;AC=MS:1001251	NT=Lys-C;AC=MS:1001309	NT=beam-type collision-induced dissociation;AC=MS:1000422	27 NCE	380	980	4	1	1	20240719_AST5_Evo3_IO5cmL_PS_SC_pSILAC_hFF_Div_24.raw	v1.1.0	NT=ms-proteomics;VV=v1.1.0	NT=human;VV=v1.1.0	NT=cell-lines;VV=v1.1.0	NT=single-cell;VV=v1.0.0	NT=dia-acquisition;VV=v1.1.0	proliferating
hFF_Div_sc_25	Homo sapiens	NT=prepuce of penis;AC=UBERON:0001332	NT=fibroblast;AC=CL:0000057	NT=normal;AC=PATO:0000461	hFF	not available	not available	not available	male	25	single cell	cellenONE	hFF_Div_sc_25	1	proliferating	run 25	proteomic profiling by mass spectrometry	Data-independent acquisition	NT=Orbitrap Astral;AC=MS:1003378	SILAC	NT=Label:13C(6)15N(2);AC=UNIMOD:259;TA=K;MT=Variable	NT=Label:13C(6)15N(4);AC=UNIMOD:267;TA=R;MT=Variable	NT=Oxidation;AC=UNIMOD:35;TA=M;MT=Variable	NT=Acetyl;AC=UNIMOD:1;PP=Protein N-term;MT=Variable	NT=Trypsin;AC=MS:1001251	NT=Lys-C;AC=MS:1001309	NT=beam-type collision-induced dissociation;AC=MS:1000422	27 NCE	380	980	4	1	1	20240719_AST5_Evo3_IO5cmL_PS_SC_pSILAC_hFF_Div_25.raw	v1.1.0	NT=ms-proteomics;VV=v1.1.0	NT=human;VV=v1.1.0	NT=cell-lines;VV=v1.1.0	NT=single-cell;VV=v1.0.0	NT=dia-acquisition;VV=v1.1.0	proliferating
hFF_Div_sc_26	Homo sapiens	NT=prepuce of penis;AC=UBERON:0001332	NT=fibroblast;AC=CL:0000057	NT=normal;AC=PATO:0000461	hFF	not available	not available	not available	male	26	single cell	cellenONE	hFF_Div_sc_26	1	proliferating	run 26	proteomic profiling by mass spectrometry	Data-independent acquisition	NT=Orbitrap Astral;AC=MS:1003378	SILAC	NT=Label:13C(6)15N(2);AC=UNIMOD:259;TA=K;MT=Variable	NT=Label:13C(6)15N(4);AC=UNIMOD:267;TA=R;MT=Variable	NT=Oxidation;AC=UNIMOD:35;TA=M;MT=Variable	NT=Acetyl;AC=UNIMOD:1;PP=Protein N-term;MT=Variable	NT=Trypsin;AC=MS:1001251	NT=Lys-C;AC=MS:1001309	NT=beam-type collision-induced dissociation;AC=MS:1000422	27 NCE	380	980	4	1	1	20240719_AST5_Evo3_IO5cmL_PS_SC_pSILAC_hFF_Div_26.raw	v1.1.0	NT=ms-proteomics;VV=v1.1.0	NT=human;VV=v1.1.0	NT=cell-lines;VV=v1.1.0	NT=single-cell;VV=v1.0.0	NT=dia-acquisition;VV=v1.1.0	proliferating
hFF_Div_sc_27	Homo sapiens	NT=prepuce of penis;AC=UBERON:0001332	NT=fibroblast;AC=CL:0000057	NT=normal;AC=PATO:0000461	hFF	not available	not available	not available	male	27	single cell	cellenONE	hFF_Div_sc_27	1	proliferating	run 27	proteomic profiling by mass spectrometry	Data-independent acquisition	NT=Orbitrap Astral;AC=MS:1003378	SILAC	NT=Label:13C(6)15N(2);AC=UNIMOD:259;TA=K;MT=Variable	NT=Label:13C(6)15N(4);AC=UNIMOD:267;TA=R;MT=Variable	NT=Oxidation;AC=UNIMOD:35;TA=M;MT=Variable	NT=Acetyl;AC=UNIMOD:1;PP=Protein N-term;MT=Variable	NT=Trypsin;AC=MS:1001251	NT=Lys-C;AC=MS:1001309	NT=beam-type collision-induced dissociation;AC=MS:1000422	27 NCE	380	980	4	1	1	20240719_AST5_Evo3_IO5cmL_PS_SC_pSILAC_hFF_Div_27.raw	v1.1.0	NT=ms-proteomics;VV=v1.1.0	NT=human;VV=v1.1.0	NT=cell-lines;VV=v1.1.0	NT=single-cell;VV=v1.0.0	NT=dia-acquisition;VV=v1.1.0	proliferating
hFF_Div_sc_28	Homo sapiens	NT=prepuce of penis;AC=UBERON:0001332	NT=fibroblast;AC=CL:0000057	NT=normal;AC=PATO:0000461	hFF	not available	not available	not available	male	28	single cell	cellenONE	hFF_Div_sc_28	1	proliferating	run 28	proteomic profiling by mass spectrometry	Data-independent acquisition	NT=Orbitrap Astral;AC=MS:1003378	SILAC	NT=Label:13C(6)15N(2);AC=UNIMOD:259;TA=K;MT=Variable	NT=Label:13C(6)15N(4);AC=UNIMOD:267;TA=R;MT=Variable	NT=Oxidation;AC=UNIMOD:35;TA=M;MT=Variable	NT=Acetyl;AC=UNIMOD:1;PP=Protein N-term;MT=Variable	NT=Trypsin;AC=MS:1001251	NT=Lys-C;AC=MS:1001309	NT=beam-type collision-induced dissociation;AC=MS:1000422	27 NCE	380	980	4	1	1	20240719_AST5_Evo3_IO5cmL_PS_SC_pSILAC_hFF_Div_28.raw	v1.1.0	NT=ms-proteomics;VV=v1.1.0	NT=human;VV=v1.1.0	NT=cell-lines;VV=v1.1.0	NT=single-cell;VV=v1.0.0	NT=dia-acquisition;VV=v1.1.0	proliferating
hFF_Div_sc_29	Homo sapiens	NT=prepuce of penis;AC=UBERON:0001332	NT=fibroblast;AC=CL:0000057	NT=normal;AC=PATO:0000461	hFF	not available	not available	not available	male	29	single cell	cellenONE	hFF_Div_sc_29	1	proliferating	run 29	proteomic profiling by mass spectrometry	Data-independent acquisition	NT=Orbitrap Astral;AC=MS:1003378	SILAC	NT=Label:13C(6)15N(2);AC=UNIMOD:259;TA=K;MT=Variable	NT=Label:13C(6)15N(4);AC=UNIMOD:267;TA=R;MT=Variable	NT=Oxidation;AC=UNIMOD:35;TA=M;MT=Variable	NT=Acetyl;AC=UNIMOD:1;PP=Protein N-term;MT=Variable	NT=Trypsin;AC=MS:1001251	NT=Lys-C;AC=MS:1001309	NT=beam-type collision-induced dissociation;AC=MS:1000422	27 NCE	380	980	4	1	1	20240719_AST5_Evo3_IO5cmL_PS_SC_pSILAC_hFF_Div_29.raw	v1.1.0	NT=ms-proteomics;VV=v1.1.0	NT=human;VV=v1.1.0	NT=cell-lines;VV=v1.1.0	NT=single-cell;VV=v1.0.0	NT=dia-acquisition;VV=v1.1.0	proliferating
hFF_Div_sc_30	Homo sapiens	NT=prepuce of penis;AC=UBERON:0001332	NT=fibroblast;AC=CL:0000057	NT=normal;AC=PATO:0000461	hFF	not available	not available	not available	male	30	single cell	cellenONE	hFF_Div_sc_30	1	proliferating	run 30	proteomic profiling by mass spectrometry	Data-independent acquisition	NT=Orbitrap Astral;AC=MS:1003378	SILAC	NT=Label:13C(6)15N(2);AC=UNIMOD:259;TA=K;MT=Variable	NT=Label:13C(6)15N(4);AC=UNIMOD:267;TA=R;MT=Variable	NT=Oxidation;AC=UNIMOD:35;TA=M;MT=Variable	NT=Acetyl;AC=UNIMOD:1;PP=Protein N-term;MT=Variable	NT=Trypsin;AC=MS:1001251	NT=Lys-C;AC=MS:1001309	NT=beam-type collision-induced dissociation;AC=MS:1000422	27 NCE	380	980	4	1	1	20240719_AST5_Evo3_IO5cmL_PS_SC_pSILAC_hFF_Div_30.raw	v1.1.0	NT=ms-proteomics;VV=v1.1.0	NT=human;VV=v1.1.0	NT=cell-lines;VV=v1.1.0	NT=single-cell;VV=v1.0.0	NT=dia-acquisition;VV=v1.1.0	proliferating
hFF_Div_sc_31	Homo sapiens	NT=prepuce of penis;AC=UBERON:0001332	NT=fibroblast;AC=CL:0000057	NT=normal;AC=PATO:0000461	hFF	not available	not available	not available	male	31	single cell	cellenONE	hFF_Div_sc_31	1	proliferating	run 31	proteomic profiling by mass spectrometry	Data-independent acquisition	NT=Orbitrap Astral;AC=MS:1003378	SILAC	NT=Label:13C(6)15N(2);AC=UNIMOD:259;TA=K;MT=Variable	NT=Label:13C(6)15N(4);AC=UNIMOD:267;TA=R;MT=Variable	NT=Oxidation;AC=UNIMOD:35;TA=M;MT=Variable	NT=Acetyl;AC=UNIMOD:1;PP=Protein N-term;MT=Variable	NT=Trypsin;AC=MS:1001251	NT=Lys-C;AC=MS:1001309	NT=beam-type collision-induced dissociation;AC=MS:1000422	27 NCE	380	980	4	1	1	20240719_AST5_Evo3_IO5cmL_PS_SC_pSILAC_hFF_Div_31.raw	v1.1.0	NT=ms-proteomics;VV=v1.1.0	NT=human;VV=v1.1.0	NT=cell-lines;VV=v1.1.0	NT=single-cell;VV=v1.0.0	NT=dia-acquisition;VV=v1.1.0	proliferating
hFF_Div_sc_32	Homo sapiens	NT=prepuce of penis;AC=UBERON:0001332	NT=fibroblast;AC=CL:0000057	NT=normal;AC=PATO:0000461	hFF	not available	not available	not available	male	32	single cell	cellenONE	hFF_Div_sc_32	1	proliferating	run 32	proteomic profiling by mass spectrometry	Data-independent acquisition	NT=Orbitrap Astral;AC=MS:1003378	SILAC	NT=Label:13C(6)15N(2);AC=UNIMOD:259;TA=K;MT=Variable	NT=Label:13C(6)15N(4);AC=UNIMOD:267;TA=R;MT=Variable	NT=Oxidation;AC=UNIMOD:35;TA=M;MT=Variable	NT=Acetyl;AC=UNIMOD:1;PP=Protein N-term;MT=Variable	NT=Trypsin;AC=MS:1001251	NT=Lys-C;AC=MS:1001309	NT=beam-type collision-induced dissociation;AC=MS:1000422	27 NCE	380	980	4	1	1	20240719_AST5_Evo3_IO5cmL_PS_SC_pSILAC_hFF_Div_32.raw	v1.1.0	NT=ms-proteomics;VV=v1.1.0	NT=human;VV=v1.1.0	NT=cell-lines;VV=v1.1.0	NT=single-cell;VV=v1.0.0	NT=dia-acquisition;VV=v1.1.0	proliferating
hFF_Div_sc_33	Homo sapiens	NT=prepuce of penis;AC=UBERON:0001332	NT=fibroblast;AC=CL:0000057	NT=normal;AC=PATO:0000461	hFF	not available	not available	not available	male	33	single cell	cellenONE	hFF_Div_sc_33	1	proliferating	run 33	proteomic profiling by mass spectrometry	Data-independent acquisition	NT=Orbitrap Astral;AC=MS:1003378	SILAC	NT=Label:13C(6)15N(2);AC=UNIMOD:259;TA=K;MT=Variable	NT=Label:13C(6)15N(4);AC=UNIMOD:267;TA=R;MT=Variable	NT=Oxidation;AC=UNIMOD:35;TA=M;MT=Variable	NT=Acetyl;AC=UNIMOD:1;PP=Protein N-term;MT=Variable	NT=Trypsin;AC=MS:1001251	NT=Lys-C;AC=MS:1001309	NT=beam-type collision-induced dissociation;AC=MS:1000422	27 NCE	380	980	4	1	1	20240719_AST5_Evo3_IO5cmL_PS_SC_pSILAC_hFF_Div_33.raw	v1.1.0	NT=ms-proteomics;VV=v1.1.0	NT=human;VV=v1.1.0	NT=cell-lines;VV=v1.1.0	NT=single-cell;VV=v1.0.0	NT=dia-acquisition;VV=v1.1.0	proliferating
hFF_Div_sc_34	Homo sapiens	NT=prepuce of penis;AC=UBERON:0001332	NT=fibroblast;AC=CL:0000057	NT=normal;AC=PATO:0000461	hFF	not available	not available	not available	male	34	single cell	cellenONE	hFF_Div_sc_34	1	proliferating	run 34	proteomic profiling by mass spectrometry	Data-independent acquisition	NT=Orbitrap Astral;AC=MS:1003378	SILAC	NT=Label:13C(6)15N(2);AC=UNIMOD:259;TA=K;MT=Variable	NT=Label:13C(6)15N(4);AC=UNIMOD:267;TA=R;MT=Variable	NT=Oxidation;AC=UNIMOD:35;TA=M;MT=Variable	NT=Acetyl;AC=UNIMOD:1;PP=Protein N-term;MT=Variable	NT=Trypsin;AC=MS:1001251	NT=Lys-C;AC=MS:1001309	NT=beam-type collision-induced dissociation;AC=MS:1000422	27 NCE	380	980	4	1	1	20240719_AST5_Evo3_IO5cmL_PS_SC_pSILAC_hFF_Div_34.raw	v1.1.0	NT=ms-proteomics;VV=v1.1.0	NT=human;VV=v1.1.0	NT=cell-lines;VV=v1.1.0	NT=single-cell;VV=v1.0.0	NT=dia-acquisition;VV=v1.1.0	proliferating
hFF_Div_sc_35	Homo sapiens	NT=prepuce of penis;AC=UBERON:0001332	NT=fibroblast;AC=CL:0000057	NT=normal;AC=PATO:0000461	hFF	not available	not available	not available	male	35	single cell	cellenONE	hFF_Div_sc_35	1	proliferating	run 35	proteomic profiling by mass spectrometry	Data-independent acquisition	NT=Orbitrap Astral;AC=MS:1003378	SILAC	NT=Label:13C(6)15N(2);AC=UNIMOD:259;TA=K;MT=Variable	NT=Label:13C(6)15N(4);AC=UNIMOD:267;TA=R;MT=Variable	NT=Oxidation;AC=UNIMOD:35;TA=M;MT=Variable	NT=Acetyl;AC=UNIMOD:1;PP=Protein N-term;MT=Variable	NT=Trypsin;AC=MS:1001251	NT=Lys-C;AC=MS:1001309	NT=beam-type collision-induced dissociation;AC=MS:1000422	27 NCE	380	980	4	1	1	20240719_AST5_Evo3_IO5cmL_PS_SC_pSILAC_hFF_Div_35.raw	v1.1.0	NT=ms-proteomics;VV=v1.1.0	NT=human;VV=v1.1.0	NT=cell-lines;VV=v1.1.0	NT=single-cell;VV=v1.0.0	NT=dia-acquisition;VV=v1.1.0	proliferating
hFF_Div_sc_36	Homo sapiens	NT=prepuce of penis;AC=UBERON:0001332	NT=fibroblast;AC=CL:0000057	NT=normal;AC=PATO:0000461	hFF	not available	not available	not available	male	36	single cell	cellenONE	hFF_Div_sc_36	1	proliferating	run 36	proteomic profiling by mass spectrometry	Data-independent acquisition	NT=Orbitrap Astral;AC=MS:1003378	SILAC	NT=Label:13C(6)15N(2);AC=UNIMOD:259;TA=K;MT=Variable	NT=Label:13C(6)15N(4);AC=UNIMOD:267;TA=R;MT=Variable	NT=Oxidation;AC=UNIMOD:35;TA=M;MT=Variable	NT=Acetyl;AC=UNIMOD:1;PP=Protein N-term;MT=Variable	NT=Trypsin;AC=MS:1001251	NT=Lys-C;AC=MS:1001309	NT=beam-type collision-induced dissociation;AC=MS:1000422	27 NCE	380	980	4	1	1	20240719_AST5_Evo3_IO5cmL_PS_SC_pSILAC_hFF_Div_36.raw	v1.1.0	NT=ms-proteomics;VV=v1.1.0	NT=human;VV=v1.1.0	NT=cell-lines;VV=v1.1.0	NT=single-cell;VV=v1.0.0	NT=dia-acquisition;VV=v1.1.0	proliferating
hFF_Div_sc_37	Homo sapiens	NT=prepuce of penis;AC=UBERON:0001332	NT=fibroblast;AC=CL:0000057	NT=normal;AC=PATO:0000461	hFF	not available	not available	not available	male	37	single cell	cellenONE	hFF_Div_sc_37	1	proliferating	run 37	proteomic profiling by mass spectrometry	Data-independent acquisition	NT=Orbitrap Astral;AC=MS:1003378	SILAC	NT=Label:13C(6)15N(2);AC=UNIMOD:259;TA=K;MT=Variable	NT=Label:13C(6)15N(4);AC=UNIMOD:267;TA=R;MT=Variable	NT=Oxidation;AC=UNIMOD:35;TA=M;MT=Variable	NT=Acetyl;AC=UNIMOD:1;PP=Protein N-term;MT=Variable	NT=Trypsin;AC=MS:1001251	NT=Lys-C;AC=MS:1001309	NT=beam-type collision-induced dissociation;AC=MS:1000422	27 NCE	380	980	4	1	1	20240719_AST5_Evo3_IO5cmL_PS_SC_pSILAC_hFF_Div_37.raw	v1.1.0	NT=ms-proteomics;VV=v1.1.0	NT=human;VV=v1.1.0	NT=cell-lines;VV=v1.1.0	NT=single-cell;VV=v1.0.0	NT=dia-acquisition;VV=v1.1.0	proliferating
hFF_Div_sc_38	Homo sapiens	NT=prepuce of penis;AC=UBERON:0001332	NT=fibroblast;AC=CL:0000057	NT=normal;AC=PATO:0000461	hFF	not available	not available	not available	male	38	single cell	cellenONE	hFF_Div_sc_38	1	proliferating	run 38	proteomic profiling by mass spectrometry	Data-independent acquisition	NT=Orbitrap Astral;AC=MS:1003378	SILAC	NT=Label:13C(6)15N(2);AC=UNIMOD:259;TA=K;MT=Variable	NT=Label:13C(6)15N(4);AC=UNIMOD:267;TA=R;MT=Variable	NT=Oxidation;AC=UNIMOD:35;TA=M;MT=Variable	NT=Acetyl;AC=UNIMOD:1;PP=Protein N-term;MT=Variable	NT=Trypsin;AC=MS:1001251	NT=Lys-C;AC=MS:1001309	NT=beam-type collision-induced dissociation;AC=MS:1000422	27 NCE	380	980	4	1	1	20240719_AST5_Evo3_IO5cmL_PS_SC_pSILAC_hFF_Div_38.raw	v1.1.0	NT=ms-proteomics;VV=v1.1.0	NT=human;VV=v1.1.0	NT=cell-lines;VV=v1.1.0	NT=single-cell;VV=v1.0.0	NT=dia-acquisition;VV=v1.1.0	proliferating
hFF_Div_sc_39	Homo sapiens	NT=prepuce of penis;AC=UBERON:0001332	NT=fibroblast;AC=CL:0000057	NT=normal;AC=PATO:0000461	hFF	not available	not available	not available	male	39	single cell	cellenONE	hFF_Div_sc_39	1	proliferating	run 39	proteomic profiling by mass spectrometry	Data-independent acquisition	NT=Orbitrap Astral;AC=MS:1003378	SILAC	NT=Label:13C(6)15N(2);AC=UNIMOD:259;TA=K;MT=Variable	NT=Label:13C(6)15N(4);AC=UNIMOD:267;TA=R;MT=Variable	NT=Oxidation;AC=UNIMOD:35;TA=M;MT=Variable	NT=Acetyl;AC=UNIMOD:1;PP=Protein N-term;MT=Variable	NT=Trypsin;AC=MS:1001251	NT=Lys-C;AC=MS:1001309	NT=beam-type collision-induced dissociation;AC=MS:1000422	27 NCE	380	980	4	1	1	20240719_AST5_Evo3_IO5cmL_PS_SC_pSILAC_hFF_Div_39.raw	v1.1.0	NT=ms-proteomics;VV=v1.1.0	NT=human;VV=v1.1.0	NT=cell-lines;VV=v1.1.0	NT=single-cell;VV=v1.0.0	NT=dia-acquisition;VV=v1.1.0	proliferating
hFF_Div_sc_40	Homo sapiens	NT=prepuce of penis;AC=UBERON:0001332	NT=fibroblast;AC=CL:0000057	NT=normal;AC=PATO:0000461	hFF	not available	not available	not available	male	40	single cell	cellenONE	hFF_Div_sc_40	1	proliferating	run 40	proteomic profiling by mass spectrometry	Data-independent acquisition	NT=Orbitrap Astral;AC=MS:1003378	SILAC	NT=Label:13C(6)15N(2);AC=UNIMOD:259;TA=K;MT=Variable	NT=Label:13C(6)15N(4);AC=UNIMOD:267;TA=R;MT=Variable	NT=Oxidation;AC=UNIMOD:35;TA=M;MT=Variable	NT=Acetyl;AC=UNIMOD:1;PP=Protein N-term;MT=Variable	NT=Trypsin;AC=MS:1001251	NT=Lys-C;AC=MS:1001309	NT=beam-type collision-induced dissociation;AC=MS:1000422	27 NCE	380	980	4	1	1	20240719_AST5_Evo3_IO5cmL_PS_SC_pSILAC_hFF_Div_40.raw	v1.1.0	NT=ms-proteomics;VV=v1.1.0	NT=human;VV=v1.1.0	NT=cell-lines;VV=v1.1.0	NT=single-cell;VV=v1.0.0	NT=dia-acquisition;VV=v1.1.0	proliferating
hFF_Div_sc_41	Homo sapiens	NT=prepuce of penis;AC=UBERON:0001332	NT=fibroblast;AC=CL:0000057	NT=normal;AC=PATO:0000461	hFF	not available	not available	not available	male	41	single cell	cellenONE	hFF_Div_sc_41	1	proliferating	run 41	proteomic profiling by mass spectrometry	Data-independent acquisition	NT=Orbitrap Astral;AC=MS:1003378	SILAC	NT=Label:13C(6)15N(2);AC=UNIMOD:259;TA=K;MT=Variable	NT=Label:13C(6)15N(4);AC=UNIMOD:267;TA=R;MT=Variable	NT=Oxidation;AC=UNIMOD:35;TA=M;MT=Variable	NT=Acetyl;AC=UNIMOD:1;PP=Protein N-term;MT=Variable	NT=Trypsin;AC=MS:1001251	NT=Lys-C;AC=MS:1001309	NT=beam-type collision-induced dissociation;AC=MS:1000422	27 NCE	380	980	4	1	1	20240719_AST5_Evo3_IO5cmL_PS_SC_pSILAC_hFF_Div_41.raw	v1.1.0	NT=ms-proteomics;VV=v1.1.0	NT=human;VV=v1.1.0	NT=cell-lines;VV=v1.1.0	NT=single-cell;VV=v1.0.0	NT=dia-acquisition;VV=v1.1.0	proliferating
hFF_Div_sc_42	Homo sapiens	NT=prepuce of penis;AC=UBERON:0001332	NT=fibroblast;AC=CL:0000057	NT=normal;AC=PATO:0000461	hFF	not available	not available	not available	male	42	single cell	cellenONE	hFF_Div_sc_42	1	proliferating	run 42	proteomic profiling by mass spectrometry	Data-independent acquisition	NT=Orbitrap Astral;AC=MS:1003378	SILAC	NT=Label:13C(6)15N(2);AC=UNIMOD:259;TA=K;MT=Variable	NT=Label:13C(6)15N(4);AC=UNIMOD:267;TA=R;MT=Variable	NT=Oxidation;AC=UNIMOD:35;TA=M;MT=Variable	NT=Acetyl;AC=UNIMOD:1;PP=Protein N-term;MT=Variable	NT=Trypsin;AC=MS:1001251	NT=Lys-C;AC=MS:1001309	NT=beam-type collision-induced dissociation;AC=MS:1000422	27 NCE	380	980	4	1	1	20240719_AST5_Evo3_IO5cmL_PS_SC_pSILAC_hFF_Div_42.raw	v1.1.0	NT=ms-proteomics;VV=v1.1.0	NT=human;VV=v1.1.0	NT=cell-lines;VV=v1.1.0	NT=single-cell;VV=v1.0.0	NT=dia-acquisition;VV=v1.1.0	proliferating
hFF_Div_sc_43	Homo sapiens	NT=prepuce of penis;AC=UBERON:0001332	NT=fibroblast;AC=CL:0000057	NT=normal;AC=PATO:0000461	hFF	not available	not available	not available	male	43	single cell	cellenONE	hFF_Div_sc_43	1	proliferating	run 43	proteomic profiling by mass spectrometry	Data-independent acquisition	NT=Orbitrap Astral;AC=MS:1003378	SILAC	NT=Label:13C(6)15N(2);AC=UNIMOD:259;TA=K;MT=Variable	NT=Label:13C(6)15N(4);AC=UNIMOD:267;TA=R;MT=Variable	NT=Oxidation;AC=UNIMOD:35;TA=M;MT=Variable	NT=Acetyl;AC=UNIMOD:1;PP=Protein N-term;MT=Variable	NT=Trypsin;AC=MS:1001251	NT=Lys-C;AC=MS:1001309	NT=beam-type collision-induced dissociation;AC=MS:1000422	27 NCE	380	980	4	1	1	20240719_AST5_Evo3_IO5cmL_PS_SC_pSILAC_hFF_Div_43.raw	v1.1.0	NT=ms-proteomics;VV=v1.1.0	NT=human;VV=v1.1.0	NT=cell-lines;VV=v1.1.0	NT=single-cell;VV=v1.0.0	NT=dia-acquisition;VV=v1.1.0	proliferating
hFF_Div_sc_44	Homo sapiens	NT=prepuce of penis;AC=UBERON:0001332	NT=fibroblast;AC=CL:0000057	NT=normal;AC=PATO:0000461	hFF	not available	not available	not available	male	44	single cell	cellenONE	hFF_Div_sc_44	1	proliferating	run 44	proteomic profiling by mass spectrometry	Data-independent acquisition	NT=Orbitrap Astral;AC=MS:1003378	SILAC	NT=Label:13C(6)15N(2);AC=UNIMOD:259;TA=K;MT=Variable	NT=Label:13C(6)15N(4);AC=UNIMOD:267;TA=R;MT=Variable	NT=Oxidation;AC=UNIMOD:35;TA=M;MT=Variable	NT=Acetyl;AC=UNIMOD:1;PP=Protein N-term;MT=Variable	NT=Trypsin;AC=MS:1001251	NT=Lys-C;AC=MS:1001309	NT=beam-type collision-induced dissociation;AC=MS:1000422	27 NCE	380	980	4	1	1	20240719_AST5_Evo3_IO5cmL_PS_SC_pSILAC_hFF_Div_44.raw	v1.1.0	NT=ms-proteomics;VV=v1.1.0	NT=human;VV=v1.1.0	NT=cell-lines;VV=v1.1.0	NT=single-cell;VV=v1.0.0	NT=dia-acquisition;VV=v1.1.0	proliferating
hFF_Div_sc_45	Homo sapiens	NT=prepuce of penis;AC=UBERON:0001332	NT=fibroblast;AC=CL:0000057	NT=normal;AC=PATO:0000461	hFF	not available	not available	not available	male	45	single cell	cellenONE	hFF_Div_sc_45	1	proliferating	run 45	proteomic profiling by mass spectrometry	Data-independent acquisition	NT=Orbitrap Astral;AC=MS:1003378	SILAC	NT=Label:13C(6)15N(2);AC=UNIMOD:259;TA=K;MT=Variable	NT=Label:13C(6)15N(4);AC=UNIMOD:267;TA=R;MT=Variable	NT=Oxidation;AC=UNIMOD:35;TA=M;MT=Variable	NT=Acetyl;AC=UNIMOD:1;PP=Protein N-term;MT=Variable	NT=Trypsin;AC=MS:1001251	NT=Lys-C;AC=MS:1001309	NT=beam-type collision-induced dissociation;AC=MS:1000422	27 NCE	380	980	4	1	1	20240719_AST5_Evo3_IO5cmL_PS_SC_pSILAC_hFF_Div_45.raw	v1.1.0	NT=ms-proteomics;VV=v1.1.0	NT=human;VV=v1.1.0	NT=cell-lines;VV=v1.1.0	NT=single-cell;VV=v1.0.0	NT=dia-acquisition;VV=v1.1.0	proliferating
hFF_Div_sc_46	Homo sapiens	NT=prepuce of penis;AC=UBERON:0001332	NT=fibroblast;AC=CL:0000057	NT=normal;AC=PATO:0000461	hFF	not available	not available	not available	male	46	single cell	cellenONE	hFF_Div_sc_46	1	proliferating	run 46	proteomic profiling by mass spectrometry	Data-independent acquisition	NT=Orbitrap Astral;AC=MS:1003378	SILAC	NT=Label:13C(6)15N(2);AC=UNIMOD:259;TA=K;MT=Variable	NT=Label:13C(6)15N(4);AC=UNIMOD:267;TA=R;MT=Variable	NT=Oxidation;AC=UNIMOD:35;TA=M;MT=Variable	NT=Acetyl;AC=UNIMOD:1;PP=Protein N-term;MT=Variable	NT=Trypsin;AC=MS:1001251	NT=Lys-C;AC=MS:1001309	NT=beam-type collision-induced dissociation;AC=MS:1000422	27 NCE	380	980	4	1	1	20240719_AST5_Evo3_IO5cmL_PS_SC_pSILAC_hFF_Div_46.raw	v1.1.0	NT=ms-proteomics;VV=v1.1.0	NT=human;VV=v1.1.0	NT=cell-lines;VV=v1.1.0	NT=single-cell;VV=v1.0.0	NT=dia-acquisition;VV=v1.1.0	proliferating
hFF_Div_sc_47	Homo sapiens	NT=prepuce of penis;AC=UBERON:0001332	NT=fibroblast;AC=CL:0000057	NT=normal;AC=PATO:0000461	hFF	not available	not available	not available	male	47	single cell	cellenONE	hFF_Div_sc_47	1	proliferating	run 47	proteomic profiling by mass spectrometry	Data-independent acquisition	NT=Orbitrap Astral;AC=MS:1003378	SILAC	NT=Label:13C(6)15N(2);AC=UNIMOD:259;TA=K;MT=Variable	NT=Label:13C(6)15N(4);AC=UNIMOD:267;TA=R;MT=Variable	NT=Oxidation;AC=UNIMOD:35;TA=M;MT=Variable	NT=Acetyl;AC=UNIMOD:1;PP=Protein N-term;MT=Variable	NT=Trypsin;AC=MS:1001251	NT=Lys-C;AC=MS:1001309	NT=beam-type collision-induced dissociation;AC=MS:1000422	27 NCE	380	980	4	1	1	20240719_AST5_Evo3_IO5cmL_PS_SC_pSILAC_hFF_Div_47.raw	v1.1.0	NT=ms-proteomics;VV=v1.1.0	NT=human;VV=v1.1.0	NT=cell-lines;VV=v1.1.0	NT=single-cell;VV=v1.0.0	NT=dia-acquisition;VV=v1.1.0	proliferating
hFF_Div_sc_48	Homo sapiens	NT=prepuce of penis;AC=UBERON:0001332	NT=fibroblast;AC=CL:0000057	NT=normal;AC=PATO:0000461	hFF	not available	not available	not available	male	48	single cell	cellenONE	hFF_Div_sc_48	1	proliferating	run 48	proteomic profiling by mass spectrometry	Data-independent acquisition	NT=Orbitrap Astral;AC=MS:1003378	SILAC	NT=Label:13C(6)15N(2);AC=UNIMOD:259;TA=K;MT=Variable	NT=Label:13C(6)15N(4);AC=UNIMOD:267;TA=R;MT=Variable	NT=Oxidation;AC=UNIMOD:35;TA=M;MT=Variable	NT=Acetyl;AC=UNIMOD:1;PP=Protein N-term;MT=Variable	NT=Trypsin;AC=MS:1001251	NT=Lys-C;AC=MS:1001309	NT=beam-type collision-induced dissociation;AC=MS:1000422	27 NCE	380	980	4	1	1	20240719_AST5_Evo3_IO5cmL_PS_SC_pSILAC_hFF_Div_48.raw	v1.1.0	NT=ms-proteomics;VV=v1.1.0	NT=human;VV=v1.1.0	NT=cell-lines;VV=v1.1.0	NT=single-cell;VV=v1.0.0	NT=dia-acquisition;VV=v1.1.0	proliferating
hFF_Div_sc_49	Homo sapiens	NT=prepuce of penis;AC=UBERON:0001332	NT=fibroblast;AC=CL:0000057	NT=normal;AC=PATO:0000461	hFF	not available	not available	not available	male	49	single cell	cellenONE	hFF_Div_sc_49	1	proliferating	run 49	proteomic profiling by mass spectrometry	Data-independent acquisition	NT=Orbitrap Astral;AC=MS:1003378	SILAC	NT=Label:13C(6)15N(2);AC=UNIMOD:259;TA=K;MT=Variable	NT=Label:13C(6)15N(4);AC=UNIMOD:267;TA=R;MT=Variable	NT=Oxidation;AC=UNIMOD:35;TA=M;MT=Variable	NT=Acetyl;AC=UNIMOD:1;PP=Protein N-term;MT=Variable	NT=Trypsin;AC=MS:1001251	NT=Lys-C;AC=MS:1001309	NT=beam-type collision-induced dissociation;AC=MS:1000422	27 NCE	380	980	4	1	1	20240719_AST5_Evo3_IO5cmL_PS_SC_pSILAC_hFF_Div_49.raw	v1.1.0	NT=ms-proteomics;VV=v1.1.0	NT=human;VV=v1.1.0	NT=cell-lines;VV=v1.1.0	NT=single-cell;VV=v1.0.0	NT=dia-acquisition;VV=v1.1.0	proliferating
hFF_Div_sc_50	Homo sapiens	NT=prepuce of penis;AC=UBERON:0001332	NT=fibroblast;AC=CL:0000057	NT=normal;AC=PATO:0000461	hFF	not available	not available	not available	male	50	single cell	cellenONE	hFF_Div_sc_50	1	proliferating	run 50	proteomic profiling by mass spectrometry	Data-independent acquisition	NT=Orbitrap Astral;AC=MS:1003378	SILAC	NT=Label:13C(6)15N(2);AC=UNIMOD:259;TA=K;MT=Variable	NT=Label:13C(6)15N(4);AC=UNIMOD:267;TA=R;MT=Variable	NT=Oxidation;AC=UNIMOD:35;TA=M;MT=Variable	NT=Acetyl;AC=UNIMOD:1;PP=Protein N-term;MT=Variable	NT=Trypsin;AC=MS:1001251	NT=Lys-C;AC=MS:1001309	NT=beam-type collision-induced dissociation;AC=MS:1000422	27 NCE	380	980	4	1	1	20240719_AST5_Evo3_IO5cmL_PS_SC_pSILAC_hFF_Div_50.raw	v1.1.0	NT=ms-proteomics;VV=v1.1.0	NT=human;VV=v1.1.0	NT=cell-lines;VV=v1.1.0	NT=single-cell;VV=v1.0.0	NT=dia-acquisition;VV=v1.1.0	proliferating
hFF_Div_sc_51	Homo sapiens	NT=prepuce of penis;AC=UBERON:0001332	NT=fibroblast;AC=CL:0000057	NT=normal;AC=PATO:0000461	hFF	not available	not available	not available	male	51	single cell	cellenONE	hFF_Div_sc_51	1	proliferating	run 51	proteomic profiling by mass spectrometry	Data-independent acquisition	NT=Orbitrap Astral;AC=MS:1003378	SILAC	NT=Label:13C(6)15N(2);AC=UNIMOD:259;TA=K;MT=Variable	NT=Label:13C(6)15N(4);AC=UNIMOD:267;TA=R;MT=Variable	NT=Oxidation;AC=UNIMOD:35;TA=M;MT=Variable	NT=Acetyl;AC=UNIMOD:1;PP=Protein N-term;MT=Variable	NT=Trypsin;AC=MS:1001251	NT=Lys-C;AC=MS:1001309	NT=beam-type collision-induced dissociation;AC=MS:1000422	27 NCE	380	980	4	1	1	20240719_AST5_Evo3_IO5cmL_PS_SC_pSILAC_hFF_Div_51.raw	v1.1.0	NT=ms-proteomics;VV=v1.1.0	NT=human;VV=v1.1.0	NT=cell-lines;VV=v1.1.0	NT=single-cell;VV=v1.0.0	NT=dia-acquisition;VV=v1.1.0	proliferating
hFF_Div_sc_52	Homo sapiens	NT=prepuce of penis;AC=UBERON:0001332	NT=fibroblast;AC=CL:0000057	NT=normal;AC=PATO:0000461	hFF	not available	not available	not available	male	52	single cell	cellenONE	hFF_Div_sc_52	1	proliferating	run 52	proteomic profiling by mass spectrometry	Data-independent acquisition	NT=Orbitrap Astral;AC=MS:1003378	SILAC	NT=Label:13C(6)15N(2);AC=UNIMOD:259;TA=K;MT=Variable	NT=Label:13C(6)15N(4);AC=UNIMOD:267;TA=R;MT=Variable	NT=Oxidation;AC=UNIMOD:35;TA=M;MT=Variable	NT=Acetyl;AC=UNIMOD:1;PP=Protein N-term;MT=Variable	NT=Trypsin;AC=MS:1001251	NT=Lys-C;AC=MS:1001309	NT=beam-type collision-induced dissociation;AC=MS:1000422	27 NCE	380	980	4	1	1	20240719_AST5_Evo3_IO5cmL_PS_SC_pSILAC_hFF_Div_52.raw	v1.1.0	NT=ms-proteomics;VV=v1.1.0	NT=human;VV=v1.1.0	NT=cell-lines;VV=v1.1.0	NT=single-cell;VV=v1.0.0	NT=dia-acquisition;VV=v1.1.0	proliferating
hFF_Div_sc_53	Homo sapiens	NT=prepuce of penis;AC=UBERON:0001332	NT=fibroblast;AC=CL:0000057	NT=normal;AC=PATO:0000461	hFF	not available	not available	not available	male	53	single cell	cellenONE	hFF_Div_sc_53	1	proliferating	run 53	proteomic profiling by mass spectrometry	Data-independent acquisition	NT=Orbitrap Astral;AC=MS:1003378	SILAC	NT=Label:13C(6)15N(2);AC=UNIMOD:259;TA=K;MT=Variable	NT=Label:13C(6)15N(4);AC=UNIMOD:267;TA=R;MT=Variable	NT=Oxidation;AC=UNIMOD:35;TA=M;MT=Variable	NT=Acetyl;AC=UNIMOD:1;PP=Protein N-term;MT=Variable	NT=Trypsin;AC=MS:1001251	NT=Lys-C;AC=MS:1001309	NT=beam-type collision-induced dissociation;AC=MS:1000422	27 NCE	380	980	4	1	1	20240719_AST5_Evo3_IO5cmL_PS_SC_pSILAC_hFF_Div_53.raw	v1.1.0	NT=ms-proteomics;VV=v1.1.0	NT=human;VV=v1.1.0	NT=cell-lines;VV=v1.1.0	NT=single-cell;VV=v1.0.0	NT=dia-acquisition;VV=v1.1.0	proliferating
hFF_Div_sc_54	Homo sapiens	NT=prepuce of penis;AC=UBERON:0001332	NT=fibroblast;AC=CL:0000057	NT=normal;AC=PATO:0000461	hFF	not available	not available	not available	male	54	single cell	cellenONE	hFF_Div_sc_54	1	proliferating	run 54	proteomic profiling by mass spectrometry	Data-independent acquisition	NT=Orbitrap Astral;AC=MS:1003378	SILAC	NT=Label:13C(6)15N(2);AC=UNIMOD:259;TA=K;MT=Variable	NT=Label:13C(6)15N(4);AC=UNIMOD:267;TA=R;MT=Variable	NT=Oxidation;AC=UNIMOD:35;TA=M;MT=Variable	NT=Acetyl;AC=UNIMOD:1;PP=Protein N-term;MT=Variable	NT=Trypsin;AC=MS:1001251	NT=Lys-C;AC=MS:1001309	NT=beam-type collision-induced dissociation;AC=MS:1000422	27 NCE	380	980	4	1	1	20240719_AST5_Evo3_IO5cmL_PS_SC_pSILAC_hFF_Div_54.raw	v1.1.0	NT=ms-proteomics;VV=v1.1.0	NT=human;VV=v1.1.0	NT=cell-lines;VV=v1.1.0	NT=single-cell;VV=v1.0.0	NT=dia-acquisition;VV=v1.1.0	proliferating
hFF_Div_sc_55	Homo sapiens	NT=prepuce of penis;AC=UBERON:0001332	NT=fibroblast;AC=CL:0000057	NT=normal;AC=PATO:0000461	hFF	not available	not available	not available	male	55	single cell	cellenONE	hFF_Div_sc_55	1	proliferating	run 55	proteomic profiling by mass spectrometry	Data-independent acquisition	NT=Orbitrap Astral;AC=MS:1003378	SILAC	NT=Label:13C(6)15N(2);AC=UNIMOD:259;TA=K;MT=Variable	NT=Label:13C(6)15N(4);AC=UNIMOD:267;TA=R;MT=Variable	NT=Oxidation;AC=UNIMOD:35;TA=M;MT=Variable	NT=Acetyl;AC=UNIMOD:1;PP=Protein N-term;MT=Variable	NT=Trypsin;AC=MS:1001251	NT=Lys-C;AC=MS:1001309	NT=beam-type collision-induced dissociation;AC=MS:1000422	27 NCE	380	980	4	1	1	20240719_AST5_Evo3_IO5cmL_PS_SC_pSILAC_hFF_Div_55.raw	v1.1.0	NT=ms-proteomics;VV=v1.1.0	NT=human;VV=v1.1.0	NT=cell-lines;VV=v1.1.0	NT=single-cell;VV=v1.0.0	NT=dia-acquisition;VV=v1.1.0	proliferating
hFF_Div_sc_56	Homo sapiens	NT=prepuce of penis;AC=UBERON:0001332	NT=fibroblast;AC=CL:0000057	NT=normal;AC=PATO:0000461	hFF	not available	not available	not available	male	56	single cell	cellenONE	hFF_Div_sc_56	1	proliferating	run 56	proteomic profiling by mass spectrometry	Data-independent acquisition	NT=Orbitrap Astral;AC=MS:1003378	SILAC	NT=Label:13C(6)15N(2);AC=UNIMOD:259;TA=K;MT=Variable	NT=Label:13C(6)15N(4);AC=UNIMOD:267;TA=R;MT=Variable	NT=Oxidation;AC=UNIMOD:35;TA=M;MT=Variable	NT=Acetyl;AC=UNIMOD:1;PP=Protein N-term;MT=Variable	NT=Trypsin;AC=MS:1001251	NT=Lys-C;AC=MS:1001309	NT=beam-type collision-induced dissociation;AC=MS:1000422	27 NCE	380	980	4	1	1	20240719_AST5_Evo3_IO5cmL_PS_SC_pSILAC_hFF_Div_56.raw	v1.1.0	NT=ms-proteomics;VV=v1.1.0	NT=human;VV=v1.1.0	NT=cell-lines;VV=v1.1.0	NT=single-cell;VV=v1.0.0	NT=dia-acquisition;VV=v1.1.0	proliferating
hFF_Div_sc_57	Homo sapiens	NT=prepuce of penis;AC=UBERON:0001332	NT=fibroblast;AC=CL:0000057	NT=normal;AC=PATO:0000461	hFF	not available	not available	not available	male	57	single cell	cellenONE	hFF_Div_sc_57	1	proliferating	run 57	proteomic profiling by mass spectrometry	Data-independent acquisition	NT=Orbitrap Astral;AC=MS:1003378	SILAC	NT=Label:13C(6)15N(2);AC=UNIMOD:259;TA=K;MT=Variable	NT=Label:13C(6)15N(4);AC=UNIMOD:267;TA=R;MT=Variable	NT=Oxidation;AC=UNIMOD:35;TA=M;MT=Variable	NT=Acetyl;AC=UNIMOD:1;PP=Protein N-term;MT=Variable	NT=Trypsin;AC=MS:1001251	NT=Lys-C;AC=MS:1001309	NT=beam-type collision-induced dissociation;AC=MS:1000422	27 NCE	380	980	4	1	1	20240719_AST5_Evo3_IO5cmL_PS_SC_pSILAC_hFF_Div_57.raw	v1.1.0	NT=ms-proteomics;VV=v1.1.0	NT=human;VV=v1.1.0	NT=cell-lines;VV=v1.1.0	NT=single-cell;VV=v1.0.0	NT=dia-acquisition;VV=v1.1.0	proliferating
hFF_Div_sc_58	Homo sapiens	NT=prepuce of penis;AC=UBERON:0001332	NT=fibroblast;AC=CL:0000057	NT=normal;AC=PATO:0000461	hFF	not available	not available	not available	male	58	single cell	cellenONE	hFF_Div_sc_58	1	proliferating	run 58	proteomic profiling by mass spectrometry	Data-independent acquisition	NT=Orbitrap Astral;AC=MS:1003378	SILAC	NT=Label:13C(6)15N(2);AC=UNIMOD:259;TA=K;MT=Variable	NT=Label:13C(6)15N(4);AC=UNIMOD:267;TA=R;MT=Variable	NT=Oxidation;AC=UNIMOD:35;TA=M;MT=Variable	NT=Acetyl;AC=UNIMOD:1;PP=Protein N-term;MT=Variable	NT=Trypsin;AC=MS:1001251	NT=Lys-C;AC=MS:1001309	NT=beam-type collision-induced dissociation;AC=MS:1000422	27 NCE	380	980	4	1	1	20240719_AST5_Evo3_IO5cmL_PS_SC_pSILAC_hFF_Div_58.raw	v1.1.0	NT=ms-proteomics;VV=v1.1.0	NT=human;VV=v1.1.0	NT=cell-lines;VV=v1.1.0	NT=single-cell;VV=v1.0.0	NT=dia-acquisition;VV=v1.1.0	proliferating
hFF_Div_sc_59	Homo sapiens	NT=prepuce of penis;AC=UBERON:0001332	NT=fibroblast;AC=CL:0000057	NT=normal;AC=PATO:0000461	hFF	not available	not available	not available	male	59	single cell	cellenONE	hFF_Div_sc_59	1	proliferating	run 59	proteomic profiling by mass spectrometry	Data-independent acquisition	NT=Orbitrap Astral;AC=MS:1003378	SILAC	NT=Label:13C(6)15N(2);AC=UNIMOD:259;TA=K;MT=Variable	NT=Label:13C(6)15N(4);AC=UNIMOD:267;TA=R;MT=Variable	NT=Oxidation;AC=UNIMOD:35;TA=M;MT=Variable	NT=Acetyl;AC=UNIMOD:1;PP=Protein N-term;MT=Variable	NT=Trypsin;AC=MS:1001251	NT=Lys-C;AC=MS:1001309	NT=beam-type collision-induced dissociation;AC=MS:1000422	27 NCE	380	980	4	1	1	20240719_AST5_Evo3_IO5cmL_PS_SC_pSILAC_hFF_Div_59.raw	v1.1.0	NT=ms-proteomics;VV=v1.1.0	NT=human;VV=v1.1.0	NT=cell-lines;VV=v1.1.0	NT=single-cell;VV=v1.0.0	NT=dia-acquisition;VV=v1.1.0	proliferating
hFF_Div_sc_60	Homo sapiens	NT=prepuce of penis;AC=UBERON:0001332	NT=fibroblast;AC=CL:0000057	NT=normal;AC=PATO:0000461	hFF	not available	not available	not available	male	60	single cell	cellenONE	hFF_Div_sc_60	1	proliferating	run 60	proteomic profiling by mass spectrometry	Data-independent acquisition	NT=Orbitrap Astral;AC=MS:1003378	SILAC	NT=Label:13C(6)15N(2);AC=UNIMOD:259;TA=K;MT=Variable	NT=Label:13C(6)15N(4);AC=UNIMOD:267;TA=R;MT=Variable	NT=Oxidation;AC=UNIMOD:35;TA=M;MT=Variable	NT=Acetyl;AC=UNIMOD:1;PP=Protein N-term;MT=Variable	NT=Trypsin;AC=MS:1001251	NT=Lys-C;AC=MS:1001309	NT=beam-type collision-induced dissociation;AC=MS:1000422	27 NCE	380	980	4	1	1	20240719_AST5_Evo3_IO5cmL_PS_SC_pSILAC_hFF_Div_60.raw	v1.1.0	NT=ms-proteomics;VV=v1.1.0	NT=human;VV=v1.1.0	NT=cell-lines;VV=v1.1.0	NT=single-cell;VV=v1.0.0	NT=dia-acquisition;VV=v1.1.0	proliferating
hFF_Div_sc_61	Homo sapiens	NT=prepuce of penis;AC=UBERON:0001332	NT=fibroblast;AC=CL:0000057	NT=normal;AC=PATO:0000461	hFF	not available	not available	not available	male	61	single cell	cellenONE	hFF_Div_sc_61	1	proliferating	run 61	proteomic profiling by mass spectrometry	Data-independent acquisition	NT=Orbitrap Astral;AC=MS:1003378	SILAC	NT=Label:13C(6)15N(2);AC=UNIMOD:259;TA=K;MT=Variable	NT=Label:13C(6)15N(4);AC=UNIMOD:267;TA=R;MT=Variable	NT=Oxidation;AC=UNIMOD:35;TA=M;MT=Variable	NT=Acetyl;AC=UNIMOD:1;PP=Protein N-term;MT=Variable	NT=Trypsin;AC=MS:1001251	NT=Lys-C;AC=MS:1001309	NT=beam-type collision-induced dissociation;AC=MS:1000422	27 NCE	380	980	4	1	1	20240721_AST5_Evo3_IO5cmL_PS_SC_pSILAC_hFF_Div_61.raw	v1.1.0	NT=ms-proteomics;VV=v1.1.0	NT=human;VV=v1.1.0	NT=cell-lines;VV=v1.1.0	NT=single-cell;VV=v1.0.0	NT=dia-acquisition;VV=v1.1.0	proliferating
hFF_Div_sc_62	Homo sapiens	NT=prepuce of penis;AC=UBERON:0001332	NT=fibroblast;AC=CL:0000057	NT=normal;AC=PATO:0000461	hFF	not available	not available	not available	male	62	single cell	cellenONE	hFF_Div_sc_62	1	proliferating	run 62	proteomic profiling by mass spectrometry	Data-independent acquisition	NT=Orbitrap Astral;AC=MS:1003378	SILAC	NT=Label:13C(6)15N(2);AC=UNIMOD:259;TA=K;MT=Variable	NT=Label:13C(6)15N(4);AC=UNIMOD:267;TA=R;MT=Variable	NT=Oxidation;AC=UNIMOD:35;TA=M;MT=Variable	NT=Acetyl;AC=UNIMOD:1;PP=Protein N-term;MT=Variable	NT=Trypsin;AC=MS:1001251	NT=Lys-C;AC=MS:1001309	NT=beam-type collision-induced dissociation;AC=MS:1000422	27 NCE	380	980	4	1	1	20240721_AST5_Evo3_IO5cmL_PS_SC_pSILAC_hFF_Div_62.raw	v1.1.0	NT=ms-proteomics;VV=v1.1.0	NT=human;VV=v1.1.0	NT=cell-lines;VV=v1.1.0	NT=single-cell;VV=v1.0.0	NT=dia-acquisition;VV=v1.1.0	proliferating
hFF_Div_sc_63	Homo sapiens	NT=prepuce of penis;AC=UBERON:0001332	NT=fibroblast;AC=CL:0000057	NT=normal;AC=PATO:0000461	hFF	not available	not available	not available	male	63	single cell	cellenONE	hFF_Div_sc_63	1	proliferating	run 63	proteomic profiling by mass spectrometry	Data-independent acquisition	NT=Orbitrap Astral;AC=MS:1003378	SILAC	NT=Label:13C(6)15N(2);AC=UNIMOD:259;TA=K;MT=Variable	NT=Label:13C(6)15N(4);AC=UNIMOD:267;TA=R;MT=Variable	NT=Oxidation;AC=UNIMOD:35;TA=M;MT=Variable	NT=Acetyl;AC=UNIMOD:1;PP=Protein N-term;MT=Variable	NT=Trypsin;AC=MS:1001251	NT=Lys-C;AC=MS:1001309	NT=beam-type collision-induced dissociation;AC=MS:1000422	27 NCE	380	980	4	1	1	20240721_AST5_Evo3_IO5cmL_PS_SC_pSILAC_hFF_Div_63.raw	v1.1.0	NT=ms-proteomics;VV=v1.1.0	NT=human;VV=v1.1.0	NT=cell-lines;VV=v1.1.0	NT=single-cell;VV=v1.0.0	NT=dia-acquisition;VV=v1.1.0	proliferating
hFF_Div_sc_64	Homo sapiens	NT=prepuce of penis;AC=UBERON:0001332	NT=fibroblast;AC=CL:0000057	NT=normal;AC=PATO:0000461	hFF	not available	not available	not available	male	64	single cell	cellenONE	hFF_Div_sc_64	1	proliferating	run 64	proteomic profiling by mass spectrometry	Data-independent acquisition	NT=Orbitrap Astral;AC=MS:1003378	SILAC	NT=Label:13C(6)15N(2);AC=UNIMOD:259;TA=K;MT=Variable	NT=Label:13C(6)15N(4);AC=UNIMOD:267;TA=R;MT=Variable	NT=Oxidation;AC=UNIMOD:35;TA=M;MT=Variable	NT=Acetyl;AC=UNIMOD:1;PP=Protein N-term;MT=Variable	NT=Trypsin;AC=MS:1001251	NT=Lys-C;AC=MS:1001309	NT=beam-type collision-induced dissociation;AC=MS:1000422	27 NCE	380	980	4	1	1	20240721_AST5_Evo3_IO5cmL_PS_SC_pSILAC_hFF_Div_64.raw	v1.1.0	NT=ms-proteomics;VV=v1.1.0	NT=human;VV=v1.1.0	NT=cell-lines;VV=v1.1.0	NT=single-cell;VV=v1.0.0	NT=dia-acquisition;VV=v1.1.0	proliferating
hFF_Div_sc_65	Homo sapiens	NT=prepuce of penis;AC=UBERON:0001332	NT=fibroblast;AC=CL:0000057	NT=normal;AC=PATO:0000461	hFF	not available	not available	not available	male	65	single cell	cellenONE	hFF_Div_sc_65	1	proliferating	run 65	proteomic profiling by mass spectrometry	Data-independent acquisition	NT=Orbitrap Astral;AC=MS:1003378	SILAC	NT=Label:13C(6)15N(2);AC=UNIMOD:259;TA=K;MT=Variable	NT=Label:13C(6)15N(4);AC=UNIMOD:267;TA=R;MT=Variable	NT=Oxidation;AC=UNIMOD:35;TA=M;MT=Variable	NT=Acetyl;AC=UNIMOD:1;PP=Protein N-term;MT=Variable	NT=Trypsin;AC=MS:1001251	NT=Lys-C;AC=MS:1001309	NT=beam-type collision-induced dissociation;AC=MS:1000422	27 NCE	380	980	4	1	1	20240721_AST5_Evo3_IO5cmL_PS_SC_pSILAC_hFF_Div_65.raw	v1.1.0	NT=ms-proteomics;VV=v1.1.0	NT=human;VV=v1.1.0	NT=cell-lines;VV=v1.1.0	NT=single-cell;VV=v1.0.0	NT=dia-acquisition;VV=v1.1.0	proliferating
hFF_Div_sc_66	Homo sapiens	NT=prepuce of penis;AC=UBERON:0001332	NT=fibroblast;AC=CL:0000057	NT=normal;AC=PATO:0000461	hFF	not available	not available	not available	male	66	single cell	cellenONE	hFF_Div_sc_66	1	proliferating	run 66	proteomic profiling by mass spectrometry	Data-independent acquisition	NT=Orbitrap Astral;AC=MS:1003378	SILAC	NT=Label:13C(6)15N(2);AC=UNIMOD:259;TA=K;MT=Variable	NT=Label:13C(6)15N(4);AC=UNIMOD:267;TA=R;MT=Variable	NT=Oxidation;AC=UNIMOD:35;TA=M;MT=Variable	NT=Acetyl;AC=UNIMOD:1;PP=Protein N-term;MT=Variable	NT=Trypsin;AC=MS:1001251	NT=Lys-C;AC=MS:1001309	NT=beam-type collision-induced dissociation;AC=MS:1000422	27 NCE	380	980	4	1	1	20240721_AST5_Evo3_IO5cmL_PS_SC_pSILAC_hFF_Div_66.raw	v1.1.0	NT=ms-proteomics;VV=v1.1.0	NT=human;VV=v1.1.0	NT=cell-lines;VV=v1.1.0	NT=single-cell;VV=v1.0.0	NT=dia-acquisition;VV=v1.1.0	proliferating
hFF_Div_sc_67	Homo sapiens	NT=prepuce of penis;AC=UBERON:0001332	NT=fibroblast;AC=CL:0000057	NT=normal;AC=PATO:0000461	hFF	not available	not available	not available	male	67	single cell	cellenONE	hFF_Div_sc_67	1	proliferating	run 67	proteomic profiling by mass spectrometry	Data-independent acquisition	NT=Orbitrap Astral;AC=MS:1003378	SILAC	NT=Label:13C(6)15N(2);AC=UNIMOD:259;TA=K;MT=Variable	NT=Label:13C(6)15N(4);AC=UNIMOD:267;TA=R;MT=Variable	NT=Oxidation;AC=UNIMOD:35;TA=M;MT=Variable	NT=Acetyl;AC=UNIMOD:1;PP=Protein N-term;MT=Variable	NT=Trypsin;AC=MS:1001251	NT=Lys-C;AC=MS:1001309	NT=beam-type collision-induced dissociation;AC=MS:1000422	27 NCE	380	980	4	1	1	20240721_AST5_Evo3_IO5cmL_PS_SC_pSILAC_hFF_Div_67.raw	v1.1.0	NT=ms-proteomics;VV=v1.1.0	NT=human;VV=v1.1.0	NT=cell-lines;VV=v1.1.0	NT=single-cell;VV=v1.0.0	NT=dia-acquisition;VV=v1.1.0	proliferating
hFF_Div_sc_68	Homo sapiens	NT=prepuce of penis;AC=UBERON:0001332	NT=fibroblast;AC=CL:0000057	NT=normal;AC=PATO:0000461	hFF	not available	not available	not available	male	68	single cell	cellenONE	hFF_Div_sc_68	1	proliferating	run 68	proteomic profiling by mass spectrometry	Data-independent acquisition	NT=Orbitrap Astral;AC=MS:1003378	SILAC	NT=Label:13C(6)15N(2);AC=UNIMOD:259;TA=K;MT=Variable	NT=Label:13C(6)15N(4);AC=UNIMOD:267;TA=R;MT=Variable	NT=Oxidation;AC=UNIMOD:35;TA=M;MT=Variable	NT=Acetyl;AC=UNIMOD:1;PP=Protein N-term;MT=Variable	NT=Trypsin;AC=MS:1001251	NT=Lys-C;AC=MS:1001309	NT=beam-type collision-induced dissociation;AC=MS:1000422	27 NCE	380	980	4	1	1	20240721_AST5_Evo3_IO5cmL_PS_SC_pSILAC_hFF_Div_68.raw	v1.1.0	NT=ms-proteomics;VV=v1.1.0	NT=human;VV=v1.1.0	NT=cell-lines;VV=v1.1.0	NT=single-cell;VV=v1.0.0	NT=dia-acquisition;VV=v1.1.0	proliferating
hFF_Div_sc_69	Homo sapiens	NT=prepuce of penis;AC=UBERON:0001332	NT=fibroblast;AC=CL:0000057	NT=normal;AC=PATO:0000461	hFF	not available	not available	not available	male	69	single cell	cellenONE	hFF_Div_sc_69	1	proliferating	run 69	proteomic profiling by mass spectrometry	Data-independent acquisition	NT=Orbitrap Astral;AC=MS:1003378	SILAC	NT=Label:13C(6)15N(2);AC=UNIMOD:259;TA=K;MT=Variable	NT=Label:13C(6)15N(4);AC=UNIMOD:267;TA=R;MT=Variable	NT=Oxidation;AC=UNIMOD:35;TA=M;MT=Variable	NT=Acetyl;AC=UNIMOD:1;PP=Protein N-term;MT=Variable	NT=Trypsin;AC=MS:1001251	NT=Lys-C;AC=MS:1001309	NT=beam-type collision-induced dissociation;AC=MS:1000422	27 NCE	380	980	4	1	1	20240721_AST5_Evo3_IO5cmL_PS_SC_pSILAC_hFF_Div_69.raw	v1.1.0	NT=ms-proteomics;VV=v1.1.0	NT=human;VV=v1.1.0	NT=cell-lines;VV=v1.1.0	NT=single-cell;VV=v1.0.0	NT=dia-acquisition;VV=v1.1.0	proliferating
hFF_Div_sc_70	Homo sapiens	NT=prepuce of penis;AC=UBERON:0001332	NT=fibroblast;AC=CL:0000057	NT=normal;AC=PATO:0000461	hFF	not available	not available	not available	male	70	single cell	cellenONE	hFF_Div_sc_70	1	proliferating	run 70	proteomic profiling by mass spectrometry	Data-independent acquisition	NT=Orbitrap Astral;AC=MS:1003378	SILAC	NT=Label:13C(6)15N(2);AC=UNIMOD:259;TA=K;MT=Variable	NT=Label:13C(6)15N(4);AC=UNIMOD:267;TA=R;MT=Variable	NT=Oxidation;AC=UNIMOD:35;TA=M;MT=Variable	NT=Acetyl;AC=UNIMOD:1;PP=Protein N-term;MT=Variable	NT=Trypsin;AC=MS:1001251	NT=Lys-C;AC=MS:1001309	NT=beam-type collision-induced dissociation;AC=MS:1000422	27 NCE	380	980	4	1	1	20240721_AST5_Evo3_IO5cmL_PS_SC_pSILAC_hFF_Div_70.raw	v1.1.0	NT=ms-proteomics;VV=v1.1.0	NT=human;VV=v1.1.0	NT=cell-lines;VV=v1.1.0	NT=single-cell;VV=v1.0.0	NT=dia-acquisition;VV=v1.1.0	proliferating
hFF_Div_sc_71	Homo sapiens	NT=prepuce of penis;AC=UBERON:0001332	NT=fibroblast;AC=CL:0000057	NT=normal;AC=PATO:0000461	hFF	not available	not available	not available	male	71	single cell	cellenONE	hFF_Div_sc_71	1	proliferating	run 71	proteomic profiling by mass spectrometry	Data-independent acquisition	NT=Orbitrap Astral;AC=MS:1003378	SILAC	NT=Label:13C(6)15N(2);AC=UNIMOD:259;TA=K;MT=Variable	NT=Label:13C(6)15N(4);AC=UNIMOD:267;TA=R;MT=Variable	NT=Oxidation;AC=UNIMOD:35;TA=M;MT=Variable	NT=Acetyl;AC=UNIMOD:1;PP=Protein N-term;MT=Variable	NT=Trypsin;AC=MS:1001251	NT=Lys-C;AC=MS:1001309	NT=beam-type collision-induced dissociation;AC=MS:1000422	27 NCE	380	980	4	1	1	20240721_AST5_Evo3_IO5cmL_PS_SC_pSILAC_hFF_Div_71.raw	v1.1.0	NT=ms-proteomics;VV=v1.1.0	NT=human;VV=v1.1.0	NT=cell-lines;VV=v1.1.0	NT=single-cell;VV=v1.0.0	NT=dia-acquisition;VV=v1.1.0	proliferating
hFF_Div_sc_72	Homo sapiens	NT=prepuce of penis;AC=UBERON:0001332	NT=fibroblast;AC=CL:0000057	NT=normal;AC=PATO:0000461	hFF	not available	not available	not available	male	72	single cell	cellenONE	hFF_Div_sc_72	1	proliferating	run 72	proteomic profiling by mass spectrometry	Data-independent acquisition	NT=Orbitrap Astral;AC=MS:1003378	SILAC	NT=Label:13C(6)15N(2);AC=UNIMOD:259;TA=K;MT=Variable	NT=Label:13C(6)15N(4);AC=UNIMOD:267;TA=R;MT=Variable	NT=Oxidation;AC=UNIMOD:35;TA=M;MT=Variable	NT=Acetyl;AC=UNIMOD:1;PP=Protein N-term;MT=Variable	NT=Trypsin;AC=MS:1001251	NT=Lys-C;AC=MS:1001309	NT=beam-type collision-induced dissociation;AC=MS:1000422	27 NCE	380	980	4	1	1	20240721_AST5_Evo3_IO5cmL_PS_SC_pSILAC_hFF_Div_72.raw	v1.1.0	NT=ms-proteomics;VV=v1.1.0	NT=human;VV=v1.1.0	NT=cell-lines;VV=v1.1.0	NT=single-cell;VV=v1.0.0	NT=dia-acquisition;VV=v1.1.0	proliferating
hFF_Div_sc_73	Homo sapiens	NT=prepuce of penis;AC=UBERON:0001332	NT=fibroblast;AC=CL:0000057	NT=normal;AC=PATO:0000461	hFF	not available	not available	not available	male	73	single cell	cellenONE	hFF_Div_sc_73	1	proliferating	run 73	proteomic profiling by mass spectrometry	Data-independent acquisition	NT=Orbitrap Astral;AC=MS:1003378	SILAC	NT=Label:13C(6)15N(2);AC=UNIMOD:259;TA=K;MT=Variable	NT=Label:13C(6)15N(4);AC=UNIMOD:267;TA=R;MT=Variable	NT=Oxidation;AC=UNIMOD:35;TA=M;MT=Variable	NT=Acetyl;AC=UNIMOD:1;PP=Protein N-term;MT=Variable	NT=Trypsin;AC=MS:1001251	NT=Lys-C;AC=MS:1001309	NT=beam-type collision-induced dissociation;AC=MS:1000422	27 NCE	380	980	4	1	1	20240721_AST5_Evo3_IO5cmL_PS_SC_pSILAC_hFF_Div_73.raw	v1.1.0	NT=ms-proteomics;VV=v1.1.0	NT=human;VV=v1.1.0	NT=cell-lines;VV=v1.1.0	NT=single-cell;VV=v1.0.0	NT=dia-acquisition;VV=v1.1.0	proliferating
hFF_Div_sc_74	Homo sapiens	NT=prepuce of penis;AC=UBERON:0001332	NT=fibroblast;AC=CL:0000057	NT=normal;AC=PATO:0000461	hFF	not available	not available	not available	male	74	single cell	cellenONE	hFF_Div_sc_74	1	proliferating	run 74	proteomic profiling by mass spectrometry	Data-independent acquisition	NT=Orbitrap Astral;AC=MS:1003378	SILAC	NT=Label:13C(6)15N(2);AC=UNIMOD:259;TA=K;MT=Variable	NT=Label:13C(6)15N(4);AC=UNIMOD:267;TA=R;MT=Variable	NT=Oxidation;AC=UNIMOD:35;TA=M;MT=Variable	NT=Acetyl;AC=UNIMOD:1;PP=Protein N-term;MT=Variable	NT=Trypsin;AC=MS:1001251	NT=Lys-C;AC=MS:1001309	NT=beam-type collision-induced dissociation;AC=MS:1000422	27 NCE	380	980	4	1	1	20240721_AST5_Evo3_IO5cmL_PS_SC_pSILAC_hFF_Div_74.raw	v1.1.0	NT=ms-proteomics;VV=v1.1.0	NT=human;VV=v1.1.0	NT=cell-lines;VV=v1.1.0	NT=single-cell;VV=v1.0.0	NT=dia-acquisition;VV=v1.1.0	proliferating
hFF_Div_sc_75	Homo sapiens	NT=prepuce of penis;AC=UBERON:0001332	NT=fibroblast;AC=CL:0000057	NT=normal;AC=PATO:0000461	hFF	not available	not available	not available	male	75	single cell	cellenONE	hFF_Div_sc_75	1	proliferating	run 75	proteomic profiling by mass spectrometry	Data-independent acquisition	NT=Orbitrap Astral;AC=MS:1003378	SILAC	NT=Label:13C(6)15N(2);AC=UNIMOD:259;TA=K;MT=Variable	NT=Label:13C(6)15N(4);AC=UNIMOD:267;TA=R;MT=Variable	NT=Oxidation;AC=UNIMOD:35;TA=M;MT=Variable	NT=Acetyl;AC=UNIMOD:1;PP=Protein N-term;MT=Variable	NT=Trypsin;AC=MS:1001251	NT=Lys-C;AC=MS:1001309	NT=beam-type collision-induced dissociation;AC=MS:1000422	27 NCE	380	980	4	1	1	20240721_AST5_Evo3_IO5cmL_PS_SC_pSILAC_hFF_Div_75.raw	v1.1.0	NT=ms-proteomics;VV=v1.1.0	NT=human;VV=v1.1.0	NT=cell-lines;VV=v1.1.0	NT=single-cell;VV=v1.0.0	NT=dia-acquisition;VV=v1.1.0	proliferating
hFF_Div_sc_76	Homo sapiens	NT=prepuce of penis;AC=UBERON:0001332	NT=fibroblast;AC=CL:0000057	NT=normal;AC=PATO:0000461	hFF	not available	not available	not available	male	76	single cell	cellenONE	hFF_Div_sc_76	1	proliferating	run 76	proteomic profiling by mass spectrometry	Data-independent acquisition	NT=Orbitrap Astral;AC=MS:1003378	SILAC	NT=Label:13C(6)15N(2);AC=UNIMOD:259;TA=K;MT=Variable	NT=Label:13C(6)15N(4);AC=UNIMOD:267;TA=R;MT=Variable	NT=Oxidation;AC=UNIMOD:35;TA=M;MT=Variable	NT=Acetyl;AC=UNIMOD:1;PP=Protein N-term;MT=Variable	NT=Trypsin;AC=MS:1001251	NT=Lys-C;AC=MS:1001309	NT=beam-type collision-induced dissociation;AC=MS:1000422	27 NCE	380	980	4	1	1	20240721_AST5_Evo3_IO5cmL_PS_SC_pSILAC_hFF_Div_76.raw	v1.1.0	NT=ms-proteomics;VV=v1.1.0	NT=human;VV=v1.1.0	NT=cell-lines;VV=v1.1.0	NT=single-cell;VV=v1.0.0	NT=dia-acquisition;VV=v1.1.0	proliferating
hFF_Div_sc_77	Homo sapiens	NT=prepuce of penis;AC=UBERON:0001332	NT=fibroblast;AC=CL:0000057	NT=normal;AC=PATO:0000461	hFF	not available	not available	not available	male	77	single cell	cellenONE	hFF_Div_sc_77	1	proliferating	run 77	proteomic profiling by mass spectrometry	Data-independent acquisition	NT=Orbitrap Astral;AC=MS:1003378	SILAC	NT=Label:13C(6)15N(2);AC=UNIMOD:259;TA=K;MT=Variable	NT=Label:13C(6)15N(4);AC=UNIMOD:267;TA=R;MT=Variable	NT=Oxidation;AC=UNIMOD:35;TA=M;MT=Variable	NT=Acetyl;AC=UNIMOD:1;PP=Protein N-term;MT=Variable	NT=Trypsin;AC=MS:1001251	NT=Lys-C;AC=MS:1001309	NT=beam-type collision-induced dissociation;AC=MS:1000422	27 NCE	380	980	4	1	1	20240721_AST5_Evo3_IO5cmL_PS_SC_pSILAC_hFF_Div_77.raw	v1.1.0	NT=ms-proteomics;VV=v1.1.0	NT=human;VV=v1.1.0	NT=cell-lines;VV=v1.1.0	NT=single-cell;VV=v1.0.0	NT=dia-acquisition;VV=v1.1.0	proliferating
hFF_Div_sc_78	Homo sapiens	NT=prepuce of penis;AC=UBERON:0001332	NT=fibroblast;AC=CL:0000057	NT=normal;AC=PATO:0000461	hFF	not available	not available	not available	male	78	single cell	cellenONE	hFF_Div_sc_78	1	proliferating	run 78	proteomic profiling by mass spectrometry	Data-independent acquisition	NT=Orbitrap Astral;AC=MS:1003378	SILAC	NT=Label:13C(6)15N(2);AC=UNIMOD:259;TA=K;MT=Variable	NT=Label:13C(6)15N(4);AC=UNIMOD:267;TA=R;MT=Variable	NT=Oxidation;AC=UNIMOD:35;TA=M;MT=Variable	NT=Acetyl;AC=UNIMOD:1;PP=Protein N-term;MT=Variable	NT=Trypsin;AC=MS:1001251	NT=Lys-C;AC=MS:1001309	NT=beam-type collision-induced dissociation;AC=MS:1000422	27 NCE	380	980	4	1	1	20240721_AST5_Evo3_IO5cmL_PS_SC_pSILAC_hFF_Div_78.raw	v1.1.0	NT=ms-proteomics;VV=v1.1.0	NT=human;VV=v1.1.0	NT=cell-lines;VV=v1.1.0	NT=single-cell;VV=v1.0.0	NT=dia-acquisition;VV=v1.1.0	proliferating
hFF_Div_sc_79	Homo sapiens	NT=prepuce of penis;AC=UBERON:0001332	NT=fibroblast;AC=CL:0000057	NT=normal;AC=PATO:0000461	hFF	not available	not available	not available	male	79	single cell	cellenONE	hFF_Div_sc_79	1	proliferating	run 79	proteomic profiling by mass spectrometry	Data-independent acquisition	NT=Orbitrap Astral;AC=MS:1003378	SILAC	NT=Label:13C(6)15N(2);AC=UNIMOD:259;TA=K;MT=Variable	NT=Label:13C(6)15N(4);AC=UNIMOD:267;TA=R;MT=Variable	NT=Oxidation;AC=UNIMOD:35;TA=M;MT=Variable	NT=Acetyl;AC=UNIMOD:1;PP=Protein N-term;MT=Variable	NT=Trypsin;AC=MS:1001251	NT=Lys-C;AC=MS:1001309	NT=beam-type collision-induced dissociation;AC=MS:1000422	27 NCE	380	980	4	1	1	20240721_AST5_Evo3_IO5cmL_PS_SC_pSILAC_hFF_Div_79.raw	v1.1.0	NT=ms-proteomics;VV=v1.1.0	NT=human;VV=v1.1.0	NT=cell-lines;VV=v1.1.0	NT=single-cell;VV=v1.0.0	NT=dia-acquisition;VV=v1.1.0	proliferating
hFF_Div_sc_80	Homo sapiens	NT=prepuce of penis;AC=UBERON:0001332	NT=fibroblast;AC=CL:0000057	NT=normal;AC=PATO:0000461	hFF	not available	not available	not available	male	80	single cell	cellenONE	hFF_Div_sc_80	1	proliferating	run 80	proteomic profiling by mass spectrometry	Data-independent acquisition	NT=Orbitrap Astral;AC=MS:1003378	SILAC	NT=Label:13C(6)15N(2);AC=UNIMOD:259;TA=K;MT=Variable	NT=Label:13C(6)15N(4);AC=UNIMOD:267;TA=R;MT=Variable	NT=Oxidation;AC=UNIMOD:35;TA=M;MT=Variable	NT=Acetyl;AC=UNIMOD:1;PP=Protein N-term;MT=Variable	NT=Trypsin;AC=MS:1001251	NT=Lys-C;AC=MS:1001309	NT=beam-type collision-induced dissociation;AC=MS:1000422	27 NCE	380	980	4	1	1	20240721_AST5_Evo3_IO5cmL_PS_SC_pSILAC_hFF_Div_80.raw	v1.1.0	NT=ms-proteomics;VV=v1.1.0	NT=human;VV=v1.1.0	NT=cell-lines;VV=v1.1.0	NT=single-cell;VV=v1.0.0	NT=dia-acquisition;VV=v1.1.0	proliferating
hFF_Div_sc_81	Homo sapiens	NT=prepuce of penis;AC=UBERON:0001332	NT=fibroblast;AC=CL:0000057	NT=normal;AC=PATO:0000461	hFF	not available	not available	not available	male	81	single cell	cellenONE	hFF_Div_sc_81	1	proliferating	run 81	proteomic profiling by mass spectrometry	Data-independent acquisition	NT=Orbitrap Astral;AC=MS:1003378	SILAC	NT=Label:13C(6)15N(2);AC=UNIMOD:259;TA=K;MT=Variable	NT=Label:13C(6)15N(4);AC=UNIMOD:267;TA=R;MT=Variable	NT=Oxidation;AC=UNIMOD:35;TA=M;MT=Variable	NT=Acetyl;AC=UNIMOD:1;PP=Protein N-term;MT=Variable	NT=Trypsin;AC=MS:1001251	NT=Lys-C;AC=MS:1001309	NT=beam-type collision-induced dissociation;AC=MS:1000422	27 NCE	380	980	4	1	1	20240721_AST5_Evo3_IO5cmL_PS_SC_pSILAC_hFF_Div_81.raw	v1.1.0	NT=ms-proteomics;VV=v1.1.0	NT=human;VV=v1.1.0	NT=cell-lines;VV=v1.1.0	NT=single-cell;VV=v1.0.0	NT=dia-acquisition;VV=v1.1.0	proliferating
hFF_Div_sc_82	Homo sapiens	NT=prepuce of penis;AC=UBERON:0001332	NT=fibroblast;AC=CL:0000057	NT=normal;AC=PATO:0000461	hFF	not available	not available	not available	male	82	single cell	cellenONE	hFF_Div_sc_82	1	proliferating	run 82	proteomic profiling by mass spectrometry	Data-independent acquisition	NT=Orbitrap Astral;AC=MS:1003378	SILAC	NT=Label:13C(6)15N(2);AC=UNIMOD:259;TA=K;MT=Variable	NT=Label:13C(6)15N(4);AC=UNIMOD:267;TA=R;MT=Variable	NT=Oxidation;AC=UNIMOD:35;TA=M;MT=Variable	NT=Acetyl;AC=UNIMOD:1;PP=Protein N-term;MT=Variable	NT=Trypsin;AC=MS:1001251	NT=Lys-C;AC=MS:1001309	NT=beam-type collision-induced dissociation;AC=MS:1000422	27 NCE	380	980	4	1	1	20240721_AST5_Evo3_IO5cmL_PS_SC_pSILAC_hFF_Div_82.raw	v1.1.0	NT=ms-proteomics;VV=v1.1.0	NT=human;VV=v1.1.0	NT=cell-lines;VV=v1.1.0	NT=single-cell;VV=v1.0.0	NT=dia-acquisition;VV=v1.1.0	proliferating
hFF_Div_sc_83	Homo sapiens	NT=prepuce of penis;AC=UBERON:0001332	NT=fibroblast;AC=CL:0000057	NT=normal;AC=PATO:0000461	hFF	not available	not available	not available	male	83	single cell	cellenONE	hFF_Div_sc_83	1	proliferating	run 83	proteomic profiling by mass spectrometry	Data-independent acquisition	NT=Orbitrap Astral;AC=MS:1003378	SILAC	NT=Label:13C(6)15N(2);AC=UNIMOD:259;TA=K;MT=Variable	NT=Label:13C(6)15N(4);AC=UNIMOD:267;TA=R;MT=Variable	NT=Oxidation;AC=UNIMOD:35;TA=M;MT=Variable	NT=Acetyl;AC=UNIMOD:1;PP=Protein N-term;MT=Variable	NT=Trypsin;AC=MS:1001251	NT=Lys-C;AC=MS:1001309	NT=beam-type collision-induced dissociation;AC=MS:1000422	27 NCE	380	980	4	1	1	20240721_AST5_Evo3_IO5cmL_PS_SC_pSILAC_hFF_Div_83.raw	v1.1.0	NT=ms-proteomics;VV=v1.1.0	NT=human;VV=v1.1.0	NT=cell-lines;VV=v1.1.0	NT=single-cell;VV=v1.0.0	NT=dia-acquisition;VV=v1.1.0	proliferating
hFF_Div_sc_84	Homo sapiens	NT=prepuce of penis;AC=UBERON:0001332	NT=fibroblast;AC=CL:0000057	NT=normal;AC=PATO:0000461	hFF	not available	not available	not available	male	84	single cell	cellenONE	hFF_Div_sc_84	1	proliferating	run 84	proteomic profiling by mass spectrometry	Data-independent acquisition	NT=Orbitrap Astral;AC=MS:1003378	SILAC	NT=Label:13C(6)15N(2);AC=UNIMOD:259;TA=K;MT=Variable	NT=Label:13C(6)15N(4);AC=UNIMOD:267;TA=R;MT=Variable	NT=Oxidation;AC=UNIMOD:35;TA=M;MT=Variable	NT=Acetyl;AC=UNIMOD:1;PP=Protein N-term;MT=Variable	NT=Trypsin;AC=MS:1001251	NT=Lys-C;AC=MS:1001309	NT=beam-type collision-induced dissociation;AC=MS:1000422	27 NCE	380	980	4	1	1	20240721_AST5_Evo3_IO5cmL_PS_SC_pSILAC_hFF_Div_84.raw	v1.1.0	NT=ms-proteomics;VV=v1.1.0	NT=human;VV=v1.1.0	NT=cell-lines;VV=v1.1.0	NT=single-cell;VV=v1.0.0	NT=dia-acquisition;VV=v1.1.0	proliferating
hFF_Div_sc_85	Homo sapiens	NT=prepuce of penis;AC=UBERON:0001332	NT=fibroblast;AC=CL:0000057	NT=normal;AC=PATO:0000461	hFF	not available	not available	not available	male	85	single cell	cellenONE	hFF_Div_sc_85	1	proliferating	run 85	proteomic profiling by mass spectrometry	Data-independent acquisition	NT=Orbitrap Astral;AC=MS:1003378	SILAC	NT=Label:13C(6)15N(2);AC=UNIMOD:259;TA=K;MT=Variable	NT=Label:13C(6)15N(4);AC=UNIMOD:267;TA=R;MT=Variable	NT=Oxidation;AC=UNIMOD:35;TA=M;MT=Variable	NT=Acetyl;AC=UNIMOD:1;PP=Protein N-term;MT=Variable	NT=Trypsin;AC=MS:1001251	NT=Lys-C;AC=MS:1001309	NT=beam-type collision-induced dissociation;AC=MS:1000422	27 NCE	380	980	4	1	1	20240721_AST5_Evo3_IO5cmL_PS_SC_pSILAC_hFF_Div_85.raw	v1.1.0	NT=ms-proteomics;VV=v1.1.0	NT=human;VV=v1.1.0	NT=cell-lines;VV=v1.1.0	NT=single-cell;VV=v1.0.0	NT=dia-acquisition;VV=v1.1.0	proliferating
hFF_Div_sc_86	Homo sapiens	NT=prepuce of penis;AC=UBERON:0001332	NT=fibroblast;AC=CL:0000057	NT=normal;AC=PATO:0000461	hFF	not available	not available	not available	male	86	single cell	cellenONE	hFF_Div_sc_86	1	proliferating	run 86	proteomic profiling by mass spectrometry	Data-independent acquisition	NT=Orbitrap Astral;AC=MS:1003378	SILAC	NT=Label:13C(6)15N(2);AC=UNIMOD:259;TA=K;MT=Variable	NT=Label:13C(6)15N(4);AC=UNIMOD:267;TA=R;MT=Variable	NT=Oxidation;AC=UNIMOD:35;TA=M;MT=Variable	NT=Acetyl;AC=UNIMOD:1;PP=Protein N-term;MT=Variable	NT=Trypsin;AC=MS:1001251	NT=Lys-C;AC=MS:1001309	NT=beam-type collision-induced dissociation;AC=MS:1000422	27 NCE	380	980	4	1	1	20240721_AST5_Evo3_IO5cmL_PS_SC_pSILAC_hFF_Div_86.raw	v1.1.0	NT=ms-proteomics;VV=v1.1.0	NT=human;VV=v1.1.0	NT=cell-lines;VV=v1.1.0	NT=single-cell;VV=v1.0.0	NT=dia-acquisition;VV=v1.1.0	proliferating
hFF_Div_sc_87	Homo sapiens	NT=prepuce of penis;AC=UBERON:0001332	NT=fibroblast;AC=CL:0000057	NT=normal;AC=PATO:0000461	hFF	not available	not available	not available	male	87	single cell	cellenONE	hFF_Div_sc_87	1	proliferating	run 87	proteomic profiling by mass spectrometry	Data-independent acquisition	NT=Orbitrap Astral;AC=MS:1003378	SILAC	NT=Label:13C(6)15N(2);AC=UNIMOD:259;TA=K;MT=Variable	NT=Label:13C(6)15N(4);AC=UNIMOD:267;TA=R;MT=Variable	NT=Oxidation;AC=UNIMOD:35;TA=M;MT=Variable	NT=Acetyl;AC=UNIMOD:1;PP=Protein N-term;MT=Variable	NT=Trypsin;AC=MS:1001251	NT=Lys-C;AC=MS:1001309	NT=beam-type collision-induced dissociation;AC=MS:1000422	27 NCE	380	980	4	1	1	20240721_AST5_Evo3_IO5cmL_PS_SC_pSILAC_hFF_Div_87.raw	v1.1.0	NT=ms-proteomics;VV=v1.1.0	NT=human;VV=v1.1.0	NT=cell-lines;VV=v1.1.0	NT=single-cell;VV=v1.0.0	NT=dia-acquisition;VV=v1.1.0	proliferating
hFF_Div_sc_88	Homo sapiens	NT=prepuce of penis;AC=UBERON:0001332	NT=fibroblast;AC=CL:0000057	NT=normal;AC=PATO:0000461	hFF	not available	not available	not available	male	88	single cell	cellenONE	hFF_Div_sc_88	1	proliferating	run 88	proteomic profiling by mass spectrometry	Data-independent acquisition	NT=Orbitrap Astral;AC=MS:1003378	SILAC	NT=Label:13C(6)15N(2);AC=UNIMOD:259;TA=K;MT=Variable	NT=Label:13C(6)15N(4);AC=UNIMOD:267;TA=R;MT=Variable	NT=Oxidation;AC=UNIMOD:35;TA=M;MT=Variable	NT=Acetyl;AC=UNIMOD:1;PP=Protein N-term;MT=Variable	NT=Trypsin;AC=MS:1001251	NT=Lys-C;AC=MS:1001309	NT=beam-type collision-induced dissociation;AC=MS:1000422	27 NCE	380	980	4	1	1	20240721_AST5_Evo3_IO5cmL_PS_SC_pSILAC_hFF_Div_88.raw	v1.1.0	NT=ms-proteomics;VV=v1.1.0	NT=human;VV=v1.1.0	NT=cell-lines;VV=v1.1.0	NT=single-cell;VV=v1.0.0	NT=dia-acquisition;VV=v1.1.0	proliferating
hFF_Div_sc_89	Homo sapiens	NT=prepuce of penis;AC=UBERON:0001332	NT=fibroblast;AC=CL:0000057	NT=normal;AC=PATO:0000461	hFF	not available	not available	not available	male	89	single cell	cellenONE	hFF_Div_sc_89	1	proliferating	run 89	proteomic profiling by mass spectrometry	Data-independent acquisition	NT=Orbitrap Astral;AC=MS:1003378	SILAC	NT=Label:13C(6)15N(2);AC=UNIMOD:259;TA=K;MT=Variable	NT=Label:13C(6)15N(4);AC=UNIMOD:267;TA=R;MT=Variable	NT=Oxidation;AC=UNIMOD:35;TA=M;MT=Variable	NT=Acetyl;AC=UNIMOD:1;PP=Protein N-term;MT=Variable	NT=Trypsin;AC=MS:1001251	NT=Lys-C;AC=MS:1001309	NT=beam-type collision-induced dissociation;AC=MS:1000422	27 NCE	380	980	4	1	1	20240721_AST5_Evo3_IO5cmL_PS_SC_pSILAC_hFF_Div_89.raw	v1.1.0	NT=ms-proteomics;VV=v1.1.0	NT=human;VV=v1.1.0	NT=cell-lines;VV=v1.1.0	NT=single-cell;VV=v1.0.0	NT=dia-acquisition;VV=v1.1.0	proliferating
hFF_Div_sc_90	Homo sapiens	NT=prepuce of penis;AC=UBERON:0001332	NT=fibroblast;AC=CL:0000057	NT=normal;AC=PATO:0000461	hFF	not available	not available	not available	male	90	single cell	cellenONE	hFF_Div_sc_90	1	proliferating	run 90	proteomic profiling by mass spectrometry	Data-independent acquisition	NT=Orbitrap Astral;AC=MS:1003378	SILAC	NT=Label:13C(6)15N(2);AC=UNIMOD:259;TA=K;MT=Variable	NT=Label:13C(6)15N(4);AC=UNIMOD:267;TA=R;MT=Variable	NT=Oxidation;AC=UNIMOD:35;TA=M;MT=Variable	NT=Acetyl;AC=UNIMOD:1;PP=Protein N-term;MT=Variable	NT=Trypsin;AC=MS:1001251	NT=Lys-C;AC=MS:1001309	NT=beam-type collision-induced dissociation;AC=MS:1000422	27 NCE	380	980	4	1	1	20240721_AST5_Evo3_IO5cmL_PS_SC_pSILAC_hFF_Div_90.raw	v1.1.0	NT=ms-proteomics;VV=v1.1.0	NT=human;VV=v1.1.0	NT=cell-lines;VV=v1.1.0	NT=single-cell;VV=v1.0.0	NT=dia-acquisition;VV=v1.1.0	proliferating
hFF_Div_sc_91	Homo sapiens	NT=prepuce of penis;AC=UBERON:0001332	NT=fibroblast;AC=CL:0000057	NT=normal;AC=PATO:0000461	hFF	not available	not available	not available	male	91	single cell	cellenONE	hFF_Div_sc_91	1	proliferating	run 91	proteomic profiling by mass spectrometry	Data-independent acquisition	NT=Orbitrap Astral;AC=MS:1003378	SILAC	NT=Label:13C(6)15N(2);AC=UNIMOD:259;TA=K;MT=Variable	NT=Label:13C(6)15N(4);AC=UNIMOD:267;TA=R;MT=Variable	NT=Oxidation;AC=UNIMOD:35;TA=M;MT=Variable	NT=Acetyl;AC=UNIMOD:1;PP=Protein N-term;MT=Variable	NT=Trypsin;AC=MS:1001251	NT=Lys-C;AC=MS:1001309	NT=beam-type collision-induced dissociation;AC=MS:1000422	27 NCE	380	980	4	1	1	20240721_AST5_Evo3_IO5cmL_PS_SC_pSILAC_hFF_Div_91.raw	v1.1.0	NT=ms-proteomics;VV=v1.1.0	NT=human;VV=v1.1.0	NT=cell-lines;VV=v1.1.0	NT=single-cell;VV=v1.0.0	NT=dia-acquisition;VV=v1.1.0	proliferating
hFF_Div_sc_92	Homo sapiens	NT=prepuce of penis;AC=UBERON:0001332	NT=fibroblast;AC=CL:0000057	NT=normal;AC=PATO:0000461	hFF	not available	not available	not available	male	92	single cell	cellenONE	hFF_Div_sc_92	1	proliferating	run 92	proteomic profiling by mass spectrometry	Data-independent acquisition	NT=Orbitrap Astral;AC=MS:1003378	SILAC	NT=Label:13C(6)15N(2);AC=UNIMOD:259;TA=K;MT=Variable	NT=Label:13C(6)15N(4);AC=UNIMOD:267;TA=R;MT=Variable	NT=Oxidation;AC=UNIMOD:35;TA=M;MT=Variable	NT=Acetyl;AC=UNIMOD:1;PP=Protein N-term;MT=Variable	NT=Trypsin;AC=MS:1001251	NT=Lys-C;AC=MS:1001309	NT=beam-type collision-induced dissociation;AC=MS:1000422	27 NCE	380	980	4	1	1	20240721_AST5_Evo3_IO5cmL_PS_SC_pSILAC_hFF_Div_92.raw	v1.1.0	NT=ms-proteomics;VV=v1.1.0	NT=human;VV=v1.1.0	NT=cell-lines;VV=v1.1.0	NT=single-cell;VV=v1.0.0	NT=dia-acquisition;VV=v1.1.0	proliferating
hFF_Div_sc_93	Homo sapiens	NT=prepuce of penis;AC=UBERON:0001332	NT=fibroblast;AC=CL:0000057	NT=normal;AC=PATO:0000461	hFF	not available	not available	not available	male	93	single cell	cellenONE	hFF_Div_sc_93	1	proliferating	run 93	proteomic profiling by mass spectrometry	Data-independent acquisition	NT=Orbitrap Astral;AC=MS:1003378	SILAC	NT=Label:13C(6)15N(2);AC=UNIMOD:259;TA=K;MT=Variable	NT=Label:13C(6)15N(4);AC=UNIMOD:267;TA=R;MT=Variable	NT=Oxidation;AC=UNIMOD:35;TA=M;MT=Variable	NT=Acetyl;AC=UNIMOD:1;PP=Protein N-term;MT=Variable	NT=Trypsin;AC=MS:1001251	NT=Lys-C;AC=MS:1001309	NT=beam-type collision-induced dissociation;AC=MS:1000422	27 NCE	380	980	4	1	1	20240721_AST5_Evo3_IO5cmL_PS_SC_pSILAC_hFF_Div_93.raw	v1.1.0	NT=ms-proteomics;VV=v1.1.0	NT=human;VV=v1.1.0	NT=cell-lines;VV=v1.1.0	NT=single-cell;VV=v1.0.0	NT=dia-acquisition;VV=v1.1.0	proliferating
hFF_Div_sc_94	Homo sapiens	NT=prepuce of penis;AC=UBERON:0001332	NT=fibroblast;AC=CL:0000057	NT=normal;AC=PATO:0000461	hFF	not available	not available	not available	male	94	single cell	cellenONE	hFF_Div_sc_94	1	proliferating	run 94	proteomic profiling by mass spectrometry	Data-independent acquisition	NT=Orbitrap Astral;AC=MS:1003378	SILAC	NT=Label:13C(6)15N(2);AC=UNIMOD:259;TA=K;MT=Variable	NT=Label:13C(6)15N(4);AC=UNIMOD:267;TA=R;MT=Variable	NT=Oxidation;AC=UNIMOD:35;TA=M;MT=Variable	NT=Acetyl;AC=UNIMOD:1;PP=Protein N-term;MT=Variable	NT=Trypsin;AC=MS:1001251	NT=Lys-C;AC=MS:1001309	NT=beam-type collision-induced dissociation;AC=MS:1000422	27 NCE	380	980	4	1	1	20240721_AST5_Evo3_IO5cmL_PS_SC_pSILAC_hFF_Div_94.raw	v1.1.0	NT=ms-proteomics;VV=v1.1.0	NT=human;VV=v1.1.0	NT=cell-lines;VV=v1.1.0	NT=single-cell;VV=v1.0.0	NT=dia-acquisition;VV=v1.1.0	proliferating
hFF_Div_sc_95	Homo sapiens	NT=prepuce of penis;AC=UBERON:0001332	NT=fibroblast;AC=CL:0000057	NT=normal;AC=PATO:0000461	hFF	not available	not available	not available	male	95	single cell	cellenONE	hFF_Div_sc_95	1	proliferating	run 95	proteomic profiling by mass spectrometry	Data-independent acquisition	NT=Orbitrap Astral;AC=MS:1003378	SILAC	NT=Label:13C(6)15N(2);AC=UNIMOD:259;TA=K;MT=Variable	NT=Label:13C(6)15N(4);AC=UNIMOD:267;TA=R;MT=Variable	NT=Oxidation;AC=UNIMOD:35;TA=M;MT=Variable	NT=Acetyl;AC=UNIMOD:1;PP=Protein N-term;MT=Variable	NT=Trypsin;AC=MS:1001251	NT=Lys-C;AC=MS:1001309	NT=beam-type collision-induced dissociation;AC=MS:1000422	27 NCE	380	980	4	1	1	20240721_AST5_Evo3_IO5cmL_PS_SC_pSILAC_hFF_Div_95.raw	v1.1.0	NT=ms-proteomics;VV=v1.1.0	NT=human;VV=v1.1.0	NT=cell-lines;VV=v1.1.0	NT=single-cell;VV=v1.0.0	NT=dia-acquisition;VV=v1.1.0	proliferating
hFF_Div_sc_96	Homo sapiens	NT=prepuce of penis;AC=UBERON:0001332	NT=fibroblast;AC=CL:0000057	NT=normal;AC=PATO:0000461	hFF	not available	not available	not available	male	96	single cell	cellenONE	hFF_Div_sc_96	1	proliferating	run 96	proteomic profiling by mass spectrometry	Data-independent acquisition	NT=Orbitrap Astral;AC=MS:1003378	SILAC	NT=Label:13C(6)15N(2);AC=UNIMOD:259;TA=K;MT=Variable	NT=Label:13C(6)15N(4);AC=UNIMOD:267;TA=R;MT=Variable	NT=Oxidation;AC=UNIMOD:35;TA=M;MT=Variable	NT=Acetyl;AC=UNIMOD:1;PP=Protein N-term;MT=Variable	NT=Trypsin;AC=MS:1001251	NT=Lys-C;AC=MS:1001309	NT=beam-type collision-induced dissociation;AC=MS:1000422	27 NCE	380	980	4	1	1	20240721_AST5_Evo3_IO5cmL_PS_SC_pSILAC_hFF_Div_96.raw	v1.1.0	NT=ms-proteomics;VV=v1.1.0	NT=human;VV=v1.1.0	NT=cell-lines;VV=v1.1.0	NT=single-cell;VV=v1.0.0	NT=dia-acquisition;VV=v1.1.0	proliferating
hFF_Div_sc_97	Homo sapiens	NT=prepuce of penis;AC=UBERON:0001332	NT=fibroblast;AC=CL:0000057	NT=normal;AC=PATO:0000461	hFF	not available	not available	not available	male	97	single cell	cellenONE	hFF_Div_sc_97	1	proliferating	run 97	proteomic profiling by mass spectrometry	Data-independent acquisition	NT=Orbitrap Astral;AC=MS:1003378	SILAC	NT=Label:13C(6)15N(2);AC=UNIMOD:259;TA=K;MT=Variable	NT=Label:13C(6)15N(4);AC=UNIMOD:267;TA=R;MT=Variable	NT=Oxidation;AC=UNIMOD:35;TA=M;MT=Variable	NT=Acetyl;AC=UNIMOD:1;PP=Protein N-term;MT=Variable	NT=Trypsin;AC=MS:1001251	NT=Lys-C;AC=MS:1001309	NT=beam-type collision-induced dissociation;AC=MS:1000422	27 NCE	380	980	4	1	1	20240721_AST5_Evo3_IO5cmL_PS_SC_pSILAC_hFF_Div_97.raw	v1.1.0	NT=ms-proteomics;VV=v1.1.0	NT=human;VV=v1.1.0	NT=cell-lines;VV=v1.1.0	NT=single-cell;VV=v1.0.0	NT=dia-acquisition;VV=v1.1.0	proliferating
hFF_Div_sc_98	Homo sapiens	NT=prepuce of penis;AC=UBERON:0001332	NT=fibroblast;AC=CL:0000057	NT=normal;AC=PATO:0000461	hFF	not available	not available	not available	male	98	single cell	cellenONE	hFF_Div_sc_98	1	proliferating	run 98	proteomic profiling by mass spectrometry	Data-independent acquisition	NT=Orbitrap Astral;AC=MS:1003378	SILAC	NT=Label:13C(6)15N(2);AC=UNIMOD:259;TA=K;MT=Variable	NT=Label:13C(6)15N(4);AC=UNIMOD:267;TA=R;MT=Variable	NT=Oxidation;AC=UNIMOD:35;TA=M;MT=Variable	NT=Acetyl;AC=UNIMOD:1;PP=Protein N-term;MT=Variable	NT=Trypsin;AC=MS:1001251	NT=Lys-C;AC=MS:1001309	NT=beam-type collision-induced dissociation;AC=MS:1000422	27 NCE	380	980	4	1	1	20240721_AST5_Evo3_IO5cmL_PS_SC_pSILAC_hFF_Div_98.raw	v1.1.0	NT=ms-proteomics;VV=v1.1.0	NT=human;VV=v1.1.0	NT=cell-lines;VV=v1.1.0	NT=single-cell;VV=v1.0.0	NT=dia-acquisition;VV=v1.1.0	proliferating
hFF_Div_sc_99	Homo sapiens	NT=prepuce of penis;AC=UBERON:0001332	NT=fibroblast;AC=CL:0000057	NT=normal;AC=PATO:0000461	hFF	not available	not available	not available	male	99	single cell	cellenONE	hFF_Div_sc_99	1	proliferating	run 99	proteomic profiling by mass spectrometry	Data-independent acquisition	NT=Orbitrap Astral;AC=MS:1003378	SILAC	NT=Label:13C(6)15N(2);AC=UNIMOD:259;TA=K;MT=Variable	NT=Label:13C(6)15N(4);AC=UNIMOD:267;TA=R;MT=Variable	NT=Oxidation;AC=UNIMOD:35;TA=M;MT=Variable	NT=Acetyl;AC=UNIMOD:1;PP=Protein N-term;MT=Variable	NT=Trypsin;AC=MS:1001251	NT=Lys-C;AC=MS:1001309	NT=beam-type collision-induced dissociation;AC=MS:1000422	27 NCE	380	980	4	1	1	20240721_AST5_Evo3_IO5cmL_PS_SC_pSILAC_hFF_Div_99.raw	v1.1.0	NT=ms-proteomics;VV=v1.1.0	NT=human;VV=v1.1.0	NT=cell-lines;VV=v1.1.0	NT=single-cell;VV=v1.0.0	NT=dia-acquisition;VV=v1.1.0	proliferating
hFF_Div_sc_100	Homo sapiens	NT=prepuce of penis;AC=UBERON:0001332	NT=fibroblast;AC=CL:0000057	NT=normal;AC=PATO:0000461	hFF	not available	not available	not available	male	100	single cell	cellenONE	hFF_Div_sc_100	1	proliferating	run 100	proteomic profiling by mass spectrometry	Data-independent acquisition	NT=Orbitrap Astral;AC=MS:1003378	SILAC	NT=Label:13C(6)15N(2);AC=UNIMOD:259;TA=K;MT=Variable	NT=Label:13C(6)15N(4);AC=UNIMOD:267;TA=R;MT=Variable	NT=Oxidation;AC=UNIMOD:35;TA=M;MT=Variable	NT=Acetyl;AC=UNIMOD:1;PP=Protein N-term;MT=Variable	NT=Trypsin;AC=MS:1001251	NT=Lys-C;AC=MS:1001309	NT=beam-type collision-induced dissociation;AC=MS:1000422	27 NCE	380	980	4	1	1	20240721_AST5_Evo3_IO5cmL_PS_SC_pSILAC_hFF_Div_100.raw	v1.1.0	NT=ms-proteomics;VV=v1.1.0	NT=human;VV=v1.1.0	NT=cell-lines;VV=v1.1.0	NT=single-cell;VV=v1.0.0	NT=dia-acquisition;VV=v1.1.0	proliferating
hFF_Div_sc_101	Homo sapiens	NT=prepuce of penis;AC=UBERON:0001332	NT=fibroblast;AC=CL:0000057	NT=normal;AC=PATO:0000461	hFF	not available	not available	not available	male	101	single cell	cellenONE	hFF_Div_sc_101	1	proliferating	run 101	proteomic profiling by mass spectrometry	Data-independent acquisition	NT=Orbitrap Astral;AC=MS:1003378	SILAC	NT=Label:13C(6)15N(2);AC=UNIMOD:259;TA=K;MT=Variable	NT=Label:13C(6)15N(4);AC=UNIMOD:267;TA=R;MT=Variable	NT=Oxidation;AC=UNIMOD:35;TA=M;MT=Variable	NT=Acetyl;AC=UNIMOD:1;PP=Protein N-term;MT=Variable	NT=Trypsin;AC=MS:1001251	NT=Lys-C;AC=MS:1001309	NT=beam-type collision-induced dissociation;AC=MS:1000422	27 NCE	380	980	4	1	1	20240721_AST5_Evo3_IO5cmL_PS_SC_pSILAC_hFF_Div_101.raw	v1.1.0	NT=ms-proteomics;VV=v1.1.0	NT=human;VV=v1.1.0	NT=cell-lines;VV=v1.1.0	NT=single-cell;VV=v1.0.0	NT=dia-acquisition;VV=v1.1.0	proliferating
hFF_Div_sc_102	Homo sapiens	NT=prepuce of penis;AC=UBERON:0001332	NT=fibroblast;AC=CL:0000057	NT=normal;AC=PATO:0000461	hFF	not available	not available	not available	male	102	single cell	cellenONE	hFF_Div_sc_102	1	proliferating	run 102	proteomic profiling by mass spectrometry	Data-independent acquisition	NT=Orbitrap Astral;AC=MS:1003378	SILAC	NT=Label:13C(6)15N(2);AC=UNIMOD:259;TA=K;MT=Variable	NT=Label:13C(6)15N(4);AC=UNIMOD:267;TA=R;MT=Variable	NT=Oxidation;AC=UNIMOD:35;TA=M;MT=Variable	NT=Acetyl;AC=UNIMOD:1;PP=Protein N-term;MT=Variable	NT=Trypsin;AC=MS:1001251	NT=Lys-C;AC=MS:1001309	NT=beam-type collision-induced dissociation;AC=MS:1000422	27 NCE	380	980	4	1	1	20240721_AST5_Evo3_IO5cmL_PS_SC_pSILAC_hFF_Div_102.raw	v1.1.0	NT=ms-proteomics;VV=v1.1.0	NT=human;VV=v1.1.0	NT=cell-lines;VV=v1.1.0	NT=single-cell;VV=v1.0.0	NT=dia-acquisition;VV=v1.1.0	proliferating
hFF_Div_sc_103	Homo sapiens	NT=prepuce of penis;AC=UBERON:0001332	NT=fibroblast;AC=CL:0000057	NT=normal;AC=PATO:0000461	hFF	not available	not available	not available	male	103	single cell	cellenONE	hFF_Div_sc_103	1	proliferating	run 103	proteomic profiling by mass spectrometry	Data-independent acquisition	NT=Orbitrap Astral;AC=MS:1003378	SILAC	NT=Label:13C(6)15N(2);AC=UNIMOD:259;TA=K;MT=Variable	NT=Label:13C(6)15N(4);AC=UNIMOD:267;TA=R;MT=Variable	NT=Oxidation;AC=UNIMOD:35;TA=M;MT=Variable	NT=Acetyl;AC=UNIMOD:1;PP=Protein N-term;MT=Variable	NT=Trypsin;AC=MS:1001251	NT=Lys-C;AC=MS:1001309	NT=beam-type collision-induced dissociation;AC=MS:1000422	27 NCE	380	980	4	1	1	20240721_AST5_Evo3_IO5cmL_PS_SC_pSILAC_hFF_Div_103.raw	v1.1.0	NT=ms-proteomics;VV=v1.1.0	NT=human;VV=v1.1.0	NT=cell-lines;VV=v1.1.0	NT=single-cell;VV=v1.0.0	NT=dia-acquisition;VV=v1.1.0	proliferating
hFF_Div_sc_104	Homo sapiens	NT=prepuce of penis;AC=UBERON:0001332	NT=fibroblast;AC=CL:0000057	NT=normal;AC=PATO:0000461	hFF	not available	not available	not available	male	104	single cell	cellenONE	hFF_Div_sc_104	1	proliferating	run 104	proteomic profiling by mass spectrometry	Data-independent acquisition	NT=Orbitrap Astral;AC=MS:1003378	SILAC	NT=Label:13C(6)15N(2);AC=UNIMOD:259;TA=K;MT=Variable	NT=Label:13C(6)15N(4);AC=UNIMOD:267;TA=R;MT=Variable	NT=Oxidation;AC=UNIMOD:35;TA=M;MT=Variable	NT=Acetyl;AC=UNIMOD:1;PP=Protein N-term;MT=Variable	NT=Trypsin;AC=MS:1001251	NT=Lys-C;AC=MS:1001309	NT=beam-type collision-induced dissociation;AC=MS:1000422	27 NCE	380	980	4	1	1	20240721_AST5_Evo3_IO5cmL_PS_SC_pSILAC_hFF_Div_104.raw	v1.1.0	NT=ms-proteomics;VV=v1.1.0	NT=human;VV=v1.1.0	NT=cell-lines;VV=v1.1.0	NT=single-cell;VV=v1.0.0	NT=dia-acquisition;VV=v1.1.0	proliferating
hFF_Div_sc_105	Homo sapiens	NT=prepuce of penis;AC=UBERON:0001332	NT=fibroblast;AC=CL:0000057	NT=normal;AC=PATO:0000461	hFF	not available	not available	not available	male	105	single cell	cellenONE	hFF_Div_sc_105	1	proliferating	run 105	proteomic profiling by mass spectrometry	Data-independent acquisition	NT=Orbitrap Astral;AC=MS:1003378	SILAC	NT=Label:13C(6)15N(2);AC=UNIMOD:259;TA=K;MT=Variable	NT=Label:13C(6)15N(4);AC=UNIMOD:267;TA=R;MT=Variable	NT=Oxidation;AC=UNIMOD:35;TA=M;MT=Variable	NT=Acetyl;AC=UNIMOD:1;PP=Protein N-term;MT=Variable	NT=Trypsin;AC=MS:1001251	NT=Lys-C;AC=MS:1001309	NT=beam-type collision-induced dissociation;AC=MS:1000422	27 NCE	380	980	4	1	1	20240721_AST5_Evo3_IO5cmL_PS_SC_pSILAC_hFF_Div_105.raw	v1.1.0	NT=ms-proteomics;VV=v1.1.0	NT=human;VV=v1.1.0	NT=cell-lines;VV=v1.1.0	NT=single-cell;VV=v1.0.0	NT=dia-acquisition;VV=v1.1.0	proliferating
hFF_Div_sc_106	Homo sapiens	NT=prepuce of penis;AC=UBERON:0001332	NT=fibroblast;AC=CL:0000057	NT=normal;AC=PATO:0000461	hFF	not available	not available	not available	male	106	single cell	cellenONE	hFF_Div_sc_106	1	proliferating	run 106	proteomic profiling by mass spectrometry	Data-independent acquisition	NT=Orbitrap Astral;AC=MS:1003378	SILAC	NT=Label:13C(6)15N(2);AC=UNIMOD:259;TA=K;MT=Variable	NT=Label:13C(6)15N(4);AC=UNIMOD:267;TA=R;MT=Variable	NT=Oxidation;AC=UNIMOD:35;TA=M;MT=Variable	NT=Acetyl;AC=UNIMOD:1;PP=Protein N-term;MT=Variable	NT=Trypsin;AC=MS:1001251	NT=Lys-C;AC=MS:1001309	NT=beam-type collision-induced dissociation;AC=MS:1000422	27 NCE	380	980	4	1	1	20240721_AST5_Evo3_IO5cmL_PS_SC_pSILAC_hFF_Div_106.raw	v1.1.0	NT=ms-proteomics;VV=v1.1.0	NT=human;VV=v1.1.0	NT=cell-lines;VV=v1.1.0	NT=single-cell;VV=v1.0.0	NT=dia-acquisition;VV=v1.1.0	proliferating
hFF_Div_sc_107	Homo sapiens	NT=prepuce of penis;AC=UBERON:0001332	NT=fibroblast;AC=CL:0000057	NT=normal;AC=PATO:0000461	hFF	not available	not available	not available	male	107	single cell	cellenONE	hFF_Div_sc_107	1	proliferating	run 107	proteomic profiling by mass spectrometry	Data-independent acquisition	NT=Orbitrap Astral;AC=MS:1003378	SILAC	NT=Label:13C(6)15N(2);AC=UNIMOD:259;TA=K;MT=Variable	NT=Label:13C(6)15N(4);AC=UNIMOD:267;TA=R;MT=Variable	NT=Oxidation;AC=UNIMOD:35;TA=M;MT=Variable	NT=Acetyl;AC=UNIMOD:1;PP=Protein N-term;MT=Variable	NT=Trypsin;AC=MS:1001251	NT=Lys-C;AC=MS:1001309	NT=beam-type collision-induced dissociation;AC=MS:1000422	27 NCE	380	980	4	1	1	20240721_AST5_Evo3_IO5cmL_PS_SC_pSILAC_hFF_Div_107.raw	v1.1.0	NT=ms-proteomics;VV=v1.1.0	NT=human;VV=v1.1.0	NT=cell-lines;VV=v1.1.0	NT=single-cell;VV=v1.0.0	NT=dia-acquisition;VV=v1.1.0	proliferating
hFF_Div_sc_108	Homo sapiens	NT=prepuce of penis;AC=UBERON:0001332	NT=fibroblast;AC=CL:0000057	NT=normal;AC=PATO:0000461	hFF	not available	not available	not available	male	108	single cell	cellenONE	hFF_Div_sc_108	1	proliferating	run 108	proteomic profiling by mass spectrometry	Data-independent acquisition	NT=Orbitrap Astral;AC=MS:1003378	SILAC	NT=Label:13C(6)15N(2);AC=UNIMOD:259;TA=K;MT=Variable	NT=Label:13C(6)15N(4);AC=UNIMOD:267;TA=R;MT=Variable	NT=Oxidation;AC=UNIMOD:35;TA=M;MT=Variable	NT=Acetyl;AC=UNIMOD:1;PP=Protein N-term;MT=Variable	NT=Trypsin;AC=MS:1001251	NT=Lys-C;AC=MS:1001309	NT=beam-type collision-induced dissociation;AC=MS:1000422	27 NCE	380	980	4	1	1	20240721_AST5_Evo3_IO5cmL_PS_SC_pSILAC_hFF_Div_108.raw	v1.1.0	NT=ms-proteomics;VV=v1.1.0	NT=human;VV=v1.1.0	NT=cell-lines;VV=v1.1.0	NT=single-cell;VV=v1.0.0	NT=dia-acquisition;VV=v1.1.0	proliferating
hFF_Div_sc_109	Homo sapiens	NT=prepuce of penis;AC=UBERON:0001332	NT=fibroblast;AC=CL:0000057	NT=normal;AC=PATO:0000461	hFF	not available	not available	not available	male	109	single cell	cellenONE	hFF_Div_sc_109	1	proliferating	run 109	proteomic profiling by mass spectrometry	Data-independent acquisition	NT=Orbitrap Astral;AC=MS:1003378	SILAC	NT=Label:13C(6)15N(2);AC=UNIMOD:259;TA=K;MT=Variable	NT=Label:13C(6)15N(4);AC=UNIMOD:267;TA=R;MT=Variable	NT=Oxidation;AC=UNIMOD:35;TA=M;MT=Variable	NT=Acetyl;AC=UNIMOD:1;PP=Protein N-term;MT=Variable	NT=Trypsin;AC=MS:1001251	NT=Lys-C;AC=MS:1001309	NT=beam-type collision-induced dissociation;AC=MS:1000422	27 NCE	380	980	4	1	1	20240721_AST5_Evo3_IO5cmL_PS_SC_pSILAC_hFF_Div_109.raw	v1.1.0	NT=ms-proteomics;VV=v1.1.0	NT=human;VV=v1.1.0	NT=cell-lines;VV=v1.1.0	NT=single-cell;VV=v1.0.0	NT=dia-acquisition;VV=v1.1.0	proliferating
hFF_Div_sc_110	Homo sapiens	NT=prepuce of penis;AC=UBERON:0001332	NT=fibroblast;AC=CL:0000057	NT=normal;AC=PATO:0000461	hFF	not available	not available	not available	male	110	single cell	cellenONE	hFF_Div_sc_110	1	proliferating	run 110	proteomic profiling by mass spectrometry	Data-independent acquisition	NT=Orbitrap Astral;AC=MS:1003378	SILAC	NT=Label:13C(6)15N(2);AC=UNIMOD:259;TA=K;MT=Variable	NT=Label:13C(6)15N(4);AC=UNIMOD:267;TA=R;MT=Variable	NT=Oxidation;AC=UNIMOD:35;TA=M;MT=Variable	NT=Acetyl;AC=UNIMOD:1;PP=Protein N-term;MT=Variable	NT=Trypsin;AC=MS:1001251	NT=Lys-C;AC=MS:1001309	NT=beam-type collision-induced dissociation;AC=MS:1000422	27 NCE	380	980	4	1	1	20240721_AST5_Evo3_IO5cmL_PS_SC_pSILAC_hFF_Div_110.raw	v1.1.0	NT=ms-proteomics;VV=v1.1.0	NT=human;VV=v1.1.0	NT=cell-lines;VV=v1.1.0	NT=single-cell;VV=v1.0.0	NT=dia-acquisition;VV=v1.1.0	proliferating
hFF_Div_sc_111	Homo sapiens	NT=prepuce of penis;AC=UBERON:0001332	NT=fibroblast;AC=CL:0000057	NT=normal;AC=PATO:0000461	hFF	not available	not available	not available	male	111	single cell	cellenONE	hFF_Div_sc_111	1	proliferating	run 111	proteomic profiling by mass spectrometry	Data-independent acquisition	NT=Orbitrap Astral;AC=MS:1003378	SILAC	NT=Label:13C(6)15N(2);AC=UNIMOD:259;TA=K;MT=Variable	NT=Label:13C(6)15N(4);AC=UNIMOD:267;TA=R;MT=Variable	NT=Oxidation;AC=UNIMOD:35;TA=M;MT=Variable	NT=Acetyl;AC=UNIMOD:1;PP=Protein N-term;MT=Variable	NT=Trypsin;AC=MS:1001251	NT=Lys-C;AC=MS:1001309	NT=beam-type collision-induced dissociation;AC=MS:1000422	27 NCE	380	980	4	1	1	20240721_AST5_Evo3_IO5cmL_PS_SC_pSILAC_hFF_Div_111.raw	v1.1.0	NT=ms-proteomics;VV=v1.1.0	NT=human;VV=v1.1.0	NT=cell-lines;VV=v1.1.0	NT=single-cell;VV=v1.0.0	NT=dia-acquisition;VV=v1.1.0	proliferating
hFF_Div_sc_112	Homo sapiens	NT=prepuce of penis;AC=UBERON:0001332	NT=fibroblast;AC=CL:0000057	NT=normal;AC=PATO:0000461	hFF	not available	not available	not available	male	112	single cell	cellenONE	hFF_Div_sc_112	1	proliferating	run 112	proteomic profiling by mass spectrometry	Data-independent acquisition	NT=Orbitrap Astral;AC=MS:1003378	SILAC	NT=Label:13C(6)15N(2);AC=UNIMOD:259;TA=K;MT=Variable	NT=Label:13C(6)15N(4);AC=UNIMOD:267;TA=R;MT=Variable	NT=Oxidation;AC=UNIMOD:35;TA=M;MT=Variable	NT=Acetyl;AC=UNIMOD:1;PP=Protein N-term;MT=Variable	NT=Trypsin;AC=MS:1001251	NT=Lys-C;AC=MS:1001309	NT=beam-type collision-induced dissociation;AC=MS:1000422	27 NCE	380	980	4	1	1	20240721_AST5_Evo3_IO5cmL_PS_SC_pSILAC_hFF_Div_112.raw	v1.1.0	NT=ms-proteomics;VV=v1.1.0	NT=human;VV=v1.1.0	NT=cell-lines;VV=v1.1.0	NT=single-cell;VV=v1.0.0	NT=dia-acquisition;VV=v1.1.0	proliferating
hFF_Div_sc_113	Homo sapiens	NT=prepuce of penis;AC=UBERON:0001332	NT=fibroblast;AC=CL:0000057	NT=normal;AC=PATO:0000461	hFF	not available	not available	not available	male	113	single cell	cellenONE	hFF_Div_sc_113	1	proliferating	run 113	proteomic profiling by mass spectrometry	Data-independent acquisition	NT=Orbitrap Astral;AC=MS:1003378	SILAC	NT=Label:13C(6)15N(2);AC=UNIMOD:259;TA=K;MT=Variable	NT=Label:13C(6)15N(4);AC=UNIMOD:267;TA=R;MT=Variable	NT=Oxidation;AC=UNIMOD:35;TA=M;MT=Variable	NT=Acetyl;AC=UNIMOD:1;PP=Protein N-term;MT=Variable	NT=Trypsin;AC=MS:1001251	NT=Lys-C;AC=MS:1001309	NT=beam-type collision-induced dissociation;AC=MS:1000422	27 NCE	380	980	4	1	1	20240721_AST5_Evo3_IO5cmL_PS_SC_pSILAC_hFF_Div_113.raw	v1.1.0	NT=ms-proteomics;VV=v1.1.0	NT=human;VV=v1.1.0	NT=cell-lines;VV=v1.1.0	NT=single-cell;VV=v1.0.0	NT=dia-acquisition;VV=v1.1.0	proliferating
hFF_Div_sc_114	Homo sapiens	NT=prepuce of penis;AC=UBERON:0001332	NT=fibroblast;AC=CL:0000057	NT=normal;AC=PATO:0000461	hFF	not available	not available	not available	male	114	single cell	cellenONE	hFF_Div_sc_114	1	proliferating	run 114	proteomic profiling by mass spectrometry	Data-independent acquisition	NT=Orbitrap Astral;AC=MS:1003378	SILAC	NT=Label:13C(6)15N(2);AC=UNIMOD:259;TA=K;MT=Variable	NT=Label:13C(6)15N(4);AC=UNIMOD:267;TA=R;MT=Variable	NT=Oxidation;AC=UNIMOD:35;TA=M;MT=Variable	NT=Acetyl;AC=UNIMOD:1;PP=Protein N-term;MT=Variable	NT=Trypsin;AC=MS:1001251	NT=Lys-C;AC=MS:1001309	NT=beam-type collision-induced dissociation;AC=MS:1000422	27 NCE	380	980	4	1	1	20240721_AST5_Evo3_IO5cmL_PS_SC_pSILAC_hFF_Div_114.raw	v1.1.0	NT=ms-proteomics;VV=v1.1.0	NT=human;VV=v1.1.0	NT=cell-lines;VV=v1.1.0	NT=single-cell;VV=v1.0.0	NT=dia-acquisition;VV=v1.1.0	proliferating
hFF_Div_sc_115	Homo sapiens	NT=prepuce of penis;AC=UBERON:0001332	NT=fibroblast;AC=CL:0000057	NT=normal;AC=PATO:0000461	hFF	not available	not available	not available	male	115	single cell	cellenONE	hFF_Div_sc_115	1	proliferating	run 115	proteomic profiling by mass spectrometry	Data-independent acquisition	NT=Orbitrap Astral;AC=MS:1003378	SILAC	NT=Label:13C(6)15N(2);AC=UNIMOD:259;TA=K;MT=Variable	NT=Label:13C(6)15N(4);AC=UNIMOD:267;TA=R;MT=Variable	NT=Oxidation;AC=UNIMOD:35;TA=M;MT=Variable	NT=Acetyl;AC=UNIMOD:1;PP=Protein N-term;MT=Variable	NT=Trypsin;AC=MS:1001251	NT=Lys-C;AC=MS:1001309	NT=beam-type collision-induced dissociation;AC=MS:1000422	27 NCE	380	980	4	1	1	20240721_AST5_Evo3_IO5cmL_PS_SC_pSILAC_hFF_Div_115.raw	v1.1.0	NT=ms-proteomics;VV=v1.1.0	NT=human;VV=v1.1.0	NT=cell-lines;VV=v1.1.0	NT=single-cell;VV=v1.0.0	NT=dia-acquisition;VV=v1.1.0	proliferating
hFF_Div_sc_116	Homo sapiens	NT=prepuce of penis;AC=UBERON:0001332	NT=fibroblast;AC=CL:0000057	NT=normal;AC=PATO:0000461	hFF	not available	not available	not available	male	116	single cell	cellenONE	hFF_Div_sc_116	1	proliferating	run 116	proteomic profiling by mass spectrometry	Data-independent acquisition	NT=Orbitrap Astral;AC=MS:1003378	SILAC	NT=Label:13C(6)15N(2);AC=UNIMOD:259;TA=K;MT=Variable	NT=Label:13C(6)15N(4);AC=UNIMOD:267;TA=R;MT=Variable	NT=Oxidation;AC=UNIMOD:35;TA=M;MT=Variable	NT=Acetyl;AC=UNIMOD:1;PP=Protein N-term;MT=Variable	NT=Trypsin;AC=MS:1001251	NT=Lys-C;AC=MS:1001309	NT=beam-type collision-induced dissociation;AC=MS:1000422	27 NCE	380	980	4	1	1	20240721_AST5_Evo3_IO5cmL_PS_SC_pSILAC_hFF_Div_116.raw	v1.1.0	NT=ms-proteomics;VV=v1.1.0	NT=human;VV=v1.1.0	NT=cell-lines;VV=v1.1.0	NT=single-cell;VV=v1.0.0	NT=dia-acquisition;VV=v1.1.0	proliferating
hFF_Div_sc_117	Homo sapiens	NT=prepuce of penis;AC=UBERON:0001332	NT=fibroblast;AC=CL:0000057	NT=normal;AC=PATO:0000461	hFF	not available	not available	not available	male	117	single cell	cellenONE	hFF_Div_sc_117	1	proliferating	run 117	proteomic profiling by mass spectrometry	Data-independent acquisition	NT=Orbitrap Astral;AC=MS:1003378	SILAC	NT=Label:13C(6)15N(2);AC=UNIMOD:259;TA=K;MT=Variable	NT=Label:13C(6)15N(4);AC=UNIMOD:267;TA=R;MT=Variable	NT=Oxidation;AC=UNIMOD:35;TA=M;MT=Variable	NT=Acetyl;AC=UNIMOD:1;PP=Protein N-term;MT=Variable	NT=Trypsin;AC=MS:1001251	NT=Lys-C;AC=MS:1001309	NT=beam-type collision-induced dissociation;AC=MS:1000422	27 NCE	380	980	4	1	1	20240721_AST5_Evo3_IO5cmL_PS_SC_pSILAC_hFF_Div_117.raw	v1.1.0	NT=ms-proteomics;VV=v1.1.0	NT=human;VV=v1.1.0	NT=cell-lines;VV=v1.1.0	NT=single-cell;VV=v1.0.0	NT=dia-acquisition;VV=v1.1.0	proliferating
hFF_Div_sc_118	Homo sapiens	NT=prepuce of penis;AC=UBERON:0001332	NT=fibroblast;AC=CL:0000057	NT=normal;AC=PATO:0000461	hFF	not available	not available	not available	male	118	single cell	cellenONE	hFF_Div_sc_118	1	proliferating	run 118	proteomic profiling by mass spectrometry	Data-independent acquisition	NT=Orbitrap Astral;AC=MS:1003378	SILAC	NT=Label:13C(6)15N(2);AC=UNIMOD:259;TA=K;MT=Variable	NT=Label:13C(6)15N(4);AC=UNIMOD:267;TA=R;MT=Variable	NT=Oxidation;AC=UNIMOD:35;TA=M;MT=Variable	NT=Acetyl;AC=UNIMOD:1;PP=Protein N-term;MT=Variable	NT=Trypsin;AC=MS:1001251	NT=Lys-C;AC=MS:1001309	NT=beam-type collision-induced dissociation;AC=MS:1000422	27 NCE	380	980	4	1	1	20240721_AST5_Evo3_IO5cmL_PS_SC_pSILAC_hFF_Div_118.raw	v1.1.0	NT=ms-proteomics;VV=v1.1.0	NT=human;VV=v1.1.0	NT=cell-lines;VV=v1.1.0	NT=single-cell;VV=v1.0.0	NT=dia-acquisition;VV=v1.1.0	proliferating
hFF_Div_sc_119	Homo sapiens	NT=prepuce of penis;AC=UBERON:0001332	NT=fibroblast;AC=CL:0000057	NT=normal;AC=PATO:0000461	hFF	not available	not available	not available	male	119	single cell	cellenONE	hFF_Div_sc_119	1	proliferating	run 119	proteomic profiling by mass spectrometry	Data-independent acquisition	NT=Orbitrap Astral;AC=MS:1003378	SILAC	NT=Label:13C(6)15N(2);AC=UNIMOD:259;TA=K;MT=Variable	NT=Label:13C(6)15N(4);AC=UNIMOD:267;TA=R;MT=Variable	NT=Oxidation;AC=UNIMOD:35;TA=M;MT=Variable	NT=Acetyl;AC=UNIMOD:1;PP=Protein N-term;MT=Variable	NT=Trypsin;AC=MS:1001251	NT=Lys-C;AC=MS:1001309	NT=beam-type collision-induced dissociation;AC=MS:1000422	27 NCE	380	980	4	1	1	20240721_AST5_Evo3_IO5cmL_PS_SC_pSILAC_hFF_Div_119.raw	v1.1.0	NT=ms-proteomics;VV=v1.1.0	NT=human;VV=v1.1.0	NT=cell-lines;VV=v1.1.0	NT=single-cell;VV=v1.0.0	NT=dia-acquisition;VV=v1.1.0	proliferating
hFF_Div_sc_120	Homo sapiens	NT=prepuce of penis;AC=UBERON:0001332	NT=fibroblast;AC=CL:0000057	NT=normal;AC=PATO:0000461	hFF	not available	not available	not available	male	120	single cell	cellenONE	hFF_Div_sc_120	1	proliferating	run 120	proteomic profiling by mass spectrometry	Data-independent acquisition	NT=Orbitrap Astral;AC=MS:1003378	SILAC	NT=Label:13C(6)15N(2);AC=UNIMOD:259;TA=K;MT=Variable	NT=Label:13C(6)15N(4);AC=UNIMOD:267;TA=R;MT=Variable	NT=Oxidation;AC=UNIMOD:35;TA=M;MT=Variable	NT=Acetyl;AC=UNIMOD:1;PP=Protein N-term;MT=Variable	NT=Trypsin;AC=MS:1001251	NT=Lys-C;AC=MS:1001309	NT=beam-type collision-induced dissociation;AC=MS:1000422	27 NCE	380	980	4	1	1	20240721_AST5_Evo3_IO5cmL_PS_SC_pSILAC_hFF_Div_120.raw	v1.1.0	NT=ms-proteomics;VV=v1.1.0	NT=human;VV=v1.1.0	NT=cell-lines;VV=v1.1.0	NT=single-cell;VV=v1.0.0	NT=dia-acquisition;VV=v1.1.0	proliferating
hFF_Div_sc_121	Homo sapiens	NT=prepuce of penis;AC=UBERON:0001332	NT=fibroblast;AC=CL:0000057	NT=normal;AC=PATO:0000461	hFF	not available	not available	not available	male	121	single cell	cellenONE	hFF_Div_sc_121	1	proliferating	run 121	proteomic profiling by mass spectrometry	Data-independent acquisition	NT=Orbitrap Astral;AC=MS:1003378	SILAC	NT=Label:13C(6)15N(2);AC=UNIMOD:259;TA=K;MT=Variable	NT=Label:13C(6)15N(4);AC=UNIMOD:267;TA=R;MT=Variable	NT=Oxidation;AC=UNIMOD:35;TA=M;MT=Variable	NT=Acetyl;AC=UNIMOD:1;PP=Protein N-term;MT=Variable	NT=Trypsin;AC=MS:1001251	NT=Lys-C;AC=MS:1001309	NT=beam-type collision-induced dissociation;AC=MS:1000422	27 NCE	380	980	4	1	1	20240721_AST5_Evo3_IO5cmL_PS_SC_pSILAC_hFF_Div_121.raw	v1.1.0	NT=ms-proteomics;VV=v1.1.0	NT=human;VV=v1.1.0	NT=cell-lines;VV=v1.1.0	NT=single-cell;VV=v1.0.0	NT=dia-acquisition;VV=v1.1.0	proliferating
hFF_Div_sc_122	Homo sapiens	NT=prepuce of penis;AC=UBERON:0001332	NT=fibroblast;AC=CL:0000057	NT=normal;AC=PATO:0000461	hFF	not available	not available	not available	male	122	single cell	cellenONE	hFF_Div_sc_122	1	proliferating	run 122	proteomic profiling by mass spectrometry	Data-independent acquisition	NT=Orbitrap Astral;AC=MS:1003378	SILAC	NT=Label:13C(6)15N(2);AC=UNIMOD:259;TA=K;MT=Variable	NT=Label:13C(6)15N(4);AC=UNIMOD:267;TA=R;MT=Variable	NT=Oxidation;AC=UNIMOD:35;TA=M;MT=Variable	NT=Acetyl;AC=UNIMOD:1;PP=Protein N-term;MT=Variable	NT=Trypsin;AC=MS:1001251	NT=Lys-C;AC=MS:1001309	NT=beam-type collision-induced dissociation;AC=MS:1000422	27 NCE	380	980	4	1	1	20240721_AST5_Evo3_IO5cmL_PS_SC_pSILAC_hFF_Div_122.raw	v1.1.0	NT=ms-proteomics;VV=v1.1.0	NT=human;VV=v1.1.0	NT=cell-lines;VV=v1.1.0	NT=single-cell;VV=v1.0.0	NT=dia-acquisition;VV=v1.1.0	proliferating
hFF_Div_sc_123	Homo sapiens	NT=prepuce of penis;AC=UBERON:0001332	NT=fibroblast;AC=CL:0000057	NT=normal;AC=PATO:0000461	hFF	not available	not available	not available	male	123	single cell	cellenONE	hFF_Div_sc_123	1	proliferating	run 123	proteomic profiling by mass spectrometry	Data-independent acquisition	NT=Orbitrap Astral;AC=MS:1003378	SILAC	NT=Label:13C(6)15N(2);AC=UNIMOD:259;TA=K;MT=Variable	NT=Label:13C(6)15N(4);AC=UNIMOD:267;TA=R;MT=Variable	NT=Oxidation;AC=UNIMOD:35;TA=M;MT=Variable	NT=Acetyl;AC=UNIMOD:1;PP=Protein N-term;MT=Variable	NT=Trypsin;AC=MS:1001251	NT=Lys-C;AC=MS:1001309	NT=beam-type collision-induced dissociation;AC=MS:1000422	27 NCE	380	980	4	1	1	20240721_AST5_Evo3_IO5cmL_PS_SC_pSILAC_hFF_Div_123.raw	v1.1.0	NT=ms-proteomics;VV=v1.1.0	NT=human;VV=v1.1.0	NT=cell-lines;VV=v1.1.0	NT=single-cell;VV=v1.0.0	NT=dia-acquisition;VV=v1.1.0	proliferating
hFF_Div_sc_124	Homo sapiens	NT=prepuce of penis;AC=UBERON:0001332	NT=fibroblast;AC=CL:0000057	NT=normal;AC=PATO:0000461	hFF	not available	not available	not available	male	124	single cell	cellenONE	hFF_Div_sc_124	1	proliferating	run 124	proteomic profiling by mass spectrometry	Data-independent acquisition	NT=Orbitrap Astral;AC=MS:1003378	SILAC	NT=Label:13C(6)15N(2);AC=UNIMOD:259;TA=K;MT=Variable	NT=Label:13C(6)15N(4);AC=UNIMOD:267;TA=R;MT=Variable	NT=Oxidation;AC=UNIMOD:35;TA=M;MT=Variable	NT=Acetyl;AC=UNIMOD:1;PP=Protein N-term;MT=Variable	NT=Trypsin;AC=MS:1001251	NT=Lys-C;AC=MS:1001309	NT=beam-type collision-induced dissociation;AC=MS:1000422	27 NCE	380	980	4	1	1	20240721_AST5_Evo3_IO5cmL_PS_SC_pSILAC_hFF_Div_124.raw	v1.1.0	NT=ms-proteomics;VV=v1.1.0	NT=human;VV=v1.1.0	NT=cell-lines;VV=v1.1.0	NT=single-cell;VV=v1.0.0	NT=dia-acquisition;VV=v1.1.0	proliferating
hFF_Div_sc_125	Homo sapiens	NT=prepuce of penis;AC=UBERON:0001332	NT=fibroblast;AC=CL:0000057	NT=normal;AC=PATO:0000461	hFF	not available	not available	not available	male	125	single cell	cellenONE	hFF_Div_sc_125	1	proliferating	run 125	proteomic profiling by mass spectrometry	Data-independent acquisition	NT=Orbitrap Astral;AC=MS:1003378	SILAC	NT=Label:13C(6)15N(2);AC=UNIMOD:259;TA=K;MT=Variable	NT=Label:13C(6)15N(4);AC=UNIMOD:267;TA=R;MT=Variable	NT=Oxidation;AC=UNIMOD:35;TA=M;MT=Variable	NT=Acetyl;AC=UNIMOD:1;PP=Protein N-term;MT=Variable	NT=Trypsin;AC=MS:1001251	NT=Lys-C;AC=MS:1001309	NT=beam-type collision-induced dissociation;AC=MS:1000422	27 NCE	380	980	4	1	1	20240721_AST5_Evo3_IO5cmL_PS_SC_pSILAC_hFF_Div_125.raw	v1.1.0	NT=ms-proteomics;VV=v1.1.0	NT=human;VV=v1.1.0	NT=cell-lines;VV=v1.1.0	NT=single-cell;VV=v1.0.0	NT=dia-acquisition;VV=v1.1.0	proliferating
hFF_Div_sc_126	Homo sapiens	NT=prepuce of penis;AC=UBERON:0001332	NT=fibroblast;AC=CL:0000057	NT=normal;AC=PATO:0000461	hFF	not available	not available	not available	male	126	single cell	cellenONE	hFF_Div_sc_126	1	proliferating	run 126	proteomic profiling by mass spectrometry	Data-independent acquisition	NT=Orbitrap Astral;AC=MS:1003378	SILAC	NT=Label:13C(6)15N(2);AC=UNIMOD:259;TA=K;MT=Variable	NT=Label:13C(6)15N(4);AC=UNIMOD:267;TA=R;MT=Variable	NT=Oxidation;AC=UNIMOD:35;TA=M;MT=Variable	NT=Acetyl;AC=UNIMOD:1;PP=Protein N-term;MT=Variable	NT=Trypsin;AC=MS:1001251	NT=Lys-C;AC=MS:1001309	NT=beam-type collision-induced dissociation;AC=MS:1000422	27 NCE	380	980	4	1	1	20240721_AST5_Evo3_IO5cmL_PS_SC_pSILAC_hFF_Div_126.raw	v1.1.0	NT=ms-proteomics;VV=v1.1.0	NT=human;VV=v1.1.0	NT=cell-lines;VV=v1.1.0	NT=single-cell;VV=v1.0.0	NT=dia-acquisition;VV=v1.1.0	proliferating
hFF_Div_sc_127	Homo sapiens	NT=prepuce of penis;AC=UBERON:0001332	NT=fibroblast;AC=CL:0000057	NT=normal;AC=PATO:0000461	hFF	not available	not available	not available	male	127	single cell	cellenONE	hFF_Div_sc_127	1	proliferating	run 127	proteomic profiling by mass spectrometry	Data-independent acquisition	NT=Orbitrap Astral;AC=MS:1003378	SILAC	NT=Label:13C(6)15N(2);AC=UNIMOD:259;TA=K;MT=Variable	NT=Label:13C(6)15N(4);AC=UNIMOD:267;TA=R;MT=Variable	NT=Oxidation;AC=UNIMOD:35;TA=M;MT=Variable	NT=Acetyl;AC=UNIMOD:1;PP=Protein N-term;MT=Variable	NT=Trypsin;AC=MS:1001251	NT=Lys-C;AC=MS:1001309	NT=beam-type collision-induced dissociation;AC=MS:1000422	27 NCE	380	980	4	1	1	20240721_AST5_Evo3_IO5cmL_PS_SC_pSILAC_hFF_Div_127.raw	v1.1.0	NT=ms-proteomics;VV=v1.1.0	NT=human;VV=v1.1.0	NT=cell-lines;VV=v1.1.0	NT=single-cell;VV=v1.0.0	NT=dia-acquisition;VV=v1.1.0	proliferating
hFF_Div_sc_128	Homo sapiens	NT=prepuce of penis;AC=UBERON:0001332	NT=fibroblast;AC=CL:0000057	NT=normal;AC=PATO:0000461	hFF	not available	not available	not available	male	128	single cell	cellenONE	hFF_Div_sc_128	1	proliferating	run 128	proteomic profiling by mass spectrometry	Data-independent acquisition	NT=Orbitrap Astral;AC=MS:1003378	SILAC	NT=Label:13C(6)15N(2);AC=UNIMOD:259;TA=K;MT=Variable	NT=Label:13C(6)15N(4);AC=UNIMOD:267;TA=R;MT=Variable	NT=Oxidation;AC=UNIMOD:35;TA=M;MT=Variable	NT=Acetyl;AC=UNIMOD:1;PP=Protein N-term;MT=Variable	NT=Trypsin;AC=MS:1001251	NT=Lys-C;AC=MS:1001309	NT=beam-type collision-induced dissociation;AC=MS:1000422	27 NCE	380	980	4	1	1	20240721_AST5_Evo3_IO5cmL_PS_SC_pSILAC_hFF_Div_128.raw	v1.1.0	NT=ms-proteomics;VV=v1.1.0	NT=human;VV=v1.1.0	NT=cell-lines;VV=v1.1.0	NT=single-cell;VV=v1.0.0	NT=dia-acquisition;VV=v1.1.0	proliferating
hFF_Div_sc_129	Homo sapiens	NT=prepuce of penis;AC=UBERON:0001332	NT=fibroblast;AC=CL:0000057	NT=normal;AC=PATO:0000461	hFF	not available	not available	not available	male	129	single cell	cellenONE	hFF_Div_sc_129	1	proliferating	run 129	proteomic profiling by mass spectrometry	Data-independent acquisition	NT=Orbitrap Astral;AC=MS:1003378	SILAC	NT=Label:13C(6)15N(2);AC=UNIMOD:259;TA=K;MT=Variable	NT=Label:13C(6)15N(4);AC=UNIMOD:267;TA=R;MT=Variable	NT=Oxidation;AC=UNIMOD:35;TA=M;MT=Variable	NT=Acetyl;AC=UNIMOD:1;PP=Protein N-term;MT=Variable	NT=Trypsin;AC=MS:1001251	NT=Lys-C;AC=MS:1001309	NT=beam-type collision-induced dissociation;AC=MS:1000422	27 NCE	380	980	4	1	1	20240721_AST5_Evo3_IO5cmL_PS_SC_pSILAC_hFF_Div_129.raw	v1.1.0	NT=ms-proteomics;VV=v1.1.0	NT=human;VV=v1.1.0	NT=cell-lines;VV=v1.1.0	NT=single-cell;VV=v1.0.0	NT=dia-acquisition;VV=v1.1.0	proliferating
hFF_Div_sc_130	Homo sapiens	NT=prepuce of penis;AC=UBERON:0001332	NT=fibroblast;AC=CL:0000057	NT=normal;AC=PATO:0000461	hFF	not available	not available	not available	male	130	single cell	cellenONE	hFF_Div_sc_130	1	proliferating	run 130	proteomic profiling by mass spectrometry	Data-independent acquisition	NT=Orbitrap Astral;AC=MS:1003378	SILAC	NT=Label:13C(6)15N(2);AC=UNIMOD:259;TA=K;MT=Variable	NT=Label:13C(6)15N(4);AC=UNIMOD:267;TA=R;MT=Variable	NT=Oxidation;AC=UNIMOD:35;TA=M;MT=Variable	NT=Acetyl;AC=UNIMOD:1;PP=Protein N-term;MT=Variable	NT=Trypsin;AC=MS:1001251	NT=Lys-C;AC=MS:1001309	NT=beam-type collision-induced dissociation;AC=MS:1000422	27 NCE	380	980	4	1	1	20240721_AST5_Evo3_IO5cmL_PS_SC_pSILAC_hFF_Div_130.raw	v1.1.0	NT=ms-proteomics;VV=v1.1.0	NT=human;VV=v1.1.0	NT=cell-lines;VV=v1.1.0	NT=single-cell;VV=v1.0.0	NT=dia-acquisition;VV=v1.1.0	proliferating
hFF_Div_sc_131	Homo sapiens	NT=prepuce of penis;AC=UBERON:0001332	NT=fibroblast;AC=CL:0000057	NT=normal;AC=PATO:0000461	hFF	not available	not available	not available	male	131	single cell	cellenONE	hFF_Div_sc_131	1	proliferating	run 131	proteomic profiling by mass spectrometry	Data-independent acquisition	NT=Orbitrap Astral;AC=MS:1003378	SILAC	NT=Label:13C(6)15N(2);AC=UNIMOD:259;TA=K;MT=Variable	NT=Label:13C(6)15N(4);AC=UNIMOD:267;TA=R;MT=Variable	NT=Oxidation;AC=UNIMOD:35;TA=M;MT=Variable	NT=Acetyl;AC=UNIMOD:1;PP=Protein N-term;MT=Variable	NT=Trypsin;AC=MS:1001251	NT=Lys-C;AC=MS:1001309	NT=beam-type collision-induced dissociation;AC=MS:1000422	27 NCE	380	980	4	1	1	20240721_AST5_Evo3_IO5cmL_PS_SC_pSILAC_hFF_Div_131.raw	v1.1.0	NT=ms-proteomics;VV=v1.1.0	NT=human;VV=v1.1.0	NT=cell-lines;VV=v1.1.0	NT=single-cell;VV=v1.0.0	NT=dia-acquisition;VV=v1.1.0	proliferating
hFF_Div_sc_132	Homo sapiens	NT=prepuce of penis;AC=UBERON:0001332	NT=fibroblast;AC=CL:0000057	NT=normal;AC=PATO:0000461	hFF	not available	not available	not available	male	132	single cell	cellenONE	hFF_Div_sc_132	1	proliferating	run 132	proteomic profiling by mass spectrometry	Data-independent acquisition	NT=Orbitrap Astral;AC=MS:1003378	SILAC	NT=Label:13C(6)15N(2);AC=UNIMOD:259;TA=K;MT=Variable	NT=Label:13C(6)15N(4);AC=UNIMOD:267;TA=R;MT=Variable	NT=Oxidation;AC=UNIMOD:35;TA=M;MT=Variable	NT=Acetyl;AC=UNIMOD:1;PP=Protein N-term;MT=Variable	NT=Trypsin;AC=MS:1001251	NT=Lys-C;AC=MS:1001309	NT=beam-type collision-induced dissociation;AC=MS:1000422	27 NCE	380	980	4	1	1	20240721_AST5_Evo3_IO5cmL_PS_SC_pSILAC_hFF_Div_132.raw	v1.1.0	NT=ms-proteomics;VV=v1.1.0	NT=human;VV=v1.1.0	NT=cell-lines;VV=v1.1.0	NT=single-cell;VV=v1.0.0	NT=dia-acquisition;VV=v1.1.0	proliferating
hFF_Div_10c_1	Homo sapiens	NT=prepuce of penis;AC=UBERON:0001332	NT=fibroblast;AC=CL:0000057	NT=normal;AC=PATO:0000461	hFF	not available	not available	not available	male	1	pooled	cellenONE	not applicable	10	proliferating	run 133	proteomic profiling by mass spectrometry	Data-independent acquisition	NT=Orbitrap Astral;AC=MS:1003378	SILAC	NT=Label:13C(6)15N(2);AC=UNIMOD:259;TA=K;MT=Variable	NT=Label:13C(6)15N(4);AC=UNIMOD:267;TA=R;MT=Variable	NT=Oxidation;AC=UNIMOD:35;TA=M;MT=Variable	NT=Acetyl;AC=UNIMOD:1;PP=Protein N-term;MT=Variable	NT=Trypsin;AC=MS:1001251	NT=Lys-C;AC=MS:1001309	NT=beam-type collision-induced dissociation;AC=MS:1000422	27 NCE	380	980	4	1	1	20240719_AST5_Evo3_IO5cmL_PS_SC_pSILAC_hFF_Div_10c_01.raw	v1.1.0	NT=ms-proteomics;VV=v1.1.0	NT=human;VV=v1.1.0	NT=cell-lines;VV=v1.1.0	NT=single-cell;VV=v1.0.0	NT=dia-acquisition;VV=v1.1.0	proliferating
hFF_Div_10c_2	Homo sapiens	NT=prepuce of penis;AC=UBERON:0001332	NT=fibroblast;AC=CL:0000057	NT=normal;AC=PATO:0000461	hFF	not available	not available	not available	male	2	pooled	cellenONE	not applicable	10	proliferating	run 134	proteomic profiling by mass spectrometry	Data-independent acquisition	NT=Orbitrap Astral;AC=MS:1003378	SILAC	NT=Label:13C(6)15N(2);AC=UNIMOD:259;TA=K;MT=Variable	NT=Label:13C(6)15N(4);AC=UNIMOD:267;TA=R;MT=Variable	NT=Oxidation;AC=UNIMOD:35;TA=M;MT=Variable	NT=Acetyl;AC=UNIMOD:1;PP=Protein N-term;MT=Variable	NT=Trypsin;AC=MS:1001251	NT=Lys-C;AC=MS:1001309	NT=beam-type collision-induced dissociation;AC=MS:1000422	27 NCE	380	980	4	1	1	20240719_AST5_Evo3_IO5cmL_PS_SC_pSILAC_hFF_Div_10c_02.raw	v1.1.0	NT=ms-proteomics;VV=v1.1.0	NT=human;VV=v1.1.0	NT=cell-lines;VV=v1.1.0	NT=single-cell;VV=v1.0.0	NT=dia-acquisition;VV=v1.1.0	proliferating
hFF_Div_10c_3	Homo sapiens	NT=prepuce of penis;AC=UBERON:0001332	NT=fibroblast;AC=CL:0000057	NT=normal;AC=PATO:0000461	hFF	not available	not available	not available	male	3	pooled	cellenONE	not applicable	10	proliferating	run 135	proteomic profiling by mass spectrometry	Data-independent acquisition	NT=Orbitrap Astral;AC=MS:1003378	SILAC	NT=Label:13C(6)15N(2);AC=UNIMOD:259;TA=K;MT=Variable	NT=Label:13C(6)15N(4);AC=UNIMOD:267;TA=R;MT=Variable	NT=Oxidation;AC=UNIMOD:35;TA=M;MT=Variable	NT=Acetyl;AC=UNIMOD:1;PP=Protein N-term;MT=Variable	NT=Trypsin;AC=MS:1001251	NT=Lys-C;AC=MS:1001309	NT=beam-type collision-induced dissociation;AC=MS:1000422	27 NCE	380	980	4	1	1	20240719_AST5_Evo3_IO5cmL_PS_SC_pSILAC_hFF_Div_10c_03.raw	v1.1.0	NT=ms-proteomics;VV=v1.1.0	NT=human;VV=v1.1.0	NT=cell-lines;VV=v1.1.0	NT=single-cell;VV=v1.0.0	NT=dia-acquisition;VV=v1.1.0	proliferating
hFF_Div_10c_4	Homo sapiens	NT=prepuce of penis;AC=UBERON:0001332	NT=fibroblast;AC=CL:0000057	NT=normal;AC=PATO:0000461	hFF	not available	not available	not available	male	4	pooled	cellenONE	not applicable	10	proliferating	run 136	proteomic profiling by mass spectrometry	Data-independent acquisition	NT=Orbitrap Astral;AC=MS:1003378	SILAC	NT=Label:13C(6)15N(2);AC=UNIMOD:259;TA=K;MT=Variable	NT=Label:13C(6)15N(4);AC=UNIMOD:267;TA=R;MT=Variable	NT=Oxidation;AC=UNIMOD:35;TA=M;MT=Variable	NT=Acetyl;AC=UNIMOD:1;PP=Protein N-term;MT=Variable	NT=Trypsin;AC=MS:1001251	NT=Lys-C;AC=MS:1001309	NT=beam-type collision-induced dissociation;AC=MS:1000422	27 NCE	380	980	4	1	1	20240719_AST5_Evo3_IO5cmL_PS_SC_pSILAC_hFF_Div_10c_04.raw	v1.1.0	NT=ms-proteomics;VV=v1.1.0	NT=human;VV=v1.1.0	NT=cell-lines;VV=v1.1.0	NT=single-cell;VV=v1.0.0	NT=dia-acquisition;VV=v1.1.0	proliferating
hFF_conf_sc_1	Homo sapiens	NT=prepuce of penis;AC=UBERON:0001332	NT=fibroblast;AC=CL:0000057	NT=normal;AC=PATO:0000461	hFF	not available	not available	not available	male	1	single cell	cellenONE	hFF_conf_sc_1	1	confluent	run 137	proteomic profiling by mass spectrometry	Data-independent acquisition	NT=Orbitrap Astral;AC=MS:1003378	SILAC	NT=Label:13C(6)15N(2);AC=UNIMOD:259;TA=K;MT=Variable	NT=Label:13C(6)15N(4);AC=UNIMOD:267;TA=R;MT=Variable	NT=Oxidation;AC=UNIMOD:35;TA=M;MT=Variable	NT=Acetyl;AC=UNIMOD:1;PP=Protein N-term;MT=Variable	NT=Trypsin;AC=MS:1001251	NT=Lys-C;AC=MS:1001309	NT=beam-type collision-induced dissociation;AC=MS:1000422	27 NCE	380	980	4	1	1	20240719_AST5_Evo3_IO5cmL_PS_SC_pSILAC_hFF_conf_01.raw	v1.1.0	NT=ms-proteomics;VV=v1.1.0	NT=human;VV=v1.1.0	NT=cell-lines;VV=v1.1.0	NT=single-cell;VV=v1.0.0	NT=dia-acquisition;VV=v1.1.0	confluent
hFF_conf_sc_2	Homo sapiens	NT=prepuce of penis;AC=UBERON:0001332	NT=fibroblast;AC=CL:0000057	NT=normal;AC=PATO:0000461	hFF	not available	not available	not available	male	2	single cell	cellenONE	hFF_conf_sc_2	1	confluent	run 138	proteomic profiling by mass spectrometry	Data-independent acquisition	NT=Orbitrap Astral;AC=MS:1003378	SILAC	NT=Label:13C(6)15N(2);AC=UNIMOD:259;TA=K;MT=Variable	NT=Label:13C(6)15N(4);AC=UNIMOD:267;TA=R;MT=Variable	NT=Oxidation;AC=UNIMOD:35;TA=M;MT=Variable	NT=Acetyl;AC=UNIMOD:1;PP=Protein N-term;MT=Variable	NT=Trypsin;AC=MS:1001251	NT=Lys-C;AC=MS:1001309	NT=beam-type collision-induced dissociation;AC=MS:1000422	27 NCE	380	980	4	1	1	20240719_AST5_Evo3_IO5cmL_PS_SC_pSILAC_hFF_conf_02.raw	v1.1.0	NT=ms-proteomics;VV=v1.1.0	NT=human;VV=v1.1.0	NT=cell-lines;VV=v1.1.0	NT=single-cell;VV=v1.0.0	NT=dia-acquisition;VV=v1.1.0	confluent
hFF_conf_sc_3	Homo sapiens	NT=prepuce of penis;AC=UBERON:0001332	NT=fibroblast;AC=CL:0000057	NT=normal;AC=PATO:0000461	hFF	not available	not available	not available	male	3	single cell	cellenONE	hFF_conf_sc_3	1	confluent	run 139	proteomic profiling by mass spectrometry	Data-independent acquisition	NT=Orbitrap Astral;AC=MS:1003378	SILAC	NT=Label:13C(6)15N(2);AC=UNIMOD:259;TA=K;MT=Variable	NT=Label:13C(6)15N(4);AC=UNIMOD:267;TA=R;MT=Variable	NT=Oxidation;AC=UNIMOD:35;TA=M;MT=Variable	NT=Acetyl;AC=UNIMOD:1;PP=Protein N-term;MT=Variable	NT=Trypsin;AC=MS:1001251	NT=Lys-C;AC=MS:1001309	NT=beam-type collision-induced dissociation;AC=MS:1000422	27 NCE	380	980	4	1	1	20240719_AST5_Evo3_IO5cmL_PS_SC_pSILAC_hFF_conf_03.raw	v1.1.0	NT=ms-proteomics;VV=v1.1.0	NT=human;VV=v1.1.0	NT=cell-lines;VV=v1.1.0	NT=single-cell;VV=v1.0.0	NT=dia-acquisition;VV=v1.1.0	confluent
hFF_conf_sc_4	Homo sapiens	NT=prepuce of penis;AC=UBERON:0001332	NT=fibroblast;AC=CL:0000057	NT=normal;AC=PATO:0000461	hFF	not available	not available	not available	male	4	single cell	cellenONE	hFF_conf_sc_4	1	confluent	run 140	proteomic profiling by mass spectrometry	Data-independent acquisition	NT=Orbitrap Astral;AC=MS:1003378	SILAC	NT=Label:13C(6)15N(2);AC=UNIMOD:259;TA=K;MT=Variable	NT=Label:13C(6)15N(4);AC=UNIMOD:267;TA=R;MT=Variable	NT=Oxidation;AC=UNIMOD:35;TA=M;MT=Variable	NT=Acetyl;AC=UNIMOD:1;PP=Protein N-term;MT=Variable	NT=Trypsin;AC=MS:1001251	NT=Lys-C;AC=MS:1001309	NT=beam-type collision-induced dissociation;AC=MS:1000422	27 NCE	380	980	4	1	1	20240719_AST5_Evo3_IO5cmL_PS_SC_pSILAC_hFF_conf_04.raw	v1.1.0	NT=ms-proteomics;VV=v1.1.0	NT=human;VV=v1.1.0	NT=cell-lines;VV=v1.1.0	NT=single-cell;VV=v1.0.0	NT=dia-acquisition;VV=v1.1.0	confluent
hFF_conf_sc_5	Homo sapiens	NT=prepuce of penis;AC=UBERON:0001332	NT=fibroblast;AC=CL:0000057	NT=normal;AC=PATO:0000461	hFF	not available	not available	not available	male	5	single cell	cellenONE	hFF_conf_sc_5	1	confluent	run 141	proteomic profiling by mass spectrometry	Data-independent acquisition	NT=Orbitrap Astral;AC=MS:1003378	SILAC	NT=Label:13C(6)15N(2);AC=UNIMOD:259;TA=K;MT=Variable	NT=Label:13C(6)15N(4);AC=UNIMOD:267;TA=R;MT=Variable	NT=Oxidation;AC=UNIMOD:35;TA=M;MT=Variable	NT=Acetyl;AC=UNIMOD:1;PP=Protein N-term;MT=Variable	NT=Trypsin;AC=MS:1001251	NT=Lys-C;AC=MS:1001309	NT=beam-type collision-induced dissociation;AC=MS:1000422	27 NCE	380	980	4	1	1	20240719_AST5_Evo3_IO5cmL_PS_SC_pSILAC_hFF_conf_05.raw	v1.1.0	NT=ms-proteomics;VV=v1.1.0	NT=human;VV=v1.1.0	NT=cell-lines;VV=v1.1.0	NT=single-cell;VV=v1.0.0	NT=dia-acquisition;VV=v1.1.0	confluent
hFF_conf_sc_6	Homo sapiens	NT=prepuce of penis;AC=UBERON:0001332	NT=fibroblast;AC=CL:0000057	NT=normal;AC=PATO:0000461	hFF	not available	not available	not available	male	6	single cell	cellenONE	hFF_conf_sc_6	1	confluent	run 142	proteomic profiling by mass spectrometry	Data-independent acquisition	NT=Orbitrap Astral;AC=MS:1003378	SILAC	NT=Label:13C(6)15N(2);AC=UNIMOD:259;TA=K;MT=Variable	NT=Label:13C(6)15N(4);AC=UNIMOD:267;TA=R;MT=Variable	NT=Oxidation;AC=UNIMOD:35;TA=M;MT=Variable	NT=Acetyl;AC=UNIMOD:1;PP=Protein N-term;MT=Variable	NT=Trypsin;AC=MS:1001251	NT=Lys-C;AC=MS:1001309	NT=beam-type collision-induced dissociation;AC=MS:1000422	27 NCE	380	980	4	1	1	20240719_AST5_Evo3_IO5cmL_PS_SC_pSILAC_hFF_conf_06.raw	v1.1.0	NT=ms-proteomics;VV=v1.1.0	NT=human;VV=v1.1.0	NT=cell-lines;VV=v1.1.0	NT=single-cell;VV=v1.0.0	NT=dia-acquisition;VV=v1.1.0	confluent
hFF_conf_sc_7	Homo sapiens	NT=prepuce of penis;AC=UBERON:0001332	NT=fibroblast;AC=CL:0000057	NT=normal;AC=PATO:0000461	hFF	not available	not available	not available	male	7	single cell	cellenONE	hFF_conf_sc_7	1	confluent	run 143	proteomic profiling by mass spectrometry	Data-independent acquisition	NT=Orbitrap Astral;AC=MS:1003378	SILAC	NT=Label:13C(6)15N(2);AC=UNIMOD:259;TA=K;MT=Variable	NT=Label:13C(6)15N(4);AC=UNIMOD:267;TA=R;MT=Variable	NT=Oxidation;AC=UNIMOD:35;TA=M;MT=Variable	NT=Acetyl;AC=UNIMOD:1;PP=Protein N-term;MT=Variable	NT=Trypsin;AC=MS:1001251	NT=Lys-C;AC=MS:1001309	NT=beam-type collision-induced dissociation;AC=MS:1000422	27 NCE	380	980	4	1	1	20240719_AST5_Evo3_IO5cmL_PS_SC_pSILAC_hFF_conf_07.raw	v1.1.0	NT=ms-proteomics;VV=v1.1.0	NT=human;VV=v1.1.0	NT=cell-lines;VV=v1.1.0	NT=single-cell;VV=v1.0.0	NT=dia-acquisition;VV=v1.1.0	confluent
hFF_conf_sc_8	Homo sapiens	NT=prepuce of penis;AC=UBERON:0001332	NT=fibroblast;AC=CL:0000057	NT=normal;AC=PATO:0000461	hFF	not available	not available	not available	male	8	single cell	cellenONE	hFF_conf_sc_8	1	confluent	run 144	proteomic profiling by mass spectrometry	Data-independent acquisition	NT=Orbitrap Astral;AC=MS:1003378	SILAC	NT=Label:13C(6)15N(2);AC=UNIMOD:259;TA=K;MT=Variable	NT=Label:13C(6)15N(4);AC=UNIMOD:267;TA=R;MT=Variable	NT=Oxidation;AC=UNIMOD:35;TA=M;MT=Variable	NT=Acetyl;AC=UNIMOD:1;PP=Protein N-term;MT=Variable	NT=Trypsin;AC=MS:1001251	NT=Lys-C;AC=MS:1001309	NT=beam-type collision-induced dissociation;AC=MS:1000422	27 NCE	380	980	4	1	1	20240719_AST5_Evo3_IO5cmL_PS_SC_pSILAC_hFF_conf_08.raw	v1.1.0	NT=ms-proteomics;VV=v1.1.0	NT=human;VV=v1.1.0	NT=cell-lines;VV=v1.1.0	NT=single-cell;VV=v1.0.0	NT=dia-acquisition;VV=v1.1.0	confluent
hFF_conf_sc_9	Homo sapiens	NT=prepuce of penis;AC=UBERON:0001332	NT=fibroblast;AC=CL:0000057	NT=normal;AC=PATO:0000461	hFF	not available	not available	not available	male	9	single cell	cellenONE	hFF_conf_sc_9	1	confluent	run 145	proteomic profiling by mass spectrometry	Data-independent acquisition	NT=Orbitrap Astral;AC=MS:1003378	SILAC	NT=Label:13C(6)15N(2);AC=UNIMOD:259;TA=K;MT=Variable	NT=Label:13C(6)15N(4);AC=UNIMOD:267;TA=R;MT=Variable	NT=Oxidation;AC=UNIMOD:35;TA=M;MT=Variable	NT=Acetyl;AC=UNIMOD:1;PP=Protein N-term;MT=Variable	NT=Trypsin;AC=MS:1001251	NT=Lys-C;AC=MS:1001309	NT=beam-type collision-induced dissociation;AC=MS:1000422	27 NCE	380	980	4	1	1	20240719_AST5_Evo3_IO5cmL_PS_SC_pSILAC_hFF_conf_09.raw	v1.1.0	NT=ms-proteomics;VV=v1.1.0	NT=human;VV=v1.1.0	NT=cell-lines;VV=v1.1.0	NT=single-cell;VV=v1.0.0	NT=dia-acquisition;VV=v1.1.0	confluent
hFF_conf_sc_10	Homo sapiens	NT=prepuce of penis;AC=UBERON:0001332	NT=fibroblast;AC=CL:0000057	NT=normal;AC=PATO:0000461	hFF	not available	not available	not available	male	10	single cell	cellenONE	hFF_conf_sc_10	1	confluent	run 146	proteomic profiling by mass spectrometry	Data-independent acquisition	NT=Orbitrap Astral;AC=MS:1003378	SILAC	NT=Label:13C(6)15N(2);AC=UNIMOD:259;TA=K;MT=Variable	NT=Label:13C(6)15N(4);AC=UNIMOD:267;TA=R;MT=Variable	NT=Oxidation;AC=UNIMOD:35;TA=M;MT=Variable	NT=Acetyl;AC=UNIMOD:1;PP=Protein N-term;MT=Variable	NT=Trypsin;AC=MS:1001251	NT=Lys-C;AC=MS:1001309	NT=beam-type collision-induced dissociation;AC=MS:1000422	27 NCE	380	980	4	1	1	20240719_AST5_Evo3_IO5cmL_PS_SC_pSILAC_hFF_conf_10.raw	v1.1.0	NT=ms-proteomics;VV=v1.1.0	NT=human;VV=v1.1.0	NT=cell-lines;VV=v1.1.0	NT=single-cell;VV=v1.0.0	NT=dia-acquisition;VV=v1.1.0	confluent
hFF_conf_sc_11	Homo sapiens	NT=prepuce of penis;AC=UBERON:0001332	NT=fibroblast;AC=CL:0000057	NT=normal;AC=PATO:0000461	hFF	not available	not available	not available	male	11	single cell	cellenONE	hFF_conf_sc_11	1	confluent	run 147	proteomic profiling by mass spectrometry	Data-independent acquisition	NT=Orbitrap Astral;AC=MS:1003378	SILAC	NT=Label:13C(6)15N(2);AC=UNIMOD:259;TA=K;MT=Variable	NT=Label:13C(6)15N(4);AC=UNIMOD:267;TA=R;MT=Variable	NT=Oxidation;AC=UNIMOD:35;TA=M;MT=Variable	NT=Acetyl;AC=UNIMOD:1;PP=Protein N-term;MT=Variable	NT=Trypsin;AC=MS:1001251	NT=Lys-C;AC=MS:1001309	NT=beam-type collision-induced dissociation;AC=MS:1000422	27 NCE	380	980	4	1	1	20240719_AST5_Evo3_IO5cmL_PS_SC_pSILAC_hFF_conf_11.raw	v1.1.0	NT=ms-proteomics;VV=v1.1.0	NT=human;VV=v1.1.0	NT=cell-lines;VV=v1.1.0	NT=single-cell;VV=v1.0.0	NT=dia-acquisition;VV=v1.1.0	confluent
hFF_conf_sc_12	Homo sapiens	NT=prepuce of penis;AC=UBERON:0001332	NT=fibroblast;AC=CL:0000057	NT=normal;AC=PATO:0000461	hFF	not available	not available	not available	male	12	single cell	cellenONE	hFF_conf_sc_12	1	confluent	run 148	proteomic profiling by mass spectrometry	Data-independent acquisition	NT=Orbitrap Astral;AC=MS:1003378	SILAC	NT=Label:13C(6)15N(2);AC=UNIMOD:259;TA=K;MT=Variable	NT=Label:13C(6)15N(4);AC=UNIMOD:267;TA=R;MT=Variable	NT=Oxidation;AC=UNIMOD:35;TA=M;MT=Variable	NT=Acetyl;AC=UNIMOD:1;PP=Protein N-term;MT=Variable	NT=Trypsin;AC=MS:1001251	NT=Lys-C;AC=MS:1001309	NT=beam-type collision-induced dissociation;AC=MS:1000422	27 NCE	380	980	4	1	1	20240719_AST5_Evo3_IO5cmL_PS_SC_pSILAC_hFF_conf_12.raw	v1.1.0	NT=ms-proteomics;VV=v1.1.0	NT=human;VV=v1.1.0	NT=cell-lines;VV=v1.1.0	NT=single-cell;VV=v1.0.0	NT=dia-acquisition;VV=v1.1.0	confluent
hFF_conf_sc_13	Homo sapiens	NT=prepuce of penis;AC=UBERON:0001332	NT=fibroblast;AC=CL:0000057	NT=normal;AC=PATO:0000461	hFF	not available	not available	not available	male	13	single cell	cellenONE	hFF_conf_sc_13	1	confluent	run 149	proteomic profiling by mass spectrometry	Data-independent acquisition	NT=Orbitrap Astral;AC=MS:1003378	SILAC	NT=Label:13C(6)15N(2);AC=UNIMOD:259;TA=K;MT=Variable	NT=Label:13C(6)15N(4);AC=UNIMOD:267;TA=R;MT=Variable	NT=Oxidation;AC=UNIMOD:35;TA=M;MT=Variable	NT=Acetyl;AC=UNIMOD:1;PP=Protein N-term;MT=Variable	NT=Trypsin;AC=MS:1001251	NT=Lys-C;AC=MS:1001309	NT=beam-type collision-induced dissociation;AC=MS:1000422	27 NCE	380	980	4	1	1	20240719_AST5_Evo3_IO5cmL_PS_SC_pSILAC_hFF_conf_13.raw	v1.1.0	NT=ms-proteomics;VV=v1.1.0	NT=human;VV=v1.1.0	NT=cell-lines;VV=v1.1.0	NT=single-cell;VV=v1.0.0	NT=dia-acquisition;VV=v1.1.0	confluent
hFF_conf_sc_14	Homo sapiens	NT=prepuce of penis;AC=UBERON:0001332	NT=fibroblast;AC=CL:0000057	NT=normal;AC=PATO:0000461	hFF	not available	not available	not available	male	14	single cell	cellenONE	hFF_conf_sc_14	1	confluent	run 150	proteomic profiling by mass spectrometry	Data-independent acquisition	NT=Orbitrap Astral;AC=MS:1003378	SILAC	NT=Label:13C(6)15N(2);AC=UNIMOD:259;TA=K;MT=Variable	NT=Label:13C(6)15N(4);AC=UNIMOD:267;TA=R;MT=Variable	NT=Oxidation;AC=UNIMOD:35;TA=M;MT=Variable	NT=Acetyl;AC=UNIMOD:1;PP=Protein N-term;MT=Variable	NT=Trypsin;AC=MS:1001251	NT=Lys-C;AC=MS:1001309	NT=beam-type collision-induced dissociation;AC=MS:1000422	27 NCE	380	980	4	1	1	20240719_AST5_Evo3_IO5cmL_PS_SC_pSILAC_hFF_conf_14.raw	v1.1.0	NT=ms-proteomics;VV=v1.1.0	NT=human;VV=v1.1.0	NT=cell-lines;VV=v1.1.0	NT=single-cell;VV=v1.0.0	NT=dia-acquisition;VV=v1.1.0	confluent
hFF_conf_sc_15	Homo sapiens	NT=prepuce of penis;AC=UBERON:0001332	NT=fibroblast;AC=CL:0000057	NT=normal;AC=PATO:0000461	hFF	not available	not available	not available	male	15	single cell	cellenONE	hFF_conf_sc_15	1	confluent	run 151	proteomic profiling by mass spectrometry	Data-independent acquisition	NT=Orbitrap Astral;AC=MS:1003378	SILAC	NT=Label:13C(6)15N(2);AC=UNIMOD:259;TA=K;MT=Variable	NT=Label:13C(6)15N(4);AC=UNIMOD:267;TA=R;MT=Variable	NT=Oxidation;AC=UNIMOD:35;TA=M;MT=Variable	NT=Acetyl;AC=UNIMOD:1;PP=Protein N-term;MT=Variable	NT=Trypsin;AC=MS:1001251	NT=Lys-C;AC=MS:1001309	NT=beam-type collision-induced dissociation;AC=MS:1000422	27 NCE	380	980	4	1	1	20240719_AST5_Evo3_IO5cmL_PS_SC_pSILAC_hFF_conf_15.raw	v1.1.0	NT=ms-proteomics;VV=v1.1.0	NT=human;VV=v1.1.0	NT=cell-lines;VV=v1.1.0	NT=single-cell;VV=v1.0.0	NT=dia-acquisition;VV=v1.1.0	confluent
hFF_conf_sc_16	Homo sapiens	NT=prepuce of penis;AC=UBERON:0001332	NT=fibroblast;AC=CL:0000057	NT=normal;AC=PATO:0000461	hFF	not available	not available	not available	male	16	single cell	cellenONE	hFF_conf_sc_16	1	confluent	run 152	proteomic profiling by mass spectrometry	Data-independent acquisition	NT=Orbitrap Astral;AC=MS:1003378	SILAC	NT=Label:13C(6)15N(2);AC=UNIMOD:259;TA=K;MT=Variable	NT=Label:13C(6)15N(4);AC=UNIMOD:267;TA=R;MT=Variable	NT=Oxidation;AC=UNIMOD:35;TA=M;MT=Variable	NT=Acetyl;AC=UNIMOD:1;PP=Protein N-term;MT=Variable	NT=Trypsin;AC=MS:1001251	NT=Lys-C;AC=MS:1001309	NT=beam-type collision-induced dissociation;AC=MS:1000422	27 NCE	380	980	4	1	1	20240719_AST5_Evo3_IO5cmL_PS_SC_pSILAC_hFF_conf_16.raw	v1.1.0	NT=ms-proteomics;VV=v1.1.0	NT=human;VV=v1.1.0	NT=cell-lines;VV=v1.1.0	NT=single-cell;VV=v1.0.0	NT=dia-acquisition;VV=v1.1.0	confluent
hFF_conf_sc_17	Homo sapiens	NT=prepuce of penis;AC=UBERON:0001332	NT=fibroblast;AC=CL:0000057	NT=normal;AC=PATO:0000461	hFF	not available	not available	not available	male	17	single cell	cellenONE	hFF_conf_sc_17	1	confluent	run 153	proteomic profiling by mass spectrometry	Data-independent acquisition	NT=Orbitrap Astral;AC=MS:1003378	SILAC	NT=Label:13C(6)15N(2);AC=UNIMOD:259;TA=K;MT=Variable	NT=Label:13C(6)15N(4);AC=UNIMOD:267;TA=R;MT=Variable	NT=Oxidation;AC=UNIMOD:35;TA=M;MT=Variable	NT=Acetyl;AC=UNIMOD:1;PP=Protein N-term;MT=Variable	NT=Trypsin;AC=MS:1001251	NT=Lys-C;AC=MS:1001309	NT=beam-type collision-induced dissociation;AC=MS:1000422	27 NCE	380	980	4	1	1	20240719_AST5_Evo3_IO5cmL_PS_SC_pSILAC_hFF_conf_17.raw	v1.1.0	NT=ms-proteomics;VV=v1.1.0	NT=human;VV=v1.1.0	NT=cell-lines;VV=v1.1.0	NT=single-cell;VV=v1.0.0	NT=dia-acquisition;VV=v1.1.0	confluent
hFF_conf_sc_18	Homo sapiens	NT=prepuce of penis;AC=UBERON:0001332	NT=fibroblast;AC=CL:0000057	NT=normal;AC=PATO:0000461	hFF	not available	not available	not available	male	18	single cell	cellenONE	hFF_conf_sc_18	1	confluent	run 154	proteomic profiling by mass spectrometry	Data-independent acquisition	NT=Orbitrap Astral;AC=MS:1003378	SILAC	NT=Label:13C(6)15N(2);AC=UNIMOD:259;TA=K;MT=Variable	NT=Label:13C(6)15N(4);AC=UNIMOD:267;TA=R;MT=Variable	NT=Oxidation;AC=UNIMOD:35;TA=M;MT=Variable	NT=Acetyl;AC=UNIMOD:1;PP=Protein N-term;MT=Variable	NT=Trypsin;AC=MS:1001251	NT=Lys-C;AC=MS:1001309	NT=beam-type collision-induced dissociation;AC=MS:1000422	27 NCE	380	980	4	1	1	20240719_AST5_Evo3_IO5cmL_PS_SC_pSILAC_hFF_conf_18.raw	v1.1.0	NT=ms-proteomics;VV=v1.1.0	NT=human;VV=v1.1.0	NT=cell-lines;VV=v1.1.0	NT=single-cell;VV=v1.0.0	NT=dia-acquisition;VV=v1.1.0	confluent
hFF_conf_sc_19	Homo sapiens	NT=prepuce of penis;AC=UBERON:0001332	NT=fibroblast;AC=CL:0000057	NT=normal;AC=PATO:0000461	hFF	not available	not available	not available	male	19	single cell	cellenONE	hFF_conf_sc_19	1	confluent	run 155	proteomic profiling by mass spectrometry	Data-independent acquisition	NT=Orbitrap Astral;AC=MS:1003378	SILAC	NT=Label:13C(6)15N(2);AC=UNIMOD:259;TA=K;MT=Variable	NT=Label:13C(6)15N(4);AC=UNIMOD:267;TA=R;MT=Variable	NT=Oxidation;AC=UNIMOD:35;TA=M;MT=Variable	NT=Acetyl;AC=UNIMOD:1;PP=Protein N-term;MT=Variable	NT=Trypsin;AC=MS:1001251	NT=Lys-C;AC=MS:1001309	NT=beam-type collision-induced dissociation;AC=MS:1000422	27 NCE	380	980	4	1	1	20240719_AST5_Evo3_IO5cmL_PS_SC_pSILAC_hFF_conf_19.raw	v1.1.0	NT=ms-proteomics;VV=v1.1.0	NT=human;VV=v1.1.0	NT=cell-lines;VV=v1.1.0	NT=single-cell;VV=v1.0.0	NT=dia-acquisition;VV=v1.1.0	confluent
hFF_conf_sc_20	Homo sapiens	NT=prepuce of penis;AC=UBERON:0001332	NT=fibroblast;AC=CL:0000057	NT=normal;AC=PATO:0000461	hFF	not available	not available	not available	male	20	single cell	cellenONE	hFF_conf_sc_20	1	confluent	run 156	proteomic profiling by mass spectrometry	Data-independent acquisition	NT=Orbitrap Astral;AC=MS:1003378	SILAC	NT=Label:13C(6)15N(2);AC=UNIMOD:259;TA=K;MT=Variable	NT=Label:13C(6)15N(4);AC=UNIMOD:267;TA=R;MT=Variable	NT=Oxidation;AC=UNIMOD:35;TA=M;MT=Variable	NT=Acetyl;AC=UNIMOD:1;PP=Protein N-term;MT=Variable	NT=Trypsin;AC=MS:1001251	NT=Lys-C;AC=MS:1001309	NT=beam-type collision-induced dissociation;AC=MS:1000422	27 NCE	380	980	4	1	1	20240719_AST5_Evo3_IO5cmL_PS_SC_pSILAC_hFF_conf_20.raw	v1.1.0	NT=ms-proteomics;VV=v1.1.0	NT=human;VV=v1.1.0	NT=cell-lines;VV=v1.1.0	NT=single-cell;VV=v1.0.0	NT=dia-acquisition;VV=v1.1.0	confluent
hFF_conf_sc_21	Homo sapiens	NT=prepuce of penis;AC=UBERON:0001332	NT=fibroblast;AC=CL:0000057	NT=normal;AC=PATO:0000461	hFF	not available	not available	not available	male	21	single cell	cellenONE	hFF_conf_sc_21	1	confluent	run 157	proteomic profiling by mass spectrometry	Data-independent acquisition	NT=Orbitrap Astral;AC=MS:1003378	SILAC	NT=Label:13C(6)15N(2);AC=UNIMOD:259;TA=K;MT=Variable	NT=Label:13C(6)15N(4);AC=UNIMOD:267;TA=R;MT=Variable	NT=Oxidation;AC=UNIMOD:35;TA=M;MT=Variable	NT=Acetyl;AC=UNIMOD:1;PP=Protein N-term;MT=Variable	NT=Trypsin;AC=MS:1001251	NT=Lys-C;AC=MS:1001309	NT=beam-type collision-induced dissociation;AC=MS:1000422	27 NCE	380	980	4	1	1	20240719_AST5_Evo3_IO5cmL_PS_SC_pSILAC_hFF_conf_21.raw	v1.1.0	NT=ms-proteomics;VV=v1.1.0	NT=human;VV=v1.1.0	NT=cell-lines;VV=v1.1.0	NT=single-cell;VV=v1.0.0	NT=dia-acquisition;VV=v1.1.0	confluent
hFF_conf_sc_22	Homo sapiens	NT=prepuce of penis;AC=UBERON:0001332	NT=fibroblast;AC=CL:0000057	NT=normal;AC=PATO:0000461	hFF	not available	not available	not available	male	22	single cell	cellenONE	hFF_conf_sc_22	1	confluent	run 158	proteomic profiling by mass spectrometry	Data-independent acquisition	NT=Orbitrap Astral;AC=MS:1003378	SILAC	NT=Label:13C(6)15N(2);AC=UNIMOD:259;TA=K;MT=Variable	NT=Label:13C(6)15N(4);AC=UNIMOD:267;TA=R;MT=Variable	NT=Oxidation;AC=UNIMOD:35;TA=M;MT=Variable	NT=Acetyl;AC=UNIMOD:1;PP=Protein N-term;MT=Variable	NT=Trypsin;AC=MS:1001251	NT=Lys-C;AC=MS:1001309	NT=beam-type collision-induced dissociation;AC=MS:1000422	27 NCE	380	980	4	1	1	20240719_AST5_Evo3_IO5cmL_PS_SC_pSILAC_hFF_conf_22.raw	v1.1.0	NT=ms-proteomics;VV=v1.1.0	NT=human;VV=v1.1.0	NT=cell-lines;VV=v1.1.0	NT=single-cell;VV=v1.0.0	NT=dia-acquisition;VV=v1.1.0	confluent
hFF_conf_sc_23	Homo sapiens	NT=prepuce of penis;AC=UBERON:0001332	NT=fibroblast;AC=CL:0000057	NT=normal;AC=PATO:0000461	hFF	not available	not available	not available	male	23	single cell	cellenONE	hFF_conf_sc_23	1	confluent	run 159	proteomic profiling by mass spectrometry	Data-independent acquisition	NT=Orbitrap Astral;AC=MS:1003378	SILAC	NT=Label:13C(6)15N(2);AC=UNIMOD:259;TA=K;MT=Variable	NT=Label:13C(6)15N(4);AC=UNIMOD:267;TA=R;MT=Variable	NT=Oxidation;AC=UNIMOD:35;TA=M;MT=Variable	NT=Acetyl;AC=UNIMOD:1;PP=Protein N-term;MT=Variable	NT=Trypsin;AC=MS:1001251	NT=Lys-C;AC=MS:1001309	NT=beam-type collision-induced dissociation;AC=MS:1000422	27 NCE	380	980	4	1	1	20240719_AST5_Evo3_IO5cmL_PS_SC_pSILAC_hFF_conf_23.raw	v1.1.0	NT=ms-proteomics;VV=v1.1.0	NT=human;VV=v1.1.0	NT=cell-lines;VV=v1.1.0	NT=single-cell;VV=v1.0.0	NT=dia-acquisition;VV=v1.1.0	confluent
hFF_conf_sc_24	Homo sapiens	NT=prepuce of penis;AC=UBERON:0001332	NT=fibroblast;AC=CL:0000057	NT=normal;AC=PATO:0000461	hFF	not available	not available	not available	male	24	single cell	cellenONE	hFF_conf_sc_24	1	confluent	run 160	proteomic profiling by mass spectrometry	Data-independent acquisition	NT=Orbitrap Astral;AC=MS:1003378	SILAC	NT=Label:13C(6)15N(2);AC=UNIMOD:259;TA=K;MT=Variable	NT=Label:13C(6)15N(4);AC=UNIMOD:267;TA=R;MT=Variable	NT=Oxidation;AC=UNIMOD:35;TA=M;MT=Variable	NT=Acetyl;AC=UNIMOD:1;PP=Protein N-term;MT=Variable	NT=Trypsin;AC=MS:1001251	NT=Lys-C;AC=MS:1001309	NT=beam-type collision-induced dissociation;AC=MS:1000422	27 NCE	380	980	4	1	1	20240719_AST5_Evo3_IO5cmL_PS_SC_pSILAC_hFF_conf_24.raw	v1.1.0	NT=ms-proteomics;VV=v1.1.0	NT=human;VV=v1.1.0	NT=cell-lines;VV=v1.1.0	NT=single-cell;VV=v1.0.0	NT=dia-acquisition;VV=v1.1.0	confluent
hFF_conf_sc_25	Homo sapiens	NT=prepuce of penis;AC=UBERON:0001332	NT=fibroblast;AC=CL:0000057	NT=normal;AC=PATO:0000461	hFF	not available	not available	not available	male	25	single cell	cellenONE	hFF_conf_sc_25	1	confluent	run 161	proteomic profiling by mass spectrometry	Data-independent acquisition	NT=Orbitrap Astral;AC=MS:1003378	SILAC	NT=Label:13C(6)15N(2);AC=UNIMOD:259;TA=K;MT=Variable	NT=Label:13C(6)15N(4);AC=UNIMOD:267;TA=R;MT=Variable	NT=Oxidation;AC=UNIMOD:35;TA=M;MT=Variable	NT=Acetyl;AC=UNIMOD:1;PP=Protein N-term;MT=Variable	NT=Trypsin;AC=MS:1001251	NT=Lys-C;AC=MS:1001309	NT=beam-type collision-induced dissociation;AC=MS:1000422	27 NCE	380	980	4	1	1	20240719_AST5_Evo3_IO5cmL_PS_SC_pSILAC_hFF_conf_25.raw	v1.1.0	NT=ms-proteomics;VV=v1.1.0	NT=human;VV=v1.1.0	NT=cell-lines;VV=v1.1.0	NT=single-cell;VV=v1.0.0	NT=dia-acquisition;VV=v1.1.0	confluent
hFF_conf_sc_26	Homo sapiens	NT=prepuce of penis;AC=UBERON:0001332	NT=fibroblast;AC=CL:0000057	NT=normal;AC=PATO:0000461	hFF	not available	not available	not available	male	26	single cell	cellenONE	hFF_conf_sc_26	1	confluent	run 162	proteomic profiling by mass spectrometry	Data-independent acquisition	NT=Orbitrap Astral;AC=MS:1003378	SILAC	NT=Label:13C(6)15N(2);AC=UNIMOD:259;TA=K;MT=Variable	NT=Label:13C(6)15N(4);AC=UNIMOD:267;TA=R;MT=Variable	NT=Oxidation;AC=UNIMOD:35;TA=M;MT=Variable	NT=Acetyl;AC=UNIMOD:1;PP=Protein N-term;MT=Variable	NT=Trypsin;AC=MS:1001251	NT=Lys-C;AC=MS:1001309	NT=beam-type collision-induced dissociation;AC=MS:1000422	27 NCE	380	980	4	1	1	20240719_AST5_Evo3_IO5cmL_PS_SC_pSILAC_hFF_conf_26.raw	v1.1.0	NT=ms-proteomics;VV=v1.1.0	NT=human;VV=v1.1.0	NT=cell-lines;VV=v1.1.0	NT=single-cell;VV=v1.0.0	NT=dia-acquisition;VV=v1.1.0	confluent
hFF_conf_sc_27	Homo sapiens	NT=prepuce of penis;AC=UBERON:0001332	NT=fibroblast;AC=CL:0000057	NT=normal;AC=PATO:0000461	hFF	not available	not available	not available	male	27	single cell	cellenONE	hFF_conf_sc_27	1	confluent	run 163	proteomic profiling by mass spectrometry	Data-independent acquisition	NT=Orbitrap Astral;AC=MS:1003378	SILAC	NT=Label:13C(6)15N(2);AC=UNIMOD:259;TA=K;MT=Variable	NT=Label:13C(6)15N(4);AC=UNIMOD:267;TA=R;MT=Variable	NT=Oxidation;AC=UNIMOD:35;TA=M;MT=Variable	NT=Acetyl;AC=UNIMOD:1;PP=Protein N-term;MT=Variable	NT=Trypsin;AC=MS:1001251	NT=Lys-C;AC=MS:1001309	NT=beam-type collision-induced dissociation;AC=MS:1000422	27 NCE	380	980	4	1	1	20240719_AST5_Evo3_IO5cmL_PS_SC_pSILAC_hFF_conf_27.raw	v1.1.0	NT=ms-proteomics;VV=v1.1.0	NT=human;VV=v1.1.0	NT=cell-lines;VV=v1.1.0	NT=single-cell;VV=v1.0.0	NT=dia-acquisition;VV=v1.1.0	confluent
hFF_conf_sc_28	Homo sapiens	NT=prepuce of penis;AC=UBERON:0001332	NT=fibroblast;AC=CL:0000057	NT=normal;AC=PATO:0000461	hFF	not available	not available	not available	male	28	single cell	cellenONE	hFF_conf_sc_28	1	confluent	run 164	proteomic profiling by mass spectrometry	Data-independent acquisition	NT=Orbitrap Astral;AC=MS:1003378	SILAC	NT=Label:13C(6)15N(2);AC=UNIMOD:259;TA=K;MT=Variable	NT=Label:13C(6)15N(4);AC=UNIMOD:267;TA=R;MT=Variable	NT=Oxidation;AC=UNIMOD:35;TA=M;MT=Variable	NT=Acetyl;AC=UNIMOD:1;PP=Protein N-term;MT=Variable	NT=Trypsin;AC=MS:1001251	NT=Lys-C;AC=MS:1001309	NT=beam-type collision-induced dissociation;AC=MS:1000422	27 NCE	380	980	4	1	1	20240719_AST5_Evo3_IO5cmL_PS_SC_pSILAC_hFF_conf_28.raw	v1.1.0	NT=ms-proteomics;VV=v1.1.0	NT=human;VV=v1.1.0	NT=cell-lines;VV=v1.1.0	NT=single-cell;VV=v1.0.0	NT=dia-acquisition;VV=v1.1.0	confluent
hFF_conf_sc_29	Homo sapiens	NT=prepuce of penis;AC=UBERON:0001332	NT=fibroblast;AC=CL:0000057	NT=normal;AC=PATO:0000461	hFF	not available	not available	not available	male	29	single cell	cellenONE	hFF_conf_sc_29	1	confluent	run 165	proteomic profiling by mass spectrometry	Data-independent acquisition	NT=Orbitrap Astral;AC=MS:1003378	SILAC	NT=Label:13C(6)15N(2);AC=UNIMOD:259;TA=K;MT=Variable	NT=Label:13C(6)15N(4);AC=UNIMOD:267;TA=R;MT=Variable	NT=Oxidation;AC=UNIMOD:35;TA=M;MT=Variable	NT=Acetyl;AC=UNIMOD:1;PP=Protein N-term;MT=Variable	NT=Trypsin;AC=MS:1001251	NT=Lys-C;AC=MS:1001309	NT=beam-type collision-induced dissociation;AC=MS:1000422	27 NCE	380	980	4	1	1	20240719_AST5_Evo3_IO5cmL_PS_SC_pSILAC_hFF_conf_29.raw	v1.1.0	NT=ms-proteomics;VV=v1.1.0	NT=human;VV=v1.1.0	NT=cell-lines;VV=v1.1.0	NT=single-cell;VV=v1.0.0	NT=dia-acquisition;VV=v1.1.0	confluent
hFF_conf_sc_30	Homo sapiens	NT=prepuce of penis;AC=UBERON:0001332	NT=fibroblast;AC=CL:0000057	NT=normal;AC=PATO:0000461	hFF	not available	not available	not available	male	30	single cell	cellenONE	hFF_conf_sc_30	1	confluent	run 166	proteomic profiling by mass spectrometry	Data-independent acquisition	NT=Orbitrap Astral;AC=MS:1003378	SILAC	NT=Label:13C(6)15N(2);AC=UNIMOD:259;TA=K;MT=Variable	NT=Label:13C(6)15N(4);AC=UNIMOD:267;TA=R;MT=Variable	NT=Oxidation;AC=UNIMOD:35;TA=M;MT=Variable	NT=Acetyl;AC=UNIMOD:1;PP=Protein N-term;MT=Variable	NT=Trypsin;AC=MS:1001251	NT=Lys-C;AC=MS:1001309	NT=beam-type collision-induced dissociation;AC=MS:1000422	27 NCE	380	980	4	1	1	20240719_AST5_Evo3_IO5cmL_PS_SC_pSILAC_hFF_conf_30.raw	v1.1.0	NT=ms-proteomics;VV=v1.1.0	NT=human;VV=v1.1.0	NT=cell-lines;VV=v1.1.0	NT=single-cell;VV=v1.0.0	NT=dia-acquisition;VV=v1.1.0	confluent
hFF_conf_sc_31	Homo sapiens	NT=prepuce of penis;AC=UBERON:0001332	NT=fibroblast;AC=CL:0000057	NT=normal;AC=PATO:0000461	hFF	not available	not available	not available	male	31	single cell	cellenONE	hFF_conf_sc_31	1	confluent	run 167	proteomic profiling by mass spectrometry	Data-independent acquisition	NT=Orbitrap Astral;AC=MS:1003378	SILAC	NT=Label:13C(6)15N(2);AC=UNIMOD:259;TA=K;MT=Variable	NT=Label:13C(6)15N(4);AC=UNIMOD:267;TA=R;MT=Variable	NT=Oxidation;AC=UNIMOD:35;TA=M;MT=Variable	NT=Acetyl;AC=UNIMOD:1;PP=Protein N-term;MT=Variable	NT=Trypsin;AC=MS:1001251	NT=Lys-C;AC=MS:1001309	NT=beam-type collision-induced dissociation;AC=MS:1000422	27 NCE	380	980	4	1	1	20240719_AST5_Evo3_IO5cmL_PS_SC_pSILAC_hFF_conf_31.raw	v1.1.0	NT=ms-proteomics;VV=v1.1.0	NT=human;VV=v1.1.0	NT=cell-lines;VV=v1.1.0	NT=single-cell;VV=v1.0.0	NT=dia-acquisition;VV=v1.1.0	confluent
hFF_conf_sc_32	Homo sapiens	NT=prepuce of penis;AC=UBERON:0001332	NT=fibroblast;AC=CL:0000057	NT=normal;AC=PATO:0000461	hFF	not available	not available	not available	male	32	single cell	cellenONE	hFF_conf_sc_32	1	confluent	run 168	proteomic profiling by mass spectrometry	Data-independent acquisition	NT=Orbitrap Astral;AC=MS:1003378	SILAC	NT=Label:13C(6)15N(2);AC=UNIMOD:259;TA=K;MT=Variable	NT=Label:13C(6)15N(4);AC=UNIMOD:267;TA=R;MT=Variable	NT=Oxidation;AC=UNIMOD:35;TA=M;MT=Variable	NT=Acetyl;AC=UNIMOD:1;PP=Protein N-term;MT=Variable	NT=Trypsin;AC=MS:1001251	NT=Lys-C;AC=MS:1001309	NT=beam-type collision-induced dissociation;AC=MS:1000422	27 NCE	380	980	4	1	1	20240719_AST5_Evo3_IO5cmL_PS_SC_pSILAC_hFF_conf_32.raw	v1.1.0	NT=ms-proteomics;VV=v1.1.0	NT=human;VV=v1.1.0	NT=cell-lines;VV=v1.1.0	NT=single-cell;VV=v1.0.0	NT=dia-acquisition;VV=v1.1.0	confluent
hFF_conf_sc_33	Homo sapiens	NT=prepuce of penis;AC=UBERON:0001332	NT=fibroblast;AC=CL:0000057	NT=normal;AC=PATO:0000461	hFF	not available	not available	not available	male	33	single cell	cellenONE	hFF_conf_sc_33	1	confluent	run 169	proteomic profiling by mass spectrometry	Data-independent acquisition	NT=Orbitrap Astral;AC=MS:1003378	SILAC	NT=Label:13C(6)15N(2);AC=UNIMOD:259;TA=K;MT=Variable	NT=Label:13C(6)15N(4);AC=UNIMOD:267;TA=R;MT=Variable	NT=Oxidation;AC=UNIMOD:35;TA=M;MT=Variable	NT=Acetyl;AC=UNIMOD:1;PP=Protein N-term;MT=Variable	NT=Trypsin;AC=MS:1001251	NT=Lys-C;AC=MS:1001309	NT=beam-type collision-induced dissociation;AC=MS:1000422	27 NCE	380	980	4	1	1	20240719_AST5_Evo3_IO5cmL_PS_SC_pSILAC_hFF_conf_33.raw	v1.1.0	NT=ms-proteomics;VV=v1.1.0	NT=human;VV=v1.1.0	NT=cell-lines;VV=v1.1.0	NT=single-cell;VV=v1.0.0	NT=dia-acquisition;VV=v1.1.0	confluent
hFF_conf_sc_34	Homo sapiens	NT=prepuce of penis;AC=UBERON:0001332	NT=fibroblast;AC=CL:0000057	NT=normal;AC=PATO:0000461	hFF	not available	not available	not available	male	34	single cell	cellenONE	hFF_conf_sc_34	1	confluent	run 170	proteomic profiling by mass spectrometry	Data-independent acquisition	NT=Orbitrap Astral;AC=MS:1003378	SILAC	NT=Label:13C(6)15N(2);AC=UNIMOD:259;TA=K;MT=Variable	NT=Label:13C(6)15N(4);AC=UNIMOD:267;TA=R;MT=Variable	NT=Oxidation;AC=UNIMOD:35;TA=M;MT=Variable	NT=Acetyl;AC=UNIMOD:1;PP=Protein N-term;MT=Variable	NT=Trypsin;AC=MS:1001251	NT=Lys-C;AC=MS:1001309	NT=beam-type collision-induced dissociation;AC=MS:1000422	27 NCE	380	980	4	1	1	20240719_AST5_Evo3_IO5cmL_PS_SC_pSILAC_hFF_conf_34.raw	v1.1.0	NT=ms-proteomics;VV=v1.1.0	NT=human;VV=v1.1.0	NT=cell-lines;VV=v1.1.0	NT=single-cell;VV=v1.0.0	NT=dia-acquisition;VV=v1.1.0	confluent
hFF_conf_sc_35	Homo sapiens	NT=prepuce of penis;AC=UBERON:0001332	NT=fibroblast;AC=CL:0000057	NT=normal;AC=PATO:0000461	hFF	not available	not available	not available	male	35	single cell	cellenONE	hFF_conf_sc_35	1	confluent	run 171	proteomic profiling by mass spectrometry	Data-independent acquisition	NT=Orbitrap Astral;AC=MS:1003378	SILAC	NT=Label:13C(6)15N(2);AC=UNIMOD:259;TA=K;MT=Variable	NT=Label:13C(6)15N(4);AC=UNIMOD:267;TA=R;MT=Variable	NT=Oxidation;AC=UNIMOD:35;TA=M;MT=Variable	NT=Acetyl;AC=UNIMOD:1;PP=Protein N-term;MT=Variable	NT=Trypsin;AC=MS:1001251	NT=Lys-C;AC=MS:1001309	NT=beam-type collision-induced dissociation;AC=MS:1000422	27 NCE	380	980	4	1	1	20240719_AST5_Evo3_IO5cmL_PS_SC_pSILAC_hFF_conf_35.raw	v1.1.0	NT=ms-proteomics;VV=v1.1.0	NT=human;VV=v1.1.0	NT=cell-lines;VV=v1.1.0	NT=single-cell;VV=v1.0.0	NT=dia-acquisition;VV=v1.1.0	confluent
hFF_conf_sc_36	Homo sapiens	NT=prepuce of penis;AC=UBERON:0001332	NT=fibroblast;AC=CL:0000057	NT=normal;AC=PATO:0000461	hFF	not available	not available	not available	male	36	single cell	cellenONE	hFF_conf_sc_36	1	confluent	run 172	proteomic profiling by mass spectrometry	Data-independent acquisition	NT=Orbitrap Astral;AC=MS:1003378	SILAC	NT=Label:13C(6)15N(2);AC=UNIMOD:259;TA=K;MT=Variable	NT=Label:13C(6)15N(4);AC=UNIMOD:267;TA=R;MT=Variable	NT=Oxidation;AC=UNIMOD:35;TA=M;MT=Variable	NT=Acetyl;AC=UNIMOD:1;PP=Protein N-term;MT=Variable	NT=Trypsin;AC=MS:1001251	NT=Lys-C;AC=MS:1001309	NT=beam-type collision-induced dissociation;AC=MS:1000422	27 NCE	380	980	4	1	1	20240719_AST5_Evo3_IO5cmL_PS_SC_pSILAC_hFF_conf_36.raw	v1.1.0	NT=ms-proteomics;VV=v1.1.0	NT=human;VV=v1.1.0	NT=cell-lines;VV=v1.1.0	NT=single-cell;VV=v1.0.0	NT=dia-acquisition;VV=v1.1.0	confluent
hFF_conf_sc_37	Homo sapiens	NT=prepuce of penis;AC=UBERON:0001332	NT=fibroblast;AC=CL:0000057	NT=normal;AC=PATO:0000461	hFF	not available	not available	not available	male	37	single cell	cellenONE	hFF_conf_sc_37	1	confluent	run 173	proteomic profiling by mass spectrometry	Data-independent acquisition	NT=Orbitrap Astral;AC=MS:1003378	SILAC	NT=Label:13C(6)15N(2);AC=UNIMOD:259;TA=K;MT=Variable	NT=Label:13C(6)15N(4);AC=UNIMOD:267;TA=R;MT=Variable	NT=Oxidation;AC=UNIMOD:35;TA=M;MT=Variable	NT=Acetyl;AC=UNIMOD:1;PP=Protein N-term;MT=Variable	NT=Trypsin;AC=MS:1001251	NT=Lys-C;AC=MS:1001309	NT=beam-type collision-induced dissociation;AC=MS:1000422	27 NCE	380	980	4	1	1	20240719_AST5_Evo3_IO5cmL_PS_SC_pSILAC_hFF_conf_37.raw	v1.1.0	NT=ms-proteomics;VV=v1.1.0	NT=human;VV=v1.1.0	NT=cell-lines;VV=v1.1.0	NT=single-cell;VV=v1.0.0	NT=dia-acquisition;VV=v1.1.0	confluent
hFF_conf_sc_38	Homo sapiens	NT=prepuce of penis;AC=UBERON:0001332	NT=fibroblast;AC=CL:0000057	NT=normal;AC=PATO:0000461	hFF	not available	not available	not available	male	38	single cell	cellenONE	hFF_conf_sc_38	1	confluent	run 174	proteomic profiling by mass spectrometry	Data-independent acquisition	NT=Orbitrap Astral;AC=MS:1003378	SILAC	NT=Label:13C(6)15N(2);AC=UNIMOD:259;TA=K;MT=Variable	NT=Label:13C(6)15N(4);AC=UNIMOD:267;TA=R;MT=Variable	NT=Oxidation;AC=UNIMOD:35;TA=M;MT=Variable	NT=Acetyl;AC=UNIMOD:1;PP=Protein N-term;MT=Variable	NT=Trypsin;AC=MS:1001251	NT=Lys-C;AC=MS:1001309	NT=beam-type collision-induced dissociation;AC=MS:1000422	27 NCE	380	980	4	1	1	20240719_AST5_Evo3_IO5cmL_PS_SC_pSILAC_hFF_conf_38.raw	v1.1.0	NT=ms-proteomics;VV=v1.1.0	NT=human;VV=v1.1.0	NT=cell-lines;VV=v1.1.0	NT=single-cell;VV=v1.0.0	NT=dia-acquisition;VV=v1.1.0	confluent
hFF_conf_sc_39	Homo sapiens	NT=prepuce of penis;AC=UBERON:0001332	NT=fibroblast;AC=CL:0000057	NT=normal;AC=PATO:0000461	hFF	not available	not available	not available	male	39	single cell	cellenONE	hFF_conf_sc_39	1	confluent	run 175	proteomic profiling by mass spectrometry	Data-independent acquisition	NT=Orbitrap Astral;AC=MS:1003378	SILAC	NT=Label:13C(6)15N(2);AC=UNIMOD:259;TA=K;MT=Variable	NT=Label:13C(6)15N(4);AC=UNIMOD:267;TA=R;MT=Variable	NT=Oxidation;AC=UNIMOD:35;TA=M;MT=Variable	NT=Acetyl;AC=UNIMOD:1;PP=Protein N-term;MT=Variable	NT=Trypsin;AC=MS:1001251	NT=Lys-C;AC=MS:1001309	NT=beam-type collision-induced dissociation;AC=MS:1000422	27 NCE	380	980	4	1	1	20240719_AST5_Evo3_IO5cmL_PS_SC_pSILAC_hFF_conf_39.raw	v1.1.0	NT=ms-proteomics;VV=v1.1.0	NT=human;VV=v1.1.0	NT=cell-lines;VV=v1.1.0	NT=single-cell;VV=v1.0.0	NT=dia-acquisition;VV=v1.1.0	confluent
hFF_conf_sc_40	Homo sapiens	NT=prepuce of penis;AC=UBERON:0001332	NT=fibroblast;AC=CL:0000057	NT=normal;AC=PATO:0000461	hFF	not available	not available	not available	male	40	single cell	cellenONE	hFF_conf_sc_40	1	confluent	run 176	proteomic profiling by mass spectrometry	Data-independent acquisition	NT=Orbitrap Astral;AC=MS:1003378	SILAC	NT=Label:13C(6)15N(2);AC=UNIMOD:259;TA=K;MT=Variable	NT=Label:13C(6)15N(4);AC=UNIMOD:267;TA=R;MT=Variable	NT=Oxidation;AC=UNIMOD:35;TA=M;MT=Variable	NT=Acetyl;AC=UNIMOD:1;PP=Protein N-term;MT=Variable	NT=Trypsin;AC=MS:1001251	NT=Lys-C;AC=MS:1001309	NT=beam-type collision-induced dissociation;AC=MS:1000422	27 NCE	380	980	4	1	1	20240719_AST5_Evo3_IO5cmL_PS_SC_pSILAC_hFF_conf_40.raw	v1.1.0	NT=ms-proteomics;VV=v1.1.0	NT=human;VV=v1.1.0	NT=cell-lines;VV=v1.1.0	NT=single-cell;VV=v1.0.0	NT=dia-acquisition;VV=v1.1.0	confluent
hFF_conf_sc_41	Homo sapiens	NT=prepuce of penis;AC=UBERON:0001332	NT=fibroblast;AC=CL:0000057	NT=normal;AC=PATO:0000461	hFF	not available	not available	not available	male	41	single cell	cellenONE	hFF_conf_sc_41	1	confluent	run 177	proteomic profiling by mass spectrometry	Data-independent acquisition	NT=Orbitrap Astral;AC=MS:1003378	SILAC	NT=Label:13C(6)15N(2);AC=UNIMOD:259;TA=K;MT=Variable	NT=Label:13C(6)15N(4);AC=UNIMOD:267;TA=R;MT=Variable	NT=Oxidation;AC=UNIMOD:35;TA=M;MT=Variable	NT=Acetyl;AC=UNIMOD:1;PP=Protein N-term;MT=Variable	NT=Trypsin;AC=MS:1001251	NT=Lys-C;AC=MS:1001309	NT=beam-type collision-induced dissociation;AC=MS:1000422	27 NCE	380	980	4	1	1	20240719_AST5_Evo3_IO5cmL_PS_SC_pSILAC_hFF_conf_41.raw	v1.1.0	NT=ms-proteomics;VV=v1.1.0	NT=human;VV=v1.1.0	NT=cell-lines;VV=v1.1.0	NT=single-cell;VV=v1.0.0	NT=dia-acquisition;VV=v1.1.0	confluent
hFF_conf_sc_42	Homo sapiens	NT=prepuce of penis;AC=UBERON:0001332	NT=fibroblast;AC=CL:0000057	NT=normal;AC=PATO:0000461	hFF	not available	not available	not available	male	42	single cell	cellenONE	hFF_conf_sc_42	1	confluent	run 178	proteomic profiling by mass spectrometry	Data-independent acquisition	NT=Orbitrap Astral;AC=MS:1003378	SILAC	NT=Label:13C(6)15N(2);AC=UNIMOD:259;TA=K;MT=Variable	NT=Label:13C(6)15N(4);AC=UNIMOD:267;TA=R;MT=Variable	NT=Oxidation;AC=UNIMOD:35;TA=M;MT=Variable	NT=Acetyl;AC=UNIMOD:1;PP=Protein N-term;MT=Variable	NT=Trypsin;AC=MS:1001251	NT=Lys-C;AC=MS:1001309	NT=beam-type collision-induced dissociation;AC=MS:1000422	27 NCE	380	980	4	1	1	20240719_AST5_Evo3_IO5cmL_PS_SC_pSILAC_hFF_conf_42.raw	v1.1.0	NT=ms-proteomics;VV=v1.1.0	NT=human;VV=v1.1.0	NT=cell-lines;VV=v1.1.0	NT=single-cell;VV=v1.0.0	NT=dia-acquisition;VV=v1.1.0	confluent
hFF_conf_sc_43	Homo sapiens	NT=prepuce of penis;AC=UBERON:0001332	NT=fibroblast;AC=CL:0000057	NT=normal;AC=PATO:0000461	hFF	not available	not available	not available	male	43	single cell	cellenONE	hFF_conf_sc_43	1	confluent	run 179	proteomic profiling by mass spectrometry	Data-independent acquisition	NT=Orbitrap Astral;AC=MS:1003378	SILAC	NT=Label:13C(6)15N(2);AC=UNIMOD:259;TA=K;MT=Variable	NT=Label:13C(6)15N(4);AC=UNIMOD:267;TA=R;MT=Variable	NT=Oxidation;AC=UNIMOD:35;TA=M;MT=Variable	NT=Acetyl;AC=UNIMOD:1;PP=Protein N-term;MT=Variable	NT=Trypsin;AC=MS:1001251	NT=Lys-C;AC=MS:1001309	NT=beam-type collision-induced dissociation;AC=MS:1000422	27 NCE	380	980	4	1	1	20240719_AST5_Evo3_IO5cmL_PS_SC_pSILAC_hFF_conf_43.raw	v1.1.0	NT=ms-proteomics;VV=v1.1.0	NT=human;VV=v1.1.0	NT=cell-lines;VV=v1.1.0	NT=single-cell;VV=v1.0.0	NT=dia-acquisition;VV=v1.1.0	confluent
hFF_conf_sc_44	Homo sapiens	NT=prepuce of penis;AC=UBERON:0001332	NT=fibroblast;AC=CL:0000057	NT=normal;AC=PATO:0000461	hFF	not available	not available	not available	male	44	single cell	cellenONE	hFF_conf_sc_44	1	confluent	run 180	proteomic profiling by mass spectrometry	Data-independent acquisition	NT=Orbitrap Astral;AC=MS:1003378	SILAC	NT=Label:13C(6)15N(2);AC=UNIMOD:259;TA=K;MT=Variable	NT=Label:13C(6)15N(4);AC=UNIMOD:267;TA=R;MT=Variable	NT=Oxidation;AC=UNIMOD:35;TA=M;MT=Variable	NT=Acetyl;AC=UNIMOD:1;PP=Protein N-term;MT=Variable	NT=Trypsin;AC=MS:1001251	NT=Lys-C;AC=MS:1001309	NT=beam-type collision-induced dissociation;AC=MS:1000422	27 NCE	380	980	4	1	1	20240719_AST5_Evo3_IO5cmL_PS_SC_pSILAC_hFF_conf_44.raw	v1.1.0	NT=ms-proteomics;VV=v1.1.0	NT=human;VV=v1.1.0	NT=cell-lines;VV=v1.1.0	NT=single-cell;VV=v1.0.0	NT=dia-acquisition;VV=v1.1.0	confluent
hFF_conf_sc_45	Homo sapiens	NT=prepuce of penis;AC=UBERON:0001332	NT=fibroblast;AC=CL:0000057	NT=normal;AC=PATO:0000461	hFF	not available	not available	not available	male	45	single cell	cellenONE	hFF_conf_sc_45	1	confluent	run 181	proteomic profiling by mass spectrometry	Data-independent acquisition	NT=Orbitrap Astral;AC=MS:1003378	SILAC	NT=Label:13C(6)15N(2);AC=UNIMOD:259;TA=K;MT=Variable	NT=Label:13C(6)15N(4);AC=UNIMOD:267;TA=R;MT=Variable	NT=Oxidation;AC=UNIMOD:35;TA=M;MT=Variable	NT=Acetyl;AC=UNIMOD:1;PP=Protein N-term;MT=Variable	NT=Trypsin;AC=MS:1001251	NT=Lys-C;AC=MS:1001309	NT=beam-type collision-induced dissociation;AC=MS:1000422	27 NCE	380	980	4	1	1	20240719_AST5_Evo3_IO5cmL_PS_SC_pSILAC_hFF_conf_45.raw	v1.1.0	NT=ms-proteomics;VV=v1.1.0	NT=human;VV=v1.1.0	NT=cell-lines;VV=v1.1.0	NT=single-cell;VV=v1.0.0	NT=dia-acquisition;VV=v1.1.0	confluent
hFF_conf_sc_46	Homo sapiens	NT=prepuce of penis;AC=UBERON:0001332	NT=fibroblast;AC=CL:0000057	NT=normal;AC=PATO:0000461	hFF	not available	not available	not available	male	46	single cell	cellenONE	hFF_conf_sc_46	1	confluent	run 182	proteomic profiling by mass spectrometry	Data-independent acquisition	NT=Orbitrap Astral;AC=MS:1003378	SILAC	NT=Label:13C(6)15N(2);AC=UNIMOD:259;TA=K;MT=Variable	NT=Label:13C(6)15N(4);AC=UNIMOD:267;TA=R;MT=Variable	NT=Oxidation;AC=UNIMOD:35;TA=M;MT=Variable	NT=Acetyl;AC=UNIMOD:1;PP=Protein N-term;MT=Variable	NT=Trypsin;AC=MS:1001251	NT=Lys-C;AC=MS:1001309	NT=beam-type collision-induced dissociation;AC=MS:1000422	27 NCE	380	980	4	1	1	20240719_AST5_Evo3_IO5cmL_PS_SC_pSILAC_hFF_conf_46.raw	v1.1.0	NT=ms-proteomics;VV=v1.1.0	NT=human;VV=v1.1.0	NT=cell-lines;VV=v1.1.0	NT=single-cell;VV=v1.0.0	NT=dia-acquisition;VV=v1.1.0	confluent
hFF_conf_sc_47	Homo sapiens	NT=prepuce of penis;AC=UBERON:0001332	NT=fibroblast;AC=CL:0000057	NT=normal;AC=PATO:0000461	hFF	not available	not available	not available	male	47	single cell	cellenONE	hFF_conf_sc_47	1	confluent	run 183	proteomic profiling by mass spectrometry	Data-independent acquisition	NT=Orbitrap Astral;AC=MS:1003378	SILAC	NT=Label:13C(6)15N(2);AC=UNIMOD:259;TA=K;MT=Variable	NT=Label:13C(6)15N(4);AC=UNIMOD:267;TA=R;MT=Variable	NT=Oxidation;AC=UNIMOD:35;TA=M;MT=Variable	NT=Acetyl;AC=UNIMOD:1;PP=Protein N-term;MT=Variable	NT=Trypsin;AC=MS:1001251	NT=Lys-C;AC=MS:1001309	NT=beam-type collision-induced dissociation;AC=MS:1000422	27 NCE	380	980	4	1	1	20240719_AST5_Evo3_IO5cmL_PS_SC_pSILAC_hFF_conf_47.raw	v1.1.0	NT=ms-proteomics;VV=v1.1.0	NT=human;VV=v1.1.0	NT=cell-lines;VV=v1.1.0	NT=single-cell;VV=v1.0.0	NT=dia-acquisition;VV=v1.1.0	confluent
hFF_conf_sc_48	Homo sapiens	NT=prepuce of penis;AC=UBERON:0001332	NT=fibroblast;AC=CL:0000057	NT=normal;AC=PATO:0000461	hFF	not available	not available	not available	male	48	single cell	cellenONE	hFF_conf_sc_48	1	confluent	run 184	proteomic profiling by mass spectrometry	Data-independent acquisition	NT=Orbitrap Astral;AC=MS:1003378	SILAC	NT=Label:13C(6)15N(2);AC=UNIMOD:259;TA=K;MT=Variable	NT=Label:13C(6)15N(4);AC=UNIMOD:267;TA=R;MT=Variable	NT=Oxidation;AC=UNIMOD:35;TA=M;MT=Variable	NT=Acetyl;AC=UNIMOD:1;PP=Protein N-term;MT=Variable	NT=Trypsin;AC=MS:1001251	NT=Lys-C;AC=MS:1001309	NT=beam-type collision-induced dissociation;AC=MS:1000422	27 NCE	380	980	4	1	1	20240719_AST5_Evo3_IO5cmL_PS_SC_pSILAC_hFF_conf_48.raw	v1.1.0	NT=ms-proteomics;VV=v1.1.0	NT=human;VV=v1.1.0	NT=cell-lines;VV=v1.1.0	NT=single-cell;VV=v1.0.0	NT=dia-acquisition;VV=v1.1.0	confluent
hFF_conf_sc_49	Homo sapiens	NT=prepuce of penis;AC=UBERON:0001332	NT=fibroblast;AC=CL:0000057	NT=normal;AC=PATO:0000461	hFF	not available	not available	not available	male	49	single cell	cellenONE	hFF_conf_sc_49	1	confluent	run 185	proteomic profiling by mass spectrometry	Data-independent acquisition	NT=Orbitrap Astral;AC=MS:1003378	SILAC	NT=Label:13C(6)15N(2);AC=UNIMOD:259;TA=K;MT=Variable	NT=Label:13C(6)15N(4);AC=UNIMOD:267;TA=R;MT=Variable	NT=Oxidation;AC=UNIMOD:35;TA=M;MT=Variable	NT=Acetyl;AC=UNIMOD:1;PP=Protein N-term;MT=Variable	NT=Trypsin;AC=MS:1001251	NT=Lys-C;AC=MS:1001309	NT=beam-type collision-induced dissociation;AC=MS:1000422	27 NCE	380	980	4	1	1	20240719_AST5_Evo3_IO5cmL_PS_SC_pSILAC_hFF_conf_49.raw	v1.1.0	NT=ms-proteomics;VV=v1.1.0	NT=human;VV=v1.1.0	NT=cell-lines;VV=v1.1.0	NT=single-cell;VV=v1.0.0	NT=dia-acquisition;VV=v1.1.0	confluent
hFF_conf_sc_50	Homo sapiens	NT=prepuce of penis;AC=UBERON:0001332	NT=fibroblast;AC=CL:0000057	NT=normal;AC=PATO:0000461	hFF	not available	not available	not available	male	50	single cell	cellenONE	hFF_conf_sc_50	1	confluent	run 186	proteomic profiling by mass spectrometry	Data-independent acquisition	NT=Orbitrap Astral;AC=MS:1003378	SILAC	NT=Label:13C(6)15N(2);AC=UNIMOD:259;TA=K;MT=Variable	NT=Label:13C(6)15N(4);AC=UNIMOD:267;TA=R;MT=Variable	NT=Oxidation;AC=UNIMOD:35;TA=M;MT=Variable	NT=Acetyl;AC=UNIMOD:1;PP=Protein N-term;MT=Variable	NT=Trypsin;AC=MS:1001251	NT=Lys-C;AC=MS:1001309	NT=beam-type collision-induced dissociation;AC=MS:1000422	27 NCE	380	980	4	1	1	20240719_AST5_Evo3_IO5cmL_PS_SC_pSILAC_hFF_conf_50.raw	v1.1.0	NT=ms-proteomics;VV=v1.1.0	NT=human;VV=v1.1.0	NT=cell-lines;VV=v1.1.0	NT=single-cell;VV=v1.0.0	NT=dia-acquisition;VV=v1.1.0	confluent
hFF_conf_sc_51	Homo sapiens	NT=prepuce of penis;AC=UBERON:0001332	NT=fibroblast;AC=CL:0000057	NT=normal;AC=PATO:0000461	hFF	not available	not available	not available	male	51	single cell	cellenONE	hFF_conf_sc_51	1	confluent	run 187	proteomic profiling by mass spectrometry	Data-independent acquisition	NT=Orbitrap Astral;AC=MS:1003378	SILAC	NT=Label:13C(6)15N(2);AC=UNIMOD:259;TA=K;MT=Variable	NT=Label:13C(6)15N(4);AC=UNIMOD:267;TA=R;MT=Variable	NT=Oxidation;AC=UNIMOD:35;TA=M;MT=Variable	NT=Acetyl;AC=UNIMOD:1;PP=Protein N-term;MT=Variable	NT=Trypsin;AC=MS:1001251	NT=Lys-C;AC=MS:1001309	NT=beam-type collision-induced dissociation;AC=MS:1000422	27 NCE	380	980	4	1	1	20240719_AST5_Evo3_IO5cmL_PS_SC_pSILAC_hFF_conf_51.raw	v1.1.0	NT=ms-proteomics;VV=v1.1.0	NT=human;VV=v1.1.0	NT=cell-lines;VV=v1.1.0	NT=single-cell;VV=v1.0.0	NT=dia-acquisition;VV=v1.1.0	confluent
hFF_conf_sc_52	Homo sapiens	NT=prepuce of penis;AC=UBERON:0001332	NT=fibroblast;AC=CL:0000057	NT=normal;AC=PATO:0000461	hFF	not available	not available	not available	male	52	single cell	cellenONE	hFF_conf_sc_52	1	confluent	run 188	proteomic profiling by mass spectrometry	Data-independent acquisition	NT=Orbitrap Astral;AC=MS:1003378	SILAC	NT=Label:13C(6)15N(2);AC=UNIMOD:259;TA=K;MT=Variable	NT=Label:13C(6)15N(4);AC=UNIMOD:267;TA=R;MT=Variable	NT=Oxidation;AC=UNIMOD:35;TA=M;MT=Variable	NT=Acetyl;AC=UNIMOD:1;PP=Protein N-term;MT=Variable	NT=Trypsin;AC=MS:1001251	NT=Lys-C;AC=MS:1001309	NT=beam-type collision-induced dissociation;AC=MS:1000422	27 NCE	380	980	4	1	1	20240719_AST5_Evo3_IO5cmL_PS_SC_pSILAC_hFF_conf_52.raw	v1.1.0	NT=ms-proteomics;VV=v1.1.0	NT=human;VV=v1.1.0	NT=cell-lines;VV=v1.1.0	NT=single-cell;VV=v1.0.0	NT=dia-acquisition;VV=v1.1.0	confluent
hFF_conf_sc_53	Homo sapiens	NT=prepuce of penis;AC=UBERON:0001332	NT=fibroblast;AC=CL:0000057	NT=normal;AC=PATO:0000461	hFF	not available	not available	not available	male	53	single cell	cellenONE	hFF_conf_sc_53	1	confluent	run 189	proteomic profiling by mass spectrometry	Data-independent acquisition	NT=Orbitrap Astral;AC=MS:1003378	SILAC	NT=Label:13C(6)15N(2);AC=UNIMOD:259;TA=K;MT=Variable	NT=Label:13C(6)15N(4);AC=UNIMOD:267;TA=R;MT=Variable	NT=Oxidation;AC=UNIMOD:35;TA=M;MT=Variable	NT=Acetyl;AC=UNIMOD:1;PP=Protein N-term;MT=Variable	NT=Trypsin;AC=MS:1001251	NT=Lys-C;AC=MS:1001309	NT=beam-type collision-induced dissociation;AC=MS:1000422	27 NCE	380	980	4	1	1	20240719_AST5_Evo3_IO5cmL_PS_SC_pSILAC_hFF_conf_53.raw	v1.1.0	NT=ms-proteomics;VV=v1.1.0	NT=human;VV=v1.1.0	NT=cell-lines;VV=v1.1.0	NT=single-cell;VV=v1.0.0	NT=dia-acquisition;VV=v1.1.0	confluent
hFF_conf_sc_54	Homo sapiens	NT=prepuce of penis;AC=UBERON:0001332	NT=fibroblast;AC=CL:0000057	NT=normal;AC=PATO:0000461	hFF	not available	not available	not available	male	54	single cell	cellenONE	hFF_conf_sc_54	1	confluent	run 190	proteomic profiling by mass spectrometry	Data-independent acquisition	NT=Orbitrap Astral;AC=MS:1003378	SILAC	NT=Label:13C(6)15N(2);AC=UNIMOD:259;TA=K;MT=Variable	NT=Label:13C(6)15N(4);AC=UNIMOD:267;TA=R;MT=Variable	NT=Oxidation;AC=UNIMOD:35;TA=M;MT=Variable	NT=Acetyl;AC=UNIMOD:1;PP=Protein N-term;MT=Variable	NT=Trypsin;AC=MS:1001251	NT=Lys-C;AC=MS:1001309	NT=beam-type collision-induced dissociation;AC=MS:1000422	27 NCE	380	980	4	1	1	20240719_AST5_Evo3_IO5cmL_PS_SC_pSILAC_hFF_conf_54.raw	v1.1.0	NT=ms-proteomics;VV=v1.1.0	NT=human;VV=v1.1.0	NT=cell-lines;VV=v1.1.0	NT=single-cell;VV=v1.0.0	NT=dia-acquisition;VV=v1.1.0	confluent
hFF_conf_sc_55	Homo sapiens	NT=prepuce of penis;AC=UBERON:0001332	NT=fibroblast;AC=CL:0000057	NT=normal;AC=PATO:0000461	hFF	not available	not available	not available	male	55	single cell	cellenONE	hFF_conf_sc_55	1	confluent	run 191	proteomic profiling by mass spectrometry	Data-independent acquisition	NT=Orbitrap Astral;AC=MS:1003378	SILAC	NT=Label:13C(6)15N(2);AC=UNIMOD:259;TA=K;MT=Variable	NT=Label:13C(6)15N(4);AC=UNIMOD:267;TA=R;MT=Variable	NT=Oxidation;AC=UNIMOD:35;TA=M;MT=Variable	NT=Acetyl;AC=UNIMOD:1;PP=Protein N-term;MT=Variable	NT=Trypsin;AC=MS:1001251	NT=Lys-C;AC=MS:1001309	NT=beam-type collision-induced dissociation;AC=MS:1000422	27 NCE	380	980	4	1	1	20240719_AST5_Evo3_IO5cmL_PS_SC_pSILAC_hFF_conf_55.raw	v1.1.0	NT=ms-proteomics;VV=v1.1.0	NT=human;VV=v1.1.0	NT=cell-lines;VV=v1.1.0	NT=single-cell;VV=v1.0.0	NT=dia-acquisition;VV=v1.1.0	confluent
hFF_conf_sc_56	Homo sapiens	NT=prepuce of penis;AC=UBERON:0001332	NT=fibroblast;AC=CL:0000057	NT=normal;AC=PATO:0000461	hFF	not available	not available	not available	male	56	single cell	cellenONE	hFF_conf_sc_56	1	confluent	run 192	proteomic profiling by mass spectrometry	Data-independent acquisition	NT=Orbitrap Astral;AC=MS:1003378	SILAC	NT=Label:13C(6)15N(2);AC=UNIMOD:259;TA=K;MT=Variable	NT=Label:13C(6)15N(4);AC=UNIMOD:267;TA=R;MT=Variable	NT=Oxidation;AC=UNIMOD:35;TA=M;MT=Variable	NT=Acetyl;AC=UNIMOD:1;PP=Protein N-term;MT=Variable	NT=Trypsin;AC=MS:1001251	NT=Lys-C;AC=MS:1001309	NT=beam-type collision-induced dissociation;AC=MS:1000422	27 NCE	380	980	4	1	1	20240719_AST5_Evo3_IO5cmL_PS_SC_pSILAC_hFF_conf_56.raw	v1.1.0	NT=ms-proteomics;VV=v1.1.0	NT=human;VV=v1.1.0	NT=cell-lines;VV=v1.1.0	NT=single-cell;VV=v1.0.0	NT=dia-acquisition;VV=v1.1.0	confluent
hFF_conf_sc_57	Homo sapiens	NT=prepuce of penis;AC=UBERON:0001332	NT=fibroblast;AC=CL:0000057	NT=normal;AC=PATO:0000461	hFF	not available	not available	not available	male	57	single cell	cellenONE	hFF_conf_sc_57	1	confluent	run 193	proteomic profiling by mass spectrometry	Data-independent acquisition	NT=Orbitrap Astral;AC=MS:1003378	SILAC	NT=Label:13C(6)15N(2);AC=UNIMOD:259;TA=K;MT=Variable	NT=Label:13C(6)15N(4);AC=UNIMOD:267;TA=R;MT=Variable	NT=Oxidation;AC=UNIMOD:35;TA=M;MT=Variable	NT=Acetyl;AC=UNIMOD:1;PP=Protein N-term;MT=Variable	NT=Trypsin;AC=MS:1001251	NT=Lys-C;AC=MS:1001309	NT=beam-type collision-induced dissociation;AC=MS:1000422	27 NCE	380	980	4	1	1	20240719_AST5_Evo3_IO5cmL_PS_SC_pSILAC_hFF_conf_57.raw	v1.1.0	NT=ms-proteomics;VV=v1.1.0	NT=human;VV=v1.1.0	NT=cell-lines;VV=v1.1.0	NT=single-cell;VV=v1.0.0	NT=dia-acquisition;VV=v1.1.0	confluent
hFF_conf_sc_58	Homo sapiens	NT=prepuce of penis;AC=UBERON:0001332	NT=fibroblast;AC=CL:0000057	NT=normal;AC=PATO:0000461	hFF	not available	not available	not available	male	58	single cell	cellenONE	hFF_conf_sc_58	1	confluent	run 194	proteomic profiling by mass spectrometry	Data-independent acquisition	NT=Orbitrap Astral;AC=MS:1003378	SILAC	NT=Label:13C(6)15N(2);AC=UNIMOD:259;TA=K;MT=Variable	NT=Label:13C(6)15N(4);AC=UNIMOD:267;TA=R;MT=Variable	NT=Oxidation;AC=UNIMOD:35;TA=M;MT=Variable	NT=Acetyl;AC=UNIMOD:1;PP=Protein N-term;MT=Variable	NT=Trypsin;AC=MS:1001251	NT=Lys-C;AC=MS:1001309	NT=beam-type collision-induced dissociation;AC=MS:1000422	27 NCE	380	980	4	1	1	20240719_AST5_Evo3_IO5cmL_PS_SC_pSILAC_hFF_conf_58.raw	v1.1.0	NT=ms-proteomics;VV=v1.1.0	NT=human;VV=v1.1.0	NT=cell-lines;VV=v1.1.0	NT=single-cell;VV=v1.0.0	NT=dia-acquisition;VV=v1.1.0	confluent
hFF_conf_sc_59	Homo sapiens	NT=prepuce of penis;AC=UBERON:0001332	NT=fibroblast;AC=CL:0000057	NT=normal;AC=PATO:0000461	hFF	not available	not available	not available	male	59	single cell	cellenONE	hFF_conf_sc_59	1	confluent	run 195	proteomic profiling by mass spectrometry	Data-independent acquisition	NT=Orbitrap Astral;AC=MS:1003378	SILAC	NT=Label:13C(6)15N(2);AC=UNIMOD:259;TA=K;MT=Variable	NT=Label:13C(6)15N(4);AC=UNIMOD:267;TA=R;MT=Variable	NT=Oxidation;AC=UNIMOD:35;TA=M;MT=Variable	NT=Acetyl;AC=UNIMOD:1;PP=Protein N-term;MT=Variable	NT=Trypsin;AC=MS:1001251	NT=Lys-C;AC=MS:1001309	NT=beam-type collision-induced dissociation;AC=MS:1000422	27 NCE	380	980	4	1	1	20240719_AST5_Evo3_IO5cmL_PS_SC_pSILAC_hFF_conf_59.raw	v1.1.0	NT=ms-proteomics;VV=v1.1.0	NT=human;VV=v1.1.0	NT=cell-lines;VV=v1.1.0	NT=single-cell;VV=v1.0.0	NT=dia-acquisition;VV=v1.1.0	confluent
hFF_conf_sc_60	Homo sapiens	NT=prepuce of penis;AC=UBERON:0001332	NT=fibroblast;AC=CL:0000057	NT=normal;AC=PATO:0000461	hFF	not available	not available	not available	male	60	single cell	cellenONE	hFF_conf_sc_60	1	confluent	run 196	proteomic profiling by mass spectrometry	Data-independent acquisition	NT=Orbitrap Astral;AC=MS:1003378	SILAC	NT=Label:13C(6)15N(2);AC=UNIMOD:259;TA=K;MT=Variable	NT=Label:13C(6)15N(4);AC=UNIMOD:267;TA=R;MT=Variable	NT=Oxidation;AC=UNIMOD:35;TA=M;MT=Variable	NT=Acetyl;AC=UNIMOD:1;PP=Protein N-term;MT=Variable	NT=Trypsin;AC=MS:1001251	NT=Lys-C;AC=MS:1001309	NT=beam-type collision-induced dissociation;AC=MS:1000422	27 NCE	380	980	4	1	1	20240719_AST5_Evo3_IO5cmL_PS_SC_pSILAC_hFF_conf_60.raw	v1.1.0	NT=ms-proteomics;VV=v1.1.0	NT=human;VV=v1.1.0	NT=cell-lines;VV=v1.1.0	NT=single-cell;VV=v1.0.0	NT=dia-acquisition;VV=v1.1.0	confluent
hFF_conf_sc_61	Homo sapiens	NT=prepuce of penis;AC=UBERON:0001332	NT=fibroblast;AC=CL:0000057	NT=normal;AC=PATO:0000461	hFF	not available	not available	not available	male	61	single cell	cellenONE	hFF_conf_sc_61	1	confluent	run 197	proteomic profiling by mass spectrometry	Data-independent acquisition	NT=Orbitrap Astral;AC=MS:1003378	SILAC	NT=Label:13C(6)15N(2);AC=UNIMOD:259;TA=K;MT=Variable	NT=Label:13C(6)15N(4);AC=UNIMOD:267;TA=R;MT=Variable	NT=Oxidation;AC=UNIMOD:35;TA=M;MT=Variable	NT=Acetyl;AC=UNIMOD:1;PP=Protein N-term;MT=Variable	NT=Trypsin;AC=MS:1001251	NT=Lys-C;AC=MS:1001309	NT=beam-type collision-induced dissociation;AC=MS:1000422	27 NCE	380	980	4	1	1	20240721_AST5_Evo3_IO5cmL_PS_SC_pSILAC_hFF_conf_61.raw	v1.1.0	NT=ms-proteomics;VV=v1.1.0	NT=human;VV=v1.1.0	NT=cell-lines;VV=v1.1.0	NT=single-cell;VV=v1.0.0	NT=dia-acquisition;VV=v1.1.0	confluent
hFF_conf_sc_62	Homo sapiens	NT=prepuce of penis;AC=UBERON:0001332	NT=fibroblast;AC=CL:0000057	NT=normal;AC=PATO:0000461	hFF	not available	not available	not available	male	62	single cell	cellenONE	hFF_conf_sc_62	1	confluent	run 198	proteomic profiling by mass spectrometry	Data-independent acquisition	NT=Orbitrap Astral;AC=MS:1003378	SILAC	NT=Label:13C(6)15N(2);AC=UNIMOD:259;TA=K;MT=Variable	NT=Label:13C(6)15N(4);AC=UNIMOD:267;TA=R;MT=Variable	NT=Oxidation;AC=UNIMOD:35;TA=M;MT=Variable	NT=Acetyl;AC=UNIMOD:1;PP=Protein N-term;MT=Variable	NT=Trypsin;AC=MS:1001251	NT=Lys-C;AC=MS:1001309	NT=beam-type collision-induced dissociation;AC=MS:1000422	27 NCE	380	980	4	1	1	20240721_AST5_Evo3_IO5cmL_PS_SC_pSILAC_hFF_conf_62.raw	v1.1.0	NT=ms-proteomics;VV=v1.1.0	NT=human;VV=v1.1.0	NT=cell-lines;VV=v1.1.0	NT=single-cell;VV=v1.0.0	NT=dia-acquisition;VV=v1.1.0	confluent
hFF_conf_sc_63	Homo sapiens	NT=prepuce of penis;AC=UBERON:0001332	NT=fibroblast;AC=CL:0000057	NT=normal;AC=PATO:0000461	hFF	not available	not available	not available	male	63	single cell	cellenONE	hFF_conf_sc_63	1	confluent	run 199	proteomic profiling by mass spectrometry	Data-independent acquisition	NT=Orbitrap Astral;AC=MS:1003378	SILAC	NT=Label:13C(6)15N(2);AC=UNIMOD:259;TA=K;MT=Variable	NT=Label:13C(6)15N(4);AC=UNIMOD:267;TA=R;MT=Variable	NT=Oxidation;AC=UNIMOD:35;TA=M;MT=Variable	NT=Acetyl;AC=UNIMOD:1;PP=Protein N-term;MT=Variable	NT=Trypsin;AC=MS:1001251	NT=Lys-C;AC=MS:1001309	NT=beam-type collision-induced dissociation;AC=MS:1000422	27 NCE	380	980	4	1	1	20240721_AST5_Evo3_IO5cmL_PS_SC_pSILAC_hFF_conf_63.raw	v1.1.0	NT=ms-proteomics;VV=v1.1.0	NT=human;VV=v1.1.0	NT=cell-lines;VV=v1.1.0	NT=single-cell;VV=v1.0.0	NT=dia-acquisition;VV=v1.1.0	confluent
hFF_conf_sc_64	Homo sapiens	NT=prepuce of penis;AC=UBERON:0001332	NT=fibroblast;AC=CL:0000057	NT=normal;AC=PATO:0000461	hFF	not available	not available	not available	male	64	single cell	cellenONE	hFF_conf_sc_64	1	confluent	run 200	proteomic profiling by mass spectrometry	Data-independent acquisition	NT=Orbitrap Astral;AC=MS:1003378	SILAC	NT=Label:13C(6)15N(2);AC=UNIMOD:259;TA=K;MT=Variable	NT=Label:13C(6)15N(4);AC=UNIMOD:267;TA=R;MT=Variable	NT=Oxidation;AC=UNIMOD:35;TA=M;MT=Variable	NT=Acetyl;AC=UNIMOD:1;PP=Protein N-term;MT=Variable	NT=Trypsin;AC=MS:1001251	NT=Lys-C;AC=MS:1001309	NT=beam-type collision-induced dissociation;AC=MS:1000422	27 NCE	380	980	4	1	1	20240721_AST5_Evo3_IO5cmL_PS_SC_pSILAC_hFF_conf_64.raw	v1.1.0	NT=ms-proteomics;VV=v1.1.0	NT=human;VV=v1.1.0	NT=cell-lines;VV=v1.1.0	NT=single-cell;VV=v1.0.0	NT=dia-acquisition;VV=v1.1.0	confluent
hFF_conf_sc_65	Homo sapiens	NT=prepuce of penis;AC=UBERON:0001332	NT=fibroblast;AC=CL:0000057	NT=normal;AC=PATO:0000461	hFF	not available	not available	not available	male	65	single cell	cellenONE	hFF_conf_sc_65	1	confluent	run 201	proteomic profiling by mass spectrometry	Data-independent acquisition	NT=Orbitrap Astral;AC=MS:1003378	SILAC	NT=Label:13C(6)15N(2);AC=UNIMOD:259;TA=K;MT=Variable	NT=Label:13C(6)15N(4);AC=UNIMOD:267;TA=R;MT=Variable	NT=Oxidation;AC=UNIMOD:35;TA=M;MT=Variable	NT=Acetyl;AC=UNIMOD:1;PP=Protein N-term;MT=Variable	NT=Trypsin;AC=MS:1001251	NT=Lys-C;AC=MS:1001309	NT=beam-type collision-induced dissociation;AC=MS:1000422	27 NCE	380	980	4	1	1	20240721_AST5_Evo3_IO5cmL_PS_SC_pSILAC_hFF_conf_65.raw	v1.1.0	NT=ms-proteomics;VV=v1.1.0	NT=human;VV=v1.1.0	NT=cell-lines;VV=v1.1.0	NT=single-cell;VV=v1.0.0	NT=dia-acquisition;VV=v1.1.0	confluent
hFF_conf_sc_66	Homo sapiens	NT=prepuce of penis;AC=UBERON:0001332	NT=fibroblast;AC=CL:0000057	NT=normal;AC=PATO:0000461	hFF	not available	not available	not available	male	66	single cell	cellenONE	hFF_conf_sc_66	1	confluent	run 202	proteomic profiling by mass spectrometry	Data-independent acquisition	NT=Orbitrap Astral;AC=MS:1003378	SILAC	NT=Label:13C(6)15N(2);AC=UNIMOD:259;TA=K;MT=Variable	NT=Label:13C(6)15N(4);AC=UNIMOD:267;TA=R;MT=Variable	NT=Oxidation;AC=UNIMOD:35;TA=M;MT=Variable	NT=Acetyl;AC=UNIMOD:1;PP=Protein N-term;MT=Variable	NT=Trypsin;AC=MS:1001251	NT=Lys-C;AC=MS:1001309	NT=beam-type collision-induced dissociation;AC=MS:1000422	27 NCE	380	980	4	1	1	20240721_AST5_Evo3_IO5cmL_PS_SC_pSILAC_hFF_conf_66.raw	v1.1.0	NT=ms-proteomics;VV=v1.1.0	NT=human;VV=v1.1.0	NT=cell-lines;VV=v1.1.0	NT=single-cell;VV=v1.0.0	NT=dia-acquisition;VV=v1.1.0	confluent
hFF_conf_sc_67	Homo sapiens	NT=prepuce of penis;AC=UBERON:0001332	NT=fibroblast;AC=CL:0000057	NT=normal;AC=PATO:0000461	hFF	not available	not available	not available	male	67	single cell	cellenONE	hFF_conf_sc_67	1	confluent	run 203	proteomic profiling by mass spectrometry	Data-independent acquisition	NT=Orbitrap Astral;AC=MS:1003378	SILAC	NT=Label:13C(6)15N(2);AC=UNIMOD:259;TA=K;MT=Variable	NT=Label:13C(6)15N(4);AC=UNIMOD:267;TA=R;MT=Variable	NT=Oxidation;AC=UNIMOD:35;TA=M;MT=Variable	NT=Acetyl;AC=UNIMOD:1;PP=Protein N-term;MT=Variable	NT=Trypsin;AC=MS:1001251	NT=Lys-C;AC=MS:1001309	NT=beam-type collision-induced dissociation;AC=MS:1000422	27 NCE	380	980	4	1	1	20240721_AST5_Evo3_IO5cmL_PS_SC_pSILAC_hFF_conf_67.raw	v1.1.0	NT=ms-proteomics;VV=v1.1.0	NT=human;VV=v1.1.0	NT=cell-lines;VV=v1.1.0	NT=single-cell;VV=v1.0.0	NT=dia-acquisition;VV=v1.1.0	confluent
hFF_conf_sc_68	Homo sapiens	NT=prepuce of penis;AC=UBERON:0001332	NT=fibroblast;AC=CL:0000057	NT=normal;AC=PATO:0000461	hFF	not available	not available	not available	male	68	single cell	cellenONE	hFF_conf_sc_68	1	confluent	run 204	proteomic profiling by mass spectrometry	Data-independent acquisition	NT=Orbitrap Astral;AC=MS:1003378	SILAC	NT=Label:13C(6)15N(2);AC=UNIMOD:259;TA=K;MT=Variable	NT=Label:13C(6)15N(4);AC=UNIMOD:267;TA=R;MT=Variable	NT=Oxidation;AC=UNIMOD:35;TA=M;MT=Variable	NT=Acetyl;AC=UNIMOD:1;PP=Protein N-term;MT=Variable	NT=Trypsin;AC=MS:1001251	NT=Lys-C;AC=MS:1001309	NT=beam-type collision-induced dissociation;AC=MS:1000422	27 NCE	380	980	4	1	1	20240721_AST5_Evo3_IO5cmL_PS_SC_pSILAC_hFF_conf_68.raw	v1.1.0	NT=ms-proteomics;VV=v1.1.0	NT=human;VV=v1.1.0	NT=cell-lines;VV=v1.1.0	NT=single-cell;VV=v1.0.0	NT=dia-acquisition;VV=v1.1.0	confluent
hFF_conf_sc_69	Homo sapiens	NT=prepuce of penis;AC=UBERON:0001332	NT=fibroblast;AC=CL:0000057	NT=normal;AC=PATO:0000461	hFF	not available	not available	not available	male	69	single cell	cellenONE	hFF_conf_sc_69	1	confluent	run 205	proteomic profiling by mass spectrometry	Data-independent acquisition	NT=Orbitrap Astral;AC=MS:1003378	SILAC	NT=Label:13C(6)15N(2);AC=UNIMOD:259;TA=K;MT=Variable	NT=Label:13C(6)15N(4);AC=UNIMOD:267;TA=R;MT=Variable	NT=Oxidation;AC=UNIMOD:35;TA=M;MT=Variable	NT=Acetyl;AC=UNIMOD:1;PP=Protein N-term;MT=Variable	NT=Trypsin;AC=MS:1001251	NT=Lys-C;AC=MS:1001309	NT=beam-type collision-induced dissociation;AC=MS:1000422	27 NCE	380	980	4	1	1	20240721_AST5_Evo3_IO5cmL_PS_SC_pSILAC_hFF_conf_69.raw	v1.1.0	NT=ms-proteomics;VV=v1.1.0	NT=human;VV=v1.1.0	NT=cell-lines;VV=v1.1.0	NT=single-cell;VV=v1.0.0	NT=dia-acquisition;VV=v1.1.0	confluent
hFF_conf_sc_70	Homo sapiens	NT=prepuce of penis;AC=UBERON:0001332	NT=fibroblast;AC=CL:0000057	NT=normal;AC=PATO:0000461	hFF	not available	not available	not available	male	70	single cell	cellenONE	hFF_conf_sc_70	1	confluent	run 206	proteomic profiling by mass spectrometry	Data-independent acquisition	NT=Orbitrap Astral;AC=MS:1003378	SILAC	NT=Label:13C(6)15N(2);AC=UNIMOD:259;TA=K;MT=Variable	NT=Label:13C(6)15N(4);AC=UNIMOD:267;TA=R;MT=Variable	NT=Oxidation;AC=UNIMOD:35;TA=M;MT=Variable	NT=Acetyl;AC=UNIMOD:1;PP=Protein N-term;MT=Variable	NT=Trypsin;AC=MS:1001251	NT=Lys-C;AC=MS:1001309	NT=beam-type collision-induced dissociation;AC=MS:1000422	27 NCE	380	980	4	1	1	20240721_AST5_Evo3_IO5cmL_PS_SC_pSILAC_hFF_conf_70.raw	v1.1.0	NT=ms-proteomics;VV=v1.1.0	NT=human;VV=v1.1.0	NT=cell-lines;VV=v1.1.0	NT=single-cell;VV=v1.0.0	NT=dia-acquisition;VV=v1.1.0	confluent
hFF_conf_sc_71	Homo sapiens	NT=prepuce of penis;AC=UBERON:0001332	NT=fibroblast;AC=CL:0000057	NT=normal;AC=PATO:0000461	hFF	not available	not available	not available	male	71	single cell	cellenONE	hFF_conf_sc_71	1	confluent	run 207	proteomic profiling by mass spectrometry	Data-independent acquisition	NT=Orbitrap Astral;AC=MS:1003378	SILAC	NT=Label:13C(6)15N(2);AC=UNIMOD:259;TA=K;MT=Variable	NT=Label:13C(6)15N(4);AC=UNIMOD:267;TA=R;MT=Variable	NT=Oxidation;AC=UNIMOD:35;TA=M;MT=Variable	NT=Acetyl;AC=UNIMOD:1;PP=Protein N-term;MT=Variable	NT=Trypsin;AC=MS:1001251	NT=Lys-C;AC=MS:1001309	NT=beam-type collision-induced dissociation;AC=MS:1000422	27 NCE	380	980	4	1	1	20240721_AST5_Evo3_IO5cmL_PS_SC_pSILAC_hFF_conf_71.raw	v1.1.0	NT=ms-proteomics;VV=v1.1.0	NT=human;VV=v1.1.0	NT=cell-lines;VV=v1.1.0	NT=single-cell;VV=v1.0.0	NT=dia-acquisition;VV=v1.1.0	confluent
hFF_conf_sc_72	Homo sapiens	NT=prepuce of penis;AC=UBERON:0001332	NT=fibroblast;AC=CL:0000057	NT=normal;AC=PATO:0000461	hFF	not available	not available	not available	male	72	single cell	cellenONE	hFF_conf_sc_72	1	confluent	run 208	proteomic profiling by mass spectrometry	Data-independent acquisition	NT=Orbitrap Astral;AC=MS:1003378	SILAC	NT=Label:13C(6)15N(2);AC=UNIMOD:259;TA=K;MT=Variable	NT=Label:13C(6)15N(4);AC=UNIMOD:267;TA=R;MT=Variable	NT=Oxidation;AC=UNIMOD:35;TA=M;MT=Variable	NT=Acetyl;AC=UNIMOD:1;PP=Protein N-term;MT=Variable	NT=Trypsin;AC=MS:1001251	NT=Lys-C;AC=MS:1001309	NT=beam-type collision-induced dissociation;AC=MS:1000422	27 NCE	380	980	4	1	1	20240721_AST5_Evo3_IO5cmL_PS_SC_pSILAC_hFF_conf_72.raw	v1.1.0	NT=ms-proteomics;VV=v1.1.0	NT=human;VV=v1.1.0	NT=cell-lines;VV=v1.1.0	NT=single-cell;VV=v1.0.0	NT=dia-acquisition;VV=v1.1.0	confluent
hFF_conf_sc_73	Homo sapiens	NT=prepuce of penis;AC=UBERON:0001332	NT=fibroblast;AC=CL:0000057	NT=normal;AC=PATO:0000461	hFF	not available	not available	not available	male	73	single cell	cellenONE	hFF_conf_sc_73	1	confluent	run 209	proteomic profiling by mass spectrometry	Data-independent acquisition	NT=Orbitrap Astral;AC=MS:1003378	SILAC	NT=Label:13C(6)15N(2);AC=UNIMOD:259;TA=K;MT=Variable	NT=Label:13C(6)15N(4);AC=UNIMOD:267;TA=R;MT=Variable	NT=Oxidation;AC=UNIMOD:35;TA=M;MT=Variable	NT=Acetyl;AC=UNIMOD:1;PP=Protein N-term;MT=Variable	NT=Trypsin;AC=MS:1001251	NT=Lys-C;AC=MS:1001309	NT=beam-type collision-induced dissociation;AC=MS:1000422	27 NCE	380	980	4	1	1	20240721_AST5_Evo3_IO5cmL_PS_SC_pSILAC_hFF_conf_73.raw	v1.1.0	NT=ms-proteomics;VV=v1.1.0	NT=human;VV=v1.1.0	NT=cell-lines;VV=v1.1.0	NT=single-cell;VV=v1.0.0	NT=dia-acquisition;VV=v1.1.0	confluent
hFF_conf_sc_74	Homo sapiens	NT=prepuce of penis;AC=UBERON:0001332	NT=fibroblast;AC=CL:0000057	NT=normal;AC=PATO:0000461	hFF	not available	not available	not available	male	74	single cell	cellenONE	hFF_conf_sc_74	1	confluent	run 210	proteomic profiling by mass spectrometry	Data-independent acquisition	NT=Orbitrap Astral;AC=MS:1003378	SILAC	NT=Label:13C(6)15N(2);AC=UNIMOD:259;TA=K;MT=Variable	NT=Label:13C(6)15N(4);AC=UNIMOD:267;TA=R;MT=Variable	NT=Oxidation;AC=UNIMOD:35;TA=M;MT=Variable	NT=Acetyl;AC=UNIMOD:1;PP=Protein N-term;MT=Variable	NT=Trypsin;AC=MS:1001251	NT=Lys-C;AC=MS:1001309	NT=beam-type collision-induced dissociation;AC=MS:1000422	27 NCE	380	980	4	1	1	20240721_AST5_Evo3_IO5cmL_PS_SC_pSILAC_hFF_conf_74.raw	v1.1.0	NT=ms-proteomics;VV=v1.1.0	NT=human;VV=v1.1.0	NT=cell-lines;VV=v1.1.0	NT=single-cell;VV=v1.0.0	NT=dia-acquisition;VV=v1.1.0	confluent
hFF_conf_sc_75	Homo sapiens	NT=prepuce of penis;AC=UBERON:0001332	NT=fibroblast;AC=CL:0000057	NT=normal;AC=PATO:0000461	hFF	not available	not available	not available	male	75	single cell	cellenONE	hFF_conf_sc_75	1	confluent	run 211	proteomic profiling by mass spectrometry	Data-independent acquisition	NT=Orbitrap Astral;AC=MS:1003378	SILAC	NT=Label:13C(6)15N(2);AC=UNIMOD:259;TA=K;MT=Variable	NT=Label:13C(6)15N(4);AC=UNIMOD:267;TA=R;MT=Variable	NT=Oxidation;AC=UNIMOD:35;TA=M;MT=Variable	NT=Acetyl;AC=UNIMOD:1;PP=Protein N-term;MT=Variable	NT=Trypsin;AC=MS:1001251	NT=Lys-C;AC=MS:1001309	NT=beam-type collision-induced dissociation;AC=MS:1000422	27 NCE	380	980	4	1	1	20240721_AST5_Evo3_IO5cmL_PS_SC_pSILAC_hFF_conf_75.raw	v1.1.0	NT=ms-proteomics;VV=v1.1.0	NT=human;VV=v1.1.0	NT=cell-lines;VV=v1.1.0	NT=single-cell;VV=v1.0.0	NT=dia-acquisition;VV=v1.1.0	confluent
hFF_conf_sc_76	Homo sapiens	NT=prepuce of penis;AC=UBERON:0001332	NT=fibroblast;AC=CL:0000057	NT=normal;AC=PATO:0000461	hFF	not available	not available	not available	male	76	single cell	cellenONE	hFF_conf_sc_76	1	confluent	run 212	proteomic profiling by mass spectrometry	Data-independent acquisition	NT=Orbitrap Astral;AC=MS:1003378	SILAC	NT=Label:13C(6)15N(2);AC=UNIMOD:259;TA=K;MT=Variable	NT=Label:13C(6)15N(4);AC=UNIMOD:267;TA=R;MT=Variable	NT=Oxidation;AC=UNIMOD:35;TA=M;MT=Variable	NT=Acetyl;AC=UNIMOD:1;PP=Protein N-term;MT=Variable	NT=Trypsin;AC=MS:1001251	NT=Lys-C;AC=MS:1001309	NT=beam-type collision-induced dissociation;AC=MS:1000422	27 NCE	380	980	4	1	1	20240721_AST5_Evo3_IO5cmL_PS_SC_pSILAC_hFF_conf_76.raw	v1.1.0	NT=ms-proteomics;VV=v1.1.0	NT=human;VV=v1.1.0	NT=cell-lines;VV=v1.1.0	NT=single-cell;VV=v1.0.0	NT=dia-acquisition;VV=v1.1.0	confluent
hFF_conf_sc_77	Homo sapiens	NT=prepuce of penis;AC=UBERON:0001332	NT=fibroblast;AC=CL:0000057	NT=normal;AC=PATO:0000461	hFF	not available	not available	not available	male	77	single cell	cellenONE	hFF_conf_sc_77	1	confluent	run 213	proteomic profiling by mass spectrometry	Data-independent acquisition	NT=Orbitrap Astral;AC=MS:1003378	SILAC	NT=Label:13C(6)15N(2);AC=UNIMOD:259;TA=K;MT=Variable	NT=Label:13C(6)15N(4);AC=UNIMOD:267;TA=R;MT=Variable	NT=Oxidation;AC=UNIMOD:35;TA=M;MT=Variable	NT=Acetyl;AC=UNIMOD:1;PP=Protein N-term;MT=Variable	NT=Trypsin;AC=MS:1001251	NT=Lys-C;AC=MS:1001309	NT=beam-type collision-induced dissociation;AC=MS:1000422	27 NCE	380	980	4	1	1	20240721_AST5_Evo3_IO5cmL_PS_SC_pSILAC_hFF_conf_77.raw	v1.1.0	NT=ms-proteomics;VV=v1.1.0	NT=human;VV=v1.1.0	NT=cell-lines;VV=v1.1.0	NT=single-cell;VV=v1.0.0	NT=dia-acquisition;VV=v1.1.0	confluent
hFF_conf_sc_78	Homo sapiens	NT=prepuce of penis;AC=UBERON:0001332	NT=fibroblast;AC=CL:0000057	NT=normal;AC=PATO:0000461	hFF	not available	not available	not available	male	78	single cell	cellenONE	hFF_conf_sc_78	1	confluent	run 214	proteomic profiling by mass spectrometry	Data-independent acquisition	NT=Orbitrap Astral;AC=MS:1003378	SILAC	NT=Label:13C(6)15N(2);AC=UNIMOD:259;TA=K;MT=Variable	NT=Label:13C(6)15N(4);AC=UNIMOD:267;TA=R;MT=Variable	NT=Oxidation;AC=UNIMOD:35;TA=M;MT=Variable	NT=Acetyl;AC=UNIMOD:1;PP=Protein N-term;MT=Variable	NT=Trypsin;AC=MS:1001251	NT=Lys-C;AC=MS:1001309	NT=beam-type collision-induced dissociation;AC=MS:1000422	27 NCE	380	980	4	1	1	20240721_AST5_Evo3_IO5cmL_PS_SC_pSILAC_hFF_conf_78.raw	v1.1.0	NT=ms-proteomics;VV=v1.1.0	NT=human;VV=v1.1.0	NT=cell-lines;VV=v1.1.0	NT=single-cell;VV=v1.0.0	NT=dia-acquisition;VV=v1.1.0	confluent
hFF_conf_sc_79	Homo sapiens	NT=prepuce of penis;AC=UBERON:0001332	NT=fibroblast;AC=CL:0000057	NT=normal;AC=PATO:0000461	hFF	not available	not available	not available	male	79	single cell	cellenONE	hFF_conf_sc_79	1	confluent	run 215	proteomic profiling by mass spectrometry	Data-independent acquisition	NT=Orbitrap Astral;AC=MS:1003378	SILAC	NT=Label:13C(6)15N(2);AC=UNIMOD:259;TA=K;MT=Variable	NT=Label:13C(6)15N(4);AC=UNIMOD:267;TA=R;MT=Variable	NT=Oxidation;AC=UNIMOD:35;TA=M;MT=Variable	NT=Acetyl;AC=UNIMOD:1;PP=Protein N-term;MT=Variable	NT=Trypsin;AC=MS:1001251	NT=Lys-C;AC=MS:1001309	NT=beam-type collision-induced dissociation;AC=MS:1000422	27 NCE	380	980	4	1	1	20240721_AST5_Evo3_IO5cmL_PS_SC_pSILAC_hFF_conf_79.raw	v1.1.0	NT=ms-proteomics;VV=v1.1.0	NT=human;VV=v1.1.0	NT=cell-lines;VV=v1.1.0	NT=single-cell;VV=v1.0.0	NT=dia-acquisition;VV=v1.1.0	confluent
hFF_conf_sc_80	Homo sapiens	NT=prepuce of penis;AC=UBERON:0001332	NT=fibroblast;AC=CL:0000057	NT=normal;AC=PATO:0000461	hFF	not available	not available	not available	male	80	single cell	cellenONE	hFF_conf_sc_80	1	confluent	run 216	proteomic profiling by mass spectrometry	Data-independent acquisition	NT=Orbitrap Astral;AC=MS:1003378	SILAC	NT=Label:13C(6)15N(2);AC=UNIMOD:259;TA=K;MT=Variable	NT=Label:13C(6)15N(4);AC=UNIMOD:267;TA=R;MT=Variable	NT=Oxidation;AC=UNIMOD:35;TA=M;MT=Variable	NT=Acetyl;AC=UNIMOD:1;PP=Protein N-term;MT=Variable	NT=Trypsin;AC=MS:1001251	NT=Lys-C;AC=MS:1001309	NT=beam-type collision-induced dissociation;AC=MS:1000422	27 NCE	380	980	4	1	1	20240721_AST5_Evo3_IO5cmL_PS_SC_pSILAC_hFF_conf_80.raw	v1.1.0	NT=ms-proteomics;VV=v1.1.0	NT=human;VV=v1.1.0	NT=cell-lines;VV=v1.1.0	NT=single-cell;VV=v1.0.0	NT=dia-acquisition;VV=v1.1.0	confluent
hFF_conf_sc_81	Homo sapiens	NT=prepuce of penis;AC=UBERON:0001332	NT=fibroblast;AC=CL:0000057	NT=normal;AC=PATO:0000461	hFF	not available	not available	not available	male	81	single cell	cellenONE	hFF_conf_sc_81	1	confluent	run 217	proteomic profiling by mass spectrometry	Data-independent acquisition	NT=Orbitrap Astral;AC=MS:1003378	SILAC	NT=Label:13C(6)15N(2);AC=UNIMOD:259;TA=K;MT=Variable	NT=Label:13C(6)15N(4);AC=UNIMOD:267;TA=R;MT=Variable	NT=Oxidation;AC=UNIMOD:35;TA=M;MT=Variable	NT=Acetyl;AC=UNIMOD:1;PP=Protein N-term;MT=Variable	NT=Trypsin;AC=MS:1001251	NT=Lys-C;AC=MS:1001309	NT=beam-type collision-induced dissociation;AC=MS:1000422	27 NCE	380	980	4	1	1	20240721_AST5_Evo3_IO5cmL_PS_SC_pSILAC_hFF_conf_81.raw	v1.1.0	NT=ms-proteomics;VV=v1.1.0	NT=human;VV=v1.1.0	NT=cell-lines;VV=v1.1.0	NT=single-cell;VV=v1.0.0	NT=dia-acquisition;VV=v1.1.0	confluent
hFF_conf_sc_82	Homo sapiens	NT=prepuce of penis;AC=UBERON:0001332	NT=fibroblast;AC=CL:0000057	NT=normal;AC=PATO:0000461	hFF	not available	not available	not available	male	82	single cell	cellenONE	hFF_conf_sc_82	1	confluent	run 218	proteomic profiling by mass spectrometry	Data-independent acquisition	NT=Orbitrap Astral;AC=MS:1003378	SILAC	NT=Label:13C(6)15N(2);AC=UNIMOD:259;TA=K;MT=Variable	NT=Label:13C(6)15N(4);AC=UNIMOD:267;TA=R;MT=Variable	NT=Oxidation;AC=UNIMOD:35;TA=M;MT=Variable	NT=Acetyl;AC=UNIMOD:1;PP=Protein N-term;MT=Variable	NT=Trypsin;AC=MS:1001251	NT=Lys-C;AC=MS:1001309	NT=beam-type collision-induced dissociation;AC=MS:1000422	27 NCE	380	980	4	1	1	20240721_AST5_Evo3_IO5cmL_PS_SC_pSILAC_hFF_conf_82.raw	v1.1.0	NT=ms-proteomics;VV=v1.1.0	NT=human;VV=v1.1.0	NT=cell-lines;VV=v1.1.0	NT=single-cell;VV=v1.0.0	NT=dia-acquisition;VV=v1.1.0	confluent
hFF_conf_sc_83	Homo sapiens	NT=prepuce of penis;AC=UBERON:0001332	NT=fibroblast;AC=CL:0000057	NT=normal;AC=PATO:0000461	hFF	not available	not available	not available	male	83	single cell	cellenONE	hFF_conf_sc_83	1	confluent	run 219	proteomic profiling by mass spectrometry	Data-independent acquisition	NT=Orbitrap Astral;AC=MS:1003378	SILAC	NT=Label:13C(6)15N(2);AC=UNIMOD:259;TA=K;MT=Variable	NT=Label:13C(6)15N(4);AC=UNIMOD:267;TA=R;MT=Variable	NT=Oxidation;AC=UNIMOD:35;TA=M;MT=Variable	NT=Acetyl;AC=UNIMOD:1;PP=Protein N-term;MT=Variable	NT=Trypsin;AC=MS:1001251	NT=Lys-C;AC=MS:1001309	NT=beam-type collision-induced dissociation;AC=MS:1000422	27 NCE	380	980	4	1	1	20240721_AST5_Evo3_IO5cmL_PS_SC_pSILAC_hFF_conf_83.raw	v1.1.0	NT=ms-proteomics;VV=v1.1.0	NT=human;VV=v1.1.0	NT=cell-lines;VV=v1.1.0	NT=single-cell;VV=v1.0.0	NT=dia-acquisition;VV=v1.1.0	confluent
hFF_conf_sc_84	Homo sapiens	NT=prepuce of penis;AC=UBERON:0001332	NT=fibroblast;AC=CL:0000057	NT=normal;AC=PATO:0000461	hFF	not available	not available	not available	male	84	single cell	cellenONE	hFF_conf_sc_84	1	confluent	run 220	proteomic profiling by mass spectrometry	Data-independent acquisition	NT=Orbitrap Astral;AC=MS:1003378	SILAC	NT=Label:13C(6)15N(2);AC=UNIMOD:259;TA=K;MT=Variable	NT=Label:13C(6)15N(4);AC=UNIMOD:267;TA=R;MT=Variable	NT=Oxidation;AC=UNIMOD:35;TA=M;MT=Variable	NT=Acetyl;AC=UNIMOD:1;PP=Protein N-term;MT=Variable	NT=Trypsin;AC=MS:1001251	NT=Lys-C;AC=MS:1001309	NT=beam-type collision-induced dissociation;AC=MS:1000422	27 NCE	380	980	4	1	1	20240721_AST5_Evo3_IO5cmL_PS_SC_pSILAC_hFF_conf_84.raw	v1.1.0	NT=ms-proteomics;VV=v1.1.0	NT=human;VV=v1.1.0	NT=cell-lines;VV=v1.1.0	NT=single-cell;VV=v1.0.0	NT=dia-acquisition;VV=v1.1.0	confluent
hFF_conf_sc_85	Homo sapiens	NT=prepuce of penis;AC=UBERON:0001332	NT=fibroblast;AC=CL:0000057	NT=normal;AC=PATO:0000461	hFF	not available	not available	not available	male	85	single cell	cellenONE	hFF_conf_sc_85	1	confluent	run 221	proteomic profiling by mass spectrometry	Data-independent acquisition	NT=Orbitrap Astral;AC=MS:1003378	SILAC	NT=Label:13C(6)15N(2);AC=UNIMOD:259;TA=K;MT=Variable	NT=Label:13C(6)15N(4);AC=UNIMOD:267;TA=R;MT=Variable	NT=Oxidation;AC=UNIMOD:35;TA=M;MT=Variable	NT=Acetyl;AC=UNIMOD:1;PP=Protein N-term;MT=Variable	NT=Trypsin;AC=MS:1001251	NT=Lys-C;AC=MS:1001309	NT=beam-type collision-induced dissociation;AC=MS:1000422	27 NCE	380	980	4	1	1	20240721_AST5_Evo3_IO5cmL_PS_SC_pSILAC_hFF_conf_85.raw	v1.1.0	NT=ms-proteomics;VV=v1.1.0	NT=human;VV=v1.1.0	NT=cell-lines;VV=v1.1.0	NT=single-cell;VV=v1.0.0	NT=dia-acquisition;VV=v1.1.0	confluent
hFF_conf_sc_86	Homo sapiens	NT=prepuce of penis;AC=UBERON:0001332	NT=fibroblast;AC=CL:0000057	NT=normal;AC=PATO:0000461	hFF	not available	not available	not available	male	86	single cell	cellenONE	hFF_conf_sc_86	1	confluent	run 222	proteomic profiling by mass spectrometry	Data-independent acquisition	NT=Orbitrap Astral;AC=MS:1003378	SILAC	NT=Label:13C(6)15N(2);AC=UNIMOD:259;TA=K;MT=Variable	NT=Label:13C(6)15N(4);AC=UNIMOD:267;TA=R;MT=Variable	NT=Oxidation;AC=UNIMOD:35;TA=M;MT=Variable	NT=Acetyl;AC=UNIMOD:1;PP=Protein N-term;MT=Variable	NT=Trypsin;AC=MS:1001251	NT=Lys-C;AC=MS:1001309	NT=beam-type collision-induced dissociation;AC=MS:1000422	27 NCE	380	980	4	1	1	20240721_AST5_Evo3_IO5cmL_PS_SC_pSILAC_hFF_conf_86.raw	v1.1.0	NT=ms-proteomics;VV=v1.1.0	NT=human;VV=v1.1.0	NT=cell-lines;VV=v1.1.0	NT=single-cell;VV=v1.0.0	NT=dia-acquisition;VV=v1.1.0	confluent
hFF_conf_sc_87	Homo sapiens	NT=prepuce of penis;AC=UBERON:0001332	NT=fibroblast;AC=CL:0000057	NT=normal;AC=PATO:0000461	hFF	not available	not available	not available	male	87	single cell	cellenONE	hFF_conf_sc_87	1	confluent	run 223	proteomic profiling by mass spectrometry	Data-independent acquisition	NT=Orbitrap Astral;AC=MS:1003378	SILAC	NT=Label:13C(6)15N(2);AC=UNIMOD:259;TA=K;MT=Variable	NT=Label:13C(6)15N(4);AC=UNIMOD:267;TA=R;MT=Variable	NT=Oxidation;AC=UNIMOD:35;TA=M;MT=Variable	NT=Acetyl;AC=UNIMOD:1;PP=Protein N-term;MT=Variable	NT=Trypsin;AC=MS:1001251	NT=Lys-C;AC=MS:1001309	NT=beam-type collision-induced dissociation;AC=MS:1000422	27 NCE	380	980	4	1	1	20240721_AST5_Evo3_IO5cmL_PS_SC_pSILAC_hFF_conf_87.raw	v1.1.0	NT=ms-proteomics;VV=v1.1.0	NT=human;VV=v1.1.0	NT=cell-lines;VV=v1.1.0	NT=single-cell;VV=v1.0.0	NT=dia-acquisition;VV=v1.1.0	confluent
hFF_conf_sc_88	Homo sapiens	NT=prepuce of penis;AC=UBERON:0001332	NT=fibroblast;AC=CL:0000057	NT=normal;AC=PATO:0000461	hFF	not available	not available	not available	male	88	single cell	cellenONE	hFF_conf_sc_88	1	confluent	run 224	proteomic profiling by mass spectrometry	Data-independent acquisition	NT=Orbitrap Astral;AC=MS:1003378	SILAC	NT=Label:13C(6)15N(2);AC=UNIMOD:259;TA=K;MT=Variable	NT=Label:13C(6)15N(4);AC=UNIMOD:267;TA=R;MT=Variable	NT=Oxidation;AC=UNIMOD:35;TA=M;MT=Variable	NT=Acetyl;AC=UNIMOD:1;PP=Protein N-term;MT=Variable	NT=Trypsin;AC=MS:1001251	NT=Lys-C;AC=MS:1001309	NT=beam-type collision-induced dissociation;AC=MS:1000422	27 NCE	380	980	4	1	1	20240721_AST5_Evo3_IO5cmL_PS_SC_pSILAC_hFF_conf_88.raw	v1.1.0	NT=ms-proteomics;VV=v1.1.0	NT=human;VV=v1.1.0	NT=cell-lines;VV=v1.1.0	NT=single-cell;VV=v1.0.0	NT=dia-acquisition;VV=v1.1.0	confluent
hFF_conf_sc_89	Homo sapiens	NT=prepuce of penis;AC=UBERON:0001332	NT=fibroblast;AC=CL:0000057	NT=normal;AC=PATO:0000461	hFF	not available	not available	not available	male	89	single cell	cellenONE	hFF_conf_sc_89	1	confluent	run 225	proteomic profiling by mass spectrometry	Data-independent acquisition	NT=Orbitrap Astral;AC=MS:1003378	SILAC	NT=Label:13C(6)15N(2);AC=UNIMOD:259;TA=K;MT=Variable	NT=Label:13C(6)15N(4);AC=UNIMOD:267;TA=R;MT=Variable	NT=Oxidation;AC=UNIMOD:35;TA=M;MT=Variable	NT=Acetyl;AC=UNIMOD:1;PP=Protein N-term;MT=Variable	NT=Trypsin;AC=MS:1001251	NT=Lys-C;AC=MS:1001309	NT=beam-type collision-induced dissociation;AC=MS:1000422	27 NCE	380	980	4	1	1	20240721_AST5_Evo3_IO5cmL_PS_SC_pSILAC_hFF_conf_89.raw	v1.1.0	NT=ms-proteomics;VV=v1.1.0	NT=human;VV=v1.1.0	NT=cell-lines;VV=v1.1.0	NT=single-cell;VV=v1.0.0	NT=dia-acquisition;VV=v1.1.0	confluent
hFF_conf_sc_90	Homo sapiens	NT=prepuce of penis;AC=UBERON:0001332	NT=fibroblast;AC=CL:0000057	NT=normal;AC=PATO:0000461	hFF	not available	not available	not available	male	90	single cell	cellenONE	hFF_conf_sc_90	1	confluent	run 226	proteomic profiling by mass spectrometry	Data-independent acquisition	NT=Orbitrap Astral;AC=MS:1003378	SILAC	NT=Label:13C(6)15N(2);AC=UNIMOD:259;TA=K;MT=Variable	NT=Label:13C(6)15N(4);AC=UNIMOD:267;TA=R;MT=Variable	NT=Oxidation;AC=UNIMOD:35;TA=M;MT=Variable	NT=Acetyl;AC=UNIMOD:1;PP=Protein N-term;MT=Variable	NT=Trypsin;AC=MS:1001251	NT=Lys-C;AC=MS:1001309	NT=beam-type collision-induced dissociation;AC=MS:1000422	27 NCE	380	980	4	1	1	20240721_AST5_Evo3_IO5cmL_PS_SC_pSILAC_hFF_conf_90.raw	v1.1.0	NT=ms-proteomics;VV=v1.1.0	NT=human;VV=v1.1.0	NT=cell-lines;VV=v1.1.0	NT=single-cell;VV=v1.0.0	NT=dia-acquisition;VV=v1.1.0	confluent
hFF_conf_sc_91	Homo sapiens	NT=prepuce of penis;AC=UBERON:0001332	NT=fibroblast;AC=CL:0000057	NT=normal;AC=PATO:0000461	hFF	not available	not available	not available	male	91	single cell	cellenONE	hFF_conf_sc_91	1	confluent	run 227	proteomic profiling by mass spectrometry	Data-independent acquisition	NT=Orbitrap Astral;AC=MS:1003378	SILAC	NT=Label:13C(6)15N(2);AC=UNIMOD:259;TA=K;MT=Variable	NT=Label:13C(6)15N(4);AC=UNIMOD:267;TA=R;MT=Variable	NT=Oxidation;AC=UNIMOD:35;TA=M;MT=Variable	NT=Acetyl;AC=UNIMOD:1;PP=Protein N-term;MT=Variable	NT=Trypsin;AC=MS:1001251	NT=Lys-C;AC=MS:1001309	NT=beam-type collision-induced dissociation;AC=MS:1000422	27 NCE	380	980	4	1	1	20240721_AST5_Evo3_IO5cmL_PS_SC_pSILAC_hFF_conf_91.raw	v1.1.0	NT=ms-proteomics;VV=v1.1.0	NT=human;VV=v1.1.0	NT=cell-lines;VV=v1.1.0	NT=single-cell;VV=v1.0.0	NT=dia-acquisition;VV=v1.1.0	confluent
hFF_conf_sc_92	Homo sapiens	NT=prepuce of penis;AC=UBERON:0001332	NT=fibroblast;AC=CL:0000057	NT=normal;AC=PATO:0000461	hFF	not available	not available	not available	male	92	single cell	cellenONE	hFF_conf_sc_92	1	confluent	run 228	proteomic profiling by mass spectrometry	Data-independent acquisition	NT=Orbitrap Astral;AC=MS:1003378	SILAC	NT=Label:13C(6)15N(2);AC=UNIMOD:259;TA=K;MT=Variable	NT=Label:13C(6)15N(4);AC=UNIMOD:267;TA=R;MT=Variable	NT=Oxidation;AC=UNIMOD:35;TA=M;MT=Variable	NT=Acetyl;AC=UNIMOD:1;PP=Protein N-term;MT=Variable	NT=Trypsin;AC=MS:1001251	NT=Lys-C;AC=MS:1001309	NT=beam-type collision-induced dissociation;AC=MS:1000422	27 NCE	380	980	4	1	1	20240721_AST5_Evo3_IO5cmL_PS_SC_pSILAC_hFF_conf_92.raw	v1.1.0	NT=ms-proteomics;VV=v1.1.0	NT=human;VV=v1.1.0	NT=cell-lines;VV=v1.1.0	NT=single-cell;VV=v1.0.0	NT=dia-acquisition;VV=v1.1.0	confluent
hFF_conf_sc_93	Homo sapiens	NT=prepuce of penis;AC=UBERON:0001332	NT=fibroblast;AC=CL:0000057	NT=normal;AC=PATO:0000461	hFF	not available	not available	not available	male	93	single cell	cellenONE	hFF_conf_sc_93	1	confluent	run 229	proteomic profiling by mass spectrometry	Data-independent acquisition	NT=Orbitrap Astral;AC=MS:1003378	SILAC	NT=Label:13C(6)15N(2);AC=UNIMOD:259;TA=K;MT=Variable	NT=Label:13C(6)15N(4);AC=UNIMOD:267;TA=R;MT=Variable	NT=Oxidation;AC=UNIMOD:35;TA=M;MT=Variable	NT=Acetyl;AC=UNIMOD:1;PP=Protein N-term;MT=Variable	NT=Trypsin;AC=MS:1001251	NT=Lys-C;AC=MS:1001309	NT=beam-type collision-induced dissociation;AC=MS:1000422	27 NCE	380	980	4	1	1	20240721_AST5_Evo3_IO5cmL_PS_SC_pSILAC_hFF_conf_93.raw	v1.1.0	NT=ms-proteomics;VV=v1.1.0	NT=human;VV=v1.1.0	NT=cell-lines;VV=v1.1.0	NT=single-cell;VV=v1.0.0	NT=dia-acquisition;VV=v1.1.0	confluent
hFF_conf_sc_94	Homo sapiens	NT=prepuce of penis;AC=UBERON:0001332	NT=fibroblast;AC=CL:0000057	NT=normal;AC=PATO:0000461	hFF	not available	not available	not available	male	94	single cell	cellenONE	hFF_conf_sc_94	1	confluent	run 230	proteomic profiling by mass spectrometry	Data-independent acquisition	NT=Orbitrap Astral;AC=MS:1003378	SILAC	NT=Label:13C(6)15N(2);AC=UNIMOD:259;TA=K;MT=Variable	NT=Label:13C(6)15N(4);AC=UNIMOD:267;TA=R;MT=Variable	NT=Oxidation;AC=UNIMOD:35;TA=M;MT=Variable	NT=Acetyl;AC=UNIMOD:1;PP=Protein N-term;MT=Variable	NT=Trypsin;AC=MS:1001251	NT=Lys-C;AC=MS:1001309	NT=beam-type collision-induced dissociation;AC=MS:1000422	27 NCE	380	980	4	1	1	20240721_AST5_Evo3_IO5cmL_PS_SC_pSILAC_hFF_conf_94.raw	v1.1.0	NT=ms-proteomics;VV=v1.1.0	NT=human;VV=v1.1.0	NT=cell-lines;VV=v1.1.0	NT=single-cell;VV=v1.0.0	NT=dia-acquisition;VV=v1.1.0	confluent
hFF_conf_sc_95	Homo sapiens	NT=prepuce of penis;AC=UBERON:0001332	NT=fibroblast;AC=CL:0000057	NT=normal;AC=PATO:0000461	hFF	not available	not available	not available	male	95	single cell	cellenONE	hFF_conf_sc_95	1	confluent	run 231	proteomic profiling by mass spectrometry	Data-independent acquisition	NT=Orbitrap Astral;AC=MS:1003378	SILAC	NT=Label:13C(6)15N(2);AC=UNIMOD:259;TA=K;MT=Variable	NT=Label:13C(6)15N(4);AC=UNIMOD:267;TA=R;MT=Variable	NT=Oxidation;AC=UNIMOD:35;TA=M;MT=Variable	NT=Acetyl;AC=UNIMOD:1;PP=Protein N-term;MT=Variable	NT=Trypsin;AC=MS:1001251	NT=Lys-C;AC=MS:1001309	NT=beam-type collision-induced dissociation;AC=MS:1000422	27 NCE	380	980	4	1	1	20240721_AST5_Evo3_IO5cmL_PS_SC_pSILAC_hFF_conf_95.raw	v1.1.0	NT=ms-proteomics;VV=v1.1.0	NT=human;VV=v1.1.0	NT=cell-lines;VV=v1.1.0	NT=single-cell;VV=v1.0.0	NT=dia-acquisition;VV=v1.1.0	confluent
hFF_conf_sc_96	Homo sapiens	NT=prepuce of penis;AC=UBERON:0001332	NT=fibroblast;AC=CL:0000057	NT=normal;AC=PATO:0000461	hFF	not available	not available	not available	male	96	single cell	cellenONE	hFF_conf_sc_96	1	confluent	run 232	proteomic profiling by mass spectrometry	Data-independent acquisition	NT=Orbitrap Astral;AC=MS:1003378	SILAC	NT=Label:13C(6)15N(2);AC=UNIMOD:259;TA=K;MT=Variable	NT=Label:13C(6)15N(4);AC=UNIMOD:267;TA=R;MT=Variable	NT=Oxidation;AC=UNIMOD:35;TA=M;MT=Variable	NT=Acetyl;AC=UNIMOD:1;PP=Protein N-term;MT=Variable	NT=Trypsin;AC=MS:1001251	NT=Lys-C;AC=MS:1001309	NT=beam-type collision-induced dissociation;AC=MS:1000422	27 NCE	380	980	4	1	1	20240721_AST5_Evo3_IO5cmL_PS_SC_pSILAC_hFF_conf_96.raw	v1.1.0	NT=ms-proteomics;VV=v1.1.0	NT=human;VV=v1.1.0	NT=cell-lines;VV=v1.1.0	NT=single-cell;VV=v1.0.0	NT=dia-acquisition;VV=v1.1.0	confluent
hFF_conf_sc_97	Homo sapiens	NT=prepuce of penis;AC=UBERON:0001332	NT=fibroblast;AC=CL:0000057	NT=normal;AC=PATO:0000461	hFF	not available	not available	not available	male	97	single cell	cellenONE	hFF_conf_sc_97	1	confluent	run 233	proteomic profiling by mass spectrometry	Data-independent acquisition	NT=Orbitrap Astral;AC=MS:1003378	SILAC	NT=Label:13C(6)15N(2);AC=UNIMOD:259;TA=K;MT=Variable	NT=Label:13C(6)15N(4);AC=UNIMOD:267;TA=R;MT=Variable	NT=Oxidation;AC=UNIMOD:35;TA=M;MT=Variable	NT=Acetyl;AC=UNIMOD:1;PP=Protein N-term;MT=Variable	NT=Trypsin;AC=MS:1001251	NT=Lys-C;AC=MS:1001309	NT=beam-type collision-induced dissociation;AC=MS:1000422	27 NCE	380	980	4	1	1	20240721_AST5_Evo3_IO5cmL_PS_SC_pSILAC_hFF_conf_97_20240724054803.raw	v1.1.0	NT=ms-proteomics;VV=v1.1.0	NT=human;VV=v1.1.0	NT=cell-lines;VV=v1.1.0	NT=single-cell;VV=v1.0.0	NT=dia-acquisition;VV=v1.1.0	confluent
hFF_conf_sc_98	Homo sapiens	NT=prepuce of penis;AC=UBERON:0001332	NT=fibroblast;AC=CL:0000057	NT=normal;AC=PATO:0000461	hFF	not available	not available	not available	male	98	single cell	cellenONE	hFF_conf_sc_98	1	confluent	run 234	proteomic profiling by mass spectrometry	Data-independent acquisition	NT=Orbitrap Astral;AC=MS:1003378	SILAC	NT=Label:13C(6)15N(2);AC=UNIMOD:259;TA=K;MT=Variable	NT=Label:13C(6)15N(4);AC=UNIMOD:267;TA=R;MT=Variable	NT=Oxidation;AC=UNIMOD:35;TA=M;MT=Variable	NT=Acetyl;AC=UNIMOD:1;PP=Protein N-term;MT=Variable	NT=Trypsin;AC=MS:1001251	NT=Lys-C;AC=MS:1001309	NT=beam-type collision-induced dissociation;AC=MS:1000422	27 NCE	380	980	4	1	1	20240721_AST5_Evo3_IO5cmL_PS_SC_pSILAC_hFF_conf_98.raw	v1.1.0	NT=ms-proteomics;VV=v1.1.0	NT=human;VV=v1.1.0	NT=cell-lines;VV=v1.1.0	NT=single-cell;VV=v1.0.0	NT=dia-acquisition;VV=v1.1.0	confluent
hFF_conf_sc_99	Homo sapiens	NT=prepuce of penis;AC=UBERON:0001332	NT=fibroblast;AC=CL:0000057	NT=normal;AC=PATO:0000461	hFF	not available	not available	not available	male	99	single cell	cellenONE	hFF_conf_sc_99	1	confluent	run 235	proteomic profiling by mass spectrometry	Data-independent acquisition	NT=Orbitrap Astral;AC=MS:1003378	SILAC	NT=Label:13C(6)15N(2);AC=UNIMOD:259;TA=K;MT=Variable	NT=Label:13C(6)15N(4);AC=UNIMOD:267;TA=R;MT=Variable	NT=Oxidation;AC=UNIMOD:35;TA=M;MT=Variable	NT=Acetyl;AC=UNIMOD:1;PP=Protein N-term;MT=Variable	NT=Trypsin;AC=MS:1001251	NT=Lys-C;AC=MS:1001309	NT=beam-type collision-induced dissociation;AC=MS:1000422	27 NCE	380	980	4	1	1	20240721_AST5_Evo3_IO5cmL_PS_SC_pSILAC_hFF_conf_99.raw	v1.1.0	NT=ms-proteomics;VV=v1.1.0	NT=human;VV=v1.1.0	NT=cell-lines;VV=v1.1.0	NT=single-cell;VV=v1.0.0	NT=dia-acquisition;VV=v1.1.0	confluent
hFF_conf_sc_100	Homo sapiens	NT=prepuce of penis;AC=UBERON:0001332	NT=fibroblast;AC=CL:0000057	NT=normal;AC=PATO:0000461	hFF	not available	not available	not available	male	100	single cell	cellenONE	hFF_conf_sc_100	1	confluent	run 236	proteomic profiling by mass spectrometry	Data-independent acquisition	NT=Orbitrap Astral;AC=MS:1003378	SILAC	NT=Label:13C(6)15N(2);AC=UNIMOD:259;TA=K;MT=Variable	NT=Label:13C(6)15N(4);AC=UNIMOD:267;TA=R;MT=Variable	NT=Oxidation;AC=UNIMOD:35;TA=M;MT=Variable	NT=Acetyl;AC=UNIMOD:1;PP=Protein N-term;MT=Variable	NT=Trypsin;AC=MS:1001251	NT=Lys-C;AC=MS:1001309	NT=beam-type collision-induced dissociation;AC=MS:1000422	27 NCE	380	980	4	1	1	20240721_AST5_Evo3_IO5cmL_PS_SC_pSILAC_hFF_conf_100.raw	v1.1.0	NT=ms-proteomics;VV=v1.1.0	NT=human;VV=v1.1.0	NT=cell-lines;VV=v1.1.0	NT=single-cell;VV=v1.0.0	NT=dia-acquisition;VV=v1.1.0	confluent
hFF_conf_sc_101	Homo sapiens	NT=prepuce of penis;AC=UBERON:0001332	NT=fibroblast;AC=CL:0000057	NT=normal;AC=PATO:0000461	hFF	not available	not available	not available	male	101	single cell	cellenONE	hFF_conf_sc_101	1	confluent	run 237	proteomic profiling by mass spectrometry	Data-independent acquisition	NT=Orbitrap Astral;AC=MS:1003378	SILAC	NT=Label:13C(6)15N(2);AC=UNIMOD:259;TA=K;MT=Variable	NT=Label:13C(6)15N(4);AC=UNIMOD:267;TA=R;MT=Variable	NT=Oxidation;AC=UNIMOD:35;TA=M;MT=Variable	NT=Acetyl;AC=UNIMOD:1;PP=Protein N-term;MT=Variable	NT=Trypsin;AC=MS:1001251	NT=Lys-C;AC=MS:1001309	NT=beam-type collision-induced dissociation;AC=MS:1000422	27 NCE	380	980	4	1	1	20240721_AST5_Evo3_IO5cmL_PS_SC_pSILAC_hFF_conf_101.raw	v1.1.0	NT=ms-proteomics;VV=v1.1.0	NT=human;VV=v1.1.0	NT=cell-lines;VV=v1.1.0	NT=single-cell;VV=v1.0.0	NT=dia-acquisition;VV=v1.1.0	confluent
hFF_conf_sc_102	Homo sapiens	NT=prepuce of penis;AC=UBERON:0001332	NT=fibroblast;AC=CL:0000057	NT=normal;AC=PATO:0000461	hFF	not available	not available	not available	male	102	single cell	cellenONE	hFF_conf_sc_102	1	confluent	run 238	proteomic profiling by mass spectrometry	Data-independent acquisition	NT=Orbitrap Astral;AC=MS:1003378	SILAC	NT=Label:13C(6)15N(2);AC=UNIMOD:259;TA=K;MT=Variable	NT=Label:13C(6)15N(4);AC=UNIMOD:267;TA=R;MT=Variable	NT=Oxidation;AC=UNIMOD:35;TA=M;MT=Variable	NT=Acetyl;AC=UNIMOD:1;PP=Protein N-term;MT=Variable	NT=Trypsin;AC=MS:1001251	NT=Lys-C;AC=MS:1001309	NT=beam-type collision-induced dissociation;AC=MS:1000422	27 NCE	380	980	4	1	1	20240721_AST5_Evo3_IO5cmL_PS_SC_pSILAC_hFF_conf_102.raw	v1.1.0	NT=ms-proteomics;VV=v1.1.0	NT=human;VV=v1.1.0	NT=cell-lines;VV=v1.1.0	NT=single-cell;VV=v1.0.0	NT=dia-acquisition;VV=v1.1.0	confluent
hFF_conf_sc_103	Homo sapiens	NT=prepuce of penis;AC=UBERON:0001332	NT=fibroblast;AC=CL:0000057	NT=normal;AC=PATO:0000461	hFF	not available	not available	not available	male	103	single cell	cellenONE	hFF_conf_sc_103	1	confluent	run 239	proteomic profiling by mass spectrometry	Data-independent acquisition	NT=Orbitrap Astral;AC=MS:1003378	SILAC	NT=Label:13C(6)15N(2);AC=UNIMOD:259;TA=K;MT=Variable	NT=Label:13C(6)15N(4);AC=UNIMOD:267;TA=R;MT=Variable	NT=Oxidation;AC=UNIMOD:35;TA=M;MT=Variable	NT=Acetyl;AC=UNIMOD:1;PP=Protein N-term;MT=Variable	NT=Trypsin;AC=MS:1001251	NT=Lys-C;AC=MS:1001309	NT=beam-type collision-induced dissociation;AC=MS:1000422	27 NCE	380	980	4	1	1	20240721_AST5_Evo3_IO5cmL_PS_SC_pSILAC_hFF_conf_103.raw	v1.1.0	NT=ms-proteomics;VV=v1.1.0	NT=human;VV=v1.1.0	NT=cell-lines;VV=v1.1.0	NT=single-cell;VV=v1.0.0	NT=dia-acquisition;VV=v1.1.0	confluent
hFF_conf_sc_104	Homo sapiens	NT=prepuce of penis;AC=UBERON:0001332	NT=fibroblast;AC=CL:0000057	NT=normal;AC=PATO:0000461	hFF	not available	not available	not available	male	104	single cell	cellenONE	hFF_conf_sc_104	1	confluent	run 240	proteomic profiling by mass spectrometry	Data-independent acquisition	NT=Orbitrap Astral;AC=MS:1003378	SILAC	NT=Label:13C(6)15N(2);AC=UNIMOD:259;TA=K;MT=Variable	NT=Label:13C(6)15N(4);AC=UNIMOD:267;TA=R;MT=Variable	NT=Oxidation;AC=UNIMOD:35;TA=M;MT=Variable	NT=Acetyl;AC=UNIMOD:1;PP=Protein N-term;MT=Variable	NT=Trypsin;AC=MS:1001251	NT=Lys-C;AC=MS:1001309	NT=beam-type collision-induced dissociation;AC=MS:1000422	27 NCE	380	980	4	1	1	20240721_AST5_Evo3_IO5cmL_PS_SC_pSILAC_hFF_conf_104.raw	v1.1.0	NT=ms-proteomics;VV=v1.1.0	NT=human;VV=v1.1.0	NT=cell-lines;VV=v1.1.0	NT=single-cell;VV=v1.0.0	NT=dia-acquisition;VV=v1.1.0	confluent
hFF_conf_sc_105	Homo sapiens	NT=prepuce of penis;AC=UBERON:0001332	NT=fibroblast;AC=CL:0000057	NT=normal;AC=PATO:0000461	hFF	not available	not available	not available	male	105	single cell	cellenONE	hFF_conf_sc_105	1	confluent	run 241	proteomic profiling by mass spectrometry	Data-independent acquisition	NT=Orbitrap Astral;AC=MS:1003378	SILAC	NT=Label:13C(6)15N(2);AC=UNIMOD:259;TA=K;MT=Variable	NT=Label:13C(6)15N(4);AC=UNIMOD:267;TA=R;MT=Variable	NT=Oxidation;AC=UNIMOD:35;TA=M;MT=Variable	NT=Acetyl;AC=UNIMOD:1;PP=Protein N-term;MT=Variable	NT=Trypsin;AC=MS:1001251	NT=Lys-C;AC=MS:1001309	NT=beam-type collision-induced dissociation;AC=MS:1000422	27 NCE	380	980	4	1	1	20240721_AST5_Evo3_IO5cmL_PS_SC_pSILAC_hFF_conf_105.raw	v1.1.0	NT=ms-proteomics;VV=v1.1.0	NT=human;VV=v1.1.0	NT=cell-lines;VV=v1.1.0	NT=single-cell;VV=v1.0.0	NT=dia-acquisition;VV=v1.1.0	confluent
hFF_conf_sc_106	Homo sapiens	NT=prepuce of penis;AC=UBERON:0001332	NT=fibroblast;AC=CL:0000057	NT=normal;AC=PATO:0000461	hFF	not available	not available	not available	male	106	single cell	cellenONE	hFF_conf_sc_106	1	confluent	run 242	proteomic profiling by mass spectrometry	Data-independent acquisition	NT=Orbitrap Astral;AC=MS:1003378	SILAC	NT=Label:13C(6)15N(2);AC=UNIMOD:259;TA=K;MT=Variable	NT=Label:13C(6)15N(4);AC=UNIMOD:267;TA=R;MT=Variable	NT=Oxidation;AC=UNIMOD:35;TA=M;MT=Variable	NT=Acetyl;AC=UNIMOD:1;PP=Protein N-term;MT=Variable	NT=Trypsin;AC=MS:1001251	NT=Lys-C;AC=MS:1001309	NT=beam-type collision-induced dissociation;AC=MS:1000422	27 NCE	380	980	4	1	1	20240721_AST5_Evo3_IO5cmL_PS_SC_pSILAC_hFF_conf_106.raw	v1.1.0	NT=ms-proteomics;VV=v1.1.0	NT=human;VV=v1.1.0	NT=cell-lines;VV=v1.1.0	NT=single-cell;VV=v1.0.0	NT=dia-acquisition;VV=v1.1.0	confluent
hFF_conf_sc_107	Homo sapiens	NT=prepuce of penis;AC=UBERON:0001332	NT=fibroblast;AC=CL:0000057	NT=normal;AC=PATO:0000461	hFF	not available	not available	not available	male	107	single cell	cellenONE	hFF_conf_sc_107	1	confluent	run 243	proteomic profiling by mass spectrometry	Data-independent acquisition	NT=Orbitrap Astral;AC=MS:1003378	SILAC	NT=Label:13C(6)15N(2);AC=UNIMOD:259;TA=K;MT=Variable	NT=Label:13C(6)15N(4);AC=UNIMOD:267;TA=R;MT=Variable	NT=Oxidation;AC=UNIMOD:35;TA=M;MT=Variable	NT=Acetyl;AC=UNIMOD:1;PP=Protein N-term;MT=Variable	NT=Trypsin;AC=MS:1001251	NT=Lys-C;AC=MS:1001309	NT=beam-type collision-induced dissociation;AC=MS:1000422	27 NCE	380	980	4	1	1	20240721_AST5_Evo3_IO5cmL_PS_SC_pSILAC_hFF_conf_107.raw	v1.1.0	NT=ms-proteomics;VV=v1.1.0	NT=human;VV=v1.1.0	NT=cell-lines;VV=v1.1.0	NT=single-cell;VV=v1.0.0	NT=dia-acquisition;VV=v1.1.0	confluent
hFF_conf_sc_108	Homo sapiens	NT=prepuce of penis;AC=UBERON:0001332	NT=fibroblast;AC=CL:0000057	NT=normal;AC=PATO:0000461	hFF	not available	not available	not available	male	108	single cell	cellenONE	hFF_conf_sc_108	1	confluent	run 244	proteomic profiling by mass spectrometry	Data-independent acquisition	NT=Orbitrap Astral;AC=MS:1003378	SILAC	NT=Label:13C(6)15N(2);AC=UNIMOD:259;TA=K;MT=Variable	NT=Label:13C(6)15N(4);AC=UNIMOD:267;TA=R;MT=Variable	NT=Oxidation;AC=UNIMOD:35;TA=M;MT=Variable	NT=Acetyl;AC=UNIMOD:1;PP=Protein N-term;MT=Variable	NT=Trypsin;AC=MS:1001251	NT=Lys-C;AC=MS:1001309	NT=beam-type collision-induced dissociation;AC=MS:1000422	27 NCE	380	980	4	1	1	20240721_AST5_Evo3_IO5cmL_PS_SC_pSILAC_hFF_conf_108.raw	v1.1.0	NT=ms-proteomics;VV=v1.1.0	NT=human;VV=v1.1.0	NT=cell-lines;VV=v1.1.0	NT=single-cell;VV=v1.0.0	NT=dia-acquisition;VV=v1.1.0	confluent
hFF_conf_sc_109	Homo sapiens	NT=prepuce of penis;AC=UBERON:0001332	NT=fibroblast;AC=CL:0000057	NT=normal;AC=PATO:0000461	hFF	not available	not available	not available	male	109	single cell	cellenONE	hFF_conf_sc_109	1	confluent	run 245	proteomic profiling by mass spectrometry	Data-independent acquisition	NT=Orbitrap Astral;AC=MS:1003378	SILAC	NT=Label:13C(6)15N(2);AC=UNIMOD:259;TA=K;MT=Variable	NT=Label:13C(6)15N(4);AC=UNIMOD:267;TA=R;MT=Variable	NT=Oxidation;AC=UNIMOD:35;TA=M;MT=Variable	NT=Acetyl;AC=UNIMOD:1;PP=Protein N-term;MT=Variable	NT=Trypsin;AC=MS:1001251	NT=Lys-C;AC=MS:1001309	NT=beam-type collision-induced dissociation;AC=MS:1000422	27 NCE	380	980	4	1	1	20240721_AST5_Evo3_IO5cmL_PS_SC_pSILAC_hFF_conf_109.raw	v1.1.0	NT=ms-proteomics;VV=v1.1.0	NT=human;VV=v1.1.0	NT=cell-lines;VV=v1.1.0	NT=single-cell;VV=v1.0.0	NT=dia-acquisition;VV=v1.1.0	confluent
hFF_conf_sc_110	Homo sapiens	NT=prepuce of penis;AC=UBERON:0001332	NT=fibroblast;AC=CL:0000057	NT=normal;AC=PATO:0000461	hFF	not available	not available	not available	male	110	single cell	cellenONE	hFF_conf_sc_110	1	confluent	run 246	proteomic profiling by mass spectrometry	Data-independent acquisition	NT=Orbitrap Astral;AC=MS:1003378	SILAC	NT=Label:13C(6)15N(2);AC=UNIMOD:259;TA=K;MT=Variable	NT=Label:13C(6)15N(4);AC=UNIMOD:267;TA=R;MT=Variable	NT=Oxidation;AC=UNIMOD:35;TA=M;MT=Variable	NT=Acetyl;AC=UNIMOD:1;PP=Protein N-term;MT=Variable	NT=Trypsin;AC=MS:1001251	NT=Lys-C;AC=MS:1001309	NT=beam-type collision-induced dissociation;AC=MS:1000422	27 NCE	380	980	4	1	1	20240721_AST5_Evo3_IO5cmL_PS_SC_pSILAC_hFF_conf_110.raw	v1.1.0	NT=ms-proteomics;VV=v1.1.0	NT=human;VV=v1.1.0	NT=cell-lines;VV=v1.1.0	NT=single-cell;VV=v1.0.0	NT=dia-acquisition;VV=v1.1.0	confluent
hFF_conf_sc_111	Homo sapiens	NT=prepuce of penis;AC=UBERON:0001332	NT=fibroblast;AC=CL:0000057	NT=normal;AC=PATO:0000461	hFF	not available	not available	not available	male	111	single cell	cellenONE	hFF_conf_sc_111	1	confluent	run 247	proteomic profiling by mass spectrometry	Data-independent acquisition	NT=Orbitrap Astral;AC=MS:1003378	SILAC	NT=Label:13C(6)15N(2);AC=UNIMOD:259;TA=K;MT=Variable	NT=Label:13C(6)15N(4);AC=UNIMOD:267;TA=R;MT=Variable	NT=Oxidation;AC=UNIMOD:35;TA=M;MT=Variable	NT=Acetyl;AC=UNIMOD:1;PP=Protein N-term;MT=Variable	NT=Trypsin;AC=MS:1001251	NT=Lys-C;AC=MS:1001309	NT=beam-type collision-induced dissociation;AC=MS:1000422	27 NCE	380	980	4	1	1	20240721_AST5_Evo3_IO5cmL_PS_SC_pSILAC_hFF_conf_111.raw	v1.1.0	NT=ms-proteomics;VV=v1.1.0	NT=human;VV=v1.1.0	NT=cell-lines;VV=v1.1.0	NT=single-cell;VV=v1.0.0	NT=dia-acquisition;VV=v1.1.0	confluent
hFF_conf_sc_112	Homo sapiens	NT=prepuce of penis;AC=UBERON:0001332	NT=fibroblast;AC=CL:0000057	NT=normal;AC=PATO:0000461	hFF	not available	not available	not available	male	112	single cell	cellenONE	hFF_conf_sc_112	1	confluent	run 248	proteomic profiling by mass spectrometry	Data-independent acquisition	NT=Orbitrap Astral;AC=MS:1003378	SILAC	NT=Label:13C(6)15N(2);AC=UNIMOD:259;TA=K;MT=Variable	NT=Label:13C(6)15N(4);AC=UNIMOD:267;TA=R;MT=Variable	NT=Oxidation;AC=UNIMOD:35;TA=M;MT=Variable	NT=Acetyl;AC=UNIMOD:1;PP=Protein N-term;MT=Variable	NT=Trypsin;AC=MS:1001251	NT=Lys-C;AC=MS:1001309	NT=beam-type collision-induced dissociation;AC=MS:1000422	27 NCE	380	980	4	1	1	20240721_AST5_Evo3_IO5cmL_PS_SC_pSILAC_hFF_conf_112.raw	v1.1.0	NT=ms-proteomics;VV=v1.1.0	NT=human;VV=v1.1.0	NT=cell-lines;VV=v1.1.0	NT=single-cell;VV=v1.0.0	NT=dia-acquisition;VV=v1.1.0	confluent
hFF_conf_sc_113	Homo sapiens	NT=prepuce of penis;AC=UBERON:0001332	NT=fibroblast;AC=CL:0000057	NT=normal;AC=PATO:0000461	hFF	not available	not available	not available	male	113	single cell	cellenONE	hFF_conf_sc_113	1	confluent	run 249	proteomic profiling by mass spectrometry	Data-independent acquisition	NT=Orbitrap Astral;AC=MS:1003378	SILAC	NT=Label:13C(6)15N(2);AC=UNIMOD:259;TA=K;MT=Variable	NT=Label:13C(6)15N(4);AC=UNIMOD:267;TA=R;MT=Variable	NT=Oxidation;AC=UNIMOD:35;TA=M;MT=Variable	NT=Acetyl;AC=UNIMOD:1;PP=Protein N-term;MT=Variable	NT=Trypsin;AC=MS:1001251	NT=Lys-C;AC=MS:1001309	NT=beam-type collision-induced dissociation;AC=MS:1000422	27 NCE	380	980	4	1	1	20240721_AST5_Evo3_IO5cmL_PS_SC_pSILAC_hFF_conf_113.raw	v1.1.0	NT=ms-proteomics;VV=v1.1.0	NT=human;VV=v1.1.0	NT=cell-lines;VV=v1.1.0	NT=single-cell;VV=v1.0.0	NT=dia-acquisition;VV=v1.1.0	confluent
hFF_conf_sc_114	Homo sapiens	NT=prepuce of penis;AC=UBERON:0001332	NT=fibroblast;AC=CL:0000057	NT=normal;AC=PATO:0000461	hFF	not available	not available	not available	male	114	single cell	cellenONE	hFF_conf_sc_114	1	confluent	run 250	proteomic profiling by mass spectrometry	Data-independent acquisition	NT=Orbitrap Astral;AC=MS:1003378	SILAC	NT=Label:13C(6)15N(2);AC=UNIMOD:259;TA=K;MT=Variable	NT=Label:13C(6)15N(4);AC=UNIMOD:267;TA=R;MT=Variable	NT=Oxidation;AC=UNIMOD:35;TA=M;MT=Variable	NT=Acetyl;AC=UNIMOD:1;PP=Protein N-term;MT=Variable	NT=Trypsin;AC=MS:1001251	NT=Lys-C;AC=MS:1001309	NT=beam-type collision-induced dissociation;AC=MS:1000422	27 NCE	380	980	4	1	1	20240721_AST5_Evo3_IO5cmL_PS_SC_pSILAC_hFF_conf_114.raw	v1.1.0	NT=ms-proteomics;VV=v1.1.0	NT=human;VV=v1.1.0	NT=cell-lines;VV=v1.1.0	NT=single-cell;VV=v1.0.0	NT=dia-acquisition;VV=v1.1.0	confluent
hFF_conf_sc_115	Homo sapiens	NT=prepuce of penis;AC=UBERON:0001332	NT=fibroblast;AC=CL:0000057	NT=normal;AC=PATO:0000461	hFF	not available	not available	not available	male	115	single cell	cellenONE	hFF_conf_sc_115	1	confluent	run 251	proteomic profiling by mass spectrometry	Data-independent acquisition	NT=Orbitrap Astral;AC=MS:1003378	SILAC	NT=Label:13C(6)15N(2);AC=UNIMOD:259;TA=K;MT=Variable	NT=Label:13C(6)15N(4);AC=UNIMOD:267;TA=R;MT=Variable	NT=Oxidation;AC=UNIMOD:35;TA=M;MT=Variable	NT=Acetyl;AC=UNIMOD:1;PP=Protein N-term;MT=Variable	NT=Trypsin;AC=MS:1001251	NT=Lys-C;AC=MS:1001309	NT=beam-type collision-induced dissociation;AC=MS:1000422	27 NCE	380	980	4	1	1	20240721_AST5_Evo3_IO5cmL_PS_SC_pSILAC_hFF_conf_115.raw	v1.1.0	NT=ms-proteomics;VV=v1.1.0	NT=human;VV=v1.1.0	NT=cell-lines;VV=v1.1.0	NT=single-cell;VV=v1.0.0	NT=dia-acquisition;VV=v1.1.0	confluent
hFF_conf_sc_116	Homo sapiens	NT=prepuce of penis;AC=UBERON:0001332	NT=fibroblast;AC=CL:0000057	NT=normal;AC=PATO:0000461	hFF	not available	not available	not available	male	116	single cell	cellenONE	hFF_conf_sc_116	1	confluent	run 252	proteomic profiling by mass spectrometry	Data-independent acquisition	NT=Orbitrap Astral;AC=MS:1003378	SILAC	NT=Label:13C(6)15N(2);AC=UNIMOD:259;TA=K;MT=Variable	NT=Label:13C(6)15N(4);AC=UNIMOD:267;TA=R;MT=Variable	NT=Oxidation;AC=UNIMOD:35;TA=M;MT=Variable	NT=Acetyl;AC=UNIMOD:1;PP=Protein N-term;MT=Variable	NT=Trypsin;AC=MS:1001251	NT=Lys-C;AC=MS:1001309	NT=beam-type collision-induced dissociation;AC=MS:1000422	27 NCE	380	980	4	1	1	20240721_AST5_Evo3_IO5cmL_PS_SC_pSILAC_hFF_conf_116.raw	v1.1.0	NT=ms-proteomics;VV=v1.1.0	NT=human;VV=v1.1.0	NT=cell-lines;VV=v1.1.0	NT=single-cell;VV=v1.0.0	NT=dia-acquisition;VV=v1.1.0	confluent
hFF_conf_sc_117	Homo sapiens	NT=prepuce of penis;AC=UBERON:0001332	NT=fibroblast;AC=CL:0000057	NT=normal;AC=PATO:0000461	hFF	not available	not available	not available	male	117	single cell	cellenONE	hFF_conf_sc_117	1	confluent	run 253	proteomic profiling by mass spectrometry	Data-independent acquisition	NT=Orbitrap Astral;AC=MS:1003378	SILAC	NT=Label:13C(6)15N(2);AC=UNIMOD:259;TA=K;MT=Variable	NT=Label:13C(6)15N(4);AC=UNIMOD:267;TA=R;MT=Variable	NT=Oxidation;AC=UNIMOD:35;TA=M;MT=Variable	NT=Acetyl;AC=UNIMOD:1;PP=Protein N-term;MT=Variable	NT=Trypsin;AC=MS:1001251	NT=Lys-C;AC=MS:1001309	NT=beam-type collision-induced dissociation;AC=MS:1000422	27 NCE	380	980	4	1	1	20240721_AST5_Evo3_IO5cmL_PS_SC_pSILAC_hFF_conf_117.raw	v1.1.0	NT=ms-proteomics;VV=v1.1.0	NT=human;VV=v1.1.0	NT=cell-lines;VV=v1.1.0	NT=single-cell;VV=v1.0.0	NT=dia-acquisition;VV=v1.1.0	confluent
hFF_conf_sc_118	Homo sapiens	NT=prepuce of penis;AC=UBERON:0001332	NT=fibroblast;AC=CL:0000057	NT=normal;AC=PATO:0000461	hFF	not available	not available	not available	male	118	single cell	cellenONE	hFF_conf_sc_118	1	confluent	run 254	proteomic profiling by mass spectrometry	Data-independent acquisition	NT=Orbitrap Astral;AC=MS:1003378	SILAC	NT=Label:13C(6)15N(2);AC=UNIMOD:259;TA=K;MT=Variable	NT=Label:13C(6)15N(4);AC=UNIMOD:267;TA=R;MT=Variable	NT=Oxidation;AC=UNIMOD:35;TA=M;MT=Variable	NT=Acetyl;AC=UNIMOD:1;PP=Protein N-term;MT=Variable	NT=Trypsin;AC=MS:1001251	NT=Lys-C;AC=MS:1001309	NT=beam-type collision-induced dissociation;AC=MS:1000422	27 NCE	380	980	4	1	1	20240721_AST5_Evo3_IO5cmL_PS_SC_pSILAC_hFF_conf_118.raw	v1.1.0	NT=ms-proteomics;VV=v1.1.0	NT=human;VV=v1.1.0	NT=cell-lines;VV=v1.1.0	NT=single-cell;VV=v1.0.0	NT=dia-acquisition;VV=v1.1.0	confluent
hFF_conf_sc_119	Homo sapiens	NT=prepuce of penis;AC=UBERON:0001332	NT=fibroblast;AC=CL:0000057	NT=normal;AC=PATO:0000461	hFF	not available	not available	not available	male	119	single cell	cellenONE	hFF_conf_sc_119	1	confluent	run 255	proteomic profiling by mass spectrometry	Data-independent acquisition	NT=Orbitrap Astral;AC=MS:1003378	SILAC	NT=Label:13C(6)15N(2);AC=UNIMOD:259;TA=K;MT=Variable	NT=Label:13C(6)15N(4);AC=UNIMOD:267;TA=R;MT=Variable	NT=Oxidation;AC=UNIMOD:35;TA=M;MT=Variable	NT=Acetyl;AC=UNIMOD:1;PP=Protein N-term;MT=Variable	NT=Trypsin;AC=MS:1001251	NT=Lys-C;AC=MS:1001309	NT=beam-type collision-induced dissociation;AC=MS:1000422	27 NCE	380	980	4	1	1	20240721_AST5_Evo3_IO5cmL_PS_SC_pSILAC_hFF_conf_119.raw	v1.1.0	NT=ms-proteomics;VV=v1.1.0	NT=human;VV=v1.1.0	NT=cell-lines;VV=v1.1.0	NT=single-cell;VV=v1.0.0	NT=dia-acquisition;VV=v1.1.0	confluent
hFF_conf_sc_120	Homo sapiens	NT=prepuce of penis;AC=UBERON:0001332	NT=fibroblast;AC=CL:0000057	NT=normal;AC=PATO:0000461	hFF	not available	not available	not available	male	120	single cell	cellenONE	hFF_conf_sc_120	1	confluent	run 256	proteomic profiling by mass spectrometry	Data-independent acquisition	NT=Orbitrap Astral;AC=MS:1003378	SILAC	NT=Label:13C(6)15N(2);AC=UNIMOD:259;TA=K;MT=Variable	NT=Label:13C(6)15N(4);AC=UNIMOD:267;TA=R;MT=Variable	NT=Oxidation;AC=UNIMOD:35;TA=M;MT=Variable	NT=Acetyl;AC=UNIMOD:1;PP=Protein N-term;MT=Variable	NT=Trypsin;AC=MS:1001251	NT=Lys-C;AC=MS:1001309	NT=beam-type collision-induced dissociation;AC=MS:1000422	27 NCE	380	980	4	1	1	20240721_AST5_Evo3_IO5cmL_PS_SC_pSILAC_hFF_conf_120.raw	v1.1.0	NT=ms-proteomics;VV=v1.1.0	NT=human;VV=v1.1.0	NT=cell-lines;VV=v1.1.0	NT=single-cell;VV=v1.0.0	NT=dia-acquisition;VV=v1.1.0	confluent
hFF_conf_10c_1	Homo sapiens	NT=prepuce of penis;AC=UBERON:0001332	NT=fibroblast;AC=CL:0000057	NT=normal;AC=PATO:0000461	hFF	not available	not available	not available	male	1	pooled	cellenONE	not applicable	10	confluent	run 257	proteomic profiling by mass spectrometry	Data-independent acquisition	NT=Orbitrap Astral;AC=MS:1003378	SILAC	NT=Label:13C(6)15N(2);AC=UNIMOD:259;TA=K;MT=Variable	NT=Label:13C(6)15N(4);AC=UNIMOD:267;TA=R;MT=Variable	NT=Oxidation;AC=UNIMOD:35;TA=M;MT=Variable	NT=Acetyl;AC=UNIMOD:1;PP=Protein N-term;MT=Variable	NT=Trypsin;AC=MS:1001251	NT=Lys-C;AC=MS:1001309	NT=beam-type collision-induced dissociation;AC=MS:1000422	27 NCE	380	980	4	1	1	20240719_AST5_Evo3_IO5cmL_PS_SC_pSILAC_hFF_conf_10c_01.raw	v1.1.0	NT=ms-proteomics;VV=v1.1.0	NT=human;VV=v1.1.0	NT=cell-lines;VV=v1.1.0	NT=single-cell;VV=v1.0.0	NT=dia-acquisition;VV=v1.1.0	confluent
hFF_conf_10c_2	Homo sapiens	NT=prepuce of penis;AC=UBERON:0001332	NT=fibroblast;AC=CL:0000057	NT=normal;AC=PATO:0000461	hFF	not available	not available	not available	male	2	pooled	cellenONE	not applicable	10	confluent	run 258	proteomic profiling by mass spectrometry	Data-independent acquisition	NT=Orbitrap Astral;AC=MS:1003378	SILAC	NT=Label:13C(6)15N(2);AC=UNIMOD:259;TA=K;MT=Variable	NT=Label:13C(6)15N(4);AC=UNIMOD:267;TA=R;MT=Variable	NT=Oxidation;AC=UNIMOD:35;TA=M;MT=Variable	NT=Acetyl;AC=UNIMOD:1;PP=Protein N-term;MT=Variable	NT=Trypsin;AC=MS:1001251	NT=Lys-C;AC=MS:1001309	NT=beam-type collision-induced dissociation;AC=MS:1000422	27 NCE	380	980	4	1	1	20240719_AST5_Evo3_IO5cmL_PS_SC_pSILAC_hFF_conf_10c_02.raw	v1.1.0	NT=ms-proteomics;VV=v1.1.0	NT=human;VV=v1.1.0	NT=cell-lines;VV=v1.1.0	NT=single-cell;VV=v1.0.0	NT=dia-acquisition;VV=v1.1.0	confluent
hFF_conf_10c_3	Homo sapiens	NT=prepuce of penis;AC=UBERON:0001332	NT=fibroblast;AC=CL:0000057	NT=normal;AC=PATO:0000461	hFF	not available	not available	not available	male	3	pooled	cellenONE	not applicable	10	confluent	run 259	proteomic profiling by mass spectrometry	Data-independent acquisition	NT=Orbitrap Astral;AC=MS:1003378	SILAC	NT=Label:13C(6)15N(2);AC=UNIMOD:259;TA=K;MT=Variable	NT=Label:13C(6)15N(4);AC=UNIMOD:267;TA=R;MT=Variable	NT=Oxidation;AC=UNIMOD:35;TA=M;MT=Variable	NT=Acetyl;AC=UNIMOD:1;PP=Protein N-term;MT=Variable	NT=Trypsin;AC=MS:1001251	NT=Lys-C;AC=MS:1001309	NT=beam-type collision-induced dissociation;AC=MS:1000422	27 NCE	380	980	4	1	1	20240719_AST5_Evo3_IO5cmL_PS_SC_pSILAC_hFF_conf_10c_03.raw	v1.1.0	NT=ms-proteomics;VV=v1.1.0	NT=human;VV=v1.1.0	NT=cell-lines;VV=v1.1.0	NT=single-cell;VV=v1.0.0	NT=dia-acquisition;VV=v1.1.0	confluent
hFF_conf_10c_4	Homo sapiens	NT=prepuce of penis;AC=UBERON:0001332	NT=fibroblast;AC=CL:0000057	NT=normal;AC=PATO:0000461	hFF	not available	not available	not available	male	4	pooled	cellenONE	not applicable	10	confluent	run 260	proteomic profiling by mass spectrometry	Data-independent acquisition	NT=Orbitrap Astral;AC=MS:1003378	SILAC	NT=Label:13C(6)15N(2);AC=UNIMOD:259;TA=K;MT=Variable	NT=Label:13C(6)15N(4);AC=UNIMOD:267;TA=R;MT=Variable	NT=Oxidation;AC=UNIMOD:35;TA=M;MT=Variable	NT=Acetyl;AC=UNIMOD:1;PP=Protein N-term;MT=Variable	NT=Trypsin;AC=MS:1001251	NT=Lys-C;AC=MS:1001309	NT=beam-type collision-induced dissociation;AC=MS:1000422	27 NCE	380	980	4	1	1	20240719_AST5_Evo3_IO5cmL_PS_SC_pSILAC_hFF_conf_10c_04.raw	v1.1.0	NT=ms-proteomics;VV=v1.1.0	NT=human;VV=v1.1.0	NT=cell-lines;VV=v1.1.0	NT=single-cell;VV=v1.0.0	NT=dia-acquisition;VV=v1.1.0	confluent
hFF_starved_sc_1	Homo sapiens	NT=prepuce of penis;AC=UBERON:0001332	NT=fibroblast;AC=CL:0000057	NT=normal;AC=PATO:0000461	hFF	not available	not available	not available	male	1	single cell	cellenONE	hFF_starved_sc_1	1	serum-starved	run 261	proteomic profiling by mass spectrometry	Data-independent acquisition	NT=Orbitrap Astral;AC=MS:1003378	SILAC	NT=Label:13C(6)15N(2);AC=UNIMOD:259;TA=K;MT=Variable	NT=Label:13C(6)15N(4);AC=UNIMOD:267;TA=R;MT=Variable	NT=Oxidation;AC=UNIMOD:35;TA=M;MT=Variable	NT=Acetyl;AC=UNIMOD:1;PP=Protein N-term;MT=Variable	NT=Trypsin;AC=MS:1001251	NT=Lys-C;AC=MS:1001309	NT=beam-type collision-induced dissociation;AC=MS:1000422	27 NCE	380	980	4	1	1	20240719_AST5_Evo3_IO5cmL_PS_SC_pSILAC_hFF_starved_01.raw	v1.1.0	NT=ms-proteomics;VV=v1.1.0	NT=human;VV=v1.1.0	NT=cell-lines;VV=v1.1.0	NT=single-cell;VV=v1.0.0	NT=dia-acquisition;VV=v1.1.0	serum-starved
hFF_starved_sc_2	Homo sapiens	NT=prepuce of penis;AC=UBERON:0001332	NT=fibroblast;AC=CL:0000057	NT=normal;AC=PATO:0000461	hFF	not available	not available	not available	male	2	single cell	cellenONE	hFF_starved_sc_2	1	serum-starved	run 262	proteomic profiling by mass spectrometry	Data-independent acquisition	NT=Orbitrap Astral;AC=MS:1003378	SILAC	NT=Label:13C(6)15N(2);AC=UNIMOD:259;TA=K;MT=Variable	NT=Label:13C(6)15N(4);AC=UNIMOD:267;TA=R;MT=Variable	NT=Oxidation;AC=UNIMOD:35;TA=M;MT=Variable	NT=Acetyl;AC=UNIMOD:1;PP=Protein N-term;MT=Variable	NT=Trypsin;AC=MS:1001251	NT=Lys-C;AC=MS:1001309	NT=beam-type collision-induced dissociation;AC=MS:1000422	27 NCE	380	980	4	1	1	20240719_AST5_Evo3_IO5cmL_PS_SC_pSILAC_hFF_starved_02.raw	v1.1.0	NT=ms-proteomics;VV=v1.1.0	NT=human;VV=v1.1.0	NT=cell-lines;VV=v1.1.0	NT=single-cell;VV=v1.0.0	NT=dia-acquisition;VV=v1.1.0	serum-starved
hFF_starved_sc_3	Homo sapiens	NT=prepuce of penis;AC=UBERON:0001332	NT=fibroblast;AC=CL:0000057	NT=normal;AC=PATO:0000461	hFF	not available	not available	not available	male	3	single cell	cellenONE	hFF_starved_sc_3	1	serum-starved	run 263	proteomic profiling by mass spectrometry	Data-independent acquisition	NT=Orbitrap Astral;AC=MS:1003378	SILAC	NT=Label:13C(6)15N(2);AC=UNIMOD:259;TA=K;MT=Variable	NT=Label:13C(6)15N(4);AC=UNIMOD:267;TA=R;MT=Variable	NT=Oxidation;AC=UNIMOD:35;TA=M;MT=Variable	NT=Acetyl;AC=UNIMOD:1;PP=Protein N-term;MT=Variable	NT=Trypsin;AC=MS:1001251	NT=Lys-C;AC=MS:1001309	NT=beam-type collision-induced dissociation;AC=MS:1000422	27 NCE	380	980	4	1	1	20240719_AST5_Evo3_IO5cmL_PS_SC_pSILAC_hFF_starved_03.raw	v1.1.0	NT=ms-proteomics;VV=v1.1.0	NT=human;VV=v1.1.0	NT=cell-lines;VV=v1.1.0	NT=single-cell;VV=v1.0.0	NT=dia-acquisition;VV=v1.1.0	serum-starved
hFF_starved_sc_4	Homo sapiens	NT=prepuce of penis;AC=UBERON:0001332	NT=fibroblast;AC=CL:0000057	NT=normal;AC=PATO:0000461	hFF	not available	not available	not available	male	4	single cell	cellenONE	hFF_starved_sc_4	1	serum-starved	run 264	proteomic profiling by mass spectrometry	Data-independent acquisition	NT=Orbitrap Astral;AC=MS:1003378	SILAC	NT=Label:13C(6)15N(2);AC=UNIMOD:259;TA=K;MT=Variable	NT=Label:13C(6)15N(4);AC=UNIMOD:267;TA=R;MT=Variable	NT=Oxidation;AC=UNIMOD:35;TA=M;MT=Variable	NT=Acetyl;AC=UNIMOD:1;PP=Protein N-term;MT=Variable	NT=Trypsin;AC=MS:1001251	NT=Lys-C;AC=MS:1001309	NT=beam-type collision-induced dissociation;AC=MS:1000422	27 NCE	380	980	4	1	1	20240719_AST5_Evo3_IO5cmL_PS_SC_pSILAC_hFF_starved_04.raw	v1.1.0	NT=ms-proteomics;VV=v1.1.0	NT=human;VV=v1.1.0	NT=cell-lines;VV=v1.1.0	NT=single-cell;VV=v1.0.0	NT=dia-acquisition;VV=v1.1.0	serum-starved
hFF_starved_sc_5	Homo sapiens	NT=prepuce of penis;AC=UBERON:0001332	NT=fibroblast;AC=CL:0000057	NT=normal;AC=PATO:0000461	hFF	not available	not available	not available	male	5	single cell	cellenONE	hFF_starved_sc_5	1	serum-starved	run 265	proteomic profiling by mass spectrometry	Data-independent acquisition	NT=Orbitrap Astral;AC=MS:1003378	SILAC	NT=Label:13C(6)15N(2);AC=UNIMOD:259;TA=K;MT=Variable	NT=Label:13C(6)15N(4);AC=UNIMOD:267;TA=R;MT=Variable	NT=Oxidation;AC=UNIMOD:35;TA=M;MT=Variable	NT=Acetyl;AC=UNIMOD:1;PP=Protein N-term;MT=Variable	NT=Trypsin;AC=MS:1001251	NT=Lys-C;AC=MS:1001309	NT=beam-type collision-induced dissociation;AC=MS:1000422	27 NCE	380	980	4	1	1	20240719_AST5_Evo3_IO5cmL_PS_SC_pSILAC_hFF_starved_05.raw	v1.1.0	NT=ms-proteomics;VV=v1.1.0	NT=human;VV=v1.1.0	NT=cell-lines;VV=v1.1.0	NT=single-cell;VV=v1.0.0	NT=dia-acquisition;VV=v1.1.0	serum-starved
hFF_starved_sc_6	Homo sapiens	NT=prepuce of penis;AC=UBERON:0001332	NT=fibroblast;AC=CL:0000057	NT=normal;AC=PATO:0000461	hFF	not available	not available	not available	male	6	single cell	cellenONE	hFF_starved_sc_6	1	serum-starved	run 266	proteomic profiling by mass spectrometry	Data-independent acquisition	NT=Orbitrap Astral;AC=MS:1003378	SILAC	NT=Label:13C(6)15N(2);AC=UNIMOD:259;TA=K;MT=Variable	NT=Label:13C(6)15N(4);AC=UNIMOD:267;TA=R;MT=Variable	NT=Oxidation;AC=UNIMOD:35;TA=M;MT=Variable	NT=Acetyl;AC=UNIMOD:1;PP=Protein N-term;MT=Variable	NT=Trypsin;AC=MS:1001251	NT=Lys-C;AC=MS:1001309	NT=beam-type collision-induced dissociation;AC=MS:1000422	27 NCE	380	980	4	1	1	20240719_AST5_Evo3_IO5cmL_PS_SC_pSILAC_hFF_starved_06.raw	v1.1.0	NT=ms-proteomics;VV=v1.1.0	NT=human;VV=v1.1.0	NT=cell-lines;VV=v1.1.0	NT=single-cell;VV=v1.0.0	NT=dia-acquisition;VV=v1.1.0	serum-starved
hFF_starved_sc_7	Homo sapiens	NT=prepuce of penis;AC=UBERON:0001332	NT=fibroblast;AC=CL:0000057	NT=normal;AC=PATO:0000461	hFF	not available	not available	not available	male	7	single cell	cellenONE	hFF_starved_sc_7	1	serum-starved	run 267	proteomic profiling by mass spectrometry	Data-independent acquisition	NT=Orbitrap Astral;AC=MS:1003378	SILAC	NT=Label:13C(6)15N(2);AC=UNIMOD:259;TA=K;MT=Variable	NT=Label:13C(6)15N(4);AC=UNIMOD:267;TA=R;MT=Variable	NT=Oxidation;AC=UNIMOD:35;TA=M;MT=Variable	NT=Acetyl;AC=UNIMOD:1;PP=Protein N-term;MT=Variable	NT=Trypsin;AC=MS:1001251	NT=Lys-C;AC=MS:1001309	NT=beam-type collision-induced dissociation;AC=MS:1000422	27 NCE	380	980	4	1	1	20240719_AST5_Evo3_IO5cmL_PS_SC_pSILAC_hFF_starved_07.raw	v1.1.0	NT=ms-proteomics;VV=v1.1.0	NT=human;VV=v1.1.0	NT=cell-lines;VV=v1.1.0	NT=single-cell;VV=v1.0.0	NT=dia-acquisition;VV=v1.1.0	serum-starved
hFF_starved_sc_8	Homo sapiens	NT=prepuce of penis;AC=UBERON:0001332	NT=fibroblast;AC=CL:0000057	NT=normal;AC=PATO:0000461	hFF	not available	not available	not available	male	8	single cell	cellenONE	hFF_starved_sc_8	1	serum-starved	run 268	proteomic profiling by mass spectrometry	Data-independent acquisition	NT=Orbitrap Astral;AC=MS:1003378	SILAC	NT=Label:13C(6)15N(2);AC=UNIMOD:259;TA=K;MT=Variable	NT=Label:13C(6)15N(4);AC=UNIMOD:267;TA=R;MT=Variable	NT=Oxidation;AC=UNIMOD:35;TA=M;MT=Variable	NT=Acetyl;AC=UNIMOD:1;PP=Protein N-term;MT=Variable	NT=Trypsin;AC=MS:1001251	NT=Lys-C;AC=MS:1001309	NT=beam-type collision-induced dissociation;AC=MS:1000422	27 NCE	380	980	4	1	1	20240719_AST5_Evo3_IO5cmL_PS_SC_pSILAC_hFF_starved_08.raw	v1.1.0	NT=ms-proteomics;VV=v1.1.0	NT=human;VV=v1.1.0	NT=cell-lines;VV=v1.1.0	NT=single-cell;VV=v1.0.0	NT=dia-acquisition;VV=v1.1.0	serum-starved
hFF_starved_sc_9	Homo sapiens	NT=prepuce of penis;AC=UBERON:0001332	NT=fibroblast;AC=CL:0000057	NT=normal;AC=PATO:0000461	hFF	not available	not available	not available	male	9	single cell	cellenONE	hFF_starved_sc_9	1	serum-starved	run 269	proteomic profiling by mass spectrometry	Data-independent acquisition	NT=Orbitrap Astral;AC=MS:1003378	SILAC	NT=Label:13C(6)15N(2);AC=UNIMOD:259;TA=K;MT=Variable	NT=Label:13C(6)15N(4);AC=UNIMOD:267;TA=R;MT=Variable	NT=Oxidation;AC=UNIMOD:35;TA=M;MT=Variable	NT=Acetyl;AC=UNIMOD:1;PP=Protein N-term;MT=Variable	NT=Trypsin;AC=MS:1001251	NT=Lys-C;AC=MS:1001309	NT=beam-type collision-induced dissociation;AC=MS:1000422	27 NCE	380	980	4	1	1	20240719_AST5_Evo3_IO5cmL_PS_SC_pSILAC_hFF_starved_09.raw	v1.1.0	NT=ms-proteomics;VV=v1.1.0	NT=human;VV=v1.1.0	NT=cell-lines;VV=v1.1.0	NT=single-cell;VV=v1.0.0	NT=dia-acquisition;VV=v1.1.0	serum-starved
hFF_starved_sc_10	Homo sapiens	NT=prepuce of penis;AC=UBERON:0001332	NT=fibroblast;AC=CL:0000057	NT=normal;AC=PATO:0000461	hFF	not available	not available	not available	male	10	single cell	cellenONE	hFF_starved_sc_10	1	serum-starved	run 270	proteomic profiling by mass spectrometry	Data-independent acquisition	NT=Orbitrap Astral;AC=MS:1003378	SILAC	NT=Label:13C(6)15N(2);AC=UNIMOD:259;TA=K;MT=Variable	NT=Label:13C(6)15N(4);AC=UNIMOD:267;TA=R;MT=Variable	NT=Oxidation;AC=UNIMOD:35;TA=M;MT=Variable	NT=Acetyl;AC=UNIMOD:1;PP=Protein N-term;MT=Variable	NT=Trypsin;AC=MS:1001251	NT=Lys-C;AC=MS:1001309	NT=beam-type collision-induced dissociation;AC=MS:1000422	27 NCE	380	980	4	1	1	20240719_AST5_Evo3_IO5cmL_PS_SC_pSILAC_hFF_starved_10.raw	v1.1.0	NT=ms-proteomics;VV=v1.1.0	NT=human;VV=v1.1.0	NT=cell-lines;VV=v1.1.0	NT=single-cell;VV=v1.0.0	NT=dia-acquisition;VV=v1.1.0	serum-starved
hFF_starved_sc_11	Homo sapiens	NT=prepuce of penis;AC=UBERON:0001332	NT=fibroblast;AC=CL:0000057	NT=normal;AC=PATO:0000461	hFF	not available	not available	not available	male	11	single cell	cellenONE	hFF_starved_sc_11	1	serum-starved	run 271	proteomic profiling by mass spectrometry	Data-independent acquisition	NT=Orbitrap Astral;AC=MS:1003378	SILAC	NT=Label:13C(6)15N(2);AC=UNIMOD:259;TA=K;MT=Variable	NT=Label:13C(6)15N(4);AC=UNIMOD:267;TA=R;MT=Variable	NT=Oxidation;AC=UNIMOD:35;TA=M;MT=Variable	NT=Acetyl;AC=UNIMOD:1;PP=Protein N-term;MT=Variable	NT=Trypsin;AC=MS:1001251	NT=Lys-C;AC=MS:1001309	NT=beam-type collision-induced dissociation;AC=MS:1000422	27 NCE	380	980	4	1	1	20240719_AST5_Evo3_IO5cmL_PS_SC_pSILAC_hFF_starved_11.raw	v1.1.0	NT=ms-proteomics;VV=v1.1.0	NT=human;VV=v1.1.0	NT=cell-lines;VV=v1.1.0	NT=single-cell;VV=v1.0.0	NT=dia-acquisition;VV=v1.1.0	serum-starved
hFF_starved_sc_12	Homo sapiens	NT=prepuce of penis;AC=UBERON:0001332	NT=fibroblast;AC=CL:0000057	NT=normal;AC=PATO:0000461	hFF	not available	not available	not available	male	12	single cell	cellenONE	hFF_starved_sc_12	1	serum-starved	run 272	proteomic profiling by mass spectrometry	Data-independent acquisition	NT=Orbitrap Astral;AC=MS:1003378	SILAC	NT=Label:13C(6)15N(2);AC=UNIMOD:259;TA=K;MT=Variable	NT=Label:13C(6)15N(4);AC=UNIMOD:267;TA=R;MT=Variable	NT=Oxidation;AC=UNIMOD:35;TA=M;MT=Variable	NT=Acetyl;AC=UNIMOD:1;PP=Protein N-term;MT=Variable	NT=Trypsin;AC=MS:1001251	NT=Lys-C;AC=MS:1001309	NT=beam-type collision-induced dissociation;AC=MS:1000422	27 NCE	380	980	4	1	1	20240719_AST5_Evo3_IO5cmL_PS_SC_pSILAC_hFF_starved_12.raw	v1.1.0	NT=ms-proteomics;VV=v1.1.0	NT=human;VV=v1.1.0	NT=cell-lines;VV=v1.1.0	NT=single-cell;VV=v1.0.0	NT=dia-acquisition;VV=v1.1.0	serum-starved
hFF_starved_sc_13	Homo sapiens	NT=prepuce of penis;AC=UBERON:0001332	NT=fibroblast;AC=CL:0000057	NT=normal;AC=PATO:0000461	hFF	not available	not available	not available	male	13	single cell	cellenONE	hFF_starved_sc_13	1	serum-starved	run 273	proteomic profiling by mass spectrometry	Data-independent acquisition	NT=Orbitrap Astral;AC=MS:1003378	SILAC	NT=Label:13C(6)15N(2);AC=UNIMOD:259;TA=K;MT=Variable	NT=Label:13C(6)15N(4);AC=UNIMOD:267;TA=R;MT=Variable	NT=Oxidation;AC=UNIMOD:35;TA=M;MT=Variable	NT=Acetyl;AC=UNIMOD:1;PP=Protein N-term;MT=Variable	NT=Trypsin;AC=MS:1001251	NT=Lys-C;AC=MS:1001309	NT=beam-type collision-induced dissociation;AC=MS:1000422	27 NCE	380	980	4	1	1	20240719_AST5_Evo3_IO5cmL_PS_SC_pSILAC_hFF_starved_13.raw	v1.1.0	NT=ms-proteomics;VV=v1.1.0	NT=human;VV=v1.1.0	NT=cell-lines;VV=v1.1.0	NT=single-cell;VV=v1.0.0	NT=dia-acquisition;VV=v1.1.0	serum-starved
hFF_starved_sc_14	Homo sapiens	NT=prepuce of penis;AC=UBERON:0001332	NT=fibroblast;AC=CL:0000057	NT=normal;AC=PATO:0000461	hFF	not available	not available	not available	male	14	single cell	cellenONE	hFF_starved_sc_14	1	serum-starved	run 274	proteomic profiling by mass spectrometry	Data-independent acquisition	NT=Orbitrap Astral;AC=MS:1003378	SILAC	NT=Label:13C(6)15N(2);AC=UNIMOD:259;TA=K;MT=Variable	NT=Label:13C(6)15N(4);AC=UNIMOD:267;TA=R;MT=Variable	NT=Oxidation;AC=UNIMOD:35;TA=M;MT=Variable	NT=Acetyl;AC=UNIMOD:1;PP=Protein N-term;MT=Variable	NT=Trypsin;AC=MS:1001251	NT=Lys-C;AC=MS:1001309	NT=beam-type collision-induced dissociation;AC=MS:1000422	27 NCE	380	980	4	1	1	20240719_AST5_Evo3_IO5cmL_PS_SC_pSILAC_hFF_starved_14.raw	v1.1.0	NT=ms-proteomics;VV=v1.1.0	NT=human;VV=v1.1.0	NT=cell-lines;VV=v1.1.0	NT=single-cell;VV=v1.0.0	NT=dia-acquisition;VV=v1.1.0	serum-starved
hFF_starved_sc_15	Homo sapiens	NT=prepuce of penis;AC=UBERON:0001332	NT=fibroblast;AC=CL:0000057	NT=normal;AC=PATO:0000461	hFF	not available	not available	not available	male	15	single cell	cellenONE	hFF_starved_sc_15	1	serum-starved	run 275	proteomic profiling by mass spectrometry	Data-independent acquisition	NT=Orbitrap Astral;AC=MS:1003378	SILAC	NT=Label:13C(6)15N(2);AC=UNIMOD:259;TA=K;MT=Variable	NT=Label:13C(6)15N(4);AC=UNIMOD:267;TA=R;MT=Variable	NT=Oxidation;AC=UNIMOD:35;TA=M;MT=Variable	NT=Acetyl;AC=UNIMOD:1;PP=Protein N-term;MT=Variable	NT=Trypsin;AC=MS:1001251	NT=Lys-C;AC=MS:1001309	NT=beam-type collision-induced dissociation;AC=MS:1000422	27 NCE	380	980	4	1	1	20240719_AST5_Evo3_IO5cmL_PS_SC_pSILAC_hFF_starved_15.raw	v1.1.0	NT=ms-proteomics;VV=v1.1.0	NT=human;VV=v1.1.0	NT=cell-lines;VV=v1.1.0	NT=single-cell;VV=v1.0.0	NT=dia-acquisition;VV=v1.1.0	serum-starved
hFF_starved_sc_16	Homo sapiens	NT=prepuce of penis;AC=UBERON:0001332	NT=fibroblast;AC=CL:0000057	NT=normal;AC=PATO:0000461	hFF	not available	not available	not available	male	16	single cell	cellenONE	hFF_starved_sc_16	1	serum-starved	run 276	proteomic profiling by mass spectrometry	Data-independent acquisition	NT=Orbitrap Astral;AC=MS:1003378	SILAC	NT=Label:13C(6)15N(2);AC=UNIMOD:259;TA=K;MT=Variable	NT=Label:13C(6)15N(4);AC=UNIMOD:267;TA=R;MT=Variable	NT=Oxidation;AC=UNIMOD:35;TA=M;MT=Variable	NT=Acetyl;AC=UNIMOD:1;PP=Protein N-term;MT=Variable	NT=Trypsin;AC=MS:1001251	NT=Lys-C;AC=MS:1001309	NT=beam-type collision-induced dissociation;AC=MS:1000422	27 NCE	380	980	4	1	1	20240719_AST5_Evo3_IO5cmL_PS_SC_pSILAC_hFF_starved_16.raw	v1.1.0	NT=ms-proteomics;VV=v1.1.0	NT=human;VV=v1.1.0	NT=cell-lines;VV=v1.1.0	NT=single-cell;VV=v1.0.0	NT=dia-acquisition;VV=v1.1.0	serum-starved
hFF_starved_sc_17	Homo sapiens	NT=prepuce of penis;AC=UBERON:0001332	NT=fibroblast;AC=CL:0000057	NT=normal;AC=PATO:0000461	hFF	not available	not available	not available	male	17	single cell	cellenONE	hFF_starved_sc_17	1	serum-starved	run 277	proteomic profiling by mass spectrometry	Data-independent acquisition	NT=Orbitrap Astral;AC=MS:1003378	SILAC	NT=Label:13C(6)15N(2);AC=UNIMOD:259;TA=K;MT=Variable	NT=Label:13C(6)15N(4);AC=UNIMOD:267;TA=R;MT=Variable	NT=Oxidation;AC=UNIMOD:35;TA=M;MT=Variable	NT=Acetyl;AC=UNIMOD:1;PP=Protein N-term;MT=Variable	NT=Trypsin;AC=MS:1001251	NT=Lys-C;AC=MS:1001309	NT=beam-type collision-induced dissociation;AC=MS:1000422	27 NCE	380	980	4	1	1	20240719_AST5_Evo3_IO5cmL_PS_SC_pSILAC_hFF_starved_17.raw	v1.1.0	NT=ms-proteomics;VV=v1.1.0	NT=human;VV=v1.1.0	NT=cell-lines;VV=v1.1.0	NT=single-cell;VV=v1.0.0	NT=dia-acquisition;VV=v1.1.0	serum-starved
hFF_starved_sc_18	Homo sapiens	NT=prepuce of penis;AC=UBERON:0001332	NT=fibroblast;AC=CL:0000057	NT=normal;AC=PATO:0000461	hFF	not available	not available	not available	male	18	single cell	cellenONE	hFF_starved_sc_18	1	serum-starved	run 278	proteomic profiling by mass spectrometry	Data-independent acquisition	NT=Orbitrap Astral;AC=MS:1003378	SILAC	NT=Label:13C(6)15N(2);AC=UNIMOD:259;TA=K;MT=Variable	NT=Label:13C(6)15N(4);AC=UNIMOD:267;TA=R;MT=Variable	NT=Oxidation;AC=UNIMOD:35;TA=M;MT=Variable	NT=Acetyl;AC=UNIMOD:1;PP=Protein N-term;MT=Variable	NT=Trypsin;AC=MS:1001251	NT=Lys-C;AC=MS:1001309	NT=beam-type collision-induced dissociation;AC=MS:1000422	27 NCE	380	980	4	1	1	20240719_AST5_Evo3_IO5cmL_PS_SC_pSILAC_hFF_starved_18.raw	v1.1.0	NT=ms-proteomics;VV=v1.1.0	NT=human;VV=v1.1.0	NT=cell-lines;VV=v1.1.0	NT=single-cell;VV=v1.0.0	NT=dia-acquisition;VV=v1.1.0	serum-starved
hFF_starved_sc_19	Homo sapiens	NT=prepuce of penis;AC=UBERON:0001332	NT=fibroblast;AC=CL:0000057	NT=normal;AC=PATO:0000461	hFF	not available	not available	not available	male	19	single cell	cellenONE	hFF_starved_sc_19	1	serum-starved	run 279	proteomic profiling by mass spectrometry	Data-independent acquisition	NT=Orbitrap Astral;AC=MS:1003378	SILAC	NT=Label:13C(6)15N(2);AC=UNIMOD:259;TA=K;MT=Variable	NT=Label:13C(6)15N(4);AC=UNIMOD:267;TA=R;MT=Variable	NT=Oxidation;AC=UNIMOD:35;TA=M;MT=Variable	NT=Acetyl;AC=UNIMOD:1;PP=Protein N-term;MT=Variable	NT=Trypsin;AC=MS:1001251	NT=Lys-C;AC=MS:1001309	NT=beam-type collision-induced dissociation;AC=MS:1000422	27 NCE	380	980	4	1	1	20240719_AST5_Evo3_IO5cmL_PS_SC_pSILAC_hFF_starved_19.raw	v1.1.0	NT=ms-proteomics;VV=v1.1.0	NT=human;VV=v1.1.0	NT=cell-lines;VV=v1.1.0	NT=single-cell;VV=v1.0.0	NT=dia-acquisition;VV=v1.1.0	serum-starved
hFF_starved_sc_20	Homo sapiens	NT=prepuce of penis;AC=UBERON:0001332	NT=fibroblast;AC=CL:0000057	NT=normal;AC=PATO:0000461	hFF	not available	not available	not available	male	20	single cell	cellenONE	hFF_starved_sc_20	1	serum-starved	run 280	proteomic profiling by mass spectrometry	Data-independent acquisition	NT=Orbitrap Astral;AC=MS:1003378	SILAC	NT=Label:13C(6)15N(2);AC=UNIMOD:259;TA=K;MT=Variable	NT=Label:13C(6)15N(4);AC=UNIMOD:267;TA=R;MT=Variable	NT=Oxidation;AC=UNIMOD:35;TA=M;MT=Variable	NT=Acetyl;AC=UNIMOD:1;PP=Protein N-term;MT=Variable	NT=Trypsin;AC=MS:1001251	NT=Lys-C;AC=MS:1001309	NT=beam-type collision-induced dissociation;AC=MS:1000422	27 NCE	380	980	4	1	1	20240719_AST5_Evo3_IO5cmL_PS_SC_pSILAC_hFF_starved_20.raw	v1.1.0	NT=ms-proteomics;VV=v1.1.0	NT=human;VV=v1.1.0	NT=cell-lines;VV=v1.1.0	NT=single-cell;VV=v1.0.0	NT=dia-acquisition;VV=v1.1.0	serum-starved
hFF_starved_sc_21	Homo sapiens	NT=prepuce of penis;AC=UBERON:0001332	NT=fibroblast;AC=CL:0000057	NT=normal;AC=PATO:0000461	hFF	not available	not available	not available	male	21	single cell	cellenONE	hFF_starved_sc_21	1	serum-starved	run 281	proteomic profiling by mass spectrometry	Data-independent acquisition	NT=Orbitrap Astral;AC=MS:1003378	SILAC	NT=Label:13C(6)15N(2);AC=UNIMOD:259;TA=K;MT=Variable	NT=Label:13C(6)15N(4);AC=UNIMOD:267;TA=R;MT=Variable	NT=Oxidation;AC=UNIMOD:35;TA=M;MT=Variable	NT=Acetyl;AC=UNIMOD:1;PP=Protein N-term;MT=Variable	NT=Trypsin;AC=MS:1001251	NT=Lys-C;AC=MS:1001309	NT=beam-type collision-induced dissociation;AC=MS:1000422	27 NCE	380	980	4	1	1	20240719_AST5_Evo3_IO5cmL_PS_SC_pSILAC_hFF_starved_21.raw	v1.1.0	NT=ms-proteomics;VV=v1.1.0	NT=human;VV=v1.1.0	NT=cell-lines;VV=v1.1.0	NT=single-cell;VV=v1.0.0	NT=dia-acquisition;VV=v1.1.0	serum-starved
hFF_starved_sc_22	Homo sapiens	NT=prepuce of penis;AC=UBERON:0001332	NT=fibroblast;AC=CL:0000057	NT=normal;AC=PATO:0000461	hFF	not available	not available	not available	male	22	single cell	cellenONE	hFF_starved_sc_22	1	serum-starved	run 282	proteomic profiling by mass spectrometry	Data-independent acquisition	NT=Orbitrap Astral;AC=MS:1003378	SILAC	NT=Label:13C(6)15N(2);AC=UNIMOD:259;TA=K;MT=Variable	NT=Label:13C(6)15N(4);AC=UNIMOD:267;TA=R;MT=Variable	NT=Oxidation;AC=UNIMOD:35;TA=M;MT=Variable	NT=Acetyl;AC=UNIMOD:1;PP=Protein N-term;MT=Variable	NT=Trypsin;AC=MS:1001251	NT=Lys-C;AC=MS:1001309	NT=beam-type collision-induced dissociation;AC=MS:1000422	27 NCE	380	980	4	1	1	20240719_AST5_Evo3_IO5cmL_PS_SC_pSILAC_hFF_starved_22.raw	v1.1.0	NT=ms-proteomics;VV=v1.1.0	NT=human;VV=v1.1.0	NT=cell-lines;VV=v1.1.0	NT=single-cell;VV=v1.0.0	NT=dia-acquisition;VV=v1.1.0	serum-starved
hFF_starved_sc_23	Homo sapiens	NT=prepuce of penis;AC=UBERON:0001332	NT=fibroblast;AC=CL:0000057	NT=normal;AC=PATO:0000461	hFF	not available	not available	not available	male	23	single cell	cellenONE	hFF_starved_sc_23	1	serum-starved	run 283	proteomic profiling by mass spectrometry	Data-independent acquisition	NT=Orbitrap Astral;AC=MS:1003378	SILAC	NT=Label:13C(6)15N(2);AC=UNIMOD:259;TA=K;MT=Variable	NT=Label:13C(6)15N(4);AC=UNIMOD:267;TA=R;MT=Variable	NT=Oxidation;AC=UNIMOD:35;TA=M;MT=Variable	NT=Acetyl;AC=UNIMOD:1;PP=Protein N-term;MT=Variable	NT=Trypsin;AC=MS:1001251	NT=Lys-C;AC=MS:1001309	NT=beam-type collision-induced dissociation;AC=MS:1000422	27 NCE	380	980	4	1	1	20240719_AST5_Evo3_IO5cmL_PS_SC_pSILAC_hFF_starved_23.raw	v1.1.0	NT=ms-proteomics;VV=v1.1.0	NT=human;VV=v1.1.0	NT=cell-lines;VV=v1.1.0	NT=single-cell;VV=v1.0.0	NT=dia-acquisition;VV=v1.1.0	serum-starved
hFF_starved_sc_24	Homo sapiens	NT=prepuce of penis;AC=UBERON:0001332	NT=fibroblast;AC=CL:0000057	NT=normal;AC=PATO:0000461	hFF	not available	not available	not available	male	24	single cell	cellenONE	hFF_starved_sc_24	1	serum-starved	run 284	proteomic profiling by mass spectrometry	Data-independent acquisition	NT=Orbitrap Astral;AC=MS:1003378	SILAC	NT=Label:13C(6)15N(2);AC=UNIMOD:259;TA=K;MT=Variable	NT=Label:13C(6)15N(4);AC=UNIMOD:267;TA=R;MT=Variable	NT=Oxidation;AC=UNIMOD:35;TA=M;MT=Variable	NT=Acetyl;AC=UNIMOD:1;PP=Protein N-term;MT=Variable	NT=Trypsin;AC=MS:1001251	NT=Lys-C;AC=MS:1001309	NT=beam-type collision-induced dissociation;AC=MS:1000422	27 NCE	380	980	4	1	1	20240719_AST5_Evo3_IO5cmL_PS_SC_pSILAC_hFF_starved_24.raw	v1.1.0	NT=ms-proteomics;VV=v1.1.0	NT=human;VV=v1.1.0	NT=cell-lines;VV=v1.1.0	NT=single-cell;VV=v1.0.0	NT=dia-acquisition;VV=v1.1.0	serum-starved
hFF_starved_sc_25	Homo sapiens	NT=prepuce of penis;AC=UBERON:0001332	NT=fibroblast;AC=CL:0000057	NT=normal;AC=PATO:0000461	hFF	not available	not available	not available	male	25	single cell	cellenONE	hFF_starved_sc_25	1	serum-starved	run 285	proteomic profiling by mass spectrometry	Data-independent acquisition	NT=Orbitrap Astral;AC=MS:1003378	SILAC	NT=Label:13C(6)15N(2);AC=UNIMOD:259;TA=K;MT=Variable	NT=Label:13C(6)15N(4);AC=UNIMOD:267;TA=R;MT=Variable	NT=Oxidation;AC=UNIMOD:35;TA=M;MT=Variable	NT=Acetyl;AC=UNIMOD:1;PP=Protein N-term;MT=Variable	NT=Trypsin;AC=MS:1001251	NT=Lys-C;AC=MS:1001309	NT=beam-type collision-induced dissociation;AC=MS:1000422	27 NCE	380	980	4	1	1	20240719_AST5_Evo3_IO5cmL_PS_SC_pSILAC_hFF_starved_25.raw	v1.1.0	NT=ms-proteomics;VV=v1.1.0	NT=human;VV=v1.1.0	NT=cell-lines;VV=v1.1.0	NT=single-cell;VV=v1.0.0	NT=dia-acquisition;VV=v1.1.0	serum-starved
hFF_starved_sc_26	Homo sapiens	NT=prepuce of penis;AC=UBERON:0001332	NT=fibroblast;AC=CL:0000057	NT=normal;AC=PATO:0000461	hFF	not available	not available	not available	male	26	single cell	cellenONE	hFF_starved_sc_26	1	serum-starved	run 286	proteomic profiling by mass spectrometry	Data-independent acquisition	NT=Orbitrap Astral;AC=MS:1003378	SILAC	NT=Label:13C(6)15N(2);AC=UNIMOD:259;TA=K;MT=Variable	NT=Label:13C(6)15N(4);AC=UNIMOD:267;TA=R;MT=Variable	NT=Oxidation;AC=UNIMOD:35;TA=M;MT=Variable	NT=Acetyl;AC=UNIMOD:1;PP=Protein N-term;MT=Variable	NT=Trypsin;AC=MS:1001251	NT=Lys-C;AC=MS:1001309	NT=beam-type collision-induced dissociation;AC=MS:1000422	27 NCE	380	980	4	1	1	20240719_AST5_Evo3_IO5cmL_PS_SC_pSILAC_hFF_starved_26.raw	v1.1.0	NT=ms-proteomics;VV=v1.1.0	NT=human;VV=v1.1.0	NT=cell-lines;VV=v1.1.0	NT=single-cell;VV=v1.0.0	NT=dia-acquisition;VV=v1.1.0	serum-starved
hFF_starved_sc_27	Homo sapiens	NT=prepuce of penis;AC=UBERON:0001332	NT=fibroblast;AC=CL:0000057	NT=normal;AC=PATO:0000461	hFF	not available	not available	not available	male	27	single cell	cellenONE	hFF_starved_sc_27	1	serum-starved	run 287	proteomic profiling by mass spectrometry	Data-independent acquisition	NT=Orbitrap Astral;AC=MS:1003378	SILAC	NT=Label:13C(6)15N(2);AC=UNIMOD:259;TA=K;MT=Variable	NT=Label:13C(6)15N(4);AC=UNIMOD:267;TA=R;MT=Variable	NT=Oxidation;AC=UNIMOD:35;TA=M;MT=Variable	NT=Acetyl;AC=UNIMOD:1;PP=Protein N-term;MT=Variable	NT=Trypsin;AC=MS:1001251	NT=Lys-C;AC=MS:1001309	NT=beam-type collision-induced dissociation;AC=MS:1000422	27 NCE	380	980	4	1	1	20240719_AST5_Evo3_IO5cmL_PS_SC_pSILAC_hFF_starved_27.raw	v1.1.0	NT=ms-proteomics;VV=v1.1.0	NT=human;VV=v1.1.0	NT=cell-lines;VV=v1.1.0	NT=single-cell;VV=v1.0.0	NT=dia-acquisition;VV=v1.1.0	serum-starved
hFF_starved_sc_28	Homo sapiens	NT=prepuce of penis;AC=UBERON:0001332	NT=fibroblast;AC=CL:0000057	NT=normal;AC=PATO:0000461	hFF	not available	not available	not available	male	28	single cell	cellenONE	hFF_starved_sc_28	1	serum-starved	run 288	proteomic profiling by mass spectrometry	Data-independent acquisition	NT=Orbitrap Astral;AC=MS:1003378	SILAC	NT=Label:13C(6)15N(2);AC=UNIMOD:259;TA=K;MT=Variable	NT=Label:13C(6)15N(4);AC=UNIMOD:267;TA=R;MT=Variable	NT=Oxidation;AC=UNIMOD:35;TA=M;MT=Variable	NT=Acetyl;AC=UNIMOD:1;PP=Protein N-term;MT=Variable	NT=Trypsin;AC=MS:1001251	NT=Lys-C;AC=MS:1001309	NT=beam-type collision-induced dissociation;AC=MS:1000422	27 NCE	380	980	4	1	1	20240719_AST5_Evo3_IO5cmL_PS_SC_pSILAC_hFF_starved_28.raw	v1.1.0	NT=ms-proteomics;VV=v1.1.0	NT=human;VV=v1.1.0	NT=cell-lines;VV=v1.1.0	NT=single-cell;VV=v1.0.0	NT=dia-acquisition;VV=v1.1.0	serum-starved
hFF_starved_sc_29	Homo sapiens	NT=prepuce of penis;AC=UBERON:0001332	NT=fibroblast;AC=CL:0000057	NT=normal;AC=PATO:0000461	hFF	not available	not available	not available	male	29	single cell	cellenONE	hFF_starved_sc_29	1	serum-starved	run 289	proteomic profiling by mass spectrometry	Data-independent acquisition	NT=Orbitrap Astral;AC=MS:1003378	SILAC	NT=Label:13C(6)15N(2);AC=UNIMOD:259;TA=K;MT=Variable	NT=Label:13C(6)15N(4);AC=UNIMOD:267;TA=R;MT=Variable	NT=Oxidation;AC=UNIMOD:35;TA=M;MT=Variable	NT=Acetyl;AC=UNIMOD:1;PP=Protein N-term;MT=Variable	NT=Trypsin;AC=MS:1001251	NT=Lys-C;AC=MS:1001309	NT=beam-type collision-induced dissociation;AC=MS:1000422	27 NCE	380	980	4	1	1	20240719_AST5_Evo3_IO5cmL_PS_SC_pSILAC_hFF_starved_29.raw	v1.1.0	NT=ms-proteomics;VV=v1.1.0	NT=human;VV=v1.1.0	NT=cell-lines;VV=v1.1.0	NT=single-cell;VV=v1.0.0	NT=dia-acquisition;VV=v1.1.0	serum-starved
hFF_starved_sc_30	Homo sapiens	NT=prepuce of penis;AC=UBERON:0001332	NT=fibroblast;AC=CL:0000057	NT=normal;AC=PATO:0000461	hFF	not available	not available	not available	male	30	single cell	cellenONE	hFF_starved_sc_30	1	serum-starved	run 290	proteomic profiling by mass spectrometry	Data-independent acquisition	NT=Orbitrap Astral;AC=MS:1003378	SILAC	NT=Label:13C(6)15N(2);AC=UNIMOD:259;TA=K;MT=Variable	NT=Label:13C(6)15N(4);AC=UNIMOD:267;TA=R;MT=Variable	NT=Oxidation;AC=UNIMOD:35;TA=M;MT=Variable	NT=Acetyl;AC=UNIMOD:1;PP=Protein N-term;MT=Variable	NT=Trypsin;AC=MS:1001251	NT=Lys-C;AC=MS:1001309	NT=beam-type collision-induced dissociation;AC=MS:1000422	27 NCE	380	980	4	1	1	20240719_AST5_Evo3_IO5cmL_PS_SC_pSILAC_hFF_starved_30.raw	v1.1.0	NT=ms-proteomics;VV=v1.1.0	NT=human;VV=v1.1.0	NT=cell-lines;VV=v1.1.0	NT=single-cell;VV=v1.0.0	NT=dia-acquisition;VV=v1.1.0	serum-starved
hFF_starved_sc_31	Homo sapiens	NT=prepuce of penis;AC=UBERON:0001332	NT=fibroblast;AC=CL:0000057	NT=normal;AC=PATO:0000461	hFF	not available	not available	not available	male	31	single cell	cellenONE	hFF_starved_sc_31	1	serum-starved	run 291	proteomic profiling by mass spectrometry	Data-independent acquisition	NT=Orbitrap Astral;AC=MS:1003378	SILAC	NT=Label:13C(6)15N(2);AC=UNIMOD:259;TA=K;MT=Variable	NT=Label:13C(6)15N(4);AC=UNIMOD:267;TA=R;MT=Variable	NT=Oxidation;AC=UNIMOD:35;TA=M;MT=Variable	NT=Acetyl;AC=UNIMOD:1;PP=Protein N-term;MT=Variable	NT=Trypsin;AC=MS:1001251	NT=Lys-C;AC=MS:1001309	NT=beam-type collision-induced dissociation;AC=MS:1000422	27 NCE	380	980	4	1	1	20240719_AST5_Evo3_IO5cmL_PS_SC_pSILAC_hFF_starved_31.raw	v1.1.0	NT=ms-proteomics;VV=v1.1.0	NT=human;VV=v1.1.0	NT=cell-lines;VV=v1.1.0	NT=single-cell;VV=v1.0.0	NT=dia-acquisition;VV=v1.1.0	serum-starved
hFF_starved_sc_32	Homo sapiens	NT=prepuce of penis;AC=UBERON:0001332	NT=fibroblast;AC=CL:0000057	NT=normal;AC=PATO:0000461	hFF	not available	not available	not available	male	32	single cell	cellenONE	hFF_starved_sc_32	1	serum-starved	run 292	proteomic profiling by mass spectrometry	Data-independent acquisition	NT=Orbitrap Astral;AC=MS:1003378	SILAC	NT=Label:13C(6)15N(2);AC=UNIMOD:259;TA=K;MT=Variable	NT=Label:13C(6)15N(4);AC=UNIMOD:267;TA=R;MT=Variable	NT=Oxidation;AC=UNIMOD:35;TA=M;MT=Variable	NT=Acetyl;AC=UNIMOD:1;PP=Protein N-term;MT=Variable	NT=Trypsin;AC=MS:1001251	NT=Lys-C;AC=MS:1001309	NT=beam-type collision-induced dissociation;AC=MS:1000422	27 NCE	380	980	4	1	1	20240719_AST5_Evo3_IO5cmL_PS_SC_pSILAC_hFF_starved_32.raw	v1.1.0	NT=ms-proteomics;VV=v1.1.0	NT=human;VV=v1.1.0	NT=cell-lines;VV=v1.1.0	NT=single-cell;VV=v1.0.0	NT=dia-acquisition;VV=v1.1.0	serum-starved
hFF_starved_sc_33	Homo sapiens	NT=prepuce of penis;AC=UBERON:0001332	NT=fibroblast;AC=CL:0000057	NT=normal;AC=PATO:0000461	hFF	not available	not available	not available	male	33	single cell	cellenONE	hFF_starved_sc_33	1	serum-starved	run 293	proteomic profiling by mass spectrometry	Data-independent acquisition	NT=Orbitrap Astral;AC=MS:1003378	SILAC	NT=Label:13C(6)15N(2);AC=UNIMOD:259;TA=K;MT=Variable	NT=Label:13C(6)15N(4);AC=UNIMOD:267;TA=R;MT=Variable	NT=Oxidation;AC=UNIMOD:35;TA=M;MT=Variable	NT=Acetyl;AC=UNIMOD:1;PP=Protein N-term;MT=Variable	NT=Trypsin;AC=MS:1001251	NT=Lys-C;AC=MS:1001309	NT=beam-type collision-induced dissociation;AC=MS:1000422	27 NCE	380	980	4	1	1	20240719_AST5_Evo3_IO5cmL_PS_SC_pSILAC_hFF_starved_33.raw	v1.1.0	NT=ms-proteomics;VV=v1.1.0	NT=human;VV=v1.1.0	NT=cell-lines;VV=v1.1.0	NT=single-cell;VV=v1.0.0	NT=dia-acquisition;VV=v1.1.0	serum-starved
hFF_starved_sc_34	Homo sapiens	NT=prepuce of penis;AC=UBERON:0001332	NT=fibroblast;AC=CL:0000057	NT=normal;AC=PATO:0000461	hFF	not available	not available	not available	male	34	single cell	cellenONE	hFF_starved_sc_34	1	serum-starved	run 294	proteomic profiling by mass spectrometry	Data-independent acquisition	NT=Orbitrap Astral;AC=MS:1003378	SILAC	NT=Label:13C(6)15N(2);AC=UNIMOD:259;TA=K;MT=Variable	NT=Label:13C(6)15N(4);AC=UNIMOD:267;TA=R;MT=Variable	NT=Oxidation;AC=UNIMOD:35;TA=M;MT=Variable	NT=Acetyl;AC=UNIMOD:1;PP=Protein N-term;MT=Variable	NT=Trypsin;AC=MS:1001251	NT=Lys-C;AC=MS:1001309	NT=beam-type collision-induced dissociation;AC=MS:1000422	27 NCE	380	980	4	1	1	20240719_AST5_Evo3_IO5cmL_PS_SC_pSILAC_hFF_starved_34.raw	v1.1.0	NT=ms-proteomics;VV=v1.1.0	NT=human;VV=v1.1.0	NT=cell-lines;VV=v1.1.0	NT=single-cell;VV=v1.0.0	NT=dia-acquisition;VV=v1.1.0	serum-starved
hFF_starved_sc_35	Homo sapiens	NT=prepuce of penis;AC=UBERON:0001332	NT=fibroblast;AC=CL:0000057	NT=normal;AC=PATO:0000461	hFF	not available	not available	not available	male	35	single cell	cellenONE	hFF_starved_sc_35	1	serum-starved	run 295	proteomic profiling by mass spectrometry	Data-independent acquisition	NT=Orbitrap Astral;AC=MS:1003378	SILAC	NT=Label:13C(6)15N(2);AC=UNIMOD:259;TA=K;MT=Variable	NT=Label:13C(6)15N(4);AC=UNIMOD:267;TA=R;MT=Variable	NT=Oxidation;AC=UNIMOD:35;TA=M;MT=Variable	NT=Acetyl;AC=UNIMOD:1;PP=Protein N-term;MT=Variable	NT=Trypsin;AC=MS:1001251	NT=Lys-C;AC=MS:1001309	NT=beam-type collision-induced dissociation;AC=MS:1000422	27 NCE	380	980	4	1	1	20240719_AST5_Evo3_IO5cmL_PS_SC_pSILAC_hFF_starved_35.raw	v1.1.0	NT=ms-proteomics;VV=v1.1.0	NT=human;VV=v1.1.0	NT=cell-lines;VV=v1.1.0	NT=single-cell;VV=v1.0.0	NT=dia-acquisition;VV=v1.1.0	serum-starved
hFF_starved_sc_36	Homo sapiens	NT=prepuce of penis;AC=UBERON:0001332	NT=fibroblast;AC=CL:0000057	NT=normal;AC=PATO:0000461	hFF	not available	not available	not available	male	36	single cell	cellenONE	hFF_starved_sc_36	1	serum-starved	run 296	proteomic profiling by mass spectrometry	Data-independent acquisition	NT=Orbitrap Astral;AC=MS:1003378	SILAC	NT=Label:13C(6)15N(2);AC=UNIMOD:259;TA=K;MT=Variable	NT=Label:13C(6)15N(4);AC=UNIMOD:267;TA=R;MT=Variable	NT=Oxidation;AC=UNIMOD:35;TA=M;MT=Variable	NT=Acetyl;AC=UNIMOD:1;PP=Protein N-term;MT=Variable	NT=Trypsin;AC=MS:1001251	NT=Lys-C;AC=MS:1001309	NT=beam-type collision-induced dissociation;AC=MS:1000422	27 NCE	380	980	4	1	1	20240719_AST5_Evo3_IO5cmL_PS_SC_pSILAC_hFF_starved_36.raw	v1.1.0	NT=ms-proteomics;VV=v1.1.0	NT=human;VV=v1.1.0	NT=cell-lines;VV=v1.1.0	NT=single-cell;VV=v1.0.0	NT=dia-acquisition;VV=v1.1.0	serum-starved
hFF_starved_sc_37	Homo sapiens	NT=prepuce of penis;AC=UBERON:0001332	NT=fibroblast;AC=CL:0000057	NT=normal;AC=PATO:0000461	hFF	not available	not available	not available	male	37	single cell	cellenONE	hFF_starved_sc_37	1	serum-starved	run 297	proteomic profiling by mass spectrometry	Data-independent acquisition	NT=Orbitrap Astral;AC=MS:1003378	SILAC	NT=Label:13C(6)15N(2);AC=UNIMOD:259;TA=K;MT=Variable	NT=Label:13C(6)15N(4);AC=UNIMOD:267;TA=R;MT=Variable	NT=Oxidation;AC=UNIMOD:35;TA=M;MT=Variable	NT=Acetyl;AC=UNIMOD:1;PP=Protein N-term;MT=Variable	NT=Trypsin;AC=MS:1001251	NT=Lys-C;AC=MS:1001309	NT=beam-type collision-induced dissociation;AC=MS:1000422	27 NCE	380	980	4	1	1	20240719_AST5_Evo3_IO5cmL_PS_SC_pSILAC_hFF_starved_37.raw	v1.1.0	NT=ms-proteomics;VV=v1.1.0	NT=human;VV=v1.1.0	NT=cell-lines;VV=v1.1.0	NT=single-cell;VV=v1.0.0	NT=dia-acquisition;VV=v1.1.0	serum-starved
hFF_starved_sc_38	Homo sapiens	NT=prepuce of penis;AC=UBERON:0001332	NT=fibroblast;AC=CL:0000057	NT=normal;AC=PATO:0000461	hFF	not available	not available	not available	male	38	single cell	cellenONE	hFF_starved_sc_38	1	serum-starved	run 298	proteomic profiling by mass spectrometry	Data-independent acquisition	NT=Orbitrap Astral;AC=MS:1003378	SILAC	NT=Label:13C(6)15N(2);AC=UNIMOD:259;TA=K;MT=Variable	NT=Label:13C(6)15N(4);AC=UNIMOD:267;TA=R;MT=Variable	NT=Oxidation;AC=UNIMOD:35;TA=M;MT=Variable	NT=Acetyl;AC=UNIMOD:1;PP=Protein N-term;MT=Variable	NT=Trypsin;AC=MS:1001251	NT=Lys-C;AC=MS:1001309	NT=beam-type collision-induced dissociation;AC=MS:1000422	27 NCE	380	980	4	1	1	20240719_AST5_Evo3_IO5cmL_PS_SC_pSILAC_hFF_starved_38.raw	v1.1.0	NT=ms-proteomics;VV=v1.1.0	NT=human;VV=v1.1.0	NT=cell-lines;VV=v1.1.0	NT=single-cell;VV=v1.0.0	NT=dia-acquisition;VV=v1.1.0	serum-starved
hFF_starved_sc_39	Homo sapiens	NT=prepuce of penis;AC=UBERON:0001332	NT=fibroblast;AC=CL:0000057	NT=normal;AC=PATO:0000461	hFF	not available	not available	not available	male	39	single cell	cellenONE	hFF_starved_sc_39	1	serum-starved	run 299	proteomic profiling by mass spectrometry	Data-independent acquisition	NT=Orbitrap Astral;AC=MS:1003378	SILAC	NT=Label:13C(6)15N(2);AC=UNIMOD:259;TA=K;MT=Variable	NT=Label:13C(6)15N(4);AC=UNIMOD:267;TA=R;MT=Variable	NT=Oxidation;AC=UNIMOD:35;TA=M;MT=Variable	NT=Acetyl;AC=UNIMOD:1;PP=Protein N-term;MT=Variable	NT=Trypsin;AC=MS:1001251	NT=Lys-C;AC=MS:1001309	NT=beam-type collision-induced dissociation;AC=MS:1000422	27 NCE	380	980	4	1	1	20240719_AST5_Evo3_IO5cmL_PS_SC_pSILAC_hFF_starved_39.raw	v1.1.0	NT=ms-proteomics;VV=v1.1.0	NT=human;VV=v1.1.0	NT=cell-lines;VV=v1.1.0	NT=single-cell;VV=v1.0.0	NT=dia-acquisition;VV=v1.1.0	serum-starved
hFF_starved_sc_40	Homo sapiens	NT=prepuce of penis;AC=UBERON:0001332	NT=fibroblast;AC=CL:0000057	NT=normal;AC=PATO:0000461	hFF	not available	not available	not available	male	40	single cell	cellenONE	hFF_starved_sc_40	1	serum-starved	run 300	proteomic profiling by mass spectrometry	Data-independent acquisition	NT=Orbitrap Astral;AC=MS:1003378	SILAC	NT=Label:13C(6)15N(2);AC=UNIMOD:259;TA=K;MT=Variable	NT=Label:13C(6)15N(4);AC=UNIMOD:267;TA=R;MT=Variable	NT=Oxidation;AC=UNIMOD:35;TA=M;MT=Variable	NT=Acetyl;AC=UNIMOD:1;PP=Protein N-term;MT=Variable	NT=Trypsin;AC=MS:1001251	NT=Lys-C;AC=MS:1001309	NT=beam-type collision-induced dissociation;AC=MS:1000422	27 NCE	380	980	4	1	1	20240719_AST5_Evo3_IO5cmL_PS_SC_pSILAC_hFF_starved_40.raw	v1.1.0	NT=ms-proteomics;VV=v1.1.0	NT=human;VV=v1.1.0	NT=cell-lines;VV=v1.1.0	NT=single-cell;VV=v1.0.0	NT=dia-acquisition;VV=v1.1.0	serum-starved
hFF_starved_sc_41	Homo sapiens	NT=prepuce of penis;AC=UBERON:0001332	NT=fibroblast;AC=CL:0000057	NT=normal;AC=PATO:0000461	hFF	not available	not available	not available	male	41	single cell	cellenONE	hFF_starved_sc_41	1	serum-starved	run 301	proteomic profiling by mass spectrometry	Data-independent acquisition	NT=Orbitrap Astral;AC=MS:1003378	SILAC	NT=Label:13C(6)15N(2);AC=UNIMOD:259;TA=K;MT=Variable	NT=Label:13C(6)15N(4);AC=UNIMOD:267;TA=R;MT=Variable	NT=Oxidation;AC=UNIMOD:35;TA=M;MT=Variable	NT=Acetyl;AC=UNIMOD:1;PP=Protein N-term;MT=Variable	NT=Trypsin;AC=MS:1001251	NT=Lys-C;AC=MS:1001309	NT=beam-type collision-induced dissociation;AC=MS:1000422	27 NCE	380	980	4	1	1	20240719_AST5_Evo3_IO5cmL_PS_SC_pSILAC_hFF_starved_41.raw	v1.1.0	NT=ms-proteomics;VV=v1.1.0	NT=human;VV=v1.1.0	NT=cell-lines;VV=v1.1.0	NT=single-cell;VV=v1.0.0	NT=dia-acquisition;VV=v1.1.0	serum-starved
hFF_starved_sc_42	Homo sapiens	NT=prepuce of penis;AC=UBERON:0001332	NT=fibroblast;AC=CL:0000057	NT=normal;AC=PATO:0000461	hFF	not available	not available	not available	male	42	single cell	cellenONE	hFF_starved_sc_42	1	serum-starved	run 302	proteomic profiling by mass spectrometry	Data-independent acquisition	NT=Orbitrap Astral;AC=MS:1003378	SILAC	NT=Label:13C(6)15N(2);AC=UNIMOD:259;TA=K;MT=Variable	NT=Label:13C(6)15N(4);AC=UNIMOD:267;TA=R;MT=Variable	NT=Oxidation;AC=UNIMOD:35;TA=M;MT=Variable	NT=Acetyl;AC=UNIMOD:1;PP=Protein N-term;MT=Variable	NT=Trypsin;AC=MS:1001251	NT=Lys-C;AC=MS:1001309	NT=beam-type collision-induced dissociation;AC=MS:1000422	27 NCE	380	980	4	1	1	20240719_AST5_Evo3_IO5cmL_PS_SC_pSILAC_hFF_starved_42.raw	v1.1.0	NT=ms-proteomics;VV=v1.1.0	NT=human;VV=v1.1.0	NT=cell-lines;VV=v1.1.0	NT=single-cell;VV=v1.0.0	NT=dia-acquisition;VV=v1.1.0	serum-starved
hFF_starved_sc_43	Homo sapiens	NT=prepuce of penis;AC=UBERON:0001332	NT=fibroblast;AC=CL:0000057	NT=normal;AC=PATO:0000461	hFF	not available	not available	not available	male	43	single cell	cellenONE	hFF_starved_sc_43	1	serum-starved	run 303	proteomic profiling by mass spectrometry	Data-independent acquisition	NT=Orbitrap Astral;AC=MS:1003378	SILAC	NT=Label:13C(6)15N(2);AC=UNIMOD:259;TA=K;MT=Variable	NT=Label:13C(6)15N(4);AC=UNIMOD:267;TA=R;MT=Variable	NT=Oxidation;AC=UNIMOD:35;TA=M;MT=Variable	NT=Acetyl;AC=UNIMOD:1;PP=Protein N-term;MT=Variable	NT=Trypsin;AC=MS:1001251	NT=Lys-C;AC=MS:1001309	NT=beam-type collision-induced dissociation;AC=MS:1000422	27 NCE	380	980	4	1	1	20240719_AST5_Evo3_IO5cmL_PS_SC_pSILAC_hFF_starved_43.raw	v1.1.0	NT=ms-proteomics;VV=v1.1.0	NT=human;VV=v1.1.0	NT=cell-lines;VV=v1.1.0	NT=single-cell;VV=v1.0.0	NT=dia-acquisition;VV=v1.1.0	serum-starved
hFF_starved_sc_44	Homo sapiens	NT=prepuce of penis;AC=UBERON:0001332	NT=fibroblast;AC=CL:0000057	NT=normal;AC=PATO:0000461	hFF	not available	not available	not available	male	44	single cell	cellenONE	hFF_starved_sc_44	1	serum-starved	run 304	proteomic profiling by mass spectrometry	Data-independent acquisition	NT=Orbitrap Astral;AC=MS:1003378	SILAC	NT=Label:13C(6)15N(2);AC=UNIMOD:259;TA=K;MT=Variable	NT=Label:13C(6)15N(4);AC=UNIMOD:267;TA=R;MT=Variable	NT=Oxidation;AC=UNIMOD:35;TA=M;MT=Variable	NT=Acetyl;AC=UNIMOD:1;PP=Protein N-term;MT=Variable	NT=Trypsin;AC=MS:1001251	NT=Lys-C;AC=MS:1001309	NT=beam-type collision-induced dissociation;AC=MS:1000422	27 NCE	380	980	4	1	1	20240719_AST5_Evo3_IO5cmL_PS_SC_pSILAC_hFF_starved_44.raw	v1.1.0	NT=ms-proteomics;VV=v1.1.0	NT=human;VV=v1.1.0	NT=cell-lines;VV=v1.1.0	NT=single-cell;VV=v1.0.0	NT=dia-acquisition;VV=v1.1.0	serum-starved
hFF_starved_sc_45	Homo sapiens	NT=prepuce of penis;AC=UBERON:0001332	NT=fibroblast;AC=CL:0000057	NT=normal;AC=PATO:0000461	hFF	not available	not available	not available	male	45	single cell	cellenONE	hFF_starved_sc_45	1	serum-starved	run 305	proteomic profiling by mass spectrometry	Data-independent acquisition	NT=Orbitrap Astral;AC=MS:1003378	SILAC	NT=Label:13C(6)15N(2);AC=UNIMOD:259;TA=K;MT=Variable	NT=Label:13C(6)15N(4);AC=UNIMOD:267;TA=R;MT=Variable	NT=Oxidation;AC=UNIMOD:35;TA=M;MT=Variable	NT=Acetyl;AC=UNIMOD:1;PP=Protein N-term;MT=Variable	NT=Trypsin;AC=MS:1001251	NT=Lys-C;AC=MS:1001309	NT=beam-type collision-induced dissociation;AC=MS:1000422	27 NCE	380	980	4	1	1	20240719_AST5_Evo3_IO5cmL_PS_SC_pSILAC_hFF_starved_45.raw	v1.1.0	NT=ms-proteomics;VV=v1.1.0	NT=human;VV=v1.1.0	NT=cell-lines;VV=v1.1.0	NT=single-cell;VV=v1.0.0	NT=dia-acquisition;VV=v1.1.0	serum-starved
hFF_starved_sc_46	Homo sapiens	NT=prepuce of penis;AC=UBERON:0001332	NT=fibroblast;AC=CL:0000057	NT=normal;AC=PATO:0000461	hFF	not available	not available	not available	male	46	single cell	cellenONE	hFF_starved_sc_46	1	serum-starved	run 306	proteomic profiling by mass spectrometry	Data-independent acquisition	NT=Orbitrap Astral;AC=MS:1003378	SILAC	NT=Label:13C(6)15N(2);AC=UNIMOD:259;TA=K;MT=Variable	NT=Label:13C(6)15N(4);AC=UNIMOD:267;TA=R;MT=Variable	NT=Oxidation;AC=UNIMOD:35;TA=M;MT=Variable	NT=Acetyl;AC=UNIMOD:1;PP=Protein N-term;MT=Variable	NT=Trypsin;AC=MS:1001251	NT=Lys-C;AC=MS:1001309	NT=beam-type collision-induced dissociation;AC=MS:1000422	27 NCE	380	980	4	1	1	20240719_AST5_Evo3_IO5cmL_PS_SC_pSILAC_hFF_starved_46.raw	v1.1.0	NT=ms-proteomics;VV=v1.1.0	NT=human;VV=v1.1.0	NT=cell-lines;VV=v1.1.0	NT=single-cell;VV=v1.0.0	NT=dia-acquisition;VV=v1.1.0	serum-starved
hFF_starved_sc_47	Homo sapiens	NT=prepuce of penis;AC=UBERON:0001332	NT=fibroblast;AC=CL:0000057	NT=normal;AC=PATO:0000461	hFF	not available	not available	not available	male	47	single cell	cellenONE	hFF_starved_sc_47	1	serum-starved	run 307	proteomic profiling by mass spectrometry	Data-independent acquisition	NT=Orbitrap Astral;AC=MS:1003378	SILAC	NT=Label:13C(6)15N(2);AC=UNIMOD:259;TA=K;MT=Variable	NT=Label:13C(6)15N(4);AC=UNIMOD:267;TA=R;MT=Variable	NT=Oxidation;AC=UNIMOD:35;TA=M;MT=Variable	NT=Acetyl;AC=UNIMOD:1;PP=Protein N-term;MT=Variable	NT=Trypsin;AC=MS:1001251	NT=Lys-C;AC=MS:1001309	NT=beam-type collision-induced dissociation;AC=MS:1000422	27 NCE	380	980	4	1	1	20240719_AST5_Evo3_IO5cmL_PS_SC_pSILAC_hFF_starved_47.raw	v1.1.0	NT=ms-proteomics;VV=v1.1.0	NT=human;VV=v1.1.0	NT=cell-lines;VV=v1.1.0	NT=single-cell;VV=v1.0.0	NT=dia-acquisition;VV=v1.1.0	serum-starved
hFF_starved_sc_48	Homo sapiens	NT=prepuce of penis;AC=UBERON:0001332	NT=fibroblast;AC=CL:0000057	NT=normal;AC=PATO:0000461	hFF	not available	not available	not available	male	48	single cell	cellenONE	hFF_starved_sc_48	1	serum-starved	run 308	proteomic profiling by mass spectrometry	Data-independent acquisition	NT=Orbitrap Astral;AC=MS:1003378	SILAC	NT=Label:13C(6)15N(2);AC=UNIMOD:259;TA=K;MT=Variable	NT=Label:13C(6)15N(4);AC=UNIMOD:267;TA=R;MT=Variable	NT=Oxidation;AC=UNIMOD:35;TA=M;MT=Variable	NT=Acetyl;AC=UNIMOD:1;PP=Protein N-term;MT=Variable	NT=Trypsin;AC=MS:1001251	NT=Lys-C;AC=MS:1001309	NT=beam-type collision-induced dissociation;AC=MS:1000422	27 NCE	380	980	4	1	1	20240719_AST5_Evo3_IO5cmL_PS_SC_pSILAC_hFF_starved_48.raw	v1.1.0	NT=ms-proteomics;VV=v1.1.0	NT=human;VV=v1.1.0	NT=cell-lines;VV=v1.1.0	NT=single-cell;VV=v1.0.0	NT=dia-acquisition;VV=v1.1.0	serum-starved
hFF_starved_sc_49	Homo sapiens	NT=prepuce of penis;AC=UBERON:0001332	NT=fibroblast;AC=CL:0000057	NT=normal;AC=PATO:0000461	hFF	not available	not available	not available	male	49	single cell	cellenONE	hFF_starved_sc_49	1	serum-starved	run 309	proteomic profiling by mass spectrometry	Data-independent acquisition	NT=Orbitrap Astral;AC=MS:1003378	SILAC	NT=Label:13C(6)15N(2);AC=UNIMOD:259;TA=K;MT=Variable	NT=Label:13C(6)15N(4);AC=UNIMOD:267;TA=R;MT=Variable	NT=Oxidation;AC=UNIMOD:35;TA=M;MT=Variable	NT=Acetyl;AC=UNIMOD:1;PP=Protein N-term;MT=Variable	NT=Trypsin;AC=MS:1001251	NT=Lys-C;AC=MS:1001309	NT=beam-type collision-induced dissociation;AC=MS:1000422	27 NCE	380	980	4	1	1	20240719_AST5_Evo3_IO5cmL_PS_SC_pSILAC_hFF_starved_49.raw	v1.1.0	NT=ms-proteomics;VV=v1.1.0	NT=human;VV=v1.1.0	NT=cell-lines;VV=v1.1.0	NT=single-cell;VV=v1.0.0	NT=dia-acquisition;VV=v1.1.0	serum-starved
hFF_starved_sc_50	Homo sapiens	NT=prepuce of penis;AC=UBERON:0001332	NT=fibroblast;AC=CL:0000057	NT=normal;AC=PATO:0000461	hFF	not available	not available	not available	male	50	single cell	cellenONE	hFF_starved_sc_50	1	serum-starved	run 310	proteomic profiling by mass spectrometry	Data-independent acquisition	NT=Orbitrap Astral;AC=MS:1003378	SILAC	NT=Label:13C(6)15N(2);AC=UNIMOD:259;TA=K;MT=Variable	NT=Label:13C(6)15N(4);AC=UNIMOD:267;TA=R;MT=Variable	NT=Oxidation;AC=UNIMOD:35;TA=M;MT=Variable	NT=Acetyl;AC=UNIMOD:1;PP=Protein N-term;MT=Variable	NT=Trypsin;AC=MS:1001251	NT=Lys-C;AC=MS:1001309	NT=beam-type collision-induced dissociation;AC=MS:1000422	27 NCE	380	980	4	1	1	20240719_AST5_Evo3_IO5cmL_PS_SC_pSILAC_hFF_starved_50.raw	v1.1.0	NT=ms-proteomics;VV=v1.1.0	NT=human;VV=v1.1.0	NT=cell-lines;VV=v1.1.0	NT=single-cell;VV=v1.0.0	NT=dia-acquisition;VV=v1.1.0	serum-starved
hFF_starved_sc_51	Homo sapiens	NT=prepuce of penis;AC=UBERON:0001332	NT=fibroblast;AC=CL:0000057	NT=normal;AC=PATO:0000461	hFF	not available	not available	not available	male	51	single cell	cellenONE	hFF_starved_sc_51	1	serum-starved	run 311	proteomic profiling by mass spectrometry	Data-independent acquisition	NT=Orbitrap Astral;AC=MS:1003378	SILAC	NT=Label:13C(6)15N(2);AC=UNIMOD:259;TA=K;MT=Variable	NT=Label:13C(6)15N(4);AC=UNIMOD:267;TA=R;MT=Variable	NT=Oxidation;AC=UNIMOD:35;TA=M;MT=Variable	NT=Acetyl;AC=UNIMOD:1;PP=Protein N-term;MT=Variable	NT=Trypsin;AC=MS:1001251	NT=Lys-C;AC=MS:1001309	NT=beam-type collision-induced dissociation;AC=MS:1000422	27 NCE	380	980	4	1	1	20240719_AST5_Evo3_IO5cmL_PS_SC_pSILAC_hFF_starved_51.raw	v1.1.0	NT=ms-proteomics;VV=v1.1.0	NT=human;VV=v1.1.0	NT=cell-lines;VV=v1.1.0	NT=single-cell;VV=v1.0.0	NT=dia-acquisition;VV=v1.1.0	serum-starved
hFF_starved_sc_52	Homo sapiens	NT=prepuce of penis;AC=UBERON:0001332	NT=fibroblast;AC=CL:0000057	NT=normal;AC=PATO:0000461	hFF	not available	not available	not available	male	52	single cell	cellenONE	hFF_starved_sc_52	1	serum-starved	run 312	proteomic profiling by mass spectrometry	Data-independent acquisition	NT=Orbitrap Astral;AC=MS:1003378	SILAC	NT=Label:13C(6)15N(2);AC=UNIMOD:259;TA=K;MT=Variable	NT=Label:13C(6)15N(4);AC=UNIMOD:267;TA=R;MT=Variable	NT=Oxidation;AC=UNIMOD:35;TA=M;MT=Variable	NT=Acetyl;AC=UNIMOD:1;PP=Protein N-term;MT=Variable	NT=Trypsin;AC=MS:1001251	NT=Lys-C;AC=MS:1001309	NT=beam-type collision-induced dissociation;AC=MS:1000422	27 NCE	380	980	4	1	1	20240719_AST5_Evo3_IO5cmL_PS_SC_pSILAC_hFF_starved_52.raw	v1.1.0	NT=ms-proteomics;VV=v1.1.0	NT=human;VV=v1.1.0	NT=cell-lines;VV=v1.1.0	NT=single-cell;VV=v1.0.0	NT=dia-acquisition;VV=v1.1.0	serum-starved
hFF_starved_sc_53	Homo sapiens	NT=prepuce of penis;AC=UBERON:0001332	NT=fibroblast;AC=CL:0000057	NT=normal;AC=PATO:0000461	hFF	not available	not available	not available	male	53	single cell	cellenONE	hFF_starved_sc_53	1	serum-starved	run 313	proteomic profiling by mass spectrometry	Data-independent acquisition	NT=Orbitrap Astral;AC=MS:1003378	SILAC	NT=Label:13C(6)15N(2);AC=UNIMOD:259;TA=K;MT=Variable	NT=Label:13C(6)15N(4);AC=UNIMOD:267;TA=R;MT=Variable	NT=Oxidation;AC=UNIMOD:35;TA=M;MT=Variable	NT=Acetyl;AC=UNIMOD:1;PP=Protein N-term;MT=Variable	NT=Trypsin;AC=MS:1001251	NT=Lys-C;AC=MS:1001309	NT=beam-type collision-induced dissociation;AC=MS:1000422	27 NCE	380	980	4	1	1	20240719_AST5_Evo3_IO5cmL_PS_SC_pSILAC_hFF_starved_53.raw	v1.1.0	NT=ms-proteomics;VV=v1.1.0	NT=human;VV=v1.1.0	NT=cell-lines;VV=v1.1.0	NT=single-cell;VV=v1.0.0	NT=dia-acquisition;VV=v1.1.0	serum-starved
hFF_starved_sc_54	Homo sapiens	NT=prepuce of penis;AC=UBERON:0001332	NT=fibroblast;AC=CL:0000057	NT=normal;AC=PATO:0000461	hFF	not available	not available	not available	male	54	single cell	cellenONE	hFF_starved_sc_54	1	serum-starved	run 314	proteomic profiling by mass spectrometry	Data-independent acquisition	NT=Orbitrap Astral;AC=MS:1003378	SILAC	NT=Label:13C(6)15N(2);AC=UNIMOD:259;TA=K;MT=Variable	NT=Label:13C(6)15N(4);AC=UNIMOD:267;TA=R;MT=Variable	NT=Oxidation;AC=UNIMOD:35;TA=M;MT=Variable	NT=Acetyl;AC=UNIMOD:1;PP=Protein N-term;MT=Variable	NT=Trypsin;AC=MS:1001251	NT=Lys-C;AC=MS:1001309	NT=beam-type collision-induced dissociation;AC=MS:1000422	27 NCE	380	980	4	1	1	20240719_AST5_Evo3_IO5cmL_PS_SC_pSILAC_hFF_starved_54.raw	v1.1.0	NT=ms-proteomics;VV=v1.1.0	NT=human;VV=v1.1.0	NT=cell-lines;VV=v1.1.0	NT=single-cell;VV=v1.0.0	NT=dia-acquisition;VV=v1.1.0	serum-starved
hFF_starved_sc_55	Homo sapiens	NT=prepuce of penis;AC=UBERON:0001332	NT=fibroblast;AC=CL:0000057	NT=normal;AC=PATO:0000461	hFF	not available	not available	not available	male	55	single cell	cellenONE	hFF_starved_sc_55	1	serum-starved	run 315	proteomic profiling by mass spectrometry	Data-independent acquisition	NT=Orbitrap Astral;AC=MS:1003378	SILAC	NT=Label:13C(6)15N(2);AC=UNIMOD:259;TA=K;MT=Variable	NT=Label:13C(6)15N(4);AC=UNIMOD:267;TA=R;MT=Variable	NT=Oxidation;AC=UNIMOD:35;TA=M;MT=Variable	NT=Acetyl;AC=UNIMOD:1;PP=Protein N-term;MT=Variable	NT=Trypsin;AC=MS:1001251	NT=Lys-C;AC=MS:1001309	NT=beam-type collision-induced dissociation;AC=MS:1000422	27 NCE	380	980	4	1	1	20240719_AST5_Evo3_IO5cmL_PS_SC_pSILAC_hFF_starved_55.raw	v1.1.0	NT=ms-proteomics;VV=v1.1.0	NT=human;VV=v1.1.0	NT=cell-lines;VV=v1.1.0	NT=single-cell;VV=v1.0.0	NT=dia-acquisition;VV=v1.1.0	serum-starved
hFF_starved_sc_56	Homo sapiens	NT=prepuce of penis;AC=UBERON:0001332	NT=fibroblast;AC=CL:0000057	NT=normal;AC=PATO:0000461	hFF	not available	not available	not available	male	56	single cell	cellenONE	hFF_starved_sc_56	1	serum-starved	run 316	proteomic profiling by mass spectrometry	Data-independent acquisition	NT=Orbitrap Astral;AC=MS:1003378	SILAC	NT=Label:13C(6)15N(2);AC=UNIMOD:259;TA=K;MT=Variable	NT=Label:13C(6)15N(4);AC=UNIMOD:267;TA=R;MT=Variable	NT=Oxidation;AC=UNIMOD:35;TA=M;MT=Variable	NT=Acetyl;AC=UNIMOD:1;PP=Protein N-term;MT=Variable	NT=Trypsin;AC=MS:1001251	NT=Lys-C;AC=MS:1001309	NT=beam-type collision-induced dissociation;AC=MS:1000422	27 NCE	380	980	4	1	1	20240719_AST5_Evo3_IO5cmL_PS_SC_pSILAC_hFF_starved_56.raw	v1.1.0	NT=ms-proteomics;VV=v1.1.0	NT=human;VV=v1.1.0	NT=cell-lines;VV=v1.1.0	NT=single-cell;VV=v1.0.0	NT=dia-acquisition;VV=v1.1.0	serum-starved
hFF_starved_sc_57	Homo sapiens	NT=prepuce of penis;AC=UBERON:0001332	NT=fibroblast;AC=CL:0000057	NT=normal;AC=PATO:0000461	hFF	not available	not available	not available	male	57	single cell	cellenONE	hFF_starved_sc_57	1	serum-starved	run 317	proteomic profiling by mass spectrometry	Data-independent acquisition	NT=Orbitrap Astral;AC=MS:1003378	SILAC	NT=Label:13C(6)15N(2);AC=UNIMOD:259;TA=K;MT=Variable	NT=Label:13C(6)15N(4);AC=UNIMOD:267;TA=R;MT=Variable	NT=Oxidation;AC=UNIMOD:35;TA=M;MT=Variable	NT=Acetyl;AC=UNIMOD:1;PP=Protein N-term;MT=Variable	NT=Trypsin;AC=MS:1001251	NT=Lys-C;AC=MS:1001309	NT=beam-type collision-induced dissociation;AC=MS:1000422	27 NCE	380	980	4	1	1	20240719_AST5_Evo3_IO5cmL_PS_SC_pSILAC_hFF_starved_57.raw	v1.1.0	NT=ms-proteomics;VV=v1.1.0	NT=human;VV=v1.1.0	NT=cell-lines;VV=v1.1.0	NT=single-cell;VV=v1.0.0	NT=dia-acquisition;VV=v1.1.0	serum-starved
hFF_starved_sc_58	Homo sapiens	NT=prepuce of penis;AC=UBERON:0001332	NT=fibroblast;AC=CL:0000057	NT=normal;AC=PATO:0000461	hFF	not available	not available	not available	male	58	single cell	cellenONE	hFF_starved_sc_58	1	serum-starved	run 318	proteomic profiling by mass spectrometry	Data-independent acquisition	NT=Orbitrap Astral;AC=MS:1003378	SILAC	NT=Label:13C(6)15N(2);AC=UNIMOD:259;TA=K;MT=Variable	NT=Label:13C(6)15N(4);AC=UNIMOD:267;TA=R;MT=Variable	NT=Oxidation;AC=UNIMOD:35;TA=M;MT=Variable	NT=Acetyl;AC=UNIMOD:1;PP=Protein N-term;MT=Variable	NT=Trypsin;AC=MS:1001251	NT=Lys-C;AC=MS:1001309	NT=beam-type collision-induced dissociation;AC=MS:1000422	27 NCE	380	980	4	1	1	20240719_AST5_Evo3_IO5cmL_PS_SC_pSILAC_hFF_starved_58.raw	v1.1.0	NT=ms-proteomics;VV=v1.1.0	NT=human;VV=v1.1.0	NT=cell-lines;VV=v1.1.0	NT=single-cell;VV=v1.0.0	NT=dia-acquisition;VV=v1.1.0	serum-starved
hFF_starved_sc_59	Homo sapiens	NT=prepuce of penis;AC=UBERON:0001332	NT=fibroblast;AC=CL:0000057	NT=normal;AC=PATO:0000461	hFF	not available	not available	not available	male	59	single cell	cellenONE	hFF_starved_sc_59	1	serum-starved	run 319	proteomic profiling by mass spectrometry	Data-independent acquisition	NT=Orbitrap Astral;AC=MS:1003378	SILAC	NT=Label:13C(6)15N(2);AC=UNIMOD:259;TA=K;MT=Variable	NT=Label:13C(6)15N(4);AC=UNIMOD:267;TA=R;MT=Variable	NT=Oxidation;AC=UNIMOD:35;TA=M;MT=Variable	NT=Acetyl;AC=UNIMOD:1;PP=Protein N-term;MT=Variable	NT=Trypsin;AC=MS:1001251	NT=Lys-C;AC=MS:1001309	NT=beam-type collision-induced dissociation;AC=MS:1000422	27 NCE	380	980	4	1	1	20240719_AST5_Evo3_IO5cmL_PS_SC_pSILAC_hFF_starved_59.raw	v1.1.0	NT=ms-proteomics;VV=v1.1.0	NT=human;VV=v1.1.0	NT=cell-lines;VV=v1.1.0	NT=single-cell;VV=v1.0.0	NT=dia-acquisition;VV=v1.1.0	serum-starved
hFF_starved_sc_60	Homo sapiens	NT=prepuce of penis;AC=UBERON:0001332	NT=fibroblast;AC=CL:0000057	NT=normal;AC=PATO:0000461	hFF	not available	not available	not available	male	60	single cell	cellenONE	hFF_starved_sc_60	1	serum-starved	run 320	proteomic profiling by mass spectrometry	Data-independent acquisition	NT=Orbitrap Astral;AC=MS:1003378	SILAC	NT=Label:13C(6)15N(2);AC=UNIMOD:259;TA=K;MT=Variable	NT=Label:13C(6)15N(4);AC=UNIMOD:267;TA=R;MT=Variable	NT=Oxidation;AC=UNIMOD:35;TA=M;MT=Variable	NT=Acetyl;AC=UNIMOD:1;PP=Protein N-term;MT=Variable	NT=Trypsin;AC=MS:1001251	NT=Lys-C;AC=MS:1001309	NT=beam-type collision-induced dissociation;AC=MS:1000422	27 NCE	380	980	4	1	1	20240719_AST5_Evo3_IO5cmL_PS_SC_pSILAC_hFF_starved_60.raw	v1.1.0	NT=ms-proteomics;VV=v1.1.0	NT=human;VV=v1.1.0	NT=cell-lines;VV=v1.1.0	NT=single-cell;VV=v1.0.0	NT=dia-acquisition;VV=v1.1.0	serum-starved
hFF_starved_sc_61	Homo sapiens	NT=prepuce of penis;AC=UBERON:0001332	NT=fibroblast;AC=CL:0000057	NT=normal;AC=PATO:0000461	hFF	not available	not available	not available	male	61	single cell	cellenONE	hFF_starved_sc_61	1	serum-starved	run 321	proteomic profiling by mass spectrometry	Data-independent acquisition	NT=Orbitrap Astral;AC=MS:1003378	SILAC	NT=Label:13C(6)15N(2);AC=UNIMOD:259;TA=K;MT=Variable	NT=Label:13C(6)15N(4);AC=UNIMOD:267;TA=R;MT=Variable	NT=Oxidation;AC=UNIMOD:35;TA=M;MT=Variable	NT=Acetyl;AC=UNIMOD:1;PP=Protein N-term;MT=Variable	NT=Trypsin;AC=MS:1001251	NT=Lys-C;AC=MS:1001309	NT=beam-type collision-induced dissociation;AC=MS:1000422	27 NCE	380	980	4	1	1	20240721_AST5_Evo3_IO5cmL_PS_SC_pSILAC_hFF_starved_61.raw	v1.1.0	NT=ms-proteomics;VV=v1.1.0	NT=human;VV=v1.1.0	NT=cell-lines;VV=v1.1.0	NT=single-cell;VV=v1.0.0	NT=dia-acquisition;VV=v1.1.0	serum-starved
hFF_starved_sc_62	Homo sapiens	NT=prepuce of penis;AC=UBERON:0001332	NT=fibroblast;AC=CL:0000057	NT=normal;AC=PATO:0000461	hFF	not available	not available	not available	male	62	single cell	cellenONE	hFF_starved_sc_62	1	serum-starved	run 322	proteomic profiling by mass spectrometry	Data-independent acquisition	NT=Orbitrap Astral;AC=MS:1003378	SILAC	NT=Label:13C(6)15N(2);AC=UNIMOD:259;TA=K;MT=Variable	NT=Label:13C(6)15N(4);AC=UNIMOD:267;TA=R;MT=Variable	NT=Oxidation;AC=UNIMOD:35;TA=M;MT=Variable	NT=Acetyl;AC=UNIMOD:1;PP=Protein N-term;MT=Variable	NT=Trypsin;AC=MS:1001251	NT=Lys-C;AC=MS:1001309	NT=beam-type collision-induced dissociation;AC=MS:1000422	27 NCE	380	980	4	1	1	20240721_AST5_Evo3_IO5cmL_PS_SC_pSILAC_hFF_starved_62.raw	v1.1.0	NT=ms-proteomics;VV=v1.1.0	NT=human;VV=v1.1.0	NT=cell-lines;VV=v1.1.0	NT=single-cell;VV=v1.0.0	NT=dia-acquisition;VV=v1.1.0	serum-starved
hFF_starved_sc_63	Homo sapiens	NT=prepuce of penis;AC=UBERON:0001332	NT=fibroblast;AC=CL:0000057	NT=normal;AC=PATO:0000461	hFF	not available	not available	not available	male	63	single cell	cellenONE	hFF_starved_sc_63	1	serum-starved	run 323	proteomic profiling by mass spectrometry	Data-independent acquisition	NT=Orbitrap Astral;AC=MS:1003378	SILAC	NT=Label:13C(6)15N(2);AC=UNIMOD:259;TA=K;MT=Variable	NT=Label:13C(6)15N(4);AC=UNIMOD:267;TA=R;MT=Variable	NT=Oxidation;AC=UNIMOD:35;TA=M;MT=Variable	NT=Acetyl;AC=UNIMOD:1;PP=Protein N-term;MT=Variable	NT=Trypsin;AC=MS:1001251	NT=Lys-C;AC=MS:1001309	NT=beam-type collision-induced dissociation;AC=MS:1000422	27 NCE	380	980	4	1	1	20240721_AST5_Evo3_IO5cmL_PS_SC_pSILAC_hFF_starved_63.raw	v1.1.0	NT=ms-proteomics;VV=v1.1.0	NT=human;VV=v1.1.0	NT=cell-lines;VV=v1.1.0	NT=single-cell;VV=v1.0.0	NT=dia-acquisition;VV=v1.1.0	serum-starved
hFF_starved_sc_64	Homo sapiens	NT=prepuce of penis;AC=UBERON:0001332	NT=fibroblast;AC=CL:0000057	NT=normal;AC=PATO:0000461	hFF	not available	not available	not available	male	64	single cell	cellenONE	hFF_starved_sc_64	1	serum-starved	run 324	proteomic profiling by mass spectrometry	Data-independent acquisition	NT=Orbitrap Astral;AC=MS:1003378	SILAC	NT=Label:13C(6)15N(2);AC=UNIMOD:259;TA=K;MT=Variable	NT=Label:13C(6)15N(4);AC=UNIMOD:267;TA=R;MT=Variable	NT=Oxidation;AC=UNIMOD:35;TA=M;MT=Variable	NT=Acetyl;AC=UNIMOD:1;PP=Protein N-term;MT=Variable	NT=Trypsin;AC=MS:1001251	NT=Lys-C;AC=MS:1001309	NT=beam-type collision-induced dissociation;AC=MS:1000422	27 NCE	380	980	4	1	1	20240721_AST5_Evo3_IO5cmL_PS_SC_pSILAC_hFF_starved_64.raw	v1.1.0	NT=ms-proteomics;VV=v1.1.0	NT=human;VV=v1.1.0	NT=cell-lines;VV=v1.1.0	NT=single-cell;VV=v1.0.0	NT=dia-acquisition;VV=v1.1.0	serum-starved
hFF_starved_sc_65	Homo sapiens	NT=prepuce of penis;AC=UBERON:0001332	NT=fibroblast;AC=CL:0000057	NT=normal;AC=PATO:0000461	hFF	not available	not available	not available	male	65	single cell	cellenONE	hFF_starved_sc_65	1	serum-starved	run 325	proteomic profiling by mass spectrometry	Data-independent acquisition	NT=Orbitrap Astral;AC=MS:1003378	SILAC	NT=Label:13C(6)15N(2);AC=UNIMOD:259;TA=K;MT=Variable	NT=Label:13C(6)15N(4);AC=UNIMOD:267;TA=R;MT=Variable	NT=Oxidation;AC=UNIMOD:35;TA=M;MT=Variable	NT=Acetyl;AC=UNIMOD:1;PP=Protein N-term;MT=Variable	NT=Trypsin;AC=MS:1001251	NT=Lys-C;AC=MS:1001309	NT=beam-type collision-induced dissociation;AC=MS:1000422	27 NCE	380	980	4	1	1	20240721_AST5_Evo3_IO5cmL_PS_SC_pSILAC_hFF_starved_65.raw	v1.1.0	NT=ms-proteomics;VV=v1.1.0	NT=human;VV=v1.1.0	NT=cell-lines;VV=v1.1.0	NT=single-cell;VV=v1.0.0	NT=dia-acquisition;VV=v1.1.0	serum-starved
hFF_starved_sc_66	Homo sapiens	NT=prepuce of penis;AC=UBERON:0001332	NT=fibroblast;AC=CL:0000057	NT=normal;AC=PATO:0000461	hFF	not available	not available	not available	male	66	single cell	cellenONE	hFF_starved_sc_66	1	serum-starved	run 326	proteomic profiling by mass spectrometry	Data-independent acquisition	NT=Orbitrap Astral;AC=MS:1003378	SILAC	NT=Label:13C(6)15N(2);AC=UNIMOD:259;TA=K;MT=Variable	NT=Label:13C(6)15N(4);AC=UNIMOD:267;TA=R;MT=Variable	NT=Oxidation;AC=UNIMOD:35;TA=M;MT=Variable	NT=Acetyl;AC=UNIMOD:1;PP=Protein N-term;MT=Variable	NT=Trypsin;AC=MS:1001251	NT=Lys-C;AC=MS:1001309	NT=beam-type collision-induced dissociation;AC=MS:1000422	27 NCE	380	980	4	1	1	20240721_AST5_Evo3_IO5cmL_PS_SC_pSILAC_hFF_starved_66.raw	v1.1.0	NT=ms-proteomics;VV=v1.1.0	NT=human;VV=v1.1.0	NT=cell-lines;VV=v1.1.0	NT=single-cell;VV=v1.0.0	NT=dia-acquisition;VV=v1.1.0	serum-starved
hFF_starved_sc_67	Homo sapiens	NT=prepuce of penis;AC=UBERON:0001332	NT=fibroblast;AC=CL:0000057	NT=normal;AC=PATO:0000461	hFF	not available	not available	not available	male	67	single cell	cellenONE	hFF_starved_sc_67	1	serum-starved	run 327	proteomic profiling by mass spectrometry	Data-independent acquisition	NT=Orbitrap Astral;AC=MS:1003378	SILAC	NT=Label:13C(6)15N(2);AC=UNIMOD:259;TA=K;MT=Variable	NT=Label:13C(6)15N(4);AC=UNIMOD:267;TA=R;MT=Variable	NT=Oxidation;AC=UNIMOD:35;TA=M;MT=Variable	NT=Acetyl;AC=UNIMOD:1;PP=Protein N-term;MT=Variable	NT=Trypsin;AC=MS:1001251	NT=Lys-C;AC=MS:1001309	NT=beam-type collision-induced dissociation;AC=MS:1000422	27 NCE	380	980	4	1	1	20240721_AST5_Evo3_IO5cmL_PS_SC_pSILAC_hFF_starved_67.raw	v1.1.0	NT=ms-proteomics;VV=v1.1.0	NT=human;VV=v1.1.0	NT=cell-lines;VV=v1.1.0	NT=single-cell;VV=v1.0.0	NT=dia-acquisition;VV=v1.1.0	serum-starved
hFF_starved_sc_68	Homo sapiens	NT=prepuce of penis;AC=UBERON:0001332	NT=fibroblast;AC=CL:0000057	NT=normal;AC=PATO:0000461	hFF	not available	not available	not available	male	68	single cell	cellenONE	hFF_starved_sc_68	1	serum-starved	run 328	proteomic profiling by mass spectrometry	Data-independent acquisition	NT=Orbitrap Astral;AC=MS:1003378	SILAC	NT=Label:13C(6)15N(2);AC=UNIMOD:259;TA=K;MT=Variable	NT=Label:13C(6)15N(4);AC=UNIMOD:267;TA=R;MT=Variable	NT=Oxidation;AC=UNIMOD:35;TA=M;MT=Variable	NT=Acetyl;AC=UNIMOD:1;PP=Protein N-term;MT=Variable	NT=Trypsin;AC=MS:1001251	NT=Lys-C;AC=MS:1001309	NT=beam-type collision-induced dissociation;AC=MS:1000422	27 NCE	380	980	4	1	1	20240721_AST5_Evo3_IO5cmL_PS_SC_pSILAC_hFF_starved_68.raw	v1.1.0	NT=ms-proteomics;VV=v1.1.0	NT=human;VV=v1.1.0	NT=cell-lines;VV=v1.1.0	NT=single-cell;VV=v1.0.0	NT=dia-acquisition;VV=v1.1.0	serum-starved
hFF_starved_sc_69	Homo sapiens	NT=prepuce of penis;AC=UBERON:0001332	NT=fibroblast;AC=CL:0000057	NT=normal;AC=PATO:0000461	hFF	not available	not available	not available	male	69	single cell	cellenONE	hFF_starved_sc_69	1	serum-starved	run 329	proteomic profiling by mass spectrometry	Data-independent acquisition	NT=Orbitrap Astral;AC=MS:1003378	SILAC	NT=Label:13C(6)15N(2);AC=UNIMOD:259;TA=K;MT=Variable	NT=Label:13C(6)15N(4);AC=UNIMOD:267;TA=R;MT=Variable	NT=Oxidation;AC=UNIMOD:35;TA=M;MT=Variable	NT=Acetyl;AC=UNIMOD:1;PP=Protein N-term;MT=Variable	NT=Trypsin;AC=MS:1001251	NT=Lys-C;AC=MS:1001309	NT=beam-type collision-induced dissociation;AC=MS:1000422	27 NCE	380	980	4	1	1	20240721_AST5_Evo3_IO5cmL_PS_SC_pSILAC_hFF_starved_69.raw	v1.1.0	NT=ms-proteomics;VV=v1.1.0	NT=human;VV=v1.1.0	NT=cell-lines;VV=v1.1.0	NT=single-cell;VV=v1.0.0	NT=dia-acquisition;VV=v1.1.0	serum-starved
hFF_starved_sc_70	Homo sapiens	NT=prepuce of penis;AC=UBERON:0001332	NT=fibroblast;AC=CL:0000057	NT=normal;AC=PATO:0000461	hFF	not available	not available	not available	male	70	single cell	cellenONE	hFF_starved_sc_70	1	serum-starved	run 330	proteomic profiling by mass spectrometry	Data-independent acquisition	NT=Orbitrap Astral;AC=MS:1003378	SILAC	NT=Label:13C(6)15N(2);AC=UNIMOD:259;TA=K;MT=Variable	NT=Label:13C(6)15N(4);AC=UNIMOD:267;TA=R;MT=Variable	NT=Oxidation;AC=UNIMOD:35;TA=M;MT=Variable	NT=Acetyl;AC=UNIMOD:1;PP=Protein N-term;MT=Variable	NT=Trypsin;AC=MS:1001251	NT=Lys-C;AC=MS:1001309	NT=beam-type collision-induced dissociation;AC=MS:1000422	27 NCE	380	980	4	1	1	20240721_AST5_Evo3_IO5cmL_PS_SC_pSILAC_hFF_starved_70.raw	v1.1.0	NT=ms-proteomics;VV=v1.1.0	NT=human;VV=v1.1.0	NT=cell-lines;VV=v1.1.0	NT=single-cell;VV=v1.0.0	NT=dia-acquisition;VV=v1.1.0	serum-starved
hFF_starved_sc_71	Homo sapiens	NT=prepuce of penis;AC=UBERON:0001332	NT=fibroblast;AC=CL:0000057	NT=normal;AC=PATO:0000461	hFF	not available	not available	not available	male	71	single cell	cellenONE	hFF_starved_sc_71	1	serum-starved	run 331	proteomic profiling by mass spectrometry	Data-independent acquisition	NT=Orbitrap Astral;AC=MS:1003378	SILAC	NT=Label:13C(6)15N(2);AC=UNIMOD:259;TA=K;MT=Variable	NT=Label:13C(6)15N(4);AC=UNIMOD:267;TA=R;MT=Variable	NT=Oxidation;AC=UNIMOD:35;TA=M;MT=Variable	NT=Acetyl;AC=UNIMOD:1;PP=Protein N-term;MT=Variable	NT=Trypsin;AC=MS:1001251	NT=Lys-C;AC=MS:1001309	NT=beam-type collision-induced dissociation;AC=MS:1000422	27 NCE	380	980	4	1	1	20240721_AST5_Evo3_IO5cmL_PS_SC_pSILAC_hFF_starved_71.raw	v1.1.0	NT=ms-proteomics;VV=v1.1.0	NT=human;VV=v1.1.0	NT=cell-lines;VV=v1.1.0	NT=single-cell;VV=v1.0.0	NT=dia-acquisition;VV=v1.1.0	serum-starved
hFF_starved_sc_72	Homo sapiens	NT=prepuce of penis;AC=UBERON:0001332	NT=fibroblast;AC=CL:0000057	NT=normal;AC=PATO:0000461	hFF	not available	not available	not available	male	72	single cell	cellenONE	hFF_starved_sc_72	1	serum-starved	run 332	proteomic profiling by mass spectrometry	Data-independent acquisition	NT=Orbitrap Astral;AC=MS:1003378	SILAC	NT=Label:13C(6)15N(2);AC=UNIMOD:259;TA=K;MT=Variable	NT=Label:13C(6)15N(4);AC=UNIMOD:267;TA=R;MT=Variable	NT=Oxidation;AC=UNIMOD:35;TA=M;MT=Variable	NT=Acetyl;AC=UNIMOD:1;PP=Protein N-term;MT=Variable	NT=Trypsin;AC=MS:1001251	NT=Lys-C;AC=MS:1001309	NT=beam-type collision-induced dissociation;AC=MS:1000422	27 NCE	380	980	4	1	1	20240721_AST5_Evo3_IO5cmL_PS_SC_pSILAC_hFF_starved_72.raw	v1.1.0	NT=ms-proteomics;VV=v1.1.0	NT=human;VV=v1.1.0	NT=cell-lines;VV=v1.1.0	NT=single-cell;VV=v1.0.0	NT=dia-acquisition;VV=v1.1.0	serum-starved
hFF_starved_sc_73	Homo sapiens	NT=prepuce of penis;AC=UBERON:0001332	NT=fibroblast;AC=CL:0000057	NT=normal;AC=PATO:0000461	hFF	not available	not available	not available	male	73	single cell	cellenONE	hFF_starved_sc_73	1	serum-starved	run 333	proteomic profiling by mass spectrometry	Data-independent acquisition	NT=Orbitrap Astral;AC=MS:1003378	SILAC	NT=Label:13C(6)15N(2);AC=UNIMOD:259;TA=K;MT=Variable	NT=Label:13C(6)15N(4);AC=UNIMOD:267;TA=R;MT=Variable	NT=Oxidation;AC=UNIMOD:35;TA=M;MT=Variable	NT=Acetyl;AC=UNIMOD:1;PP=Protein N-term;MT=Variable	NT=Trypsin;AC=MS:1001251	NT=Lys-C;AC=MS:1001309	NT=beam-type collision-induced dissociation;AC=MS:1000422	27 NCE	380	980	4	1	1	20240721_AST5_Evo3_IO5cmL_PS_SC_pSILAC_hFF_starved_73.raw	v1.1.0	NT=ms-proteomics;VV=v1.1.0	NT=human;VV=v1.1.0	NT=cell-lines;VV=v1.1.0	NT=single-cell;VV=v1.0.0	NT=dia-acquisition;VV=v1.1.0	serum-starved
hFF_starved_sc_74	Homo sapiens	NT=prepuce of penis;AC=UBERON:0001332	NT=fibroblast;AC=CL:0000057	NT=normal;AC=PATO:0000461	hFF	not available	not available	not available	male	74	single cell	cellenONE	hFF_starved_sc_74	1	serum-starved	run 334	proteomic profiling by mass spectrometry	Data-independent acquisition	NT=Orbitrap Astral;AC=MS:1003378	SILAC	NT=Label:13C(6)15N(2);AC=UNIMOD:259;TA=K;MT=Variable	NT=Label:13C(6)15N(4);AC=UNIMOD:267;TA=R;MT=Variable	NT=Oxidation;AC=UNIMOD:35;TA=M;MT=Variable	NT=Acetyl;AC=UNIMOD:1;PP=Protein N-term;MT=Variable	NT=Trypsin;AC=MS:1001251	NT=Lys-C;AC=MS:1001309	NT=beam-type collision-induced dissociation;AC=MS:1000422	27 NCE	380	980	4	1	1	20240721_AST5_Evo3_IO5cmL_PS_SC_pSILAC_hFF_starved_74.raw	v1.1.0	NT=ms-proteomics;VV=v1.1.0	NT=human;VV=v1.1.0	NT=cell-lines;VV=v1.1.0	NT=single-cell;VV=v1.0.0	NT=dia-acquisition;VV=v1.1.0	serum-starved
hFF_starved_sc_75	Homo sapiens	NT=prepuce of penis;AC=UBERON:0001332	NT=fibroblast;AC=CL:0000057	NT=normal;AC=PATO:0000461	hFF	not available	not available	not available	male	75	single cell	cellenONE	hFF_starved_sc_75	1	serum-starved	run 335	proteomic profiling by mass spectrometry	Data-independent acquisition	NT=Orbitrap Astral;AC=MS:1003378	SILAC	NT=Label:13C(6)15N(2);AC=UNIMOD:259;TA=K;MT=Variable	NT=Label:13C(6)15N(4);AC=UNIMOD:267;TA=R;MT=Variable	NT=Oxidation;AC=UNIMOD:35;TA=M;MT=Variable	NT=Acetyl;AC=UNIMOD:1;PP=Protein N-term;MT=Variable	NT=Trypsin;AC=MS:1001251	NT=Lys-C;AC=MS:1001309	NT=beam-type collision-induced dissociation;AC=MS:1000422	27 NCE	380	980	4	1	1	20240721_AST5_Evo3_IO5cmL_PS_SC_pSILAC_hFF_starved_75.raw	v1.1.0	NT=ms-proteomics;VV=v1.1.0	NT=human;VV=v1.1.0	NT=cell-lines;VV=v1.1.0	NT=single-cell;VV=v1.0.0	NT=dia-acquisition;VV=v1.1.0	serum-starved
hFF_starved_sc_76	Homo sapiens	NT=prepuce of penis;AC=UBERON:0001332	NT=fibroblast;AC=CL:0000057	NT=normal;AC=PATO:0000461	hFF	not available	not available	not available	male	76	single cell	cellenONE	hFF_starved_sc_76	1	serum-starved	run 336	proteomic profiling by mass spectrometry	Data-independent acquisition	NT=Orbitrap Astral;AC=MS:1003378	SILAC	NT=Label:13C(6)15N(2);AC=UNIMOD:259;TA=K;MT=Variable	NT=Label:13C(6)15N(4);AC=UNIMOD:267;TA=R;MT=Variable	NT=Oxidation;AC=UNIMOD:35;TA=M;MT=Variable	NT=Acetyl;AC=UNIMOD:1;PP=Protein N-term;MT=Variable	NT=Trypsin;AC=MS:1001251	NT=Lys-C;AC=MS:1001309	NT=beam-type collision-induced dissociation;AC=MS:1000422	27 NCE	380	980	4	1	1	20240721_AST5_Evo3_IO5cmL_PS_SC_pSILAC_hFF_starved_76.raw	v1.1.0	NT=ms-proteomics;VV=v1.1.0	NT=human;VV=v1.1.0	NT=cell-lines;VV=v1.1.0	NT=single-cell;VV=v1.0.0	NT=dia-acquisition;VV=v1.1.0	serum-starved
hFF_starved_sc_77	Homo sapiens	NT=prepuce of penis;AC=UBERON:0001332	NT=fibroblast;AC=CL:0000057	NT=normal;AC=PATO:0000461	hFF	not available	not available	not available	male	77	single cell	cellenONE	hFF_starved_sc_77	1	serum-starved	run 337	proteomic profiling by mass spectrometry	Data-independent acquisition	NT=Orbitrap Astral;AC=MS:1003378	SILAC	NT=Label:13C(6)15N(2);AC=UNIMOD:259;TA=K;MT=Variable	NT=Label:13C(6)15N(4);AC=UNIMOD:267;TA=R;MT=Variable	NT=Oxidation;AC=UNIMOD:35;TA=M;MT=Variable	NT=Acetyl;AC=UNIMOD:1;PP=Protein N-term;MT=Variable	NT=Trypsin;AC=MS:1001251	NT=Lys-C;AC=MS:1001309	NT=beam-type collision-induced dissociation;AC=MS:1000422	27 NCE	380	980	4	1	1	20240721_AST5_Evo3_IO5cmL_PS_SC_pSILAC_hFF_starved_77.raw	v1.1.0	NT=ms-proteomics;VV=v1.1.0	NT=human;VV=v1.1.0	NT=cell-lines;VV=v1.1.0	NT=single-cell;VV=v1.0.0	NT=dia-acquisition;VV=v1.1.0	serum-starved
hFF_starved_sc_78	Homo sapiens	NT=prepuce of penis;AC=UBERON:0001332	NT=fibroblast;AC=CL:0000057	NT=normal;AC=PATO:0000461	hFF	not available	not available	not available	male	78	single cell	cellenONE	hFF_starved_sc_78	1	serum-starved	run 338	proteomic profiling by mass spectrometry	Data-independent acquisition	NT=Orbitrap Astral;AC=MS:1003378	SILAC	NT=Label:13C(6)15N(2);AC=UNIMOD:259;TA=K;MT=Variable	NT=Label:13C(6)15N(4);AC=UNIMOD:267;TA=R;MT=Variable	NT=Oxidation;AC=UNIMOD:35;TA=M;MT=Variable	NT=Acetyl;AC=UNIMOD:1;PP=Protein N-term;MT=Variable	NT=Trypsin;AC=MS:1001251	NT=Lys-C;AC=MS:1001309	NT=beam-type collision-induced dissociation;AC=MS:1000422	27 NCE	380	980	4	1	1	20240721_AST5_Evo3_IO5cmL_PS_SC_pSILAC_hFF_starved_78.raw	v1.1.0	NT=ms-proteomics;VV=v1.1.0	NT=human;VV=v1.1.0	NT=cell-lines;VV=v1.1.0	NT=single-cell;VV=v1.0.0	NT=dia-acquisition;VV=v1.1.0	serum-starved
hFF_starved_sc_79	Homo sapiens	NT=prepuce of penis;AC=UBERON:0001332	NT=fibroblast;AC=CL:0000057	NT=normal;AC=PATO:0000461	hFF	not available	not available	not available	male	79	single cell	cellenONE	hFF_starved_sc_79	1	serum-starved	run 339	proteomic profiling by mass spectrometry	Data-independent acquisition	NT=Orbitrap Astral;AC=MS:1003378	SILAC	NT=Label:13C(6)15N(2);AC=UNIMOD:259;TA=K;MT=Variable	NT=Label:13C(6)15N(4);AC=UNIMOD:267;TA=R;MT=Variable	NT=Oxidation;AC=UNIMOD:35;TA=M;MT=Variable	NT=Acetyl;AC=UNIMOD:1;PP=Protein N-term;MT=Variable	NT=Trypsin;AC=MS:1001251	NT=Lys-C;AC=MS:1001309	NT=beam-type collision-induced dissociation;AC=MS:1000422	27 NCE	380	980	4	1	1	20240721_AST5_Evo3_IO5cmL_PS_SC_pSILAC_hFF_starved_79.raw	v1.1.0	NT=ms-proteomics;VV=v1.1.0	NT=human;VV=v1.1.0	NT=cell-lines;VV=v1.1.0	NT=single-cell;VV=v1.0.0	NT=dia-acquisition;VV=v1.1.0	serum-starved
hFF_starved_sc_80	Homo sapiens	NT=prepuce of penis;AC=UBERON:0001332	NT=fibroblast;AC=CL:0000057	NT=normal;AC=PATO:0000461	hFF	not available	not available	not available	male	80	single cell	cellenONE	hFF_starved_sc_80	1	serum-starved	run 340	proteomic profiling by mass spectrometry	Data-independent acquisition	NT=Orbitrap Astral;AC=MS:1003378	SILAC	NT=Label:13C(6)15N(2);AC=UNIMOD:259;TA=K;MT=Variable	NT=Label:13C(6)15N(4);AC=UNIMOD:267;TA=R;MT=Variable	NT=Oxidation;AC=UNIMOD:35;TA=M;MT=Variable	NT=Acetyl;AC=UNIMOD:1;PP=Protein N-term;MT=Variable	NT=Trypsin;AC=MS:1001251	NT=Lys-C;AC=MS:1001309	NT=beam-type collision-induced dissociation;AC=MS:1000422	27 NCE	380	980	4	1	1	20240721_AST5_Evo3_IO5cmL_PS_SC_pSILAC_hFF_starved_80.raw	v1.1.0	NT=ms-proteomics;VV=v1.1.0	NT=human;VV=v1.1.0	NT=cell-lines;VV=v1.1.0	NT=single-cell;VV=v1.0.0	NT=dia-acquisition;VV=v1.1.0	serum-starved
hFF_starved_sc_81	Homo sapiens	NT=prepuce of penis;AC=UBERON:0001332	NT=fibroblast;AC=CL:0000057	NT=normal;AC=PATO:0000461	hFF	not available	not available	not available	male	81	single cell	cellenONE	hFF_starved_sc_81	1	serum-starved	run 341	proteomic profiling by mass spectrometry	Data-independent acquisition	NT=Orbitrap Astral;AC=MS:1003378	SILAC	NT=Label:13C(6)15N(2);AC=UNIMOD:259;TA=K;MT=Variable	NT=Label:13C(6)15N(4);AC=UNIMOD:267;TA=R;MT=Variable	NT=Oxidation;AC=UNIMOD:35;TA=M;MT=Variable	NT=Acetyl;AC=UNIMOD:1;PP=Protein N-term;MT=Variable	NT=Trypsin;AC=MS:1001251	NT=Lys-C;AC=MS:1001309	NT=beam-type collision-induced dissociation;AC=MS:1000422	27 NCE	380	980	4	1	1	20240721_AST5_Evo3_IO5cmL_PS_SC_pSILAC_hFF_starved_81.raw	v1.1.0	NT=ms-proteomics;VV=v1.1.0	NT=human;VV=v1.1.0	NT=cell-lines;VV=v1.1.0	NT=single-cell;VV=v1.0.0	NT=dia-acquisition;VV=v1.1.0	serum-starved
hFF_starved_sc_82	Homo sapiens	NT=prepuce of penis;AC=UBERON:0001332	NT=fibroblast;AC=CL:0000057	NT=normal;AC=PATO:0000461	hFF	not available	not available	not available	male	82	single cell	cellenONE	hFF_starved_sc_82	1	serum-starved	run 342	proteomic profiling by mass spectrometry	Data-independent acquisition	NT=Orbitrap Astral;AC=MS:1003378	SILAC	NT=Label:13C(6)15N(2);AC=UNIMOD:259;TA=K;MT=Variable	NT=Label:13C(6)15N(4);AC=UNIMOD:267;TA=R;MT=Variable	NT=Oxidation;AC=UNIMOD:35;TA=M;MT=Variable	NT=Acetyl;AC=UNIMOD:1;PP=Protein N-term;MT=Variable	NT=Trypsin;AC=MS:1001251	NT=Lys-C;AC=MS:1001309	NT=beam-type collision-induced dissociation;AC=MS:1000422	27 NCE	380	980	4	1	1	20240721_AST5_Evo3_IO5cmL_PS_SC_pSILAC_hFF_starved_82.raw	v1.1.0	NT=ms-proteomics;VV=v1.1.0	NT=human;VV=v1.1.0	NT=cell-lines;VV=v1.1.0	NT=single-cell;VV=v1.0.0	NT=dia-acquisition;VV=v1.1.0	serum-starved
hFF_starved_sc_83	Homo sapiens	NT=prepuce of penis;AC=UBERON:0001332	NT=fibroblast;AC=CL:0000057	NT=normal;AC=PATO:0000461	hFF	not available	not available	not available	male	83	single cell	cellenONE	hFF_starved_sc_83	1	serum-starved	run 343	proteomic profiling by mass spectrometry	Data-independent acquisition	NT=Orbitrap Astral;AC=MS:1003378	SILAC	NT=Label:13C(6)15N(2);AC=UNIMOD:259;TA=K;MT=Variable	NT=Label:13C(6)15N(4);AC=UNIMOD:267;TA=R;MT=Variable	NT=Oxidation;AC=UNIMOD:35;TA=M;MT=Variable	NT=Acetyl;AC=UNIMOD:1;PP=Protein N-term;MT=Variable	NT=Trypsin;AC=MS:1001251	NT=Lys-C;AC=MS:1001309	NT=beam-type collision-induced dissociation;AC=MS:1000422	27 NCE	380	980	4	1	1	20240721_AST5_Evo3_IO5cmL_PS_SC_pSILAC_hFF_starved_83.raw	v1.1.0	NT=ms-proteomics;VV=v1.1.0	NT=human;VV=v1.1.0	NT=cell-lines;VV=v1.1.0	NT=single-cell;VV=v1.0.0	NT=dia-acquisition;VV=v1.1.0	serum-starved
hFF_starved_sc_84	Homo sapiens	NT=prepuce of penis;AC=UBERON:0001332	NT=fibroblast;AC=CL:0000057	NT=normal;AC=PATO:0000461	hFF	not available	not available	not available	male	84	single cell	cellenONE	hFF_starved_sc_84	1	serum-starved	run 344	proteomic profiling by mass spectrometry	Data-independent acquisition	NT=Orbitrap Astral;AC=MS:1003378	SILAC	NT=Label:13C(6)15N(2);AC=UNIMOD:259;TA=K;MT=Variable	NT=Label:13C(6)15N(4);AC=UNIMOD:267;TA=R;MT=Variable	NT=Oxidation;AC=UNIMOD:35;TA=M;MT=Variable	NT=Acetyl;AC=UNIMOD:1;PP=Protein N-term;MT=Variable	NT=Trypsin;AC=MS:1001251	NT=Lys-C;AC=MS:1001309	NT=beam-type collision-induced dissociation;AC=MS:1000422	27 NCE	380	980	4	1	1	20240721_AST5_Evo3_IO5cmL_PS_SC_pSILAC_hFF_starved_84.raw	v1.1.0	NT=ms-proteomics;VV=v1.1.0	NT=human;VV=v1.1.0	NT=cell-lines;VV=v1.1.0	NT=single-cell;VV=v1.0.0	NT=dia-acquisition;VV=v1.1.0	serum-starved
hFF_starved_sc_85	Homo sapiens	NT=prepuce of penis;AC=UBERON:0001332	NT=fibroblast;AC=CL:0000057	NT=normal;AC=PATO:0000461	hFF	not available	not available	not available	male	85	single cell	cellenONE	hFF_starved_sc_85	1	serum-starved	run 345	proteomic profiling by mass spectrometry	Data-independent acquisition	NT=Orbitrap Astral;AC=MS:1003378	SILAC	NT=Label:13C(6)15N(2);AC=UNIMOD:259;TA=K;MT=Variable	NT=Label:13C(6)15N(4);AC=UNIMOD:267;TA=R;MT=Variable	NT=Oxidation;AC=UNIMOD:35;TA=M;MT=Variable	NT=Acetyl;AC=UNIMOD:1;PP=Protein N-term;MT=Variable	NT=Trypsin;AC=MS:1001251	NT=Lys-C;AC=MS:1001309	NT=beam-type collision-induced dissociation;AC=MS:1000422	27 NCE	380	980	4	1	1	20240721_AST5_Evo3_IO5cmL_PS_SC_pSILAC_hFF_starved_85.raw	v1.1.0	NT=ms-proteomics;VV=v1.1.0	NT=human;VV=v1.1.0	NT=cell-lines;VV=v1.1.0	NT=single-cell;VV=v1.0.0	NT=dia-acquisition;VV=v1.1.0	serum-starved
hFF_starved_sc_86	Homo sapiens	NT=prepuce of penis;AC=UBERON:0001332	NT=fibroblast;AC=CL:0000057	NT=normal;AC=PATO:0000461	hFF	not available	not available	not available	male	86	single cell	cellenONE	hFF_starved_sc_86	1	serum-starved	run 346	proteomic profiling by mass spectrometry	Data-independent acquisition	NT=Orbitrap Astral;AC=MS:1003378	SILAC	NT=Label:13C(6)15N(2);AC=UNIMOD:259;TA=K;MT=Variable	NT=Label:13C(6)15N(4);AC=UNIMOD:267;TA=R;MT=Variable	NT=Oxidation;AC=UNIMOD:35;TA=M;MT=Variable	NT=Acetyl;AC=UNIMOD:1;PP=Protein N-term;MT=Variable	NT=Trypsin;AC=MS:1001251	NT=Lys-C;AC=MS:1001309	NT=beam-type collision-induced dissociation;AC=MS:1000422	27 NCE	380	980	4	1	1	20240721_AST5_Evo3_IO5cmL_PS_SC_pSILAC_hFF_starved_86.raw	v1.1.0	NT=ms-proteomics;VV=v1.1.0	NT=human;VV=v1.1.0	NT=cell-lines;VV=v1.1.0	NT=single-cell;VV=v1.0.0	NT=dia-acquisition;VV=v1.1.0	serum-starved
hFF_starved_sc_87	Homo sapiens	NT=prepuce of penis;AC=UBERON:0001332	NT=fibroblast;AC=CL:0000057	NT=normal;AC=PATO:0000461	hFF	not available	not available	not available	male	87	single cell	cellenONE	hFF_starved_sc_87	1	serum-starved	run 347	proteomic profiling by mass spectrometry	Data-independent acquisition	NT=Orbitrap Astral;AC=MS:1003378	SILAC	NT=Label:13C(6)15N(2);AC=UNIMOD:259;TA=K;MT=Variable	NT=Label:13C(6)15N(4);AC=UNIMOD:267;TA=R;MT=Variable	NT=Oxidation;AC=UNIMOD:35;TA=M;MT=Variable	NT=Acetyl;AC=UNIMOD:1;PP=Protein N-term;MT=Variable	NT=Trypsin;AC=MS:1001251	NT=Lys-C;AC=MS:1001309	NT=beam-type collision-induced dissociation;AC=MS:1000422	27 NCE	380	980	4	1	1	20240721_AST5_Evo3_IO5cmL_PS_SC_pSILAC_hFF_starved_87.raw	v1.1.0	NT=ms-proteomics;VV=v1.1.0	NT=human;VV=v1.1.0	NT=cell-lines;VV=v1.1.0	NT=single-cell;VV=v1.0.0	NT=dia-acquisition;VV=v1.1.0	serum-starved
hFF_starved_sc_88	Homo sapiens	NT=prepuce of penis;AC=UBERON:0001332	NT=fibroblast;AC=CL:0000057	NT=normal;AC=PATO:0000461	hFF	not available	not available	not available	male	88	single cell	cellenONE	hFF_starved_sc_88	1	serum-starved	run 348	proteomic profiling by mass spectrometry	Data-independent acquisition	NT=Orbitrap Astral;AC=MS:1003378	SILAC	NT=Label:13C(6)15N(2);AC=UNIMOD:259;TA=K;MT=Variable	NT=Label:13C(6)15N(4);AC=UNIMOD:267;TA=R;MT=Variable	NT=Oxidation;AC=UNIMOD:35;TA=M;MT=Variable	NT=Acetyl;AC=UNIMOD:1;PP=Protein N-term;MT=Variable	NT=Trypsin;AC=MS:1001251	NT=Lys-C;AC=MS:1001309	NT=beam-type collision-induced dissociation;AC=MS:1000422	27 NCE	380	980	4	1	1	20240721_AST5_Evo3_IO5cmL_PS_SC_pSILAC_hFF_starved_88.raw	v1.1.0	NT=ms-proteomics;VV=v1.1.0	NT=human;VV=v1.1.0	NT=cell-lines;VV=v1.1.0	NT=single-cell;VV=v1.0.0	NT=dia-acquisition;VV=v1.1.0	serum-starved
hFF_starved_sc_89	Homo sapiens	NT=prepuce of penis;AC=UBERON:0001332	NT=fibroblast;AC=CL:0000057	NT=normal;AC=PATO:0000461	hFF	not available	not available	not available	male	89	single cell	cellenONE	hFF_starved_sc_89	1	serum-starved	run 349	proteomic profiling by mass spectrometry	Data-independent acquisition	NT=Orbitrap Astral;AC=MS:1003378	SILAC	NT=Label:13C(6)15N(2);AC=UNIMOD:259;TA=K;MT=Variable	NT=Label:13C(6)15N(4);AC=UNIMOD:267;TA=R;MT=Variable	NT=Oxidation;AC=UNIMOD:35;TA=M;MT=Variable	NT=Acetyl;AC=UNIMOD:1;PP=Protein N-term;MT=Variable	NT=Trypsin;AC=MS:1001251	NT=Lys-C;AC=MS:1001309	NT=beam-type collision-induced dissociation;AC=MS:1000422	27 NCE	380	980	4	1	1	20240721_AST5_Evo3_IO5cmL_PS_SC_pSILAC_hFF_starved_89.raw	v1.1.0	NT=ms-proteomics;VV=v1.1.0	NT=human;VV=v1.1.0	NT=cell-lines;VV=v1.1.0	NT=single-cell;VV=v1.0.0	NT=dia-acquisition;VV=v1.1.0	serum-starved
hFF_starved_sc_90	Homo sapiens	NT=prepuce of penis;AC=UBERON:0001332	NT=fibroblast;AC=CL:0000057	NT=normal;AC=PATO:0000461	hFF	not available	not available	not available	male	90	single cell	cellenONE	hFF_starved_sc_90	1	serum-starved	run 350	proteomic profiling by mass spectrometry	Data-independent acquisition	NT=Orbitrap Astral;AC=MS:1003378	SILAC	NT=Label:13C(6)15N(2);AC=UNIMOD:259;TA=K;MT=Variable	NT=Label:13C(6)15N(4);AC=UNIMOD:267;TA=R;MT=Variable	NT=Oxidation;AC=UNIMOD:35;TA=M;MT=Variable	NT=Acetyl;AC=UNIMOD:1;PP=Protein N-term;MT=Variable	NT=Trypsin;AC=MS:1001251	NT=Lys-C;AC=MS:1001309	NT=beam-type collision-induced dissociation;AC=MS:1000422	27 NCE	380	980	4	1	1	20240721_AST5_Evo3_IO5cmL_PS_SC_pSILAC_hFF_starved_90.raw	v1.1.0	NT=ms-proteomics;VV=v1.1.0	NT=human;VV=v1.1.0	NT=cell-lines;VV=v1.1.0	NT=single-cell;VV=v1.0.0	NT=dia-acquisition;VV=v1.1.0	serum-starved
hFF_starved_sc_91	Homo sapiens	NT=prepuce of penis;AC=UBERON:0001332	NT=fibroblast;AC=CL:0000057	NT=normal;AC=PATO:0000461	hFF	not available	not available	not available	male	91	single cell	cellenONE	hFF_starved_sc_91	1	serum-starved	run 351	proteomic profiling by mass spectrometry	Data-independent acquisition	NT=Orbitrap Astral;AC=MS:1003378	SILAC	NT=Label:13C(6)15N(2);AC=UNIMOD:259;TA=K;MT=Variable	NT=Label:13C(6)15N(4);AC=UNIMOD:267;TA=R;MT=Variable	NT=Oxidation;AC=UNIMOD:35;TA=M;MT=Variable	NT=Acetyl;AC=UNIMOD:1;PP=Protein N-term;MT=Variable	NT=Trypsin;AC=MS:1001251	NT=Lys-C;AC=MS:1001309	NT=beam-type collision-induced dissociation;AC=MS:1000422	27 NCE	380	980	4	1	1	20240721_AST5_Evo3_IO5cmL_PS_SC_pSILAC_hFF_starved_91.raw	v1.1.0	NT=ms-proteomics;VV=v1.1.0	NT=human;VV=v1.1.0	NT=cell-lines;VV=v1.1.0	NT=single-cell;VV=v1.0.0	NT=dia-acquisition;VV=v1.1.0	serum-starved
hFF_starved_sc_92	Homo sapiens	NT=prepuce of penis;AC=UBERON:0001332	NT=fibroblast;AC=CL:0000057	NT=normal;AC=PATO:0000461	hFF	not available	not available	not available	male	92	single cell	cellenONE	hFF_starved_sc_92	1	serum-starved	run 352	proteomic profiling by mass spectrometry	Data-independent acquisition	NT=Orbitrap Astral;AC=MS:1003378	SILAC	NT=Label:13C(6)15N(2);AC=UNIMOD:259;TA=K;MT=Variable	NT=Label:13C(6)15N(4);AC=UNIMOD:267;TA=R;MT=Variable	NT=Oxidation;AC=UNIMOD:35;TA=M;MT=Variable	NT=Acetyl;AC=UNIMOD:1;PP=Protein N-term;MT=Variable	NT=Trypsin;AC=MS:1001251	NT=Lys-C;AC=MS:1001309	NT=beam-type collision-induced dissociation;AC=MS:1000422	27 NCE	380	980	4	1	1	20240721_AST5_Evo3_IO5cmL_PS_SC_pSILAC_hFF_starved_92.raw	v1.1.0	NT=ms-proteomics;VV=v1.1.0	NT=human;VV=v1.1.0	NT=cell-lines;VV=v1.1.0	NT=single-cell;VV=v1.0.0	NT=dia-acquisition;VV=v1.1.0	serum-starved
hFF_starved_sc_93	Homo sapiens	NT=prepuce of penis;AC=UBERON:0001332	NT=fibroblast;AC=CL:0000057	NT=normal;AC=PATO:0000461	hFF	not available	not available	not available	male	93	single cell	cellenONE	hFF_starved_sc_93	1	serum-starved	run 353	proteomic profiling by mass spectrometry	Data-independent acquisition	NT=Orbitrap Astral;AC=MS:1003378	SILAC	NT=Label:13C(6)15N(2);AC=UNIMOD:259;TA=K;MT=Variable	NT=Label:13C(6)15N(4);AC=UNIMOD:267;TA=R;MT=Variable	NT=Oxidation;AC=UNIMOD:35;TA=M;MT=Variable	NT=Acetyl;AC=UNIMOD:1;PP=Protein N-term;MT=Variable	NT=Trypsin;AC=MS:1001251	NT=Lys-C;AC=MS:1001309	NT=beam-type collision-induced dissociation;AC=MS:1000422	27 NCE	380	980	4	1	1	20240721_AST5_Evo3_IO5cmL_PS_SC_pSILAC_hFF_starved_93.raw	v1.1.0	NT=ms-proteomics;VV=v1.1.0	NT=human;VV=v1.1.0	NT=cell-lines;VV=v1.1.0	NT=single-cell;VV=v1.0.0	NT=dia-acquisition;VV=v1.1.0	serum-starved
hFF_starved_sc_94	Homo sapiens	NT=prepuce of penis;AC=UBERON:0001332	NT=fibroblast;AC=CL:0000057	NT=normal;AC=PATO:0000461	hFF	not available	not available	not available	male	94	single cell	cellenONE	hFF_starved_sc_94	1	serum-starved	run 354	proteomic profiling by mass spectrometry	Data-independent acquisition	NT=Orbitrap Astral;AC=MS:1003378	SILAC	NT=Label:13C(6)15N(2);AC=UNIMOD:259;TA=K;MT=Variable	NT=Label:13C(6)15N(4);AC=UNIMOD:267;TA=R;MT=Variable	NT=Oxidation;AC=UNIMOD:35;TA=M;MT=Variable	NT=Acetyl;AC=UNIMOD:1;PP=Protein N-term;MT=Variable	NT=Trypsin;AC=MS:1001251	NT=Lys-C;AC=MS:1001309	NT=beam-type collision-induced dissociation;AC=MS:1000422	27 NCE	380	980	4	1	1	20240721_AST5_Evo3_IO5cmL_PS_SC_pSILAC_hFF_starved_94.raw	v1.1.0	NT=ms-proteomics;VV=v1.1.0	NT=human;VV=v1.1.0	NT=cell-lines;VV=v1.1.0	NT=single-cell;VV=v1.0.0	NT=dia-acquisition;VV=v1.1.0	serum-starved
hFF_starved_sc_95	Homo sapiens	NT=prepuce of penis;AC=UBERON:0001332	NT=fibroblast;AC=CL:0000057	NT=normal;AC=PATO:0000461	hFF	not available	not available	not available	male	95	single cell	cellenONE	hFF_starved_sc_95	1	serum-starved	run 355	proteomic profiling by mass spectrometry	Data-independent acquisition	NT=Orbitrap Astral;AC=MS:1003378	SILAC	NT=Label:13C(6)15N(2);AC=UNIMOD:259;TA=K;MT=Variable	NT=Label:13C(6)15N(4);AC=UNIMOD:267;TA=R;MT=Variable	NT=Oxidation;AC=UNIMOD:35;TA=M;MT=Variable	NT=Acetyl;AC=UNIMOD:1;PP=Protein N-term;MT=Variable	NT=Trypsin;AC=MS:1001251	NT=Lys-C;AC=MS:1001309	NT=beam-type collision-induced dissociation;AC=MS:1000422	27 NCE	380	980	4	1	1	20240721_AST5_Evo3_IO5cmL_PS_SC_pSILAC_hFF_starved_95.raw	v1.1.0	NT=ms-proteomics;VV=v1.1.0	NT=human;VV=v1.1.0	NT=cell-lines;VV=v1.1.0	NT=single-cell;VV=v1.0.0	NT=dia-acquisition;VV=v1.1.0	serum-starved
hFF_starved_sc_96	Homo sapiens	NT=prepuce of penis;AC=UBERON:0001332	NT=fibroblast;AC=CL:0000057	NT=normal;AC=PATO:0000461	hFF	not available	not available	not available	male	96	single cell	cellenONE	hFF_starved_sc_96	1	serum-starved	run 356	proteomic profiling by mass spectrometry	Data-independent acquisition	NT=Orbitrap Astral;AC=MS:1003378	SILAC	NT=Label:13C(6)15N(2);AC=UNIMOD:259;TA=K;MT=Variable	NT=Label:13C(6)15N(4);AC=UNIMOD:267;TA=R;MT=Variable	NT=Oxidation;AC=UNIMOD:35;TA=M;MT=Variable	NT=Acetyl;AC=UNIMOD:1;PP=Protein N-term;MT=Variable	NT=Trypsin;AC=MS:1001251	NT=Lys-C;AC=MS:1001309	NT=beam-type collision-induced dissociation;AC=MS:1000422	27 NCE	380	980	4	1	1	20240721_AST5_Evo3_IO5cmL_PS_SC_pSILAC_hFF_starved_96.raw	v1.1.0	NT=ms-proteomics;VV=v1.1.0	NT=human;VV=v1.1.0	NT=cell-lines;VV=v1.1.0	NT=single-cell;VV=v1.0.0	NT=dia-acquisition;VV=v1.1.0	serum-starved
hFF_starved_sc_97	Homo sapiens	NT=prepuce of penis;AC=UBERON:0001332	NT=fibroblast;AC=CL:0000057	NT=normal;AC=PATO:0000461	hFF	not available	not available	not available	male	97	single cell	cellenONE	hFF_starved_sc_97	1	serum-starved	run 357	proteomic profiling by mass spectrometry	Data-independent acquisition	NT=Orbitrap Astral;AC=MS:1003378	SILAC	NT=Label:13C(6)15N(2);AC=UNIMOD:259;TA=K;MT=Variable	NT=Label:13C(6)15N(4);AC=UNIMOD:267;TA=R;MT=Variable	NT=Oxidation;AC=UNIMOD:35;TA=M;MT=Variable	NT=Acetyl;AC=UNIMOD:1;PP=Protein N-term;MT=Variable	NT=Trypsin;AC=MS:1001251	NT=Lys-C;AC=MS:1001309	NT=beam-type collision-induced dissociation;AC=MS:1000422	27 NCE	380	980	4	1	1	20240721_AST5_Evo3_IO5cmL_PS_SC_pSILAC_hFF_starved_97.raw	v1.1.0	NT=ms-proteomics;VV=v1.1.0	NT=human;VV=v1.1.0	NT=cell-lines;VV=v1.1.0	NT=single-cell;VV=v1.0.0	NT=dia-acquisition;VV=v1.1.0	serum-starved
hFF_starved_sc_98	Homo sapiens	NT=prepuce of penis;AC=UBERON:0001332	NT=fibroblast;AC=CL:0000057	NT=normal;AC=PATO:0000461	hFF	not available	not available	not available	male	98	single cell	cellenONE	hFF_starved_sc_98	1	serum-starved	run 358	proteomic profiling by mass spectrometry	Data-independent acquisition	NT=Orbitrap Astral;AC=MS:1003378	SILAC	NT=Label:13C(6)15N(2);AC=UNIMOD:259;TA=K;MT=Variable	NT=Label:13C(6)15N(4);AC=UNIMOD:267;TA=R;MT=Variable	NT=Oxidation;AC=UNIMOD:35;TA=M;MT=Variable	NT=Acetyl;AC=UNIMOD:1;PP=Protein N-term;MT=Variable	NT=Trypsin;AC=MS:1001251	NT=Lys-C;AC=MS:1001309	NT=beam-type collision-induced dissociation;AC=MS:1000422	27 NCE	380	980	4	1	1	20240721_AST5_Evo3_IO5cmL_PS_SC_pSILAC_hFF_starved_98.raw	v1.1.0	NT=ms-proteomics;VV=v1.1.0	NT=human;VV=v1.1.0	NT=cell-lines;VV=v1.1.0	NT=single-cell;VV=v1.0.0	NT=dia-acquisition;VV=v1.1.0	serum-starved
hFF_starved_sc_99	Homo sapiens	NT=prepuce of penis;AC=UBERON:0001332	NT=fibroblast;AC=CL:0000057	NT=normal;AC=PATO:0000461	hFF	not available	not available	not available	male	99	single cell	cellenONE	hFF_starved_sc_99	1	serum-starved	run 359	proteomic profiling by mass spectrometry	Data-independent acquisition	NT=Orbitrap Astral;AC=MS:1003378	SILAC	NT=Label:13C(6)15N(2);AC=UNIMOD:259;TA=K;MT=Variable	NT=Label:13C(6)15N(4);AC=UNIMOD:267;TA=R;MT=Variable	NT=Oxidation;AC=UNIMOD:35;TA=M;MT=Variable	NT=Acetyl;AC=UNIMOD:1;PP=Protein N-term;MT=Variable	NT=Trypsin;AC=MS:1001251	NT=Lys-C;AC=MS:1001309	NT=beam-type collision-induced dissociation;AC=MS:1000422	27 NCE	380	980	4	1	1	20240721_AST5_Evo3_IO5cmL_PS_SC_pSILAC_hFF_starved_99.raw	v1.1.0	NT=ms-proteomics;VV=v1.1.0	NT=human;VV=v1.1.0	NT=cell-lines;VV=v1.1.0	NT=single-cell;VV=v1.0.0	NT=dia-acquisition;VV=v1.1.0	serum-starved
hFF_starved_sc_100	Homo sapiens	NT=prepuce of penis;AC=UBERON:0001332	NT=fibroblast;AC=CL:0000057	NT=normal;AC=PATO:0000461	hFF	not available	not available	not available	male	100	single cell	cellenONE	hFF_starved_sc_100	1	serum-starved	run 360	proteomic profiling by mass spectrometry	Data-independent acquisition	NT=Orbitrap Astral;AC=MS:1003378	SILAC	NT=Label:13C(6)15N(2);AC=UNIMOD:259;TA=K;MT=Variable	NT=Label:13C(6)15N(4);AC=UNIMOD:267;TA=R;MT=Variable	NT=Oxidation;AC=UNIMOD:35;TA=M;MT=Variable	NT=Acetyl;AC=UNIMOD:1;PP=Protein N-term;MT=Variable	NT=Trypsin;AC=MS:1001251	NT=Lys-C;AC=MS:1001309	NT=beam-type collision-induced dissociation;AC=MS:1000422	27 NCE	380	980	4	1	1	20240721_AST5_Evo3_IO5cmL_PS_SC_pSILAC_hFF_starved_100.raw	v1.1.0	NT=ms-proteomics;VV=v1.1.0	NT=human;VV=v1.1.0	NT=cell-lines;VV=v1.1.0	NT=single-cell;VV=v1.0.0	NT=dia-acquisition;VV=v1.1.0	serum-starved
hFF_starved_sc_101	Homo sapiens	NT=prepuce of penis;AC=UBERON:0001332	NT=fibroblast;AC=CL:0000057	NT=normal;AC=PATO:0000461	hFF	not available	not available	not available	male	101	single cell	cellenONE	hFF_starved_sc_101	1	serum-starved	run 361	proteomic profiling by mass spectrometry	Data-independent acquisition	NT=Orbitrap Astral;AC=MS:1003378	SILAC	NT=Label:13C(6)15N(2);AC=UNIMOD:259;TA=K;MT=Variable	NT=Label:13C(6)15N(4);AC=UNIMOD:267;TA=R;MT=Variable	NT=Oxidation;AC=UNIMOD:35;TA=M;MT=Variable	NT=Acetyl;AC=UNIMOD:1;PP=Protein N-term;MT=Variable	NT=Trypsin;AC=MS:1001251	NT=Lys-C;AC=MS:1001309	NT=beam-type collision-induced dissociation;AC=MS:1000422	27 NCE	380	980	4	1	1	20240721_AST5_Evo3_IO5cmL_PS_SC_pSILAC_hFF_starved_101.raw	v1.1.0	NT=ms-proteomics;VV=v1.1.0	NT=human;VV=v1.1.0	NT=cell-lines;VV=v1.1.0	NT=single-cell;VV=v1.0.0	NT=dia-acquisition;VV=v1.1.0	serum-starved
hFF_starved_sc_102	Homo sapiens	NT=prepuce of penis;AC=UBERON:0001332	NT=fibroblast;AC=CL:0000057	NT=normal;AC=PATO:0000461	hFF	not available	not available	not available	male	102	single cell	cellenONE	hFF_starved_sc_102	1	serum-starved	run 362	proteomic profiling by mass spectrometry	Data-independent acquisition	NT=Orbitrap Astral;AC=MS:1003378	SILAC	NT=Label:13C(6)15N(2);AC=UNIMOD:259;TA=K;MT=Variable	NT=Label:13C(6)15N(4);AC=UNIMOD:267;TA=R;MT=Variable	NT=Oxidation;AC=UNIMOD:35;TA=M;MT=Variable	NT=Acetyl;AC=UNIMOD:1;PP=Protein N-term;MT=Variable	NT=Trypsin;AC=MS:1001251	NT=Lys-C;AC=MS:1001309	NT=beam-type collision-induced dissociation;AC=MS:1000422	27 NCE	380	980	4	1	1	20240721_AST5_Evo3_IO5cmL_PS_SC_pSILAC_hFF_starved_102.raw	v1.1.0	NT=ms-proteomics;VV=v1.1.0	NT=human;VV=v1.1.0	NT=cell-lines;VV=v1.1.0	NT=single-cell;VV=v1.0.0	NT=dia-acquisition;VV=v1.1.0	serum-starved
hFF_starved_sc_103	Homo sapiens	NT=prepuce of penis;AC=UBERON:0001332	NT=fibroblast;AC=CL:0000057	NT=normal;AC=PATO:0000461	hFF	not available	not available	not available	male	103	single cell	cellenONE	hFF_starved_sc_103	1	serum-starved	run 363	proteomic profiling by mass spectrometry	Data-independent acquisition	NT=Orbitrap Astral;AC=MS:1003378	SILAC	NT=Label:13C(6)15N(2);AC=UNIMOD:259;TA=K;MT=Variable	NT=Label:13C(6)15N(4);AC=UNIMOD:267;TA=R;MT=Variable	NT=Oxidation;AC=UNIMOD:35;TA=M;MT=Variable	NT=Acetyl;AC=UNIMOD:1;PP=Protein N-term;MT=Variable	NT=Trypsin;AC=MS:1001251	NT=Lys-C;AC=MS:1001309	NT=beam-type collision-induced dissociation;AC=MS:1000422	27 NCE	380	980	4	1	1	20240721_AST5_Evo3_IO5cmL_PS_SC_pSILAC_hFF_starved_103.raw	v1.1.0	NT=ms-proteomics;VV=v1.1.0	NT=human;VV=v1.1.0	NT=cell-lines;VV=v1.1.0	NT=single-cell;VV=v1.0.0	NT=dia-acquisition;VV=v1.1.0	serum-starved
hFF_starved_sc_104	Homo sapiens	NT=prepuce of penis;AC=UBERON:0001332	NT=fibroblast;AC=CL:0000057	NT=normal;AC=PATO:0000461	hFF	not available	not available	not available	male	104	single cell	cellenONE	hFF_starved_sc_104	1	serum-starved	run 364	proteomic profiling by mass spectrometry	Data-independent acquisition	NT=Orbitrap Astral;AC=MS:1003378	SILAC	NT=Label:13C(6)15N(2);AC=UNIMOD:259;TA=K;MT=Variable	NT=Label:13C(6)15N(4);AC=UNIMOD:267;TA=R;MT=Variable	NT=Oxidation;AC=UNIMOD:35;TA=M;MT=Variable	NT=Acetyl;AC=UNIMOD:1;PP=Protein N-term;MT=Variable	NT=Trypsin;AC=MS:1001251	NT=Lys-C;AC=MS:1001309	NT=beam-type collision-induced dissociation;AC=MS:1000422	27 NCE	380	980	4	1	1	20240721_AST5_Evo3_IO5cmL_PS_SC_pSILAC_hFF_starved_104.raw	v1.1.0	NT=ms-proteomics;VV=v1.1.0	NT=human;VV=v1.1.0	NT=cell-lines;VV=v1.1.0	NT=single-cell;VV=v1.0.0	NT=dia-acquisition;VV=v1.1.0	serum-starved
hFF_starved_sc_105	Homo sapiens	NT=prepuce of penis;AC=UBERON:0001332	NT=fibroblast;AC=CL:0000057	NT=normal;AC=PATO:0000461	hFF	not available	not available	not available	male	105	single cell	cellenONE	hFF_starved_sc_105	1	serum-starved	run 365	proteomic profiling by mass spectrometry	Data-independent acquisition	NT=Orbitrap Astral;AC=MS:1003378	SILAC	NT=Label:13C(6)15N(2);AC=UNIMOD:259;TA=K;MT=Variable	NT=Label:13C(6)15N(4);AC=UNIMOD:267;TA=R;MT=Variable	NT=Oxidation;AC=UNIMOD:35;TA=M;MT=Variable	NT=Acetyl;AC=UNIMOD:1;PP=Protein N-term;MT=Variable	NT=Trypsin;AC=MS:1001251	NT=Lys-C;AC=MS:1001309	NT=beam-type collision-induced dissociation;AC=MS:1000422	27 NCE	380	980	4	1	1	20240721_AST5_Evo3_IO5cmL_PS_SC_pSILAC_hFF_starved_105.raw	v1.1.0	NT=ms-proteomics;VV=v1.1.0	NT=human;VV=v1.1.0	NT=cell-lines;VV=v1.1.0	NT=single-cell;VV=v1.0.0	NT=dia-acquisition;VV=v1.1.0	serum-starved
hFF_starved_sc_106	Homo sapiens	NT=prepuce of penis;AC=UBERON:0001332	NT=fibroblast;AC=CL:0000057	NT=normal;AC=PATO:0000461	hFF	not available	not available	not available	male	106	single cell	cellenONE	hFF_starved_sc_106	1	serum-starved	run 366	proteomic profiling by mass spectrometry	Data-independent acquisition	NT=Orbitrap Astral;AC=MS:1003378	SILAC	NT=Label:13C(6)15N(2);AC=UNIMOD:259;TA=K;MT=Variable	NT=Label:13C(6)15N(4);AC=UNIMOD:267;TA=R;MT=Variable	NT=Oxidation;AC=UNIMOD:35;TA=M;MT=Variable	NT=Acetyl;AC=UNIMOD:1;PP=Protein N-term;MT=Variable	NT=Trypsin;AC=MS:1001251	NT=Lys-C;AC=MS:1001309	NT=beam-type collision-induced dissociation;AC=MS:1000422	27 NCE	380	980	4	1	1	20240721_AST5_Evo3_IO5cmL_PS_SC_pSILAC_hFF_starved_106.raw	v1.1.0	NT=ms-proteomics;VV=v1.1.0	NT=human;VV=v1.1.0	NT=cell-lines;VV=v1.1.0	NT=single-cell;VV=v1.0.0	NT=dia-acquisition;VV=v1.1.0	serum-starved
hFF_starved_sc_107	Homo sapiens	NT=prepuce of penis;AC=UBERON:0001332	NT=fibroblast;AC=CL:0000057	NT=normal;AC=PATO:0000461	hFF	not available	not available	not available	male	107	single cell	cellenONE	hFF_starved_sc_107	1	serum-starved	run 367	proteomic profiling by mass spectrometry	Data-independent acquisition	NT=Orbitrap Astral;AC=MS:1003378	SILAC	NT=Label:13C(6)15N(2);AC=UNIMOD:259;TA=K;MT=Variable	NT=Label:13C(6)15N(4);AC=UNIMOD:267;TA=R;MT=Variable	NT=Oxidation;AC=UNIMOD:35;TA=M;MT=Variable	NT=Acetyl;AC=UNIMOD:1;PP=Protein N-term;MT=Variable	NT=Trypsin;AC=MS:1001251	NT=Lys-C;AC=MS:1001309	NT=beam-type collision-induced dissociation;AC=MS:1000422	27 NCE	380	980	4	1	1	20240721_AST5_Evo3_IO5cmL_PS_SC_pSILAC_hFF_starved_107.raw	v1.1.0	NT=ms-proteomics;VV=v1.1.0	NT=human;VV=v1.1.0	NT=cell-lines;VV=v1.1.0	NT=single-cell;VV=v1.0.0	NT=dia-acquisition;VV=v1.1.0	serum-starved
hFF_starved_sc_108	Homo sapiens	NT=prepuce of penis;AC=UBERON:0001332	NT=fibroblast;AC=CL:0000057	NT=normal;AC=PATO:0000461	hFF	not available	not available	not available	male	108	single cell	cellenONE	hFF_starved_sc_108	1	serum-starved	run 368	proteomic profiling by mass spectrometry	Data-independent acquisition	NT=Orbitrap Astral;AC=MS:1003378	SILAC	NT=Label:13C(6)15N(2);AC=UNIMOD:259;TA=K;MT=Variable	NT=Label:13C(6)15N(4);AC=UNIMOD:267;TA=R;MT=Variable	NT=Oxidation;AC=UNIMOD:35;TA=M;MT=Variable	NT=Acetyl;AC=UNIMOD:1;PP=Protein N-term;MT=Variable	NT=Trypsin;AC=MS:1001251	NT=Lys-C;AC=MS:1001309	NT=beam-type collision-induced dissociation;AC=MS:1000422	27 NCE	380	980	4	1	1	20240721_AST5_Evo3_IO5cmL_PS_SC_pSILAC_hFF_starved_108.raw	v1.1.0	NT=ms-proteomics;VV=v1.1.0	NT=human;VV=v1.1.0	NT=cell-lines;VV=v1.1.0	NT=single-cell;VV=v1.0.0	NT=dia-acquisition;VV=v1.1.0	serum-starved
hFF_starved_sc_109	Homo sapiens	NT=prepuce of penis;AC=UBERON:0001332	NT=fibroblast;AC=CL:0000057	NT=normal;AC=PATO:0000461	hFF	not available	not available	not available	male	109	single cell	cellenONE	hFF_starved_sc_109	1	serum-starved	run 369	proteomic profiling by mass spectrometry	Data-independent acquisition	NT=Orbitrap Astral;AC=MS:1003378	SILAC	NT=Label:13C(6)15N(2);AC=UNIMOD:259;TA=K;MT=Variable	NT=Label:13C(6)15N(4);AC=UNIMOD:267;TA=R;MT=Variable	NT=Oxidation;AC=UNIMOD:35;TA=M;MT=Variable	NT=Acetyl;AC=UNIMOD:1;PP=Protein N-term;MT=Variable	NT=Trypsin;AC=MS:1001251	NT=Lys-C;AC=MS:1001309	NT=beam-type collision-induced dissociation;AC=MS:1000422	27 NCE	380	980	4	1	1	20240721_AST5_Evo3_IO5cmL_PS_SC_pSILAC_hFF_starved_109.raw	v1.1.0	NT=ms-proteomics;VV=v1.1.0	NT=human;VV=v1.1.0	NT=cell-lines;VV=v1.1.0	NT=single-cell;VV=v1.0.0	NT=dia-acquisition;VV=v1.1.0	serum-starved
hFF_starved_sc_110	Homo sapiens	NT=prepuce of penis;AC=UBERON:0001332	NT=fibroblast;AC=CL:0000057	NT=normal;AC=PATO:0000461	hFF	not available	not available	not available	male	110	single cell	cellenONE	hFF_starved_sc_110	1	serum-starved	run 370	proteomic profiling by mass spectrometry	Data-independent acquisition	NT=Orbitrap Astral;AC=MS:1003378	SILAC	NT=Label:13C(6)15N(2);AC=UNIMOD:259;TA=K;MT=Variable	NT=Label:13C(6)15N(4);AC=UNIMOD:267;TA=R;MT=Variable	NT=Oxidation;AC=UNIMOD:35;TA=M;MT=Variable	NT=Acetyl;AC=UNIMOD:1;PP=Protein N-term;MT=Variable	NT=Trypsin;AC=MS:1001251	NT=Lys-C;AC=MS:1001309	NT=beam-type collision-induced dissociation;AC=MS:1000422	27 NCE	380	980	4	1	1	20240721_AST5_Evo3_IO5cmL_PS_SC_pSILAC_hFF_starved_110.raw	v1.1.0	NT=ms-proteomics;VV=v1.1.0	NT=human;VV=v1.1.0	NT=cell-lines;VV=v1.1.0	NT=single-cell;VV=v1.0.0	NT=dia-acquisition;VV=v1.1.0	serum-starved
hFF_starved_sc_111	Homo sapiens	NT=prepuce of penis;AC=UBERON:0001332	NT=fibroblast;AC=CL:0000057	NT=normal;AC=PATO:0000461	hFF	not available	not available	not available	male	111	single cell	cellenONE	hFF_starved_sc_111	1	serum-starved	run 371	proteomic profiling by mass spectrometry	Data-independent acquisition	NT=Orbitrap Astral;AC=MS:1003378	SILAC	NT=Label:13C(6)15N(2);AC=UNIMOD:259;TA=K;MT=Variable	NT=Label:13C(6)15N(4);AC=UNIMOD:267;TA=R;MT=Variable	NT=Oxidation;AC=UNIMOD:35;TA=M;MT=Variable	NT=Acetyl;AC=UNIMOD:1;PP=Protein N-term;MT=Variable	NT=Trypsin;AC=MS:1001251	NT=Lys-C;AC=MS:1001309	NT=beam-type collision-induced dissociation;AC=MS:1000422	27 NCE	380	980	4	1	1	20240721_AST5_Evo3_IO5cmL_PS_SC_pSILAC_hFF_starved_111.raw	v1.1.0	NT=ms-proteomics;VV=v1.1.0	NT=human;VV=v1.1.0	NT=cell-lines;VV=v1.1.0	NT=single-cell;VV=v1.0.0	NT=dia-acquisition;VV=v1.1.0	serum-starved
hFF_starved_sc_112	Homo sapiens	NT=prepuce of penis;AC=UBERON:0001332	NT=fibroblast;AC=CL:0000057	NT=normal;AC=PATO:0000461	hFF	not available	not available	not available	male	112	single cell	cellenONE	hFF_starved_sc_112	1	serum-starved	run 372	proteomic profiling by mass spectrometry	Data-independent acquisition	NT=Orbitrap Astral;AC=MS:1003378	SILAC	NT=Label:13C(6)15N(2);AC=UNIMOD:259;TA=K;MT=Variable	NT=Label:13C(6)15N(4);AC=UNIMOD:267;TA=R;MT=Variable	NT=Oxidation;AC=UNIMOD:35;TA=M;MT=Variable	NT=Acetyl;AC=UNIMOD:1;PP=Protein N-term;MT=Variable	NT=Trypsin;AC=MS:1001251	NT=Lys-C;AC=MS:1001309	NT=beam-type collision-induced dissociation;AC=MS:1000422	27 NCE	380	980	4	1	1	20240721_AST5_Evo3_IO5cmL_PS_SC_pSILAC_hFF_starved_112.raw	v1.1.0	NT=ms-proteomics;VV=v1.1.0	NT=human;VV=v1.1.0	NT=cell-lines;VV=v1.1.0	NT=single-cell;VV=v1.0.0	NT=dia-acquisition;VV=v1.1.0	serum-starved
hFF_starved_sc_113	Homo sapiens	NT=prepuce of penis;AC=UBERON:0001332	NT=fibroblast;AC=CL:0000057	NT=normal;AC=PATO:0000461	hFF	not available	not available	not available	male	113	single cell	cellenONE	hFF_starved_sc_113	1	serum-starved	run 373	proteomic profiling by mass spectrometry	Data-independent acquisition	NT=Orbitrap Astral;AC=MS:1003378	SILAC	NT=Label:13C(6)15N(2);AC=UNIMOD:259;TA=K;MT=Variable	NT=Label:13C(6)15N(4);AC=UNIMOD:267;TA=R;MT=Variable	NT=Oxidation;AC=UNIMOD:35;TA=M;MT=Variable	NT=Acetyl;AC=UNIMOD:1;PP=Protein N-term;MT=Variable	NT=Trypsin;AC=MS:1001251	NT=Lys-C;AC=MS:1001309	NT=beam-type collision-induced dissociation;AC=MS:1000422	27 NCE	380	980	4	1	1	20240721_AST5_Evo3_IO5cmL_PS_SC_pSILAC_hFF_starved_113.raw	v1.1.0	NT=ms-proteomics;VV=v1.1.0	NT=human;VV=v1.1.0	NT=cell-lines;VV=v1.1.0	NT=single-cell;VV=v1.0.0	NT=dia-acquisition;VV=v1.1.0	serum-starved
hFF_starved_sc_114	Homo sapiens	NT=prepuce of penis;AC=UBERON:0001332	NT=fibroblast;AC=CL:0000057	NT=normal;AC=PATO:0000461	hFF	not available	not available	not available	male	114	single cell	cellenONE	hFF_starved_sc_114	1	serum-starved	run 374	proteomic profiling by mass spectrometry	Data-independent acquisition	NT=Orbitrap Astral;AC=MS:1003378	SILAC	NT=Label:13C(6)15N(2);AC=UNIMOD:259;TA=K;MT=Variable	NT=Label:13C(6)15N(4);AC=UNIMOD:267;TA=R;MT=Variable	NT=Oxidation;AC=UNIMOD:35;TA=M;MT=Variable	NT=Acetyl;AC=UNIMOD:1;PP=Protein N-term;MT=Variable	NT=Trypsin;AC=MS:1001251	NT=Lys-C;AC=MS:1001309	NT=beam-type collision-induced dissociation;AC=MS:1000422	27 NCE	380	980	4	1	1	20240721_AST5_Evo3_IO5cmL_PS_SC_pSILAC_hFF_starved_114.raw	v1.1.0	NT=ms-proteomics;VV=v1.1.0	NT=human;VV=v1.1.0	NT=cell-lines;VV=v1.1.0	NT=single-cell;VV=v1.0.0	NT=dia-acquisition;VV=v1.1.0	serum-starved
hFF_starved_sc_115	Homo sapiens	NT=prepuce of penis;AC=UBERON:0001332	NT=fibroblast;AC=CL:0000057	NT=normal;AC=PATO:0000461	hFF	not available	not available	not available	male	115	single cell	cellenONE	hFF_starved_sc_115	1	serum-starved	run 375	proteomic profiling by mass spectrometry	Data-independent acquisition	NT=Orbitrap Astral;AC=MS:1003378	SILAC	NT=Label:13C(6)15N(2);AC=UNIMOD:259;TA=K;MT=Variable	NT=Label:13C(6)15N(4);AC=UNIMOD:267;TA=R;MT=Variable	NT=Oxidation;AC=UNIMOD:35;TA=M;MT=Variable	NT=Acetyl;AC=UNIMOD:1;PP=Protein N-term;MT=Variable	NT=Trypsin;AC=MS:1001251	NT=Lys-C;AC=MS:1001309	NT=beam-type collision-induced dissociation;AC=MS:1000422	27 NCE	380	980	4	1	1	20240721_AST5_Evo3_IO5cmL_PS_SC_pSILAC_hFF_starved_115.raw	v1.1.0	NT=ms-proteomics;VV=v1.1.0	NT=human;VV=v1.1.0	NT=cell-lines;VV=v1.1.0	NT=single-cell;VV=v1.0.0	NT=dia-acquisition;VV=v1.1.0	serum-starved
hFF_starved_sc_116	Homo sapiens	NT=prepuce of penis;AC=UBERON:0001332	NT=fibroblast;AC=CL:0000057	NT=normal;AC=PATO:0000461	hFF	not available	not available	not available	male	116	single cell	cellenONE	hFF_starved_sc_116	1	serum-starved	run 376	proteomic profiling by mass spectrometry	Data-independent acquisition	NT=Orbitrap Astral;AC=MS:1003378	SILAC	NT=Label:13C(6)15N(2);AC=UNIMOD:259;TA=K;MT=Variable	NT=Label:13C(6)15N(4);AC=UNIMOD:267;TA=R;MT=Variable	NT=Oxidation;AC=UNIMOD:35;TA=M;MT=Variable	NT=Acetyl;AC=UNIMOD:1;PP=Protein N-term;MT=Variable	NT=Trypsin;AC=MS:1001251	NT=Lys-C;AC=MS:1001309	NT=beam-type collision-induced dissociation;AC=MS:1000422	27 NCE	380	980	4	1	1	20240721_AST5_Evo3_IO5cmL_PS_SC_pSILAC_hFF_starved_116.raw	v1.1.0	NT=ms-proteomics;VV=v1.1.0	NT=human;VV=v1.1.0	NT=cell-lines;VV=v1.1.0	NT=single-cell;VV=v1.0.0	NT=dia-acquisition;VV=v1.1.0	serum-starved
hFF_starved_sc_117	Homo sapiens	NT=prepuce of penis;AC=UBERON:0001332	NT=fibroblast;AC=CL:0000057	NT=normal;AC=PATO:0000461	hFF	not available	not available	not available	male	117	single cell	cellenONE	hFF_starved_sc_117	1	serum-starved	run 377	proteomic profiling by mass spectrometry	Data-independent acquisition	NT=Orbitrap Astral;AC=MS:1003378	SILAC	NT=Label:13C(6)15N(2);AC=UNIMOD:259;TA=K;MT=Variable	NT=Label:13C(6)15N(4);AC=UNIMOD:267;TA=R;MT=Variable	NT=Oxidation;AC=UNIMOD:35;TA=M;MT=Variable	NT=Acetyl;AC=UNIMOD:1;PP=Protein N-term;MT=Variable	NT=Trypsin;AC=MS:1001251	NT=Lys-C;AC=MS:1001309	NT=beam-type collision-induced dissociation;AC=MS:1000422	27 NCE	380	980	4	1	1	20240721_AST5_Evo3_IO5cmL_PS_SC_pSILAC_hFF_starved_117.raw	v1.1.0	NT=ms-proteomics;VV=v1.1.0	NT=human;VV=v1.1.0	NT=cell-lines;VV=v1.1.0	NT=single-cell;VV=v1.0.0	NT=dia-acquisition;VV=v1.1.0	serum-starved
hFF_starved_sc_118	Homo sapiens	NT=prepuce of penis;AC=UBERON:0001332	NT=fibroblast;AC=CL:0000057	NT=normal;AC=PATO:0000461	hFF	not available	not available	not available	male	118	single cell	cellenONE	hFF_starved_sc_118	1	serum-starved	run 378	proteomic profiling by mass spectrometry	Data-independent acquisition	NT=Orbitrap Astral;AC=MS:1003378	SILAC	NT=Label:13C(6)15N(2);AC=UNIMOD:259;TA=K;MT=Variable	NT=Label:13C(6)15N(4);AC=UNIMOD:267;TA=R;MT=Variable	NT=Oxidation;AC=UNIMOD:35;TA=M;MT=Variable	NT=Acetyl;AC=UNIMOD:1;PP=Protein N-term;MT=Variable	NT=Trypsin;AC=MS:1001251	NT=Lys-C;AC=MS:1001309	NT=beam-type collision-induced dissociation;AC=MS:1000422	27 NCE	380	980	4	1	1	20240721_AST5_Evo3_IO5cmL_PS_SC_pSILAC_hFF_starved_118.raw	v1.1.0	NT=ms-proteomics;VV=v1.1.0	NT=human;VV=v1.1.0	NT=cell-lines;VV=v1.1.0	NT=single-cell;VV=v1.0.0	NT=dia-acquisition;VV=v1.1.0	serum-starved
hFF_starved_sc_119	Homo sapiens	NT=prepuce of penis;AC=UBERON:0001332	NT=fibroblast;AC=CL:0000057	NT=normal;AC=PATO:0000461	hFF	not available	not available	not available	male	119	single cell	cellenONE	hFF_starved_sc_119	1	serum-starved	run 379	proteomic profiling by mass spectrometry	Data-independent acquisition	NT=Orbitrap Astral;AC=MS:1003378	SILAC	NT=Label:13C(6)15N(2);AC=UNIMOD:259;TA=K;MT=Variable	NT=Label:13C(6)15N(4);AC=UNIMOD:267;TA=R;MT=Variable	NT=Oxidation;AC=UNIMOD:35;TA=M;MT=Variable	NT=Acetyl;AC=UNIMOD:1;PP=Protein N-term;MT=Variable	NT=Trypsin;AC=MS:1001251	NT=Lys-C;AC=MS:1001309	NT=beam-type collision-induced dissociation;AC=MS:1000422	27 NCE	380	980	4	1	1	20240721_AST5_Evo3_IO5cmL_PS_SC_pSILAC_hFF_starved_119.raw	v1.1.0	NT=ms-proteomics;VV=v1.1.0	NT=human;VV=v1.1.0	NT=cell-lines;VV=v1.1.0	NT=single-cell;VV=v1.0.0	NT=dia-acquisition;VV=v1.1.0	serum-starved
hFF_starved_sc_120	Homo sapiens	NT=prepuce of penis;AC=UBERON:0001332	NT=fibroblast;AC=CL:0000057	NT=normal;AC=PATO:0000461	hFF	not available	not available	not available	male	120	single cell	cellenONE	hFF_starved_sc_120	1	serum-starved	run 380	proteomic profiling by mass spectrometry	Data-independent acquisition	NT=Orbitrap Astral;AC=MS:1003378	SILAC	NT=Label:13C(6)15N(2);AC=UNIMOD:259;TA=K;MT=Variable	NT=Label:13C(6)15N(4);AC=UNIMOD:267;TA=R;MT=Variable	NT=Oxidation;AC=UNIMOD:35;TA=M;MT=Variable	NT=Acetyl;AC=UNIMOD:1;PP=Protein N-term;MT=Variable	NT=Trypsin;AC=MS:1001251	NT=Lys-C;AC=MS:1001309	NT=beam-type collision-induced dissociation;AC=MS:1000422	27 NCE	380	980	4	1	1	20240721_AST5_Evo3_IO5cmL_PS_SC_pSILAC_hFF_starved_120.raw	v1.1.0	NT=ms-proteomics;VV=v1.1.0	NT=human;VV=v1.1.0	NT=cell-lines;VV=v1.1.0	NT=single-cell;VV=v1.0.0	NT=dia-acquisition;VV=v1.1.0	serum-starved
hFF_starved_10c_1	Homo sapiens	NT=prepuce of penis;AC=UBERON:0001332	NT=fibroblast;AC=CL:0000057	NT=normal;AC=PATO:0000461	hFF	not available	not available	not available	male	1	pooled	cellenONE	not applicable	10	serum-starved	run 381	proteomic profiling by mass spectrometry	Data-independent acquisition	NT=Orbitrap Astral;AC=MS:1003378	SILAC	NT=Label:13C(6)15N(2);AC=UNIMOD:259;TA=K;MT=Variable	NT=Label:13C(6)15N(4);AC=UNIMOD:267;TA=R;MT=Variable	NT=Oxidation;AC=UNIMOD:35;TA=M;MT=Variable	NT=Acetyl;AC=UNIMOD:1;PP=Protein N-term;MT=Variable	NT=Trypsin;AC=MS:1001251	NT=Lys-C;AC=MS:1001309	NT=beam-type collision-induced dissociation;AC=MS:1000422	27 NCE	380	980	4	1	1	20240719_AST5_Evo3_IO5cmL_PS_SC_pSILAC_hFF_starved_10c_01.raw	v1.1.0	NT=ms-proteomics;VV=v1.1.0	NT=human;VV=v1.1.0	NT=cell-lines;VV=v1.1.0	NT=single-cell;VV=v1.0.0	NT=dia-acquisition;VV=v1.1.0	serum-starved
hFF_starved_10c_2	Homo sapiens	NT=prepuce of penis;AC=UBERON:0001332	NT=fibroblast;AC=CL:0000057	NT=normal;AC=PATO:0000461	hFF	not available	not available	not available	male	2	pooled	cellenONE	not applicable	10	serum-starved	run 382	proteomic profiling by mass spectrometry	Data-independent acquisition	NT=Orbitrap Astral;AC=MS:1003378	SILAC	NT=Label:13C(6)15N(2);AC=UNIMOD:259;TA=K;MT=Variable	NT=Label:13C(6)15N(4);AC=UNIMOD:267;TA=R;MT=Variable	NT=Oxidation;AC=UNIMOD:35;TA=M;MT=Variable	NT=Acetyl;AC=UNIMOD:1;PP=Protein N-term;MT=Variable	NT=Trypsin;AC=MS:1001251	NT=Lys-C;AC=MS:1001309	NT=beam-type collision-induced dissociation;AC=MS:1000422	27 NCE	380	980	4	1	1	20240719_AST5_Evo3_IO5cmL_PS_SC_pSILAC_hFF_starved_10c_02.raw	v1.1.0	NT=ms-proteomics;VV=v1.1.0	NT=human;VV=v1.1.0	NT=cell-lines;VV=v1.1.0	NT=single-cell;VV=v1.0.0	NT=dia-acquisition;VV=v1.1.0	serum-starved
hFF_starved_10c_3	Homo sapiens	NT=prepuce of penis;AC=UBERON:0001332	NT=fibroblast;AC=CL:0000057	NT=normal;AC=PATO:0000461	hFF	not available	not available	not available	male	3	pooled	cellenONE	not applicable	10	serum-starved	run 383	proteomic profiling by mass spectrometry	Data-independent acquisition	NT=Orbitrap Astral;AC=MS:1003378	SILAC	NT=Label:13C(6)15N(2);AC=UNIMOD:259;TA=K;MT=Variable	NT=Label:13C(6)15N(4);AC=UNIMOD:267;TA=R;MT=Variable	NT=Oxidation;AC=UNIMOD:35;TA=M;MT=Variable	NT=Acetyl;AC=UNIMOD:1;PP=Protein N-term;MT=Variable	NT=Trypsin;AC=MS:1001251	NT=Lys-C;AC=MS:1001309	NT=beam-type collision-induced dissociation;AC=MS:1000422	27 NCE	380	980	4	1	1	20240719_AST5_Evo3_IO5cmL_PS_SC_pSILAC_hFF_starved_10c_03.raw	v1.1.0	NT=ms-proteomics;VV=v1.1.0	NT=human;VV=v1.1.0	NT=cell-lines;VV=v1.1.0	NT=single-cell;VV=v1.0.0	NT=dia-acquisition;VV=v1.1.0	serum-starved
hFF_starved_10c_4	Homo sapiens	NT=prepuce of penis;AC=UBERON:0001332	NT=fibroblast;AC=CL:0000057	NT=normal;AC=PATO:0000461	hFF	not available	not available	not available	male	4	pooled	cellenONE	not applicable	10	serum-starved	run 384	proteomic profiling by mass spectrometry	Data-independent acquisition	NT=Orbitrap Astral;AC=MS:1003378	SILAC	NT=Label:13C(6)15N(2);AC=UNIMOD:259;TA=K;MT=Variable	NT=Label:13C(6)15N(4);AC=UNIMOD:267;TA=R;MT=Variable	NT=Oxidation;AC=UNIMOD:35;TA=M;MT=Variable	NT=Acetyl;AC=UNIMOD:1;PP=Protein N-term;MT=Variable	NT=Trypsin;AC=MS:1001251	NT=Lys-C;AC=MS:1001309	NT=beam-type collision-induced dissociation;AC=MS:1000422	27 NCE	380	980	4	1	1	20240719_AST5_Evo3_IO5cmL_PS_SC_pSILAC_hFF_starved_10c_04.raw	v1.1.0	NT=ms-proteomics;VV=v1.1.0	NT=human;VV=v1.1.0	NT=cell-lines;VV=v1.1.0	NT=single-cell;VV=v1.0.0	NT=dia-acquisition;VV=v1.1.0	serum-starved
