source name	characteristics[organism]	characteristics[organism part]	characteristics[cell type]	characteristics[disease]	characteristics[cell line]	characteristics[cellosaurus accession]	characteristics[cellosaurus name]	characteristics[age]	characteristics[sex]	characteristics[ancestry category]	characteristics[culture medium]	characteristics[material type]	characteristics[sample type]	characteristics[pooled sample]	characteristics[treatment]	characteristics[compound]	characteristics[dose]	characteristics[exposure duration]	characteristics[single cell isolation protocol]	characteristics[cell identifier]	characteristics[cells per well]	characteristics[biological replicate]	assay name	technology type	comment[instrument]	comment[label]	comment[modification parameters]	comment[modification parameters]	comment[modification parameters]	comment[modification parameters]	comment[modification parameters]	comment[modification parameters]	comment[modification parameters]	comment[modification parameters]	comment[cleavage agent details]	comment[proteomics data acquisition method]	comment[dissociation method]	comment[precursor mass tolerance]	comment[fragment mass tolerance]	comment[carrier channel]	comment[reference channel]	comment[fraction identifier]	comment[technical replicate]	comment[data file]	comment[sdrf version]	comment[sdrf template]	comment[sdrf template]	comment[sdrf template]	comment[sdrf template]	comment[sdrf template]	comment[sdrf annotation tool]	factor value[cell line]	factor value[treatment]
EGI_A17_Slot2-22	NT=Homo sapiens;AC=NCBITaxon:9606	NT=bile duct;AC=UBERON:0002394	NT=epithelial cell;AC=CL:0000066	NT=cholangiocarcinoma;AC=MONDO:0019087	NT=EGI-1 cell;AC=CLO:0002895	CVCL_1193	EGI-1	52Y	male	NT=European ancestry;AC=HANCESTRO:0005	NT=Roswell Park Memorial Institute 1640 Medium;AC=NCIT:C178973	cell	NT=single cell;AC=PRIDE:0000897	not pooled	untreated	not applicable	not applicable	not applicable	cellenONE	A17_Slot2-22	1	1	run 1	proteomic profiling by mass spectrometry	NT=timsTOF SCP;AC=MS:1003231	NT=label free sample;AC=MS:1002038	NT=Oxidation;AC=UNIMOD:35;TA=M;MT=Variable	NT=Acetyl;AC=UNIMOD:1;PP=Protein N-term;MT=Variable	NT=Acetyl;AC=UNIMOD:1;TA=K;MT=Variable	NT=Phospho;AC=UNIMOD:21;TA=S,T,Y;MT=Variable	NT=Methyl;AC=UNIMOD:34;TA=K;MT=Variable	NT=Dimethyl;AC=UNIMOD:36;TA=K;MT=Variable	NT=Trimethyl;AC=UNIMOD:37;TA=K;MT=Variable	NT=Formyl;AC=UNIMOD:122;TA=K;MT=Variable	NT=Trypsin;AC=MS:1001251	NT=Data-independent acquisition;AC=PRIDE:0000450	NT=beam-type collision-induced dissociation;AC=MS:1000422	not available	not available	not applicable	not applicable	1	1	EGI_A17_DIA_IO_L15_Slot2-22_1_1051.d	v1.1.0	NT=ms-proteomics;VV=v1.1.0	NT=human;VV=v1.1.0	NT=cell-lines;VV=v1.1.0	NT=single-cell;VV=v1.0.0	NT=clinical-metadata;VV=v1.0.0	manual curation	NT=EGI-1 cell;AC=CLO:0002895	untreated
EGI_A18_Slot2-23	NT=Homo sapiens;AC=NCBITaxon:9606	NT=bile duct;AC=UBERON:0002394	NT=epithelial cell;AC=CL:0000066	NT=cholangiocarcinoma;AC=MONDO:0019087	NT=EGI-1 cell;AC=CLO:0002895	CVCL_1193	EGI-1	52Y	male	NT=European ancestry;AC=HANCESTRO:0005	NT=Roswell Park Memorial Institute 1640 Medium;AC=NCIT:C178973	cell	NT=single cell;AC=PRIDE:0000897	not pooled	untreated	not applicable	not applicable	not applicable	cellenONE	A18_Slot2-23	1	2	run 2	proteomic profiling by mass spectrometry	NT=timsTOF SCP;AC=MS:1003231	NT=label free sample;AC=MS:1002038	NT=Oxidation;AC=UNIMOD:35;TA=M;MT=Variable	NT=Acetyl;AC=UNIMOD:1;PP=Protein N-term;MT=Variable	NT=Acetyl;AC=UNIMOD:1;TA=K;MT=Variable	NT=Phospho;AC=UNIMOD:21;TA=S,T,Y;MT=Variable	NT=Methyl;AC=UNIMOD:34;TA=K;MT=Variable	NT=Dimethyl;AC=UNIMOD:36;TA=K;MT=Variable	NT=Trimethyl;AC=UNIMOD:37;TA=K;MT=Variable	NT=Formyl;AC=UNIMOD:122;TA=K;MT=Variable	NT=Trypsin;AC=MS:1001251	NT=Data-independent acquisition;AC=PRIDE:0000450	NT=beam-type collision-induced dissociation;AC=MS:1000422	not available	not available	not applicable	not applicable	1	1	EGI_A18_DIA_IO_L15_Slot2-23_1_1052.d	v1.1.0	NT=ms-proteomics;VV=v1.1.0	NT=human;VV=v1.1.0	NT=cell-lines;VV=v1.1.0	NT=single-cell;VV=v1.0.0	NT=clinical-metadata;VV=v1.0.0	manual curation	NT=EGI-1 cell;AC=CLO:0002895	untreated
EGI_A23_Slot2-28	NT=Homo sapiens;AC=NCBITaxon:9606	NT=bile duct;AC=UBERON:0002394	NT=epithelial cell;AC=CL:0000066	NT=cholangiocarcinoma;AC=MONDO:0019087	NT=EGI-1 cell;AC=CLO:0002895	CVCL_1193	EGI-1	52Y	male	NT=European ancestry;AC=HANCESTRO:0005	NT=Roswell Park Memorial Institute 1640 Medium;AC=NCIT:C178973	cell	NT=single cell;AC=PRIDE:0000897	not pooled	untreated	not applicable	not applicable	not applicable	cellenONE	A23_Slot2-28	1	3	run 3	proteomic profiling by mass spectrometry	NT=timsTOF SCP;AC=MS:1003231	NT=label free sample;AC=MS:1002038	NT=Oxidation;AC=UNIMOD:35;TA=M;MT=Variable	NT=Acetyl;AC=UNIMOD:1;PP=Protein N-term;MT=Variable	NT=Acetyl;AC=UNIMOD:1;TA=K;MT=Variable	NT=Phospho;AC=UNIMOD:21;TA=S,T,Y;MT=Variable	NT=Methyl;AC=UNIMOD:34;TA=K;MT=Variable	NT=Dimethyl;AC=UNIMOD:36;TA=K;MT=Variable	NT=Trimethyl;AC=UNIMOD:37;TA=K;MT=Variable	NT=Formyl;AC=UNIMOD:122;TA=K;MT=Variable	NT=Trypsin;AC=MS:1001251	NT=Data-independent acquisition;AC=PRIDE:0000450	NT=beam-type collision-induced dissociation;AC=MS:1000422	not available	not available	not applicable	not applicable	1	1	EGI_A23_DIA_IO_L15_Slot2-28_1_1057.d	v1.1.0	NT=ms-proteomics;VV=v1.1.0	NT=human;VV=v1.1.0	NT=cell-lines;VV=v1.1.0	NT=single-cell;VV=v1.0.0	NT=clinical-metadata;VV=v1.0.0	manual curation	NT=EGI-1 cell;AC=CLO:0002895	untreated
EGI_B15_Slot2-32	NT=Homo sapiens;AC=NCBITaxon:9606	NT=bile duct;AC=UBERON:0002394	NT=epithelial cell;AC=CL:0000066	NT=cholangiocarcinoma;AC=MONDO:0019087	NT=EGI-1 cell;AC=CLO:0002895	CVCL_1193	EGI-1	52Y	male	NT=European ancestry;AC=HANCESTRO:0005	NT=Roswell Park Memorial Institute 1640 Medium;AC=NCIT:C178973	cell	NT=single cell;AC=PRIDE:0000897	not pooled	untreated	not applicable	not applicable	not applicable	cellenONE	B15_Slot2-32	1	4	run 4	proteomic profiling by mass spectrometry	NT=timsTOF SCP;AC=MS:1003231	NT=label free sample;AC=MS:1002038	NT=Oxidation;AC=UNIMOD:35;TA=M;MT=Variable	NT=Acetyl;AC=UNIMOD:1;PP=Protein N-term;MT=Variable	NT=Acetyl;AC=UNIMOD:1;TA=K;MT=Variable	NT=Phospho;AC=UNIMOD:21;TA=S,T,Y;MT=Variable	NT=Methyl;AC=UNIMOD:34;TA=K;MT=Variable	NT=Dimethyl;AC=UNIMOD:36;TA=K;MT=Variable	NT=Trimethyl;AC=UNIMOD:37;TA=K;MT=Variable	NT=Formyl;AC=UNIMOD:122;TA=K;MT=Variable	NT=Trypsin;AC=MS:1001251	NT=Data-independent acquisition;AC=PRIDE:0000450	NT=beam-type collision-induced dissociation;AC=MS:1000422	not available	not available	not applicable	not applicable	1	1	EGI_B15_DIA_IO_L15_Slot2-32_1_1062.d	v1.1.0	NT=ms-proteomics;VV=v1.1.0	NT=human;VV=v1.1.0	NT=cell-lines;VV=v1.1.0	NT=single-cell;VV=v1.0.0	NT=clinical-metadata;VV=v1.0.0	manual curation	NT=EGI-1 cell;AC=CLO:0002895	untreated
EGI_B18_Slot2-35	NT=Homo sapiens;AC=NCBITaxon:9606	NT=bile duct;AC=UBERON:0002394	NT=epithelial cell;AC=CL:0000066	NT=cholangiocarcinoma;AC=MONDO:0019087	NT=EGI-1 cell;AC=CLO:0002895	CVCL_1193	EGI-1	52Y	male	NT=European ancestry;AC=HANCESTRO:0005	NT=Roswell Park Memorial Institute 1640 Medium;AC=NCIT:C178973	cell	NT=single cell;AC=PRIDE:0000897	not pooled	untreated	not applicable	not applicable	not applicable	cellenONE	B18_Slot2-35	1	5	run 5	proteomic profiling by mass spectrometry	NT=timsTOF SCP;AC=MS:1003231	NT=label free sample;AC=MS:1002038	NT=Oxidation;AC=UNIMOD:35;TA=M;MT=Variable	NT=Acetyl;AC=UNIMOD:1;PP=Protein N-term;MT=Variable	NT=Acetyl;AC=UNIMOD:1;TA=K;MT=Variable	NT=Phospho;AC=UNIMOD:21;TA=S,T,Y;MT=Variable	NT=Methyl;AC=UNIMOD:34;TA=K;MT=Variable	NT=Dimethyl;AC=UNIMOD:36;TA=K;MT=Variable	NT=Trimethyl;AC=UNIMOD:37;TA=K;MT=Variable	NT=Formyl;AC=UNIMOD:122;TA=K;MT=Variable	NT=Trypsin;AC=MS:1001251	NT=Data-independent acquisition;AC=PRIDE:0000450	NT=beam-type collision-induced dissociation;AC=MS:1000422	not available	not available	not applicable	not applicable	1	1	EGI_B18_DIA_IO_L15_Slot2-35_1_1065.d	v1.1.0	NT=ms-proteomics;VV=v1.1.0	NT=human;VV=v1.1.0	NT=cell-lines;VV=v1.1.0	NT=single-cell;VV=v1.0.0	NT=clinical-metadata;VV=v1.0.0	manual curation	NT=EGI-1 cell;AC=CLO:0002895	untreated
EGI_B19_Slot2-36	NT=Homo sapiens;AC=NCBITaxon:9606	NT=bile duct;AC=UBERON:0002394	NT=epithelial cell;AC=CL:0000066	NT=cholangiocarcinoma;AC=MONDO:0019087	NT=EGI-1 cell;AC=CLO:0002895	CVCL_1193	EGI-1	52Y	male	NT=European ancestry;AC=HANCESTRO:0005	NT=Roswell Park Memorial Institute 1640 Medium;AC=NCIT:C178973	cell	NT=single cell;AC=PRIDE:0000897	not pooled	untreated	not applicable	not applicable	not applicable	cellenONE	B19_Slot2-36	1	6	run 6	proteomic profiling by mass spectrometry	NT=timsTOF SCP;AC=MS:1003231	NT=label free sample;AC=MS:1002038	NT=Oxidation;AC=UNIMOD:35;TA=M;MT=Variable	NT=Acetyl;AC=UNIMOD:1;PP=Protein N-term;MT=Variable	NT=Acetyl;AC=UNIMOD:1;TA=K;MT=Variable	NT=Phospho;AC=UNIMOD:21;TA=S,T,Y;MT=Variable	NT=Methyl;AC=UNIMOD:34;TA=K;MT=Variable	NT=Dimethyl;AC=UNIMOD:36;TA=K;MT=Variable	NT=Trimethyl;AC=UNIMOD:37;TA=K;MT=Variable	NT=Formyl;AC=UNIMOD:122;TA=K;MT=Variable	NT=Trypsin;AC=MS:1001251	NT=Data-independent acquisition;AC=PRIDE:0000450	NT=beam-type collision-induced dissociation;AC=MS:1000422	not available	not available	not applicable	not applicable	1	1	EGI_B19_DIA_IO_L15_Slot2-36_1_1066.d	v1.1.0	NT=ms-proteomics;VV=v1.1.0	NT=human;VV=v1.1.0	NT=cell-lines;VV=v1.1.0	NT=single-cell;VV=v1.0.0	NT=clinical-metadata;VV=v1.0.0	manual curation	NT=EGI-1 cell;AC=CLO:0002895	untreated
EGI_B21_Slot2-38	NT=Homo sapiens;AC=NCBITaxon:9606	NT=bile duct;AC=UBERON:0002394	NT=epithelial cell;AC=CL:0000066	NT=cholangiocarcinoma;AC=MONDO:0019087	NT=EGI-1 cell;AC=CLO:0002895	CVCL_1193	EGI-1	52Y	male	NT=European ancestry;AC=HANCESTRO:0005	NT=Roswell Park Memorial Institute 1640 Medium;AC=NCIT:C178973	cell	NT=single cell;AC=PRIDE:0000897	not pooled	untreated	not applicable	not applicable	not applicable	cellenONE	B21_Slot2-38	1	7	run 7	proteomic profiling by mass spectrometry	NT=timsTOF SCP;AC=MS:1003231	NT=label free sample;AC=MS:1002038	NT=Oxidation;AC=UNIMOD:35;TA=M;MT=Variable	NT=Acetyl;AC=UNIMOD:1;PP=Protein N-term;MT=Variable	NT=Acetyl;AC=UNIMOD:1;TA=K;MT=Variable	NT=Phospho;AC=UNIMOD:21;TA=S,T,Y;MT=Variable	NT=Methyl;AC=UNIMOD:34;TA=K;MT=Variable	NT=Dimethyl;AC=UNIMOD:36;TA=K;MT=Variable	NT=Trimethyl;AC=UNIMOD:37;TA=K;MT=Variable	NT=Formyl;AC=UNIMOD:122;TA=K;MT=Variable	NT=Trypsin;AC=MS:1001251	NT=Data-independent acquisition;AC=PRIDE:0000450	NT=beam-type collision-induced dissociation;AC=MS:1000422	not available	not available	not applicable	not applicable	1	1	EGI_B21_DIA_IO_L15_Slot2-38_1_1068.d	v1.1.0	NT=ms-proteomics;VV=v1.1.0	NT=human;VV=v1.1.0	NT=cell-lines;VV=v1.1.0	NT=single-cell;VV=v1.0.0	NT=clinical-metadata;VV=v1.0.0	manual curation	NT=EGI-1 cell;AC=CLO:0002895	untreated
EGI_B23_Slot2-40	NT=Homo sapiens;AC=NCBITaxon:9606	NT=bile duct;AC=UBERON:0002394	NT=epithelial cell;AC=CL:0000066	NT=cholangiocarcinoma;AC=MONDO:0019087	NT=EGI-1 cell;AC=CLO:0002895	CVCL_1193	EGI-1	52Y	male	NT=European ancestry;AC=HANCESTRO:0005	NT=Roswell Park Memorial Institute 1640 Medium;AC=NCIT:C178973	cell	NT=single cell;AC=PRIDE:0000897	not pooled	untreated	not applicable	not applicable	not applicable	cellenONE	B23_Slot2-40	1	8	run 8	proteomic profiling by mass spectrometry	NT=timsTOF SCP;AC=MS:1003231	NT=label free sample;AC=MS:1002038	NT=Oxidation;AC=UNIMOD:35;TA=M;MT=Variable	NT=Acetyl;AC=UNIMOD:1;PP=Protein N-term;MT=Variable	NT=Acetyl;AC=UNIMOD:1;TA=K;MT=Variable	NT=Phospho;AC=UNIMOD:21;TA=S,T,Y;MT=Variable	NT=Methyl;AC=UNIMOD:34;TA=K;MT=Variable	NT=Dimethyl;AC=UNIMOD:36;TA=K;MT=Variable	NT=Trimethyl;AC=UNIMOD:37;TA=K;MT=Variable	NT=Formyl;AC=UNIMOD:122;TA=K;MT=Variable	NT=Trypsin;AC=MS:1001251	NT=Data-independent acquisition;AC=PRIDE:0000450	NT=beam-type collision-induced dissociation;AC=MS:1000422	not available	not available	not applicable	not applicable	1	1	EGI_B23_DIA_IO_L15_Slot2-40_1_1070.d	v1.1.0	NT=ms-proteomics;VV=v1.1.0	NT=human;VV=v1.1.0	NT=cell-lines;VV=v1.1.0	NT=single-cell;VV=v1.0.0	NT=clinical-metadata;VV=v1.0.0	manual curation	NT=EGI-1 cell;AC=CLO:0002895	untreated
EGI_C13_Slot2-41	NT=Homo sapiens;AC=NCBITaxon:9606	NT=bile duct;AC=UBERON:0002394	NT=epithelial cell;AC=CL:0000066	NT=cholangiocarcinoma;AC=MONDO:0019087	NT=EGI-1 cell;AC=CLO:0002895	CVCL_1193	EGI-1	52Y	male	NT=European ancestry;AC=HANCESTRO:0005	NT=Roswell Park Memorial Institute 1640 Medium;AC=NCIT:C178973	cell	NT=single cell;AC=PRIDE:0000897	not pooled	untreated	not applicable	not applicable	not applicable	cellenONE	C13_Slot2-41	1	9	run 9	proteomic profiling by mass spectrometry	NT=timsTOF SCP;AC=MS:1003231	NT=label free sample;AC=MS:1002038	NT=Oxidation;AC=UNIMOD:35;TA=M;MT=Variable	NT=Acetyl;AC=UNIMOD:1;PP=Protein N-term;MT=Variable	NT=Acetyl;AC=UNIMOD:1;TA=K;MT=Variable	NT=Phospho;AC=UNIMOD:21;TA=S,T,Y;MT=Variable	NT=Methyl;AC=UNIMOD:34;TA=K;MT=Variable	NT=Dimethyl;AC=UNIMOD:36;TA=K;MT=Variable	NT=Trimethyl;AC=UNIMOD:37;TA=K;MT=Variable	NT=Formyl;AC=UNIMOD:122;TA=K;MT=Variable	NT=Trypsin;AC=MS:1001251	NT=Data-independent acquisition;AC=PRIDE:0000450	NT=beam-type collision-induced dissociation;AC=MS:1000422	not available	not available	not applicable	not applicable	1	1	EGI_C13_DIA_IO_L15_Slot2-41_1_1071.d	v1.1.0	NT=ms-proteomics;VV=v1.1.0	NT=human;VV=v1.1.0	NT=cell-lines;VV=v1.1.0	NT=single-cell;VV=v1.0.0	NT=clinical-metadata;VV=v1.0.0	manual curation	NT=EGI-1 cell;AC=CLO:0002895	untreated
EGI_C17_Slot2-45	NT=Homo sapiens;AC=NCBITaxon:9606	NT=bile duct;AC=UBERON:0002394	NT=epithelial cell;AC=CL:0000066	NT=cholangiocarcinoma;AC=MONDO:0019087	NT=EGI-1 cell;AC=CLO:0002895	CVCL_1193	EGI-1	52Y	male	NT=European ancestry;AC=HANCESTRO:0005	NT=Roswell Park Memorial Institute 1640 Medium;AC=NCIT:C178973	cell	NT=single cell;AC=PRIDE:0000897	not pooled	untreated	not applicable	not applicable	not applicable	cellenONE	C17_Slot2-45	1	10	run 10	proteomic profiling by mass spectrometry	NT=timsTOF SCP;AC=MS:1003231	NT=label free sample;AC=MS:1002038	NT=Oxidation;AC=UNIMOD:35;TA=M;MT=Variable	NT=Acetyl;AC=UNIMOD:1;PP=Protein N-term;MT=Variable	NT=Acetyl;AC=UNIMOD:1;TA=K;MT=Variable	NT=Phospho;AC=UNIMOD:21;TA=S,T,Y;MT=Variable	NT=Methyl;AC=UNIMOD:34;TA=K;MT=Variable	NT=Dimethyl;AC=UNIMOD:36;TA=K;MT=Variable	NT=Trimethyl;AC=UNIMOD:37;TA=K;MT=Variable	NT=Formyl;AC=UNIMOD:122;TA=K;MT=Variable	NT=Trypsin;AC=MS:1001251	NT=Data-independent acquisition;AC=PRIDE:0000450	NT=beam-type collision-induced dissociation;AC=MS:1000422	not available	not available	not applicable	not applicable	1	1	EGI_C17_DIA_IO_L15_Slot2-45_1_1076.d	v1.1.0	NT=ms-proteomics;VV=v1.1.0	NT=human;VV=v1.1.0	NT=cell-lines;VV=v1.1.0	NT=single-cell;VV=v1.0.0	NT=clinical-metadata;VV=v1.0.0	manual curation	NT=EGI-1 cell;AC=CLO:0002895	untreated
EGI_C19_Slot2-47	NT=Homo sapiens;AC=NCBITaxon:9606	NT=bile duct;AC=UBERON:0002394	NT=epithelial cell;AC=CL:0000066	NT=cholangiocarcinoma;AC=MONDO:0019087	NT=EGI-1 cell;AC=CLO:0002895	CVCL_1193	EGI-1	52Y	male	NT=European ancestry;AC=HANCESTRO:0005	NT=Roswell Park Memorial Institute 1640 Medium;AC=NCIT:C178973	cell	NT=single cell;AC=PRIDE:0000897	not pooled	untreated	not applicable	not applicable	not applicable	cellenONE	C19_Slot2-47	1	11	run 11	proteomic profiling by mass spectrometry	NT=timsTOF SCP;AC=MS:1003231	NT=label free sample;AC=MS:1002038	NT=Oxidation;AC=UNIMOD:35;TA=M;MT=Variable	NT=Acetyl;AC=UNIMOD:1;PP=Protein N-term;MT=Variable	NT=Acetyl;AC=UNIMOD:1;TA=K;MT=Variable	NT=Phospho;AC=UNIMOD:21;TA=S,T,Y;MT=Variable	NT=Methyl;AC=UNIMOD:34;TA=K;MT=Variable	NT=Dimethyl;AC=UNIMOD:36;TA=K;MT=Variable	NT=Trimethyl;AC=UNIMOD:37;TA=K;MT=Variable	NT=Formyl;AC=UNIMOD:122;TA=K;MT=Variable	NT=Trypsin;AC=MS:1001251	NT=Data-independent acquisition;AC=PRIDE:0000450	NT=beam-type collision-induced dissociation;AC=MS:1000422	not available	not available	not applicable	not applicable	1	1	EGI_C19_DIA_IO_L15_Slot2-47_1_1078.d	v1.1.0	NT=ms-proteomics;VV=v1.1.0	NT=human;VV=v1.1.0	NT=cell-lines;VV=v1.1.0	NT=single-cell;VV=v1.0.0	NT=clinical-metadata;VV=v1.0.0	manual curation	NT=EGI-1 cell;AC=CLO:0002895	untreated
EGI_C20_Slot2-48	NT=Homo sapiens;AC=NCBITaxon:9606	NT=bile duct;AC=UBERON:0002394	NT=epithelial cell;AC=CL:0000066	NT=cholangiocarcinoma;AC=MONDO:0019087	NT=EGI-1 cell;AC=CLO:0002895	CVCL_1193	EGI-1	52Y	male	NT=European ancestry;AC=HANCESTRO:0005	NT=Roswell Park Memorial Institute 1640 Medium;AC=NCIT:C178973	cell	NT=single cell;AC=PRIDE:0000897	not pooled	untreated	not applicable	not applicable	not applicable	cellenONE	C20_Slot2-48	1	12	run 12	proteomic profiling by mass spectrometry	NT=timsTOF SCP;AC=MS:1003231	NT=label free sample;AC=MS:1002038	NT=Oxidation;AC=UNIMOD:35;TA=M;MT=Variable	NT=Acetyl;AC=UNIMOD:1;PP=Protein N-term;MT=Variable	NT=Acetyl;AC=UNIMOD:1;TA=K;MT=Variable	NT=Phospho;AC=UNIMOD:21;TA=S,T,Y;MT=Variable	NT=Methyl;AC=UNIMOD:34;TA=K;MT=Variable	NT=Dimethyl;AC=UNIMOD:36;TA=K;MT=Variable	NT=Trimethyl;AC=UNIMOD:37;TA=K;MT=Variable	NT=Formyl;AC=UNIMOD:122;TA=K;MT=Variable	NT=Trypsin;AC=MS:1001251	NT=Data-independent acquisition;AC=PRIDE:0000450	NT=beam-type collision-induced dissociation;AC=MS:1000422	not available	not available	not applicable	not applicable	1	1	EGI_C20_DIA_IO_L15_Slot2-48_1_1079.d	v1.1.0	NT=ms-proteomics;VV=v1.1.0	NT=human;VV=v1.1.0	NT=cell-lines;VV=v1.1.0	NT=single-cell;VV=v1.0.0	NT=clinical-metadata;VV=v1.0.0	manual curation	NT=EGI-1 cell;AC=CLO:0002895	untreated
EGI_C21_Slot2-49	NT=Homo sapiens;AC=NCBITaxon:9606	NT=bile duct;AC=UBERON:0002394	NT=epithelial cell;AC=CL:0000066	NT=cholangiocarcinoma;AC=MONDO:0019087	NT=EGI-1 cell;AC=CLO:0002895	CVCL_1193	EGI-1	52Y	male	NT=European ancestry;AC=HANCESTRO:0005	NT=Roswell Park Memorial Institute 1640 Medium;AC=NCIT:C178973	cell	NT=single cell;AC=PRIDE:0000897	not pooled	untreated	not applicable	not applicable	not applicable	cellenONE	C21_Slot2-49	1	13	run 13	proteomic profiling by mass spectrometry	NT=timsTOF SCP;AC=MS:1003231	NT=label free sample;AC=MS:1002038	NT=Oxidation;AC=UNIMOD:35;TA=M;MT=Variable	NT=Acetyl;AC=UNIMOD:1;PP=Protein N-term;MT=Variable	NT=Acetyl;AC=UNIMOD:1;TA=K;MT=Variable	NT=Phospho;AC=UNIMOD:21;TA=S,T,Y;MT=Variable	NT=Methyl;AC=UNIMOD:34;TA=K;MT=Variable	NT=Dimethyl;AC=UNIMOD:36;TA=K;MT=Variable	NT=Trimethyl;AC=UNIMOD:37;TA=K;MT=Variable	NT=Formyl;AC=UNIMOD:122;TA=K;MT=Variable	NT=Trypsin;AC=MS:1001251	NT=Data-independent acquisition;AC=PRIDE:0000450	NT=beam-type collision-induced dissociation;AC=MS:1000422	not available	not available	not applicable	not applicable	1	1	EGI_C21_DIA_IO_L15_Slot2-49_1_1080.d	v1.1.0	NT=ms-proteomics;VV=v1.1.0	NT=human;VV=v1.1.0	NT=cell-lines;VV=v1.1.0	NT=single-cell;VV=v1.0.0	NT=clinical-metadata;VV=v1.0.0	manual curation	NT=EGI-1 cell;AC=CLO:0002895	untreated
EGI_C22_Slot2-50	NT=Homo sapiens;AC=NCBITaxon:9606	NT=bile duct;AC=UBERON:0002394	NT=epithelial cell;AC=CL:0000066	NT=cholangiocarcinoma;AC=MONDO:0019087	NT=EGI-1 cell;AC=CLO:0002895	CVCL_1193	EGI-1	52Y	male	NT=European ancestry;AC=HANCESTRO:0005	NT=Roswell Park Memorial Institute 1640 Medium;AC=NCIT:C178973	cell	NT=single cell;AC=PRIDE:0000897	not pooled	untreated	not applicable	not applicable	not applicable	cellenONE	C22_Slot2-50	1	14	run 14	proteomic profiling by mass spectrometry	NT=timsTOF SCP;AC=MS:1003231	NT=label free sample;AC=MS:1002038	NT=Oxidation;AC=UNIMOD:35;TA=M;MT=Variable	NT=Acetyl;AC=UNIMOD:1;PP=Protein N-term;MT=Variable	NT=Acetyl;AC=UNIMOD:1;TA=K;MT=Variable	NT=Phospho;AC=UNIMOD:21;TA=S,T,Y;MT=Variable	NT=Methyl;AC=UNIMOD:34;TA=K;MT=Variable	NT=Dimethyl;AC=UNIMOD:36;TA=K;MT=Variable	NT=Trimethyl;AC=UNIMOD:37;TA=K;MT=Variable	NT=Formyl;AC=UNIMOD:122;TA=K;MT=Variable	NT=Trypsin;AC=MS:1001251	NT=Data-independent acquisition;AC=PRIDE:0000450	NT=beam-type collision-induced dissociation;AC=MS:1000422	not available	not available	not applicable	not applicable	1	1	EGI_C22_DIA_IO_L15_Slot2-50_1_1081.d	v1.1.0	NT=ms-proteomics;VV=v1.1.0	NT=human;VV=v1.1.0	NT=cell-lines;VV=v1.1.0	NT=single-cell;VV=v1.0.0	NT=clinical-metadata;VV=v1.0.0	manual curation	NT=EGI-1 cell;AC=CLO:0002895	untreated
EGI_C23_Slot2-51	NT=Homo sapiens;AC=NCBITaxon:9606	NT=bile duct;AC=UBERON:0002394	NT=epithelial cell;AC=CL:0000066	NT=cholangiocarcinoma;AC=MONDO:0019087	NT=EGI-1 cell;AC=CLO:0002895	CVCL_1193	EGI-1	52Y	male	NT=European ancestry;AC=HANCESTRO:0005	NT=Roswell Park Memorial Institute 1640 Medium;AC=NCIT:C178973	cell	NT=single cell;AC=PRIDE:0000897	not pooled	untreated	not applicable	not applicable	not applicable	cellenONE	C23_Slot2-51	1	15	run 15	proteomic profiling by mass spectrometry	NT=timsTOF SCP;AC=MS:1003231	NT=label free sample;AC=MS:1002038	NT=Oxidation;AC=UNIMOD:35;TA=M;MT=Variable	NT=Acetyl;AC=UNIMOD:1;PP=Protein N-term;MT=Variable	NT=Acetyl;AC=UNIMOD:1;TA=K;MT=Variable	NT=Phospho;AC=UNIMOD:21;TA=S,T,Y;MT=Variable	NT=Methyl;AC=UNIMOD:34;TA=K;MT=Variable	NT=Dimethyl;AC=UNIMOD:36;TA=K;MT=Variable	NT=Trimethyl;AC=UNIMOD:37;TA=K;MT=Variable	NT=Formyl;AC=UNIMOD:122;TA=K;MT=Variable	NT=Trypsin;AC=MS:1001251	NT=Data-independent acquisition;AC=PRIDE:0000450	NT=beam-type collision-induced dissociation;AC=MS:1000422	not available	not available	not applicable	not applicable	1	1	EGI_C23_DIA_IO_L15_Slot2-51_1_1082.d	v1.1.0	NT=ms-proteomics;VV=v1.1.0	NT=human;VV=v1.1.0	NT=cell-lines;VV=v1.1.0	NT=single-cell;VV=v1.0.0	NT=clinical-metadata;VV=v1.0.0	manual curation	NT=EGI-1 cell;AC=CLO:0002895	untreated
EGI_D13_Slot2-10	NT=Homo sapiens;AC=NCBITaxon:9606	NT=bile duct;AC=UBERON:0002394	NT=epithelial cell;AC=CL:0000066	NT=cholangiocarcinoma;AC=MONDO:0019087	NT=EGI-1 cell;AC=CLO:0002895	CVCL_1193	EGI-1	52Y	male	NT=European ancestry;AC=HANCESTRO:0005	NT=Roswell Park Memorial Institute 1640 Medium;AC=NCIT:C178973	cell	NT=single cell;AC=PRIDE:0000897	not pooled	untreated	not applicable	not applicable	not applicable	cellenONE	D13_Slot2-10	1	16	run 16	proteomic profiling by mass spectrometry	NT=timsTOF SCP;AC=MS:1003231	NT=label free sample;AC=MS:1002038	NT=Oxidation;AC=UNIMOD:35;TA=M;MT=Variable	NT=Acetyl;AC=UNIMOD:1;PP=Protein N-term;MT=Variable	NT=Acetyl;AC=UNIMOD:1;TA=K;MT=Variable	NT=Phospho;AC=UNIMOD:21;TA=S,T,Y;MT=Variable	NT=Methyl;AC=UNIMOD:34;TA=K;MT=Variable	NT=Dimethyl;AC=UNIMOD:36;TA=K;MT=Variable	NT=Trimethyl;AC=UNIMOD:37;TA=K;MT=Variable	NT=Formyl;AC=UNIMOD:122;TA=K;MT=Variable	NT=Trypsin;AC=MS:1001251	NT=Data-independent acquisition;AC=PRIDE:0000450	NT=beam-type collision-induced dissociation;AC=MS:1000422	not available	not available	not applicable	not applicable	1	1	EGI_D13_DIA_IO_L15_Slot2-10_1_1085.d	v1.1.0	NT=ms-proteomics;VV=v1.1.0	NT=human;VV=v1.1.0	NT=cell-lines;VV=v1.1.0	NT=single-cell;VV=v1.0.0	NT=clinical-metadata;VV=v1.0.0	manual curation	NT=EGI-1 cell;AC=CLO:0002895	untreated
EGI_D16_Slot2-13	NT=Homo sapiens;AC=NCBITaxon:9606	NT=bile duct;AC=UBERON:0002394	NT=epithelial cell;AC=CL:0000066	NT=cholangiocarcinoma;AC=MONDO:0019087	NT=EGI-1 cell;AC=CLO:0002895	CVCL_1193	EGI-1	52Y	male	NT=European ancestry;AC=HANCESTRO:0005	NT=Roswell Park Memorial Institute 1640 Medium;AC=NCIT:C178973	cell	NT=single cell;AC=PRIDE:0000897	not pooled	untreated	not applicable	not applicable	not applicable	cellenONE	D16_Slot2-13	1	17	run 17	proteomic profiling by mass spectrometry	NT=timsTOF SCP;AC=MS:1003231	NT=label free sample;AC=MS:1002038	NT=Oxidation;AC=UNIMOD:35;TA=M;MT=Variable	NT=Acetyl;AC=UNIMOD:1;PP=Protein N-term;MT=Variable	NT=Acetyl;AC=UNIMOD:1;TA=K;MT=Variable	NT=Phospho;AC=UNIMOD:21;TA=S,T,Y;MT=Variable	NT=Methyl;AC=UNIMOD:34;TA=K;MT=Variable	NT=Dimethyl;AC=UNIMOD:36;TA=K;MT=Variable	NT=Trimethyl;AC=UNIMOD:37;TA=K;MT=Variable	NT=Formyl;AC=UNIMOD:122;TA=K;MT=Variable	NT=Trypsin;AC=MS:1001251	NT=Data-independent acquisition;AC=PRIDE:0000450	NT=beam-type collision-induced dissociation;AC=MS:1000422	not available	not available	not applicable	not applicable	1	1	EGI_D16_DIA_IO_L15_Slot2-13_1_1088.d	v1.1.0	NT=ms-proteomics;VV=v1.1.0	NT=human;VV=v1.1.0	NT=cell-lines;VV=v1.1.0	NT=single-cell;VV=v1.0.0	NT=clinical-metadata;VV=v1.0.0	manual curation	NT=EGI-1 cell;AC=CLO:0002895	untreated
EGI_D17_Slot2-14	NT=Homo sapiens;AC=NCBITaxon:9606	NT=bile duct;AC=UBERON:0002394	NT=epithelial cell;AC=CL:0000066	NT=cholangiocarcinoma;AC=MONDO:0019087	NT=EGI-1 cell;AC=CLO:0002895	CVCL_1193	EGI-1	52Y	male	NT=European ancestry;AC=HANCESTRO:0005	NT=Roswell Park Memorial Institute 1640 Medium;AC=NCIT:C178973	cell	NT=single cell;AC=PRIDE:0000897	not pooled	untreated	not applicable	not applicable	not applicable	cellenONE	D17_Slot2-14	1	18	run 18	proteomic profiling by mass spectrometry	NT=timsTOF SCP;AC=MS:1003231	NT=label free sample;AC=MS:1002038	NT=Oxidation;AC=UNIMOD:35;TA=M;MT=Variable	NT=Acetyl;AC=UNIMOD:1;PP=Protein N-term;MT=Variable	NT=Acetyl;AC=UNIMOD:1;TA=K;MT=Variable	NT=Phospho;AC=UNIMOD:21;TA=S,T,Y;MT=Variable	NT=Methyl;AC=UNIMOD:34;TA=K;MT=Variable	NT=Dimethyl;AC=UNIMOD:36;TA=K;MT=Variable	NT=Trimethyl;AC=UNIMOD:37;TA=K;MT=Variable	NT=Formyl;AC=UNIMOD:122;TA=K;MT=Variable	NT=Trypsin;AC=MS:1001251	NT=Data-independent acquisition;AC=PRIDE:0000450	NT=beam-type collision-induced dissociation;AC=MS:1000422	not available	not available	not applicable	not applicable	1	1	EGI_D17_DIA_IO_L15_Slot2-14_1_1089.d	v1.1.0	NT=ms-proteomics;VV=v1.1.0	NT=human;VV=v1.1.0	NT=cell-lines;VV=v1.1.0	NT=single-cell;VV=v1.0.0	NT=clinical-metadata;VV=v1.0.0	manual curation	NT=EGI-1 cell;AC=CLO:0002895	untreated
EGI_D18_Slot2-15	NT=Homo sapiens;AC=NCBITaxon:9606	NT=bile duct;AC=UBERON:0002394	NT=epithelial cell;AC=CL:0000066	NT=cholangiocarcinoma;AC=MONDO:0019087	NT=EGI-1 cell;AC=CLO:0002895	CVCL_1193	EGI-1	52Y	male	NT=European ancestry;AC=HANCESTRO:0005	NT=Roswell Park Memorial Institute 1640 Medium;AC=NCIT:C178973	cell	NT=single cell;AC=PRIDE:0000897	not pooled	untreated	not applicable	not applicable	not applicable	cellenONE	D18_Slot2-15	1	19	run 19	proteomic profiling by mass spectrometry	NT=timsTOF SCP;AC=MS:1003231	NT=label free sample;AC=MS:1002038	NT=Oxidation;AC=UNIMOD:35;TA=M;MT=Variable	NT=Acetyl;AC=UNIMOD:1;PP=Protein N-term;MT=Variable	NT=Acetyl;AC=UNIMOD:1;TA=K;MT=Variable	NT=Phospho;AC=UNIMOD:21;TA=S,T,Y;MT=Variable	NT=Methyl;AC=UNIMOD:34;TA=K;MT=Variable	NT=Dimethyl;AC=UNIMOD:36;TA=K;MT=Variable	NT=Trimethyl;AC=UNIMOD:37;TA=K;MT=Variable	NT=Formyl;AC=UNIMOD:122;TA=K;MT=Variable	NT=Trypsin;AC=MS:1001251	NT=Data-independent acquisition;AC=PRIDE:0000450	NT=beam-type collision-induced dissociation;AC=MS:1000422	not available	not available	not applicable	not applicable	1	1	EGI_D18_DIA_IO_L15_Slot2-15_1_1090.d	v1.1.0	NT=ms-proteomics;VV=v1.1.0	NT=human;VV=v1.1.0	NT=cell-lines;VV=v1.1.0	NT=single-cell;VV=v1.0.0	NT=clinical-metadata;VV=v1.0.0	manual curation	NT=EGI-1 cell;AC=CLO:0002895	untreated
EGI_D19_Slot2-16	NT=Homo sapiens;AC=NCBITaxon:9606	NT=bile duct;AC=UBERON:0002394	NT=epithelial cell;AC=CL:0000066	NT=cholangiocarcinoma;AC=MONDO:0019087	NT=EGI-1 cell;AC=CLO:0002895	CVCL_1193	EGI-1	52Y	male	NT=European ancestry;AC=HANCESTRO:0005	NT=Roswell Park Memorial Institute 1640 Medium;AC=NCIT:C178973	cell	NT=single cell;AC=PRIDE:0000897	not pooled	untreated	not applicable	not applicable	not applicable	cellenONE	D19_Slot2-16	1	20	run 20	proteomic profiling by mass spectrometry	NT=timsTOF SCP;AC=MS:1003231	NT=label free sample;AC=MS:1002038	NT=Oxidation;AC=UNIMOD:35;TA=M;MT=Variable	NT=Acetyl;AC=UNIMOD:1;PP=Protein N-term;MT=Variable	NT=Acetyl;AC=UNIMOD:1;TA=K;MT=Variable	NT=Phospho;AC=UNIMOD:21;TA=S,T,Y;MT=Variable	NT=Methyl;AC=UNIMOD:34;TA=K;MT=Variable	NT=Dimethyl;AC=UNIMOD:36;TA=K;MT=Variable	NT=Trimethyl;AC=UNIMOD:37;TA=K;MT=Variable	NT=Formyl;AC=UNIMOD:122;TA=K;MT=Variable	NT=Trypsin;AC=MS:1001251	NT=Data-independent acquisition;AC=PRIDE:0000450	NT=beam-type collision-induced dissociation;AC=MS:1000422	not available	not available	not applicable	not applicable	1	1	EGI_D19_DIA_IO_L15_Slot2-16_1_1091.d	v1.1.0	NT=ms-proteomics;VV=v1.1.0	NT=human;VV=v1.1.0	NT=cell-lines;VV=v1.1.0	NT=single-cell;VV=v1.0.0	NT=clinical-metadata;VV=v1.0.0	manual curation	NT=EGI-1 cell;AC=CLO:0002895	untreated
EGI_D20_Slot2-17	NT=Homo sapiens;AC=NCBITaxon:9606	NT=bile duct;AC=UBERON:0002394	NT=epithelial cell;AC=CL:0000066	NT=cholangiocarcinoma;AC=MONDO:0019087	NT=EGI-1 cell;AC=CLO:0002895	CVCL_1193	EGI-1	52Y	male	NT=European ancestry;AC=HANCESTRO:0005	NT=Roswell Park Memorial Institute 1640 Medium;AC=NCIT:C178973	cell	NT=single cell;AC=PRIDE:0000897	not pooled	untreated	not applicable	not applicable	not applicable	cellenONE	D20_Slot2-17	1	21	run 21	proteomic profiling by mass spectrometry	NT=timsTOF SCP;AC=MS:1003231	NT=label free sample;AC=MS:1002038	NT=Oxidation;AC=UNIMOD:35;TA=M;MT=Variable	NT=Acetyl;AC=UNIMOD:1;PP=Protein N-term;MT=Variable	NT=Acetyl;AC=UNIMOD:1;TA=K;MT=Variable	NT=Phospho;AC=UNIMOD:21;TA=S,T,Y;MT=Variable	NT=Methyl;AC=UNIMOD:34;TA=K;MT=Variable	NT=Dimethyl;AC=UNIMOD:36;TA=K;MT=Variable	NT=Trimethyl;AC=UNIMOD:37;TA=K;MT=Variable	NT=Formyl;AC=UNIMOD:122;TA=K;MT=Variable	NT=Trypsin;AC=MS:1001251	NT=Data-independent acquisition;AC=PRIDE:0000450	NT=beam-type collision-induced dissociation;AC=MS:1000422	not available	not available	not applicable	not applicable	1	1	EGI_D20_DIA_IO_L15_Slot2-17_1_1092.d	v1.1.0	NT=ms-proteomics;VV=v1.1.0	NT=human;VV=v1.1.0	NT=cell-lines;VV=v1.1.0	NT=single-cell;VV=v1.0.0	NT=clinical-metadata;VV=v1.0.0	manual curation	NT=EGI-1 cell;AC=CLO:0002895	untreated
EGI_D21_Slot2-18	NT=Homo sapiens;AC=NCBITaxon:9606	NT=bile duct;AC=UBERON:0002394	NT=epithelial cell;AC=CL:0000066	NT=cholangiocarcinoma;AC=MONDO:0019087	NT=EGI-1 cell;AC=CLO:0002895	CVCL_1193	EGI-1	52Y	male	NT=European ancestry;AC=HANCESTRO:0005	NT=Roswell Park Memorial Institute 1640 Medium;AC=NCIT:C178973	cell	NT=single cell;AC=PRIDE:0000897	not pooled	untreated	not applicable	not applicable	not applicable	cellenONE	D21_Slot2-18	1	22	run 22	proteomic profiling by mass spectrometry	NT=timsTOF SCP;AC=MS:1003231	NT=label free sample;AC=MS:1002038	NT=Oxidation;AC=UNIMOD:35;TA=M;MT=Variable	NT=Acetyl;AC=UNIMOD:1;PP=Protein N-term;MT=Variable	NT=Acetyl;AC=UNIMOD:1;TA=K;MT=Variable	NT=Phospho;AC=UNIMOD:21;TA=S,T,Y;MT=Variable	NT=Methyl;AC=UNIMOD:34;TA=K;MT=Variable	NT=Dimethyl;AC=UNIMOD:36;TA=K;MT=Variable	NT=Trimethyl;AC=UNIMOD:37;TA=K;MT=Variable	NT=Formyl;AC=UNIMOD:122;TA=K;MT=Variable	NT=Trypsin;AC=MS:1001251	NT=Data-independent acquisition;AC=PRIDE:0000450	NT=beam-type collision-induced dissociation;AC=MS:1000422	not available	not available	not applicable	not applicable	1	1	EGI_D21_DIA_IO_L15_Slot2-18_1_1093.d	v1.1.0	NT=ms-proteomics;VV=v1.1.0	NT=human;VV=v1.1.0	NT=cell-lines;VV=v1.1.0	NT=single-cell;VV=v1.0.0	NT=clinical-metadata;VV=v1.0.0	manual curation	NT=EGI-1 cell;AC=CLO:0002895	untreated
EGI_D22_Slot2-19	NT=Homo sapiens;AC=NCBITaxon:9606	NT=bile duct;AC=UBERON:0002394	NT=epithelial cell;AC=CL:0000066	NT=cholangiocarcinoma;AC=MONDO:0019087	NT=EGI-1 cell;AC=CLO:0002895	CVCL_1193	EGI-1	52Y	male	NT=European ancestry;AC=HANCESTRO:0005	NT=Roswell Park Memorial Institute 1640 Medium;AC=NCIT:C178973	cell	NT=single cell;AC=PRIDE:0000897	not pooled	untreated	not applicable	not applicable	not applicable	cellenONE	D22_Slot2-19	1	23	run 23	proteomic profiling by mass spectrometry	NT=timsTOF SCP;AC=MS:1003231	NT=label free sample;AC=MS:1002038	NT=Oxidation;AC=UNIMOD:35;TA=M;MT=Variable	NT=Acetyl;AC=UNIMOD:1;PP=Protein N-term;MT=Variable	NT=Acetyl;AC=UNIMOD:1;TA=K;MT=Variable	NT=Phospho;AC=UNIMOD:21;TA=S,T,Y;MT=Variable	NT=Methyl;AC=UNIMOD:34;TA=K;MT=Variable	NT=Dimethyl;AC=UNIMOD:36;TA=K;MT=Variable	NT=Trimethyl;AC=UNIMOD:37;TA=K;MT=Variable	NT=Formyl;AC=UNIMOD:122;TA=K;MT=Variable	NT=Trypsin;AC=MS:1001251	NT=Data-independent acquisition;AC=PRIDE:0000450	NT=beam-type collision-induced dissociation;AC=MS:1000422	not available	not available	not applicable	not applicable	1	1	EGI_D22_DIA_IO_L15_Slot2-19_1_1094.d	v1.1.0	NT=ms-proteomics;VV=v1.1.0	NT=human;VV=v1.1.0	NT=cell-lines;VV=v1.1.0	NT=single-cell;VV=v1.0.0	NT=clinical-metadata;VV=v1.0.0	manual curation	NT=EGI-1 cell;AC=CLO:0002895	untreated
EGI_D23_Slot2-20	NT=Homo sapiens;AC=NCBITaxon:9606	NT=bile duct;AC=UBERON:0002394	NT=epithelial cell;AC=CL:0000066	NT=cholangiocarcinoma;AC=MONDO:0019087	NT=EGI-1 cell;AC=CLO:0002895	CVCL_1193	EGI-1	52Y	male	NT=European ancestry;AC=HANCESTRO:0005	NT=Roswell Park Memorial Institute 1640 Medium;AC=NCIT:C178973	cell	NT=single cell;AC=PRIDE:0000897	not pooled	untreated	not applicable	not applicable	not applicable	cellenONE	D23_Slot2-20	1	24	run 24	proteomic profiling by mass spectrometry	NT=timsTOF SCP;AC=MS:1003231	NT=label free sample;AC=MS:1002038	NT=Oxidation;AC=UNIMOD:35;TA=M;MT=Variable	NT=Acetyl;AC=UNIMOD:1;PP=Protein N-term;MT=Variable	NT=Acetyl;AC=UNIMOD:1;TA=K;MT=Variable	NT=Phospho;AC=UNIMOD:21;TA=S,T,Y;MT=Variable	NT=Methyl;AC=UNIMOD:34;TA=K;MT=Variable	NT=Dimethyl;AC=UNIMOD:36;TA=K;MT=Variable	NT=Trimethyl;AC=UNIMOD:37;TA=K;MT=Variable	NT=Formyl;AC=UNIMOD:122;TA=K;MT=Variable	NT=Trypsin;AC=MS:1001251	NT=Data-independent acquisition;AC=PRIDE:0000450	NT=beam-type collision-induced dissociation;AC=MS:1000422	not available	not available	not applicable	not applicable	1	1	EGI_D23_DIA_IO_L15_Slot2-20_1_1095.d	v1.1.0	NT=ms-proteomics;VV=v1.1.0	NT=human;VV=v1.1.0	NT=cell-lines;VV=v1.1.0	NT=single-cell;VV=v1.0.0	NT=clinical-metadata;VV=v1.0.0	manual curation	NT=EGI-1 cell;AC=CLO:0002895	untreated
EGI_E13_Slot2-21	NT=Homo sapiens;AC=NCBITaxon:9606	NT=bile duct;AC=UBERON:0002394	NT=epithelial cell;AC=CL:0000066	NT=cholangiocarcinoma;AC=MONDO:0019087	NT=EGI-1 cell;AC=CLO:0002895	CVCL_1193	EGI-1	52Y	male	NT=European ancestry;AC=HANCESTRO:0005	NT=Roswell Park Memorial Institute 1640 Medium;AC=NCIT:C178973	cell	NT=single cell;AC=PRIDE:0000897	not pooled	untreated	not applicable	not applicable	not applicable	cellenONE	E13_Slot2-21	1	25	run 25	proteomic profiling by mass spectrometry	NT=timsTOF SCP;AC=MS:1003231	NT=label free sample;AC=MS:1002038	NT=Oxidation;AC=UNIMOD:35;TA=M;MT=Variable	NT=Acetyl;AC=UNIMOD:1;PP=Protein N-term;MT=Variable	NT=Acetyl;AC=UNIMOD:1;TA=K;MT=Variable	NT=Phospho;AC=UNIMOD:21;TA=S,T,Y;MT=Variable	NT=Methyl;AC=UNIMOD:34;TA=K;MT=Variable	NT=Dimethyl;AC=UNIMOD:36;TA=K;MT=Variable	NT=Trimethyl;AC=UNIMOD:37;TA=K;MT=Variable	NT=Formyl;AC=UNIMOD:122;TA=K;MT=Variable	NT=Trypsin;AC=MS:1001251	NT=Data-independent acquisition;AC=PRIDE:0000450	NT=beam-type collision-induced dissociation;AC=MS:1000422	not available	not available	not applicable	not applicable	1	1	EGI_E13_DIA_IO_L15_Slot2-21_1_1096.d	v1.1.0	NT=ms-proteomics;VV=v1.1.0	NT=human;VV=v1.1.0	NT=cell-lines;VV=v1.1.0	NT=single-cell;VV=v1.0.0	NT=clinical-metadata;VV=v1.0.0	manual curation	NT=EGI-1 cell;AC=CLO:0002895	untreated
EGI_E14_Slot2-22	NT=Homo sapiens;AC=NCBITaxon:9606	NT=bile duct;AC=UBERON:0002394	NT=epithelial cell;AC=CL:0000066	NT=cholangiocarcinoma;AC=MONDO:0019087	NT=EGI-1 cell;AC=CLO:0002895	CVCL_1193	EGI-1	52Y	male	NT=European ancestry;AC=HANCESTRO:0005	NT=Roswell Park Memorial Institute 1640 Medium;AC=NCIT:C178973	cell	NT=single cell;AC=PRIDE:0000897	not pooled	untreated	not applicable	not applicable	not applicable	cellenONE	E14_Slot2-22	1	26	run 26	proteomic profiling by mass spectrometry	NT=timsTOF SCP;AC=MS:1003231	NT=label free sample;AC=MS:1002038	NT=Oxidation;AC=UNIMOD:35;TA=M;MT=Variable	NT=Acetyl;AC=UNIMOD:1;PP=Protein N-term;MT=Variable	NT=Acetyl;AC=UNIMOD:1;TA=K;MT=Variable	NT=Phospho;AC=UNIMOD:21;TA=S,T,Y;MT=Variable	NT=Methyl;AC=UNIMOD:34;TA=K;MT=Variable	NT=Dimethyl;AC=UNIMOD:36;TA=K;MT=Variable	NT=Trimethyl;AC=UNIMOD:37;TA=K;MT=Variable	NT=Formyl;AC=UNIMOD:122;TA=K;MT=Variable	NT=Trypsin;AC=MS:1001251	NT=Data-independent acquisition;AC=PRIDE:0000450	NT=beam-type collision-induced dissociation;AC=MS:1000422	not available	not available	not applicable	not applicable	1	1	EGI_E14_DIA_IO_L15_Slot2-22_1_1097.d	v1.1.0	NT=ms-proteomics;VV=v1.1.0	NT=human;VV=v1.1.0	NT=cell-lines;VV=v1.1.0	NT=single-cell;VV=v1.0.0	NT=clinical-metadata;VV=v1.0.0	manual curation	NT=EGI-1 cell;AC=CLO:0002895	untreated
EGI_E15_Slot2-23	NT=Homo sapiens;AC=NCBITaxon:9606	NT=bile duct;AC=UBERON:0002394	NT=epithelial cell;AC=CL:0000066	NT=cholangiocarcinoma;AC=MONDO:0019087	NT=EGI-1 cell;AC=CLO:0002895	CVCL_1193	EGI-1	52Y	male	NT=European ancestry;AC=HANCESTRO:0005	NT=Roswell Park Memorial Institute 1640 Medium;AC=NCIT:C178973	cell	NT=single cell;AC=PRIDE:0000897	not pooled	untreated	not applicable	not applicable	not applicable	cellenONE	E15_Slot2-23	1	27	run 27	proteomic profiling by mass spectrometry	NT=timsTOF SCP;AC=MS:1003231	NT=label free sample;AC=MS:1002038	NT=Oxidation;AC=UNIMOD:35;TA=M;MT=Variable	NT=Acetyl;AC=UNIMOD:1;PP=Protein N-term;MT=Variable	NT=Acetyl;AC=UNIMOD:1;TA=K;MT=Variable	NT=Phospho;AC=UNIMOD:21;TA=S,T,Y;MT=Variable	NT=Methyl;AC=UNIMOD:34;TA=K;MT=Variable	NT=Dimethyl;AC=UNIMOD:36;TA=K;MT=Variable	NT=Trimethyl;AC=UNIMOD:37;TA=K;MT=Variable	NT=Formyl;AC=UNIMOD:122;TA=K;MT=Variable	NT=Trypsin;AC=MS:1001251	NT=Data-independent acquisition;AC=PRIDE:0000450	NT=beam-type collision-induced dissociation;AC=MS:1000422	not available	not available	not applicable	not applicable	1	1	EGI_E15_DIA_IO_L15_Slot2-23_1_1098.d	v1.1.0	NT=ms-proteomics;VV=v1.1.0	NT=human;VV=v1.1.0	NT=cell-lines;VV=v1.1.0	NT=single-cell;VV=v1.0.0	NT=clinical-metadata;VV=v1.0.0	manual curation	NT=EGI-1 cell;AC=CLO:0002895	untreated
EGI_E16_Slot2-24	NT=Homo sapiens;AC=NCBITaxon:9606	NT=bile duct;AC=UBERON:0002394	NT=epithelial cell;AC=CL:0000066	NT=cholangiocarcinoma;AC=MONDO:0019087	NT=EGI-1 cell;AC=CLO:0002895	CVCL_1193	EGI-1	52Y	male	NT=European ancestry;AC=HANCESTRO:0005	NT=Roswell Park Memorial Institute 1640 Medium;AC=NCIT:C178973	cell	NT=single cell;AC=PRIDE:0000897	not pooled	untreated	not applicable	not applicable	not applicable	cellenONE	E16_Slot2-24	1	28	run 28	proteomic profiling by mass spectrometry	NT=timsTOF SCP;AC=MS:1003231	NT=label free sample;AC=MS:1002038	NT=Oxidation;AC=UNIMOD:35;TA=M;MT=Variable	NT=Acetyl;AC=UNIMOD:1;PP=Protein N-term;MT=Variable	NT=Acetyl;AC=UNIMOD:1;TA=K;MT=Variable	NT=Phospho;AC=UNIMOD:21;TA=S,T,Y;MT=Variable	NT=Methyl;AC=UNIMOD:34;TA=K;MT=Variable	NT=Dimethyl;AC=UNIMOD:36;TA=K;MT=Variable	NT=Trimethyl;AC=UNIMOD:37;TA=K;MT=Variable	NT=Formyl;AC=UNIMOD:122;TA=K;MT=Variable	NT=Trypsin;AC=MS:1001251	NT=Data-independent acquisition;AC=PRIDE:0000450	NT=beam-type collision-induced dissociation;AC=MS:1000422	not available	not available	not applicable	not applicable	1	1	EGI_E16_DIA_IO_L15_Slot2-24_1_1099.d	v1.1.0	NT=ms-proteomics;VV=v1.1.0	NT=human;VV=v1.1.0	NT=cell-lines;VV=v1.1.0	NT=single-cell;VV=v1.0.0	NT=clinical-metadata;VV=v1.0.0	manual curation	NT=EGI-1 cell;AC=CLO:0002895	untreated
EGI_E17_Slot2-25	NT=Homo sapiens;AC=NCBITaxon:9606	NT=bile duct;AC=UBERON:0002394	NT=epithelial cell;AC=CL:0000066	NT=cholangiocarcinoma;AC=MONDO:0019087	NT=EGI-1 cell;AC=CLO:0002895	CVCL_1193	EGI-1	52Y	male	NT=European ancestry;AC=HANCESTRO:0005	NT=Roswell Park Memorial Institute 1640 Medium;AC=NCIT:C178973	cell	NT=single cell;AC=PRIDE:0000897	not pooled	untreated	not applicable	not applicable	not applicable	cellenONE	E17_Slot2-25	1	29	run 29	proteomic profiling by mass spectrometry	NT=timsTOF SCP;AC=MS:1003231	NT=label free sample;AC=MS:1002038	NT=Oxidation;AC=UNIMOD:35;TA=M;MT=Variable	NT=Acetyl;AC=UNIMOD:1;PP=Protein N-term;MT=Variable	NT=Acetyl;AC=UNIMOD:1;TA=K;MT=Variable	NT=Phospho;AC=UNIMOD:21;TA=S,T,Y;MT=Variable	NT=Methyl;AC=UNIMOD:34;TA=K;MT=Variable	NT=Dimethyl;AC=UNIMOD:36;TA=K;MT=Variable	NT=Trimethyl;AC=UNIMOD:37;TA=K;MT=Variable	NT=Formyl;AC=UNIMOD:122;TA=K;MT=Variable	NT=Trypsin;AC=MS:1001251	NT=Data-independent acquisition;AC=PRIDE:0000450	NT=beam-type collision-induced dissociation;AC=MS:1000422	not available	not available	not applicable	not applicable	1	1	EGI_E17_DIA_IO_L15_Slot2-25_1_1100.d	v1.1.0	NT=ms-proteomics;VV=v1.1.0	NT=human;VV=v1.1.0	NT=cell-lines;VV=v1.1.0	NT=single-cell;VV=v1.0.0	NT=clinical-metadata;VV=v1.0.0	manual curation	NT=EGI-1 cell;AC=CLO:0002895	untreated
EGI_E18_Slot2-26	NT=Homo sapiens;AC=NCBITaxon:9606	NT=bile duct;AC=UBERON:0002394	NT=epithelial cell;AC=CL:0000066	NT=cholangiocarcinoma;AC=MONDO:0019087	NT=EGI-1 cell;AC=CLO:0002895	CVCL_1193	EGI-1	52Y	male	NT=European ancestry;AC=HANCESTRO:0005	NT=Roswell Park Memorial Institute 1640 Medium;AC=NCIT:C178973	cell	NT=single cell;AC=PRIDE:0000897	not pooled	untreated	not applicable	not applicable	not applicable	cellenONE	E18_Slot2-26	1	30	run 30	proteomic profiling by mass spectrometry	NT=timsTOF SCP;AC=MS:1003231	NT=label free sample;AC=MS:1002038	NT=Oxidation;AC=UNIMOD:35;TA=M;MT=Variable	NT=Acetyl;AC=UNIMOD:1;PP=Protein N-term;MT=Variable	NT=Acetyl;AC=UNIMOD:1;TA=K;MT=Variable	NT=Phospho;AC=UNIMOD:21;TA=S,T,Y;MT=Variable	NT=Methyl;AC=UNIMOD:34;TA=K;MT=Variable	NT=Dimethyl;AC=UNIMOD:36;TA=K;MT=Variable	NT=Trimethyl;AC=UNIMOD:37;TA=K;MT=Variable	NT=Formyl;AC=UNIMOD:122;TA=K;MT=Variable	NT=Trypsin;AC=MS:1001251	NT=Data-independent acquisition;AC=PRIDE:0000450	NT=beam-type collision-induced dissociation;AC=MS:1000422	not available	not available	not applicable	not applicable	1	1	EGI_E18_DIA_IO_L15_Slot2-26_1_1101.d	v1.1.0	NT=ms-proteomics;VV=v1.1.0	NT=human;VV=v1.1.0	NT=cell-lines;VV=v1.1.0	NT=single-cell;VV=v1.0.0	NT=clinical-metadata;VV=v1.0.0	manual curation	NT=EGI-1 cell;AC=CLO:0002895	untreated
EGI_E19_Slot2-27	NT=Homo sapiens;AC=NCBITaxon:9606	NT=bile duct;AC=UBERON:0002394	NT=epithelial cell;AC=CL:0000066	NT=cholangiocarcinoma;AC=MONDO:0019087	NT=EGI-1 cell;AC=CLO:0002895	CVCL_1193	EGI-1	52Y	male	NT=European ancestry;AC=HANCESTRO:0005	NT=Roswell Park Memorial Institute 1640 Medium;AC=NCIT:C178973	cell	NT=single cell;AC=PRIDE:0000897	not pooled	untreated	not applicable	not applicable	not applicable	cellenONE	E19_Slot2-27	1	31	run 31	proteomic profiling by mass spectrometry	NT=timsTOF SCP;AC=MS:1003231	NT=label free sample;AC=MS:1002038	NT=Oxidation;AC=UNIMOD:35;TA=M;MT=Variable	NT=Acetyl;AC=UNIMOD:1;PP=Protein N-term;MT=Variable	NT=Acetyl;AC=UNIMOD:1;TA=K;MT=Variable	NT=Phospho;AC=UNIMOD:21;TA=S,T,Y;MT=Variable	NT=Methyl;AC=UNIMOD:34;TA=K;MT=Variable	NT=Dimethyl;AC=UNIMOD:36;TA=K;MT=Variable	NT=Trimethyl;AC=UNIMOD:37;TA=K;MT=Variable	NT=Formyl;AC=UNIMOD:122;TA=K;MT=Variable	NT=Trypsin;AC=MS:1001251	NT=Data-independent acquisition;AC=PRIDE:0000450	NT=beam-type collision-induced dissociation;AC=MS:1000422	not available	not available	not applicable	not applicable	1	1	EGI_E19_DIA_IO_L15_Slot2-27_1_1102.d	v1.1.0	NT=ms-proteomics;VV=v1.1.0	NT=human;VV=v1.1.0	NT=cell-lines;VV=v1.1.0	NT=single-cell;VV=v1.0.0	NT=clinical-metadata;VV=v1.0.0	manual curation	NT=EGI-1 cell;AC=CLO:0002895	untreated
EGI_E20_Slot2-28	NT=Homo sapiens;AC=NCBITaxon:9606	NT=bile duct;AC=UBERON:0002394	NT=epithelial cell;AC=CL:0000066	NT=cholangiocarcinoma;AC=MONDO:0019087	NT=EGI-1 cell;AC=CLO:0002895	CVCL_1193	EGI-1	52Y	male	NT=European ancestry;AC=HANCESTRO:0005	NT=Roswell Park Memorial Institute 1640 Medium;AC=NCIT:C178973	cell	NT=single cell;AC=PRIDE:0000897	not pooled	untreated	not applicable	not applicable	not applicable	cellenONE	E20_Slot2-28	1	32	run 32	proteomic profiling by mass spectrometry	NT=timsTOF SCP;AC=MS:1003231	NT=label free sample;AC=MS:1002038	NT=Oxidation;AC=UNIMOD:35;TA=M;MT=Variable	NT=Acetyl;AC=UNIMOD:1;PP=Protein N-term;MT=Variable	NT=Acetyl;AC=UNIMOD:1;TA=K;MT=Variable	NT=Phospho;AC=UNIMOD:21;TA=S,T,Y;MT=Variable	NT=Methyl;AC=UNIMOD:34;TA=K;MT=Variable	NT=Dimethyl;AC=UNIMOD:36;TA=K;MT=Variable	NT=Trimethyl;AC=UNIMOD:37;TA=K;MT=Variable	NT=Formyl;AC=UNIMOD:122;TA=K;MT=Variable	NT=Trypsin;AC=MS:1001251	NT=Data-independent acquisition;AC=PRIDE:0000450	NT=beam-type collision-induced dissociation;AC=MS:1000422	not available	not available	not applicable	not applicable	1	1	EGI_E20_DIA_IO_L15_Slot2-28_1_1103.d	v1.1.0	NT=ms-proteomics;VV=v1.1.0	NT=human;VV=v1.1.0	NT=cell-lines;VV=v1.1.0	NT=single-cell;VV=v1.0.0	NT=clinical-metadata;VV=v1.0.0	manual curation	NT=EGI-1 cell;AC=CLO:0002895	untreated
EGI_E21_Slot2-29	NT=Homo sapiens;AC=NCBITaxon:9606	NT=bile duct;AC=UBERON:0002394	NT=epithelial cell;AC=CL:0000066	NT=cholangiocarcinoma;AC=MONDO:0019087	NT=EGI-1 cell;AC=CLO:0002895	CVCL_1193	EGI-1	52Y	male	NT=European ancestry;AC=HANCESTRO:0005	NT=Roswell Park Memorial Institute 1640 Medium;AC=NCIT:C178973	cell	NT=single cell;AC=PRIDE:0000897	not pooled	untreated	not applicable	not applicable	not applicable	cellenONE	E21_Slot2-29	1	33	run 33	proteomic profiling by mass spectrometry	NT=timsTOF SCP;AC=MS:1003231	NT=label free sample;AC=MS:1002038	NT=Oxidation;AC=UNIMOD:35;TA=M;MT=Variable	NT=Acetyl;AC=UNIMOD:1;PP=Protein N-term;MT=Variable	NT=Acetyl;AC=UNIMOD:1;TA=K;MT=Variable	NT=Phospho;AC=UNIMOD:21;TA=S,T,Y;MT=Variable	NT=Methyl;AC=UNIMOD:34;TA=K;MT=Variable	NT=Dimethyl;AC=UNIMOD:36;TA=K;MT=Variable	NT=Trimethyl;AC=UNIMOD:37;TA=K;MT=Variable	NT=Formyl;AC=UNIMOD:122;TA=K;MT=Variable	NT=Trypsin;AC=MS:1001251	NT=Data-independent acquisition;AC=PRIDE:0000450	NT=beam-type collision-induced dissociation;AC=MS:1000422	not available	not available	not applicable	not applicable	1	1	EGI_E21_DIA_IO_L15_Slot2-29_1_1104.d	v1.1.0	NT=ms-proteomics;VV=v1.1.0	NT=human;VV=v1.1.0	NT=cell-lines;VV=v1.1.0	NT=single-cell;VV=v1.0.0	NT=clinical-metadata;VV=v1.0.0	manual curation	NT=EGI-1 cell;AC=CLO:0002895	untreated
EGI_E23_Slot2-31	NT=Homo sapiens;AC=NCBITaxon:9606	NT=bile duct;AC=UBERON:0002394	NT=epithelial cell;AC=CL:0000066	NT=cholangiocarcinoma;AC=MONDO:0019087	NT=EGI-1 cell;AC=CLO:0002895	CVCL_1193	EGI-1	52Y	male	NT=European ancestry;AC=HANCESTRO:0005	NT=Roswell Park Memorial Institute 1640 Medium;AC=NCIT:C178973	cell	NT=single cell;AC=PRIDE:0000897	not pooled	untreated	not applicable	not applicable	not applicable	cellenONE	E23_Slot2-31	1	34	run 34	proteomic profiling by mass spectrometry	NT=timsTOF SCP;AC=MS:1003231	NT=label free sample;AC=MS:1002038	NT=Oxidation;AC=UNIMOD:35;TA=M;MT=Variable	NT=Acetyl;AC=UNIMOD:1;PP=Protein N-term;MT=Variable	NT=Acetyl;AC=UNIMOD:1;TA=K;MT=Variable	NT=Phospho;AC=UNIMOD:21;TA=S,T,Y;MT=Variable	NT=Methyl;AC=UNIMOD:34;TA=K;MT=Variable	NT=Dimethyl;AC=UNIMOD:36;TA=K;MT=Variable	NT=Trimethyl;AC=UNIMOD:37;TA=K;MT=Variable	NT=Formyl;AC=UNIMOD:122;TA=K;MT=Variable	NT=Trypsin;AC=MS:1001251	NT=Data-independent acquisition;AC=PRIDE:0000450	NT=beam-type collision-induced dissociation;AC=MS:1000422	not available	not available	not applicable	not applicable	1	1	EGI_E23_DIA_IO_L15_Slot2-31_1_1106.d	v1.1.0	NT=ms-proteomics;VV=v1.1.0	NT=human;VV=v1.1.0	NT=cell-lines;VV=v1.1.0	NT=single-cell;VV=v1.0.0	NT=clinical-metadata;VV=v1.0.0	manual curation	NT=EGI-1 cell;AC=CLO:0002895	untreated
EGI_F16_Slot2-22	NT=Homo sapiens;AC=NCBITaxon:9606	NT=bile duct;AC=UBERON:0002394	NT=epithelial cell;AC=CL:0000066	NT=cholangiocarcinoma;AC=MONDO:0019087	NT=EGI-1 cell;AC=CLO:0002895	CVCL_1193	EGI-1	52Y	male	NT=European ancestry;AC=HANCESTRO:0005	NT=Roswell Park Memorial Institute 1640 Medium;AC=NCIT:C178973	cell	NT=single cell;AC=PRIDE:0000897	not pooled	untreated	not applicable	not applicable	not applicable	cellenONE	F16_Slot2-22	1	35	run 35	proteomic profiling by mass spectrometry	NT=timsTOF SCP;AC=MS:1003231	NT=label free sample;AC=MS:1002038	NT=Oxidation;AC=UNIMOD:35;TA=M;MT=Variable	NT=Acetyl;AC=UNIMOD:1;PP=Protein N-term;MT=Variable	NT=Acetyl;AC=UNIMOD:1;TA=K;MT=Variable	NT=Phospho;AC=UNIMOD:21;TA=S,T,Y;MT=Variable	NT=Methyl;AC=UNIMOD:34;TA=K;MT=Variable	NT=Dimethyl;AC=UNIMOD:36;TA=K;MT=Variable	NT=Trimethyl;AC=UNIMOD:37;TA=K;MT=Variable	NT=Formyl;AC=UNIMOD:122;TA=K;MT=Variable	NT=Trypsin;AC=MS:1001251	NT=Data-independent acquisition;AC=PRIDE:0000450	NT=beam-type collision-induced dissociation;AC=MS:1000422	not available	not available	not applicable	not applicable	1	1	EGI_F16_DIA_IO_L15_Slot2-22_1_5083.d	v1.1.0	NT=ms-proteomics;VV=v1.1.0	NT=human;VV=v1.1.0	NT=cell-lines;VV=v1.1.0	NT=single-cell;VV=v1.0.0	NT=clinical-metadata;VV=v1.0.0	manual curation	NT=EGI-1 cell;AC=CLO:0002895	untreated
EGI_F17_Slot2-23	NT=Homo sapiens;AC=NCBITaxon:9606	NT=bile duct;AC=UBERON:0002394	NT=epithelial cell;AC=CL:0000066	NT=cholangiocarcinoma;AC=MONDO:0019087	NT=EGI-1 cell;AC=CLO:0002895	CVCL_1193	EGI-1	52Y	male	NT=European ancestry;AC=HANCESTRO:0005	NT=Roswell Park Memorial Institute 1640 Medium;AC=NCIT:C178973	cell	NT=single cell;AC=PRIDE:0000897	not pooled	untreated	not applicable	not applicable	not applicable	cellenONE	F17_Slot2-23	1	36	run 36	proteomic profiling by mass spectrometry	NT=timsTOF SCP;AC=MS:1003231	NT=label free sample;AC=MS:1002038	NT=Oxidation;AC=UNIMOD:35;TA=M;MT=Variable	NT=Acetyl;AC=UNIMOD:1;PP=Protein N-term;MT=Variable	NT=Acetyl;AC=UNIMOD:1;TA=K;MT=Variable	NT=Phospho;AC=UNIMOD:21;TA=S,T,Y;MT=Variable	NT=Methyl;AC=UNIMOD:34;TA=K;MT=Variable	NT=Dimethyl;AC=UNIMOD:36;TA=K;MT=Variable	NT=Trimethyl;AC=UNIMOD:37;TA=K;MT=Variable	NT=Formyl;AC=UNIMOD:122;TA=K;MT=Variable	NT=Trypsin;AC=MS:1001251	NT=Data-independent acquisition;AC=PRIDE:0000450	NT=beam-type collision-induced dissociation;AC=MS:1000422	not available	not available	not applicable	not applicable	1	1	EGI_F17_DIA_IO_L15_Slot2-23_1_5084.d	v1.1.0	NT=ms-proteomics;VV=v1.1.0	NT=human;VV=v1.1.0	NT=cell-lines;VV=v1.1.0	NT=single-cell;VV=v1.0.0	NT=clinical-metadata;VV=v1.0.0	manual curation	NT=EGI-1 cell;AC=CLO:0002895	untreated
EGI_F19_Slot2-25	NT=Homo sapiens;AC=NCBITaxon:9606	NT=bile duct;AC=UBERON:0002394	NT=epithelial cell;AC=CL:0000066	NT=cholangiocarcinoma;AC=MONDO:0019087	NT=EGI-1 cell;AC=CLO:0002895	CVCL_1193	EGI-1	52Y	male	NT=European ancestry;AC=HANCESTRO:0005	NT=Roswell Park Memorial Institute 1640 Medium;AC=NCIT:C178973	cell	NT=single cell;AC=PRIDE:0000897	not pooled	untreated	not applicable	not applicable	not applicable	cellenONE	F19_Slot2-25	1	37	run 37	proteomic profiling by mass spectrometry	NT=timsTOF SCP;AC=MS:1003231	NT=label free sample;AC=MS:1002038	NT=Oxidation;AC=UNIMOD:35;TA=M;MT=Variable	NT=Acetyl;AC=UNIMOD:1;PP=Protein N-term;MT=Variable	NT=Acetyl;AC=UNIMOD:1;TA=K;MT=Variable	NT=Phospho;AC=UNIMOD:21;TA=S,T,Y;MT=Variable	NT=Methyl;AC=UNIMOD:34;TA=K;MT=Variable	NT=Dimethyl;AC=UNIMOD:36;TA=K;MT=Variable	NT=Trimethyl;AC=UNIMOD:37;TA=K;MT=Variable	NT=Formyl;AC=UNIMOD:122;TA=K;MT=Variable	NT=Trypsin;AC=MS:1001251	NT=Data-independent acquisition;AC=PRIDE:0000450	NT=beam-type collision-induced dissociation;AC=MS:1000422	not available	not available	not applicable	not applicable	1	1	EGI_F19_DIA_IO_L15_Slot2-25_1_5086.d	v1.1.0	NT=ms-proteomics;VV=v1.1.0	NT=human;VV=v1.1.0	NT=cell-lines;VV=v1.1.0	NT=single-cell;VV=v1.0.0	NT=clinical-metadata;VV=v1.0.0	manual curation	NT=EGI-1 cell;AC=CLO:0002895	untreated
EGI_F20_Slot2-26	NT=Homo sapiens;AC=NCBITaxon:9606	NT=bile duct;AC=UBERON:0002394	NT=epithelial cell;AC=CL:0000066	NT=cholangiocarcinoma;AC=MONDO:0019087	NT=EGI-1 cell;AC=CLO:0002895	CVCL_1193	EGI-1	52Y	male	NT=European ancestry;AC=HANCESTRO:0005	NT=Roswell Park Memorial Institute 1640 Medium;AC=NCIT:C178973	cell	NT=single cell;AC=PRIDE:0000897	not pooled	untreated	not applicable	not applicable	not applicable	cellenONE	F20_Slot2-26	1	38	run 38	proteomic profiling by mass spectrometry	NT=timsTOF SCP;AC=MS:1003231	NT=label free sample;AC=MS:1002038	NT=Oxidation;AC=UNIMOD:35;TA=M;MT=Variable	NT=Acetyl;AC=UNIMOD:1;PP=Protein N-term;MT=Variable	NT=Acetyl;AC=UNIMOD:1;TA=K;MT=Variable	NT=Phospho;AC=UNIMOD:21;TA=S,T,Y;MT=Variable	NT=Methyl;AC=UNIMOD:34;TA=K;MT=Variable	NT=Dimethyl;AC=UNIMOD:36;TA=K;MT=Variable	NT=Trimethyl;AC=UNIMOD:37;TA=K;MT=Variable	NT=Formyl;AC=UNIMOD:122;TA=K;MT=Variable	NT=Trypsin;AC=MS:1001251	NT=Data-independent acquisition;AC=PRIDE:0000450	NT=beam-type collision-induced dissociation;AC=MS:1000422	not available	not available	not applicable	not applicable	1	1	EGI_F20_DIA_IO_L15_Slot2-26_1_5087.d	v1.1.0	NT=ms-proteomics;VV=v1.1.0	NT=human;VV=v1.1.0	NT=cell-lines;VV=v1.1.0	NT=single-cell;VV=v1.0.0	NT=clinical-metadata;VV=v1.0.0	manual curation	NT=EGI-1 cell;AC=CLO:0002895	untreated
EGI_F21_Slot2-27	NT=Homo sapiens;AC=NCBITaxon:9606	NT=bile duct;AC=UBERON:0002394	NT=epithelial cell;AC=CL:0000066	NT=cholangiocarcinoma;AC=MONDO:0019087	NT=EGI-1 cell;AC=CLO:0002895	CVCL_1193	EGI-1	52Y	male	NT=European ancestry;AC=HANCESTRO:0005	NT=Roswell Park Memorial Institute 1640 Medium;AC=NCIT:C178973	cell	NT=single cell;AC=PRIDE:0000897	not pooled	untreated	not applicable	not applicable	not applicable	cellenONE	F21_Slot2-27	1	39	run 39	proteomic profiling by mass spectrometry	NT=timsTOF SCP;AC=MS:1003231	NT=label free sample;AC=MS:1002038	NT=Oxidation;AC=UNIMOD:35;TA=M;MT=Variable	NT=Acetyl;AC=UNIMOD:1;PP=Protein N-term;MT=Variable	NT=Acetyl;AC=UNIMOD:1;TA=K;MT=Variable	NT=Phospho;AC=UNIMOD:21;TA=S,T,Y;MT=Variable	NT=Methyl;AC=UNIMOD:34;TA=K;MT=Variable	NT=Dimethyl;AC=UNIMOD:36;TA=K;MT=Variable	NT=Trimethyl;AC=UNIMOD:37;TA=K;MT=Variable	NT=Formyl;AC=UNIMOD:122;TA=K;MT=Variable	NT=Trypsin;AC=MS:1001251	NT=Data-independent acquisition;AC=PRIDE:0000450	NT=beam-type collision-induced dissociation;AC=MS:1000422	not available	not available	not applicable	not applicable	1	1	EGI_F21_DIA_IO_L15_Slot2-27_1_5088.d	v1.1.0	NT=ms-proteomics;VV=v1.1.0	NT=human;VV=v1.1.0	NT=cell-lines;VV=v1.1.0	NT=single-cell;VV=v1.0.0	NT=clinical-metadata;VV=v1.0.0	manual curation	NT=EGI-1 cell;AC=CLO:0002895	untreated
EGI_F22_Slot2-28	NT=Homo sapiens;AC=NCBITaxon:9606	NT=bile duct;AC=UBERON:0002394	NT=epithelial cell;AC=CL:0000066	NT=cholangiocarcinoma;AC=MONDO:0019087	NT=EGI-1 cell;AC=CLO:0002895	CVCL_1193	EGI-1	52Y	male	NT=European ancestry;AC=HANCESTRO:0005	NT=Roswell Park Memorial Institute 1640 Medium;AC=NCIT:C178973	cell	NT=single cell;AC=PRIDE:0000897	not pooled	untreated	not applicable	not applicable	not applicable	cellenONE	F22_Slot2-28	1	40	run 40	proteomic profiling by mass spectrometry	NT=timsTOF SCP;AC=MS:1003231	NT=label free sample;AC=MS:1002038	NT=Oxidation;AC=UNIMOD:35;TA=M;MT=Variable	NT=Acetyl;AC=UNIMOD:1;PP=Protein N-term;MT=Variable	NT=Acetyl;AC=UNIMOD:1;TA=K;MT=Variable	NT=Phospho;AC=UNIMOD:21;TA=S,T,Y;MT=Variable	NT=Methyl;AC=UNIMOD:34;TA=K;MT=Variable	NT=Dimethyl;AC=UNIMOD:36;TA=K;MT=Variable	NT=Trimethyl;AC=UNIMOD:37;TA=K;MT=Variable	NT=Formyl;AC=UNIMOD:122;TA=K;MT=Variable	NT=Trypsin;AC=MS:1001251	NT=Data-independent acquisition;AC=PRIDE:0000450	NT=beam-type collision-induced dissociation;AC=MS:1000422	not available	not available	not applicable	not applicable	1	1	EGI_F22_DIA_IO_L15_Slot2-28_1_5089.d	v1.1.0	NT=ms-proteomics;VV=v1.1.0	NT=human;VV=v1.1.0	NT=cell-lines;VV=v1.1.0	NT=single-cell;VV=v1.0.0	NT=clinical-metadata;VV=v1.0.0	manual curation	NT=EGI-1 cell;AC=CLO:0002895	untreated
EGI_F23_Slot2-29	NT=Homo sapiens;AC=NCBITaxon:9606	NT=bile duct;AC=UBERON:0002394	NT=epithelial cell;AC=CL:0000066	NT=cholangiocarcinoma;AC=MONDO:0019087	NT=EGI-1 cell;AC=CLO:0002895	CVCL_1193	EGI-1	52Y	male	NT=European ancestry;AC=HANCESTRO:0005	NT=Roswell Park Memorial Institute 1640 Medium;AC=NCIT:C178973	cell	NT=single cell;AC=PRIDE:0000897	not pooled	untreated	not applicable	not applicable	not applicable	cellenONE	F23_Slot2-29	1	41	run 41	proteomic profiling by mass spectrometry	NT=timsTOF SCP;AC=MS:1003231	NT=label free sample;AC=MS:1002038	NT=Oxidation;AC=UNIMOD:35;TA=M;MT=Variable	NT=Acetyl;AC=UNIMOD:1;PP=Protein N-term;MT=Variable	NT=Acetyl;AC=UNIMOD:1;TA=K;MT=Variable	NT=Phospho;AC=UNIMOD:21;TA=S,T,Y;MT=Variable	NT=Methyl;AC=UNIMOD:34;TA=K;MT=Variable	NT=Dimethyl;AC=UNIMOD:36;TA=K;MT=Variable	NT=Trimethyl;AC=UNIMOD:37;TA=K;MT=Variable	NT=Formyl;AC=UNIMOD:122;TA=K;MT=Variable	NT=Trypsin;AC=MS:1001251	NT=Data-independent acquisition;AC=PRIDE:0000450	NT=beam-type collision-induced dissociation;AC=MS:1000422	not available	not available	not applicable	not applicable	1	1	EGI_F23_DIA_IO_L15_Slot2-29_1_5090.d	v1.1.0	NT=ms-proteomics;VV=v1.1.0	NT=human;VV=v1.1.0	NT=cell-lines;VV=v1.1.0	NT=single-cell;VV=v1.0.0	NT=clinical-metadata;VV=v1.0.0	manual curation	NT=EGI-1 cell;AC=CLO:0002895	untreated
EGI_G14_Slot2-31	NT=Homo sapiens;AC=NCBITaxon:9606	NT=bile duct;AC=UBERON:0002394	NT=epithelial cell;AC=CL:0000066	NT=cholangiocarcinoma;AC=MONDO:0019087	NT=EGI-1 cell;AC=CLO:0002895	CVCL_1193	EGI-1	52Y	male	NT=European ancestry;AC=HANCESTRO:0005	NT=Roswell Park Memorial Institute 1640 Medium;AC=NCIT:C178973	cell	NT=single cell;AC=PRIDE:0000897	not pooled	untreated	not applicable	not applicable	not applicable	cellenONE	G14_Slot2-31	1	42	run 42	proteomic profiling by mass spectrometry	NT=timsTOF SCP;AC=MS:1003231	NT=label free sample;AC=MS:1002038	NT=Oxidation;AC=UNIMOD:35;TA=M;MT=Variable	NT=Acetyl;AC=UNIMOD:1;PP=Protein N-term;MT=Variable	NT=Acetyl;AC=UNIMOD:1;TA=K;MT=Variable	NT=Phospho;AC=UNIMOD:21;TA=S,T,Y;MT=Variable	NT=Methyl;AC=UNIMOD:34;TA=K;MT=Variable	NT=Dimethyl;AC=UNIMOD:36;TA=K;MT=Variable	NT=Trimethyl;AC=UNIMOD:37;TA=K;MT=Variable	NT=Formyl;AC=UNIMOD:122;TA=K;MT=Variable	NT=Trypsin;AC=MS:1001251	NT=Data-independent acquisition;AC=PRIDE:0000450	NT=beam-type collision-induced dissociation;AC=MS:1000422	not available	not available	not applicable	not applicable	1	1	EGI_G14_DIA_IO_L15_Slot2-31_1_5092.d	v1.1.0	NT=ms-proteomics;VV=v1.1.0	NT=human;VV=v1.1.0	NT=cell-lines;VV=v1.1.0	NT=single-cell;VV=v1.0.0	NT=clinical-metadata;VV=v1.0.0	manual curation	NT=EGI-1 cell;AC=CLO:0002895	untreated
EGI_G16_Slot2-33	NT=Homo sapiens;AC=NCBITaxon:9606	NT=bile duct;AC=UBERON:0002394	NT=epithelial cell;AC=CL:0000066	NT=cholangiocarcinoma;AC=MONDO:0019087	NT=EGI-1 cell;AC=CLO:0002895	CVCL_1193	EGI-1	52Y	male	NT=European ancestry;AC=HANCESTRO:0005	NT=Roswell Park Memorial Institute 1640 Medium;AC=NCIT:C178973	cell	NT=single cell;AC=PRIDE:0000897	not pooled	untreated	not applicable	not applicable	not applicable	cellenONE	G16_Slot2-33	1	43	run 43	proteomic profiling by mass spectrometry	NT=timsTOF SCP;AC=MS:1003231	NT=label free sample;AC=MS:1002038	NT=Oxidation;AC=UNIMOD:35;TA=M;MT=Variable	NT=Acetyl;AC=UNIMOD:1;PP=Protein N-term;MT=Variable	NT=Acetyl;AC=UNIMOD:1;TA=K;MT=Variable	NT=Phospho;AC=UNIMOD:21;TA=S,T,Y;MT=Variable	NT=Methyl;AC=UNIMOD:34;TA=K;MT=Variable	NT=Dimethyl;AC=UNIMOD:36;TA=K;MT=Variable	NT=Trimethyl;AC=UNIMOD:37;TA=K;MT=Variable	NT=Formyl;AC=UNIMOD:122;TA=K;MT=Variable	NT=Trypsin;AC=MS:1001251	NT=Data-independent acquisition;AC=PRIDE:0000450	NT=beam-type collision-induced dissociation;AC=MS:1000422	not available	not available	not applicable	not applicable	1	1	EGI_G16_DIA_IO_L15_Slot2-33_1_5094.d	v1.1.0	NT=ms-proteomics;VV=v1.1.0	NT=human;VV=v1.1.0	NT=cell-lines;VV=v1.1.0	NT=single-cell;VV=v1.0.0	NT=clinical-metadata;VV=v1.0.0	manual curation	NT=EGI-1 cell;AC=CLO:0002895	untreated
EGI_G17_Slot2-34	NT=Homo sapiens;AC=NCBITaxon:9606	NT=bile duct;AC=UBERON:0002394	NT=epithelial cell;AC=CL:0000066	NT=cholangiocarcinoma;AC=MONDO:0019087	NT=EGI-1 cell;AC=CLO:0002895	CVCL_1193	EGI-1	52Y	male	NT=European ancestry;AC=HANCESTRO:0005	NT=Roswell Park Memorial Institute 1640 Medium;AC=NCIT:C178973	cell	NT=single cell;AC=PRIDE:0000897	not pooled	untreated	not applicable	not applicable	not applicable	cellenONE	G17_Slot2-34	1	44	run 44	proteomic profiling by mass spectrometry	NT=timsTOF SCP;AC=MS:1003231	NT=label free sample;AC=MS:1002038	NT=Oxidation;AC=UNIMOD:35;TA=M;MT=Variable	NT=Acetyl;AC=UNIMOD:1;PP=Protein N-term;MT=Variable	NT=Acetyl;AC=UNIMOD:1;TA=K;MT=Variable	NT=Phospho;AC=UNIMOD:21;TA=S,T,Y;MT=Variable	NT=Methyl;AC=UNIMOD:34;TA=K;MT=Variable	NT=Dimethyl;AC=UNIMOD:36;TA=K;MT=Variable	NT=Trimethyl;AC=UNIMOD:37;TA=K;MT=Variable	NT=Formyl;AC=UNIMOD:122;TA=K;MT=Variable	NT=Trypsin;AC=MS:1001251	NT=Data-independent acquisition;AC=PRIDE:0000450	NT=beam-type collision-induced dissociation;AC=MS:1000422	not available	not available	not applicable	not applicable	1	1	EGI_G17_DIA_IO_L15_Slot2-34_1_5095.d	v1.1.0	NT=ms-proteomics;VV=v1.1.0	NT=human;VV=v1.1.0	NT=cell-lines;VV=v1.1.0	NT=single-cell;VV=v1.0.0	NT=clinical-metadata;VV=v1.0.0	manual curation	NT=EGI-1 cell;AC=CLO:0002895	untreated
EGI_G18_Slot2-35	NT=Homo sapiens;AC=NCBITaxon:9606	NT=bile duct;AC=UBERON:0002394	NT=epithelial cell;AC=CL:0000066	NT=cholangiocarcinoma;AC=MONDO:0019087	NT=EGI-1 cell;AC=CLO:0002895	CVCL_1193	EGI-1	52Y	male	NT=European ancestry;AC=HANCESTRO:0005	NT=Roswell Park Memorial Institute 1640 Medium;AC=NCIT:C178973	cell	NT=single cell;AC=PRIDE:0000897	not pooled	untreated	not applicable	not applicable	not applicable	cellenONE	G18_Slot2-35	1	45	run 45	proteomic profiling by mass spectrometry	NT=timsTOF SCP;AC=MS:1003231	NT=label free sample;AC=MS:1002038	NT=Oxidation;AC=UNIMOD:35;TA=M;MT=Variable	NT=Acetyl;AC=UNIMOD:1;PP=Protein N-term;MT=Variable	NT=Acetyl;AC=UNIMOD:1;TA=K;MT=Variable	NT=Phospho;AC=UNIMOD:21;TA=S,T,Y;MT=Variable	NT=Methyl;AC=UNIMOD:34;TA=K;MT=Variable	NT=Dimethyl;AC=UNIMOD:36;TA=K;MT=Variable	NT=Trimethyl;AC=UNIMOD:37;TA=K;MT=Variable	NT=Formyl;AC=UNIMOD:122;TA=K;MT=Variable	NT=Trypsin;AC=MS:1001251	NT=Data-independent acquisition;AC=PRIDE:0000450	NT=beam-type collision-induced dissociation;AC=MS:1000422	not available	not available	not applicable	not applicable	1	1	EGI_G18_DIA_IO_L15_Slot2-35_1_5096.d	v1.1.0	NT=ms-proteomics;VV=v1.1.0	NT=human;VV=v1.1.0	NT=cell-lines;VV=v1.1.0	NT=single-cell;VV=v1.0.0	NT=clinical-metadata;VV=v1.0.0	manual curation	NT=EGI-1 cell;AC=CLO:0002895	untreated
EGI_G19_Slot2-36	NT=Homo sapiens;AC=NCBITaxon:9606	NT=bile duct;AC=UBERON:0002394	NT=epithelial cell;AC=CL:0000066	NT=cholangiocarcinoma;AC=MONDO:0019087	NT=EGI-1 cell;AC=CLO:0002895	CVCL_1193	EGI-1	52Y	male	NT=European ancestry;AC=HANCESTRO:0005	NT=Roswell Park Memorial Institute 1640 Medium;AC=NCIT:C178973	cell	NT=single cell;AC=PRIDE:0000897	not pooled	untreated	not applicable	not applicable	not applicable	cellenONE	G19_Slot2-36	1	46	run 46	proteomic profiling by mass spectrometry	NT=timsTOF SCP;AC=MS:1003231	NT=label free sample;AC=MS:1002038	NT=Oxidation;AC=UNIMOD:35;TA=M;MT=Variable	NT=Acetyl;AC=UNIMOD:1;PP=Protein N-term;MT=Variable	NT=Acetyl;AC=UNIMOD:1;TA=K;MT=Variable	NT=Phospho;AC=UNIMOD:21;TA=S,T,Y;MT=Variable	NT=Methyl;AC=UNIMOD:34;TA=K;MT=Variable	NT=Dimethyl;AC=UNIMOD:36;TA=K;MT=Variable	NT=Trimethyl;AC=UNIMOD:37;TA=K;MT=Variable	NT=Formyl;AC=UNIMOD:122;TA=K;MT=Variable	NT=Trypsin;AC=MS:1001251	NT=Data-independent acquisition;AC=PRIDE:0000450	NT=beam-type collision-induced dissociation;AC=MS:1000422	not available	not available	not applicable	not applicable	1	1	EGI_G19_DIA_IO_L15_Slot2-36_1_5097.d	v1.1.0	NT=ms-proteomics;VV=v1.1.0	NT=human;VV=v1.1.0	NT=cell-lines;VV=v1.1.0	NT=single-cell;VV=v1.0.0	NT=clinical-metadata;VV=v1.0.0	manual curation	NT=EGI-1 cell;AC=CLO:0002895	untreated
EGI_G20_Slot2-37	NT=Homo sapiens;AC=NCBITaxon:9606	NT=bile duct;AC=UBERON:0002394	NT=epithelial cell;AC=CL:0000066	NT=cholangiocarcinoma;AC=MONDO:0019087	NT=EGI-1 cell;AC=CLO:0002895	CVCL_1193	EGI-1	52Y	male	NT=European ancestry;AC=HANCESTRO:0005	NT=Roswell Park Memorial Institute 1640 Medium;AC=NCIT:C178973	cell	NT=single cell;AC=PRIDE:0000897	not pooled	untreated	not applicable	not applicable	not applicable	cellenONE	G20_Slot2-37	1	47	run 47	proteomic profiling by mass spectrometry	NT=timsTOF SCP;AC=MS:1003231	NT=label free sample;AC=MS:1002038	NT=Oxidation;AC=UNIMOD:35;TA=M;MT=Variable	NT=Acetyl;AC=UNIMOD:1;PP=Protein N-term;MT=Variable	NT=Acetyl;AC=UNIMOD:1;TA=K;MT=Variable	NT=Phospho;AC=UNIMOD:21;TA=S,T,Y;MT=Variable	NT=Methyl;AC=UNIMOD:34;TA=K;MT=Variable	NT=Dimethyl;AC=UNIMOD:36;TA=K;MT=Variable	NT=Trimethyl;AC=UNIMOD:37;TA=K;MT=Variable	NT=Formyl;AC=UNIMOD:122;TA=K;MT=Variable	NT=Trypsin;AC=MS:1001251	NT=Data-independent acquisition;AC=PRIDE:0000450	NT=beam-type collision-induced dissociation;AC=MS:1000422	not available	not available	not applicable	not applicable	1	1	EGI_G20_DIA_IO_L15_Slot2-37_1_5098.d	v1.1.0	NT=ms-proteomics;VV=v1.1.0	NT=human;VV=v1.1.0	NT=cell-lines;VV=v1.1.0	NT=single-cell;VV=v1.0.0	NT=clinical-metadata;VV=v1.0.0	manual curation	NT=EGI-1 cell;AC=CLO:0002895	untreated
EGI_G22_Slot2-39	NT=Homo sapiens;AC=NCBITaxon:9606	NT=bile duct;AC=UBERON:0002394	NT=epithelial cell;AC=CL:0000066	NT=cholangiocarcinoma;AC=MONDO:0019087	NT=EGI-1 cell;AC=CLO:0002895	CVCL_1193	EGI-1	52Y	male	NT=European ancestry;AC=HANCESTRO:0005	NT=Roswell Park Memorial Institute 1640 Medium;AC=NCIT:C178973	cell	NT=single cell;AC=PRIDE:0000897	not pooled	untreated	not applicable	not applicable	not applicable	cellenONE	G22_Slot2-39	1	48	run 48	proteomic profiling by mass spectrometry	NT=timsTOF SCP;AC=MS:1003231	NT=label free sample;AC=MS:1002038	NT=Oxidation;AC=UNIMOD:35;TA=M;MT=Variable	NT=Acetyl;AC=UNIMOD:1;PP=Protein N-term;MT=Variable	NT=Acetyl;AC=UNIMOD:1;TA=K;MT=Variable	NT=Phospho;AC=UNIMOD:21;TA=S,T,Y;MT=Variable	NT=Methyl;AC=UNIMOD:34;TA=K;MT=Variable	NT=Dimethyl;AC=UNIMOD:36;TA=K;MT=Variable	NT=Trimethyl;AC=UNIMOD:37;TA=K;MT=Variable	NT=Formyl;AC=UNIMOD:122;TA=K;MT=Variable	NT=Trypsin;AC=MS:1001251	NT=Data-independent acquisition;AC=PRIDE:0000450	NT=beam-type collision-induced dissociation;AC=MS:1000422	not available	not available	not applicable	not applicable	1	1	EGI_G22_DIA_IO_L15_Slot2-39_1_5143.d	v1.1.0	NT=ms-proteomics;VV=v1.1.0	NT=human;VV=v1.1.0	NT=cell-lines;VV=v1.1.0	NT=single-cell;VV=v1.0.0	NT=clinical-metadata;VV=v1.0.0	manual curation	NT=EGI-1 cell;AC=CLO:0002895	untreated
EGI_G23_Slot2-11	NT=Homo sapiens;AC=NCBITaxon:9606	NT=bile duct;AC=UBERON:0002394	NT=epithelial cell;AC=CL:0000066	NT=cholangiocarcinoma;AC=MONDO:0019087	NT=EGI-1 cell;AC=CLO:0002895	CVCL_1193	EGI-1	52Y	male	NT=European ancestry;AC=HANCESTRO:0005	NT=Roswell Park Memorial Institute 1640 Medium;AC=NCIT:C178973	cell	NT=single cell;AC=PRIDE:0000897	not pooled	untreated	not applicable	not applicable	not applicable	cellenONE	G23_Slot2-11	1	49	run 49	proteomic profiling by mass spectrometry	NT=timsTOF SCP;AC=MS:1003231	NT=label free sample;AC=MS:1002038	NT=Oxidation;AC=UNIMOD:35;TA=M;MT=Variable	NT=Acetyl;AC=UNIMOD:1;PP=Protein N-term;MT=Variable	NT=Acetyl;AC=UNIMOD:1;TA=K;MT=Variable	NT=Phospho;AC=UNIMOD:21;TA=S,T,Y;MT=Variable	NT=Methyl;AC=UNIMOD:34;TA=K;MT=Variable	NT=Dimethyl;AC=UNIMOD:36;TA=K;MT=Variable	NT=Trimethyl;AC=UNIMOD:37;TA=K;MT=Variable	NT=Formyl;AC=UNIMOD:122;TA=K;MT=Variable	NT=Trypsin;AC=MS:1001251	NT=Data-independent acquisition;AC=PRIDE:0000450	NT=beam-type collision-induced dissociation;AC=MS:1000422	not available	not available	not applicable	not applicable	1	1	EGI_G23_DIA_IO_L15_Slot2-11_1_1145.d	v1.1.0	NT=ms-proteomics;VV=v1.1.0	NT=human;VV=v1.1.0	NT=cell-lines;VV=v1.1.0	NT=single-cell;VV=v1.0.0	NT=clinical-metadata;VV=v1.0.0	manual curation	NT=EGI-1 cell;AC=CLO:0002895	untreated
EGI_H13_Slot2-12	NT=Homo sapiens;AC=NCBITaxon:9606	NT=bile duct;AC=UBERON:0002394	NT=epithelial cell;AC=CL:0000066	NT=cholangiocarcinoma;AC=MONDO:0019087	NT=EGI-1 cell;AC=CLO:0002895	CVCL_1193	EGI-1	52Y	male	NT=European ancestry;AC=HANCESTRO:0005	NT=Roswell Park Memorial Institute 1640 Medium;AC=NCIT:C178973	cell	NT=single cell;AC=PRIDE:0000897	not pooled	untreated	not applicable	not applicable	not applicable	cellenONE	H13_Slot2-12	1	50	run 50	proteomic profiling by mass spectrometry	NT=timsTOF SCP;AC=MS:1003231	NT=label free sample;AC=MS:1002038	NT=Oxidation;AC=UNIMOD:35;TA=M;MT=Variable	NT=Acetyl;AC=UNIMOD:1;PP=Protein N-term;MT=Variable	NT=Acetyl;AC=UNIMOD:1;TA=K;MT=Variable	NT=Phospho;AC=UNIMOD:21;TA=S,T,Y;MT=Variable	NT=Methyl;AC=UNIMOD:34;TA=K;MT=Variable	NT=Dimethyl;AC=UNIMOD:36;TA=K;MT=Variable	NT=Trimethyl;AC=UNIMOD:37;TA=K;MT=Variable	NT=Formyl;AC=UNIMOD:122;TA=K;MT=Variable	NT=Trypsin;AC=MS:1001251	NT=Data-independent acquisition;AC=PRIDE:0000450	NT=beam-type collision-induced dissociation;AC=MS:1000422	not available	not available	not applicable	not applicable	1	1	EGI_H13_DIA_IO_L15_Slot2-12_1_1146.d	v1.1.0	NT=ms-proteomics;VV=v1.1.0	NT=human;VV=v1.1.0	NT=cell-lines;VV=v1.1.0	NT=single-cell;VV=v1.0.0	NT=clinical-metadata;VV=v1.0.0	manual curation	NT=EGI-1 cell;AC=CLO:0002895	untreated
EGI_20cells_pool_R1	NT=Homo sapiens;AC=NCBITaxon:9606	NT=bile duct;AC=UBERON:0002394	NT=epithelial cell;AC=CL:0000066	NT=cholangiocarcinoma;AC=MONDO:0019087	NT=EGI-1 cell;AC=CLO:0002895	CVCL_1193	EGI-1	52Y	male	NT=European ancestry;AC=HANCESTRO:0005	NT=Roswell Park Memorial Institute 1640 Medium;AC=NCIT:C178973	cell	NT=pooled;AC=PRIDE:0000902	pooled	untreated	not applicable	not applicable	not applicable	not applicable	not applicable	20	1	run 51	proteomic profiling by mass spectrometry	NT=timsTOF SCP;AC=MS:1003231	NT=label free sample;AC=MS:1002038	NT=Oxidation;AC=UNIMOD:35;TA=M;MT=Variable	NT=Acetyl;AC=UNIMOD:1;PP=Protein N-term;MT=Variable	NT=Acetyl;AC=UNIMOD:1;TA=K;MT=Variable	NT=Phospho;AC=UNIMOD:21;TA=S,T,Y;MT=Variable	NT=Methyl;AC=UNIMOD:34;TA=K;MT=Variable	NT=Dimethyl;AC=UNIMOD:36;TA=K;MT=Variable	NT=Trimethyl;AC=UNIMOD:37;TA=K;MT=Variable	NT=Formyl;AC=UNIMOD:122;TA=K;MT=Variable	NT=Trypsin;AC=MS:1001251	NT=Data-dependent acquisition;AC=PRIDE:0000627	NT=beam-type collision-induced dissociation;AC=MS:1000422	20 ppm	20 ppm	not applicable	not applicable	1	1	EGI_20C_DDA_R1_IO_L15_Slot2-37_1_5042.d	v1.1.0	NT=ms-proteomics;VV=v1.1.0	NT=human;VV=v1.1.0	NT=cell-lines;VV=v1.1.0	NT=single-cell;VV=v1.0.0	NT=clinical-metadata;VV=v1.0.0	manual curation	NT=EGI-1 cell;AC=CLO:0002895	untreated
EGI_20cells_pool_R2	NT=Homo sapiens;AC=NCBITaxon:9606	NT=bile duct;AC=UBERON:0002394	NT=epithelial cell;AC=CL:0000066	NT=cholangiocarcinoma;AC=MONDO:0019087	NT=EGI-1 cell;AC=CLO:0002895	CVCL_1193	EGI-1	52Y	male	NT=European ancestry;AC=HANCESTRO:0005	NT=Roswell Park Memorial Institute 1640 Medium;AC=NCIT:C178973	cell	NT=pooled;AC=PRIDE:0000902	pooled	untreated	not applicable	not applicable	not applicable	not applicable	not applicable	20	2	run 52	proteomic profiling by mass spectrometry	NT=timsTOF SCP;AC=MS:1003231	NT=label free sample;AC=MS:1002038	NT=Oxidation;AC=UNIMOD:35;TA=M;MT=Variable	NT=Acetyl;AC=UNIMOD:1;PP=Protein N-term;MT=Variable	NT=Acetyl;AC=UNIMOD:1;TA=K;MT=Variable	NT=Phospho;AC=UNIMOD:21;TA=S,T,Y;MT=Variable	NT=Methyl;AC=UNIMOD:34;TA=K;MT=Variable	NT=Dimethyl;AC=UNIMOD:36;TA=K;MT=Variable	NT=Trimethyl;AC=UNIMOD:37;TA=K;MT=Variable	NT=Formyl;AC=UNIMOD:122;TA=K;MT=Variable	NT=Trypsin;AC=MS:1001251	NT=Data-dependent acquisition;AC=PRIDE:0000627	NT=beam-type collision-induced dissociation;AC=MS:1000422	20 ppm	20 ppm	not applicable	not applicable	1	1	EGI_20C_DDA_R2_IO_L15_Slot2-38_1_5043.d	v1.1.0	NT=ms-proteomics;VV=v1.1.0	NT=human;VV=v1.1.0	NT=cell-lines;VV=v1.1.0	NT=single-cell;VV=v1.0.0	NT=clinical-metadata;VV=v1.0.0	manual curation	NT=EGI-1 cell;AC=CLO:0002895	untreated
EGI_20cells_pool_R3	NT=Homo sapiens;AC=NCBITaxon:9606	NT=bile duct;AC=UBERON:0002394	NT=epithelial cell;AC=CL:0000066	NT=cholangiocarcinoma;AC=MONDO:0019087	NT=EGI-1 cell;AC=CLO:0002895	CVCL_1193	EGI-1	52Y	male	NT=European ancestry;AC=HANCESTRO:0005	NT=Roswell Park Memorial Institute 1640 Medium;AC=NCIT:C178973	cell	NT=pooled;AC=PRIDE:0000902	pooled	untreated	not applicable	not applicable	not applicable	not applicable	not applicable	20	3	run 53	proteomic profiling by mass spectrometry	NT=timsTOF SCP;AC=MS:1003231	NT=label free sample;AC=MS:1002038	NT=Oxidation;AC=UNIMOD:35;TA=M;MT=Variable	NT=Acetyl;AC=UNIMOD:1;PP=Protein N-term;MT=Variable	NT=Acetyl;AC=UNIMOD:1;TA=K;MT=Variable	NT=Phospho;AC=UNIMOD:21;TA=S,T,Y;MT=Variable	NT=Methyl;AC=UNIMOD:34;TA=K;MT=Variable	NT=Dimethyl;AC=UNIMOD:36;TA=K;MT=Variable	NT=Trimethyl;AC=UNIMOD:37;TA=K;MT=Variable	NT=Formyl;AC=UNIMOD:122;TA=K;MT=Variable	NT=Trypsin;AC=MS:1001251	NT=Data-dependent acquisition;AC=PRIDE:0000627	NT=beam-type collision-induced dissociation;AC=MS:1000422	20 ppm	20 ppm	not applicable	not applicable	1	1	EGI_20C_DDA_R3_IO_L15_Slot2-39_1_5044.d	v1.1.0	NT=ms-proteomics;VV=v1.1.0	NT=human;VV=v1.1.0	NT=cell-lines;VV=v1.1.0	NT=single-cell;VV=v1.0.0	NT=clinical-metadata;VV=v1.0.0	manual curation	NT=EGI-1 cell;AC=CLO:0002895	untreated
HuCCT_E10_Slot1-37	NT=Homo sapiens;AC=NCBITaxon:9606	NT=ascitic fluid;AC=UBERON:0007795	NT=epithelial cell;AC=CL:0000066	NT=intrahepatic cholangiocarcinoma;AC=MONDO:0003210	NT=HuCCT-1 cell;AC=BTO:0003911	CVCL_0324	HuCC-T1	56Y	male	NT=Japanese;AC=HANCESTRO:0019	NT=Roswell Park Memorial Institute 1640 Medium;AC=NCIT:C178973	cell	NT=single cell;AC=PRIDE:0000897	not pooled	untreated	not applicable	not applicable	not applicable	cellenONE	E10_Slot1-37	1	1	run 54	proteomic profiling by mass spectrometry	NT=timsTOF SCP;AC=MS:1003231	NT=label free sample;AC=MS:1002038	NT=Oxidation;AC=UNIMOD:35;TA=M;MT=Variable	NT=Acetyl;AC=UNIMOD:1;PP=Protein N-term;MT=Variable	NT=Acetyl;AC=UNIMOD:1;TA=K;MT=Variable	NT=Phospho;AC=UNIMOD:21;TA=S,T,Y;MT=Variable	NT=Methyl;AC=UNIMOD:34;TA=K;MT=Variable	NT=Dimethyl;AC=UNIMOD:36;TA=K;MT=Variable	NT=Trimethyl;AC=UNIMOD:37;TA=K;MT=Variable	NT=Formyl;AC=UNIMOD:122;TA=K;MT=Variable	NT=Trypsin;AC=MS:1001251	NT=Data-independent acquisition;AC=PRIDE:0000450	NT=beam-type collision-induced dissociation;AC=MS:1000422	not available	not available	not applicable	not applicable	1	1	HuCCT_E10_DIA_IO_L15_Slot1-37_1_4346.d	v1.1.0	NT=ms-proteomics;VV=v1.1.0	NT=human;VV=v1.1.0	NT=cell-lines;VV=v1.1.0	NT=single-cell;VV=v1.0.0	NT=clinical-metadata;VV=v1.0.0	manual curation	NT=HuCCT-1 cell;AC=BTO:0003911	untreated
HuCCT_E11_Slot1-38	NT=Homo sapiens;AC=NCBITaxon:9606	NT=ascitic fluid;AC=UBERON:0007795	NT=epithelial cell;AC=CL:0000066	NT=intrahepatic cholangiocarcinoma;AC=MONDO:0003210	NT=HuCCT-1 cell;AC=BTO:0003911	CVCL_0324	HuCC-T1	56Y	male	NT=Japanese;AC=HANCESTRO:0019	NT=Roswell Park Memorial Institute 1640 Medium;AC=NCIT:C178973	cell	NT=single cell;AC=PRIDE:0000897	not pooled	untreated	not applicable	not applicable	not applicable	cellenONE	E11_Slot1-38	1	2	run 55	proteomic profiling by mass spectrometry	NT=timsTOF SCP;AC=MS:1003231	NT=label free sample;AC=MS:1002038	NT=Oxidation;AC=UNIMOD:35;TA=M;MT=Variable	NT=Acetyl;AC=UNIMOD:1;PP=Protein N-term;MT=Variable	NT=Acetyl;AC=UNIMOD:1;TA=K;MT=Variable	NT=Phospho;AC=UNIMOD:21;TA=S,T,Y;MT=Variable	NT=Methyl;AC=UNIMOD:34;TA=K;MT=Variable	NT=Dimethyl;AC=UNIMOD:36;TA=K;MT=Variable	NT=Trimethyl;AC=UNIMOD:37;TA=K;MT=Variable	NT=Formyl;AC=UNIMOD:122;TA=K;MT=Variable	NT=Trypsin;AC=MS:1001251	NT=Data-independent acquisition;AC=PRIDE:0000450	NT=beam-type collision-induced dissociation;AC=MS:1000422	not available	not available	not applicable	not applicable	1	1	HuCCT_E11_DIA_IO_L15_Slot1-38_1_4347.d	v1.1.0	NT=ms-proteomics;VV=v1.1.0	NT=human;VV=v1.1.0	NT=cell-lines;VV=v1.1.0	NT=single-cell;VV=v1.0.0	NT=clinical-metadata;VV=v1.0.0	manual curation	NT=HuCCT-1 cell;AC=BTO:0003911	untreated
HuCCT_E7_Slot1-34	NT=Homo sapiens;AC=NCBITaxon:9606	NT=ascitic fluid;AC=UBERON:0007795	NT=epithelial cell;AC=CL:0000066	NT=intrahepatic cholangiocarcinoma;AC=MONDO:0003210	NT=HuCCT-1 cell;AC=BTO:0003911	CVCL_0324	HuCC-T1	56Y	male	NT=Japanese;AC=HANCESTRO:0019	NT=Roswell Park Memorial Institute 1640 Medium;AC=NCIT:C178973	cell	NT=single cell;AC=PRIDE:0000897	not pooled	untreated	not applicable	not applicable	not applicable	cellenONE	E7_Slot1-34	1	3	run 56	proteomic profiling by mass spectrometry	NT=timsTOF SCP;AC=MS:1003231	NT=label free sample;AC=MS:1002038	NT=Oxidation;AC=UNIMOD:35;TA=M;MT=Variable	NT=Acetyl;AC=UNIMOD:1;PP=Protein N-term;MT=Variable	NT=Acetyl;AC=UNIMOD:1;TA=K;MT=Variable	NT=Phospho;AC=UNIMOD:21;TA=S,T,Y;MT=Variable	NT=Methyl;AC=UNIMOD:34;TA=K;MT=Variable	NT=Dimethyl;AC=UNIMOD:36;TA=K;MT=Variable	NT=Trimethyl;AC=UNIMOD:37;TA=K;MT=Variable	NT=Formyl;AC=UNIMOD:122;TA=K;MT=Variable	NT=Trypsin;AC=MS:1001251	NT=Data-independent acquisition;AC=PRIDE:0000450	NT=beam-type collision-induced dissociation;AC=MS:1000422	not available	not available	not applicable	not applicable	1	1	HuCCT_E7_DIA_IO_L15_Slot1-34_1_4343.d	v1.1.0	NT=ms-proteomics;VV=v1.1.0	NT=human;VV=v1.1.0	NT=cell-lines;VV=v1.1.0	NT=single-cell;VV=v1.0.0	NT=clinical-metadata;VV=v1.0.0	manual curation	NT=HuCCT-1 cell;AC=BTO:0003911	untreated
HuCCT_E8_Slot1-35	NT=Homo sapiens;AC=NCBITaxon:9606	NT=ascitic fluid;AC=UBERON:0007795	NT=epithelial cell;AC=CL:0000066	NT=intrahepatic cholangiocarcinoma;AC=MONDO:0003210	NT=HuCCT-1 cell;AC=BTO:0003911	CVCL_0324	HuCC-T1	56Y	male	NT=Japanese;AC=HANCESTRO:0019	NT=Roswell Park Memorial Institute 1640 Medium;AC=NCIT:C178973	cell	NT=single cell;AC=PRIDE:0000897	not pooled	untreated	not applicable	not applicable	not applicable	cellenONE	E8_Slot1-35	1	4	run 57	proteomic profiling by mass spectrometry	NT=timsTOF SCP;AC=MS:1003231	NT=label free sample;AC=MS:1002038	NT=Oxidation;AC=UNIMOD:35;TA=M;MT=Variable	NT=Acetyl;AC=UNIMOD:1;PP=Protein N-term;MT=Variable	NT=Acetyl;AC=UNIMOD:1;TA=K;MT=Variable	NT=Phospho;AC=UNIMOD:21;TA=S,T,Y;MT=Variable	NT=Methyl;AC=UNIMOD:34;TA=K;MT=Variable	NT=Dimethyl;AC=UNIMOD:36;TA=K;MT=Variable	NT=Trimethyl;AC=UNIMOD:37;TA=K;MT=Variable	NT=Formyl;AC=UNIMOD:122;TA=K;MT=Variable	NT=Trypsin;AC=MS:1001251	NT=Data-independent acquisition;AC=PRIDE:0000450	NT=beam-type collision-induced dissociation;AC=MS:1000422	not available	not available	not applicable	not applicable	1	1	HuCCT_E8_DIA_IO_L15_Slot1-35_1_4344.d	v1.1.0	NT=ms-proteomics;VV=v1.1.0	NT=human;VV=v1.1.0	NT=cell-lines;VV=v1.1.0	NT=single-cell;VV=v1.0.0	NT=clinical-metadata;VV=v1.0.0	manual curation	NT=HuCCT-1 cell;AC=BTO:0003911	untreated
HuCCT_E9_Slot1-36	NT=Homo sapiens;AC=NCBITaxon:9606	NT=ascitic fluid;AC=UBERON:0007795	NT=epithelial cell;AC=CL:0000066	NT=intrahepatic cholangiocarcinoma;AC=MONDO:0003210	NT=HuCCT-1 cell;AC=BTO:0003911	CVCL_0324	HuCC-T1	56Y	male	NT=Japanese;AC=HANCESTRO:0019	NT=Roswell Park Memorial Institute 1640 Medium;AC=NCIT:C178973	cell	NT=single cell;AC=PRIDE:0000897	not pooled	untreated	not applicable	not applicable	not applicable	cellenONE	E9_Slot1-36	1	5	run 58	proteomic profiling by mass spectrometry	NT=timsTOF SCP;AC=MS:1003231	NT=label free sample;AC=MS:1002038	NT=Oxidation;AC=UNIMOD:35;TA=M;MT=Variable	NT=Acetyl;AC=UNIMOD:1;PP=Protein N-term;MT=Variable	NT=Acetyl;AC=UNIMOD:1;TA=K;MT=Variable	NT=Phospho;AC=UNIMOD:21;TA=S,T,Y;MT=Variable	NT=Methyl;AC=UNIMOD:34;TA=K;MT=Variable	NT=Dimethyl;AC=UNIMOD:36;TA=K;MT=Variable	NT=Trimethyl;AC=UNIMOD:37;TA=K;MT=Variable	NT=Formyl;AC=UNIMOD:122;TA=K;MT=Variable	NT=Trypsin;AC=MS:1001251	NT=Data-independent acquisition;AC=PRIDE:0000450	NT=beam-type collision-induced dissociation;AC=MS:1000422	not available	not available	not applicable	not applicable	1	1	HuCCT_E9_DIA_IO_L15_Slot1-36_1_4345.d	v1.1.0	NT=ms-proteomics;VV=v1.1.0	NT=human;VV=v1.1.0	NT=cell-lines;VV=v1.1.0	NT=single-cell;VV=v1.0.0	NT=clinical-metadata;VV=v1.0.0	manual curation	NT=HuCCT-1 cell;AC=BTO:0003911	untreated
HuCCT_F10_Slot1-48	NT=Homo sapiens;AC=NCBITaxon:9606	NT=ascitic fluid;AC=UBERON:0007795	NT=epithelial cell;AC=CL:0000066	NT=intrahepatic cholangiocarcinoma;AC=MONDO:0003210	NT=HuCCT-1 cell;AC=BTO:0003911	CVCL_0324	HuCC-T1	56Y	male	NT=Japanese;AC=HANCESTRO:0019	NT=Roswell Park Memorial Institute 1640 Medium;AC=NCIT:C178973	cell	NT=single cell;AC=PRIDE:0000897	not pooled	untreated	not applicable	not applicable	not applicable	cellenONE	F10_Slot1-48	1	6	run 59	proteomic profiling by mass spectrometry	NT=timsTOF SCP;AC=MS:1003231	NT=label free sample;AC=MS:1002038	NT=Oxidation;AC=UNIMOD:35;TA=M;MT=Variable	NT=Acetyl;AC=UNIMOD:1;PP=Protein N-term;MT=Variable	NT=Acetyl;AC=UNIMOD:1;TA=K;MT=Variable	NT=Phospho;AC=UNIMOD:21;TA=S,T,Y;MT=Variable	NT=Methyl;AC=UNIMOD:34;TA=K;MT=Variable	NT=Dimethyl;AC=UNIMOD:36;TA=K;MT=Variable	NT=Trimethyl;AC=UNIMOD:37;TA=K;MT=Variable	NT=Formyl;AC=UNIMOD:122;TA=K;MT=Variable	NT=Trypsin;AC=MS:1001251	NT=Data-independent acquisition;AC=PRIDE:0000450	NT=beam-type collision-induced dissociation;AC=MS:1000422	not available	not available	not applicable	not applicable	1	1	HuCCT_F10_DIA_IO_L15_Slot1-48_1_4357.d	v1.1.0	NT=ms-proteomics;VV=v1.1.0	NT=human;VV=v1.1.0	NT=cell-lines;VV=v1.1.0	NT=single-cell;VV=v1.0.0	NT=clinical-metadata;VV=v1.0.0	manual curation	NT=HuCCT-1 cell;AC=BTO:0003911	untreated
HuCCT_F11_Slot1-49	NT=Homo sapiens;AC=NCBITaxon:9606	NT=ascitic fluid;AC=UBERON:0007795	NT=epithelial cell;AC=CL:0000066	NT=intrahepatic cholangiocarcinoma;AC=MONDO:0003210	NT=HuCCT-1 cell;AC=BTO:0003911	CVCL_0324	HuCC-T1	56Y	male	NT=Japanese;AC=HANCESTRO:0019	NT=Roswell Park Memorial Institute 1640 Medium;AC=NCIT:C178973	cell	NT=single cell;AC=PRIDE:0000897	not pooled	untreated	not applicable	not applicable	not applicable	cellenONE	F11_Slot1-49	1	7	run 60	proteomic profiling by mass spectrometry	NT=timsTOF SCP;AC=MS:1003231	NT=label free sample;AC=MS:1002038	NT=Oxidation;AC=UNIMOD:35;TA=M;MT=Variable	NT=Acetyl;AC=UNIMOD:1;PP=Protein N-term;MT=Variable	NT=Acetyl;AC=UNIMOD:1;TA=K;MT=Variable	NT=Phospho;AC=UNIMOD:21;TA=S,T,Y;MT=Variable	NT=Methyl;AC=UNIMOD:34;TA=K;MT=Variable	NT=Dimethyl;AC=UNIMOD:36;TA=K;MT=Variable	NT=Trimethyl;AC=UNIMOD:37;TA=K;MT=Variable	NT=Formyl;AC=UNIMOD:122;TA=K;MT=Variable	NT=Trypsin;AC=MS:1001251	NT=Data-independent acquisition;AC=PRIDE:0000450	NT=beam-type collision-induced dissociation;AC=MS:1000422	not available	not available	not applicable	not applicable	1	1	HuCCT_F11_DIA_IO_L15_Slot1-49_1_4358.d	v1.1.0	NT=ms-proteomics;VV=v1.1.0	NT=human;VV=v1.1.0	NT=cell-lines;VV=v1.1.0	NT=single-cell;VV=v1.0.0	NT=clinical-metadata;VV=v1.0.0	manual curation	NT=HuCCT-1 cell;AC=BTO:0003911	untreated
HuCCT_F1_Slot1-39	NT=Homo sapiens;AC=NCBITaxon:9606	NT=ascitic fluid;AC=UBERON:0007795	NT=epithelial cell;AC=CL:0000066	NT=intrahepatic cholangiocarcinoma;AC=MONDO:0003210	NT=HuCCT-1 cell;AC=BTO:0003911	CVCL_0324	HuCC-T1	56Y	male	NT=Japanese;AC=HANCESTRO:0019	NT=Roswell Park Memorial Institute 1640 Medium;AC=NCIT:C178973	cell	NT=single cell;AC=PRIDE:0000897	not pooled	untreated	not applicable	not applicable	not applicable	cellenONE	F1_Slot1-39	1	8	run 61	proteomic profiling by mass spectrometry	NT=timsTOF SCP;AC=MS:1003231	NT=label free sample;AC=MS:1002038	NT=Oxidation;AC=UNIMOD:35;TA=M;MT=Variable	NT=Acetyl;AC=UNIMOD:1;PP=Protein N-term;MT=Variable	NT=Acetyl;AC=UNIMOD:1;TA=K;MT=Variable	NT=Phospho;AC=UNIMOD:21;TA=S,T,Y;MT=Variable	NT=Methyl;AC=UNIMOD:34;TA=K;MT=Variable	NT=Dimethyl;AC=UNIMOD:36;TA=K;MT=Variable	NT=Trimethyl;AC=UNIMOD:37;TA=K;MT=Variable	NT=Formyl;AC=UNIMOD:122;TA=K;MT=Variable	NT=Trypsin;AC=MS:1001251	NT=Data-independent acquisition;AC=PRIDE:0000450	NT=beam-type collision-induced dissociation;AC=MS:1000422	not available	not available	not applicable	not applicable	1	1	HuCCT_F1_DIA_IO_L15_Slot1-39_1_4348.d	v1.1.0	NT=ms-proteomics;VV=v1.1.0	NT=human;VV=v1.1.0	NT=cell-lines;VV=v1.1.0	NT=single-cell;VV=v1.0.0	NT=clinical-metadata;VV=v1.0.0	manual curation	NT=HuCCT-1 cell;AC=BTO:0003911	untreated
HuCCT_F2_Slot1-40	NT=Homo sapiens;AC=NCBITaxon:9606	NT=ascitic fluid;AC=UBERON:0007795	NT=epithelial cell;AC=CL:0000066	NT=intrahepatic cholangiocarcinoma;AC=MONDO:0003210	NT=HuCCT-1 cell;AC=BTO:0003911	CVCL_0324	HuCC-T1	56Y	male	NT=Japanese;AC=HANCESTRO:0019	NT=Roswell Park Memorial Institute 1640 Medium;AC=NCIT:C178973	cell	NT=single cell;AC=PRIDE:0000897	not pooled	untreated	not applicable	not applicable	not applicable	cellenONE	F2_Slot1-40	1	9	run 62	proteomic profiling by mass spectrometry	NT=timsTOF SCP;AC=MS:1003231	NT=label free sample;AC=MS:1002038	NT=Oxidation;AC=UNIMOD:35;TA=M;MT=Variable	NT=Acetyl;AC=UNIMOD:1;PP=Protein N-term;MT=Variable	NT=Acetyl;AC=UNIMOD:1;TA=K;MT=Variable	NT=Phospho;AC=UNIMOD:21;TA=S,T,Y;MT=Variable	NT=Methyl;AC=UNIMOD:34;TA=K;MT=Variable	NT=Dimethyl;AC=UNIMOD:36;TA=K;MT=Variable	NT=Trimethyl;AC=UNIMOD:37;TA=K;MT=Variable	NT=Formyl;AC=UNIMOD:122;TA=K;MT=Variable	NT=Trypsin;AC=MS:1001251	NT=Data-independent acquisition;AC=PRIDE:0000450	NT=beam-type collision-induced dissociation;AC=MS:1000422	not available	not available	not applicable	not applicable	1	1	HuCCT_F2_DIA_IO_L15_Slot1-40_1_4349.d	v1.1.0	NT=ms-proteomics;VV=v1.1.0	NT=human;VV=v1.1.0	NT=cell-lines;VV=v1.1.0	NT=single-cell;VV=v1.0.0	NT=clinical-metadata;VV=v1.0.0	manual curation	NT=HuCCT-1 cell;AC=BTO:0003911	untreated
HuCCT_F3_Slot1-41	NT=Homo sapiens;AC=NCBITaxon:9606	NT=ascitic fluid;AC=UBERON:0007795	NT=epithelial cell;AC=CL:0000066	NT=intrahepatic cholangiocarcinoma;AC=MONDO:0003210	NT=HuCCT-1 cell;AC=BTO:0003911	CVCL_0324	HuCC-T1	56Y	male	NT=Japanese;AC=HANCESTRO:0019	NT=Roswell Park Memorial Institute 1640 Medium;AC=NCIT:C178973	cell	NT=single cell;AC=PRIDE:0000897	not pooled	untreated	not applicable	not applicable	not applicable	cellenONE	F3_Slot1-41	1	10	run 63	proteomic profiling by mass spectrometry	NT=timsTOF SCP;AC=MS:1003231	NT=label free sample;AC=MS:1002038	NT=Oxidation;AC=UNIMOD:35;TA=M;MT=Variable	NT=Acetyl;AC=UNIMOD:1;PP=Protein N-term;MT=Variable	NT=Acetyl;AC=UNIMOD:1;TA=K;MT=Variable	NT=Phospho;AC=UNIMOD:21;TA=S,T,Y;MT=Variable	NT=Methyl;AC=UNIMOD:34;TA=K;MT=Variable	NT=Dimethyl;AC=UNIMOD:36;TA=K;MT=Variable	NT=Trimethyl;AC=UNIMOD:37;TA=K;MT=Variable	NT=Formyl;AC=UNIMOD:122;TA=K;MT=Variable	NT=Trypsin;AC=MS:1001251	NT=Data-independent acquisition;AC=PRIDE:0000450	NT=beam-type collision-induced dissociation;AC=MS:1000422	not available	not available	not applicable	not applicable	1	1	HuCCT_F3_DIA_IO_L15_Slot1-41_1_4350.d	v1.1.0	NT=ms-proteomics;VV=v1.1.0	NT=human;VV=v1.1.0	NT=cell-lines;VV=v1.1.0	NT=single-cell;VV=v1.0.0	NT=clinical-metadata;VV=v1.0.0	manual curation	NT=HuCCT-1 cell;AC=BTO:0003911	untreated
HuCCT_F4_Slot1-42	NT=Homo sapiens;AC=NCBITaxon:9606	NT=ascitic fluid;AC=UBERON:0007795	NT=epithelial cell;AC=CL:0000066	NT=intrahepatic cholangiocarcinoma;AC=MONDO:0003210	NT=HuCCT-1 cell;AC=BTO:0003911	CVCL_0324	HuCC-T1	56Y	male	NT=Japanese;AC=HANCESTRO:0019	NT=Roswell Park Memorial Institute 1640 Medium;AC=NCIT:C178973	cell	NT=single cell;AC=PRIDE:0000897	not pooled	untreated	not applicable	not applicable	not applicable	cellenONE	F4_Slot1-42	1	11	run 64	proteomic profiling by mass spectrometry	NT=timsTOF SCP;AC=MS:1003231	NT=label free sample;AC=MS:1002038	NT=Oxidation;AC=UNIMOD:35;TA=M;MT=Variable	NT=Acetyl;AC=UNIMOD:1;PP=Protein N-term;MT=Variable	NT=Acetyl;AC=UNIMOD:1;TA=K;MT=Variable	NT=Phospho;AC=UNIMOD:21;TA=S,T,Y;MT=Variable	NT=Methyl;AC=UNIMOD:34;TA=K;MT=Variable	NT=Dimethyl;AC=UNIMOD:36;TA=K;MT=Variable	NT=Trimethyl;AC=UNIMOD:37;TA=K;MT=Variable	NT=Formyl;AC=UNIMOD:122;TA=K;MT=Variable	NT=Trypsin;AC=MS:1001251	NT=Data-independent acquisition;AC=PRIDE:0000450	NT=beam-type collision-induced dissociation;AC=MS:1000422	not available	not available	not applicable	not applicable	1	1	HuCCT_F4_DIA_IO_L15_Slot1-42_1_4351.d	v1.1.0	NT=ms-proteomics;VV=v1.1.0	NT=human;VV=v1.1.0	NT=cell-lines;VV=v1.1.0	NT=single-cell;VV=v1.0.0	NT=clinical-metadata;VV=v1.0.0	manual curation	NT=HuCCT-1 cell;AC=BTO:0003911	untreated
HuCCT_F6_Slot1-44	NT=Homo sapiens;AC=NCBITaxon:9606	NT=ascitic fluid;AC=UBERON:0007795	NT=epithelial cell;AC=CL:0000066	NT=intrahepatic cholangiocarcinoma;AC=MONDO:0003210	NT=HuCCT-1 cell;AC=BTO:0003911	CVCL_0324	HuCC-T1	56Y	male	NT=Japanese;AC=HANCESTRO:0019	NT=Roswell Park Memorial Institute 1640 Medium;AC=NCIT:C178973	cell	NT=single cell;AC=PRIDE:0000897	not pooled	untreated	not applicable	not applicable	not applicable	cellenONE	F6_Slot1-44	1	12	run 65	proteomic profiling by mass spectrometry	NT=timsTOF SCP;AC=MS:1003231	NT=label free sample;AC=MS:1002038	NT=Oxidation;AC=UNIMOD:35;TA=M;MT=Variable	NT=Acetyl;AC=UNIMOD:1;PP=Protein N-term;MT=Variable	NT=Acetyl;AC=UNIMOD:1;TA=K;MT=Variable	NT=Phospho;AC=UNIMOD:21;TA=S,T,Y;MT=Variable	NT=Methyl;AC=UNIMOD:34;TA=K;MT=Variable	NT=Dimethyl;AC=UNIMOD:36;TA=K;MT=Variable	NT=Trimethyl;AC=UNIMOD:37;TA=K;MT=Variable	NT=Formyl;AC=UNIMOD:122;TA=K;MT=Variable	NT=Trypsin;AC=MS:1001251	NT=Data-independent acquisition;AC=PRIDE:0000450	NT=beam-type collision-induced dissociation;AC=MS:1000422	not available	not available	not applicable	not applicable	1	1	HuCCT_F6_DIA_IO_L15_Slot1-44_1_4353.d	v1.1.0	NT=ms-proteomics;VV=v1.1.0	NT=human;VV=v1.1.0	NT=cell-lines;VV=v1.1.0	NT=single-cell;VV=v1.0.0	NT=clinical-metadata;VV=v1.0.0	manual curation	NT=HuCCT-1 cell;AC=BTO:0003911	untreated
HuCCT_F7_Slot1-45	NT=Homo sapiens;AC=NCBITaxon:9606	NT=ascitic fluid;AC=UBERON:0007795	NT=epithelial cell;AC=CL:0000066	NT=intrahepatic cholangiocarcinoma;AC=MONDO:0003210	NT=HuCCT-1 cell;AC=BTO:0003911	CVCL_0324	HuCC-T1	56Y	male	NT=Japanese;AC=HANCESTRO:0019	NT=Roswell Park Memorial Institute 1640 Medium;AC=NCIT:C178973	cell	NT=single cell;AC=PRIDE:0000897	not pooled	untreated	not applicable	not applicable	not applicable	cellenONE	F7_Slot1-45	1	13	run 66	proteomic profiling by mass spectrometry	NT=timsTOF SCP;AC=MS:1003231	NT=label free sample;AC=MS:1002038	NT=Oxidation;AC=UNIMOD:35;TA=M;MT=Variable	NT=Acetyl;AC=UNIMOD:1;PP=Protein N-term;MT=Variable	NT=Acetyl;AC=UNIMOD:1;TA=K;MT=Variable	NT=Phospho;AC=UNIMOD:21;TA=S,T,Y;MT=Variable	NT=Methyl;AC=UNIMOD:34;TA=K;MT=Variable	NT=Dimethyl;AC=UNIMOD:36;TA=K;MT=Variable	NT=Trimethyl;AC=UNIMOD:37;TA=K;MT=Variable	NT=Formyl;AC=UNIMOD:122;TA=K;MT=Variable	NT=Trypsin;AC=MS:1001251	NT=Data-independent acquisition;AC=PRIDE:0000450	NT=beam-type collision-induced dissociation;AC=MS:1000422	not available	not available	not applicable	not applicable	1	1	HuCCT_F7_DIA_IO_L15_Slot1-45_1_4354.d	v1.1.0	NT=ms-proteomics;VV=v1.1.0	NT=human;VV=v1.1.0	NT=cell-lines;VV=v1.1.0	NT=single-cell;VV=v1.0.0	NT=clinical-metadata;VV=v1.0.0	manual curation	NT=HuCCT-1 cell;AC=BTO:0003911	untreated
HuCCT_F8_Slot1-46	NT=Homo sapiens;AC=NCBITaxon:9606	NT=ascitic fluid;AC=UBERON:0007795	NT=epithelial cell;AC=CL:0000066	NT=intrahepatic cholangiocarcinoma;AC=MONDO:0003210	NT=HuCCT-1 cell;AC=BTO:0003911	CVCL_0324	HuCC-T1	56Y	male	NT=Japanese;AC=HANCESTRO:0019	NT=Roswell Park Memorial Institute 1640 Medium;AC=NCIT:C178973	cell	NT=single cell;AC=PRIDE:0000897	not pooled	untreated	not applicable	not applicable	not applicable	cellenONE	F8_Slot1-46	1	14	run 67	proteomic profiling by mass spectrometry	NT=timsTOF SCP;AC=MS:1003231	NT=label free sample;AC=MS:1002038	NT=Oxidation;AC=UNIMOD:35;TA=M;MT=Variable	NT=Acetyl;AC=UNIMOD:1;PP=Protein N-term;MT=Variable	NT=Acetyl;AC=UNIMOD:1;TA=K;MT=Variable	NT=Phospho;AC=UNIMOD:21;TA=S,T,Y;MT=Variable	NT=Methyl;AC=UNIMOD:34;TA=K;MT=Variable	NT=Dimethyl;AC=UNIMOD:36;TA=K;MT=Variable	NT=Trimethyl;AC=UNIMOD:37;TA=K;MT=Variable	NT=Formyl;AC=UNIMOD:122;TA=K;MT=Variable	NT=Trypsin;AC=MS:1001251	NT=Data-independent acquisition;AC=PRIDE:0000450	NT=beam-type collision-induced dissociation;AC=MS:1000422	not available	not available	not applicable	not applicable	1	1	HuCCT_F8_DIA_IO_L15_Slot1-46_1_4355.d	v1.1.0	NT=ms-proteomics;VV=v1.1.0	NT=human;VV=v1.1.0	NT=cell-lines;VV=v1.1.0	NT=single-cell;VV=v1.0.0	NT=clinical-metadata;VV=v1.0.0	manual curation	NT=HuCCT-1 cell;AC=BTO:0003911	untreated
HuCCT_G10_Slot2-18	NT=Homo sapiens;AC=NCBITaxon:9606	NT=ascitic fluid;AC=UBERON:0007795	NT=epithelial cell;AC=CL:0000066	NT=intrahepatic cholangiocarcinoma;AC=MONDO:0003210	NT=HuCCT-1 cell;AC=BTO:0003911	CVCL_0324	HuCC-T1	56Y	male	NT=Japanese;AC=HANCESTRO:0019	NT=Roswell Park Memorial Institute 1640 Medium;AC=NCIT:C178973	cell	NT=single cell;AC=PRIDE:0000897	not pooled	untreated	not applicable	not applicable	not applicable	cellenONE	G10_Slot2-18	1	15	run 68	proteomic profiling by mass spectrometry	NT=timsTOF SCP;AC=MS:1003231	NT=label free sample;AC=MS:1002038	NT=Oxidation;AC=UNIMOD:35;TA=M;MT=Variable	NT=Acetyl;AC=UNIMOD:1;PP=Protein N-term;MT=Variable	NT=Acetyl;AC=UNIMOD:1;TA=K;MT=Variable	NT=Phospho;AC=UNIMOD:21;TA=S,T,Y;MT=Variable	NT=Methyl;AC=UNIMOD:34;TA=K;MT=Variable	NT=Dimethyl;AC=UNIMOD:36;TA=K;MT=Variable	NT=Trimethyl;AC=UNIMOD:37;TA=K;MT=Variable	NT=Formyl;AC=UNIMOD:122;TA=K;MT=Variable	NT=Trypsin;AC=MS:1001251	NT=Data-independent acquisition;AC=PRIDE:0000450	NT=beam-type collision-induced dissociation;AC=MS:1000422	not available	not available	not applicable	not applicable	1	1	HuCCT_G10_DIA_IO_L15_Slot2-18_1_4368.d	v1.1.0	NT=ms-proteomics;VV=v1.1.0	NT=human;VV=v1.1.0	NT=cell-lines;VV=v1.1.0	NT=single-cell;VV=v1.0.0	NT=clinical-metadata;VV=v1.0.0	manual curation	NT=HuCCT-1 cell;AC=BTO:0003911	untreated
HuCCT_G11_Slot2-19	NT=Homo sapiens;AC=NCBITaxon:9606	NT=ascitic fluid;AC=UBERON:0007795	NT=epithelial cell;AC=CL:0000066	NT=intrahepatic cholangiocarcinoma;AC=MONDO:0003210	NT=HuCCT-1 cell;AC=BTO:0003911	CVCL_0324	HuCC-T1	56Y	male	NT=Japanese;AC=HANCESTRO:0019	NT=Roswell Park Memorial Institute 1640 Medium;AC=NCIT:C178973	cell	NT=single cell;AC=PRIDE:0000897	not pooled	untreated	not applicable	not applicable	not applicable	cellenONE	G11_Slot2-19	1	16	run 69	proteomic profiling by mass spectrometry	NT=timsTOF SCP;AC=MS:1003231	NT=label free sample;AC=MS:1002038	NT=Oxidation;AC=UNIMOD:35;TA=M;MT=Variable	NT=Acetyl;AC=UNIMOD:1;PP=Protein N-term;MT=Variable	NT=Acetyl;AC=UNIMOD:1;TA=K;MT=Variable	NT=Phospho;AC=UNIMOD:21;TA=S,T,Y;MT=Variable	NT=Methyl;AC=UNIMOD:34;TA=K;MT=Variable	NT=Dimethyl;AC=UNIMOD:36;TA=K;MT=Variable	NT=Trimethyl;AC=UNIMOD:37;TA=K;MT=Variable	NT=Formyl;AC=UNIMOD:122;TA=K;MT=Variable	NT=Trypsin;AC=MS:1001251	NT=Data-independent acquisition;AC=PRIDE:0000450	NT=beam-type collision-induced dissociation;AC=MS:1000422	not available	not available	not applicable	not applicable	1	1	HuCCT_G11_DIA_IO_L15_Slot2-19_1_4369.d	v1.1.0	NT=ms-proteomics;VV=v1.1.0	NT=human;VV=v1.1.0	NT=cell-lines;VV=v1.1.0	NT=single-cell;VV=v1.0.0	NT=clinical-metadata;VV=v1.0.0	manual curation	NT=HuCCT-1 cell;AC=BTO:0003911	untreated
HuCCT_G2_Slot2-10	NT=Homo sapiens;AC=NCBITaxon:9606	NT=ascitic fluid;AC=UBERON:0007795	NT=epithelial cell;AC=CL:0000066	NT=intrahepatic cholangiocarcinoma;AC=MONDO:0003210	NT=HuCCT-1 cell;AC=BTO:0003911	CVCL_0324	HuCC-T1	56Y	male	NT=Japanese;AC=HANCESTRO:0019	NT=Roswell Park Memorial Institute 1640 Medium;AC=NCIT:C178973	cell	NT=single cell;AC=PRIDE:0000897	not pooled	untreated	not applicable	not applicable	not applicable	cellenONE	G2_Slot2-10	1	17	run 70	proteomic profiling by mass spectrometry	NT=timsTOF SCP;AC=MS:1003231	NT=label free sample;AC=MS:1002038	NT=Oxidation;AC=UNIMOD:35;TA=M;MT=Variable	NT=Acetyl;AC=UNIMOD:1;PP=Protein N-term;MT=Variable	NT=Acetyl;AC=UNIMOD:1;TA=K;MT=Variable	NT=Phospho;AC=UNIMOD:21;TA=S,T,Y;MT=Variable	NT=Methyl;AC=UNIMOD:34;TA=K;MT=Variable	NT=Dimethyl;AC=UNIMOD:36;TA=K;MT=Variable	NT=Trimethyl;AC=UNIMOD:37;TA=K;MT=Variable	NT=Formyl;AC=UNIMOD:122;TA=K;MT=Variable	NT=Trypsin;AC=MS:1001251	NT=Data-independent acquisition;AC=PRIDE:0000450	NT=beam-type collision-induced dissociation;AC=MS:1000422	not available	not available	not applicable	not applicable	1	1	HuCCT_G2_DIA_IO_L15_Slot2-10_1_4360.d	v1.1.0	NT=ms-proteomics;VV=v1.1.0	NT=human;VV=v1.1.0	NT=cell-lines;VV=v1.1.0	NT=single-cell;VV=v1.0.0	NT=clinical-metadata;VV=v1.0.0	manual curation	NT=HuCCT-1 cell;AC=BTO:0003911	untreated
HuCCT_G3_Slot2-11	NT=Homo sapiens;AC=NCBITaxon:9606	NT=ascitic fluid;AC=UBERON:0007795	NT=epithelial cell;AC=CL:0000066	NT=intrahepatic cholangiocarcinoma;AC=MONDO:0003210	NT=HuCCT-1 cell;AC=BTO:0003911	CVCL_0324	HuCC-T1	56Y	male	NT=Japanese;AC=HANCESTRO:0019	NT=Roswell Park Memorial Institute 1640 Medium;AC=NCIT:C178973	cell	NT=single cell;AC=PRIDE:0000897	not pooled	untreated	not applicable	not applicable	not applicable	cellenONE	G3_Slot2-11	1	18	run 71	proteomic profiling by mass spectrometry	NT=timsTOF SCP;AC=MS:1003231	NT=label free sample;AC=MS:1002038	NT=Oxidation;AC=UNIMOD:35;TA=M;MT=Variable	NT=Acetyl;AC=UNIMOD:1;PP=Protein N-term;MT=Variable	NT=Acetyl;AC=UNIMOD:1;TA=K;MT=Variable	NT=Phospho;AC=UNIMOD:21;TA=S,T,Y;MT=Variable	NT=Methyl;AC=UNIMOD:34;TA=K;MT=Variable	NT=Dimethyl;AC=UNIMOD:36;TA=K;MT=Variable	NT=Trimethyl;AC=UNIMOD:37;TA=K;MT=Variable	NT=Formyl;AC=UNIMOD:122;TA=K;MT=Variable	NT=Trypsin;AC=MS:1001251	NT=Data-independent acquisition;AC=PRIDE:0000450	NT=beam-type collision-induced dissociation;AC=MS:1000422	not available	not available	not applicable	not applicable	1	1	HuCCT_G3_DIA_IO_L15_Slot2-11_1_4361.d	v1.1.0	NT=ms-proteomics;VV=v1.1.0	NT=human;VV=v1.1.0	NT=cell-lines;VV=v1.1.0	NT=single-cell;VV=v1.0.0	NT=clinical-metadata;VV=v1.0.0	manual curation	NT=HuCCT-1 cell;AC=BTO:0003911	untreated
HuCCT_G4_Slot2-12	NT=Homo sapiens;AC=NCBITaxon:9606	NT=ascitic fluid;AC=UBERON:0007795	NT=epithelial cell;AC=CL:0000066	NT=intrahepatic cholangiocarcinoma;AC=MONDO:0003210	NT=HuCCT-1 cell;AC=BTO:0003911	CVCL_0324	HuCC-T1	56Y	male	NT=Japanese;AC=HANCESTRO:0019	NT=Roswell Park Memorial Institute 1640 Medium;AC=NCIT:C178973	cell	NT=single cell;AC=PRIDE:0000897	not pooled	untreated	not applicable	not applicable	not applicable	cellenONE	G4_Slot2-12	1	19	run 72	proteomic profiling by mass spectrometry	NT=timsTOF SCP;AC=MS:1003231	NT=label free sample;AC=MS:1002038	NT=Oxidation;AC=UNIMOD:35;TA=M;MT=Variable	NT=Acetyl;AC=UNIMOD:1;PP=Protein N-term;MT=Variable	NT=Acetyl;AC=UNIMOD:1;TA=K;MT=Variable	NT=Phospho;AC=UNIMOD:21;TA=S,T,Y;MT=Variable	NT=Methyl;AC=UNIMOD:34;TA=K;MT=Variable	NT=Dimethyl;AC=UNIMOD:36;TA=K;MT=Variable	NT=Trimethyl;AC=UNIMOD:37;TA=K;MT=Variable	NT=Formyl;AC=UNIMOD:122;TA=K;MT=Variable	NT=Trypsin;AC=MS:1001251	NT=Data-independent acquisition;AC=PRIDE:0000450	NT=beam-type collision-induced dissociation;AC=MS:1000422	not available	not available	not applicable	not applicable	1	1	HuCCT_G4_DIA_IO_L15_Slot2-12_1_4362.d	v1.1.0	NT=ms-proteomics;VV=v1.1.0	NT=human;VV=v1.1.0	NT=cell-lines;VV=v1.1.0	NT=single-cell;VV=v1.0.0	NT=clinical-metadata;VV=v1.0.0	manual curation	NT=HuCCT-1 cell;AC=BTO:0003911	untreated
HuCCT_G5_Slot2-13	NT=Homo sapiens;AC=NCBITaxon:9606	NT=ascitic fluid;AC=UBERON:0007795	NT=epithelial cell;AC=CL:0000066	NT=intrahepatic cholangiocarcinoma;AC=MONDO:0003210	NT=HuCCT-1 cell;AC=BTO:0003911	CVCL_0324	HuCC-T1	56Y	male	NT=Japanese;AC=HANCESTRO:0019	NT=Roswell Park Memorial Institute 1640 Medium;AC=NCIT:C178973	cell	NT=single cell;AC=PRIDE:0000897	not pooled	untreated	not applicable	not applicable	not applicable	cellenONE	G5_Slot2-13	1	20	run 73	proteomic profiling by mass spectrometry	NT=timsTOF SCP;AC=MS:1003231	NT=label free sample;AC=MS:1002038	NT=Oxidation;AC=UNIMOD:35;TA=M;MT=Variable	NT=Acetyl;AC=UNIMOD:1;PP=Protein N-term;MT=Variable	NT=Acetyl;AC=UNIMOD:1;TA=K;MT=Variable	NT=Phospho;AC=UNIMOD:21;TA=S,T,Y;MT=Variable	NT=Methyl;AC=UNIMOD:34;TA=K;MT=Variable	NT=Dimethyl;AC=UNIMOD:36;TA=K;MT=Variable	NT=Trimethyl;AC=UNIMOD:37;TA=K;MT=Variable	NT=Formyl;AC=UNIMOD:122;TA=K;MT=Variable	NT=Trypsin;AC=MS:1001251	NT=Data-independent acquisition;AC=PRIDE:0000450	NT=beam-type collision-induced dissociation;AC=MS:1000422	not available	not available	not applicable	not applicable	1	1	HuCCT_G5_DIA_IO_L15_Slot2-13_1_4363.d	v1.1.0	NT=ms-proteomics;VV=v1.1.0	NT=human;VV=v1.1.0	NT=cell-lines;VV=v1.1.0	NT=single-cell;VV=v1.0.0	NT=clinical-metadata;VV=v1.0.0	manual curation	NT=HuCCT-1 cell;AC=BTO:0003911	untreated
HuCCT_G6_Slot2-14	NT=Homo sapiens;AC=NCBITaxon:9606	NT=ascitic fluid;AC=UBERON:0007795	NT=epithelial cell;AC=CL:0000066	NT=intrahepatic cholangiocarcinoma;AC=MONDO:0003210	NT=HuCCT-1 cell;AC=BTO:0003911	CVCL_0324	HuCC-T1	56Y	male	NT=Japanese;AC=HANCESTRO:0019	NT=Roswell Park Memorial Institute 1640 Medium;AC=NCIT:C178973	cell	NT=single cell;AC=PRIDE:0000897	not pooled	untreated	not applicable	not applicable	not applicable	cellenONE	G6_Slot2-14	1	21	run 74	proteomic profiling by mass spectrometry	NT=timsTOF SCP;AC=MS:1003231	NT=label free sample;AC=MS:1002038	NT=Oxidation;AC=UNIMOD:35;TA=M;MT=Variable	NT=Acetyl;AC=UNIMOD:1;PP=Protein N-term;MT=Variable	NT=Acetyl;AC=UNIMOD:1;TA=K;MT=Variable	NT=Phospho;AC=UNIMOD:21;TA=S,T,Y;MT=Variable	NT=Methyl;AC=UNIMOD:34;TA=K;MT=Variable	NT=Dimethyl;AC=UNIMOD:36;TA=K;MT=Variable	NT=Trimethyl;AC=UNIMOD:37;TA=K;MT=Variable	NT=Formyl;AC=UNIMOD:122;TA=K;MT=Variable	NT=Trypsin;AC=MS:1001251	NT=Data-independent acquisition;AC=PRIDE:0000450	NT=beam-type collision-induced dissociation;AC=MS:1000422	not available	not available	not applicable	not applicable	1	1	HuCCT_G6_DIA_IO_L15_Slot2-14_1_4364.d	v1.1.0	NT=ms-proteomics;VV=v1.1.0	NT=human;VV=v1.1.0	NT=cell-lines;VV=v1.1.0	NT=single-cell;VV=v1.0.0	NT=clinical-metadata;VV=v1.0.0	manual curation	NT=HuCCT-1 cell;AC=BTO:0003911	untreated
HuCCT_G7_Slot2-15	NT=Homo sapiens;AC=NCBITaxon:9606	NT=ascitic fluid;AC=UBERON:0007795	NT=epithelial cell;AC=CL:0000066	NT=intrahepatic cholangiocarcinoma;AC=MONDO:0003210	NT=HuCCT-1 cell;AC=BTO:0003911	CVCL_0324	HuCC-T1	56Y	male	NT=Japanese;AC=HANCESTRO:0019	NT=Roswell Park Memorial Institute 1640 Medium;AC=NCIT:C178973	cell	NT=single cell;AC=PRIDE:0000897	not pooled	untreated	not applicable	not applicable	not applicable	cellenONE	G7_Slot2-15	1	22	run 75	proteomic profiling by mass spectrometry	NT=timsTOF SCP;AC=MS:1003231	NT=label free sample;AC=MS:1002038	NT=Oxidation;AC=UNIMOD:35;TA=M;MT=Variable	NT=Acetyl;AC=UNIMOD:1;PP=Protein N-term;MT=Variable	NT=Acetyl;AC=UNIMOD:1;TA=K;MT=Variable	NT=Phospho;AC=UNIMOD:21;TA=S,T,Y;MT=Variable	NT=Methyl;AC=UNIMOD:34;TA=K;MT=Variable	NT=Dimethyl;AC=UNIMOD:36;TA=K;MT=Variable	NT=Trimethyl;AC=UNIMOD:37;TA=K;MT=Variable	NT=Formyl;AC=UNIMOD:122;TA=K;MT=Variable	NT=Trypsin;AC=MS:1001251	NT=Data-independent acquisition;AC=PRIDE:0000450	NT=beam-type collision-induced dissociation;AC=MS:1000422	not available	not available	not applicable	not applicable	1	1	HuCCT_G7_DIA_IO_L15_Slot2-15_1_4365.d	v1.1.0	NT=ms-proteomics;VV=v1.1.0	NT=human;VV=v1.1.0	NT=cell-lines;VV=v1.1.0	NT=single-cell;VV=v1.0.0	NT=clinical-metadata;VV=v1.0.0	manual curation	NT=HuCCT-1 cell;AC=BTO:0003911	untreated
HuCCT_G8_Slot2-16	NT=Homo sapiens;AC=NCBITaxon:9606	NT=ascitic fluid;AC=UBERON:0007795	NT=epithelial cell;AC=CL:0000066	NT=intrahepatic cholangiocarcinoma;AC=MONDO:0003210	NT=HuCCT-1 cell;AC=BTO:0003911	CVCL_0324	HuCC-T1	56Y	male	NT=Japanese;AC=HANCESTRO:0019	NT=Roswell Park Memorial Institute 1640 Medium;AC=NCIT:C178973	cell	NT=single cell;AC=PRIDE:0000897	not pooled	untreated	not applicable	not applicable	not applicable	cellenONE	G8_Slot2-16	1	23	run 76	proteomic profiling by mass spectrometry	NT=timsTOF SCP;AC=MS:1003231	NT=label free sample;AC=MS:1002038	NT=Oxidation;AC=UNIMOD:35;TA=M;MT=Variable	NT=Acetyl;AC=UNIMOD:1;PP=Protein N-term;MT=Variable	NT=Acetyl;AC=UNIMOD:1;TA=K;MT=Variable	NT=Phospho;AC=UNIMOD:21;TA=S,T,Y;MT=Variable	NT=Methyl;AC=UNIMOD:34;TA=K;MT=Variable	NT=Dimethyl;AC=UNIMOD:36;TA=K;MT=Variable	NT=Trimethyl;AC=UNIMOD:37;TA=K;MT=Variable	NT=Formyl;AC=UNIMOD:122;TA=K;MT=Variable	NT=Trypsin;AC=MS:1001251	NT=Data-independent acquisition;AC=PRIDE:0000450	NT=beam-type collision-induced dissociation;AC=MS:1000422	not available	not available	not applicable	not applicable	1	1	HuCCT_G8_DIA_IO_L15_Slot2-16_1_4366.d	v1.1.0	NT=ms-proteomics;VV=v1.1.0	NT=human;VV=v1.1.0	NT=cell-lines;VV=v1.1.0	NT=single-cell;VV=v1.0.0	NT=clinical-metadata;VV=v1.0.0	manual curation	NT=HuCCT-1 cell;AC=BTO:0003911	untreated
HuCCT_G9_Slot2-17	NT=Homo sapiens;AC=NCBITaxon:9606	NT=ascitic fluid;AC=UBERON:0007795	NT=epithelial cell;AC=CL:0000066	NT=intrahepatic cholangiocarcinoma;AC=MONDO:0003210	NT=HuCCT-1 cell;AC=BTO:0003911	CVCL_0324	HuCC-T1	56Y	male	NT=Japanese;AC=HANCESTRO:0019	NT=Roswell Park Memorial Institute 1640 Medium;AC=NCIT:C178973	cell	NT=single cell;AC=PRIDE:0000897	not pooled	untreated	not applicable	not applicable	not applicable	cellenONE	G9_Slot2-17	1	24	run 77	proteomic profiling by mass spectrometry	NT=timsTOF SCP;AC=MS:1003231	NT=label free sample;AC=MS:1002038	NT=Oxidation;AC=UNIMOD:35;TA=M;MT=Variable	NT=Acetyl;AC=UNIMOD:1;PP=Protein N-term;MT=Variable	NT=Acetyl;AC=UNIMOD:1;TA=K;MT=Variable	NT=Phospho;AC=UNIMOD:21;TA=S,T,Y;MT=Variable	NT=Methyl;AC=UNIMOD:34;TA=K;MT=Variable	NT=Dimethyl;AC=UNIMOD:36;TA=K;MT=Variable	NT=Trimethyl;AC=UNIMOD:37;TA=K;MT=Variable	NT=Formyl;AC=UNIMOD:122;TA=K;MT=Variable	NT=Trypsin;AC=MS:1001251	NT=Data-independent acquisition;AC=PRIDE:0000450	NT=beam-type collision-induced dissociation;AC=MS:1000422	not available	not available	not applicable	not applicable	1	1	HuCCT_G9_DIA_IO_L15_Slot2-17_1_4367.d	v1.1.0	NT=ms-proteomics;VV=v1.1.0	NT=human;VV=v1.1.0	NT=cell-lines;VV=v1.1.0	NT=single-cell;VV=v1.0.0	NT=clinical-metadata;VV=v1.0.0	manual curation	NT=HuCCT-1 cell;AC=BTO:0003911	untreated
HuCCT_H11_Slot2-29	NT=Homo sapiens;AC=NCBITaxon:9606	NT=ascitic fluid;AC=UBERON:0007795	NT=epithelial cell;AC=CL:0000066	NT=intrahepatic cholangiocarcinoma;AC=MONDO:0003210	NT=HuCCT-1 cell;AC=BTO:0003911	CVCL_0324	HuCC-T1	56Y	male	NT=Japanese;AC=HANCESTRO:0019	NT=Roswell Park Memorial Institute 1640 Medium;AC=NCIT:C178973	cell	NT=single cell;AC=PRIDE:0000897	not pooled	untreated	not applicable	not applicable	not applicable	cellenONE	H11_Slot2-29	1	25	run 78	proteomic profiling by mass spectrometry	NT=timsTOF SCP;AC=MS:1003231	NT=label free sample;AC=MS:1002038	NT=Oxidation;AC=UNIMOD:35;TA=M;MT=Variable	NT=Acetyl;AC=UNIMOD:1;PP=Protein N-term;MT=Variable	NT=Acetyl;AC=UNIMOD:1;TA=K;MT=Variable	NT=Phospho;AC=UNIMOD:21;TA=S,T,Y;MT=Variable	NT=Methyl;AC=UNIMOD:34;TA=K;MT=Variable	NT=Dimethyl;AC=UNIMOD:36;TA=K;MT=Variable	NT=Trimethyl;AC=UNIMOD:37;TA=K;MT=Variable	NT=Formyl;AC=UNIMOD:122;TA=K;MT=Variable	NT=Trypsin;AC=MS:1001251	NT=Data-independent acquisition;AC=PRIDE:0000450	NT=beam-type collision-induced dissociation;AC=MS:1000422	not available	not available	not applicable	not applicable	1	1	HuCCT_H11_DIA_IO_L15_Slot2-29_1_4382.d	v1.1.0	NT=ms-proteomics;VV=v1.1.0	NT=human;VV=v1.1.0	NT=cell-lines;VV=v1.1.0	NT=single-cell;VV=v1.0.0	NT=clinical-metadata;VV=v1.0.0	manual curation	NT=HuCCT-1 cell;AC=BTO:0003911	untreated
HuCCT_H2_Slot2-20	NT=Homo sapiens;AC=NCBITaxon:9606	NT=ascitic fluid;AC=UBERON:0007795	NT=epithelial cell;AC=CL:0000066	NT=intrahepatic cholangiocarcinoma;AC=MONDO:0003210	NT=HuCCT-1 cell;AC=BTO:0003911	CVCL_0324	HuCC-T1	56Y	male	NT=Japanese;AC=HANCESTRO:0019	NT=Roswell Park Memorial Institute 1640 Medium;AC=NCIT:C178973	cell	NT=single cell;AC=PRIDE:0000897	not pooled	untreated	not applicable	not applicable	not applicable	cellenONE	H2_Slot2-20	1	26	run 79	proteomic profiling by mass spectrometry	NT=timsTOF SCP;AC=MS:1003231	NT=label free sample;AC=MS:1002038	NT=Oxidation;AC=UNIMOD:35;TA=M;MT=Variable	NT=Acetyl;AC=UNIMOD:1;PP=Protein N-term;MT=Variable	NT=Acetyl;AC=UNIMOD:1;TA=K;MT=Variable	NT=Phospho;AC=UNIMOD:21;TA=S,T,Y;MT=Variable	NT=Methyl;AC=UNIMOD:34;TA=K;MT=Variable	NT=Dimethyl;AC=UNIMOD:36;TA=K;MT=Variable	NT=Trimethyl;AC=UNIMOD:37;TA=K;MT=Variable	NT=Formyl;AC=UNIMOD:122;TA=K;MT=Variable	NT=Trypsin;AC=MS:1001251	NT=Data-independent acquisition;AC=PRIDE:0000450	NT=beam-type collision-induced dissociation;AC=MS:1000422	not available	not available	not applicable	not applicable	1	1	HuCCT_H2_DIA_IO_L15_Slot2-20_1_4370.d	v1.1.0	NT=ms-proteomics;VV=v1.1.0	NT=human;VV=v1.1.0	NT=cell-lines;VV=v1.1.0	NT=single-cell;VV=v1.0.0	NT=clinical-metadata;VV=v1.0.0	manual curation	NT=HuCCT-1 cell;AC=BTO:0003911	untreated
HuCCT_H3_Slot2-21	NT=Homo sapiens;AC=NCBITaxon:9606	NT=ascitic fluid;AC=UBERON:0007795	NT=epithelial cell;AC=CL:0000066	NT=intrahepatic cholangiocarcinoma;AC=MONDO:0003210	NT=HuCCT-1 cell;AC=BTO:0003911	CVCL_0324	HuCC-T1	56Y	male	NT=Japanese;AC=HANCESTRO:0019	NT=Roswell Park Memorial Institute 1640 Medium;AC=NCIT:C178973	cell	NT=single cell;AC=PRIDE:0000897	not pooled	untreated	not applicable	not applicable	not applicable	cellenONE	H3_Slot2-21	1	27	run 80	proteomic profiling by mass spectrometry	NT=timsTOF SCP;AC=MS:1003231	NT=label free sample;AC=MS:1002038	NT=Oxidation;AC=UNIMOD:35;TA=M;MT=Variable	NT=Acetyl;AC=UNIMOD:1;PP=Protein N-term;MT=Variable	NT=Acetyl;AC=UNIMOD:1;TA=K;MT=Variable	NT=Phospho;AC=UNIMOD:21;TA=S,T,Y;MT=Variable	NT=Methyl;AC=UNIMOD:34;TA=K;MT=Variable	NT=Dimethyl;AC=UNIMOD:36;TA=K;MT=Variable	NT=Trimethyl;AC=UNIMOD:37;TA=K;MT=Variable	NT=Formyl;AC=UNIMOD:122;TA=K;MT=Variable	NT=Trypsin;AC=MS:1001251	NT=Data-independent acquisition;AC=PRIDE:0000450	NT=beam-type collision-induced dissociation;AC=MS:1000422	not available	not available	not applicable	not applicable	1	1	HuCCT_H3_DIA_IO_L15_Slot2-21_1_4371.d	v1.1.0	NT=ms-proteomics;VV=v1.1.0	NT=human;VV=v1.1.0	NT=cell-lines;VV=v1.1.0	NT=single-cell;VV=v1.0.0	NT=clinical-metadata;VV=v1.0.0	manual curation	NT=HuCCT-1 cell;AC=BTO:0003911	untreated
HuCCT_H4_Slot2-22	NT=Homo sapiens;AC=NCBITaxon:9606	NT=ascitic fluid;AC=UBERON:0007795	NT=epithelial cell;AC=CL:0000066	NT=intrahepatic cholangiocarcinoma;AC=MONDO:0003210	NT=HuCCT-1 cell;AC=BTO:0003911	CVCL_0324	HuCC-T1	56Y	male	NT=Japanese;AC=HANCESTRO:0019	NT=Roswell Park Memorial Institute 1640 Medium;AC=NCIT:C178973	cell	NT=single cell;AC=PRIDE:0000897	not pooled	untreated	not applicable	not applicable	not applicable	cellenONE	H4_Slot2-22	1	28	run 81	proteomic profiling by mass spectrometry	NT=timsTOF SCP;AC=MS:1003231	NT=label free sample;AC=MS:1002038	NT=Oxidation;AC=UNIMOD:35;TA=M;MT=Variable	NT=Acetyl;AC=UNIMOD:1;PP=Protein N-term;MT=Variable	NT=Acetyl;AC=UNIMOD:1;TA=K;MT=Variable	NT=Phospho;AC=UNIMOD:21;TA=S,T,Y;MT=Variable	NT=Methyl;AC=UNIMOD:34;TA=K;MT=Variable	NT=Dimethyl;AC=UNIMOD:36;TA=K;MT=Variable	NT=Trimethyl;AC=UNIMOD:37;TA=K;MT=Variable	NT=Formyl;AC=UNIMOD:122;TA=K;MT=Variable	NT=Trypsin;AC=MS:1001251	NT=Data-independent acquisition;AC=PRIDE:0000450	NT=beam-type collision-induced dissociation;AC=MS:1000422	not available	not available	not applicable	not applicable	1	1	HuCCT_H4_DIA_IO_L15_Slot2-22_1_4372.d	v1.1.0	NT=ms-proteomics;VV=v1.1.0	NT=human;VV=v1.1.0	NT=cell-lines;VV=v1.1.0	NT=single-cell;VV=v1.0.0	NT=clinical-metadata;VV=v1.0.0	manual curation	NT=HuCCT-1 cell;AC=BTO:0003911	untreated
HuCCT_H5_Slot2-23	NT=Homo sapiens;AC=NCBITaxon:9606	NT=ascitic fluid;AC=UBERON:0007795	NT=epithelial cell;AC=CL:0000066	NT=intrahepatic cholangiocarcinoma;AC=MONDO:0003210	NT=HuCCT-1 cell;AC=BTO:0003911	CVCL_0324	HuCC-T1	56Y	male	NT=Japanese;AC=HANCESTRO:0019	NT=Roswell Park Memorial Institute 1640 Medium;AC=NCIT:C178973	cell	NT=single cell;AC=PRIDE:0000897	not pooled	untreated	not applicable	not applicable	not applicable	cellenONE	H5_Slot2-23	1	29	run 82	proteomic profiling by mass spectrometry	NT=timsTOF SCP;AC=MS:1003231	NT=label free sample;AC=MS:1002038	NT=Oxidation;AC=UNIMOD:35;TA=M;MT=Variable	NT=Acetyl;AC=UNIMOD:1;PP=Protein N-term;MT=Variable	NT=Acetyl;AC=UNIMOD:1;TA=K;MT=Variable	NT=Phospho;AC=UNIMOD:21;TA=S,T,Y;MT=Variable	NT=Methyl;AC=UNIMOD:34;TA=K;MT=Variable	NT=Dimethyl;AC=UNIMOD:36;TA=K;MT=Variable	NT=Trimethyl;AC=UNIMOD:37;TA=K;MT=Variable	NT=Formyl;AC=UNIMOD:122;TA=K;MT=Variable	NT=Trypsin;AC=MS:1001251	NT=Data-independent acquisition;AC=PRIDE:0000450	NT=beam-type collision-induced dissociation;AC=MS:1000422	not available	not available	not applicable	not applicable	1	1	HuCCT_H5_DIA_IO_L15_Slot2-23_1_4373.d	v1.1.0	NT=ms-proteomics;VV=v1.1.0	NT=human;VV=v1.1.0	NT=cell-lines;VV=v1.1.0	NT=single-cell;VV=v1.0.0	NT=clinical-metadata;VV=v1.0.0	manual curation	NT=HuCCT-1 cell;AC=BTO:0003911	untreated
HuCCT_H6_Slot2-24	NT=Homo sapiens;AC=NCBITaxon:9606	NT=ascitic fluid;AC=UBERON:0007795	NT=epithelial cell;AC=CL:0000066	NT=intrahepatic cholangiocarcinoma;AC=MONDO:0003210	NT=HuCCT-1 cell;AC=BTO:0003911	CVCL_0324	HuCC-T1	56Y	male	NT=Japanese;AC=HANCESTRO:0019	NT=Roswell Park Memorial Institute 1640 Medium;AC=NCIT:C178973	cell	NT=single cell;AC=PRIDE:0000897	not pooled	untreated	not applicable	not applicable	not applicable	cellenONE	H6_Slot2-24	1	30	run 83	proteomic profiling by mass spectrometry	NT=timsTOF SCP;AC=MS:1003231	NT=label free sample;AC=MS:1002038	NT=Oxidation;AC=UNIMOD:35;TA=M;MT=Variable	NT=Acetyl;AC=UNIMOD:1;PP=Protein N-term;MT=Variable	NT=Acetyl;AC=UNIMOD:1;TA=K;MT=Variable	NT=Phospho;AC=UNIMOD:21;TA=S,T,Y;MT=Variable	NT=Methyl;AC=UNIMOD:34;TA=K;MT=Variable	NT=Dimethyl;AC=UNIMOD:36;TA=K;MT=Variable	NT=Trimethyl;AC=UNIMOD:37;TA=K;MT=Variable	NT=Formyl;AC=UNIMOD:122;TA=K;MT=Variable	NT=Trypsin;AC=MS:1001251	NT=Data-independent acquisition;AC=PRIDE:0000450	NT=beam-type collision-induced dissociation;AC=MS:1000422	not available	not available	not applicable	not applicable	1	1	HuCCT_H6_DIA_IO_L15_Slot2-24_1_4374.d	v1.1.0	NT=ms-proteomics;VV=v1.1.0	NT=human;VV=v1.1.0	NT=cell-lines;VV=v1.1.0	NT=single-cell;VV=v1.0.0	NT=clinical-metadata;VV=v1.0.0	manual curation	NT=HuCCT-1 cell;AC=BTO:0003911	untreated
HuCCT_H6_Slot2-25	NT=Homo sapiens;AC=NCBITaxon:9606	NT=ascitic fluid;AC=UBERON:0007795	NT=epithelial cell;AC=CL:0000066	NT=intrahepatic cholangiocarcinoma;AC=MONDO:0003210	NT=HuCCT-1 cell;AC=BTO:0003911	CVCL_0324	HuCC-T1	56Y	male	NT=Japanese;AC=HANCESTRO:0019	NT=Roswell Park Memorial Institute 1640 Medium;AC=NCIT:C178973	cell	NT=single cell;AC=PRIDE:0000897	not pooled	untreated	not applicable	not applicable	not applicable	cellenONE	H6_Slot2-25	1	31	run 84	proteomic profiling by mass spectrometry	NT=timsTOF SCP;AC=MS:1003231	NT=label free sample;AC=MS:1002038	NT=Oxidation;AC=UNIMOD:35;TA=M;MT=Variable	NT=Acetyl;AC=UNIMOD:1;PP=Protein N-term;MT=Variable	NT=Acetyl;AC=UNIMOD:1;TA=K;MT=Variable	NT=Phospho;AC=UNIMOD:21;TA=S,T,Y;MT=Variable	NT=Methyl;AC=UNIMOD:34;TA=K;MT=Variable	NT=Dimethyl;AC=UNIMOD:36;TA=K;MT=Variable	NT=Trimethyl;AC=UNIMOD:37;TA=K;MT=Variable	NT=Formyl;AC=UNIMOD:122;TA=K;MT=Variable	NT=Trypsin;AC=MS:1001251	NT=Data-independent acquisition;AC=PRIDE:0000450	NT=beam-type collision-induced dissociation;AC=MS:1000422	not available	not available	not applicable	not applicable	1	1	HuCCT_H6_DIA_IO_L15_Slot2-25_1_4375.d	v1.1.0	NT=ms-proteomics;VV=v1.1.0	NT=human;VV=v1.1.0	NT=cell-lines;VV=v1.1.0	NT=single-cell;VV=v1.0.0	NT=clinical-metadata;VV=v1.0.0	manual curation	NT=HuCCT-1 cell;AC=BTO:0003911	untreated
HuCCT_H9_Slot2-27	NT=Homo sapiens;AC=NCBITaxon:9606	NT=ascitic fluid;AC=UBERON:0007795	NT=epithelial cell;AC=CL:0000066	NT=intrahepatic cholangiocarcinoma;AC=MONDO:0003210	NT=HuCCT-1 cell;AC=BTO:0003911	CVCL_0324	HuCC-T1	56Y	male	NT=Japanese;AC=HANCESTRO:0019	NT=Roswell Park Memorial Institute 1640 Medium;AC=NCIT:C178973	cell	NT=single cell;AC=PRIDE:0000897	not pooled	untreated	not applicable	not applicable	not applicable	cellenONE	H9_Slot2-27	1	32	run 85	proteomic profiling by mass spectrometry	NT=timsTOF SCP;AC=MS:1003231	NT=label free sample;AC=MS:1002038	NT=Oxidation;AC=UNIMOD:35;TA=M;MT=Variable	NT=Acetyl;AC=UNIMOD:1;PP=Protein N-term;MT=Variable	NT=Acetyl;AC=UNIMOD:1;TA=K;MT=Variable	NT=Phospho;AC=UNIMOD:21;TA=S,T,Y;MT=Variable	NT=Methyl;AC=UNIMOD:34;TA=K;MT=Variable	NT=Dimethyl;AC=UNIMOD:36;TA=K;MT=Variable	NT=Trimethyl;AC=UNIMOD:37;TA=K;MT=Variable	NT=Formyl;AC=UNIMOD:122;TA=K;MT=Variable	NT=Trypsin;AC=MS:1001251	NT=Data-independent acquisition;AC=PRIDE:0000450	NT=beam-type collision-induced dissociation;AC=MS:1000422	not available	not available	not applicable	not applicable	1	1	HuCCT_H9_DIA_IO_L15_Slot2-27_1_4377.d	v1.1.0	NT=ms-proteomics;VV=v1.1.0	NT=human;VV=v1.1.0	NT=cell-lines;VV=v1.1.0	NT=single-cell;VV=v1.0.0	NT=clinical-metadata;VV=v1.0.0	manual curation	NT=HuCCT-1 cell;AC=BTO:0003911	untreated
HuCCT_I10_Slot2-38	NT=Homo sapiens;AC=NCBITaxon:9606	NT=ascitic fluid;AC=UBERON:0007795	NT=epithelial cell;AC=CL:0000066	NT=intrahepatic cholangiocarcinoma;AC=MONDO:0003210	NT=HuCCT-1 cell;AC=BTO:0003911	CVCL_0324	HuCC-T1	56Y	male	NT=Japanese;AC=HANCESTRO:0019	NT=Roswell Park Memorial Institute 1640 Medium;AC=NCIT:C178973	cell	NT=single cell;AC=PRIDE:0000897	not pooled	untreated	not applicable	not applicable	not applicable	cellenONE	I10_Slot2-38	1	33	run 86	proteomic profiling by mass spectrometry	NT=timsTOF SCP;AC=MS:1003231	NT=label free sample;AC=MS:1002038	NT=Oxidation;AC=UNIMOD:35;TA=M;MT=Variable	NT=Acetyl;AC=UNIMOD:1;PP=Protein N-term;MT=Variable	NT=Acetyl;AC=UNIMOD:1;TA=K;MT=Variable	NT=Phospho;AC=UNIMOD:21;TA=S,T,Y;MT=Variable	NT=Methyl;AC=UNIMOD:34;TA=K;MT=Variable	NT=Dimethyl;AC=UNIMOD:36;TA=K;MT=Variable	NT=Trimethyl;AC=UNIMOD:37;TA=K;MT=Variable	NT=Formyl;AC=UNIMOD:122;TA=K;MT=Variable	NT=Trypsin;AC=MS:1001251	NT=Data-independent acquisition;AC=PRIDE:0000450	NT=beam-type collision-induced dissociation;AC=MS:1000422	not available	not available	not applicable	not applicable	1	1	HuCCT_I10_DIA_IO_L15_Slot2-38_1_4429.d	v1.1.0	NT=ms-proteomics;VV=v1.1.0	NT=human;VV=v1.1.0	NT=cell-lines;VV=v1.1.0	NT=single-cell;VV=v1.0.0	NT=clinical-metadata;VV=v1.0.0	manual curation	NT=HuCCT-1 cell;AC=BTO:0003911	untreated
HuCCT_I11_Slot2-39	NT=Homo sapiens;AC=NCBITaxon:9606	NT=ascitic fluid;AC=UBERON:0007795	NT=epithelial cell;AC=CL:0000066	NT=intrahepatic cholangiocarcinoma;AC=MONDO:0003210	NT=HuCCT-1 cell;AC=BTO:0003911	CVCL_0324	HuCC-T1	56Y	male	NT=Japanese;AC=HANCESTRO:0019	NT=Roswell Park Memorial Institute 1640 Medium;AC=NCIT:C178973	cell	NT=single cell;AC=PRIDE:0000897	not pooled	untreated	not applicable	not applicable	not applicable	cellenONE	I11_Slot2-39	1	34	run 87	proteomic profiling by mass spectrometry	NT=timsTOF SCP;AC=MS:1003231	NT=label free sample;AC=MS:1002038	NT=Oxidation;AC=UNIMOD:35;TA=M;MT=Variable	NT=Acetyl;AC=UNIMOD:1;PP=Protein N-term;MT=Variable	NT=Acetyl;AC=UNIMOD:1;TA=K;MT=Variable	NT=Phospho;AC=UNIMOD:21;TA=S,T,Y;MT=Variable	NT=Methyl;AC=UNIMOD:34;TA=K;MT=Variable	NT=Dimethyl;AC=UNIMOD:36;TA=K;MT=Variable	NT=Trimethyl;AC=UNIMOD:37;TA=K;MT=Variable	NT=Formyl;AC=UNIMOD:122;TA=K;MT=Variable	NT=Trypsin;AC=MS:1001251	NT=Data-independent acquisition;AC=PRIDE:0000450	NT=beam-type collision-induced dissociation;AC=MS:1000422	not available	not available	not applicable	not applicable	1	1	HuCCT_I11_DIA_IO_L15_Slot2-39_1_4430.d	v1.1.0	NT=ms-proteomics;VV=v1.1.0	NT=human;VV=v1.1.0	NT=cell-lines;VV=v1.1.0	NT=single-cell;VV=v1.0.0	NT=clinical-metadata;VV=v1.0.0	manual curation	NT=HuCCT-1 cell;AC=BTO:0003911	untreated
HuCCT_I3_Slot2-31	NT=Homo sapiens;AC=NCBITaxon:9606	NT=ascitic fluid;AC=UBERON:0007795	NT=epithelial cell;AC=CL:0000066	NT=intrahepatic cholangiocarcinoma;AC=MONDO:0003210	NT=HuCCT-1 cell;AC=BTO:0003911	CVCL_0324	HuCC-T1	56Y	male	NT=Japanese;AC=HANCESTRO:0019	NT=Roswell Park Memorial Institute 1640 Medium;AC=NCIT:C178973	cell	NT=single cell;AC=PRIDE:0000897	not pooled	untreated	not applicable	not applicable	not applicable	cellenONE	I3_Slot2-31	1	35	run 88	proteomic profiling by mass spectrometry	NT=timsTOF SCP;AC=MS:1003231	NT=label free sample;AC=MS:1002038	NT=Oxidation;AC=UNIMOD:35;TA=M;MT=Variable	NT=Acetyl;AC=UNIMOD:1;PP=Protein N-term;MT=Variable	NT=Acetyl;AC=UNIMOD:1;TA=K;MT=Variable	NT=Phospho;AC=UNIMOD:21;TA=S,T,Y;MT=Variable	NT=Methyl;AC=UNIMOD:34;TA=K;MT=Variable	NT=Dimethyl;AC=UNIMOD:36;TA=K;MT=Variable	NT=Trimethyl;AC=UNIMOD:37;TA=K;MT=Variable	NT=Formyl;AC=UNIMOD:122;TA=K;MT=Variable	NT=Trypsin;AC=MS:1001251	NT=Data-independent acquisition;AC=PRIDE:0000450	NT=beam-type collision-induced dissociation;AC=MS:1000422	not available	not available	not applicable	not applicable	1	1	HuCCT_I3_DIA_IO_L15_Slot2-31_1_4422.d	v1.1.0	NT=ms-proteomics;VV=v1.1.0	NT=human;VV=v1.1.0	NT=cell-lines;VV=v1.1.0	NT=single-cell;VV=v1.0.0	NT=clinical-metadata;VV=v1.0.0	manual curation	NT=HuCCT-1 cell;AC=BTO:0003911	untreated
HuCCT_I4_Slot2-32	NT=Homo sapiens;AC=NCBITaxon:9606	NT=ascitic fluid;AC=UBERON:0007795	NT=epithelial cell;AC=CL:0000066	NT=intrahepatic cholangiocarcinoma;AC=MONDO:0003210	NT=HuCCT-1 cell;AC=BTO:0003911	CVCL_0324	HuCC-T1	56Y	male	NT=Japanese;AC=HANCESTRO:0019	NT=Roswell Park Memorial Institute 1640 Medium;AC=NCIT:C178973	cell	NT=single cell;AC=PRIDE:0000897	not pooled	untreated	not applicable	not applicable	not applicable	cellenONE	I4_Slot2-32	1	36	run 89	proteomic profiling by mass spectrometry	NT=timsTOF SCP;AC=MS:1003231	NT=label free sample;AC=MS:1002038	NT=Oxidation;AC=UNIMOD:35;TA=M;MT=Variable	NT=Acetyl;AC=UNIMOD:1;PP=Protein N-term;MT=Variable	NT=Acetyl;AC=UNIMOD:1;TA=K;MT=Variable	NT=Phospho;AC=UNIMOD:21;TA=S,T,Y;MT=Variable	NT=Methyl;AC=UNIMOD:34;TA=K;MT=Variable	NT=Dimethyl;AC=UNIMOD:36;TA=K;MT=Variable	NT=Trimethyl;AC=UNIMOD:37;TA=K;MT=Variable	NT=Formyl;AC=UNIMOD:122;TA=K;MT=Variable	NT=Trypsin;AC=MS:1001251	NT=Data-independent acquisition;AC=PRIDE:0000450	NT=beam-type collision-induced dissociation;AC=MS:1000422	not available	not available	not applicable	not applicable	1	1	HuCCT_I4_DIA_IO_L15_Slot2-32_1_4423.d	v1.1.0	NT=ms-proteomics;VV=v1.1.0	NT=human;VV=v1.1.0	NT=cell-lines;VV=v1.1.0	NT=single-cell;VV=v1.0.0	NT=clinical-metadata;VV=v1.0.0	manual curation	NT=HuCCT-1 cell;AC=BTO:0003911	untreated
HuCCT_I5_Slot2-33	NT=Homo sapiens;AC=NCBITaxon:9606	NT=ascitic fluid;AC=UBERON:0007795	NT=epithelial cell;AC=CL:0000066	NT=intrahepatic cholangiocarcinoma;AC=MONDO:0003210	NT=HuCCT-1 cell;AC=BTO:0003911	CVCL_0324	HuCC-T1	56Y	male	NT=Japanese;AC=HANCESTRO:0019	NT=Roswell Park Memorial Institute 1640 Medium;AC=NCIT:C178973	cell	NT=single cell;AC=PRIDE:0000897	not pooled	untreated	not applicable	not applicable	not applicable	cellenONE	I5_Slot2-33	1	37	run 90	proteomic profiling by mass spectrometry	NT=timsTOF SCP;AC=MS:1003231	NT=label free sample;AC=MS:1002038	NT=Oxidation;AC=UNIMOD:35;TA=M;MT=Variable	NT=Acetyl;AC=UNIMOD:1;PP=Protein N-term;MT=Variable	NT=Acetyl;AC=UNIMOD:1;TA=K;MT=Variable	NT=Phospho;AC=UNIMOD:21;TA=S,T,Y;MT=Variable	NT=Methyl;AC=UNIMOD:34;TA=K;MT=Variable	NT=Dimethyl;AC=UNIMOD:36;TA=K;MT=Variable	NT=Trimethyl;AC=UNIMOD:37;TA=K;MT=Variable	NT=Formyl;AC=UNIMOD:122;TA=K;MT=Variable	NT=Trypsin;AC=MS:1001251	NT=Data-independent acquisition;AC=PRIDE:0000450	NT=beam-type collision-induced dissociation;AC=MS:1000422	not available	not available	not applicable	not applicable	1	1	HuCCT_I5_DIA_IO_L15_Slot2-33_1_4424.d	v1.1.0	NT=ms-proteomics;VV=v1.1.0	NT=human;VV=v1.1.0	NT=cell-lines;VV=v1.1.0	NT=single-cell;VV=v1.0.0	NT=clinical-metadata;VV=v1.0.0	manual curation	NT=HuCCT-1 cell;AC=BTO:0003911	untreated
HuCCT_I6_Slot2-34	NT=Homo sapiens;AC=NCBITaxon:9606	NT=ascitic fluid;AC=UBERON:0007795	NT=epithelial cell;AC=CL:0000066	NT=intrahepatic cholangiocarcinoma;AC=MONDO:0003210	NT=HuCCT-1 cell;AC=BTO:0003911	CVCL_0324	HuCC-T1	56Y	male	NT=Japanese;AC=HANCESTRO:0019	NT=Roswell Park Memorial Institute 1640 Medium;AC=NCIT:C178973	cell	NT=single cell;AC=PRIDE:0000897	not pooled	untreated	not applicable	not applicable	not applicable	cellenONE	I6_Slot2-34	1	38	run 91	proteomic profiling by mass spectrometry	NT=timsTOF SCP;AC=MS:1003231	NT=label free sample;AC=MS:1002038	NT=Oxidation;AC=UNIMOD:35;TA=M;MT=Variable	NT=Acetyl;AC=UNIMOD:1;PP=Protein N-term;MT=Variable	NT=Acetyl;AC=UNIMOD:1;TA=K;MT=Variable	NT=Phospho;AC=UNIMOD:21;TA=S,T,Y;MT=Variable	NT=Methyl;AC=UNIMOD:34;TA=K;MT=Variable	NT=Dimethyl;AC=UNIMOD:36;TA=K;MT=Variable	NT=Trimethyl;AC=UNIMOD:37;TA=K;MT=Variable	NT=Formyl;AC=UNIMOD:122;TA=K;MT=Variable	NT=Trypsin;AC=MS:1001251	NT=Data-independent acquisition;AC=PRIDE:0000450	NT=beam-type collision-induced dissociation;AC=MS:1000422	not available	not available	not applicable	not applicable	1	1	HuCCT_I6_DIA_IO_L15_Slot2-34_1_4425.d	v1.1.0	NT=ms-proteomics;VV=v1.1.0	NT=human;VV=v1.1.0	NT=cell-lines;VV=v1.1.0	NT=single-cell;VV=v1.0.0	NT=clinical-metadata;VV=v1.0.0	manual curation	NT=HuCCT-1 cell;AC=BTO:0003911	untreated
HuCCT_I7_Slot2-35	NT=Homo sapiens;AC=NCBITaxon:9606	NT=ascitic fluid;AC=UBERON:0007795	NT=epithelial cell;AC=CL:0000066	NT=intrahepatic cholangiocarcinoma;AC=MONDO:0003210	NT=HuCCT-1 cell;AC=BTO:0003911	CVCL_0324	HuCC-T1	56Y	male	NT=Japanese;AC=HANCESTRO:0019	NT=Roswell Park Memorial Institute 1640 Medium;AC=NCIT:C178973	cell	NT=single cell;AC=PRIDE:0000897	not pooled	untreated	not applicable	not applicable	not applicable	cellenONE	I7_Slot2-35	1	39	run 92	proteomic profiling by mass spectrometry	NT=timsTOF SCP;AC=MS:1003231	NT=label free sample;AC=MS:1002038	NT=Oxidation;AC=UNIMOD:35;TA=M;MT=Variable	NT=Acetyl;AC=UNIMOD:1;PP=Protein N-term;MT=Variable	NT=Acetyl;AC=UNIMOD:1;TA=K;MT=Variable	NT=Phospho;AC=UNIMOD:21;TA=S,T,Y;MT=Variable	NT=Methyl;AC=UNIMOD:34;TA=K;MT=Variable	NT=Dimethyl;AC=UNIMOD:36;TA=K;MT=Variable	NT=Trimethyl;AC=UNIMOD:37;TA=K;MT=Variable	NT=Formyl;AC=UNIMOD:122;TA=K;MT=Variable	NT=Trypsin;AC=MS:1001251	NT=Data-independent acquisition;AC=PRIDE:0000450	NT=beam-type collision-induced dissociation;AC=MS:1000422	not available	not available	not applicable	not applicable	1	1	HuCCT_I7_DIA_IO_L15_Slot2-35_1_4426.d	v1.1.0	NT=ms-proteomics;VV=v1.1.0	NT=human;VV=v1.1.0	NT=cell-lines;VV=v1.1.0	NT=single-cell;VV=v1.0.0	NT=clinical-metadata;VV=v1.0.0	manual curation	NT=HuCCT-1 cell;AC=BTO:0003911	untreated
HuCCT_I8_Slot2-36	NT=Homo sapiens;AC=NCBITaxon:9606	NT=ascitic fluid;AC=UBERON:0007795	NT=epithelial cell;AC=CL:0000066	NT=intrahepatic cholangiocarcinoma;AC=MONDO:0003210	NT=HuCCT-1 cell;AC=BTO:0003911	CVCL_0324	HuCC-T1	56Y	male	NT=Japanese;AC=HANCESTRO:0019	NT=Roswell Park Memorial Institute 1640 Medium;AC=NCIT:C178973	cell	NT=single cell;AC=PRIDE:0000897	not pooled	untreated	not applicable	not applicable	not applicable	cellenONE	I8_Slot2-36	1	40	run 93	proteomic profiling by mass spectrometry	NT=timsTOF SCP;AC=MS:1003231	NT=label free sample;AC=MS:1002038	NT=Oxidation;AC=UNIMOD:35;TA=M;MT=Variable	NT=Acetyl;AC=UNIMOD:1;PP=Protein N-term;MT=Variable	NT=Acetyl;AC=UNIMOD:1;TA=K;MT=Variable	NT=Phospho;AC=UNIMOD:21;TA=S,T,Y;MT=Variable	NT=Methyl;AC=UNIMOD:34;TA=K;MT=Variable	NT=Dimethyl;AC=UNIMOD:36;TA=K;MT=Variable	NT=Trimethyl;AC=UNIMOD:37;TA=K;MT=Variable	NT=Formyl;AC=UNIMOD:122;TA=K;MT=Variable	NT=Trypsin;AC=MS:1001251	NT=Data-independent acquisition;AC=PRIDE:0000450	NT=beam-type collision-induced dissociation;AC=MS:1000422	not available	not available	not applicable	not applicable	1	1	HuCCT_I8_DIA_IO_L15_Slot2-36_1_4427.d	v1.1.0	NT=ms-proteomics;VV=v1.1.0	NT=human;VV=v1.1.0	NT=cell-lines;VV=v1.1.0	NT=single-cell;VV=v1.0.0	NT=clinical-metadata;VV=v1.0.0	manual curation	NT=HuCCT-1 cell;AC=BTO:0003911	untreated
HuCCT_I9_Slot2-37	NT=Homo sapiens;AC=NCBITaxon:9606	NT=ascitic fluid;AC=UBERON:0007795	NT=epithelial cell;AC=CL:0000066	NT=intrahepatic cholangiocarcinoma;AC=MONDO:0003210	NT=HuCCT-1 cell;AC=BTO:0003911	CVCL_0324	HuCC-T1	56Y	male	NT=Japanese;AC=HANCESTRO:0019	NT=Roswell Park Memorial Institute 1640 Medium;AC=NCIT:C178973	cell	NT=single cell;AC=PRIDE:0000897	not pooled	untreated	not applicable	not applicable	not applicable	cellenONE	I9_Slot2-37	1	41	run 94	proteomic profiling by mass spectrometry	NT=timsTOF SCP;AC=MS:1003231	NT=label free sample;AC=MS:1002038	NT=Oxidation;AC=UNIMOD:35;TA=M;MT=Variable	NT=Acetyl;AC=UNIMOD:1;PP=Protein N-term;MT=Variable	NT=Acetyl;AC=UNIMOD:1;TA=K;MT=Variable	NT=Phospho;AC=UNIMOD:21;TA=S,T,Y;MT=Variable	NT=Methyl;AC=UNIMOD:34;TA=K;MT=Variable	NT=Dimethyl;AC=UNIMOD:36;TA=K;MT=Variable	NT=Trimethyl;AC=UNIMOD:37;TA=K;MT=Variable	NT=Formyl;AC=UNIMOD:122;TA=K;MT=Variable	NT=Trypsin;AC=MS:1001251	NT=Data-independent acquisition;AC=PRIDE:0000450	NT=beam-type collision-induced dissociation;AC=MS:1000422	not available	not available	not applicable	not applicable	1	1	HuCCT_I9_DIA_IO_L15_Slot2-37_1_4428.d	v1.1.0	NT=ms-proteomics;VV=v1.1.0	NT=human;VV=v1.1.0	NT=cell-lines;VV=v1.1.0	NT=single-cell;VV=v1.0.0	NT=clinical-metadata;VV=v1.0.0	manual curation	NT=HuCCT-1 cell;AC=BTO:0003911	untreated
HuCCT_J10_Slot2-48	NT=Homo sapiens;AC=NCBITaxon:9606	NT=ascitic fluid;AC=UBERON:0007795	NT=epithelial cell;AC=CL:0000066	NT=intrahepatic cholangiocarcinoma;AC=MONDO:0003210	NT=HuCCT-1 cell;AC=BTO:0003911	CVCL_0324	HuCC-T1	56Y	male	NT=Japanese;AC=HANCESTRO:0019	NT=Roswell Park Memorial Institute 1640 Medium;AC=NCIT:C178973	cell	NT=single cell;AC=PRIDE:0000897	not pooled	untreated	not applicable	not applicable	not applicable	cellenONE	J10_Slot2-48	1	42	run 95	proteomic profiling by mass spectrometry	NT=timsTOF SCP;AC=MS:1003231	NT=label free sample;AC=MS:1002038	NT=Oxidation;AC=UNIMOD:35;TA=M;MT=Variable	NT=Acetyl;AC=UNIMOD:1;PP=Protein N-term;MT=Variable	NT=Acetyl;AC=UNIMOD:1;TA=K;MT=Variable	NT=Phospho;AC=UNIMOD:21;TA=S,T,Y;MT=Variable	NT=Methyl;AC=UNIMOD:34;TA=K;MT=Variable	NT=Dimethyl;AC=UNIMOD:36;TA=K;MT=Variable	NT=Trimethyl;AC=UNIMOD:37;TA=K;MT=Variable	NT=Formyl;AC=UNIMOD:122;TA=K;MT=Variable	NT=Trypsin;AC=MS:1001251	NT=Data-independent acquisition;AC=PRIDE:0000450	NT=beam-type collision-induced dissociation;AC=MS:1000422	not available	not available	not applicable	not applicable	1	1	HuCCT_J10_DIA_IO_L15_Slot2-48_1_4439.d	v1.1.0	NT=ms-proteomics;VV=v1.1.0	NT=human;VV=v1.1.0	NT=cell-lines;VV=v1.1.0	NT=single-cell;VV=v1.0.0	NT=clinical-metadata;VV=v1.0.0	manual curation	NT=HuCCT-1 cell;AC=BTO:0003911	untreated
HuCCT_J2_Slot2-40	NT=Homo sapiens;AC=NCBITaxon:9606	NT=ascitic fluid;AC=UBERON:0007795	NT=epithelial cell;AC=CL:0000066	NT=intrahepatic cholangiocarcinoma;AC=MONDO:0003210	NT=HuCCT-1 cell;AC=BTO:0003911	CVCL_0324	HuCC-T1	56Y	male	NT=Japanese;AC=HANCESTRO:0019	NT=Roswell Park Memorial Institute 1640 Medium;AC=NCIT:C178973	cell	NT=single cell;AC=PRIDE:0000897	not pooled	untreated	not applicable	not applicable	not applicable	cellenONE	J2_Slot2-40	1	43	run 96	proteomic profiling by mass spectrometry	NT=timsTOF SCP;AC=MS:1003231	NT=label free sample;AC=MS:1002038	NT=Oxidation;AC=UNIMOD:35;TA=M;MT=Variable	NT=Acetyl;AC=UNIMOD:1;PP=Protein N-term;MT=Variable	NT=Acetyl;AC=UNIMOD:1;TA=K;MT=Variable	NT=Phospho;AC=UNIMOD:21;TA=S,T,Y;MT=Variable	NT=Methyl;AC=UNIMOD:34;TA=K;MT=Variable	NT=Dimethyl;AC=UNIMOD:36;TA=K;MT=Variable	NT=Trimethyl;AC=UNIMOD:37;TA=K;MT=Variable	NT=Formyl;AC=UNIMOD:122;TA=K;MT=Variable	NT=Trypsin;AC=MS:1001251	NT=Data-independent acquisition;AC=PRIDE:0000450	NT=beam-type collision-induced dissociation;AC=MS:1000422	not available	not available	not applicable	not applicable	1	1	HuCCT_J2_DIA_IO_L15_Slot2-40_1_4431.d	v1.1.0	NT=ms-proteomics;VV=v1.1.0	NT=human;VV=v1.1.0	NT=cell-lines;VV=v1.1.0	NT=single-cell;VV=v1.0.0	NT=clinical-metadata;VV=v1.0.0	manual curation	NT=HuCCT-1 cell;AC=BTO:0003911	untreated
HuCCT_J3_Slot2-41	NT=Homo sapiens;AC=NCBITaxon:9606	NT=ascitic fluid;AC=UBERON:0007795	NT=epithelial cell;AC=CL:0000066	NT=intrahepatic cholangiocarcinoma;AC=MONDO:0003210	NT=HuCCT-1 cell;AC=BTO:0003911	CVCL_0324	HuCC-T1	56Y	male	NT=Japanese;AC=HANCESTRO:0019	NT=Roswell Park Memorial Institute 1640 Medium;AC=NCIT:C178973	cell	NT=single cell;AC=PRIDE:0000897	not pooled	untreated	not applicable	not applicable	not applicable	cellenONE	J3_Slot2-41	1	44	run 97	proteomic profiling by mass spectrometry	NT=timsTOF SCP;AC=MS:1003231	NT=label free sample;AC=MS:1002038	NT=Oxidation;AC=UNIMOD:35;TA=M;MT=Variable	NT=Acetyl;AC=UNIMOD:1;PP=Protein N-term;MT=Variable	NT=Acetyl;AC=UNIMOD:1;TA=K;MT=Variable	NT=Phospho;AC=UNIMOD:21;TA=S,T,Y;MT=Variable	NT=Methyl;AC=UNIMOD:34;TA=K;MT=Variable	NT=Dimethyl;AC=UNIMOD:36;TA=K;MT=Variable	NT=Trimethyl;AC=UNIMOD:37;TA=K;MT=Variable	NT=Formyl;AC=UNIMOD:122;TA=K;MT=Variable	NT=Trypsin;AC=MS:1001251	NT=Data-independent acquisition;AC=PRIDE:0000450	NT=beam-type collision-induced dissociation;AC=MS:1000422	not available	not available	not applicable	not applicable	1	1	HuCCT_J3_DIA_IO_L15_Slot2-41_1_4432.d	v1.1.0	NT=ms-proteomics;VV=v1.1.0	NT=human;VV=v1.1.0	NT=cell-lines;VV=v1.1.0	NT=single-cell;VV=v1.0.0	NT=clinical-metadata;VV=v1.0.0	manual curation	NT=HuCCT-1 cell;AC=BTO:0003911	untreated
HuCCT_J4_Slot2-42	NT=Homo sapiens;AC=NCBITaxon:9606	NT=ascitic fluid;AC=UBERON:0007795	NT=epithelial cell;AC=CL:0000066	NT=intrahepatic cholangiocarcinoma;AC=MONDO:0003210	NT=HuCCT-1 cell;AC=BTO:0003911	CVCL_0324	HuCC-T1	56Y	male	NT=Japanese;AC=HANCESTRO:0019	NT=Roswell Park Memorial Institute 1640 Medium;AC=NCIT:C178973	cell	NT=single cell;AC=PRIDE:0000897	not pooled	untreated	not applicable	not applicable	not applicable	cellenONE	J4_Slot2-42	1	45	run 98	proteomic profiling by mass spectrometry	NT=timsTOF SCP;AC=MS:1003231	NT=label free sample;AC=MS:1002038	NT=Oxidation;AC=UNIMOD:35;TA=M;MT=Variable	NT=Acetyl;AC=UNIMOD:1;PP=Protein N-term;MT=Variable	NT=Acetyl;AC=UNIMOD:1;TA=K;MT=Variable	NT=Phospho;AC=UNIMOD:21;TA=S,T,Y;MT=Variable	NT=Methyl;AC=UNIMOD:34;TA=K;MT=Variable	NT=Dimethyl;AC=UNIMOD:36;TA=K;MT=Variable	NT=Trimethyl;AC=UNIMOD:37;TA=K;MT=Variable	NT=Formyl;AC=UNIMOD:122;TA=K;MT=Variable	NT=Trypsin;AC=MS:1001251	NT=Data-independent acquisition;AC=PRIDE:0000450	NT=beam-type collision-induced dissociation;AC=MS:1000422	not available	not available	not applicable	not applicable	1	1	HuCCT_J4_DIA_IO_L15_Slot2-42_1_4433.d	v1.1.0	NT=ms-proteomics;VV=v1.1.0	NT=human;VV=v1.1.0	NT=cell-lines;VV=v1.1.0	NT=single-cell;VV=v1.0.0	NT=clinical-metadata;VV=v1.0.0	manual curation	NT=HuCCT-1 cell;AC=BTO:0003911	untreated
HuCCT_J5_Slot2-43	NT=Homo sapiens;AC=NCBITaxon:9606	NT=ascitic fluid;AC=UBERON:0007795	NT=epithelial cell;AC=CL:0000066	NT=intrahepatic cholangiocarcinoma;AC=MONDO:0003210	NT=HuCCT-1 cell;AC=BTO:0003911	CVCL_0324	HuCC-T1	56Y	male	NT=Japanese;AC=HANCESTRO:0019	NT=Roswell Park Memorial Institute 1640 Medium;AC=NCIT:C178973	cell	NT=single cell;AC=PRIDE:0000897	not pooled	untreated	not applicable	not applicable	not applicable	cellenONE	J5_Slot2-43	1	46	run 99	proteomic profiling by mass spectrometry	NT=timsTOF SCP;AC=MS:1003231	NT=label free sample;AC=MS:1002038	NT=Oxidation;AC=UNIMOD:35;TA=M;MT=Variable	NT=Acetyl;AC=UNIMOD:1;PP=Protein N-term;MT=Variable	NT=Acetyl;AC=UNIMOD:1;TA=K;MT=Variable	NT=Phospho;AC=UNIMOD:21;TA=S,T,Y;MT=Variable	NT=Methyl;AC=UNIMOD:34;TA=K;MT=Variable	NT=Dimethyl;AC=UNIMOD:36;TA=K;MT=Variable	NT=Trimethyl;AC=UNIMOD:37;TA=K;MT=Variable	NT=Formyl;AC=UNIMOD:122;TA=K;MT=Variable	NT=Trypsin;AC=MS:1001251	NT=Data-independent acquisition;AC=PRIDE:0000450	NT=beam-type collision-induced dissociation;AC=MS:1000422	not available	not available	not applicable	not applicable	1	1	HuCCT_J5_DIA_IO_L15_Slot2-43_1_4434.d	v1.1.0	NT=ms-proteomics;VV=v1.1.0	NT=human;VV=v1.1.0	NT=cell-lines;VV=v1.1.0	NT=single-cell;VV=v1.0.0	NT=clinical-metadata;VV=v1.0.0	manual curation	NT=HuCCT-1 cell;AC=BTO:0003911	untreated
HuCCT_J6_Slot2-44	NT=Homo sapiens;AC=NCBITaxon:9606	NT=ascitic fluid;AC=UBERON:0007795	NT=epithelial cell;AC=CL:0000066	NT=intrahepatic cholangiocarcinoma;AC=MONDO:0003210	NT=HuCCT-1 cell;AC=BTO:0003911	CVCL_0324	HuCC-T1	56Y	male	NT=Japanese;AC=HANCESTRO:0019	NT=Roswell Park Memorial Institute 1640 Medium;AC=NCIT:C178973	cell	NT=single cell;AC=PRIDE:0000897	not pooled	untreated	not applicable	not applicable	not applicable	cellenONE	J6_Slot2-44	1	47	run 100	proteomic profiling by mass spectrometry	NT=timsTOF SCP;AC=MS:1003231	NT=label free sample;AC=MS:1002038	NT=Oxidation;AC=UNIMOD:35;TA=M;MT=Variable	NT=Acetyl;AC=UNIMOD:1;PP=Protein N-term;MT=Variable	NT=Acetyl;AC=UNIMOD:1;TA=K;MT=Variable	NT=Phospho;AC=UNIMOD:21;TA=S,T,Y;MT=Variable	NT=Methyl;AC=UNIMOD:34;TA=K;MT=Variable	NT=Dimethyl;AC=UNIMOD:36;TA=K;MT=Variable	NT=Trimethyl;AC=UNIMOD:37;TA=K;MT=Variable	NT=Formyl;AC=UNIMOD:122;TA=K;MT=Variable	NT=Trypsin;AC=MS:1001251	NT=Data-independent acquisition;AC=PRIDE:0000450	NT=beam-type collision-induced dissociation;AC=MS:1000422	not available	not available	not applicable	not applicable	1	1	HuCCT_J6_DIA_IO_L15_Slot2-44_1_4435.d	v1.1.0	NT=ms-proteomics;VV=v1.1.0	NT=human;VV=v1.1.0	NT=cell-lines;VV=v1.1.0	NT=single-cell;VV=v1.0.0	NT=clinical-metadata;VV=v1.0.0	manual curation	NT=HuCCT-1 cell;AC=BTO:0003911	untreated
HuCCT_J7_Slot2-45	NT=Homo sapiens;AC=NCBITaxon:9606	NT=ascitic fluid;AC=UBERON:0007795	NT=epithelial cell;AC=CL:0000066	NT=intrahepatic cholangiocarcinoma;AC=MONDO:0003210	NT=HuCCT-1 cell;AC=BTO:0003911	CVCL_0324	HuCC-T1	56Y	male	NT=Japanese;AC=HANCESTRO:0019	NT=Roswell Park Memorial Institute 1640 Medium;AC=NCIT:C178973	cell	NT=single cell;AC=PRIDE:0000897	not pooled	untreated	not applicable	not applicable	not applicable	cellenONE	J7_Slot2-45	1	48	run 101	proteomic profiling by mass spectrometry	NT=timsTOF SCP;AC=MS:1003231	NT=label free sample;AC=MS:1002038	NT=Oxidation;AC=UNIMOD:35;TA=M;MT=Variable	NT=Acetyl;AC=UNIMOD:1;PP=Protein N-term;MT=Variable	NT=Acetyl;AC=UNIMOD:1;TA=K;MT=Variable	NT=Phospho;AC=UNIMOD:21;TA=S,T,Y;MT=Variable	NT=Methyl;AC=UNIMOD:34;TA=K;MT=Variable	NT=Dimethyl;AC=UNIMOD:36;TA=K;MT=Variable	NT=Trimethyl;AC=UNIMOD:37;TA=K;MT=Variable	NT=Formyl;AC=UNIMOD:122;TA=K;MT=Variable	NT=Trypsin;AC=MS:1001251	NT=Data-independent acquisition;AC=PRIDE:0000450	NT=beam-type collision-induced dissociation;AC=MS:1000422	not available	not available	not applicable	not applicable	1	1	HuCCT_J7_DIA_IO_L15_Slot2-45_1_4436.d	v1.1.0	NT=ms-proteomics;VV=v1.1.0	NT=human;VV=v1.1.0	NT=cell-lines;VV=v1.1.0	NT=single-cell;VV=v1.0.0	NT=clinical-metadata;VV=v1.0.0	manual curation	NT=HuCCT-1 cell;AC=BTO:0003911	untreated
HuCCT_J8_Slot2-46	NT=Homo sapiens;AC=NCBITaxon:9606	NT=ascitic fluid;AC=UBERON:0007795	NT=epithelial cell;AC=CL:0000066	NT=intrahepatic cholangiocarcinoma;AC=MONDO:0003210	NT=HuCCT-1 cell;AC=BTO:0003911	CVCL_0324	HuCC-T1	56Y	male	NT=Japanese;AC=HANCESTRO:0019	NT=Roswell Park Memorial Institute 1640 Medium;AC=NCIT:C178973	cell	NT=single cell;AC=PRIDE:0000897	not pooled	untreated	not applicable	not applicable	not applicable	cellenONE	J8_Slot2-46	1	49	run 102	proteomic profiling by mass spectrometry	NT=timsTOF SCP;AC=MS:1003231	NT=label free sample;AC=MS:1002038	NT=Oxidation;AC=UNIMOD:35;TA=M;MT=Variable	NT=Acetyl;AC=UNIMOD:1;PP=Protein N-term;MT=Variable	NT=Acetyl;AC=UNIMOD:1;TA=K;MT=Variable	NT=Phospho;AC=UNIMOD:21;TA=S,T,Y;MT=Variable	NT=Methyl;AC=UNIMOD:34;TA=K;MT=Variable	NT=Dimethyl;AC=UNIMOD:36;TA=K;MT=Variable	NT=Trimethyl;AC=UNIMOD:37;TA=K;MT=Variable	NT=Formyl;AC=UNIMOD:122;TA=K;MT=Variable	NT=Trypsin;AC=MS:1001251	NT=Data-independent acquisition;AC=PRIDE:0000450	NT=beam-type collision-induced dissociation;AC=MS:1000422	not available	not available	not applicable	not applicable	1	1	HuCCT_J8_DIA_IO_L15_Slot2-46_1_4437.d	v1.1.0	NT=ms-proteomics;VV=v1.1.0	NT=human;VV=v1.1.0	NT=cell-lines;VV=v1.1.0	NT=single-cell;VV=v1.0.0	NT=clinical-metadata;VV=v1.0.0	manual curation	NT=HuCCT-1 cell;AC=BTO:0003911	untreated
HuCCT_J9_Slot2-47	NT=Homo sapiens;AC=NCBITaxon:9606	NT=ascitic fluid;AC=UBERON:0007795	NT=epithelial cell;AC=CL:0000066	NT=intrahepatic cholangiocarcinoma;AC=MONDO:0003210	NT=HuCCT-1 cell;AC=BTO:0003911	CVCL_0324	HuCC-T1	56Y	male	NT=Japanese;AC=HANCESTRO:0019	NT=Roswell Park Memorial Institute 1640 Medium;AC=NCIT:C178973	cell	NT=single cell;AC=PRIDE:0000897	not pooled	untreated	not applicable	not applicable	not applicable	cellenONE	J9_Slot2-47	1	50	run 103	proteomic profiling by mass spectrometry	NT=timsTOF SCP;AC=MS:1003231	NT=label free sample;AC=MS:1002038	NT=Oxidation;AC=UNIMOD:35;TA=M;MT=Variable	NT=Acetyl;AC=UNIMOD:1;PP=Protein N-term;MT=Variable	NT=Acetyl;AC=UNIMOD:1;TA=K;MT=Variable	NT=Phospho;AC=UNIMOD:21;TA=S,T,Y;MT=Variable	NT=Methyl;AC=UNIMOD:34;TA=K;MT=Variable	NT=Dimethyl;AC=UNIMOD:36;TA=K;MT=Variable	NT=Trimethyl;AC=UNIMOD:37;TA=K;MT=Variable	NT=Formyl;AC=UNIMOD:122;TA=K;MT=Variable	NT=Trypsin;AC=MS:1001251	NT=Data-independent acquisition;AC=PRIDE:0000450	NT=beam-type collision-induced dissociation;AC=MS:1000422	not available	not available	not applicable	not applicable	1	1	HuCCT_J9_DIA_IO_L15_Slot2-47_1_4438.d	v1.1.0	NT=ms-proteomics;VV=v1.1.0	NT=human;VV=v1.1.0	NT=cell-lines;VV=v1.1.0	NT=single-cell;VV=v1.0.0	NT=clinical-metadata;VV=v1.0.0	manual curation	NT=HuCCT-1 cell;AC=BTO:0003911	untreated
HuCCT_20cells_pool_R1	NT=Homo sapiens;AC=NCBITaxon:9606	NT=ascitic fluid;AC=UBERON:0007795	NT=epithelial cell;AC=CL:0000066	NT=intrahepatic cholangiocarcinoma;AC=MONDO:0003210	NT=HuCCT-1 cell;AC=BTO:0003911	CVCL_0324	HuCC-T1	56Y	male	NT=Japanese;AC=HANCESTRO:0019	NT=Roswell Park Memorial Institute 1640 Medium;AC=NCIT:C178973	cell	NT=pooled;AC=PRIDE:0000902	pooled	untreated	not applicable	not applicable	not applicable	not applicable	not applicable	20	1	run 104	proteomic profiling by mass spectrometry	NT=timsTOF SCP;AC=MS:1003231	NT=label free sample;AC=MS:1002038	NT=Oxidation;AC=UNIMOD:35;TA=M;MT=Variable	NT=Acetyl;AC=UNIMOD:1;PP=Protein N-term;MT=Variable	NT=Acetyl;AC=UNIMOD:1;TA=K;MT=Variable	NT=Phospho;AC=UNIMOD:21;TA=S,T,Y;MT=Variable	NT=Methyl;AC=UNIMOD:34;TA=K;MT=Variable	NT=Dimethyl;AC=UNIMOD:36;TA=K;MT=Variable	NT=Trimethyl;AC=UNIMOD:37;TA=K;MT=Variable	NT=Formyl;AC=UNIMOD:122;TA=K;MT=Variable	NT=Trypsin;AC=MS:1001251	NT=Data-dependent acquisition;AC=PRIDE:0000627	NT=beam-type collision-induced dissociation;AC=MS:1000422	20 ppm	20 ppm	not applicable	not applicable	1	1	HuCCT_C20_DDA_IO_L15_R1_Slot1-1_1_4336.d	v1.1.0	NT=ms-proteomics;VV=v1.1.0	NT=human;VV=v1.1.0	NT=cell-lines;VV=v1.1.0	NT=single-cell;VV=v1.0.0	NT=clinical-metadata;VV=v1.0.0	manual curation	NT=HuCCT-1 cell;AC=BTO:0003911	untreated
HuCCT_20cells_pool_R2	NT=Homo sapiens;AC=NCBITaxon:9606	NT=ascitic fluid;AC=UBERON:0007795	NT=epithelial cell;AC=CL:0000066	NT=intrahepatic cholangiocarcinoma;AC=MONDO:0003210	NT=HuCCT-1 cell;AC=BTO:0003911	CVCL_0324	HuCC-T1	56Y	male	NT=Japanese;AC=HANCESTRO:0019	NT=Roswell Park Memorial Institute 1640 Medium;AC=NCIT:C178973	cell	NT=pooled;AC=PRIDE:0000902	pooled	untreated	not applicable	not applicable	not applicable	not applicable	not applicable	20	2	run 105	proteomic profiling by mass spectrometry	NT=timsTOF SCP;AC=MS:1003231	NT=label free sample;AC=MS:1002038	NT=Oxidation;AC=UNIMOD:35;TA=M;MT=Variable	NT=Acetyl;AC=UNIMOD:1;PP=Protein N-term;MT=Variable	NT=Acetyl;AC=UNIMOD:1;TA=K;MT=Variable	NT=Phospho;AC=UNIMOD:21;TA=S,T,Y;MT=Variable	NT=Methyl;AC=UNIMOD:34;TA=K;MT=Variable	NT=Dimethyl;AC=UNIMOD:36;TA=K;MT=Variable	NT=Trimethyl;AC=UNIMOD:37;TA=K;MT=Variable	NT=Formyl;AC=UNIMOD:122;TA=K;MT=Variable	NT=Trypsin;AC=MS:1001251	NT=Data-dependent acquisition;AC=PRIDE:0000627	NT=beam-type collision-induced dissociation;AC=MS:1000422	20 ppm	20 ppm	not applicable	not applicable	1	1	HuCCT_C20_DDA_IO_L15_R2_Slot1-2_1_4337.d	v1.1.0	NT=ms-proteomics;VV=v1.1.0	NT=human;VV=v1.1.0	NT=cell-lines;VV=v1.1.0	NT=single-cell;VV=v1.0.0	NT=clinical-metadata;VV=v1.0.0	manual curation	NT=HuCCT-1 cell;AC=BTO:0003911	untreated
HuCCT_20cells_pool_R3	NT=Homo sapiens;AC=NCBITaxon:9606	NT=ascitic fluid;AC=UBERON:0007795	NT=epithelial cell;AC=CL:0000066	NT=intrahepatic cholangiocarcinoma;AC=MONDO:0003210	NT=HuCCT-1 cell;AC=BTO:0003911	CVCL_0324	HuCC-T1	56Y	male	NT=Japanese;AC=HANCESTRO:0019	NT=Roswell Park Memorial Institute 1640 Medium;AC=NCIT:C178973	cell	NT=pooled;AC=PRIDE:0000902	pooled	untreated	not applicable	not applicable	not applicable	not applicable	not applicable	20	3	run 106	proteomic profiling by mass spectrometry	NT=timsTOF SCP;AC=MS:1003231	NT=label free sample;AC=MS:1002038	NT=Oxidation;AC=UNIMOD:35;TA=M;MT=Variable	NT=Acetyl;AC=UNIMOD:1;PP=Protein N-term;MT=Variable	NT=Acetyl;AC=UNIMOD:1;TA=K;MT=Variable	NT=Phospho;AC=UNIMOD:21;TA=S,T,Y;MT=Variable	NT=Methyl;AC=UNIMOD:34;TA=K;MT=Variable	NT=Dimethyl;AC=UNIMOD:36;TA=K;MT=Variable	NT=Trimethyl;AC=UNIMOD:37;TA=K;MT=Variable	NT=Formyl;AC=UNIMOD:122;TA=K;MT=Variable	NT=Trypsin;AC=MS:1001251	NT=Data-dependent acquisition;AC=PRIDE:0000627	NT=beam-type collision-induced dissociation;AC=MS:1000422	20 ppm	20 ppm	not applicable	not applicable	1	1	HuCCT_C20_DDA_IO_L15_R3_Slot1-3_1_4338.d	v1.1.0	NT=ms-proteomics;VV=v1.1.0	NT=human;VV=v1.1.0	NT=cell-lines;VV=v1.1.0	NT=single-cell;VV=v1.0.0	NT=clinical-metadata;VV=v1.0.0	manual curation	NT=HuCCT-1 cell;AC=BTO:0003911	untreated
JK_CalyA_0min_F12_Slot1-252	NT=Homo sapiens;AC=NCBITaxon:9606	NT=blood;AC=UBERON:0000178	NT=T cell;AC=CL:0000084	NT=T-cell childhood acute lymphocytic leukemia;AC=MONDO:0000871	NT=Jurkat;AC=EFO:0002796	CVCL_0065	Jurkat	14Y	male	NT=European ancestry;AC=HANCESTRO:0005	NT=Roswell Park Memorial Institute 1640 Medium;AC=NCIT:C178973	cell	NT=single cell;AC=PRIDE:0000897	not pooled	untreated	not applicable	not applicable	not applicable	cellenONE	F12_Slot1-252	1	1	run 107	proteomic profiling by mass spectrometry	NT=timsTOF SCP;AC=MS:1003231	NT=label free sample;AC=MS:1002038	NT=Oxidation;AC=UNIMOD:35;TA=M;MT=Variable	NT=Acetyl;AC=UNIMOD:1;PP=Protein N-term;MT=Variable	NT=Phospho;AC=UNIMOD:21;TA=S,T,Y;MT=Variable	not applicable	not applicable	not applicable	not applicable	not applicable	NT=Trypsin;AC=MS:1001251	NT=Data-independent acquisition;AC=PRIDE:0000450	NT=beam-type collision-induced dissociation;AC=MS:1000422	not available	not available	not applicable	not applicable	1	1	JK_CalyA_0min_F12_Slot1-252_1_5556.d	v1.1.0	NT=ms-proteomics;VV=v1.1.0	NT=human;VV=v1.1.0	NT=cell-lines;VV=v1.1.0	NT=single-cell;VV=v1.0.0	NT=clinical-metadata;VV=v1.0.0	manual curation	NT=Jurkat;AC=EFO:0002796	untreated
JK_CalyA_0min_F13_Slot1-253	NT=Homo sapiens;AC=NCBITaxon:9606	NT=blood;AC=UBERON:0000178	NT=T cell;AC=CL:0000084	NT=T-cell childhood acute lymphocytic leukemia;AC=MONDO:0000871	NT=Jurkat;AC=EFO:0002796	CVCL_0065	Jurkat	14Y	male	NT=European ancestry;AC=HANCESTRO:0005	NT=Roswell Park Memorial Institute 1640 Medium;AC=NCIT:C178973	cell	NT=single cell;AC=PRIDE:0000897	not pooled	untreated	not applicable	not applicable	not applicable	cellenONE	F13_Slot1-253	1	2	run 108	proteomic profiling by mass spectrometry	NT=timsTOF SCP;AC=MS:1003231	NT=label free sample;AC=MS:1002038	NT=Oxidation;AC=UNIMOD:35;TA=M;MT=Variable	NT=Acetyl;AC=UNIMOD:1;PP=Protein N-term;MT=Variable	NT=Phospho;AC=UNIMOD:21;TA=S,T,Y;MT=Variable	not applicable	not applicable	not applicable	not applicable	not applicable	NT=Trypsin;AC=MS:1001251	NT=Data-independent acquisition;AC=PRIDE:0000450	NT=beam-type collision-induced dissociation;AC=MS:1000422	not available	not available	not applicable	not applicable	1	1	JK_CalyA_0min_F13_Slot1-253_1_5557.d	v1.1.0	NT=ms-proteomics;VV=v1.1.0	NT=human;VV=v1.1.0	NT=cell-lines;VV=v1.1.0	NT=single-cell;VV=v1.0.0	NT=clinical-metadata;VV=v1.0.0	manual curation	NT=Jurkat;AC=EFO:0002796	untreated
JK_CalyA_0min_G11_Slot1-227	NT=Homo sapiens;AC=NCBITaxon:9606	NT=blood;AC=UBERON:0000178	NT=T cell;AC=CL:0000084	NT=T-cell childhood acute lymphocytic leukemia;AC=MONDO:0000871	NT=Jurkat;AC=EFO:0002796	CVCL_0065	Jurkat	14Y	male	NT=European ancestry;AC=HANCESTRO:0005	NT=Roswell Park Memorial Institute 1640 Medium;AC=NCIT:C178973	cell	NT=single cell;AC=PRIDE:0000897	not pooled	untreated	not applicable	not applicable	not applicable	cellenONE	G11_Slot1-227	1	3	run 109	proteomic profiling by mass spectrometry	NT=timsTOF SCP;AC=MS:1003231	NT=label free sample;AC=MS:1002038	NT=Oxidation;AC=UNIMOD:35;TA=M;MT=Variable	NT=Acetyl;AC=UNIMOD:1;PP=Protein N-term;MT=Variable	NT=Phospho;AC=UNIMOD:21;TA=S,T,Y;MT=Variable	not applicable	not applicable	not applicable	not applicable	not applicable	NT=Trypsin;AC=MS:1001251	NT=Data-independent acquisition;AC=PRIDE:0000450	NT=beam-type collision-induced dissociation;AC=MS:1000422	not available	not available	not applicable	not applicable	1	1	JK_CalyA_0min_G11_Slot1-227_1_5552.d	v1.1.0	NT=ms-proteomics;VV=v1.1.0	NT=human;VV=v1.1.0	NT=cell-lines;VV=v1.1.0	NT=single-cell;VV=v1.0.0	NT=clinical-metadata;VV=v1.0.0	manual curation	NT=Jurkat;AC=EFO:0002796	untreated
JK_CalyA_0min_G13_Slot1-229	NT=Homo sapiens;AC=NCBITaxon:9606	NT=blood;AC=UBERON:0000178	NT=T cell;AC=CL:0000084	NT=T-cell childhood acute lymphocytic leukemia;AC=MONDO:0000871	NT=Jurkat;AC=EFO:0002796	CVCL_0065	Jurkat	14Y	male	NT=European ancestry;AC=HANCESTRO:0005	NT=Roswell Park Memorial Institute 1640 Medium;AC=NCIT:C178973	cell	NT=single cell;AC=PRIDE:0000897	not pooled	untreated	not applicable	not applicable	not applicable	cellenONE	G13_Slot1-229	1	4	run 110	proteomic profiling by mass spectrometry	NT=timsTOF SCP;AC=MS:1003231	NT=label free sample;AC=MS:1002038	NT=Oxidation;AC=UNIMOD:35;TA=M;MT=Variable	NT=Acetyl;AC=UNIMOD:1;PP=Protein N-term;MT=Variable	NT=Phospho;AC=UNIMOD:21;TA=S,T,Y;MT=Variable	not applicable	not applicable	not applicable	not applicable	not applicable	NT=Trypsin;AC=MS:1001251	NT=Data-independent acquisition;AC=PRIDE:0000450	NT=beam-type collision-induced dissociation;AC=MS:1000422	not available	not available	not applicable	not applicable	1	1	JK_CalyA_0min_G13_Slot1-229_1_5554.d	v1.1.0	NT=ms-proteomics;VV=v1.1.0	NT=human;VV=v1.1.0	NT=cell-lines;VV=v1.1.0	NT=single-cell;VV=v1.0.0	NT=clinical-metadata;VV=v1.0.0	manual curation	NT=Jurkat;AC=EFO:0002796	untreated
JK_CalyA_0min_H11_Slot1-203	NT=Homo sapiens;AC=NCBITaxon:9606	NT=blood;AC=UBERON:0000178	NT=T cell;AC=CL:0000084	NT=T-cell childhood acute lymphocytic leukemia;AC=MONDO:0000871	NT=Jurkat;AC=EFO:0002796	CVCL_0065	Jurkat	14Y	male	NT=European ancestry;AC=HANCESTRO:0005	NT=Roswell Park Memorial Institute 1640 Medium;AC=NCIT:C178973	cell	NT=single cell;AC=PRIDE:0000897	not pooled	untreated	not applicable	not applicable	not applicable	cellenONE	H11_Slot1-203	1	5	run 111	proteomic profiling by mass spectrometry	NT=timsTOF SCP;AC=MS:1003231	NT=label free sample;AC=MS:1002038	NT=Oxidation;AC=UNIMOD:35;TA=M;MT=Variable	NT=Acetyl;AC=UNIMOD:1;PP=Protein N-term;MT=Variable	NT=Phospho;AC=UNIMOD:21;TA=S,T,Y;MT=Variable	not applicable	not applicable	not applicable	not applicable	not applicable	NT=Trypsin;AC=MS:1001251	NT=Data-independent acquisition;AC=PRIDE:0000450	NT=beam-type collision-induced dissociation;AC=MS:1000422	not available	not available	not applicable	not applicable	1	1	JK_CalyA_0min_H11_Slot1-203_1_5563.d	v1.1.0	NT=ms-proteomics;VV=v1.1.0	NT=human;VV=v1.1.0	NT=cell-lines;VV=v1.1.0	NT=single-cell;VV=v1.0.0	NT=clinical-metadata;VV=v1.0.0	manual curation	NT=Jurkat;AC=EFO:0002796	untreated
JK_CalyA_0min_H13_Slot1-205	NT=Homo sapiens;AC=NCBITaxon:9606	NT=blood;AC=UBERON:0000178	NT=T cell;AC=CL:0000084	NT=T-cell childhood acute lymphocytic leukemia;AC=MONDO:0000871	NT=Jurkat;AC=EFO:0002796	CVCL_0065	Jurkat	14Y	male	NT=European ancestry;AC=HANCESTRO:0005	NT=Roswell Park Memorial Institute 1640 Medium;AC=NCIT:C178973	cell	NT=single cell;AC=PRIDE:0000897	not pooled	untreated	not applicable	not applicable	not applicable	cellenONE	H13_Slot1-205	1	6	run 112	proteomic profiling by mass spectrometry	NT=timsTOF SCP;AC=MS:1003231	NT=label free sample;AC=MS:1002038	NT=Oxidation;AC=UNIMOD:35;TA=M;MT=Variable	NT=Acetyl;AC=UNIMOD:1;PP=Protein N-term;MT=Variable	NT=Phospho;AC=UNIMOD:21;TA=S,T,Y;MT=Variable	not applicable	not applicable	not applicable	not applicable	not applicable	NT=Trypsin;AC=MS:1001251	NT=Data-independent acquisition;AC=PRIDE:0000450	NT=beam-type collision-induced dissociation;AC=MS:1000422	not available	not available	not applicable	not applicable	1	1	JK_CalyA_0min_H13_Slot1-205_1_5565.d	v1.1.0	NT=ms-proteomics;VV=v1.1.0	NT=human;VV=v1.1.0	NT=cell-lines;VV=v1.1.0	NT=single-cell;VV=v1.0.0	NT=clinical-metadata;VV=v1.0.0	manual curation	NT=Jurkat;AC=EFO:0002796	untreated
JK_CalyA_0min_I11_Slot1-179	NT=Homo sapiens;AC=NCBITaxon:9606	NT=blood;AC=UBERON:0000178	NT=T cell;AC=CL:0000084	NT=T-cell childhood acute lymphocytic leukemia;AC=MONDO:0000871	NT=Jurkat;AC=EFO:0002796	CVCL_0065	Jurkat	14Y	male	NT=European ancestry;AC=HANCESTRO:0005	NT=Roswell Park Memorial Institute 1640 Medium;AC=NCIT:C178973	cell	NT=single cell;AC=PRIDE:0000897	not pooled	untreated	not applicable	not applicable	not applicable	cellenONE	I11_Slot1-179	1	7	run 113	proteomic profiling by mass spectrometry	NT=timsTOF SCP;AC=MS:1003231	NT=label free sample;AC=MS:1002038	NT=Oxidation;AC=UNIMOD:35;TA=M;MT=Variable	NT=Acetyl;AC=UNIMOD:1;PP=Protein N-term;MT=Variable	NT=Phospho;AC=UNIMOD:21;TA=S,T,Y;MT=Variable	not applicable	not applicable	not applicable	not applicable	not applicable	NT=Trypsin;AC=MS:1001251	NT=Data-independent acquisition;AC=PRIDE:0000450	NT=beam-type collision-induced dissociation;AC=MS:1000422	not available	not available	not applicable	not applicable	1	1	JK_CalyA_0min_I11_Slot1-179_1_5566.d	v1.1.0	NT=ms-proteomics;VV=v1.1.0	NT=human;VV=v1.1.0	NT=cell-lines;VV=v1.1.0	NT=single-cell;VV=v1.0.0	NT=clinical-metadata;VV=v1.0.0	manual curation	NT=Jurkat;AC=EFO:0002796	untreated
JK_CalyA_0min_K12_Slot1-132	NT=Homo sapiens;AC=NCBITaxon:9606	NT=blood;AC=UBERON:0000178	NT=T cell;AC=CL:0000084	NT=T-cell childhood acute lymphocytic leukemia;AC=MONDO:0000871	NT=Jurkat;AC=EFO:0002796	CVCL_0065	Jurkat	14Y	male	NT=European ancestry;AC=HANCESTRO:0005	NT=Roswell Park Memorial Institute 1640 Medium;AC=NCIT:C178973	cell	NT=single cell;AC=PRIDE:0000897	not pooled	untreated	not applicable	not applicable	not applicable	cellenONE	K12_Slot1-132	1	8	run 114	proteomic profiling by mass spectrometry	NT=timsTOF SCP;AC=MS:1003231	NT=label free sample;AC=MS:1002038	NT=Oxidation;AC=UNIMOD:35;TA=M;MT=Variable	NT=Acetyl;AC=UNIMOD:1;PP=Protein N-term;MT=Variable	NT=Phospho;AC=UNIMOD:21;TA=S,T,Y;MT=Variable	not applicable	not applicable	not applicable	not applicable	not applicable	NT=Trypsin;AC=MS:1001251	NT=Data-independent acquisition;AC=PRIDE:0000450	NT=beam-type collision-induced dissociation;AC=MS:1000422	not available	not available	not applicable	not applicable	1	1	JK_CalyA_0min_K12_Slot1-132_1_5643.d	v1.1.0	NT=ms-proteomics;VV=v1.1.0	NT=human;VV=v1.1.0	NT=cell-lines;VV=v1.1.0	NT=single-cell;VV=v1.0.0	NT=clinical-metadata;VV=v1.0.0	manual curation	NT=Jurkat;AC=EFO:0002796	untreated
JK_CalyA_0min_K13_Slot1-133	NT=Homo sapiens;AC=NCBITaxon:9606	NT=blood;AC=UBERON:0000178	NT=T cell;AC=CL:0000084	NT=T-cell childhood acute lymphocytic leukemia;AC=MONDO:0000871	NT=Jurkat;AC=EFO:0002796	CVCL_0065	Jurkat	14Y	male	NT=European ancestry;AC=HANCESTRO:0005	NT=Roswell Park Memorial Institute 1640 Medium;AC=NCIT:C178973	cell	NT=single cell;AC=PRIDE:0000897	not pooled	untreated	not applicable	not applicable	not applicable	cellenONE	K13_Slot1-133	1	9	run 115	proteomic profiling by mass spectrometry	NT=timsTOF SCP;AC=MS:1003231	NT=label free sample;AC=MS:1002038	NT=Oxidation;AC=UNIMOD:35;TA=M;MT=Variable	NT=Acetyl;AC=UNIMOD:1;PP=Protein N-term;MT=Variable	NT=Phospho;AC=UNIMOD:21;TA=S,T,Y;MT=Variable	not applicable	not applicable	not applicable	not applicable	not applicable	NT=Trypsin;AC=MS:1001251	NT=Data-independent acquisition;AC=PRIDE:0000450	NT=beam-type collision-induced dissociation;AC=MS:1000422	not available	not available	not applicable	not applicable	1	1	JK_CalyA_0min_K13_Slot1-133_1_5644.d	v1.1.0	NT=ms-proteomics;VV=v1.1.0	NT=human;VV=v1.1.0	NT=cell-lines;VV=v1.1.0	NT=single-cell;VV=v1.0.0	NT=clinical-metadata;VV=v1.0.0	manual curation	NT=Jurkat;AC=EFO:0002796	untreated
JK_CalyA_0min_L11_Slot1-107	NT=Homo sapiens;AC=NCBITaxon:9606	NT=blood;AC=UBERON:0000178	NT=T cell;AC=CL:0000084	NT=T-cell childhood acute lymphocytic leukemia;AC=MONDO:0000871	NT=Jurkat;AC=EFO:0002796	CVCL_0065	Jurkat	14Y	male	NT=European ancestry;AC=HANCESTRO:0005	NT=Roswell Park Memorial Institute 1640 Medium;AC=NCIT:C178973	cell	NT=single cell;AC=PRIDE:0000897	not pooled	untreated	not applicable	not applicable	not applicable	cellenONE	L11_Slot1-107	1	10	run 116	proteomic profiling by mass spectrometry	NT=timsTOF SCP;AC=MS:1003231	NT=label free sample;AC=MS:1002038	NT=Oxidation;AC=UNIMOD:35;TA=M;MT=Variable	NT=Acetyl;AC=UNIMOD:1;PP=Protein N-term;MT=Variable	NT=Phospho;AC=UNIMOD:21;TA=S,T,Y;MT=Variable	not applicable	not applicable	not applicable	not applicable	not applicable	NT=Trypsin;AC=MS:1001251	NT=Data-independent acquisition;AC=PRIDE:0000450	NT=beam-type collision-induced dissociation;AC=MS:1000422	not available	not available	not applicable	not applicable	1	1	JK_CalyA_0min_L11_Slot1-107_1_5652.d	v1.1.0	NT=ms-proteomics;VV=v1.1.0	NT=human;VV=v1.1.0	NT=cell-lines;VV=v1.1.0	NT=single-cell;VV=v1.0.0	NT=clinical-metadata;VV=v1.0.0	manual curation	NT=Jurkat;AC=EFO:0002796	untreated
JK_CalyA_0min_L12_Slot1-108	NT=Homo sapiens;AC=NCBITaxon:9606	NT=blood;AC=UBERON:0000178	NT=T cell;AC=CL:0000084	NT=T-cell childhood acute lymphocytic leukemia;AC=MONDO:0000871	NT=Jurkat;AC=EFO:0002796	CVCL_0065	Jurkat	14Y	male	NT=European ancestry;AC=HANCESTRO:0005	NT=Roswell Park Memorial Institute 1640 Medium;AC=NCIT:C178973	cell	NT=single cell;AC=PRIDE:0000897	not pooled	untreated	not applicable	not applicable	not applicable	cellenONE	L12_Slot1-108	1	11	run 117	proteomic profiling by mass spectrometry	NT=timsTOF SCP;AC=MS:1003231	NT=label free sample;AC=MS:1002038	NT=Oxidation;AC=UNIMOD:35;TA=M;MT=Variable	NT=Acetyl;AC=UNIMOD:1;PP=Protein N-term;MT=Variable	NT=Phospho;AC=UNIMOD:21;TA=S,T,Y;MT=Variable	not applicable	not applicable	not applicable	not applicable	not applicable	NT=Trypsin;AC=MS:1001251	NT=Data-independent acquisition;AC=PRIDE:0000450	NT=beam-type collision-induced dissociation;AC=MS:1000422	not available	not available	not applicable	not applicable	1	1	JK_CalyA_0min_L12_Slot1-108_1_5653.d	v1.1.0	NT=ms-proteomics;VV=v1.1.0	NT=human;VV=v1.1.0	NT=cell-lines;VV=v1.1.0	NT=single-cell;VV=v1.0.0	NT=clinical-metadata;VV=v1.0.0	manual curation	NT=Jurkat;AC=EFO:0002796	untreated
JK_CalyA_0min_M11_Slot1-83	NT=Homo sapiens;AC=NCBITaxon:9606	NT=blood;AC=UBERON:0000178	NT=T cell;AC=CL:0000084	NT=T-cell childhood acute lymphocytic leukemia;AC=MONDO:0000871	NT=Jurkat;AC=EFO:0002796	CVCL_0065	Jurkat	14Y	male	NT=European ancestry;AC=HANCESTRO:0005	NT=Roswell Park Memorial Institute 1640 Medium;AC=NCIT:C178973	cell	NT=single cell;AC=PRIDE:0000897	not pooled	untreated	not applicable	not applicable	not applicable	cellenONE	M11_Slot1-83	1	12	run 118	proteomic profiling by mass spectrometry	NT=timsTOF SCP;AC=MS:1003231	NT=label free sample;AC=MS:1002038	NT=Oxidation;AC=UNIMOD:35;TA=M;MT=Variable	NT=Acetyl;AC=UNIMOD:1;PP=Protein N-term;MT=Variable	NT=Phospho;AC=UNIMOD:21;TA=S,T,Y;MT=Variable	not applicable	not applicable	not applicable	not applicable	not applicable	NT=Trypsin;AC=MS:1001251	NT=Data-independent acquisition;AC=PRIDE:0000450	NT=beam-type collision-induced dissociation;AC=MS:1000422	not available	not available	not applicable	not applicable	1	1	JK_CalyA_0min_M11_Slot1-83_1_5662.d	v1.1.0	NT=ms-proteomics;VV=v1.1.0	NT=human;VV=v1.1.0	NT=cell-lines;VV=v1.1.0	NT=single-cell;VV=v1.0.0	NT=clinical-metadata;VV=v1.0.0	manual curation	NT=Jurkat;AC=EFO:0002796	untreated
JK_CalyA_0min_M12_Slot1-84	NT=Homo sapiens;AC=NCBITaxon:9606	NT=blood;AC=UBERON:0000178	NT=T cell;AC=CL:0000084	NT=T-cell childhood acute lymphocytic leukemia;AC=MONDO:0000871	NT=Jurkat;AC=EFO:0002796	CVCL_0065	Jurkat	14Y	male	NT=European ancestry;AC=HANCESTRO:0005	NT=Roswell Park Memorial Institute 1640 Medium;AC=NCIT:C178973	cell	NT=single cell;AC=PRIDE:0000897	not pooled	untreated	not applicable	not applicable	not applicable	cellenONE	M12_Slot1-84	1	13	run 119	proteomic profiling by mass spectrometry	NT=timsTOF SCP;AC=MS:1003231	NT=label free sample;AC=MS:1002038	NT=Oxidation;AC=UNIMOD:35;TA=M;MT=Variable	NT=Acetyl;AC=UNIMOD:1;PP=Protein N-term;MT=Variable	NT=Phospho;AC=UNIMOD:21;TA=S,T,Y;MT=Variable	not applicable	not applicable	not applicable	not applicable	not applicable	NT=Trypsin;AC=MS:1001251	NT=Data-independent acquisition;AC=PRIDE:0000450	NT=beam-type collision-induced dissociation;AC=MS:1000422	not available	not available	not applicable	not applicable	1	1	JK_CalyA_0min_M12_Slot1-84_1_5663.d	v1.1.0	NT=ms-proteomics;VV=v1.1.0	NT=human;VV=v1.1.0	NT=cell-lines;VV=v1.1.0	NT=single-cell;VV=v1.0.0	NT=clinical-metadata;VV=v1.0.0	manual curation	NT=Jurkat;AC=EFO:0002796	untreated
JK_CalyA_0min_M13_Slot1-85	NT=Homo sapiens;AC=NCBITaxon:9606	NT=blood;AC=UBERON:0000178	NT=T cell;AC=CL:0000084	NT=T-cell childhood acute lymphocytic leukemia;AC=MONDO:0000871	NT=Jurkat;AC=EFO:0002796	CVCL_0065	Jurkat	14Y	male	NT=European ancestry;AC=HANCESTRO:0005	NT=Roswell Park Memorial Institute 1640 Medium;AC=NCIT:C178973	cell	NT=single cell;AC=PRIDE:0000897	not pooled	untreated	not applicable	not applicable	not applicable	cellenONE	M13_Slot1-85	1	14	run 120	proteomic profiling by mass spectrometry	NT=timsTOF SCP;AC=MS:1003231	NT=label free sample;AC=MS:1002038	NT=Oxidation;AC=UNIMOD:35;TA=M;MT=Variable	NT=Acetyl;AC=UNIMOD:1;PP=Protein N-term;MT=Variable	NT=Phospho;AC=UNIMOD:21;TA=S,T,Y;MT=Variable	not applicable	not applicable	not applicable	not applicable	not applicable	NT=Trypsin;AC=MS:1001251	NT=Data-independent acquisition;AC=PRIDE:0000450	NT=beam-type collision-induced dissociation;AC=MS:1000422	not available	not available	not applicable	not applicable	1	1	JK_CalyA_0min_M13_Slot1-85_1_5664.d	v1.1.0	NT=ms-proteomics;VV=v1.1.0	NT=human;VV=v1.1.0	NT=cell-lines;VV=v1.1.0	NT=single-cell;VV=v1.0.0	NT=clinical-metadata;VV=v1.0.0	manual curation	NT=Jurkat;AC=EFO:0002796	untreated
JK_CalyA_0min_N13_Slot1-61	NT=Homo sapiens;AC=NCBITaxon:9606	NT=blood;AC=UBERON:0000178	NT=T cell;AC=CL:0000084	NT=T-cell childhood acute lymphocytic leukemia;AC=MONDO:0000871	NT=Jurkat;AC=EFO:0002796	CVCL_0065	Jurkat	14Y	male	NT=European ancestry;AC=HANCESTRO:0005	NT=Roswell Park Memorial Institute 1640 Medium;AC=NCIT:C178973	cell	NT=single cell;AC=PRIDE:0000897	not pooled	untreated	not applicable	not applicable	not applicable	cellenONE	N13_Slot1-61	1	15	run 121	proteomic profiling by mass spectrometry	NT=timsTOF SCP;AC=MS:1003231	NT=label free sample;AC=MS:1002038	NT=Oxidation;AC=UNIMOD:35;TA=M;MT=Variable	NT=Acetyl;AC=UNIMOD:1;PP=Protein N-term;MT=Variable	NT=Phospho;AC=UNIMOD:21;TA=S,T,Y;MT=Variable	not applicable	not applicable	not applicable	not applicable	not applicable	NT=Trypsin;AC=MS:1001251	NT=Data-independent acquisition;AC=PRIDE:0000450	NT=beam-type collision-induced dissociation;AC=MS:1000422	not available	not available	not applicable	not applicable	1	1	JK_CalyA_0min_N13_Slot1-61_1_5668.d	v1.1.0	NT=ms-proteomics;VV=v1.1.0	NT=human;VV=v1.1.0	NT=cell-lines;VV=v1.1.0	NT=single-cell;VV=v1.0.0	NT=clinical-metadata;VV=v1.0.0	manual curation	NT=Jurkat;AC=EFO:0002796	untreated
JK_CalyA_0min_O12_Slot1-36	NT=Homo sapiens;AC=NCBITaxon:9606	NT=blood;AC=UBERON:0000178	NT=T cell;AC=CL:0000084	NT=T-cell childhood acute lymphocytic leukemia;AC=MONDO:0000871	NT=Jurkat;AC=EFO:0002796	CVCL_0065	Jurkat	14Y	male	NT=European ancestry;AC=HANCESTRO:0005	NT=Roswell Park Memorial Institute 1640 Medium;AC=NCIT:C178973	cell	NT=single cell;AC=PRIDE:0000897	not pooled	untreated	not applicable	not applicable	not applicable	cellenONE	O12_Slot1-36	1	16	run 122	proteomic profiling by mass spectrometry	NT=timsTOF SCP;AC=MS:1003231	NT=label free sample;AC=MS:1002038	NT=Oxidation;AC=UNIMOD:35;TA=M;MT=Variable	NT=Acetyl;AC=UNIMOD:1;PP=Protein N-term;MT=Variable	NT=Phospho;AC=UNIMOD:21;TA=S,T,Y;MT=Variable	not applicable	not applicable	not applicable	not applicable	not applicable	NT=Trypsin;AC=MS:1001251	NT=Data-independent acquisition;AC=PRIDE:0000450	NT=beam-type collision-induced dissociation;AC=MS:1000422	not available	not available	not applicable	not applicable	1	1	JK_CalyA_0min_O12_Slot1-36_1_5623.d	v1.1.0	NT=ms-proteomics;VV=v1.1.0	NT=human;VV=v1.1.0	NT=cell-lines;VV=v1.1.0	NT=single-cell;VV=v1.0.0	NT=clinical-metadata;VV=v1.0.0	manual curation	NT=Jurkat;AC=EFO:0002796	untreated
JK_CalyA_0min_O13_Slot1-37	NT=Homo sapiens;AC=NCBITaxon:9606	NT=blood;AC=UBERON:0000178	NT=T cell;AC=CL:0000084	NT=T-cell childhood acute lymphocytic leukemia;AC=MONDO:0000871	NT=Jurkat;AC=EFO:0002796	CVCL_0065	Jurkat	14Y	male	NT=European ancestry;AC=HANCESTRO:0005	NT=Roswell Park Memorial Institute 1640 Medium;AC=NCIT:C178973	cell	NT=single cell;AC=PRIDE:0000897	not pooled	untreated	not applicable	not applicable	not applicable	cellenONE	O13_Slot1-37	1	17	run 123	proteomic profiling by mass spectrometry	NT=timsTOF SCP;AC=MS:1003231	NT=label free sample;AC=MS:1002038	NT=Oxidation;AC=UNIMOD:35;TA=M;MT=Variable	NT=Acetyl;AC=UNIMOD:1;PP=Protein N-term;MT=Variable	NT=Phospho;AC=UNIMOD:21;TA=S,T,Y;MT=Variable	not applicable	not applicable	not applicable	not applicable	not applicable	NT=Trypsin;AC=MS:1001251	NT=Data-independent acquisition;AC=PRIDE:0000450	NT=beam-type collision-induced dissociation;AC=MS:1000422	not available	not available	not applicable	not applicable	1	1	JK_CalyA_0min_O13_Slot1-37_1_5624.d	v1.1.0	NT=ms-proteomics;VV=v1.1.0	NT=human;VV=v1.1.0	NT=cell-lines;VV=v1.1.0	NT=single-cell;VV=v1.0.0	NT=clinical-metadata;VV=v1.0.0	manual curation	NT=Jurkat;AC=EFO:0002796	untreated
JK_CalyA_0min_P11_Slot1-11	NT=Homo sapiens;AC=NCBITaxon:9606	NT=blood;AC=UBERON:0000178	NT=T cell;AC=CL:0000084	NT=T-cell childhood acute lymphocytic leukemia;AC=MONDO:0000871	NT=Jurkat;AC=EFO:0002796	CVCL_0065	Jurkat	14Y	male	NT=European ancestry;AC=HANCESTRO:0005	NT=Roswell Park Memorial Institute 1640 Medium;AC=NCIT:C178973	cell	NT=single cell;AC=PRIDE:0000897	not pooled	untreated	not applicable	not applicable	not applicable	cellenONE	P11_Slot1-11	1	18	run 124	proteomic profiling by mass spectrometry	NT=timsTOF SCP;AC=MS:1003231	NT=label free sample;AC=MS:1002038	NT=Oxidation;AC=UNIMOD:35;TA=M;MT=Variable	NT=Acetyl;AC=UNIMOD:1;PP=Protein N-term;MT=Variable	NT=Phospho;AC=UNIMOD:21;TA=S,T,Y;MT=Variable	not applicable	not applicable	not applicable	not applicable	not applicable	NT=Trypsin;AC=MS:1001251	NT=Data-independent acquisition;AC=PRIDE:0000450	NT=beam-type collision-induced dissociation;AC=MS:1000422	not available	not available	not applicable	not applicable	1	1	JK_CalyA_0min_P11_Slot1-11_1_5632.d	v1.1.0	NT=ms-proteomics;VV=v1.1.0	NT=human;VV=v1.1.0	NT=cell-lines;VV=v1.1.0	NT=single-cell;VV=v1.0.0	NT=clinical-metadata;VV=v1.0.0	manual curation	NT=Jurkat;AC=EFO:0002796	untreated
JK_CalyA_0min_P12_Slot1-12	NT=Homo sapiens;AC=NCBITaxon:9606	NT=blood;AC=UBERON:0000178	NT=T cell;AC=CL:0000084	NT=T-cell childhood acute lymphocytic leukemia;AC=MONDO:0000871	NT=Jurkat;AC=EFO:0002796	CVCL_0065	Jurkat	14Y	male	NT=European ancestry;AC=HANCESTRO:0005	NT=Roswell Park Memorial Institute 1640 Medium;AC=NCIT:C178973	cell	NT=single cell;AC=PRIDE:0000897	not pooled	untreated	not applicable	not applicable	not applicable	cellenONE	P12_Slot1-12	1	19	run 125	proteomic profiling by mass spectrometry	NT=timsTOF SCP;AC=MS:1003231	NT=label free sample;AC=MS:1002038	NT=Oxidation;AC=UNIMOD:35;TA=M;MT=Variable	NT=Acetyl;AC=UNIMOD:1;PP=Protein N-term;MT=Variable	NT=Phospho;AC=UNIMOD:21;TA=S,T,Y;MT=Variable	not applicable	not applicable	not applicable	not applicable	not applicable	NT=Trypsin;AC=MS:1001251	NT=Data-independent acquisition;AC=PRIDE:0000450	NT=beam-type collision-induced dissociation;AC=MS:1000422	not available	not available	not applicable	not applicable	1	1	JK_CalyA_0min_P12_Slot1-12_1_5633.d	v1.1.0	NT=ms-proteomics;VV=v1.1.0	NT=human;VV=v1.1.0	NT=cell-lines;VV=v1.1.0	NT=single-cell;VV=v1.0.0	NT=clinical-metadata;VV=v1.0.0	manual curation	NT=Jurkat;AC=EFO:0002796	untreated
JK_CalyA_0min_P13_Slot1-13	NT=Homo sapiens;AC=NCBITaxon:9606	NT=blood;AC=UBERON:0000178	NT=T cell;AC=CL:0000084	NT=T-cell childhood acute lymphocytic leukemia;AC=MONDO:0000871	NT=Jurkat;AC=EFO:0002796	CVCL_0065	Jurkat	14Y	male	NT=European ancestry;AC=HANCESTRO:0005	NT=Roswell Park Memorial Institute 1640 Medium;AC=NCIT:C178973	cell	NT=single cell;AC=PRIDE:0000897	not pooled	untreated	not applicable	not applicable	not applicable	cellenONE	P13_Slot1-13	1	20	run 126	proteomic profiling by mass spectrometry	NT=timsTOF SCP;AC=MS:1003231	NT=label free sample;AC=MS:1002038	NT=Oxidation;AC=UNIMOD:35;TA=M;MT=Variable	NT=Acetyl;AC=UNIMOD:1;PP=Protein N-term;MT=Variable	NT=Phospho;AC=UNIMOD:21;TA=S,T,Y;MT=Variable	not applicable	not applicable	not applicable	not applicable	not applicable	NT=Trypsin;AC=MS:1001251	NT=Data-independent acquisition;AC=PRIDE:0000450	NT=beam-type collision-induced dissociation;AC=MS:1000422	not available	not available	not applicable	not applicable	1	1	JK_CalyA_0min_P13_Slot1-13_1_5634.d	v1.1.0	NT=ms-proteomics;VV=v1.1.0	NT=human;VV=v1.1.0	NT=cell-lines;VV=v1.1.0	NT=single-cell;VV=v1.0.0	NT=clinical-metadata;VV=v1.0.0	manual curation	NT=Jurkat;AC=EFO:0002796	untreated
JK_CalyA_0min_50cells_pool_R1	NT=Homo sapiens;AC=NCBITaxon:9606	NT=blood;AC=UBERON:0000178	NT=T cell;AC=CL:0000084	NT=T-cell childhood acute lymphocytic leukemia;AC=MONDO:0000871	NT=Jurkat;AC=EFO:0002796	CVCL_0065	Jurkat	14Y	male	NT=European ancestry;AC=HANCESTRO:0005	NT=Roswell Park Memorial Institute 1640 Medium;AC=NCIT:C178973	cell	NT=pooled;AC=PRIDE:0000902	pooled	untreated	not applicable	not applicable	not applicable	not applicable	not applicable	50	1	run 127	proteomic profiling by mass spectrometry	NT=timsTOF SCP;AC=MS:1003231	NT=label free sample;AC=MS:1002038	NT=Oxidation;AC=UNIMOD:35;TA=M;MT=Variable	NT=Acetyl;AC=UNIMOD:1;PP=Protein N-term;MT=Variable	NT=Phospho;AC=UNIMOD:21;TA=S,T,Y;MT=Variable	not applicable	not applicable	not applicable	not applicable	not applicable	NT=Trypsin;AC=MS:1001251	NT=Data-dependent acquisition;AC=PRIDE:0000627	NT=beam-type collision-induced dissociation;AC=MS:1000422	20 ppm	20 ppm	not applicable	not applicable	1	1	Jurkat_Caly_0min_50C_DDA_R1_IO_L15_051923_Slot2-43_1_1715.d	v1.1.0	NT=ms-proteomics;VV=v1.1.0	NT=human;VV=v1.1.0	NT=cell-lines;VV=v1.1.0	NT=single-cell;VV=v1.0.0	NT=clinical-metadata;VV=v1.0.0	manual curation	NT=Jurkat;AC=EFO:0002796	untreated
JK_CalyA_0min_50cells_pool_R2	NT=Homo sapiens;AC=NCBITaxon:9606	NT=blood;AC=UBERON:0000178	NT=T cell;AC=CL:0000084	NT=T-cell childhood acute lymphocytic leukemia;AC=MONDO:0000871	NT=Jurkat;AC=EFO:0002796	CVCL_0065	Jurkat	14Y	male	NT=European ancestry;AC=HANCESTRO:0005	NT=Roswell Park Memorial Institute 1640 Medium;AC=NCIT:C178973	cell	NT=pooled;AC=PRIDE:0000902	pooled	untreated	not applicable	not applicable	not applicable	not applicable	not applicable	50	2	run 128	proteomic profiling by mass spectrometry	NT=timsTOF SCP;AC=MS:1003231	NT=label free sample;AC=MS:1002038	NT=Oxidation;AC=UNIMOD:35;TA=M;MT=Variable	NT=Acetyl;AC=UNIMOD:1;PP=Protein N-term;MT=Variable	NT=Phospho;AC=UNIMOD:21;TA=S,T,Y;MT=Variable	not applicable	not applicable	not applicable	not applicable	not applicable	NT=Trypsin;AC=MS:1001251	NT=Data-dependent acquisition;AC=PRIDE:0000627	NT=beam-type collision-induced dissociation;AC=MS:1000422	20 ppm	20 ppm	not applicable	not applicable	1	1	Jurkat_Caly_0min_50C_DDA_R2_IO_L15_051923_Slot2-44_1_1716.d	v1.1.0	NT=ms-proteomics;VV=v1.1.0	NT=human;VV=v1.1.0	NT=cell-lines;VV=v1.1.0	NT=single-cell;VV=v1.0.0	NT=clinical-metadata;VV=v1.0.0	manual curation	NT=Jurkat;AC=EFO:0002796	untreated
JK_CalyA_0min_50cells_pool_R3	NT=Homo sapiens;AC=NCBITaxon:9606	NT=blood;AC=UBERON:0000178	NT=T cell;AC=CL:0000084	NT=T-cell childhood acute lymphocytic leukemia;AC=MONDO:0000871	NT=Jurkat;AC=EFO:0002796	CVCL_0065	Jurkat	14Y	male	NT=European ancestry;AC=HANCESTRO:0005	NT=Roswell Park Memorial Institute 1640 Medium;AC=NCIT:C178973	cell	NT=pooled;AC=PRIDE:0000902	pooled	untreated	not applicable	not applicable	not applicable	not applicable	not applicable	50	3	run 129	proteomic profiling by mass spectrometry	NT=timsTOF SCP;AC=MS:1003231	NT=label free sample;AC=MS:1002038	NT=Oxidation;AC=UNIMOD:35;TA=M;MT=Variable	NT=Acetyl;AC=UNIMOD:1;PP=Protein N-term;MT=Variable	NT=Phospho;AC=UNIMOD:21;TA=S,T,Y;MT=Variable	not applicable	not applicable	not applicable	not applicable	not applicable	NT=Trypsin;AC=MS:1001251	NT=Data-dependent acquisition;AC=PRIDE:0000627	NT=beam-type collision-induced dissociation;AC=MS:1000422	20 ppm	20 ppm	not applicable	not applicable	1	1	Jurkat_Caly_0min_50C_DDA_R3_IO_L15_051923_Slot2-45_1_1717.d	v1.1.0	NT=ms-proteomics;VV=v1.1.0	NT=human;VV=v1.1.0	NT=cell-lines;VV=v1.1.0	NT=single-cell;VV=v1.0.0	NT=clinical-metadata;VV=v1.0.0	manual curation	NT=Jurkat;AC=EFO:0002796	untreated
JK_CalyA_15min_G8_Slot1-224	NT=Homo sapiens;AC=NCBITaxon:9606	NT=blood;AC=UBERON:0000178	NT=T cell;AC=CL:0000084	NT=T-cell childhood acute lymphocytic leukemia;AC=MONDO:0000871	NT=Jurkat;AC=EFO:0002796	CVCL_0065	Jurkat	14Y	male	NT=European ancestry;AC=HANCESTRO:0005	NT=Roswell Park Memorial Institute 1640 Medium;AC=NCIT:C178973	cell	NT=single cell;AC=PRIDE:0000897	not pooled	calyculin A	NT=calyculin A;AC=CHEBI:41791	0.1 uM	15 minute	cellenONE	G8_Slot1-224	1	1	run 130	proteomic profiling by mass spectrometry	NT=timsTOF SCP;AC=MS:1003231	NT=label free sample;AC=MS:1002038	NT=Oxidation;AC=UNIMOD:35;TA=M;MT=Variable	NT=Acetyl;AC=UNIMOD:1;PP=Protein N-term;MT=Variable	NT=Phospho;AC=UNIMOD:21;TA=S,T,Y;MT=Variable	not applicable	not applicable	not applicable	not applicable	not applicable	NT=Trypsin;AC=MS:1001251	NT=Data-independent acquisition;AC=PRIDE:0000450	NT=beam-type collision-induced dissociation;AC=MS:1000422	not available	not available	not applicable	not applicable	1	1	JK_CalyA_15min_G8_Slot1-224_1_5550.d	v1.1.0	NT=ms-proteomics;VV=v1.1.0	NT=human;VV=v1.1.0	NT=cell-lines;VV=v1.1.0	NT=single-cell;VV=v1.0.0	NT=clinical-metadata;VV=v1.0.0	manual curation	NT=Jurkat;AC=EFO:0002796	calyculin A
JK_CalyA_15min_G9_Slot1-225	NT=Homo sapiens;AC=NCBITaxon:9606	NT=blood;AC=UBERON:0000178	NT=T cell;AC=CL:0000084	NT=T-cell childhood acute lymphocytic leukemia;AC=MONDO:0000871	NT=Jurkat;AC=EFO:0002796	CVCL_0065	Jurkat	14Y	male	NT=European ancestry;AC=HANCESTRO:0005	NT=Roswell Park Memorial Institute 1640 Medium;AC=NCIT:C178973	cell	NT=single cell;AC=PRIDE:0000897	not pooled	calyculin A	NT=calyculin A;AC=CHEBI:41791	0.1 uM	15 minute	cellenONE	G9_Slot1-225	1	2	run 131	proteomic profiling by mass spectrometry	NT=timsTOF SCP;AC=MS:1003231	NT=label free sample;AC=MS:1002038	NT=Oxidation;AC=UNIMOD:35;TA=M;MT=Variable	NT=Acetyl;AC=UNIMOD:1;PP=Protein N-term;MT=Variable	NT=Phospho;AC=UNIMOD:21;TA=S,T,Y;MT=Variable	not applicable	not applicable	not applicable	not applicable	not applicable	NT=Trypsin;AC=MS:1001251	NT=Data-independent acquisition;AC=PRIDE:0000450	NT=beam-type collision-induced dissociation;AC=MS:1000422	not available	not available	not applicable	not applicable	1	1	JK_CalyA_15min_G9_Slot1-225_1_5551.d	v1.1.0	NT=ms-proteomics;VV=v1.1.0	NT=human;VV=v1.1.0	NT=cell-lines;VV=v1.1.0	NT=single-cell;VV=v1.0.0	NT=clinical-metadata;VV=v1.0.0	manual curation	NT=Jurkat;AC=EFO:0002796	calyculin A
JK_CalyA_15min_H8_Slot1-200	NT=Homo sapiens;AC=NCBITaxon:9606	NT=blood;AC=UBERON:0000178	NT=T cell;AC=CL:0000084	NT=T-cell childhood acute lymphocytic leukemia;AC=MONDO:0000871	NT=Jurkat;AC=EFO:0002796	CVCL_0065	Jurkat	14Y	male	NT=European ancestry;AC=HANCESTRO:0005	NT=Roswell Park Memorial Institute 1640 Medium;AC=NCIT:C178973	cell	NT=single cell;AC=PRIDE:0000897	not pooled	calyculin A	NT=calyculin A;AC=CHEBI:41791	0.1 uM	15 minute	cellenONE	H8_Slot1-200	1	3	run 132	proteomic profiling by mass spectrometry	NT=timsTOF SCP;AC=MS:1003231	NT=label free sample;AC=MS:1002038	NT=Oxidation;AC=UNIMOD:35;TA=M;MT=Variable	NT=Acetyl;AC=UNIMOD:1;PP=Protein N-term;MT=Variable	NT=Phospho;AC=UNIMOD:21;TA=S,T,Y;MT=Variable	not applicable	not applicable	not applicable	not applicable	not applicable	NT=Trypsin;AC=MS:1001251	NT=Data-independent acquisition;AC=PRIDE:0000450	NT=beam-type collision-induced dissociation;AC=MS:1000422	not available	not available	not applicable	not applicable	1	1	JK_CalyA_15min_H8_Slot1-200_1_5570.d	v1.1.0	NT=ms-proteomics;VV=v1.1.0	NT=human;VV=v1.1.0	NT=cell-lines;VV=v1.1.0	NT=single-cell;VV=v1.0.0	NT=clinical-metadata;VV=v1.0.0	manual curation	NT=Jurkat;AC=EFO:0002796	calyculin A
JK_CalyA_15min_H9_Slot1-201	NT=Homo sapiens;AC=NCBITaxon:9606	NT=blood;AC=UBERON:0000178	NT=T cell;AC=CL:0000084	NT=T-cell childhood acute lymphocytic leukemia;AC=MONDO:0000871	NT=Jurkat;AC=EFO:0002796	CVCL_0065	Jurkat	14Y	male	NT=European ancestry;AC=HANCESTRO:0005	NT=Roswell Park Memorial Institute 1640 Medium;AC=NCIT:C178973	cell	NT=single cell;AC=PRIDE:0000897	not pooled	calyculin A	NT=calyculin A;AC=CHEBI:41791	0.1 uM	15 minute	cellenONE	H9_Slot1-201	1	4	run 133	proteomic profiling by mass spectrometry	NT=timsTOF SCP;AC=MS:1003231	NT=label free sample;AC=MS:1002038	NT=Oxidation;AC=UNIMOD:35;TA=M;MT=Variable	NT=Acetyl;AC=UNIMOD:1;PP=Protein N-term;MT=Variable	NT=Phospho;AC=UNIMOD:21;TA=S,T,Y;MT=Variable	not applicable	not applicable	not applicable	not applicable	not applicable	NT=Trypsin;AC=MS:1001251	NT=Data-independent acquisition;AC=PRIDE:0000450	NT=beam-type collision-induced dissociation;AC=MS:1000422	not available	not available	not applicable	not applicable	1	1	JK_CalyA_15min_H9_Slot1-201_1_5571.d	v1.1.0	NT=ms-proteomics;VV=v1.1.0	NT=human;VV=v1.1.0	NT=cell-lines;VV=v1.1.0	NT=single-cell;VV=v1.0.0	NT=clinical-metadata;VV=v1.0.0	manual curation	NT=Jurkat;AC=EFO:0002796	calyculin A
JK_CalyA_15min_I7_Slot1-175	NT=Homo sapiens;AC=NCBITaxon:9606	NT=blood;AC=UBERON:0000178	NT=T cell;AC=CL:0000084	NT=T-cell childhood acute lymphocytic leukemia;AC=MONDO:0000871	NT=Jurkat;AC=EFO:0002796	CVCL_0065	Jurkat	14Y	male	NT=European ancestry;AC=HANCESTRO:0005	NT=Roswell Park Memorial Institute 1640 Medium;AC=NCIT:C178973	cell	NT=single cell;AC=PRIDE:0000897	not pooled	calyculin A	NT=calyculin A;AC=CHEBI:41791	0.1 uM	15 minute	cellenONE	I7_Slot1-175	1	5	run 134	proteomic profiling by mass spectrometry	NT=timsTOF SCP;AC=MS:1003231	NT=label free sample;AC=MS:1002038	NT=Oxidation;AC=UNIMOD:35;TA=M;MT=Variable	NT=Acetyl;AC=UNIMOD:1;PP=Protein N-term;MT=Variable	NT=Phospho;AC=UNIMOD:21;TA=S,T,Y;MT=Variable	not applicable	not applicable	not applicable	not applicable	not applicable	NT=Trypsin;AC=MS:1001251	NT=Data-independent acquisition;AC=PRIDE:0000450	NT=beam-type collision-induced dissociation;AC=MS:1000422	not available	not available	not applicable	not applicable	1	1	JK_CalyA_15min_I7_Slot1-175_1_5572.d	v1.1.0	NT=ms-proteomics;VV=v1.1.0	NT=human;VV=v1.1.0	NT=cell-lines;VV=v1.1.0	NT=single-cell;VV=v1.0.0	NT=clinical-metadata;VV=v1.0.0	manual curation	NT=Jurkat;AC=EFO:0002796	calyculin A
JK_CalyA_15min_I9_Slot1-177	NT=Homo sapiens;AC=NCBITaxon:9606	NT=blood;AC=UBERON:0000178	NT=T cell;AC=CL:0000084	NT=T-cell childhood acute lymphocytic leukemia;AC=MONDO:0000871	NT=Jurkat;AC=EFO:0002796	CVCL_0065	Jurkat	14Y	male	NT=European ancestry;AC=HANCESTRO:0005	NT=Roswell Park Memorial Institute 1640 Medium;AC=NCIT:C178973	cell	NT=single cell;AC=PRIDE:0000897	not pooled	calyculin A	NT=calyculin A;AC=CHEBI:41791	0.1 uM	15 minute	cellenONE	I9_Slot1-177	1	6	run 135	proteomic profiling by mass spectrometry	NT=timsTOF SCP;AC=MS:1003231	NT=label free sample;AC=MS:1002038	NT=Oxidation;AC=UNIMOD:35;TA=M;MT=Variable	NT=Acetyl;AC=UNIMOD:1;PP=Protein N-term;MT=Variable	NT=Phospho;AC=UNIMOD:21;TA=S,T,Y;MT=Variable	not applicable	not applicable	not applicable	not applicable	not applicable	NT=Trypsin;AC=MS:1001251	NT=Data-independent acquisition;AC=PRIDE:0000450	NT=beam-type collision-induced dissociation;AC=MS:1000422	not available	not available	not applicable	not applicable	1	1	JK_CalyA_15min_I9_Slot1-177_1_5574.d	v1.1.0	NT=ms-proteomics;VV=v1.1.0	NT=human;VV=v1.1.0	NT=cell-lines;VV=v1.1.0	NT=single-cell;VV=v1.0.0	NT=clinical-metadata;VV=v1.0.0	manual curation	NT=Jurkat;AC=EFO:0002796	calyculin A
JK_CalyA_15min_K7_Slot1-127	NT=Homo sapiens;AC=NCBITaxon:9606	NT=blood;AC=UBERON:0000178	NT=T cell;AC=CL:0000084	NT=T-cell childhood acute lymphocytic leukemia;AC=MONDO:0000871	NT=Jurkat;AC=EFO:0002796	CVCL_0065	Jurkat	14Y	male	NT=European ancestry;AC=HANCESTRO:0005	NT=Roswell Park Memorial Institute 1640 Medium;AC=NCIT:C178973	cell	NT=single cell;AC=PRIDE:0000897	not pooled	calyculin A	NT=calyculin A;AC=CHEBI:41791	0.1 uM	15 minute	cellenONE	K7_Slot1-127	1	7	run 136	proteomic profiling by mass spectrometry	NT=timsTOF SCP;AC=MS:1003231	NT=label free sample;AC=MS:1002038	NT=Oxidation;AC=UNIMOD:35;TA=M;MT=Variable	NT=Acetyl;AC=UNIMOD:1;PP=Protein N-term;MT=Variable	NT=Phospho;AC=UNIMOD:21;TA=S,T,Y;MT=Variable	not applicable	not applicable	not applicable	not applicable	not applicable	NT=Trypsin;AC=MS:1001251	NT=Data-independent acquisition;AC=PRIDE:0000450	NT=beam-type collision-induced dissociation;AC=MS:1000422	not available	not available	not applicable	not applicable	1	1	JK_CalyA_15min_K7_Slot1-127_1_5639.d	v1.1.0	NT=ms-proteomics;VV=v1.1.0	NT=human;VV=v1.1.0	NT=cell-lines;VV=v1.1.0	NT=single-cell;VV=v1.0.0	NT=clinical-metadata;VV=v1.0.0	manual curation	NT=Jurkat;AC=EFO:0002796	calyculin A
JK_CalyA_15min_K8_Slot1-128	NT=Homo sapiens;AC=NCBITaxon:9606	NT=blood;AC=UBERON:0000178	NT=T cell;AC=CL:0000084	NT=T-cell childhood acute lymphocytic leukemia;AC=MONDO:0000871	NT=Jurkat;AC=EFO:0002796	CVCL_0065	Jurkat	14Y	male	NT=European ancestry;AC=HANCESTRO:0005	NT=Roswell Park Memorial Institute 1640 Medium;AC=NCIT:C178973	cell	NT=single cell;AC=PRIDE:0000897	not pooled	calyculin A	NT=calyculin A;AC=CHEBI:41791	0.1 uM	15 minute	cellenONE	K8_Slot1-128	1	8	run 137	proteomic profiling by mass spectrometry	NT=timsTOF SCP;AC=MS:1003231	NT=label free sample;AC=MS:1002038	NT=Oxidation;AC=UNIMOD:35;TA=M;MT=Variable	NT=Acetyl;AC=UNIMOD:1;PP=Protein N-term;MT=Variable	NT=Phospho;AC=UNIMOD:21;TA=S,T,Y;MT=Variable	not applicable	not applicable	not applicable	not applicable	not applicable	NT=Trypsin;AC=MS:1001251	NT=Data-independent acquisition;AC=PRIDE:0000450	NT=beam-type collision-induced dissociation;AC=MS:1000422	not available	not available	not applicable	not applicable	1	1	JK_CalyA_15min_K8_Slot1-128_1_5640.d	v1.1.0	NT=ms-proteomics;VV=v1.1.0	NT=human;VV=v1.1.0	NT=cell-lines;VV=v1.1.0	NT=single-cell;VV=v1.0.0	NT=clinical-metadata;VV=v1.0.0	manual curation	NT=Jurkat;AC=EFO:0002796	calyculin A
JK_CalyA_15min_K9_Slot1-129	NT=Homo sapiens;AC=NCBITaxon:9606	NT=blood;AC=UBERON:0000178	NT=T cell;AC=CL:0000084	NT=T-cell childhood acute lymphocytic leukemia;AC=MONDO:0000871	NT=Jurkat;AC=EFO:0002796	CVCL_0065	Jurkat	14Y	male	NT=European ancestry;AC=HANCESTRO:0005	NT=Roswell Park Memorial Institute 1640 Medium;AC=NCIT:C178973	cell	NT=single cell;AC=PRIDE:0000897	not pooled	calyculin A	NT=calyculin A;AC=CHEBI:41791	0.1 uM	15 minute	cellenONE	K9_Slot1-129	1	9	run 138	proteomic profiling by mass spectrometry	NT=timsTOF SCP;AC=MS:1003231	NT=label free sample;AC=MS:1002038	NT=Oxidation;AC=UNIMOD:35;TA=M;MT=Variable	NT=Acetyl;AC=UNIMOD:1;PP=Protein N-term;MT=Variable	NT=Phospho;AC=UNIMOD:21;TA=S,T,Y;MT=Variable	not applicable	not applicable	not applicable	not applicable	not applicable	NT=Trypsin;AC=MS:1001251	NT=Data-independent acquisition;AC=PRIDE:0000450	NT=beam-type collision-induced dissociation;AC=MS:1000422	not available	not available	not applicable	not applicable	1	1	JK_CalyA_15min_K9_Slot1-129_1_5641.d	v1.1.0	NT=ms-proteomics;VV=v1.1.0	NT=human;VV=v1.1.0	NT=cell-lines;VV=v1.1.0	NT=single-cell;VV=v1.0.0	NT=clinical-metadata;VV=v1.0.0	manual curation	NT=Jurkat;AC=EFO:0002796	calyculin A
JK_CalyA_15min_L7_Slot1-103	NT=Homo sapiens;AC=NCBITaxon:9606	NT=blood;AC=UBERON:0000178	NT=T cell;AC=CL:0000084	NT=T-cell childhood acute lymphocytic leukemia;AC=MONDO:0000871	NT=Jurkat;AC=EFO:0002796	CVCL_0065	Jurkat	14Y	male	NT=European ancestry;AC=HANCESTRO:0005	NT=Roswell Park Memorial Institute 1640 Medium;AC=NCIT:C178973	cell	NT=single cell;AC=PRIDE:0000897	not pooled	calyculin A	NT=calyculin A;AC=CHEBI:41791	0.1 uM	15 minute	cellenONE	L7_Slot1-103	1	10	run 139	proteomic profiling by mass spectrometry	NT=timsTOF SCP;AC=MS:1003231	NT=label free sample;AC=MS:1002038	NT=Oxidation;AC=UNIMOD:35;TA=M;MT=Variable	NT=Acetyl;AC=UNIMOD:1;PP=Protein N-term;MT=Variable	NT=Phospho;AC=UNIMOD:21;TA=S,T,Y;MT=Variable	not applicable	not applicable	not applicable	not applicable	not applicable	NT=Trypsin;AC=MS:1001251	NT=Data-independent acquisition;AC=PRIDE:0000450	NT=beam-type collision-induced dissociation;AC=MS:1000422	not available	not available	not applicable	not applicable	1	1	JK_CalyA_15min_L7_Slot1-103_1_5649.d	v1.1.0	NT=ms-proteomics;VV=v1.1.0	NT=human;VV=v1.1.0	NT=cell-lines;VV=v1.1.0	NT=single-cell;VV=v1.0.0	NT=clinical-metadata;VV=v1.0.0	manual curation	NT=Jurkat;AC=EFO:0002796	calyculin A
JK_CalyA_15min_L8_Slot1-104	NT=Homo sapiens;AC=NCBITaxon:9606	NT=blood;AC=UBERON:0000178	NT=T cell;AC=CL:0000084	NT=T-cell childhood acute lymphocytic leukemia;AC=MONDO:0000871	NT=Jurkat;AC=EFO:0002796	CVCL_0065	Jurkat	14Y	male	NT=European ancestry;AC=HANCESTRO:0005	NT=Roswell Park Memorial Institute 1640 Medium;AC=NCIT:C178973	cell	NT=single cell;AC=PRIDE:0000897	not pooled	calyculin A	NT=calyculin A;AC=CHEBI:41791	0.1 uM	15 minute	cellenONE	L8_Slot1-104	1	11	run 140	proteomic profiling by mass spectrometry	NT=timsTOF SCP;AC=MS:1003231	NT=label free sample;AC=MS:1002038	NT=Oxidation;AC=UNIMOD:35;TA=M;MT=Variable	NT=Acetyl;AC=UNIMOD:1;PP=Protein N-term;MT=Variable	NT=Phospho;AC=UNIMOD:21;TA=S,T,Y;MT=Variable	not applicable	not applicable	not applicable	not applicable	not applicable	NT=Trypsin;AC=MS:1001251	NT=Data-independent acquisition;AC=PRIDE:0000450	NT=beam-type collision-induced dissociation;AC=MS:1000422	not available	not available	not applicable	not applicable	1	1	JK_CalyA_15min_L8_Slot1-104_1_5650.d	v1.1.0	NT=ms-proteomics;VV=v1.1.0	NT=human;VV=v1.1.0	NT=cell-lines;VV=v1.1.0	NT=single-cell;VV=v1.0.0	NT=clinical-metadata;VV=v1.0.0	manual curation	NT=Jurkat;AC=EFO:0002796	calyculin A
JK_CalyA_15min_M7_Slot1-79	NT=Homo sapiens;AC=NCBITaxon:9606	NT=blood;AC=UBERON:0000178	NT=T cell;AC=CL:0000084	NT=T-cell childhood acute lymphocytic leukemia;AC=MONDO:0000871	NT=Jurkat;AC=EFO:0002796	CVCL_0065	Jurkat	14Y	male	NT=European ancestry;AC=HANCESTRO:0005	NT=Roswell Park Memorial Institute 1640 Medium;AC=NCIT:C178973	cell	NT=single cell;AC=PRIDE:0000897	not pooled	calyculin A	NT=calyculin A;AC=CHEBI:41791	0.1 uM	15 minute	cellenONE	M7_Slot1-79	1	12	run 141	proteomic profiling by mass spectrometry	NT=timsTOF SCP;AC=MS:1003231	NT=label free sample;AC=MS:1002038	NT=Oxidation;AC=UNIMOD:35;TA=M;MT=Variable	NT=Acetyl;AC=UNIMOD:1;PP=Protein N-term;MT=Variable	NT=Phospho;AC=UNIMOD:21;TA=S,T,Y;MT=Variable	not applicable	not applicable	not applicable	not applicable	not applicable	NT=Trypsin;AC=MS:1001251	NT=Data-independent acquisition;AC=PRIDE:0000450	NT=beam-type collision-induced dissociation;AC=MS:1000422	not available	not available	not applicable	not applicable	1	1	JK_CalyA_15min_M7_Slot1-79_1_5659.d	v1.1.0	NT=ms-proteomics;VV=v1.1.0	NT=human;VV=v1.1.0	NT=cell-lines;VV=v1.1.0	NT=single-cell;VV=v1.0.0	NT=clinical-metadata;VV=v1.0.0	manual curation	NT=Jurkat;AC=EFO:0002796	calyculin A
JK_CalyA_15min_M9_Slot1-81	NT=Homo sapiens;AC=NCBITaxon:9606	NT=blood;AC=UBERON:0000178	NT=T cell;AC=CL:0000084	NT=T-cell childhood acute lymphocytic leukemia;AC=MONDO:0000871	NT=Jurkat;AC=EFO:0002796	CVCL_0065	Jurkat	14Y	male	NT=European ancestry;AC=HANCESTRO:0005	NT=Roswell Park Memorial Institute 1640 Medium;AC=NCIT:C178973	cell	NT=single cell;AC=PRIDE:0000897	not pooled	calyculin A	NT=calyculin A;AC=CHEBI:41791	0.1 uM	15 minute	cellenONE	M9_Slot1-81	1	13	run 142	proteomic profiling by mass spectrometry	NT=timsTOF SCP;AC=MS:1003231	NT=label free sample;AC=MS:1002038	NT=Oxidation;AC=UNIMOD:35;TA=M;MT=Variable	NT=Acetyl;AC=UNIMOD:1;PP=Protein N-term;MT=Variable	NT=Phospho;AC=UNIMOD:21;TA=S,T,Y;MT=Variable	not applicable	not applicable	not applicable	not applicable	not applicable	NT=Trypsin;AC=MS:1001251	NT=Data-independent acquisition;AC=PRIDE:0000450	NT=beam-type collision-induced dissociation;AC=MS:1000422	not available	not available	not applicable	not applicable	1	1	JK_CalyA_15min_M9_Slot1-81_1_5661.d	v1.1.0	NT=ms-proteomics;VV=v1.1.0	NT=human;VV=v1.1.0	NT=cell-lines;VV=v1.1.0	NT=single-cell;VV=v1.0.0	NT=clinical-metadata;VV=v1.0.0	manual curation	NT=Jurkat;AC=EFO:0002796	calyculin A
JK_CalyA_15min_N7_Slot1-55	NT=Homo sapiens;AC=NCBITaxon:9606	NT=blood;AC=UBERON:0000178	NT=T cell;AC=CL:0000084	NT=T-cell childhood acute lymphocytic leukemia;AC=MONDO:0000871	NT=Jurkat;AC=EFO:0002796	CVCL_0065	Jurkat	14Y	male	NT=European ancestry;AC=HANCESTRO:0005	NT=Roswell Park Memorial Institute 1640 Medium;AC=NCIT:C178973	cell	NT=single cell;AC=PRIDE:0000897	not pooled	calyculin A	NT=calyculin A;AC=CHEBI:41791	0.1 uM	15 minute	cellenONE	N7_Slot1-55	1	14	run 143	proteomic profiling by mass spectrometry	NT=timsTOF SCP;AC=MS:1003231	NT=label free sample;AC=MS:1002038	NT=Oxidation;AC=UNIMOD:35;TA=M;MT=Variable	NT=Acetyl;AC=UNIMOD:1;PP=Protein N-term;MT=Variable	NT=Phospho;AC=UNIMOD:21;TA=S,T,Y;MT=Variable	not applicable	not applicable	not applicable	not applicable	not applicable	NT=Trypsin;AC=MS:1001251	NT=Data-independent acquisition;AC=PRIDE:0000450	NT=beam-type collision-induced dissociation;AC=MS:1000422	not available	not available	not applicable	not applicable	1	1	JK_CalyA_15min_N7_Slot1-55_1_5669.d	v1.1.0	NT=ms-proteomics;VV=v1.1.0	NT=human;VV=v1.1.0	NT=cell-lines;VV=v1.1.0	NT=single-cell;VV=v1.0.0	NT=clinical-metadata;VV=v1.0.0	manual curation	NT=Jurkat;AC=EFO:0002796	calyculin A
JK_CalyA_15min_N8_Slot1-56	NT=Homo sapiens;AC=NCBITaxon:9606	NT=blood;AC=UBERON:0000178	NT=T cell;AC=CL:0000084	NT=T-cell childhood acute lymphocytic leukemia;AC=MONDO:0000871	NT=Jurkat;AC=EFO:0002796	CVCL_0065	Jurkat	14Y	male	NT=European ancestry;AC=HANCESTRO:0005	NT=Roswell Park Memorial Institute 1640 Medium;AC=NCIT:C178973	cell	NT=single cell;AC=PRIDE:0000897	not pooled	calyculin A	NT=calyculin A;AC=CHEBI:41791	0.1 uM	15 minute	cellenONE	N8_Slot1-56	1	15	run 144	proteomic profiling by mass spectrometry	NT=timsTOF SCP;AC=MS:1003231	NT=label free sample;AC=MS:1002038	NT=Oxidation;AC=UNIMOD:35;TA=M;MT=Variable	NT=Acetyl;AC=UNIMOD:1;PP=Protein N-term;MT=Variable	NT=Phospho;AC=UNIMOD:21;TA=S,T,Y;MT=Variable	not applicable	not applicable	not applicable	not applicable	not applicable	NT=Trypsin;AC=MS:1001251	NT=Data-independent acquisition;AC=PRIDE:0000450	NT=beam-type collision-induced dissociation;AC=MS:1000422	not available	not available	not applicable	not applicable	1	1	JK_CalyA_15min_N8_Slot1-56_1_5670.d	v1.1.0	NT=ms-proteomics;VV=v1.1.0	NT=human;VV=v1.1.0	NT=cell-lines;VV=v1.1.0	NT=single-cell;VV=v1.0.0	NT=clinical-metadata;VV=v1.0.0	manual curation	NT=Jurkat;AC=EFO:0002796	calyculin A
JK_CalyA_15min_O7_Slot1-31	NT=Homo sapiens;AC=NCBITaxon:9606	NT=blood;AC=UBERON:0000178	NT=T cell;AC=CL:0000084	NT=T-cell childhood acute lymphocytic leukemia;AC=MONDO:0000871	NT=Jurkat;AC=EFO:0002796	CVCL_0065	Jurkat	14Y	male	NT=European ancestry;AC=HANCESTRO:0005	NT=Roswell Park Memorial Institute 1640 Medium;AC=NCIT:C178973	cell	NT=single cell;AC=PRIDE:0000897	not pooled	calyculin A	NT=calyculin A;AC=CHEBI:41791	0.1 uM	15 minute	cellenONE	O7_Slot1-31	1	16	run 145	proteomic profiling by mass spectrometry	NT=timsTOF SCP;AC=MS:1003231	NT=label free sample;AC=MS:1002038	NT=Oxidation;AC=UNIMOD:35;TA=M;MT=Variable	NT=Acetyl;AC=UNIMOD:1;PP=Protein N-term;MT=Variable	NT=Phospho;AC=UNIMOD:21;TA=S,T,Y;MT=Variable	not applicable	not applicable	not applicable	not applicable	not applicable	NT=Trypsin;AC=MS:1001251	NT=Data-independent acquisition;AC=PRIDE:0000450	NT=beam-type collision-induced dissociation;AC=MS:1000422	not available	not available	not applicable	not applicable	1	1	JK_CalyA_15min_O7_Slot1-31_1_5618.d	v1.1.0	NT=ms-proteomics;VV=v1.1.0	NT=human;VV=v1.1.0	NT=cell-lines;VV=v1.1.0	NT=single-cell;VV=v1.0.0	NT=clinical-metadata;VV=v1.0.0	manual curation	NT=Jurkat;AC=EFO:0002796	calyculin A
JK_CalyA_15min_O8_Slot1-32	NT=Homo sapiens;AC=NCBITaxon:9606	NT=blood;AC=UBERON:0000178	NT=T cell;AC=CL:0000084	NT=T-cell childhood acute lymphocytic leukemia;AC=MONDO:0000871	NT=Jurkat;AC=EFO:0002796	CVCL_0065	Jurkat	14Y	male	NT=European ancestry;AC=HANCESTRO:0005	NT=Roswell Park Memorial Institute 1640 Medium;AC=NCIT:C178973	cell	NT=single cell;AC=PRIDE:0000897	not pooled	calyculin A	NT=calyculin A;AC=CHEBI:41791	0.1 uM	15 minute	cellenONE	O8_Slot1-32	1	17	run 146	proteomic profiling by mass spectrometry	NT=timsTOF SCP;AC=MS:1003231	NT=label free sample;AC=MS:1002038	NT=Oxidation;AC=UNIMOD:35;TA=M;MT=Variable	NT=Acetyl;AC=UNIMOD:1;PP=Protein N-term;MT=Variable	NT=Phospho;AC=UNIMOD:21;TA=S,T,Y;MT=Variable	not applicable	not applicable	not applicable	not applicable	not applicable	NT=Trypsin;AC=MS:1001251	NT=Data-independent acquisition;AC=PRIDE:0000450	NT=beam-type collision-induced dissociation;AC=MS:1000422	not available	not available	not applicable	not applicable	1	1	JK_CalyA_15min_O8_Slot1-32_1_5619.d	v1.1.0	NT=ms-proteomics;VV=v1.1.0	NT=human;VV=v1.1.0	NT=cell-lines;VV=v1.1.0	NT=single-cell;VV=v1.0.0	NT=clinical-metadata;VV=v1.0.0	manual curation	NT=Jurkat;AC=EFO:0002796	calyculin A
JK_CalyA_15min_P7_Slot1-7	NT=Homo sapiens;AC=NCBITaxon:9606	NT=blood;AC=UBERON:0000178	NT=T cell;AC=CL:0000084	NT=T-cell childhood acute lymphocytic leukemia;AC=MONDO:0000871	NT=Jurkat;AC=EFO:0002796	CVCL_0065	Jurkat	14Y	male	NT=European ancestry;AC=HANCESTRO:0005	NT=Roswell Park Memorial Institute 1640 Medium;AC=NCIT:C178973	cell	NT=single cell;AC=PRIDE:0000897	not pooled	calyculin A	NT=calyculin A;AC=CHEBI:41791	0.1 uM	15 minute	cellenONE	P7_Slot1-7	1	18	run 147	proteomic profiling by mass spectrometry	NT=timsTOF SCP;AC=MS:1003231	NT=label free sample;AC=MS:1002038	NT=Oxidation;AC=UNIMOD:35;TA=M;MT=Variable	NT=Acetyl;AC=UNIMOD:1;PP=Protein N-term;MT=Variable	NT=Phospho;AC=UNIMOD:21;TA=S,T,Y;MT=Variable	not applicable	not applicable	not applicable	not applicable	not applicable	NT=Trypsin;AC=MS:1001251	NT=Data-independent acquisition;AC=PRIDE:0000450	NT=beam-type collision-induced dissociation;AC=MS:1000422	not available	not available	not applicable	not applicable	1	1	JK_CalyA_15min_P7_Slot1-7_1_5629.d	v1.1.0	NT=ms-proteomics;VV=v1.1.0	NT=human;VV=v1.1.0	NT=cell-lines;VV=v1.1.0	NT=single-cell;VV=v1.0.0	NT=clinical-metadata;VV=v1.0.0	manual curation	NT=Jurkat;AC=EFO:0002796	calyculin A
JK_CalyA_15min_P8_Slot1-8	NT=Homo sapiens;AC=NCBITaxon:9606	NT=blood;AC=UBERON:0000178	NT=T cell;AC=CL:0000084	NT=T-cell childhood acute lymphocytic leukemia;AC=MONDO:0000871	NT=Jurkat;AC=EFO:0002796	CVCL_0065	Jurkat	14Y	male	NT=European ancestry;AC=HANCESTRO:0005	NT=Roswell Park Memorial Institute 1640 Medium;AC=NCIT:C178973	cell	NT=single cell;AC=PRIDE:0000897	not pooled	calyculin A	NT=calyculin A;AC=CHEBI:41791	0.1 uM	15 minute	cellenONE	P8_Slot1-8	1	19	run 148	proteomic profiling by mass spectrometry	NT=timsTOF SCP;AC=MS:1003231	NT=label free sample;AC=MS:1002038	NT=Oxidation;AC=UNIMOD:35;TA=M;MT=Variable	NT=Acetyl;AC=UNIMOD:1;PP=Protein N-term;MT=Variable	NT=Phospho;AC=UNIMOD:21;TA=S,T,Y;MT=Variable	not applicable	not applicable	not applicable	not applicable	not applicable	NT=Trypsin;AC=MS:1001251	NT=Data-independent acquisition;AC=PRIDE:0000450	NT=beam-type collision-induced dissociation;AC=MS:1000422	not available	not available	not applicable	not applicable	1	1	JK_CalyA_15min_P8_Slot1-8_1_5630.d	v1.1.0	NT=ms-proteomics;VV=v1.1.0	NT=human;VV=v1.1.0	NT=cell-lines;VV=v1.1.0	NT=single-cell;VV=v1.0.0	NT=clinical-metadata;VV=v1.0.0	manual curation	NT=Jurkat;AC=EFO:0002796	calyculin A
JK_CalyA_15min_P9_Slot1-9	NT=Homo sapiens;AC=NCBITaxon:9606	NT=blood;AC=UBERON:0000178	NT=T cell;AC=CL:0000084	NT=T-cell childhood acute lymphocytic leukemia;AC=MONDO:0000871	NT=Jurkat;AC=EFO:0002796	CVCL_0065	Jurkat	14Y	male	NT=European ancestry;AC=HANCESTRO:0005	NT=Roswell Park Memorial Institute 1640 Medium;AC=NCIT:C178973	cell	NT=single cell;AC=PRIDE:0000897	not pooled	calyculin A	NT=calyculin A;AC=CHEBI:41791	0.1 uM	15 minute	cellenONE	P9_Slot1-9	1	20	run 149	proteomic profiling by mass spectrometry	NT=timsTOF SCP;AC=MS:1003231	NT=label free sample;AC=MS:1002038	NT=Oxidation;AC=UNIMOD:35;TA=M;MT=Variable	NT=Acetyl;AC=UNIMOD:1;PP=Protein N-term;MT=Variable	NT=Phospho;AC=UNIMOD:21;TA=S,T,Y;MT=Variable	not applicable	not applicable	not applicable	not applicable	not applicable	NT=Trypsin;AC=MS:1001251	NT=Data-independent acquisition;AC=PRIDE:0000450	NT=beam-type collision-induced dissociation;AC=MS:1000422	not available	not available	not applicable	not applicable	1	1	JK_CalyA_15min_P9_Slot1-9_1_5631.d	v1.1.0	NT=ms-proteomics;VV=v1.1.0	NT=human;VV=v1.1.0	NT=cell-lines;VV=v1.1.0	NT=single-cell;VV=v1.0.0	NT=clinical-metadata;VV=v1.0.0	manual curation	NT=Jurkat;AC=EFO:0002796	calyculin A
JK_CalyA_15min_50cells_pool_R1	NT=Homo sapiens;AC=NCBITaxon:9606	NT=blood;AC=UBERON:0000178	NT=T cell;AC=CL:0000084	NT=T-cell childhood acute lymphocytic leukemia;AC=MONDO:0000871	NT=Jurkat;AC=EFO:0002796	CVCL_0065	Jurkat	14Y	male	NT=European ancestry;AC=HANCESTRO:0005	NT=Roswell Park Memorial Institute 1640 Medium;AC=NCIT:C178973	cell	NT=pooled;AC=PRIDE:0000902	pooled	calyculin A	NT=calyculin A;AC=CHEBI:41791	0.1 uM	15 minute	not applicable	not applicable	50	1	run 150	proteomic profiling by mass spectrometry	NT=timsTOF SCP;AC=MS:1003231	NT=label free sample;AC=MS:1002038	NT=Oxidation;AC=UNIMOD:35;TA=M;MT=Variable	NT=Acetyl;AC=UNIMOD:1;PP=Protein N-term;MT=Variable	NT=Phospho;AC=UNIMOD:21;TA=S,T,Y;MT=Variable	not applicable	not applicable	not applicable	not applicable	not applicable	NT=Trypsin;AC=MS:1001251	NT=Data-dependent acquisition;AC=PRIDE:0000627	NT=beam-type collision-induced dissociation;AC=MS:1000422	20 ppm	20 ppm	not applicable	not applicable	1	1	Jurkat_Caly_15min_50C_DDA_R1_IO_L15_051923_Slot2-40_1_1711.d	v1.1.0	NT=ms-proteomics;VV=v1.1.0	NT=human;VV=v1.1.0	NT=cell-lines;VV=v1.1.0	NT=single-cell;VV=v1.0.0	NT=clinical-metadata;VV=v1.0.0	manual curation	NT=Jurkat;AC=EFO:0002796	calyculin A
JK_CalyA_15min_50cells_pool_R2	NT=Homo sapiens;AC=NCBITaxon:9606	NT=blood;AC=UBERON:0000178	NT=T cell;AC=CL:0000084	NT=T-cell childhood acute lymphocytic leukemia;AC=MONDO:0000871	NT=Jurkat;AC=EFO:0002796	CVCL_0065	Jurkat	14Y	male	NT=European ancestry;AC=HANCESTRO:0005	NT=Roswell Park Memorial Institute 1640 Medium;AC=NCIT:C178973	cell	NT=pooled;AC=PRIDE:0000902	pooled	calyculin A	NT=calyculin A;AC=CHEBI:41791	0.1 uM	15 minute	not applicable	not applicable	50	2	run 151	proteomic profiling by mass spectrometry	NT=timsTOF SCP;AC=MS:1003231	NT=label free sample;AC=MS:1002038	NT=Oxidation;AC=UNIMOD:35;TA=M;MT=Variable	NT=Acetyl;AC=UNIMOD:1;PP=Protein N-term;MT=Variable	NT=Phospho;AC=UNIMOD:21;TA=S,T,Y;MT=Variable	not applicable	not applicable	not applicable	not applicable	not applicable	NT=Trypsin;AC=MS:1001251	NT=Data-dependent acquisition;AC=PRIDE:0000627	NT=beam-type collision-induced dissociation;AC=MS:1000422	20 ppm	20 ppm	not applicable	not applicable	1	1	Jurkat_Caly_15min_50C_DDA_R2_IO_L15_051923_Slot2-41_1_1712.d	v1.1.0	NT=ms-proteomics;VV=v1.1.0	NT=human;VV=v1.1.0	NT=cell-lines;VV=v1.1.0	NT=single-cell;VV=v1.0.0	NT=clinical-metadata;VV=v1.0.0	manual curation	NT=Jurkat;AC=EFO:0002796	calyculin A
JK_CalyA_15min_50cells_pool_R3	NT=Homo sapiens;AC=NCBITaxon:9606	NT=blood;AC=UBERON:0000178	NT=T cell;AC=CL:0000084	NT=T-cell childhood acute lymphocytic leukemia;AC=MONDO:0000871	NT=Jurkat;AC=EFO:0002796	CVCL_0065	Jurkat	14Y	male	NT=European ancestry;AC=HANCESTRO:0005	NT=Roswell Park Memorial Institute 1640 Medium;AC=NCIT:C178973	cell	NT=pooled;AC=PRIDE:0000902	pooled	calyculin A	NT=calyculin A;AC=CHEBI:41791	0.1 uM	15 minute	not applicable	not applicable	50	3	run 152	proteomic profiling by mass spectrometry	NT=timsTOF SCP;AC=MS:1003231	NT=label free sample;AC=MS:1002038	NT=Oxidation;AC=UNIMOD:35;TA=M;MT=Variable	NT=Acetyl;AC=UNIMOD:1;PP=Protein N-term;MT=Variable	NT=Phospho;AC=UNIMOD:21;TA=S,T,Y;MT=Variable	not applicable	not applicable	not applicable	not applicable	not applicable	NT=Trypsin;AC=MS:1001251	NT=Data-dependent acquisition;AC=PRIDE:0000627	NT=beam-type collision-induced dissociation;AC=MS:1000422	20 ppm	20 ppm	not applicable	not applicable	1	1	Jurkat_Caly_15min_50C_DDA_R3_IO_L15_051923_Slot2-42_1_1713.d	v1.1.0	NT=ms-proteomics;VV=v1.1.0	NT=human;VV=v1.1.0	NT=cell-lines;VV=v1.1.0	NT=single-cell;VV=v1.0.0	NT=clinical-metadata;VV=v1.0.0	manual curation	NT=Jurkat;AC=EFO:0002796	calyculin A
JK_CalyA_30min_F5_Slot1-245	NT=Homo sapiens;AC=NCBITaxon:9606	NT=blood;AC=UBERON:0000178	NT=T cell;AC=CL:0000084	NT=T-cell childhood acute lymphocytic leukemia;AC=MONDO:0000871	NT=Jurkat;AC=EFO:0002796	CVCL_0065	Jurkat	14Y	male	NT=European ancestry;AC=HANCESTRO:0005	NT=Roswell Park Memorial Institute 1640 Medium;AC=NCIT:C178973	cell	NT=single cell;AC=PRIDE:0000897	not pooled	calyculin A	NT=calyculin A;AC=CHEBI:41791	0.1 uM	30 minute	cellenONE	F5_Slot1-245	1	1	run 153	proteomic profiling by mass spectrometry	NT=timsTOF SCP;AC=MS:1003231	NT=label free sample;AC=MS:1002038	NT=Oxidation;AC=UNIMOD:35;TA=M;MT=Variable	NT=Acetyl;AC=UNIMOD:1;PP=Protein N-term;MT=Variable	NT=Phospho;AC=UNIMOD:21;TA=S,T,Y;MT=Variable	not applicable	not applicable	not applicable	not applicable	not applicable	NT=Trypsin;AC=MS:1001251	NT=Data-independent acquisition;AC=PRIDE:0000450	NT=beam-type collision-induced dissociation;AC=MS:1000422	not available	not available	not applicable	not applicable	1	1	JK_CalyA_30min_F5_Slot1-245_1_5546.d	v1.1.0	NT=ms-proteomics;VV=v1.1.0	NT=human;VV=v1.1.0	NT=cell-lines;VV=v1.1.0	NT=single-cell;VV=v1.0.0	NT=clinical-metadata;VV=v1.0.0	manual curation	NT=Jurkat;AC=EFO:0002796	calyculin A
JK_CalyA_30min_G4_Slot1-220	NT=Homo sapiens;AC=NCBITaxon:9606	NT=blood;AC=UBERON:0000178	NT=T cell;AC=CL:0000084	NT=T-cell childhood acute lymphocytic leukemia;AC=MONDO:0000871	NT=Jurkat;AC=EFO:0002796	CVCL_0065	Jurkat	14Y	male	NT=European ancestry;AC=HANCESTRO:0005	NT=Roswell Park Memorial Institute 1640 Medium;AC=NCIT:C178973	cell	NT=single cell;AC=PRIDE:0000897	not pooled	calyculin A	NT=calyculin A;AC=CHEBI:41791	0.1 uM	30 minute	cellenONE	G4_Slot1-220	1	2	run 154	proteomic profiling by mass spectrometry	NT=timsTOF SCP;AC=MS:1003231	NT=label free sample;AC=MS:1002038	NT=Oxidation;AC=UNIMOD:35;TA=M;MT=Variable	NT=Acetyl;AC=UNIMOD:1;PP=Protein N-term;MT=Variable	NT=Phospho;AC=UNIMOD:21;TA=S,T,Y;MT=Variable	not applicable	not applicable	not applicable	not applicable	not applicable	NT=Trypsin;AC=MS:1001251	NT=Data-independent acquisition;AC=PRIDE:0000450	NT=beam-type collision-induced dissociation;AC=MS:1000422	not available	not available	not applicable	not applicable	1	1	JK_CalyA_30min_G4_Slot1-220_1_5547.d	v1.1.0	NT=ms-proteomics;VV=v1.1.0	NT=human;VV=v1.1.0	NT=cell-lines;VV=v1.1.0	NT=single-cell;VV=v1.0.0	NT=clinical-metadata;VV=v1.0.0	manual curation	NT=Jurkat;AC=EFO:0002796	calyculin A
JK_CalyA_30min_G5_Slot1-221	NT=Homo sapiens;AC=NCBITaxon:9606	NT=blood;AC=UBERON:0000178	NT=T cell;AC=CL:0000084	NT=T-cell childhood acute lymphocytic leukemia;AC=MONDO:0000871	NT=Jurkat;AC=EFO:0002796	CVCL_0065	Jurkat	14Y	male	NT=European ancestry;AC=HANCESTRO:0005	NT=Roswell Park Memorial Institute 1640 Medium;AC=NCIT:C178973	cell	NT=single cell;AC=PRIDE:0000897	not pooled	calyculin A	NT=calyculin A;AC=CHEBI:41791	0.1 uM	30 minute	cellenONE	G5_Slot1-221	1	3	run 155	proteomic profiling by mass spectrometry	NT=timsTOF SCP;AC=MS:1003231	NT=label free sample;AC=MS:1002038	NT=Oxidation;AC=UNIMOD:35;TA=M;MT=Variable	NT=Acetyl;AC=UNIMOD:1;PP=Protein N-term;MT=Variable	NT=Phospho;AC=UNIMOD:21;TA=S,T,Y;MT=Variable	not applicable	not applicable	not applicable	not applicable	not applicable	NT=Trypsin;AC=MS:1001251	NT=Data-independent acquisition;AC=PRIDE:0000450	NT=beam-type collision-induced dissociation;AC=MS:1000422	not available	not available	not applicable	not applicable	1	1	JK_CalyA_30min_G5_Slot1-221_1_5548.d	v1.1.0	NT=ms-proteomics;VV=v1.1.0	NT=human;VV=v1.1.0	NT=cell-lines;VV=v1.1.0	NT=single-cell;VV=v1.0.0	NT=clinical-metadata;VV=v1.0.0	manual curation	NT=Jurkat;AC=EFO:0002796	calyculin A
JK_CalyA_30min_H3_Slot1-195	NT=Homo sapiens;AC=NCBITaxon:9606	NT=blood;AC=UBERON:0000178	NT=T cell;AC=CL:0000084	NT=T-cell childhood acute lymphocytic leukemia;AC=MONDO:0000871	NT=Jurkat;AC=EFO:0002796	CVCL_0065	Jurkat	14Y	male	NT=European ancestry;AC=HANCESTRO:0005	NT=Roswell Park Memorial Institute 1640 Medium;AC=NCIT:C178973	cell	NT=single cell;AC=PRIDE:0000897	not pooled	calyculin A	NT=calyculin A;AC=CHEBI:41791	0.1 uM	30 minute	cellenONE	H3_Slot1-195	1	4	run 156	proteomic profiling by mass spectrometry	NT=timsTOF SCP;AC=MS:1003231	NT=label free sample;AC=MS:1002038	NT=Oxidation;AC=UNIMOD:35;TA=M;MT=Variable	NT=Acetyl;AC=UNIMOD:1;PP=Protein N-term;MT=Variable	NT=Phospho;AC=UNIMOD:21;TA=S,T,Y;MT=Variable	not applicable	not applicable	not applicable	not applicable	not applicable	NT=Trypsin;AC=MS:1001251	NT=Data-independent acquisition;AC=PRIDE:0000450	NT=beam-type collision-induced dissociation;AC=MS:1000422	not available	not available	not applicable	not applicable	1	1	JK_CalyA_30min_H3_Slot1-195_1_5559.d	v1.1.0	NT=ms-proteomics;VV=v1.1.0	NT=human;VV=v1.1.0	NT=cell-lines;VV=v1.1.0	NT=single-cell;VV=v1.0.0	NT=clinical-metadata;VV=v1.0.0	manual curation	NT=Jurkat;AC=EFO:0002796	calyculin A
JK_CalyA_30min_H4_Slot1-196	NT=Homo sapiens;AC=NCBITaxon:9606	NT=blood;AC=UBERON:0000178	NT=T cell;AC=CL:0000084	NT=T-cell childhood acute lymphocytic leukemia;AC=MONDO:0000871	NT=Jurkat;AC=EFO:0002796	CVCL_0065	Jurkat	14Y	male	NT=European ancestry;AC=HANCESTRO:0005	NT=Roswell Park Memorial Institute 1640 Medium;AC=NCIT:C178973	cell	NT=single cell;AC=PRIDE:0000897	not pooled	calyculin A	NT=calyculin A;AC=CHEBI:41791	0.1 uM	30 minute	cellenONE	H4_Slot1-196	1	5	run 157	proteomic profiling by mass spectrometry	NT=timsTOF SCP;AC=MS:1003231	NT=label free sample;AC=MS:1002038	NT=Oxidation;AC=UNIMOD:35;TA=M;MT=Variable	NT=Acetyl;AC=UNIMOD:1;PP=Protein N-term;MT=Variable	NT=Phospho;AC=UNIMOD:21;TA=S,T,Y;MT=Variable	not applicable	not applicable	not applicable	not applicable	not applicable	NT=Trypsin;AC=MS:1001251	NT=Data-independent acquisition;AC=PRIDE:0000450	NT=beam-type collision-induced dissociation;AC=MS:1000422	not available	not available	not applicable	not applicable	1	1	JK_CalyA_30min_H4_Slot1-196_1_5560.d	v1.1.0	NT=ms-proteomics;VV=v1.1.0	NT=human;VV=v1.1.0	NT=cell-lines;VV=v1.1.0	NT=single-cell;VV=v1.0.0	NT=clinical-metadata;VV=v1.0.0	manual curation	NT=Jurkat;AC=EFO:0002796	calyculin A
JK_CalyA_30min_I4_Slot1-172	NT=Homo sapiens;AC=NCBITaxon:9606	NT=blood;AC=UBERON:0000178	NT=T cell;AC=CL:0000084	NT=T-cell childhood acute lymphocytic leukemia;AC=MONDO:0000871	NT=Jurkat;AC=EFO:0002796	CVCL_0065	Jurkat	14Y	male	NT=European ancestry;AC=HANCESTRO:0005	NT=Roswell Park Memorial Institute 1640 Medium;AC=NCIT:C178973	cell	NT=single cell;AC=PRIDE:0000897	not pooled	calyculin A	NT=calyculin A;AC=CHEBI:41791	0.1 uM	30 minute	cellenONE	I4_Slot1-172	1	6	run 158	proteomic profiling by mass spectrometry	NT=timsTOF SCP;AC=MS:1003231	NT=label free sample;AC=MS:1002038	NT=Oxidation;AC=UNIMOD:35;TA=M;MT=Variable	NT=Acetyl;AC=UNIMOD:1;PP=Protein N-term;MT=Variable	NT=Phospho;AC=UNIMOD:21;TA=S,T,Y;MT=Variable	not applicable	not applicable	not applicable	not applicable	not applicable	NT=Trypsin;AC=MS:1001251	NT=Data-independent acquisition;AC=PRIDE:0000450	NT=beam-type collision-induced dissociation;AC=MS:1000422	not available	not available	not applicable	not applicable	1	1	JK_CalyA_30min_I4_Slot1-172_1_5578.d	v1.1.0	NT=ms-proteomics;VV=v1.1.0	NT=human;VV=v1.1.0	NT=cell-lines;VV=v1.1.0	NT=single-cell;VV=v1.0.0	NT=clinical-metadata;VV=v1.0.0	manual curation	NT=Jurkat;AC=EFO:0002796	calyculin A
JK_CalyA_30min_I5_Slot1-173	NT=Homo sapiens;AC=NCBITaxon:9606	NT=blood;AC=UBERON:0000178	NT=T cell;AC=CL:0000084	NT=T-cell childhood acute lymphocytic leukemia;AC=MONDO:0000871	NT=Jurkat;AC=EFO:0002796	CVCL_0065	Jurkat	14Y	male	NT=European ancestry;AC=HANCESTRO:0005	NT=Roswell Park Memorial Institute 1640 Medium;AC=NCIT:C178973	cell	NT=single cell;AC=PRIDE:0000897	not pooled	calyculin A	NT=calyculin A;AC=CHEBI:41791	0.1 uM	30 minute	cellenONE	I5_Slot1-173	1	7	run 159	proteomic profiling by mass spectrometry	NT=timsTOF SCP;AC=MS:1003231	NT=label free sample;AC=MS:1002038	NT=Oxidation;AC=UNIMOD:35;TA=M;MT=Variable	NT=Acetyl;AC=UNIMOD:1;PP=Protein N-term;MT=Variable	NT=Phospho;AC=UNIMOD:21;TA=S,T,Y;MT=Variable	not applicable	not applicable	not applicable	not applicable	not applicable	NT=Trypsin;AC=MS:1001251	NT=Data-independent acquisition;AC=PRIDE:0000450	NT=beam-type collision-induced dissociation;AC=MS:1000422	not available	not available	not applicable	not applicable	1	1	JK_CalyA_30min_I5_Slot1-173_1_5579.d	v1.1.0	NT=ms-proteomics;VV=v1.1.0	NT=human;VV=v1.1.0	NT=cell-lines;VV=v1.1.0	NT=single-cell;VV=v1.0.0	NT=clinical-metadata;VV=v1.0.0	manual curation	NT=Jurkat;AC=EFO:0002796	calyculin A
JK_CalyA_30min_K3_Slot1-123	NT=Homo sapiens;AC=NCBITaxon:9606	NT=blood;AC=UBERON:0000178	NT=T cell;AC=CL:0000084	NT=T-cell childhood acute lymphocytic leukemia;AC=MONDO:0000871	NT=Jurkat;AC=EFO:0002796	CVCL_0065	Jurkat	14Y	male	NT=European ancestry;AC=HANCESTRO:0005	NT=Roswell Park Memorial Institute 1640 Medium;AC=NCIT:C178973	cell	NT=single cell;AC=PRIDE:0000897	not pooled	calyculin A	NT=calyculin A;AC=CHEBI:41791	0.1 uM	30 minute	cellenONE	K3_Slot1-123	1	8	run 160	proteomic profiling by mass spectrometry	NT=timsTOF SCP;AC=MS:1003231	NT=label free sample;AC=MS:1002038	NT=Oxidation;AC=UNIMOD:35;TA=M;MT=Variable	NT=Acetyl;AC=UNIMOD:1;PP=Protein N-term;MT=Variable	NT=Phospho;AC=UNIMOD:21;TA=S,T,Y;MT=Variable	not applicable	not applicable	not applicable	not applicable	not applicable	NT=Trypsin;AC=MS:1001251	NT=Data-independent acquisition;AC=PRIDE:0000450	NT=beam-type collision-induced dissociation;AC=MS:1000422	not available	not available	not applicable	not applicable	1	1	JK_CalyA_30min_K3_Slot1-123_1_5636.d	v1.1.0	NT=ms-proteomics;VV=v1.1.0	NT=human;VV=v1.1.0	NT=cell-lines;VV=v1.1.0	NT=single-cell;VV=v1.0.0	NT=clinical-metadata;VV=v1.0.0	manual curation	NT=Jurkat;AC=EFO:0002796	calyculin A
JK_CalyA_30min_K4_Slot1-124	NT=Homo sapiens;AC=NCBITaxon:9606	NT=blood;AC=UBERON:0000178	NT=T cell;AC=CL:0000084	NT=T-cell childhood acute lymphocytic leukemia;AC=MONDO:0000871	NT=Jurkat;AC=EFO:0002796	CVCL_0065	Jurkat	14Y	male	NT=European ancestry;AC=HANCESTRO:0005	NT=Roswell Park Memorial Institute 1640 Medium;AC=NCIT:C178973	cell	NT=single cell;AC=PRIDE:0000897	not pooled	calyculin A	NT=calyculin A;AC=CHEBI:41791	0.1 uM	30 minute	cellenONE	K4_Slot1-124	1	9	run 161	proteomic profiling by mass spectrometry	NT=timsTOF SCP;AC=MS:1003231	NT=label free sample;AC=MS:1002038	NT=Oxidation;AC=UNIMOD:35;TA=M;MT=Variable	NT=Acetyl;AC=UNIMOD:1;PP=Protein N-term;MT=Variable	NT=Phospho;AC=UNIMOD:21;TA=S,T,Y;MT=Variable	not applicable	not applicable	not applicable	not applicable	not applicable	NT=Trypsin;AC=MS:1001251	NT=Data-independent acquisition;AC=PRIDE:0000450	NT=beam-type collision-induced dissociation;AC=MS:1000422	not available	not available	not applicable	not applicable	1	1	JK_CalyA_30min_K4_Slot1-124_1_5637.d	v1.1.0	NT=ms-proteomics;VV=v1.1.0	NT=human;VV=v1.1.0	NT=cell-lines;VV=v1.1.0	NT=single-cell;VV=v1.0.0	NT=clinical-metadata;VV=v1.0.0	manual curation	NT=Jurkat;AC=EFO:0002796	calyculin A
JK_CalyA_30min_K5_Slot1-125	NT=Homo sapiens;AC=NCBITaxon:9606	NT=blood;AC=UBERON:0000178	NT=T cell;AC=CL:0000084	NT=T-cell childhood acute lymphocytic leukemia;AC=MONDO:0000871	NT=Jurkat;AC=EFO:0002796	CVCL_0065	Jurkat	14Y	male	NT=European ancestry;AC=HANCESTRO:0005	NT=Roswell Park Memorial Institute 1640 Medium;AC=NCIT:C178973	cell	NT=single cell;AC=PRIDE:0000897	not pooled	calyculin A	NT=calyculin A;AC=CHEBI:41791	0.1 uM	30 minute	cellenONE	K5_Slot1-125	1	10	run 162	proteomic profiling by mass spectrometry	NT=timsTOF SCP;AC=MS:1003231	NT=label free sample;AC=MS:1002038	NT=Oxidation;AC=UNIMOD:35;TA=M;MT=Variable	NT=Acetyl;AC=UNIMOD:1;PP=Protein N-term;MT=Variable	NT=Phospho;AC=UNIMOD:21;TA=S,T,Y;MT=Variable	not applicable	not applicable	not applicable	not applicable	not applicable	NT=Trypsin;AC=MS:1001251	NT=Data-independent acquisition;AC=PRIDE:0000450	NT=beam-type collision-induced dissociation;AC=MS:1000422	not available	not available	not applicable	not applicable	1	1	JK_CalyA_30min_K5_Slot1-125_1_5638.d	v1.1.0	NT=ms-proteomics;VV=v1.1.0	NT=human;VV=v1.1.0	NT=cell-lines;VV=v1.1.0	NT=single-cell;VV=v1.0.0	NT=clinical-metadata;VV=v1.0.0	manual curation	NT=Jurkat;AC=EFO:0002796	calyculin A
JK_CalyA_30min_L4_Slot1-100	NT=Homo sapiens;AC=NCBITaxon:9606	NT=blood;AC=UBERON:0000178	NT=T cell;AC=CL:0000084	NT=T-cell childhood acute lymphocytic leukemia;AC=MONDO:0000871	NT=Jurkat;AC=EFO:0002796	CVCL_0065	Jurkat	14Y	male	NT=European ancestry;AC=HANCESTRO:0005	NT=Roswell Park Memorial Institute 1640 Medium;AC=NCIT:C178973	cell	NT=single cell;AC=PRIDE:0000897	not pooled	calyculin A	NT=calyculin A;AC=CHEBI:41791	0.1 uM	30 minute	cellenONE	L4_Slot1-100	1	11	run 163	proteomic profiling by mass spectrometry	NT=timsTOF SCP;AC=MS:1003231	NT=label free sample;AC=MS:1002038	NT=Oxidation;AC=UNIMOD:35;TA=M;MT=Variable	NT=Acetyl;AC=UNIMOD:1;PP=Protein N-term;MT=Variable	NT=Phospho;AC=UNIMOD:21;TA=S,T,Y;MT=Variable	not applicable	not applicable	not applicable	not applicable	not applicable	NT=Trypsin;AC=MS:1001251	NT=Data-independent acquisition;AC=PRIDE:0000450	NT=beam-type collision-induced dissociation;AC=MS:1000422	not available	not available	not applicable	not applicable	1	1	JK_CalyA_30min_L4_Slot1-100_1_5647.d	v1.1.0	NT=ms-proteomics;VV=v1.1.0	NT=human;VV=v1.1.0	NT=cell-lines;VV=v1.1.0	NT=single-cell;VV=v1.0.0	NT=clinical-metadata;VV=v1.0.0	manual curation	NT=Jurkat;AC=EFO:0002796	calyculin A
JK_CalyA_30min_L5_Slot1-101	NT=Homo sapiens;AC=NCBITaxon:9606	NT=blood;AC=UBERON:0000178	NT=T cell;AC=CL:0000084	NT=T-cell childhood acute lymphocytic leukemia;AC=MONDO:0000871	NT=Jurkat;AC=EFO:0002796	CVCL_0065	Jurkat	14Y	male	NT=European ancestry;AC=HANCESTRO:0005	NT=Roswell Park Memorial Institute 1640 Medium;AC=NCIT:C178973	cell	NT=single cell;AC=PRIDE:0000897	not pooled	calyculin A	NT=calyculin A;AC=CHEBI:41791	0.1 uM	30 minute	cellenONE	L5_Slot1-101	1	12	run 164	proteomic profiling by mass spectrometry	NT=timsTOF SCP;AC=MS:1003231	NT=label free sample;AC=MS:1002038	NT=Oxidation;AC=UNIMOD:35;TA=M;MT=Variable	NT=Acetyl;AC=UNIMOD:1;PP=Protein N-term;MT=Variable	NT=Phospho;AC=UNIMOD:21;TA=S,T,Y;MT=Variable	not applicable	not applicable	not applicable	not applicable	not applicable	NT=Trypsin;AC=MS:1001251	NT=Data-independent acquisition;AC=PRIDE:0000450	NT=beam-type collision-induced dissociation;AC=MS:1000422	not available	not available	not applicable	not applicable	1	1	JK_CalyA_30min_L5_Slot1-101_1_5648.d	v1.1.0	NT=ms-proteomics;VV=v1.1.0	NT=human;VV=v1.1.0	NT=cell-lines;VV=v1.1.0	NT=single-cell;VV=v1.0.0	NT=clinical-metadata;VV=v1.0.0	manual curation	NT=Jurkat;AC=EFO:0002796	calyculin A
JK_CalyA_30min_M3_Slot1-75	NT=Homo sapiens;AC=NCBITaxon:9606	NT=blood;AC=UBERON:0000178	NT=T cell;AC=CL:0000084	NT=T-cell childhood acute lymphocytic leukemia;AC=MONDO:0000871	NT=Jurkat;AC=EFO:0002796	CVCL_0065	Jurkat	14Y	male	NT=European ancestry;AC=HANCESTRO:0005	NT=Roswell Park Memorial Institute 1640 Medium;AC=NCIT:C178973	cell	NT=single cell;AC=PRIDE:0000897	not pooled	calyculin A	NT=calyculin A;AC=CHEBI:41791	0.1 uM	30 minute	cellenONE	M3_Slot1-75	1	13	run 165	proteomic profiling by mass spectrometry	NT=timsTOF SCP;AC=MS:1003231	NT=label free sample;AC=MS:1002038	NT=Oxidation;AC=UNIMOD:35;TA=M;MT=Variable	NT=Acetyl;AC=UNIMOD:1;PP=Protein N-term;MT=Variable	NT=Phospho;AC=UNIMOD:21;TA=S,T,Y;MT=Variable	not applicable	not applicable	not applicable	not applicable	not applicable	NT=Trypsin;AC=MS:1001251	NT=Data-independent acquisition;AC=PRIDE:0000450	NT=beam-type collision-induced dissociation;AC=MS:1000422	not available	not available	not applicable	not applicable	1	1	JK_CalyA_30min_M3_Slot1-75_1_5656.d	v1.1.0	NT=ms-proteomics;VV=v1.1.0	NT=human;VV=v1.1.0	NT=cell-lines;VV=v1.1.0	NT=single-cell;VV=v1.0.0	NT=clinical-metadata;VV=v1.0.0	manual curation	NT=Jurkat;AC=EFO:0002796	calyculin A
JK_CalyA_30min_M5_Slot1-77	NT=Homo sapiens;AC=NCBITaxon:9606	NT=blood;AC=UBERON:0000178	NT=T cell;AC=CL:0000084	NT=T-cell childhood acute lymphocytic leukemia;AC=MONDO:0000871	NT=Jurkat;AC=EFO:0002796	CVCL_0065	Jurkat	14Y	male	NT=European ancestry;AC=HANCESTRO:0005	NT=Roswell Park Memorial Institute 1640 Medium;AC=NCIT:C178973	cell	NT=single cell;AC=PRIDE:0000897	not pooled	calyculin A	NT=calyculin A;AC=CHEBI:41791	0.1 uM	30 minute	cellenONE	M5_Slot1-77	1	14	run 166	proteomic profiling by mass spectrometry	NT=timsTOF SCP;AC=MS:1003231	NT=label free sample;AC=MS:1002038	NT=Oxidation;AC=UNIMOD:35;TA=M;MT=Variable	NT=Acetyl;AC=UNIMOD:1;PP=Protein N-term;MT=Variable	NT=Phospho;AC=UNIMOD:21;TA=S,T,Y;MT=Variable	not applicable	not applicable	not applicable	not applicable	not applicable	NT=Trypsin;AC=MS:1001251	NT=Data-independent acquisition;AC=PRIDE:0000450	NT=beam-type collision-induced dissociation;AC=MS:1000422	not available	not available	not applicable	not applicable	1	1	JK_CalyA_30min_M5_Slot1-77_1_5658.d	v1.1.0	NT=ms-proteomics;VV=v1.1.0	NT=human;VV=v1.1.0	NT=cell-lines;VV=v1.1.0	NT=single-cell;VV=v1.0.0	NT=clinical-metadata;VV=v1.0.0	manual curation	NT=Jurkat;AC=EFO:0002796	calyculin A
JK_CalyA_30min_O3_Slot1-27	NT=Homo sapiens;AC=NCBITaxon:9606	NT=blood;AC=UBERON:0000178	NT=T cell;AC=CL:0000084	NT=T-cell childhood acute lymphocytic leukemia;AC=MONDO:0000871	NT=Jurkat;AC=EFO:0002796	CVCL_0065	Jurkat	14Y	male	NT=European ancestry;AC=HANCESTRO:0005	NT=Roswell Park Memorial Institute 1640 Medium;AC=NCIT:C178973	cell	NT=single cell;AC=PRIDE:0000897	not pooled	calyculin A	NT=calyculin A;AC=CHEBI:41791	0.1 uM	30 minute	cellenONE	O3_Slot1-27	1	15	run 167	proteomic profiling by mass spectrometry	NT=timsTOF SCP;AC=MS:1003231	NT=label free sample;AC=MS:1002038	NT=Oxidation;AC=UNIMOD:35;TA=M;MT=Variable	NT=Acetyl;AC=UNIMOD:1;PP=Protein N-term;MT=Variable	NT=Phospho;AC=UNIMOD:21;TA=S,T,Y;MT=Variable	not applicable	not applicable	not applicable	not applicable	not applicable	NT=Trypsin;AC=MS:1001251	NT=Data-independent acquisition;AC=PRIDE:0000450	NT=beam-type collision-induced dissociation;AC=MS:1000422	not available	not available	not applicable	not applicable	1	1	JK_CalyA_30min_O3_Slot1-27_1_5614.d	v1.1.0	NT=ms-proteomics;VV=v1.1.0	NT=human;VV=v1.1.0	NT=cell-lines;VV=v1.1.0	NT=single-cell;VV=v1.0.0	NT=clinical-metadata;VV=v1.0.0	manual curation	NT=Jurkat;AC=EFO:0002796	calyculin A
JK_CalyA_30min_O4_Slot1-28	NT=Homo sapiens;AC=NCBITaxon:9606	NT=blood;AC=UBERON:0000178	NT=T cell;AC=CL:0000084	NT=T-cell childhood acute lymphocytic leukemia;AC=MONDO:0000871	NT=Jurkat;AC=EFO:0002796	CVCL_0065	Jurkat	14Y	male	NT=European ancestry;AC=HANCESTRO:0005	NT=Roswell Park Memorial Institute 1640 Medium;AC=NCIT:C178973	cell	NT=single cell;AC=PRIDE:0000897	not pooled	calyculin A	NT=calyculin A;AC=CHEBI:41791	0.1 uM	30 minute	cellenONE	O4_Slot1-28	1	16	run 168	proteomic profiling by mass spectrometry	NT=timsTOF SCP;AC=MS:1003231	NT=label free sample;AC=MS:1002038	NT=Oxidation;AC=UNIMOD:35;TA=M;MT=Variable	NT=Acetyl;AC=UNIMOD:1;PP=Protein N-term;MT=Variable	NT=Phospho;AC=UNIMOD:21;TA=S,T,Y;MT=Variable	not applicable	not applicable	not applicable	not applicable	not applicable	NT=Trypsin;AC=MS:1001251	NT=Data-independent acquisition;AC=PRIDE:0000450	NT=beam-type collision-induced dissociation;AC=MS:1000422	not available	not available	not applicable	not applicable	1	1	JK_CalyA_30min_O4_Slot1-28_1_5615.d	v1.1.0	NT=ms-proteomics;VV=v1.1.0	NT=human;VV=v1.1.0	NT=cell-lines;VV=v1.1.0	NT=single-cell;VV=v1.0.0	NT=clinical-metadata;VV=v1.0.0	manual curation	NT=Jurkat;AC=EFO:0002796	calyculin A
JK_CalyA_30min_O5_Slot1-29	NT=Homo sapiens;AC=NCBITaxon:9606	NT=blood;AC=UBERON:0000178	NT=T cell;AC=CL:0000084	NT=T-cell childhood acute lymphocytic leukemia;AC=MONDO:0000871	NT=Jurkat;AC=EFO:0002796	CVCL_0065	Jurkat	14Y	male	NT=European ancestry;AC=HANCESTRO:0005	NT=Roswell Park Memorial Institute 1640 Medium;AC=NCIT:C178973	cell	NT=single cell;AC=PRIDE:0000897	not pooled	calyculin A	NT=calyculin A;AC=CHEBI:41791	0.1 uM	30 minute	cellenONE	O5_Slot1-29	1	17	run 169	proteomic profiling by mass spectrometry	NT=timsTOF SCP;AC=MS:1003231	NT=label free sample;AC=MS:1002038	NT=Oxidation;AC=UNIMOD:35;TA=M;MT=Variable	NT=Acetyl;AC=UNIMOD:1;PP=Protein N-term;MT=Variable	NT=Phospho;AC=UNIMOD:21;TA=S,T,Y;MT=Variable	not applicable	not applicable	not applicable	not applicable	not applicable	NT=Trypsin;AC=MS:1001251	NT=Data-independent acquisition;AC=PRIDE:0000450	NT=beam-type collision-induced dissociation;AC=MS:1000422	not available	not available	not applicable	not applicable	1	1	JK_CalyA_30min_O5_Slot1-29_1_5616.d	v1.1.0	NT=ms-proteomics;VV=v1.1.0	NT=human;VV=v1.1.0	NT=cell-lines;VV=v1.1.0	NT=single-cell;VV=v1.0.0	NT=clinical-metadata;VV=v1.0.0	manual curation	NT=Jurkat;AC=EFO:0002796	calyculin A
JK_CalyA_30min_P3_Slot1-3	NT=Homo sapiens;AC=NCBITaxon:9606	NT=blood;AC=UBERON:0000178	NT=T cell;AC=CL:0000084	NT=T-cell childhood acute lymphocytic leukemia;AC=MONDO:0000871	NT=Jurkat;AC=EFO:0002796	CVCL_0065	Jurkat	14Y	male	NT=European ancestry;AC=HANCESTRO:0005	NT=Roswell Park Memorial Institute 1640 Medium;AC=NCIT:C178973	cell	NT=single cell;AC=PRIDE:0000897	not pooled	calyculin A	NT=calyculin A;AC=CHEBI:41791	0.1 uM	30 minute	cellenONE	P3_Slot1-3	1	18	run 170	proteomic profiling by mass spectrometry	NT=timsTOF SCP;AC=MS:1003231	NT=label free sample;AC=MS:1002038	NT=Oxidation;AC=UNIMOD:35;TA=M;MT=Variable	NT=Acetyl;AC=UNIMOD:1;PP=Protein N-term;MT=Variable	NT=Phospho;AC=UNIMOD:21;TA=S,T,Y;MT=Variable	not applicable	not applicable	not applicable	not applicable	not applicable	NT=Trypsin;AC=MS:1001251	NT=Data-independent acquisition;AC=PRIDE:0000450	NT=beam-type collision-induced dissociation;AC=MS:1000422	not available	not available	not applicable	not applicable	1	1	JK_CalyA_30min_P3_Slot1-3_1_5626.d	v1.1.0	NT=ms-proteomics;VV=v1.1.0	NT=human;VV=v1.1.0	NT=cell-lines;VV=v1.1.0	NT=single-cell;VV=v1.0.0	NT=clinical-metadata;VV=v1.0.0	manual curation	NT=Jurkat;AC=EFO:0002796	calyculin A
JK_CalyA_30min_P4_Slot1-4	NT=Homo sapiens;AC=NCBITaxon:9606	NT=blood;AC=UBERON:0000178	NT=T cell;AC=CL:0000084	NT=T-cell childhood acute lymphocytic leukemia;AC=MONDO:0000871	NT=Jurkat;AC=EFO:0002796	CVCL_0065	Jurkat	14Y	male	NT=European ancestry;AC=HANCESTRO:0005	NT=Roswell Park Memorial Institute 1640 Medium;AC=NCIT:C178973	cell	NT=single cell;AC=PRIDE:0000897	not pooled	calyculin A	NT=calyculin A;AC=CHEBI:41791	0.1 uM	30 minute	cellenONE	P4_Slot1-4	1	19	run 171	proteomic profiling by mass spectrometry	NT=timsTOF SCP;AC=MS:1003231	NT=label free sample;AC=MS:1002038	NT=Oxidation;AC=UNIMOD:35;TA=M;MT=Variable	NT=Acetyl;AC=UNIMOD:1;PP=Protein N-term;MT=Variable	NT=Phospho;AC=UNIMOD:21;TA=S,T,Y;MT=Variable	not applicable	not applicable	not applicable	not applicable	not applicable	NT=Trypsin;AC=MS:1001251	NT=Data-independent acquisition;AC=PRIDE:0000450	NT=beam-type collision-induced dissociation;AC=MS:1000422	not available	not available	not applicable	not applicable	1	1	JK_CalyA_30min_P4_Slot1-4_1_5627.d	v1.1.0	NT=ms-proteomics;VV=v1.1.0	NT=human;VV=v1.1.0	NT=cell-lines;VV=v1.1.0	NT=single-cell;VV=v1.0.0	NT=clinical-metadata;VV=v1.0.0	manual curation	NT=Jurkat;AC=EFO:0002796	calyculin A
JK_CalyA_30min_P5_Slot1-5	NT=Homo sapiens;AC=NCBITaxon:9606	NT=blood;AC=UBERON:0000178	NT=T cell;AC=CL:0000084	NT=T-cell childhood acute lymphocytic leukemia;AC=MONDO:0000871	NT=Jurkat;AC=EFO:0002796	CVCL_0065	Jurkat	14Y	male	NT=European ancestry;AC=HANCESTRO:0005	NT=Roswell Park Memorial Institute 1640 Medium;AC=NCIT:C178973	cell	NT=single cell;AC=PRIDE:0000897	not pooled	calyculin A	NT=calyculin A;AC=CHEBI:41791	0.1 uM	30 minute	cellenONE	P5_Slot1-5	1	20	run 172	proteomic profiling by mass spectrometry	NT=timsTOF SCP;AC=MS:1003231	NT=label free sample;AC=MS:1002038	NT=Oxidation;AC=UNIMOD:35;TA=M;MT=Variable	NT=Acetyl;AC=UNIMOD:1;PP=Protein N-term;MT=Variable	NT=Phospho;AC=UNIMOD:21;TA=S,T,Y;MT=Variable	not applicable	not applicable	not applicable	not applicable	not applicable	NT=Trypsin;AC=MS:1001251	NT=Data-independent acquisition;AC=PRIDE:0000450	NT=beam-type collision-induced dissociation;AC=MS:1000422	not available	not available	not applicable	not applicable	1	1	JK_CalyA_30min_P5_Slot1-5_1_5628.d	v1.1.0	NT=ms-proteomics;VV=v1.1.0	NT=human;VV=v1.1.0	NT=cell-lines;VV=v1.1.0	NT=single-cell;VV=v1.0.0	NT=clinical-metadata;VV=v1.0.0	manual curation	NT=Jurkat;AC=EFO:0002796	calyculin A
JK_CalyA_30min_50cells_pool_R1	NT=Homo sapiens;AC=NCBITaxon:9606	NT=blood;AC=UBERON:0000178	NT=T cell;AC=CL:0000084	NT=T-cell childhood acute lymphocytic leukemia;AC=MONDO:0000871	NT=Jurkat;AC=EFO:0002796	CVCL_0065	Jurkat	14Y	male	NT=European ancestry;AC=HANCESTRO:0005	NT=Roswell Park Memorial Institute 1640 Medium;AC=NCIT:C178973	cell	NT=pooled;AC=PRIDE:0000902	pooled	calyculin A	NT=calyculin A;AC=CHEBI:41791	0.1 uM	30 minute	not applicable	not applicable	50	1	run 173	proteomic profiling by mass spectrometry	NT=timsTOF SCP;AC=MS:1003231	NT=label free sample;AC=MS:1002038	NT=Oxidation;AC=UNIMOD:35;TA=M;MT=Variable	NT=Acetyl;AC=UNIMOD:1;PP=Protein N-term;MT=Variable	NT=Phospho;AC=UNIMOD:21;TA=S,T,Y;MT=Variable	not applicable	not applicable	not applicable	not applicable	not applicable	NT=Trypsin;AC=MS:1001251	NT=Data-dependent acquisition;AC=PRIDE:0000627	NT=beam-type collision-induced dissociation;AC=MS:1000422	20 ppm	20 ppm	not applicable	not applicable	1	1	Jurkat_Caly_30min_50C_DDA_R1_IO_L15_051923_Slot2-37_1_1707.d	v1.1.0	NT=ms-proteomics;VV=v1.1.0	NT=human;VV=v1.1.0	NT=cell-lines;VV=v1.1.0	NT=single-cell;VV=v1.0.0	NT=clinical-metadata;VV=v1.0.0	manual curation	NT=Jurkat;AC=EFO:0002796	calyculin A
JK_CalyA_30min_50cells_pool_R2	NT=Homo sapiens;AC=NCBITaxon:9606	NT=blood;AC=UBERON:0000178	NT=T cell;AC=CL:0000084	NT=T-cell childhood acute lymphocytic leukemia;AC=MONDO:0000871	NT=Jurkat;AC=EFO:0002796	CVCL_0065	Jurkat	14Y	male	NT=European ancestry;AC=HANCESTRO:0005	NT=Roswell Park Memorial Institute 1640 Medium;AC=NCIT:C178973	cell	NT=pooled;AC=PRIDE:0000902	pooled	calyculin A	NT=calyculin A;AC=CHEBI:41791	0.1 uM	30 minute	not applicable	not applicable	50	2	run 174	proteomic profiling by mass spectrometry	NT=timsTOF SCP;AC=MS:1003231	NT=label free sample;AC=MS:1002038	NT=Oxidation;AC=UNIMOD:35;TA=M;MT=Variable	NT=Acetyl;AC=UNIMOD:1;PP=Protein N-term;MT=Variable	NT=Phospho;AC=UNIMOD:21;TA=S,T,Y;MT=Variable	not applicable	not applicable	not applicable	not applicable	not applicable	NT=Trypsin;AC=MS:1001251	NT=Data-dependent acquisition;AC=PRIDE:0000627	NT=beam-type collision-induced dissociation;AC=MS:1000422	20 ppm	20 ppm	not applicable	not applicable	1	1	Jurkat_Caly_30min_50C_DDA_R2_IO_L15_051923_Slot2-38_1_1708.d	v1.1.0	NT=ms-proteomics;VV=v1.1.0	NT=human;VV=v1.1.0	NT=cell-lines;VV=v1.1.0	NT=single-cell;VV=v1.0.0	NT=clinical-metadata;VV=v1.0.0	manual curation	NT=Jurkat;AC=EFO:0002796	calyculin A
JK_CalyA_30min_50cells_pool_R3	NT=Homo sapiens;AC=NCBITaxon:9606	NT=blood;AC=UBERON:0000178	NT=T cell;AC=CL:0000084	NT=T-cell childhood acute lymphocytic leukemia;AC=MONDO:0000871	NT=Jurkat;AC=EFO:0002796	CVCL_0065	Jurkat	14Y	male	NT=European ancestry;AC=HANCESTRO:0005	NT=Roswell Park Memorial Institute 1640 Medium;AC=NCIT:C178973	cell	NT=pooled;AC=PRIDE:0000902	pooled	calyculin A	NT=calyculin A;AC=CHEBI:41791	0.1 uM	30 minute	not applicable	not applicable	50	3	run 175	proteomic profiling by mass spectrometry	NT=timsTOF SCP;AC=MS:1003231	NT=label free sample;AC=MS:1002038	NT=Oxidation;AC=UNIMOD:35;TA=M;MT=Variable	NT=Acetyl;AC=UNIMOD:1;PP=Protein N-term;MT=Variable	NT=Phospho;AC=UNIMOD:21;TA=S,T,Y;MT=Variable	not applicable	not applicable	not applicable	not applicable	not applicable	NT=Trypsin;AC=MS:1001251	NT=Data-dependent acquisition;AC=PRIDE:0000627	NT=beam-type collision-induced dissociation;AC=MS:1000422	20 ppm	20 ppm	not applicable	not applicable	1	1	Jurkat_Caly_30min_50C_DDA_R3_IO_L15_051923_Slot2-39_1_1709.d	v1.1.0	NT=ms-proteomics;VV=v1.1.0	NT=human;VV=v1.1.0	NT=cell-lines;VV=v1.1.0	NT=single-cell;VV=v1.0.0	NT=clinical-metadata;VV=v1.0.0	manual curation	NT=Jurkat;AC=EFO:0002796	calyculin A
NHC_E10_Slot1-18	NT=Homo sapiens;AC=NCBITaxon:9606	NT=bile duct;AC=UBERON:0002394	NT=cholangiocyte;AC=CL:1000488	NT=normal;AC=PATO:0000461	NHC	not available	not available	not available	not available	not available	NT=Roswell Park Memorial Institute 1640 Medium;AC=NCIT:C178973	cell	NT=single cell;AC=PRIDE:0000897	not pooled	untreated	not applicable	not applicable	not applicable	cellenONE	E10_Slot1-18	1	1	run 176	proteomic profiling by mass spectrometry	NT=timsTOF SCP;AC=MS:1003231	NT=label free sample;AC=MS:1002038	NT=Oxidation;AC=UNIMOD:35;TA=M;MT=Variable	NT=Acetyl;AC=UNIMOD:1;PP=Protein N-term;MT=Variable	NT=Acetyl;AC=UNIMOD:1;TA=K;MT=Variable	NT=Phospho;AC=UNIMOD:21;TA=S,T,Y;MT=Variable	NT=Methyl;AC=UNIMOD:34;TA=K;MT=Variable	NT=Dimethyl;AC=UNIMOD:36;TA=K;MT=Variable	NT=Trimethyl;AC=UNIMOD:37;TA=K;MT=Variable	NT=Formyl;AC=UNIMOD:122;TA=K;MT=Variable	NT=Trypsin;AC=MS:1001251	NT=Data-independent acquisition;AC=PRIDE:0000450	NT=beam-type collision-induced dissociation;AC=MS:1000422	not available	not available	not applicable	not applicable	1	1	NHC_E10_DIA_IO_L15_Slot1-18_1_4392.d	v1.1.0	NT=ms-proteomics;VV=v1.1.0	NT=human;VV=v1.1.0	NT=cell-lines;VV=v1.1.0	NT=single-cell;VV=v1.0.0	NT=clinical-metadata;VV=v1.0.0	manual curation	NHC	untreated
NHC_E11_Slot1-19	NT=Homo sapiens;AC=NCBITaxon:9606	NT=bile duct;AC=UBERON:0002394	NT=cholangiocyte;AC=CL:1000488	NT=normal;AC=PATO:0000461	NHC	not available	not available	not available	not available	not available	NT=Roswell Park Memorial Institute 1640 Medium;AC=NCIT:C178973	cell	NT=single cell;AC=PRIDE:0000897	not pooled	untreated	not applicable	not applicable	not applicable	cellenONE	E11_Slot1-19	1	2	run 177	proteomic profiling by mass spectrometry	NT=timsTOF SCP;AC=MS:1003231	NT=label free sample;AC=MS:1002038	NT=Oxidation;AC=UNIMOD:35;TA=M;MT=Variable	NT=Acetyl;AC=UNIMOD:1;PP=Protein N-term;MT=Variable	NT=Acetyl;AC=UNIMOD:1;TA=K;MT=Variable	NT=Phospho;AC=UNIMOD:21;TA=S,T,Y;MT=Variable	NT=Methyl;AC=UNIMOD:34;TA=K;MT=Variable	NT=Dimethyl;AC=UNIMOD:36;TA=K;MT=Variable	NT=Trimethyl;AC=UNIMOD:37;TA=K;MT=Variable	NT=Formyl;AC=UNIMOD:122;TA=K;MT=Variable	NT=Trypsin;AC=MS:1001251	NT=Data-independent acquisition;AC=PRIDE:0000450	NT=beam-type collision-induced dissociation;AC=MS:1000422	not available	not available	not applicable	not applicable	1	1	NHC_E11_DIA_IO_L15_Slot1-19_1_4393.d	v1.1.0	NT=ms-proteomics;VV=v1.1.0	NT=human;VV=v1.1.0	NT=cell-lines;VV=v1.1.0	NT=single-cell;VV=v1.0.0	NT=clinical-metadata;VV=v1.0.0	manual curation	NHC	untreated
NHC_E12_Slot1-20	NT=Homo sapiens;AC=NCBITaxon:9606	NT=bile duct;AC=UBERON:0002394	NT=cholangiocyte;AC=CL:1000488	NT=normal;AC=PATO:0000461	NHC	not available	not available	not available	not available	not available	NT=Roswell Park Memorial Institute 1640 Medium;AC=NCIT:C178973	cell	NT=single cell;AC=PRIDE:0000897	not pooled	untreated	not applicable	not applicable	not applicable	cellenONE	E12_Slot1-20	1	3	run 178	proteomic profiling by mass spectrometry	NT=timsTOF SCP;AC=MS:1003231	NT=label free sample;AC=MS:1002038	NT=Oxidation;AC=UNIMOD:35;TA=M;MT=Variable	NT=Acetyl;AC=UNIMOD:1;PP=Protein N-term;MT=Variable	NT=Acetyl;AC=UNIMOD:1;TA=K;MT=Variable	NT=Phospho;AC=UNIMOD:21;TA=S,T,Y;MT=Variable	NT=Methyl;AC=UNIMOD:34;TA=K;MT=Variable	NT=Dimethyl;AC=UNIMOD:36;TA=K;MT=Variable	NT=Trimethyl;AC=UNIMOD:37;TA=K;MT=Variable	NT=Formyl;AC=UNIMOD:122;TA=K;MT=Variable	NT=Trypsin;AC=MS:1001251	NT=Data-independent acquisition;AC=PRIDE:0000450	NT=beam-type collision-induced dissociation;AC=MS:1000422	not available	not available	not applicable	not applicable	1	1	NHC_E12_DIA_IO_L15_Slot1-20_1_4394.d	v1.1.0	NT=ms-proteomics;VV=v1.1.0	NT=human;VV=v1.1.0	NT=cell-lines;VV=v1.1.0	NT=single-cell;VV=v1.0.0	NT=clinical-metadata;VV=v1.0.0	manual curation	NHC	untreated
NHC_E2_Slot1-10	NT=Homo sapiens;AC=NCBITaxon:9606	NT=bile duct;AC=UBERON:0002394	NT=cholangiocyte;AC=CL:1000488	NT=normal;AC=PATO:0000461	NHC	not available	not available	not available	not available	not available	NT=Roswell Park Memorial Institute 1640 Medium;AC=NCIT:C178973	cell	NT=single cell;AC=PRIDE:0000897	not pooled	untreated	not applicable	not applicable	not applicable	cellenONE	E2_Slot1-10	1	4	run 179	proteomic profiling by mass spectrometry	NT=timsTOF SCP;AC=MS:1003231	NT=label free sample;AC=MS:1002038	NT=Oxidation;AC=UNIMOD:35;TA=M;MT=Variable	NT=Acetyl;AC=UNIMOD:1;PP=Protein N-term;MT=Variable	NT=Acetyl;AC=UNIMOD:1;TA=K;MT=Variable	NT=Phospho;AC=UNIMOD:21;TA=S,T,Y;MT=Variable	NT=Methyl;AC=UNIMOD:34;TA=K;MT=Variable	NT=Dimethyl;AC=UNIMOD:36;TA=K;MT=Variable	NT=Trimethyl;AC=UNIMOD:37;TA=K;MT=Variable	NT=Formyl;AC=UNIMOD:122;TA=K;MT=Variable	NT=Trypsin;AC=MS:1001251	NT=Data-independent acquisition;AC=PRIDE:0000450	NT=beam-type collision-induced dissociation;AC=MS:1000422	not available	not available	not applicable	not applicable	1	1	NHC_E2_DIA_IO_L15_Slot1-10_1_4384.d	v1.1.0	NT=ms-proteomics;VV=v1.1.0	NT=human;VV=v1.1.0	NT=cell-lines;VV=v1.1.0	NT=single-cell;VV=v1.0.0	NT=clinical-metadata;VV=v1.0.0	manual curation	NHC	untreated
NHC_E3_Slot1-11	NT=Homo sapiens;AC=NCBITaxon:9606	NT=bile duct;AC=UBERON:0002394	NT=cholangiocyte;AC=CL:1000488	NT=normal;AC=PATO:0000461	NHC	not available	not available	not available	not available	not available	NT=Roswell Park Memorial Institute 1640 Medium;AC=NCIT:C178973	cell	NT=single cell;AC=PRIDE:0000897	not pooled	untreated	not applicable	not applicable	not applicable	cellenONE	E3_Slot1-11	1	5	run 180	proteomic profiling by mass spectrometry	NT=timsTOF SCP;AC=MS:1003231	NT=label free sample;AC=MS:1002038	NT=Oxidation;AC=UNIMOD:35;TA=M;MT=Variable	NT=Acetyl;AC=UNIMOD:1;PP=Protein N-term;MT=Variable	NT=Acetyl;AC=UNIMOD:1;TA=K;MT=Variable	NT=Phospho;AC=UNIMOD:21;TA=S,T,Y;MT=Variable	NT=Methyl;AC=UNIMOD:34;TA=K;MT=Variable	NT=Dimethyl;AC=UNIMOD:36;TA=K;MT=Variable	NT=Trimethyl;AC=UNIMOD:37;TA=K;MT=Variable	NT=Formyl;AC=UNIMOD:122;TA=K;MT=Variable	NT=Trypsin;AC=MS:1001251	NT=Data-independent acquisition;AC=PRIDE:0000450	NT=beam-type collision-induced dissociation;AC=MS:1000422	not available	not available	not applicable	not applicable	1	1	NHC_E3_DIA_IO_L15_Slot1-11_1_4385.d	v1.1.0	NT=ms-proteomics;VV=v1.1.0	NT=human;VV=v1.1.0	NT=cell-lines;VV=v1.1.0	NT=single-cell;VV=v1.0.0	NT=clinical-metadata;VV=v1.0.0	manual curation	NHC	untreated
NHC_E4_Slot1-12	NT=Homo sapiens;AC=NCBITaxon:9606	NT=bile duct;AC=UBERON:0002394	NT=cholangiocyte;AC=CL:1000488	NT=normal;AC=PATO:0000461	NHC	not available	not available	not available	not available	not available	NT=Roswell Park Memorial Institute 1640 Medium;AC=NCIT:C178973	cell	NT=single cell;AC=PRIDE:0000897	not pooled	untreated	not applicable	not applicable	not applicable	cellenONE	E4_Slot1-12	1	6	run 181	proteomic profiling by mass spectrometry	NT=timsTOF SCP;AC=MS:1003231	NT=label free sample;AC=MS:1002038	NT=Oxidation;AC=UNIMOD:35;TA=M;MT=Variable	NT=Acetyl;AC=UNIMOD:1;PP=Protein N-term;MT=Variable	NT=Acetyl;AC=UNIMOD:1;TA=K;MT=Variable	NT=Phospho;AC=UNIMOD:21;TA=S,T,Y;MT=Variable	NT=Methyl;AC=UNIMOD:34;TA=K;MT=Variable	NT=Dimethyl;AC=UNIMOD:36;TA=K;MT=Variable	NT=Trimethyl;AC=UNIMOD:37;TA=K;MT=Variable	NT=Formyl;AC=UNIMOD:122;TA=K;MT=Variable	NT=Trypsin;AC=MS:1001251	NT=Data-independent acquisition;AC=PRIDE:0000450	NT=beam-type collision-induced dissociation;AC=MS:1000422	not available	not available	not applicable	not applicable	1	1	NHC_E4_DIA_IO_L15_Slot1-12_1_4386.d	v1.1.0	NT=ms-proteomics;VV=v1.1.0	NT=human;VV=v1.1.0	NT=cell-lines;VV=v1.1.0	NT=single-cell;VV=v1.0.0	NT=clinical-metadata;VV=v1.0.0	manual curation	NHC	untreated
NHC_E5_Slot1-13	NT=Homo sapiens;AC=NCBITaxon:9606	NT=bile duct;AC=UBERON:0002394	NT=cholangiocyte;AC=CL:1000488	NT=normal;AC=PATO:0000461	NHC	not available	not available	not available	not available	not available	NT=Roswell Park Memorial Institute 1640 Medium;AC=NCIT:C178973	cell	NT=single cell;AC=PRIDE:0000897	not pooled	untreated	not applicable	not applicable	not applicable	cellenONE	E5_Slot1-13	1	7	run 182	proteomic profiling by mass spectrometry	NT=timsTOF SCP;AC=MS:1003231	NT=label free sample;AC=MS:1002038	NT=Oxidation;AC=UNIMOD:35;TA=M;MT=Variable	NT=Acetyl;AC=UNIMOD:1;PP=Protein N-term;MT=Variable	NT=Acetyl;AC=UNIMOD:1;TA=K;MT=Variable	NT=Phospho;AC=UNIMOD:21;TA=S,T,Y;MT=Variable	NT=Methyl;AC=UNIMOD:34;TA=K;MT=Variable	NT=Dimethyl;AC=UNIMOD:36;TA=K;MT=Variable	NT=Trimethyl;AC=UNIMOD:37;TA=K;MT=Variable	NT=Formyl;AC=UNIMOD:122;TA=K;MT=Variable	NT=Trypsin;AC=MS:1001251	NT=Data-independent acquisition;AC=PRIDE:0000450	NT=beam-type collision-induced dissociation;AC=MS:1000422	not available	not available	not applicable	not applicable	1	1	NHC_E5_DIA_IO_L15_Slot1-13_1_4387.d	v1.1.0	NT=ms-proteomics;VV=v1.1.0	NT=human;VV=v1.1.0	NT=cell-lines;VV=v1.1.0	NT=single-cell;VV=v1.0.0	NT=clinical-metadata;VV=v1.0.0	manual curation	NHC	untreated
NHC_E6_Slot1-14	NT=Homo sapiens;AC=NCBITaxon:9606	NT=bile duct;AC=UBERON:0002394	NT=cholangiocyte;AC=CL:1000488	NT=normal;AC=PATO:0000461	NHC	not available	not available	not available	not available	not available	NT=Roswell Park Memorial Institute 1640 Medium;AC=NCIT:C178973	cell	NT=single cell;AC=PRIDE:0000897	not pooled	untreated	not applicable	not applicable	not applicable	cellenONE	E6_Slot1-14	1	8	run 183	proteomic profiling by mass spectrometry	NT=timsTOF SCP;AC=MS:1003231	NT=label free sample;AC=MS:1002038	NT=Oxidation;AC=UNIMOD:35;TA=M;MT=Variable	NT=Acetyl;AC=UNIMOD:1;PP=Protein N-term;MT=Variable	NT=Acetyl;AC=UNIMOD:1;TA=K;MT=Variable	NT=Phospho;AC=UNIMOD:21;TA=S,T,Y;MT=Variable	NT=Methyl;AC=UNIMOD:34;TA=K;MT=Variable	NT=Dimethyl;AC=UNIMOD:36;TA=K;MT=Variable	NT=Trimethyl;AC=UNIMOD:37;TA=K;MT=Variable	NT=Formyl;AC=UNIMOD:122;TA=K;MT=Variable	NT=Trypsin;AC=MS:1001251	NT=Data-independent acquisition;AC=PRIDE:0000450	NT=beam-type collision-induced dissociation;AC=MS:1000422	not available	not available	not applicable	not applicable	1	1	NHC_E6_DIA_IO_L15_Slot1-14_1_4388.d	v1.1.0	NT=ms-proteomics;VV=v1.1.0	NT=human;VV=v1.1.0	NT=cell-lines;VV=v1.1.0	NT=single-cell;VV=v1.0.0	NT=clinical-metadata;VV=v1.0.0	manual curation	NHC	untreated
NHC_E7_Slot1-15	NT=Homo sapiens;AC=NCBITaxon:9606	NT=bile duct;AC=UBERON:0002394	NT=cholangiocyte;AC=CL:1000488	NT=normal;AC=PATO:0000461	NHC	not available	not available	not available	not available	not available	NT=Roswell Park Memorial Institute 1640 Medium;AC=NCIT:C178973	cell	NT=single cell;AC=PRIDE:0000897	not pooled	untreated	not applicable	not applicable	not applicable	cellenONE	E7_Slot1-15	1	9	run 184	proteomic profiling by mass spectrometry	NT=timsTOF SCP;AC=MS:1003231	NT=label free sample;AC=MS:1002038	NT=Oxidation;AC=UNIMOD:35;TA=M;MT=Variable	NT=Acetyl;AC=UNIMOD:1;PP=Protein N-term;MT=Variable	NT=Acetyl;AC=UNIMOD:1;TA=K;MT=Variable	NT=Phospho;AC=UNIMOD:21;TA=S,T,Y;MT=Variable	NT=Methyl;AC=UNIMOD:34;TA=K;MT=Variable	NT=Dimethyl;AC=UNIMOD:36;TA=K;MT=Variable	NT=Trimethyl;AC=UNIMOD:37;TA=K;MT=Variable	NT=Formyl;AC=UNIMOD:122;TA=K;MT=Variable	NT=Trypsin;AC=MS:1001251	NT=Data-independent acquisition;AC=PRIDE:0000450	NT=beam-type collision-induced dissociation;AC=MS:1000422	not available	not available	not applicable	not applicable	1	1	NHC_E7_DIA_IO_L15_Slot1-15_1_4389.d	v1.1.0	NT=ms-proteomics;VV=v1.1.0	NT=human;VV=v1.1.0	NT=cell-lines;VV=v1.1.0	NT=single-cell;VV=v1.0.0	NT=clinical-metadata;VV=v1.0.0	manual curation	NHC	untreated
NHC_E8_Slot1-16	NT=Homo sapiens;AC=NCBITaxon:9606	NT=bile duct;AC=UBERON:0002394	NT=cholangiocyte;AC=CL:1000488	NT=normal;AC=PATO:0000461	NHC	not available	not available	not available	not available	not available	NT=Roswell Park Memorial Institute 1640 Medium;AC=NCIT:C178973	cell	NT=single cell;AC=PRIDE:0000897	not pooled	untreated	not applicable	not applicable	not applicable	cellenONE	E8_Slot1-16	1	10	run 185	proteomic profiling by mass spectrometry	NT=timsTOF SCP;AC=MS:1003231	NT=label free sample;AC=MS:1002038	NT=Oxidation;AC=UNIMOD:35;TA=M;MT=Variable	NT=Acetyl;AC=UNIMOD:1;PP=Protein N-term;MT=Variable	NT=Acetyl;AC=UNIMOD:1;TA=K;MT=Variable	NT=Phospho;AC=UNIMOD:21;TA=S,T,Y;MT=Variable	NT=Methyl;AC=UNIMOD:34;TA=K;MT=Variable	NT=Dimethyl;AC=UNIMOD:36;TA=K;MT=Variable	NT=Trimethyl;AC=UNIMOD:37;TA=K;MT=Variable	NT=Formyl;AC=UNIMOD:122;TA=K;MT=Variable	NT=Trypsin;AC=MS:1001251	NT=Data-independent acquisition;AC=PRIDE:0000450	NT=beam-type collision-induced dissociation;AC=MS:1000422	not available	not available	not applicable	not applicable	1	1	NHC_E8_DIA_IO_L15_Slot1-16_1_4390.d	v1.1.0	NT=ms-proteomics;VV=v1.1.0	NT=human;VV=v1.1.0	NT=cell-lines;VV=v1.1.0	NT=single-cell;VV=v1.0.0	NT=clinical-metadata;VV=v1.0.0	manual curation	NHC	untreated
NHC_E9_Slot1-17	NT=Homo sapiens;AC=NCBITaxon:9606	NT=bile duct;AC=UBERON:0002394	NT=cholangiocyte;AC=CL:1000488	NT=normal;AC=PATO:0000461	NHC	not available	not available	not available	not available	not available	NT=Roswell Park Memorial Institute 1640 Medium;AC=NCIT:C178973	cell	NT=single cell;AC=PRIDE:0000897	not pooled	untreated	not applicable	not applicable	not applicable	cellenONE	E9_Slot1-17	1	11	run 186	proteomic profiling by mass spectrometry	NT=timsTOF SCP;AC=MS:1003231	NT=label free sample;AC=MS:1002038	NT=Oxidation;AC=UNIMOD:35;TA=M;MT=Variable	NT=Acetyl;AC=UNIMOD:1;PP=Protein N-term;MT=Variable	NT=Acetyl;AC=UNIMOD:1;TA=K;MT=Variable	NT=Phospho;AC=UNIMOD:21;TA=S,T,Y;MT=Variable	NT=Methyl;AC=UNIMOD:34;TA=K;MT=Variable	NT=Dimethyl;AC=UNIMOD:36;TA=K;MT=Variable	NT=Trimethyl;AC=UNIMOD:37;TA=K;MT=Variable	NT=Formyl;AC=UNIMOD:122;TA=K;MT=Variable	NT=Trypsin;AC=MS:1001251	NT=Data-independent acquisition;AC=PRIDE:0000450	NT=beam-type collision-induced dissociation;AC=MS:1000422	not available	not available	not applicable	not applicable	1	1	NHC_E9_DIA_IO_L15_Slot1-17_1_4391.d	v1.1.0	NT=ms-proteomics;VV=v1.1.0	NT=human;VV=v1.1.0	NT=cell-lines;VV=v1.1.0	NT=single-cell;VV=v1.0.0	NT=clinical-metadata;VV=v1.0.0	manual curation	NHC	untreated
NHC_F10_Slot1-29	NT=Homo sapiens;AC=NCBITaxon:9606	NT=bile duct;AC=UBERON:0002394	NT=cholangiocyte;AC=CL:1000488	NT=normal;AC=PATO:0000461	NHC	not available	not available	not available	not available	not available	NT=Roswell Park Memorial Institute 1640 Medium;AC=NCIT:C178973	cell	NT=single cell;AC=PRIDE:0000897	not pooled	untreated	not applicable	not applicable	not applicable	cellenONE	F10_Slot1-29	1	12	run 187	proteomic profiling by mass spectrometry	NT=timsTOF SCP;AC=MS:1003231	NT=label free sample;AC=MS:1002038	NT=Oxidation;AC=UNIMOD:35;TA=M;MT=Variable	NT=Acetyl;AC=UNIMOD:1;PP=Protein N-term;MT=Variable	NT=Acetyl;AC=UNIMOD:1;TA=K;MT=Variable	NT=Phospho;AC=UNIMOD:21;TA=S,T,Y;MT=Variable	NT=Methyl;AC=UNIMOD:34;TA=K;MT=Variable	NT=Dimethyl;AC=UNIMOD:36;TA=K;MT=Variable	NT=Trimethyl;AC=UNIMOD:37;TA=K;MT=Variable	NT=Formyl;AC=UNIMOD:122;TA=K;MT=Variable	NT=Trypsin;AC=MS:1001251	NT=Data-independent acquisition;AC=PRIDE:0000450	NT=beam-type collision-induced dissociation;AC=MS:1000422	not available	not available	not applicable	not applicable	1	1	NHC_F10_DIA_IO_L15_Slot1-29_1_4403.d	v1.1.0	NT=ms-proteomics;VV=v1.1.0	NT=human;VV=v1.1.0	NT=cell-lines;VV=v1.1.0	NT=single-cell;VV=v1.0.0	NT=clinical-metadata;VV=v1.0.0	manual curation	NHC	untreated
NHC_F11_Slot1-30	NT=Homo sapiens;AC=NCBITaxon:9606	NT=bile duct;AC=UBERON:0002394	NT=cholangiocyte;AC=CL:1000488	NT=normal;AC=PATO:0000461	NHC	not available	not available	not available	not available	not available	NT=Roswell Park Memorial Institute 1640 Medium;AC=NCIT:C178973	cell	NT=single cell;AC=PRIDE:0000897	not pooled	untreated	not applicable	not applicable	not applicable	cellenONE	F11_Slot1-30	1	13	run 188	proteomic profiling by mass spectrometry	NT=timsTOF SCP;AC=MS:1003231	NT=label free sample;AC=MS:1002038	NT=Oxidation;AC=UNIMOD:35;TA=M;MT=Variable	NT=Acetyl;AC=UNIMOD:1;PP=Protein N-term;MT=Variable	NT=Acetyl;AC=UNIMOD:1;TA=K;MT=Variable	NT=Phospho;AC=UNIMOD:21;TA=S,T,Y;MT=Variable	NT=Methyl;AC=UNIMOD:34;TA=K;MT=Variable	NT=Dimethyl;AC=UNIMOD:36;TA=K;MT=Variable	NT=Trimethyl;AC=UNIMOD:37;TA=K;MT=Variable	NT=Formyl;AC=UNIMOD:122;TA=K;MT=Variable	NT=Trypsin;AC=MS:1001251	NT=Data-independent acquisition;AC=PRIDE:0000450	NT=beam-type collision-induced dissociation;AC=MS:1000422	not available	not available	not applicable	not applicable	1	1	NHC_F11_DIA_IO_L15_Slot1-30_1_4404.d	v1.1.0	NT=ms-proteomics;VV=v1.1.0	NT=human;VV=v1.1.0	NT=cell-lines;VV=v1.1.0	NT=single-cell;VV=v1.0.0	NT=clinical-metadata;VV=v1.0.0	manual curation	NHC	untreated
NHC_F12_Slot1-31	NT=Homo sapiens;AC=NCBITaxon:9606	NT=bile duct;AC=UBERON:0002394	NT=cholangiocyte;AC=CL:1000488	NT=normal;AC=PATO:0000461	NHC	not available	not available	not available	not available	not available	NT=Roswell Park Memorial Institute 1640 Medium;AC=NCIT:C178973	cell	NT=single cell;AC=PRIDE:0000897	not pooled	untreated	not applicable	not applicable	not applicable	cellenONE	F12_Slot1-31	1	14	run 189	proteomic profiling by mass spectrometry	NT=timsTOF SCP;AC=MS:1003231	NT=label free sample;AC=MS:1002038	NT=Oxidation;AC=UNIMOD:35;TA=M;MT=Variable	NT=Acetyl;AC=UNIMOD:1;PP=Protein N-term;MT=Variable	NT=Acetyl;AC=UNIMOD:1;TA=K;MT=Variable	NT=Phospho;AC=UNIMOD:21;TA=S,T,Y;MT=Variable	NT=Methyl;AC=UNIMOD:34;TA=K;MT=Variable	NT=Dimethyl;AC=UNIMOD:36;TA=K;MT=Variable	NT=Trimethyl;AC=UNIMOD:37;TA=K;MT=Variable	NT=Formyl;AC=UNIMOD:122;TA=K;MT=Variable	NT=Trypsin;AC=MS:1001251	NT=Data-independent acquisition;AC=PRIDE:0000450	NT=beam-type collision-induced dissociation;AC=MS:1000422	not available	not available	not applicable	not applicable	1	1	NHC_F12_DIA_IO_L15_Slot1-31_1_4405.d	v1.1.0	NT=ms-proteomics;VV=v1.1.0	NT=human;VV=v1.1.0	NT=cell-lines;VV=v1.1.0	NT=single-cell;VV=v1.0.0	NT=clinical-metadata;VV=v1.0.0	manual curation	NHC	untreated
NHC_F2_Slot1-21	NT=Homo sapiens;AC=NCBITaxon:9606	NT=bile duct;AC=UBERON:0002394	NT=cholangiocyte;AC=CL:1000488	NT=normal;AC=PATO:0000461	NHC	not available	not available	not available	not available	not available	NT=Roswell Park Memorial Institute 1640 Medium;AC=NCIT:C178973	cell	NT=single cell;AC=PRIDE:0000897	not pooled	untreated	not applicable	not applicable	not applicable	cellenONE	F2_Slot1-21	1	15	run 190	proteomic profiling by mass spectrometry	NT=timsTOF SCP;AC=MS:1003231	NT=label free sample;AC=MS:1002038	NT=Oxidation;AC=UNIMOD:35;TA=M;MT=Variable	NT=Acetyl;AC=UNIMOD:1;PP=Protein N-term;MT=Variable	NT=Acetyl;AC=UNIMOD:1;TA=K;MT=Variable	NT=Phospho;AC=UNIMOD:21;TA=S,T,Y;MT=Variable	NT=Methyl;AC=UNIMOD:34;TA=K;MT=Variable	NT=Dimethyl;AC=UNIMOD:36;TA=K;MT=Variable	NT=Trimethyl;AC=UNIMOD:37;TA=K;MT=Variable	NT=Formyl;AC=UNIMOD:122;TA=K;MT=Variable	NT=Trypsin;AC=MS:1001251	NT=Data-independent acquisition;AC=PRIDE:0000450	NT=beam-type collision-induced dissociation;AC=MS:1000422	not available	not available	not applicable	not applicable	1	1	NHC_F2_DIA_IO_L15_Slot1-21_1_4395.d	v1.1.0	NT=ms-proteomics;VV=v1.1.0	NT=human;VV=v1.1.0	NT=cell-lines;VV=v1.1.0	NT=single-cell;VV=v1.0.0	NT=clinical-metadata;VV=v1.0.0	manual curation	NHC	untreated
NHC_F3_Slot1-22	NT=Homo sapiens;AC=NCBITaxon:9606	NT=bile duct;AC=UBERON:0002394	NT=cholangiocyte;AC=CL:1000488	NT=normal;AC=PATO:0000461	NHC	not available	not available	not available	not available	not available	NT=Roswell Park Memorial Institute 1640 Medium;AC=NCIT:C178973	cell	NT=single cell;AC=PRIDE:0000897	not pooled	untreated	not applicable	not applicable	not applicable	cellenONE	F3_Slot1-22	1	16	run 191	proteomic profiling by mass spectrometry	NT=timsTOF SCP;AC=MS:1003231	NT=label free sample;AC=MS:1002038	NT=Oxidation;AC=UNIMOD:35;TA=M;MT=Variable	NT=Acetyl;AC=UNIMOD:1;PP=Protein N-term;MT=Variable	NT=Acetyl;AC=UNIMOD:1;TA=K;MT=Variable	NT=Phospho;AC=UNIMOD:21;TA=S,T,Y;MT=Variable	NT=Methyl;AC=UNIMOD:34;TA=K;MT=Variable	NT=Dimethyl;AC=UNIMOD:36;TA=K;MT=Variable	NT=Trimethyl;AC=UNIMOD:37;TA=K;MT=Variable	NT=Formyl;AC=UNIMOD:122;TA=K;MT=Variable	NT=Trypsin;AC=MS:1001251	NT=Data-independent acquisition;AC=PRIDE:0000450	NT=beam-type collision-induced dissociation;AC=MS:1000422	not available	not available	not applicable	not applicable	1	1	NHC_F3_DIA_IO_L15_Slot1-22_1_4396.d	v1.1.0	NT=ms-proteomics;VV=v1.1.0	NT=human;VV=v1.1.0	NT=cell-lines;VV=v1.1.0	NT=single-cell;VV=v1.0.0	NT=clinical-metadata;VV=v1.0.0	manual curation	NHC	untreated
NHC_F4_Slot1-23	NT=Homo sapiens;AC=NCBITaxon:9606	NT=bile duct;AC=UBERON:0002394	NT=cholangiocyte;AC=CL:1000488	NT=normal;AC=PATO:0000461	NHC	not available	not available	not available	not available	not available	NT=Roswell Park Memorial Institute 1640 Medium;AC=NCIT:C178973	cell	NT=single cell;AC=PRIDE:0000897	not pooled	untreated	not applicable	not applicable	not applicable	cellenONE	F4_Slot1-23	1	17	run 192	proteomic profiling by mass spectrometry	NT=timsTOF SCP;AC=MS:1003231	NT=label free sample;AC=MS:1002038	NT=Oxidation;AC=UNIMOD:35;TA=M;MT=Variable	NT=Acetyl;AC=UNIMOD:1;PP=Protein N-term;MT=Variable	NT=Acetyl;AC=UNIMOD:1;TA=K;MT=Variable	NT=Phospho;AC=UNIMOD:21;TA=S,T,Y;MT=Variable	NT=Methyl;AC=UNIMOD:34;TA=K;MT=Variable	NT=Dimethyl;AC=UNIMOD:36;TA=K;MT=Variable	NT=Trimethyl;AC=UNIMOD:37;TA=K;MT=Variable	NT=Formyl;AC=UNIMOD:122;TA=K;MT=Variable	NT=Trypsin;AC=MS:1001251	NT=Data-independent acquisition;AC=PRIDE:0000450	NT=beam-type collision-induced dissociation;AC=MS:1000422	not available	not available	not applicable	not applicable	1	1	NHC_F4_DIA_IO_L15_Slot1-23_1_4397.d	v1.1.0	NT=ms-proteomics;VV=v1.1.0	NT=human;VV=v1.1.0	NT=cell-lines;VV=v1.1.0	NT=single-cell;VV=v1.0.0	NT=clinical-metadata;VV=v1.0.0	manual curation	NHC	untreated
NHC_F5_Slot1-24	NT=Homo sapiens;AC=NCBITaxon:9606	NT=bile duct;AC=UBERON:0002394	NT=cholangiocyte;AC=CL:1000488	NT=normal;AC=PATO:0000461	NHC	not available	not available	not available	not available	not available	NT=Roswell Park Memorial Institute 1640 Medium;AC=NCIT:C178973	cell	NT=single cell;AC=PRIDE:0000897	not pooled	untreated	not applicable	not applicable	not applicable	cellenONE	F5_Slot1-24	1	18	run 193	proteomic profiling by mass spectrometry	NT=timsTOF SCP;AC=MS:1003231	NT=label free sample;AC=MS:1002038	NT=Oxidation;AC=UNIMOD:35;TA=M;MT=Variable	NT=Acetyl;AC=UNIMOD:1;PP=Protein N-term;MT=Variable	NT=Acetyl;AC=UNIMOD:1;TA=K;MT=Variable	NT=Phospho;AC=UNIMOD:21;TA=S,T,Y;MT=Variable	NT=Methyl;AC=UNIMOD:34;TA=K;MT=Variable	NT=Dimethyl;AC=UNIMOD:36;TA=K;MT=Variable	NT=Trimethyl;AC=UNIMOD:37;TA=K;MT=Variable	NT=Formyl;AC=UNIMOD:122;TA=K;MT=Variable	NT=Trypsin;AC=MS:1001251	NT=Data-independent acquisition;AC=PRIDE:0000450	NT=beam-type collision-induced dissociation;AC=MS:1000422	not available	not available	not applicable	not applicable	1	1	NHC_F5_DIA_IO_L15_Slot1-24_1_4398.d	v1.1.0	NT=ms-proteomics;VV=v1.1.0	NT=human;VV=v1.1.0	NT=cell-lines;VV=v1.1.0	NT=single-cell;VV=v1.0.0	NT=clinical-metadata;VV=v1.0.0	manual curation	NHC	untreated
NHC_F6_Slot1-25	NT=Homo sapiens;AC=NCBITaxon:9606	NT=bile duct;AC=UBERON:0002394	NT=cholangiocyte;AC=CL:1000488	NT=normal;AC=PATO:0000461	NHC	not available	not available	not available	not available	not available	NT=Roswell Park Memorial Institute 1640 Medium;AC=NCIT:C178973	cell	NT=single cell;AC=PRIDE:0000897	not pooled	untreated	not applicable	not applicable	not applicable	cellenONE	F6_Slot1-25	1	19	run 194	proteomic profiling by mass spectrometry	NT=timsTOF SCP;AC=MS:1003231	NT=label free sample;AC=MS:1002038	NT=Oxidation;AC=UNIMOD:35;TA=M;MT=Variable	NT=Acetyl;AC=UNIMOD:1;PP=Protein N-term;MT=Variable	NT=Acetyl;AC=UNIMOD:1;TA=K;MT=Variable	NT=Phospho;AC=UNIMOD:21;TA=S,T,Y;MT=Variable	NT=Methyl;AC=UNIMOD:34;TA=K;MT=Variable	NT=Dimethyl;AC=UNIMOD:36;TA=K;MT=Variable	NT=Trimethyl;AC=UNIMOD:37;TA=K;MT=Variable	NT=Formyl;AC=UNIMOD:122;TA=K;MT=Variable	NT=Trypsin;AC=MS:1001251	NT=Data-independent acquisition;AC=PRIDE:0000450	NT=beam-type collision-induced dissociation;AC=MS:1000422	not available	not available	not applicable	not applicable	1	1	NHC_F6_DIA_IO_L15_Slot1-25_1_4399.d	v1.1.0	NT=ms-proteomics;VV=v1.1.0	NT=human;VV=v1.1.0	NT=cell-lines;VV=v1.1.0	NT=single-cell;VV=v1.0.0	NT=clinical-metadata;VV=v1.0.0	manual curation	NHC	untreated
NHC_F7_Slot1-26	NT=Homo sapiens;AC=NCBITaxon:9606	NT=bile duct;AC=UBERON:0002394	NT=cholangiocyte;AC=CL:1000488	NT=normal;AC=PATO:0000461	NHC	not available	not available	not available	not available	not available	NT=Roswell Park Memorial Institute 1640 Medium;AC=NCIT:C178973	cell	NT=single cell;AC=PRIDE:0000897	not pooled	untreated	not applicable	not applicable	not applicable	cellenONE	F7_Slot1-26	1	20	run 195	proteomic profiling by mass spectrometry	NT=timsTOF SCP;AC=MS:1003231	NT=label free sample;AC=MS:1002038	NT=Oxidation;AC=UNIMOD:35;TA=M;MT=Variable	NT=Acetyl;AC=UNIMOD:1;PP=Protein N-term;MT=Variable	NT=Acetyl;AC=UNIMOD:1;TA=K;MT=Variable	NT=Phospho;AC=UNIMOD:21;TA=S,T,Y;MT=Variable	NT=Methyl;AC=UNIMOD:34;TA=K;MT=Variable	NT=Dimethyl;AC=UNIMOD:36;TA=K;MT=Variable	NT=Trimethyl;AC=UNIMOD:37;TA=K;MT=Variable	NT=Formyl;AC=UNIMOD:122;TA=K;MT=Variable	NT=Trypsin;AC=MS:1001251	NT=Data-independent acquisition;AC=PRIDE:0000450	NT=beam-type collision-induced dissociation;AC=MS:1000422	not available	not available	not applicable	not applicable	1	1	NHC_F7_DIA_IO_L15_Slot1-26_1_4400.d	v1.1.0	NT=ms-proteomics;VV=v1.1.0	NT=human;VV=v1.1.0	NT=cell-lines;VV=v1.1.0	NT=single-cell;VV=v1.0.0	NT=clinical-metadata;VV=v1.0.0	manual curation	NHC	untreated
NHC_F8_Slot1-27	NT=Homo sapiens;AC=NCBITaxon:9606	NT=bile duct;AC=UBERON:0002394	NT=cholangiocyte;AC=CL:1000488	NT=normal;AC=PATO:0000461	NHC	not available	not available	not available	not available	not available	NT=Roswell Park Memorial Institute 1640 Medium;AC=NCIT:C178973	cell	NT=single cell;AC=PRIDE:0000897	not pooled	untreated	not applicable	not applicable	not applicable	cellenONE	F8_Slot1-27	1	21	run 196	proteomic profiling by mass spectrometry	NT=timsTOF SCP;AC=MS:1003231	NT=label free sample;AC=MS:1002038	NT=Oxidation;AC=UNIMOD:35;TA=M;MT=Variable	NT=Acetyl;AC=UNIMOD:1;PP=Protein N-term;MT=Variable	NT=Acetyl;AC=UNIMOD:1;TA=K;MT=Variable	NT=Phospho;AC=UNIMOD:21;TA=S,T,Y;MT=Variable	NT=Methyl;AC=UNIMOD:34;TA=K;MT=Variable	NT=Dimethyl;AC=UNIMOD:36;TA=K;MT=Variable	NT=Trimethyl;AC=UNIMOD:37;TA=K;MT=Variable	NT=Formyl;AC=UNIMOD:122;TA=K;MT=Variable	NT=Trypsin;AC=MS:1001251	NT=Data-independent acquisition;AC=PRIDE:0000450	NT=beam-type collision-induced dissociation;AC=MS:1000422	not available	not available	not applicable	not applicable	1	1	NHC_F8_DIA_IO_L15_Slot1-27_1_4401.d	v1.1.0	NT=ms-proteomics;VV=v1.1.0	NT=human;VV=v1.1.0	NT=cell-lines;VV=v1.1.0	NT=single-cell;VV=v1.0.0	NT=clinical-metadata;VV=v1.0.0	manual curation	NHC	untreated
NHC_F9_Slot1-28	NT=Homo sapiens;AC=NCBITaxon:9606	NT=bile duct;AC=UBERON:0002394	NT=cholangiocyte;AC=CL:1000488	NT=normal;AC=PATO:0000461	NHC	not available	not available	not available	not available	not available	NT=Roswell Park Memorial Institute 1640 Medium;AC=NCIT:C178973	cell	NT=single cell;AC=PRIDE:0000897	not pooled	untreated	not applicable	not applicable	not applicable	cellenONE	F9_Slot1-28	1	22	run 197	proteomic profiling by mass spectrometry	NT=timsTOF SCP;AC=MS:1003231	NT=label free sample;AC=MS:1002038	NT=Oxidation;AC=UNIMOD:35;TA=M;MT=Variable	NT=Acetyl;AC=UNIMOD:1;PP=Protein N-term;MT=Variable	NT=Acetyl;AC=UNIMOD:1;TA=K;MT=Variable	NT=Phospho;AC=UNIMOD:21;TA=S,T,Y;MT=Variable	NT=Methyl;AC=UNIMOD:34;TA=K;MT=Variable	NT=Dimethyl;AC=UNIMOD:36;TA=K;MT=Variable	NT=Trimethyl;AC=UNIMOD:37;TA=K;MT=Variable	NT=Formyl;AC=UNIMOD:122;TA=K;MT=Variable	NT=Trypsin;AC=MS:1001251	NT=Data-independent acquisition;AC=PRIDE:0000450	NT=beam-type collision-induced dissociation;AC=MS:1000422	not available	not available	not applicable	not applicable	1	1	NHC_F9_DIA_IO_L15_Slot1-28_1_4402.d	v1.1.0	NT=ms-proteomics;VV=v1.1.0	NT=human;VV=v1.1.0	NT=cell-lines;VV=v1.1.0	NT=single-cell;VV=v1.0.0	NT=clinical-metadata;VV=v1.0.0	manual curation	NHC	untreated
NHC_G10_Slot1-40	NT=Homo sapiens;AC=NCBITaxon:9606	NT=bile duct;AC=UBERON:0002394	NT=cholangiocyte;AC=CL:1000488	NT=normal;AC=PATO:0000461	NHC	not available	not available	not available	not available	not available	NT=Roswell Park Memorial Institute 1640 Medium;AC=NCIT:C178973	cell	NT=single cell;AC=PRIDE:0000897	not pooled	untreated	not applicable	not applicable	not applicable	cellenONE	G10_Slot1-40	1	23	run 198	proteomic profiling by mass spectrometry	NT=timsTOF SCP;AC=MS:1003231	NT=label free sample;AC=MS:1002038	NT=Oxidation;AC=UNIMOD:35;TA=M;MT=Variable	NT=Acetyl;AC=UNIMOD:1;PP=Protein N-term;MT=Variable	NT=Acetyl;AC=UNIMOD:1;TA=K;MT=Variable	NT=Phospho;AC=UNIMOD:21;TA=S,T,Y;MT=Variable	NT=Methyl;AC=UNIMOD:34;TA=K;MT=Variable	NT=Dimethyl;AC=UNIMOD:36;TA=K;MT=Variable	NT=Trimethyl;AC=UNIMOD:37;TA=K;MT=Variable	NT=Formyl;AC=UNIMOD:122;TA=K;MT=Variable	NT=Trypsin;AC=MS:1001251	NT=Data-independent acquisition;AC=PRIDE:0000450	NT=beam-type collision-induced dissociation;AC=MS:1000422	not available	not available	not applicable	not applicable	1	1	NHC_G10_DIA_IO_L15_Slot1-40_1_4415.d	v1.1.0	NT=ms-proteomics;VV=v1.1.0	NT=human;VV=v1.1.0	NT=cell-lines;VV=v1.1.0	NT=single-cell;VV=v1.0.0	NT=clinical-metadata;VV=v1.0.0	manual curation	NHC	untreated
NHC_G11_Slot1-41	NT=Homo sapiens;AC=NCBITaxon:9606	NT=bile duct;AC=UBERON:0002394	NT=cholangiocyte;AC=CL:1000488	NT=normal;AC=PATO:0000461	NHC	not available	not available	not available	not available	not available	NT=Roswell Park Memorial Institute 1640 Medium;AC=NCIT:C178973	cell	NT=single cell;AC=PRIDE:0000897	not pooled	untreated	not applicable	not applicable	not applicable	cellenONE	G11_Slot1-41	1	24	run 199	proteomic profiling by mass spectrometry	NT=timsTOF SCP;AC=MS:1003231	NT=label free sample;AC=MS:1002038	NT=Oxidation;AC=UNIMOD:35;TA=M;MT=Variable	NT=Acetyl;AC=UNIMOD:1;PP=Protein N-term;MT=Variable	NT=Acetyl;AC=UNIMOD:1;TA=K;MT=Variable	NT=Phospho;AC=UNIMOD:21;TA=S,T,Y;MT=Variable	NT=Methyl;AC=UNIMOD:34;TA=K;MT=Variable	NT=Dimethyl;AC=UNIMOD:36;TA=K;MT=Variable	NT=Trimethyl;AC=UNIMOD:37;TA=K;MT=Variable	NT=Formyl;AC=UNIMOD:122;TA=K;MT=Variable	NT=Trypsin;AC=MS:1001251	NT=Data-independent acquisition;AC=PRIDE:0000450	NT=beam-type collision-induced dissociation;AC=MS:1000422	not available	not available	not applicable	not applicable	1	1	NHC_G11_DIA_IO_L15_Slot1-41_1_4416.d	v1.1.0	NT=ms-proteomics;VV=v1.1.0	NT=human;VV=v1.1.0	NT=cell-lines;VV=v1.1.0	NT=single-cell;VV=v1.0.0	NT=clinical-metadata;VV=v1.0.0	manual curation	NHC	untreated
NHC_G12_Slot1-42	NT=Homo sapiens;AC=NCBITaxon:9606	NT=bile duct;AC=UBERON:0002394	NT=cholangiocyte;AC=CL:1000488	NT=normal;AC=PATO:0000461	NHC	not available	not available	not available	not available	not available	NT=Roswell Park Memorial Institute 1640 Medium;AC=NCIT:C178973	cell	NT=single cell;AC=PRIDE:0000897	not pooled	untreated	not applicable	not applicable	not applicable	cellenONE	G12_Slot1-42	1	25	run 200	proteomic profiling by mass spectrometry	NT=timsTOF SCP;AC=MS:1003231	NT=label free sample;AC=MS:1002038	NT=Oxidation;AC=UNIMOD:35;TA=M;MT=Variable	NT=Acetyl;AC=UNIMOD:1;PP=Protein N-term;MT=Variable	NT=Acetyl;AC=UNIMOD:1;TA=K;MT=Variable	NT=Phospho;AC=UNIMOD:21;TA=S,T,Y;MT=Variable	NT=Methyl;AC=UNIMOD:34;TA=K;MT=Variable	NT=Dimethyl;AC=UNIMOD:36;TA=K;MT=Variable	NT=Trimethyl;AC=UNIMOD:37;TA=K;MT=Variable	NT=Formyl;AC=UNIMOD:122;TA=K;MT=Variable	NT=Trypsin;AC=MS:1001251	NT=Data-independent acquisition;AC=PRIDE:0000450	NT=beam-type collision-induced dissociation;AC=MS:1000422	not available	not available	not applicable	not applicable	1	1	NHC_G12_DIA_IO_L15_Slot1-42_1_4417.d	v1.1.0	NT=ms-proteomics;VV=v1.1.0	NT=human;VV=v1.1.0	NT=cell-lines;VV=v1.1.0	NT=single-cell;VV=v1.0.0	NT=clinical-metadata;VV=v1.0.0	manual curation	NHC	untreated
NHC_G2_Slot1-32	NT=Homo sapiens;AC=NCBITaxon:9606	NT=bile duct;AC=UBERON:0002394	NT=cholangiocyte;AC=CL:1000488	NT=normal;AC=PATO:0000461	NHC	not available	not available	not available	not available	not available	NT=Roswell Park Memorial Institute 1640 Medium;AC=NCIT:C178973	cell	NT=single cell;AC=PRIDE:0000897	not pooled	untreated	not applicable	not applicable	not applicable	cellenONE	G2_Slot1-32	1	26	run 201	proteomic profiling by mass spectrometry	NT=timsTOF SCP;AC=MS:1003231	NT=label free sample;AC=MS:1002038	NT=Oxidation;AC=UNIMOD:35;TA=M;MT=Variable	NT=Acetyl;AC=UNIMOD:1;PP=Protein N-term;MT=Variable	NT=Acetyl;AC=UNIMOD:1;TA=K;MT=Variable	NT=Phospho;AC=UNIMOD:21;TA=S,T,Y;MT=Variable	NT=Methyl;AC=UNIMOD:34;TA=K;MT=Variable	NT=Dimethyl;AC=UNIMOD:36;TA=K;MT=Variable	NT=Trimethyl;AC=UNIMOD:37;TA=K;MT=Variable	NT=Formyl;AC=UNIMOD:122;TA=K;MT=Variable	NT=Trypsin;AC=MS:1001251	NT=Data-independent acquisition;AC=PRIDE:0000450	NT=beam-type collision-induced dissociation;AC=MS:1000422	not available	not available	not applicable	not applicable	1	1	NHC_G2_DIA_IO_L15_Slot1-32_1_4406.d	v1.1.0	NT=ms-proteomics;VV=v1.1.0	NT=human;VV=v1.1.0	NT=cell-lines;VV=v1.1.0	NT=single-cell;VV=v1.0.0	NT=clinical-metadata;VV=v1.0.0	manual curation	NHC	untreated
NHC_G3_Slot1-33	NT=Homo sapiens;AC=NCBITaxon:9606	NT=bile duct;AC=UBERON:0002394	NT=cholangiocyte;AC=CL:1000488	NT=normal;AC=PATO:0000461	NHC	not available	not available	not available	not available	not available	NT=Roswell Park Memorial Institute 1640 Medium;AC=NCIT:C178973	cell	NT=single cell;AC=PRIDE:0000897	not pooled	untreated	not applicable	not applicable	not applicable	cellenONE	G3_Slot1-33	1	27	run 202	proteomic profiling by mass spectrometry	NT=timsTOF SCP;AC=MS:1003231	NT=label free sample;AC=MS:1002038	NT=Oxidation;AC=UNIMOD:35;TA=M;MT=Variable	NT=Acetyl;AC=UNIMOD:1;PP=Protein N-term;MT=Variable	NT=Acetyl;AC=UNIMOD:1;TA=K;MT=Variable	NT=Phospho;AC=UNIMOD:21;TA=S,T,Y;MT=Variable	NT=Methyl;AC=UNIMOD:34;TA=K;MT=Variable	NT=Dimethyl;AC=UNIMOD:36;TA=K;MT=Variable	NT=Trimethyl;AC=UNIMOD:37;TA=K;MT=Variable	NT=Formyl;AC=UNIMOD:122;TA=K;MT=Variable	NT=Trypsin;AC=MS:1001251	NT=Data-independent acquisition;AC=PRIDE:0000450	NT=beam-type collision-induced dissociation;AC=MS:1000422	not available	not available	not applicable	not applicable	1	1	NHC_G3_DIA_IO_L15_Slot1-33_1_4407.d	v1.1.0	NT=ms-proteomics;VV=v1.1.0	NT=human;VV=v1.1.0	NT=cell-lines;VV=v1.1.0	NT=single-cell;VV=v1.0.0	NT=clinical-metadata;VV=v1.0.0	manual curation	NHC	untreated
NHC_G4_Slot1-34	NT=Homo sapiens;AC=NCBITaxon:9606	NT=bile duct;AC=UBERON:0002394	NT=cholangiocyte;AC=CL:1000488	NT=normal;AC=PATO:0000461	NHC	not available	not available	not available	not available	not available	NT=Roswell Park Memorial Institute 1640 Medium;AC=NCIT:C178973	cell	NT=single cell;AC=PRIDE:0000897	not pooled	untreated	not applicable	not applicable	not applicable	cellenONE	G4_Slot1-34	1	28	run 203	proteomic profiling by mass spectrometry	NT=timsTOF SCP;AC=MS:1003231	NT=label free sample;AC=MS:1002038	NT=Oxidation;AC=UNIMOD:35;TA=M;MT=Variable	NT=Acetyl;AC=UNIMOD:1;PP=Protein N-term;MT=Variable	NT=Acetyl;AC=UNIMOD:1;TA=K;MT=Variable	NT=Phospho;AC=UNIMOD:21;TA=S,T,Y;MT=Variable	NT=Methyl;AC=UNIMOD:34;TA=K;MT=Variable	NT=Dimethyl;AC=UNIMOD:36;TA=K;MT=Variable	NT=Trimethyl;AC=UNIMOD:37;TA=K;MT=Variable	NT=Formyl;AC=UNIMOD:122;TA=K;MT=Variable	NT=Trypsin;AC=MS:1001251	NT=Data-independent acquisition;AC=PRIDE:0000450	NT=beam-type collision-induced dissociation;AC=MS:1000422	not available	not available	not applicable	not applicable	1	1	NHC_G4_DIA_IO_L15_Slot1-34_1_4408.d	v1.1.0	NT=ms-proteomics;VV=v1.1.0	NT=human;VV=v1.1.0	NT=cell-lines;VV=v1.1.0	NT=single-cell;VV=v1.0.0	NT=clinical-metadata;VV=v1.0.0	manual curation	NHC	untreated
NHC_G5_Slot1-35	NT=Homo sapiens;AC=NCBITaxon:9606	NT=bile duct;AC=UBERON:0002394	NT=cholangiocyte;AC=CL:1000488	NT=normal;AC=PATO:0000461	NHC	not available	not available	not available	not available	not available	NT=Roswell Park Memorial Institute 1640 Medium;AC=NCIT:C178973	cell	NT=single cell;AC=PRIDE:0000897	not pooled	untreated	not applicable	not applicable	not applicable	cellenONE	G5_Slot1-35	1	29	run 204	proteomic profiling by mass spectrometry	NT=timsTOF SCP;AC=MS:1003231	NT=label free sample;AC=MS:1002038	NT=Oxidation;AC=UNIMOD:35;TA=M;MT=Variable	NT=Acetyl;AC=UNIMOD:1;PP=Protein N-term;MT=Variable	NT=Acetyl;AC=UNIMOD:1;TA=K;MT=Variable	NT=Phospho;AC=UNIMOD:21;TA=S,T,Y;MT=Variable	NT=Methyl;AC=UNIMOD:34;TA=K;MT=Variable	NT=Dimethyl;AC=UNIMOD:36;TA=K;MT=Variable	NT=Trimethyl;AC=UNIMOD:37;TA=K;MT=Variable	NT=Formyl;AC=UNIMOD:122;TA=K;MT=Variable	NT=Trypsin;AC=MS:1001251	NT=Data-independent acquisition;AC=PRIDE:0000450	NT=beam-type collision-induced dissociation;AC=MS:1000422	not available	not available	not applicable	not applicable	1	1	NHC_G5_DIA_IO_L15_Slot1-35_1_4409.d	v1.1.0	NT=ms-proteomics;VV=v1.1.0	NT=human;VV=v1.1.0	NT=cell-lines;VV=v1.1.0	NT=single-cell;VV=v1.0.0	NT=clinical-metadata;VV=v1.0.0	manual curation	NHC	untreated
NHC_G6_Slot1-36	NT=Homo sapiens;AC=NCBITaxon:9606	NT=bile duct;AC=UBERON:0002394	NT=cholangiocyte;AC=CL:1000488	NT=normal;AC=PATO:0000461	NHC	not available	not available	not available	not available	not available	NT=Roswell Park Memorial Institute 1640 Medium;AC=NCIT:C178973	cell	NT=single cell;AC=PRIDE:0000897	not pooled	untreated	not applicable	not applicable	not applicable	cellenONE	G6_Slot1-36	1	30	run 205	proteomic profiling by mass spectrometry	NT=timsTOF SCP;AC=MS:1003231	NT=label free sample;AC=MS:1002038	NT=Oxidation;AC=UNIMOD:35;TA=M;MT=Variable	NT=Acetyl;AC=UNIMOD:1;PP=Protein N-term;MT=Variable	NT=Acetyl;AC=UNIMOD:1;TA=K;MT=Variable	NT=Phospho;AC=UNIMOD:21;TA=S,T,Y;MT=Variable	NT=Methyl;AC=UNIMOD:34;TA=K;MT=Variable	NT=Dimethyl;AC=UNIMOD:36;TA=K;MT=Variable	NT=Trimethyl;AC=UNIMOD:37;TA=K;MT=Variable	NT=Formyl;AC=UNIMOD:122;TA=K;MT=Variable	NT=Trypsin;AC=MS:1001251	NT=Data-independent acquisition;AC=PRIDE:0000450	NT=beam-type collision-induced dissociation;AC=MS:1000422	not available	not available	not applicable	not applicable	1	1	NHC_G6_DIA_IO_L15_Slot1-36_1_4410.d	v1.1.0	NT=ms-proteomics;VV=v1.1.0	NT=human;VV=v1.1.0	NT=cell-lines;VV=v1.1.0	NT=single-cell;VV=v1.0.0	NT=clinical-metadata;VV=v1.0.0	manual curation	NHC	untreated
NHC_G7_Slot1-37	NT=Homo sapiens;AC=NCBITaxon:9606	NT=bile duct;AC=UBERON:0002394	NT=cholangiocyte;AC=CL:1000488	NT=normal;AC=PATO:0000461	NHC	not available	not available	not available	not available	not available	NT=Roswell Park Memorial Institute 1640 Medium;AC=NCIT:C178973	cell	NT=single cell;AC=PRIDE:0000897	not pooled	untreated	not applicable	not applicable	not applicable	cellenONE	G7_Slot1-37	1	31	run 206	proteomic profiling by mass spectrometry	NT=timsTOF SCP;AC=MS:1003231	NT=label free sample;AC=MS:1002038	NT=Oxidation;AC=UNIMOD:35;TA=M;MT=Variable	NT=Acetyl;AC=UNIMOD:1;PP=Protein N-term;MT=Variable	NT=Acetyl;AC=UNIMOD:1;TA=K;MT=Variable	NT=Phospho;AC=UNIMOD:21;TA=S,T,Y;MT=Variable	NT=Methyl;AC=UNIMOD:34;TA=K;MT=Variable	NT=Dimethyl;AC=UNIMOD:36;TA=K;MT=Variable	NT=Trimethyl;AC=UNIMOD:37;TA=K;MT=Variable	NT=Formyl;AC=UNIMOD:122;TA=K;MT=Variable	NT=Trypsin;AC=MS:1001251	NT=Data-independent acquisition;AC=PRIDE:0000450	NT=beam-type collision-induced dissociation;AC=MS:1000422	not available	not available	not applicable	not applicable	1	1	NHC_G7_DIA_IO_L15_Slot1-37_1_4412.d	v1.1.0	NT=ms-proteomics;VV=v1.1.0	NT=human;VV=v1.1.0	NT=cell-lines;VV=v1.1.0	NT=single-cell;VV=v1.0.0	NT=clinical-metadata;VV=v1.0.0	manual curation	NHC	untreated
NHC_G8_Slot1-38	NT=Homo sapiens;AC=NCBITaxon:9606	NT=bile duct;AC=UBERON:0002394	NT=cholangiocyte;AC=CL:1000488	NT=normal;AC=PATO:0000461	NHC	not available	not available	not available	not available	not available	NT=Roswell Park Memorial Institute 1640 Medium;AC=NCIT:C178973	cell	NT=single cell;AC=PRIDE:0000897	not pooled	untreated	not applicable	not applicable	not applicable	cellenONE	G8_Slot1-38	1	32	run 207	proteomic profiling by mass spectrometry	NT=timsTOF SCP;AC=MS:1003231	NT=label free sample;AC=MS:1002038	NT=Oxidation;AC=UNIMOD:35;TA=M;MT=Variable	NT=Acetyl;AC=UNIMOD:1;PP=Protein N-term;MT=Variable	NT=Acetyl;AC=UNIMOD:1;TA=K;MT=Variable	NT=Phospho;AC=UNIMOD:21;TA=S,T,Y;MT=Variable	NT=Methyl;AC=UNIMOD:34;TA=K;MT=Variable	NT=Dimethyl;AC=UNIMOD:36;TA=K;MT=Variable	NT=Trimethyl;AC=UNIMOD:37;TA=K;MT=Variable	NT=Formyl;AC=UNIMOD:122;TA=K;MT=Variable	NT=Trypsin;AC=MS:1001251	NT=Data-independent acquisition;AC=PRIDE:0000450	NT=beam-type collision-induced dissociation;AC=MS:1000422	not available	not available	not applicable	not applicable	1	1	NHC_G8_DIA_IO_L15_Slot1-38_1_4413.d	v1.1.0	NT=ms-proteomics;VV=v1.1.0	NT=human;VV=v1.1.0	NT=cell-lines;VV=v1.1.0	NT=single-cell;VV=v1.0.0	NT=clinical-metadata;VV=v1.0.0	manual curation	NHC	untreated
NHC_G9_Slot1-39	NT=Homo sapiens;AC=NCBITaxon:9606	NT=bile duct;AC=UBERON:0002394	NT=cholangiocyte;AC=CL:1000488	NT=normal;AC=PATO:0000461	NHC	not available	not available	not available	not available	not available	NT=Roswell Park Memorial Institute 1640 Medium;AC=NCIT:C178973	cell	NT=single cell;AC=PRIDE:0000897	not pooled	untreated	not applicable	not applicable	not applicable	cellenONE	G9_Slot1-39	1	33	run 208	proteomic profiling by mass spectrometry	NT=timsTOF SCP;AC=MS:1003231	NT=label free sample;AC=MS:1002038	NT=Oxidation;AC=UNIMOD:35;TA=M;MT=Variable	NT=Acetyl;AC=UNIMOD:1;PP=Protein N-term;MT=Variable	NT=Acetyl;AC=UNIMOD:1;TA=K;MT=Variable	NT=Phospho;AC=UNIMOD:21;TA=S,T,Y;MT=Variable	NT=Methyl;AC=UNIMOD:34;TA=K;MT=Variable	NT=Dimethyl;AC=UNIMOD:36;TA=K;MT=Variable	NT=Trimethyl;AC=UNIMOD:37;TA=K;MT=Variable	NT=Formyl;AC=UNIMOD:122;TA=K;MT=Variable	NT=Trypsin;AC=MS:1001251	NT=Data-independent acquisition;AC=PRIDE:0000450	NT=beam-type collision-induced dissociation;AC=MS:1000422	not available	not available	not applicable	not applicable	1	1	NHC_G9_DIA_IO_L15_Slot1-39_1_4414.d	v1.1.0	NT=ms-proteomics;VV=v1.1.0	NT=human;VV=v1.1.0	NT=cell-lines;VV=v1.1.0	NT=single-cell;VV=v1.0.0	NT=clinical-metadata;VV=v1.0.0	manual curation	NHC	untreated
NHC_H10_Slot1-18	NT=Homo sapiens;AC=NCBITaxon:9606	NT=bile duct;AC=UBERON:0002394	NT=cholangiocyte;AC=CL:1000488	NT=normal;AC=PATO:0000461	NHC	not available	not available	not available	not available	not available	NT=Roswell Park Memorial Institute 1640 Medium;AC=NCIT:C178973	cell	NT=single cell;AC=PRIDE:0000897	not pooled	untreated	not applicable	not applicable	not applicable	cellenONE	H10_Slot1-18	1	34	run 209	proteomic profiling by mass spectrometry	NT=timsTOF SCP;AC=MS:1003231	NT=label free sample;AC=MS:1002038	NT=Oxidation;AC=UNIMOD:35;TA=M;MT=Variable	NT=Acetyl;AC=UNIMOD:1;PP=Protein N-term;MT=Variable	NT=Acetyl;AC=UNIMOD:1;TA=K;MT=Variable	NT=Phospho;AC=UNIMOD:21;TA=S,T,Y;MT=Variable	NT=Methyl;AC=UNIMOD:34;TA=K;MT=Variable	NT=Dimethyl;AC=UNIMOD:36;TA=K;MT=Variable	NT=Trimethyl;AC=UNIMOD:37;TA=K;MT=Variable	NT=Formyl;AC=UNIMOD:122;TA=K;MT=Variable	NT=Trypsin;AC=MS:1001251	NT=Data-independent acquisition;AC=PRIDE:0000450	NT=beam-type collision-induced dissociation;AC=MS:1000422	not available	not available	not applicable	not applicable	1	1	NHC_H10_DIA_IO_L15_Slot1-18_1_4451.d	v1.1.0	NT=ms-proteomics;VV=v1.1.0	NT=human;VV=v1.1.0	NT=cell-lines;VV=v1.1.0	NT=single-cell;VV=v1.0.0	NT=clinical-metadata;VV=v1.0.0	manual curation	NHC	untreated
NHC_H11_Slot1-19	NT=Homo sapiens;AC=NCBITaxon:9606	NT=bile duct;AC=UBERON:0002394	NT=cholangiocyte;AC=CL:1000488	NT=normal;AC=PATO:0000461	NHC	not available	not available	not available	not available	not available	NT=Roswell Park Memorial Institute 1640 Medium;AC=NCIT:C178973	cell	NT=single cell;AC=PRIDE:0000897	not pooled	untreated	not applicable	not applicable	not applicable	cellenONE	H11_Slot1-19	1	35	run 210	proteomic profiling by mass spectrometry	NT=timsTOF SCP;AC=MS:1003231	NT=label free sample;AC=MS:1002038	NT=Oxidation;AC=UNIMOD:35;TA=M;MT=Variable	NT=Acetyl;AC=UNIMOD:1;PP=Protein N-term;MT=Variable	NT=Acetyl;AC=UNIMOD:1;TA=K;MT=Variable	NT=Phospho;AC=UNIMOD:21;TA=S,T,Y;MT=Variable	NT=Methyl;AC=UNIMOD:34;TA=K;MT=Variable	NT=Dimethyl;AC=UNIMOD:36;TA=K;MT=Variable	NT=Trimethyl;AC=UNIMOD:37;TA=K;MT=Variable	NT=Formyl;AC=UNIMOD:122;TA=K;MT=Variable	NT=Trypsin;AC=MS:1001251	NT=Data-independent acquisition;AC=PRIDE:0000450	NT=beam-type collision-induced dissociation;AC=MS:1000422	not available	not available	not applicable	not applicable	1	1	NHC_H11_DIA_IO_L15_Slot1-19_1_4452.d	v1.1.0	NT=ms-proteomics;VV=v1.1.0	NT=human;VV=v1.1.0	NT=cell-lines;VV=v1.1.0	NT=single-cell;VV=v1.0.0	NT=clinical-metadata;VV=v1.0.0	manual curation	NHC	untreated
NHC_H12_Slot1-20	NT=Homo sapiens;AC=NCBITaxon:9606	NT=bile duct;AC=UBERON:0002394	NT=cholangiocyte;AC=CL:1000488	NT=normal;AC=PATO:0000461	NHC	not available	not available	not available	not available	not available	NT=Roswell Park Memorial Institute 1640 Medium;AC=NCIT:C178973	cell	NT=single cell;AC=PRIDE:0000897	not pooled	untreated	not applicable	not applicable	not applicable	cellenONE	H12_Slot1-20	1	36	run 211	proteomic profiling by mass spectrometry	NT=timsTOF SCP;AC=MS:1003231	NT=label free sample;AC=MS:1002038	NT=Oxidation;AC=UNIMOD:35;TA=M;MT=Variable	NT=Acetyl;AC=UNIMOD:1;PP=Protein N-term;MT=Variable	NT=Acetyl;AC=UNIMOD:1;TA=K;MT=Variable	NT=Phospho;AC=UNIMOD:21;TA=S,T,Y;MT=Variable	NT=Methyl;AC=UNIMOD:34;TA=K;MT=Variable	NT=Dimethyl;AC=UNIMOD:36;TA=K;MT=Variable	NT=Trimethyl;AC=UNIMOD:37;TA=K;MT=Variable	NT=Formyl;AC=UNIMOD:122;TA=K;MT=Variable	NT=Trypsin;AC=MS:1001251	NT=Data-independent acquisition;AC=PRIDE:0000450	NT=beam-type collision-induced dissociation;AC=MS:1000422	not available	not available	not applicable	not applicable	1	1	NHC_H12_DIA_IO_L15_Slot1-20_1_4453.d	v1.1.0	NT=ms-proteomics;VV=v1.1.0	NT=human;VV=v1.1.0	NT=cell-lines;VV=v1.1.0	NT=single-cell;VV=v1.0.0	NT=clinical-metadata;VV=v1.0.0	manual curation	NHC	untreated
NHC_H2_Slot1-10	NT=Homo sapiens;AC=NCBITaxon:9606	NT=bile duct;AC=UBERON:0002394	NT=cholangiocyte;AC=CL:1000488	NT=normal;AC=PATO:0000461	NHC	not available	not available	not available	not available	not available	NT=Roswell Park Memorial Institute 1640 Medium;AC=NCIT:C178973	cell	NT=single cell;AC=PRIDE:0000897	not pooled	untreated	not applicable	not applicable	not applicable	cellenONE	H2_Slot1-10	1	37	run 212	proteomic profiling by mass spectrometry	NT=timsTOF SCP;AC=MS:1003231	NT=label free sample;AC=MS:1002038	NT=Oxidation;AC=UNIMOD:35;TA=M;MT=Variable	NT=Acetyl;AC=UNIMOD:1;PP=Protein N-term;MT=Variable	NT=Acetyl;AC=UNIMOD:1;TA=K;MT=Variable	NT=Phospho;AC=UNIMOD:21;TA=S,T,Y;MT=Variable	NT=Methyl;AC=UNIMOD:34;TA=K;MT=Variable	NT=Dimethyl;AC=UNIMOD:36;TA=K;MT=Variable	NT=Trimethyl;AC=UNIMOD:37;TA=K;MT=Variable	NT=Formyl;AC=UNIMOD:122;TA=K;MT=Variable	NT=Trypsin;AC=MS:1001251	NT=Data-independent acquisition;AC=PRIDE:0000450	NT=beam-type collision-induced dissociation;AC=MS:1000422	not available	not available	not applicable	not applicable	1	1	NHC_H2_DIA_IO_L15_Slot1-10_1_4443.d	v1.1.0	NT=ms-proteomics;VV=v1.1.0	NT=human;VV=v1.1.0	NT=cell-lines;VV=v1.1.0	NT=single-cell;VV=v1.0.0	NT=clinical-metadata;VV=v1.0.0	manual curation	NHC	untreated
NHC_H3_Slot1-11	NT=Homo sapiens;AC=NCBITaxon:9606	NT=bile duct;AC=UBERON:0002394	NT=cholangiocyte;AC=CL:1000488	NT=normal;AC=PATO:0000461	NHC	not available	not available	not available	not available	not available	NT=Roswell Park Memorial Institute 1640 Medium;AC=NCIT:C178973	cell	NT=single cell;AC=PRIDE:0000897	not pooled	untreated	not applicable	not applicable	not applicable	cellenONE	H3_Slot1-11	1	38	run 213	proteomic profiling by mass spectrometry	NT=timsTOF SCP;AC=MS:1003231	NT=label free sample;AC=MS:1002038	NT=Oxidation;AC=UNIMOD:35;TA=M;MT=Variable	NT=Acetyl;AC=UNIMOD:1;PP=Protein N-term;MT=Variable	NT=Acetyl;AC=UNIMOD:1;TA=K;MT=Variable	NT=Phospho;AC=UNIMOD:21;TA=S,T,Y;MT=Variable	NT=Methyl;AC=UNIMOD:34;TA=K;MT=Variable	NT=Dimethyl;AC=UNIMOD:36;TA=K;MT=Variable	NT=Trimethyl;AC=UNIMOD:37;TA=K;MT=Variable	NT=Formyl;AC=UNIMOD:122;TA=K;MT=Variable	NT=Trypsin;AC=MS:1001251	NT=Data-independent acquisition;AC=PRIDE:0000450	NT=beam-type collision-induced dissociation;AC=MS:1000422	not available	not available	not applicable	not applicable	1	1	NHC_H3_DIA_IO_L15_Slot1-11_1_4444.d	v1.1.0	NT=ms-proteomics;VV=v1.1.0	NT=human;VV=v1.1.0	NT=cell-lines;VV=v1.1.0	NT=single-cell;VV=v1.0.0	NT=clinical-metadata;VV=v1.0.0	manual curation	NHC	untreated
NHC_H4_Slot1-12	NT=Homo sapiens;AC=NCBITaxon:9606	NT=bile duct;AC=UBERON:0002394	NT=cholangiocyte;AC=CL:1000488	NT=normal;AC=PATO:0000461	NHC	not available	not available	not available	not available	not available	NT=Roswell Park Memorial Institute 1640 Medium;AC=NCIT:C178973	cell	NT=single cell;AC=PRIDE:0000897	not pooled	untreated	not applicable	not applicable	not applicable	cellenONE	H4_Slot1-12	1	39	run 214	proteomic profiling by mass spectrometry	NT=timsTOF SCP;AC=MS:1003231	NT=label free sample;AC=MS:1002038	NT=Oxidation;AC=UNIMOD:35;TA=M;MT=Variable	NT=Acetyl;AC=UNIMOD:1;PP=Protein N-term;MT=Variable	NT=Acetyl;AC=UNIMOD:1;TA=K;MT=Variable	NT=Phospho;AC=UNIMOD:21;TA=S,T,Y;MT=Variable	NT=Methyl;AC=UNIMOD:34;TA=K;MT=Variable	NT=Dimethyl;AC=UNIMOD:36;TA=K;MT=Variable	NT=Trimethyl;AC=UNIMOD:37;TA=K;MT=Variable	NT=Formyl;AC=UNIMOD:122;TA=K;MT=Variable	NT=Trypsin;AC=MS:1001251	NT=Data-independent acquisition;AC=PRIDE:0000450	NT=beam-type collision-induced dissociation;AC=MS:1000422	not available	not available	not applicable	not applicable	1	1	NHC_H4_DIA_IO_L15_Slot1-12_1_4445.d	v1.1.0	NT=ms-proteomics;VV=v1.1.0	NT=human;VV=v1.1.0	NT=cell-lines;VV=v1.1.0	NT=single-cell;VV=v1.0.0	NT=clinical-metadata;VV=v1.0.0	manual curation	NHC	untreated
NHC_H5_Slot1-13	NT=Homo sapiens;AC=NCBITaxon:9606	NT=bile duct;AC=UBERON:0002394	NT=cholangiocyte;AC=CL:1000488	NT=normal;AC=PATO:0000461	NHC	not available	not available	not available	not available	not available	NT=Roswell Park Memorial Institute 1640 Medium;AC=NCIT:C178973	cell	NT=single cell;AC=PRIDE:0000897	not pooled	untreated	not applicable	not applicable	not applicable	cellenONE	H5_Slot1-13	1	40	run 215	proteomic profiling by mass spectrometry	NT=timsTOF SCP;AC=MS:1003231	NT=label free sample;AC=MS:1002038	NT=Oxidation;AC=UNIMOD:35;TA=M;MT=Variable	NT=Acetyl;AC=UNIMOD:1;PP=Protein N-term;MT=Variable	NT=Acetyl;AC=UNIMOD:1;TA=K;MT=Variable	NT=Phospho;AC=UNIMOD:21;TA=S,T,Y;MT=Variable	NT=Methyl;AC=UNIMOD:34;TA=K;MT=Variable	NT=Dimethyl;AC=UNIMOD:36;TA=K;MT=Variable	NT=Trimethyl;AC=UNIMOD:37;TA=K;MT=Variable	NT=Formyl;AC=UNIMOD:122;TA=K;MT=Variable	NT=Trypsin;AC=MS:1001251	NT=Data-independent acquisition;AC=PRIDE:0000450	NT=beam-type collision-induced dissociation;AC=MS:1000422	not available	not available	not applicable	not applicable	1	1	NHC_H5_DIA_IO_L15_Slot1-13_1_4446.d	v1.1.0	NT=ms-proteomics;VV=v1.1.0	NT=human;VV=v1.1.0	NT=cell-lines;VV=v1.1.0	NT=single-cell;VV=v1.0.0	NT=clinical-metadata;VV=v1.0.0	manual curation	NHC	untreated
NHC_H6_Slot1-14	NT=Homo sapiens;AC=NCBITaxon:9606	NT=bile duct;AC=UBERON:0002394	NT=cholangiocyte;AC=CL:1000488	NT=normal;AC=PATO:0000461	NHC	not available	not available	not available	not available	not available	NT=Roswell Park Memorial Institute 1640 Medium;AC=NCIT:C178973	cell	NT=single cell;AC=PRIDE:0000897	not pooled	untreated	not applicable	not applicable	not applicable	cellenONE	H6_Slot1-14	1	41	run 216	proteomic profiling by mass spectrometry	NT=timsTOF SCP;AC=MS:1003231	NT=label free sample;AC=MS:1002038	NT=Oxidation;AC=UNIMOD:35;TA=M;MT=Variable	NT=Acetyl;AC=UNIMOD:1;PP=Protein N-term;MT=Variable	NT=Acetyl;AC=UNIMOD:1;TA=K;MT=Variable	NT=Phospho;AC=UNIMOD:21;TA=S,T,Y;MT=Variable	NT=Methyl;AC=UNIMOD:34;TA=K;MT=Variable	NT=Dimethyl;AC=UNIMOD:36;TA=K;MT=Variable	NT=Trimethyl;AC=UNIMOD:37;TA=K;MT=Variable	NT=Formyl;AC=UNIMOD:122;TA=K;MT=Variable	NT=Trypsin;AC=MS:1001251	NT=Data-independent acquisition;AC=PRIDE:0000450	NT=beam-type collision-induced dissociation;AC=MS:1000422	not available	not available	not applicable	not applicable	1	1	NHC_H6_DIA_IO_L15_Slot1-14_1_4447.d	v1.1.0	NT=ms-proteomics;VV=v1.1.0	NT=human;VV=v1.1.0	NT=cell-lines;VV=v1.1.0	NT=single-cell;VV=v1.0.0	NT=clinical-metadata;VV=v1.0.0	manual curation	NHC	untreated
NHC_H7_Slot1-15	NT=Homo sapiens;AC=NCBITaxon:9606	NT=bile duct;AC=UBERON:0002394	NT=cholangiocyte;AC=CL:1000488	NT=normal;AC=PATO:0000461	NHC	not available	not available	not available	not available	not available	NT=Roswell Park Memorial Institute 1640 Medium;AC=NCIT:C178973	cell	NT=single cell;AC=PRIDE:0000897	not pooled	untreated	not applicable	not applicable	not applicable	cellenONE	H7_Slot1-15	1	42	run 217	proteomic profiling by mass spectrometry	NT=timsTOF SCP;AC=MS:1003231	NT=label free sample;AC=MS:1002038	NT=Oxidation;AC=UNIMOD:35;TA=M;MT=Variable	NT=Acetyl;AC=UNIMOD:1;PP=Protein N-term;MT=Variable	NT=Acetyl;AC=UNIMOD:1;TA=K;MT=Variable	NT=Phospho;AC=UNIMOD:21;TA=S,T,Y;MT=Variable	NT=Methyl;AC=UNIMOD:34;TA=K;MT=Variable	NT=Dimethyl;AC=UNIMOD:36;TA=K;MT=Variable	NT=Trimethyl;AC=UNIMOD:37;TA=K;MT=Variable	NT=Formyl;AC=UNIMOD:122;TA=K;MT=Variable	NT=Trypsin;AC=MS:1001251	NT=Data-independent acquisition;AC=PRIDE:0000450	NT=beam-type collision-induced dissociation;AC=MS:1000422	not available	not available	not applicable	not applicable	1	1	NHC_H7_DIA_IO_L15_Slot1-15_1_4448.d	v1.1.0	NT=ms-proteomics;VV=v1.1.0	NT=human;VV=v1.1.0	NT=cell-lines;VV=v1.1.0	NT=single-cell;VV=v1.0.0	NT=clinical-metadata;VV=v1.0.0	manual curation	NHC	untreated
NHC_H8_Slot1-16	NT=Homo sapiens;AC=NCBITaxon:9606	NT=bile duct;AC=UBERON:0002394	NT=cholangiocyte;AC=CL:1000488	NT=normal;AC=PATO:0000461	NHC	not available	not available	not available	not available	not available	NT=Roswell Park Memorial Institute 1640 Medium;AC=NCIT:C178973	cell	NT=single cell;AC=PRIDE:0000897	not pooled	untreated	not applicable	not applicable	not applicable	cellenONE	H8_Slot1-16	1	43	run 218	proteomic profiling by mass spectrometry	NT=timsTOF SCP;AC=MS:1003231	NT=label free sample;AC=MS:1002038	NT=Oxidation;AC=UNIMOD:35;TA=M;MT=Variable	NT=Acetyl;AC=UNIMOD:1;PP=Protein N-term;MT=Variable	NT=Acetyl;AC=UNIMOD:1;TA=K;MT=Variable	NT=Phospho;AC=UNIMOD:21;TA=S,T,Y;MT=Variable	NT=Methyl;AC=UNIMOD:34;TA=K;MT=Variable	NT=Dimethyl;AC=UNIMOD:36;TA=K;MT=Variable	NT=Trimethyl;AC=UNIMOD:37;TA=K;MT=Variable	NT=Formyl;AC=UNIMOD:122;TA=K;MT=Variable	NT=Trypsin;AC=MS:1001251	NT=Data-independent acquisition;AC=PRIDE:0000450	NT=beam-type collision-induced dissociation;AC=MS:1000422	not available	not available	not applicable	not applicable	1	1	NHC_H8_DIA_IO_L15_Slot1-16_1_4449.d	v1.1.0	NT=ms-proteomics;VV=v1.1.0	NT=human;VV=v1.1.0	NT=cell-lines;VV=v1.1.0	NT=single-cell;VV=v1.0.0	NT=clinical-metadata;VV=v1.0.0	manual curation	NHC	untreated
NHC_H9_Slot1-17	NT=Homo sapiens;AC=NCBITaxon:9606	NT=bile duct;AC=UBERON:0002394	NT=cholangiocyte;AC=CL:1000488	NT=normal;AC=PATO:0000461	NHC	not available	not available	not available	not available	not available	NT=Roswell Park Memorial Institute 1640 Medium;AC=NCIT:C178973	cell	NT=single cell;AC=PRIDE:0000897	not pooled	untreated	not applicable	not applicable	not applicable	cellenONE	H9_Slot1-17	1	44	run 219	proteomic profiling by mass spectrometry	NT=timsTOF SCP;AC=MS:1003231	NT=label free sample;AC=MS:1002038	NT=Oxidation;AC=UNIMOD:35;TA=M;MT=Variable	NT=Acetyl;AC=UNIMOD:1;PP=Protein N-term;MT=Variable	NT=Acetyl;AC=UNIMOD:1;TA=K;MT=Variable	NT=Phospho;AC=UNIMOD:21;TA=S,T,Y;MT=Variable	NT=Methyl;AC=UNIMOD:34;TA=K;MT=Variable	NT=Dimethyl;AC=UNIMOD:36;TA=K;MT=Variable	NT=Trimethyl;AC=UNIMOD:37;TA=K;MT=Variable	NT=Formyl;AC=UNIMOD:122;TA=K;MT=Variable	NT=Trypsin;AC=MS:1001251	NT=Data-independent acquisition;AC=PRIDE:0000450	NT=beam-type collision-induced dissociation;AC=MS:1000422	not available	not available	not applicable	not applicable	1	1	NHC_H9_DIA_IO_L15_Slot1-17_1_4450.d	v1.1.0	NT=ms-proteomics;VV=v1.1.0	NT=human;VV=v1.1.0	NT=cell-lines;VV=v1.1.0	NT=single-cell;VV=v1.0.0	NT=clinical-metadata;VV=v1.0.0	manual curation	NHC	untreated
NHC_I2_Slot1-21	NT=Homo sapiens;AC=NCBITaxon:9606	NT=bile duct;AC=UBERON:0002394	NT=cholangiocyte;AC=CL:1000488	NT=normal;AC=PATO:0000461	NHC	not available	not available	not available	not available	not available	NT=Roswell Park Memorial Institute 1640 Medium;AC=NCIT:C178973	cell	NT=single cell;AC=PRIDE:0000897	not pooled	untreated	not applicable	not applicable	not applicable	cellenONE	I2_Slot1-21	1	45	run 220	proteomic profiling by mass spectrometry	NT=timsTOF SCP;AC=MS:1003231	NT=label free sample;AC=MS:1002038	NT=Oxidation;AC=UNIMOD:35;TA=M;MT=Variable	NT=Acetyl;AC=UNIMOD:1;PP=Protein N-term;MT=Variable	NT=Acetyl;AC=UNIMOD:1;TA=K;MT=Variable	NT=Phospho;AC=UNIMOD:21;TA=S,T,Y;MT=Variable	NT=Methyl;AC=UNIMOD:34;TA=K;MT=Variable	NT=Dimethyl;AC=UNIMOD:36;TA=K;MT=Variable	NT=Trimethyl;AC=UNIMOD:37;TA=K;MT=Variable	NT=Formyl;AC=UNIMOD:122;TA=K;MT=Variable	NT=Trypsin;AC=MS:1001251	NT=Data-independent acquisition;AC=PRIDE:0000450	NT=beam-type collision-induced dissociation;AC=MS:1000422	not available	not available	not applicable	not applicable	1	1	NHC_I2_DIA_IO_L15_Slot1-21_1_4454.d	v1.1.0	NT=ms-proteomics;VV=v1.1.0	NT=human;VV=v1.1.0	NT=cell-lines;VV=v1.1.0	NT=single-cell;VV=v1.0.0	NT=clinical-metadata;VV=v1.0.0	manual curation	NHC	untreated
NHC_L2_Slot2-2	NT=Homo sapiens;AC=NCBITaxon:9606	NT=bile duct;AC=UBERON:0002394	NT=cholangiocyte;AC=CL:1000488	NT=normal;AC=PATO:0000461	NHC	not available	not available	not available	not available	not available	NT=Roswell Park Memorial Institute 1640 Medium;AC=NCIT:C178973	cell	NT=single cell;AC=PRIDE:0000897	not pooled	untreated	not applicable	not applicable	not applicable	cellenONE	L2_Slot2-2	1	46	run 221	proteomic profiling by mass spectrometry	NT=timsTOF SCP;AC=MS:1003231	NT=label free sample;AC=MS:1002038	NT=Oxidation;AC=UNIMOD:35;TA=M;MT=Variable	NT=Acetyl;AC=UNIMOD:1;PP=Protein N-term;MT=Variable	NT=Acetyl;AC=UNIMOD:1;TA=K;MT=Variable	NT=Phospho;AC=UNIMOD:21;TA=S,T,Y;MT=Variable	NT=Methyl;AC=UNIMOD:34;TA=K;MT=Variable	NT=Dimethyl;AC=UNIMOD:36;TA=K;MT=Variable	NT=Trimethyl;AC=UNIMOD:37;TA=K;MT=Variable	NT=Formyl;AC=UNIMOD:122;TA=K;MT=Variable	NT=Trypsin;AC=MS:1001251	NT=Data-independent acquisition;AC=PRIDE:0000450	NT=beam-type collision-induced dissociation;AC=MS:1000422	not available	not available	not applicable	not applicable	1	1	NHC_L2_DIA_IO_L15_Slot2-2_1_4621.d	v1.1.0	NT=ms-proteomics;VV=v1.1.0	NT=human;VV=v1.1.0	NT=cell-lines;VV=v1.1.0	NT=single-cell;VV=v1.0.0	NT=clinical-metadata;VV=v1.0.0	manual curation	NHC	untreated
NHC_L3_Slot2-3	NT=Homo sapiens;AC=NCBITaxon:9606	NT=bile duct;AC=UBERON:0002394	NT=cholangiocyte;AC=CL:1000488	NT=normal;AC=PATO:0000461	NHC	not available	not available	not available	not available	not available	NT=Roswell Park Memorial Institute 1640 Medium;AC=NCIT:C178973	cell	NT=single cell;AC=PRIDE:0000897	not pooled	untreated	not applicable	not applicable	not applicable	cellenONE	L3_Slot2-3	1	47	run 222	proteomic profiling by mass spectrometry	NT=timsTOF SCP;AC=MS:1003231	NT=label free sample;AC=MS:1002038	NT=Oxidation;AC=UNIMOD:35;TA=M;MT=Variable	NT=Acetyl;AC=UNIMOD:1;PP=Protein N-term;MT=Variable	NT=Acetyl;AC=UNIMOD:1;TA=K;MT=Variable	NT=Phospho;AC=UNIMOD:21;TA=S,T,Y;MT=Variable	NT=Methyl;AC=UNIMOD:34;TA=K;MT=Variable	NT=Dimethyl;AC=UNIMOD:36;TA=K;MT=Variable	NT=Trimethyl;AC=UNIMOD:37;TA=K;MT=Variable	NT=Formyl;AC=UNIMOD:122;TA=K;MT=Variable	NT=Trypsin;AC=MS:1001251	NT=Data-independent acquisition;AC=PRIDE:0000450	NT=beam-type collision-induced dissociation;AC=MS:1000422	not available	not available	not applicable	not applicable	1	1	NHC_L3_DIA_IO_L15_Slot2-3_1_4622.d	v1.1.0	NT=ms-proteomics;VV=v1.1.0	NT=human;VV=v1.1.0	NT=cell-lines;VV=v1.1.0	NT=single-cell;VV=v1.0.0	NT=clinical-metadata;VV=v1.0.0	manual curation	NHC	untreated
NHC_L4_Slot2-4	NT=Homo sapiens;AC=NCBITaxon:9606	NT=bile duct;AC=UBERON:0002394	NT=cholangiocyte;AC=CL:1000488	NT=normal;AC=PATO:0000461	NHC	not available	not available	not available	not available	not available	NT=Roswell Park Memorial Institute 1640 Medium;AC=NCIT:C178973	cell	NT=single cell;AC=PRIDE:0000897	not pooled	untreated	not applicable	not applicable	not applicable	cellenONE	L4_Slot2-4	1	48	run 223	proteomic profiling by mass spectrometry	NT=timsTOF SCP;AC=MS:1003231	NT=label free sample;AC=MS:1002038	NT=Oxidation;AC=UNIMOD:35;TA=M;MT=Variable	NT=Acetyl;AC=UNIMOD:1;PP=Protein N-term;MT=Variable	NT=Acetyl;AC=UNIMOD:1;TA=K;MT=Variable	NT=Phospho;AC=UNIMOD:21;TA=S,T,Y;MT=Variable	NT=Methyl;AC=UNIMOD:34;TA=K;MT=Variable	NT=Dimethyl;AC=UNIMOD:36;TA=K;MT=Variable	NT=Trimethyl;AC=UNIMOD:37;TA=K;MT=Variable	NT=Formyl;AC=UNIMOD:122;TA=K;MT=Variable	NT=Trypsin;AC=MS:1001251	NT=Data-independent acquisition;AC=PRIDE:0000450	NT=beam-type collision-induced dissociation;AC=MS:1000422	not available	not available	not applicable	not applicable	1	1	NHC_L4_DIA_IO_L15_Slot2-4_1_4623.d	v1.1.0	NT=ms-proteomics;VV=v1.1.0	NT=human;VV=v1.1.0	NT=cell-lines;VV=v1.1.0	NT=single-cell;VV=v1.0.0	NT=clinical-metadata;VV=v1.0.0	manual curation	NHC	untreated
NHC_L5_Slot2-5	NT=Homo sapiens;AC=NCBITaxon:9606	NT=bile duct;AC=UBERON:0002394	NT=cholangiocyte;AC=CL:1000488	NT=normal;AC=PATO:0000461	NHC	not available	not available	not available	not available	not available	NT=Roswell Park Memorial Institute 1640 Medium;AC=NCIT:C178973	cell	NT=single cell;AC=PRIDE:0000897	not pooled	untreated	not applicable	not applicable	not applicable	cellenONE	L5_Slot2-5	1	49	run 224	proteomic profiling by mass spectrometry	NT=timsTOF SCP;AC=MS:1003231	NT=label free sample;AC=MS:1002038	NT=Oxidation;AC=UNIMOD:35;TA=M;MT=Variable	NT=Acetyl;AC=UNIMOD:1;PP=Protein N-term;MT=Variable	NT=Acetyl;AC=UNIMOD:1;TA=K;MT=Variable	NT=Phospho;AC=UNIMOD:21;TA=S,T,Y;MT=Variable	NT=Methyl;AC=UNIMOD:34;TA=K;MT=Variable	NT=Dimethyl;AC=UNIMOD:36;TA=K;MT=Variable	NT=Trimethyl;AC=UNIMOD:37;TA=K;MT=Variable	NT=Formyl;AC=UNIMOD:122;TA=K;MT=Variable	NT=Trypsin;AC=MS:1001251	NT=Data-independent acquisition;AC=PRIDE:0000450	NT=beam-type collision-induced dissociation;AC=MS:1000422	not available	not available	not applicable	not applicable	1	1	NHC_L5_DIA_IO_L15_Slot2-5_1_4624.d	v1.1.0	NT=ms-proteomics;VV=v1.1.0	NT=human;VV=v1.1.0	NT=cell-lines;VV=v1.1.0	NT=single-cell;VV=v1.0.0	NT=clinical-metadata;VV=v1.0.0	manual curation	NHC	untreated
NHC_L6_Slot2-6	NT=Homo sapiens;AC=NCBITaxon:9606	NT=bile duct;AC=UBERON:0002394	NT=cholangiocyte;AC=CL:1000488	NT=normal;AC=PATO:0000461	NHC	not available	not available	not available	not available	not available	NT=Roswell Park Memorial Institute 1640 Medium;AC=NCIT:C178973	cell	NT=single cell;AC=PRIDE:0000897	not pooled	untreated	not applicable	not applicable	not applicable	cellenONE	L6_Slot2-6	1	50	run 225	proteomic profiling by mass spectrometry	NT=timsTOF SCP;AC=MS:1003231	NT=label free sample;AC=MS:1002038	NT=Oxidation;AC=UNIMOD:35;TA=M;MT=Variable	NT=Acetyl;AC=UNIMOD:1;PP=Protein N-term;MT=Variable	NT=Acetyl;AC=UNIMOD:1;TA=K;MT=Variable	NT=Phospho;AC=UNIMOD:21;TA=S,T,Y;MT=Variable	NT=Methyl;AC=UNIMOD:34;TA=K;MT=Variable	NT=Dimethyl;AC=UNIMOD:36;TA=K;MT=Variable	NT=Trimethyl;AC=UNIMOD:37;TA=K;MT=Variable	NT=Formyl;AC=UNIMOD:122;TA=K;MT=Variable	NT=Trypsin;AC=MS:1001251	NT=Data-independent acquisition;AC=PRIDE:0000450	NT=beam-type collision-induced dissociation;AC=MS:1000422	not available	not available	not applicable	not applicable	1	1	NHC_L6_DIA_IO_L15_Slot2-6_1_4625.d	v1.1.0	NT=ms-proteomics;VV=v1.1.0	NT=human;VV=v1.1.0	NT=cell-lines;VV=v1.1.0	NT=single-cell;VV=v1.0.0	NT=clinical-metadata;VV=v1.0.0	manual curation	NHC	untreated
NHC_20cells_pool_R1	NT=Homo sapiens;AC=NCBITaxon:9606	NT=bile duct;AC=UBERON:0002394	NT=cholangiocyte;AC=CL:1000488	NT=normal;AC=PATO:0000461	NHC	not available	not available	not available	not available	not available	NT=Roswell Park Memorial Institute 1640 Medium;AC=NCIT:C178973	cell	NT=pooled;AC=PRIDE:0000902	pooled	untreated	not applicable	not applicable	not applicable	not applicable	not applicable	20	1	run 226	proteomic profiling by mass spectrometry	NT=timsTOF SCP;AC=MS:1003231	NT=label free sample;AC=MS:1002038	NT=Oxidation;AC=UNIMOD:35;TA=M;MT=Variable	NT=Acetyl;AC=UNIMOD:1;PP=Protein N-term;MT=Variable	NT=Acetyl;AC=UNIMOD:1;TA=K;MT=Variable	NT=Phospho;AC=UNIMOD:21;TA=S,T,Y;MT=Variable	NT=Methyl;AC=UNIMOD:34;TA=K;MT=Variable	NT=Dimethyl;AC=UNIMOD:36;TA=K;MT=Variable	NT=Trimethyl;AC=UNIMOD:37;TA=K;MT=Variable	NT=Formyl;AC=UNIMOD:122;TA=K;MT=Variable	NT=Trypsin;AC=MS:1001251	NT=Data-dependent acquisition;AC=PRIDE:0000627	NT=beam-type collision-induced dissociation;AC=MS:1000422	20 ppm	20 ppm	not applicable	not applicable	1	1	NHC_C20_DDA_IO_L15_R1_Slot1-4_1_4339.d	v1.1.0	NT=ms-proteomics;VV=v1.1.0	NT=human;VV=v1.1.0	NT=cell-lines;VV=v1.1.0	NT=single-cell;VV=v1.0.0	NT=clinical-metadata;VV=v1.0.0	manual curation	NHC	untreated
NHC_20cells_pool_R2	NT=Homo sapiens;AC=NCBITaxon:9606	NT=bile duct;AC=UBERON:0002394	NT=cholangiocyte;AC=CL:1000488	NT=normal;AC=PATO:0000461	NHC	not available	not available	not available	not available	not available	NT=Roswell Park Memorial Institute 1640 Medium;AC=NCIT:C178973	cell	NT=pooled;AC=PRIDE:0000902	pooled	untreated	not applicable	not applicable	not applicable	not applicable	not applicable	20	2	run 227	proteomic profiling by mass spectrometry	NT=timsTOF SCP;AC=MS:1003231	NT=label free sample;AC=MS:1002038	NT=Oxidation;AC=UNIMOD:35;TA=M;MT=Variable	NT=Acetyl;AC=UNIMOD:1;PP=Protein N-term;MT=Variable	NT=Acetyl;AC=UNIMOD:1;TA=K;MT=Variable	NT=Phospho;AC=UNIMOD:21;TA=S,T,Y;MT=Variable	NT=Methyl;AC=UNIMOD:34;TA=K;MT=Variable	NT=Dimethyl;AC=UNIMOD:36;TA=K;MT=Variable	NT=Trimethyl;AC=UNIMOD:37;TA=K;MT=Variable	NT=Formyl;AC=UNIMOD:122;TA=K;MT=Variable	NT=Trypsin;AC=MS:1001251	NT=Data-dependent acquisition;AC=PRIDE:0000627	NT=beam-type collision-induced dissociation;AC=MS:1000422	20 ppm	20 ppm	not applicable	not applicable	1	1	NHC_C20_DDA_IO_L15_R2_Slot1-5_1_4340.d	v1.1.0	NT=ms-proteomics;VV=v1.1.0	NT=human;VV=v1.1.0	NT=cell-lines;VV=v1.1.0	NT=single-cell;VV=v1.0.0	NT=clinical-metadata;VV=v1.0.0	manual curation	NHC	untreated
NHC_20cells_pool_R3	NT=Homo sapiens;AC=NCBITaxon:9606	NT=bile duct;AC=UBERON:0002394	NT=cholangiocyte;AC=CL:1000488	NT=normal;AC=PATO:0000461	NHC	not available	not available	not available	not available	not available	NT=Roswell Park Memorial Institute 1640 Medium;AC=NCIT:C178973	cell	NT=pooled;AC=PRIDE:0000902	pooled	untreated	not applicable	not applicable	not applicable	not applicable	not applicable	20	3	run 228	proteomic profiling by mass spectrometry	NT=timsTOF SCP;AC=MS:1003231	NT=label free sample;AC=MS:1002038	NT=Oxidation;AC=UNIMOD:35;TA=M;MT=Variable	NT=Acetyl;AC=UNIMOD:1;PP=Protein N-term;MT=Variable	NT=Acetyl;AC=UNIMOD:1;TA=K;MT=Variable	NT=Phospho;AC=UNIMOD:21;TA=S,T,Y;MT=Variable	NT=Methyl;AC=UNIMOD:34;TA=K;MT=Variable	NT=Dimethyl;AC=UNIMOD:36;TA=K;MT=Variable	NT=Trimethyl;AC=UNIMOD:37;TA=K;MT=Variable	NT=Formyl;AC=UNIMOD:122;TA=K;MT=Variable	NT=Trypsin;AC=MS:1001251	NT=Data-dependent acquisition;AC=PRIDE:0000627	NT=beam-type collision-induced dissociation;AC=MS:1000422	20 ppm	20 ppm	not applicable	not applicable	1	1	NHC_C20_DDA_IO_L15_R3_Slot1-6_1_4341.d	v1.1.0	NT=ms-proteomics;VV=v1.1.0	NT=human;VV=v1.1.0	NT=cell-lines;VV=v1.1.0	NT=single-cell;VV=v1.0.0	NT=clinical-metadata;VV=v1.0.0	manual curation	NHC	untreated
PEO1_EPZ_B18_Slot2-22	NT=Homo sapiens;AC=NCBITaxon:9606	NT=ascitic fluid;AC=UBERON:0007795	NT=epithelial cell;AC=CL:0000066	NT=ovarian cystadenocarcinoma;AC=MONDO:0002702	NT=PEO1;AC=EFO:0005445	CVCL_2686	PEO1	not available	female	NT=European ancestry;AC=HANCESTRO:0005	NT=Roswell Park Memorial Institute 1640 Medium;AC=NCIT:C178973	not applicable	not applicable	not pooled	tazemetostat	NT=Tazemetostat;AC=NCIT:C107506	30 uM	72 hour	cellenONE	B18_Slot2-22	1	1	run 229	proteomic profiling by mass spectrometry	NT=timsTOF SCP;AC=MS:1003231	NT=label free sample;AC=MS:1002038	NT=Oxidation;AC=UNIMOD:35;TA=M;MT=Variable	NT=Acetyl;AC=UNIMOD:1;PP=Protein N-term;MT=Variable	NT=Acetyl;AC=UNIMOD:1;TA=K;MT=Variable	NT=Phospho;AC=UNIMOD:21;TA=S,T,Y;MT=Variable	NT=Methyl;AC=UNIMOD:34;TA=K;MT=Variable	NT=Dimethyl;AC=UNIMOD:36;TA=K;MT=Variable	NT=Trimethyl;AC=UNIMOD:37;TA=K;MT=Variable	NT=Formyl;AC=UNIMOD:122;TA=K;MT=Variable	NT=Trypsin;AC=MS:1001251	NT=Data-independent acquisition;AC=PRIDE:0000450	NT=beam-type collision-induced dissociation;AC=MS:1000422	not available	not available	not applicable	not applicable	1	1	PEO1_EPZ_B18_DIA_ne2_IO_L15_052823_Slot2-22_1_1889.d	v1.1.0	NT=ms-proteomics;VV=v1.1.0	NT=human;VV=v1.1.0	NT=cell-lines;VV=v1.1.0	NT=single-cell;VV=v1.0.0	NT=clinical-metadata;VV=v1.0.0	manual curation	NT=PEO1;AC=EFO:0005445	tazemetostat
PEO1_EPZ_B19_Slot2-23	NT=Homo sapiens;AC=NCBITaxon:9606	NT=ascitic fluid;AC=UBERON:0007795	NT=epithelial cell;AC=CL:0000066	NT=ovarian cystadenocarcinoma;AC=MONDO:0002702	NT=PEO1;AC=EFO:0005445	CVCL_2686	PEO1	not available	female	NT=European ancestry;AC=HANCESTRO:0005	NT=Roswell Park Memorial Institute 1640 Medium;AC=NCIT:C178973	not applicable	not applicable	not pooled	tazemetostat	NT=Tazemetostat;AC=NCIT:C107506	30 uM	72 hour	cellenONE	B19_Slot2-23	1	2	run 230	proteomic profiling by mass spectrometry	NT=timsTOF SCP;AC=MS:1003231	NT=label free sample;AC=MS:1002038	NT=Oxidation;AC=UNIMOD:35;TA=M;MT=Variable	NT=Acetyl;AC=UNIMOD:1;PP=Protein N-term;MT=Variable	NT=Acetyl;AC=UNIMOD:1;TA=K;MT=Variable	NT=Phospho;AC=UNIMOD:21;TA=S,T,Y;MT=Variable	NT=Methyl;AC=UNIMOD:34;TA=K;MT=Variable	NT=Dimethyl;AC=UNIMOD:36;TA=K;MT=Variable	NT=Trimethyl;AC=UNIMOD:37;TA=K;MT=Variable	NT=Formyl;AC=UNIMOD:122;TA=K;MT=Variable	NT=Trypsin;AC=MS:1001251	NT=Data-independent acquisition;AC=PRIDE:0000450	NT=beam-type collision-induced dissociation;AC=MS:1000422	not available	not available	not applicable	not applicable	1	1	PEO1_EPZ_B19_DIA_ne2_IO_L15_052823_Slot2-23_1_1894.d	v1.1.0	NT=ms-proteomics;VV=v1.1.0	NT=human;VV=v1.1.0	NT=cell-lines;VV=v1.1.0	NT=single-cell;VV=v1.0.0	NT=clinical-metadata;VV=v1.0.0	manual curation	NT=PEO1;AC=EFO:0005445	tazemetostat
PEO1_EPZ_B20_Slot2-24	NT=Homo sapiens;AC=NCBITaxon:9606	NT=ascitic fluid;AC=UBERON:0007795	NT=epithelial cell;AC=CL:0000066	NT=ovarian cystadenocarcinoma;AC=MONDO:0002702	NT=PEO1;AC=EFO:0005445	CVCL_2686	PEO1	not available	female	NT=European ancestry;AC=HANCESTRO:0005	NT=Roswell Park Memorial Institute 1640 Medium;AC=NCIT:C178973	not applicable	not applicable	not pooled	tazemetostat	NT=Tazemetostat;AC=NCIT:C107506	30 uM	72 hour	cellenONE	B20_Slot2-24	1	3	run 231	proteomic profiling by mass spectrometry	NT=timsTOF SCP;AC=MS:1003231	NT=label free sample;AC=MS:1002038	NT=Oxidation;AC=UNIMOD:35;TA=M;MT=Variable	NT=Acetyl;AC=UNIMOD:1;PP=Protein N-term;MT=Variable	NT=Acetyl;AC=UNIMOD:1;TA=K;MT=Variable	NT=Phospho;AC=UNIMOD:21;TA=S,T,Y;MT=Variable	NT=Methyl;AC=UNIMOD:34;TA=K;MT=Variable	NT=Dimethyl;AC=UNIMOD:36;TA=K;MT=Variable	NT=Trimethyl;AC=UNIMOD:37;TA=K;MT=Variable	NT=Formyl;AC=UNIMOD:122;TA=K;MT=Variable	NT=Trypsin;AC=MS:1001251	NT=Data-independent acquisition;AC=PRIDE:0000450	NT=beam-type collision-induced dissociation;AC=MS:1000422	not available	not available	not applicable	not applicable	1	1	PEO1_EPZ_B20_DIA_ne2_IO_L15_052823_Slot2-24_1_1899.d	v1.1.0	NT=ms-proteomics;VV=v1.1.0	NT=human;VV=v1.1.0	NT=cell-lines;VV=v1.1.0	NT=single-cell;VV=v1.0.0	NT=clinical-metadata;VV=v1.0.0	manual curation	NT=PEO1;AC=EFO:0005445	tazemetostat
PEO1_EPZ_C18_Slot2-22	NT=Homo sapiens;AC=NCBITaxon:9606	NT=ascitic fluid;AC=UBERON:0007795	NT=epithelial cell;AC=CL:0000066	NT=ovarian cystadenocarcinoma;AC=MONDO:0002702	NT=PEO1;AC=EFO:0005445	CVCL_2686	PEO1	not available	female	NT=European ancestry;AC=HANCESTRO:0005	NT=Roswell Park Memorial Institute 1640 Medium;AC=NCIT:C178973	not applicable	not applicable	not pooled	tazemetostat	NT=Tazemetostat;AC=NCIT:C107506	30 uM	72 hour	cellenONE	C18_Slot2-22	1	4	run 232	proteomic profiling by mass spectrometry	NT=timsTOF SCP;AC=MS:1003231	NT=label free sample;AC=MS:1002038	NT=Oxidation;AC=UNIMOD:35;TA=M;MT=Variable	NT=Acetyl;AC=UNIMOD:1;PP=Protein N-term;MT=Variable	NT=Acetyl;AC=UNIMOD:1;TA=K;MT=Variable	NT=Phospho;AC=UNIMOD:21;TA=S,T,Y;MT=Variable	NT=Methyl;AC=UNIMOD:34;TA=K;MT=Variable	NT=Dimethyl;AC=UNIMOD:36;TA=K;MT=Variable	NT=Trimethyl;AC=UNIMOD:37;TA=K;MT=Variable	NT=Formyl;AC=UNIMOD:122;TA=K;MT=Variable	NT=Trypsin;AC=MS:1001251	NT=Data-independent acquisition;AC=PRIDE:0000450	NT=beam-type collision-induced dissociation;AC=MS:1000422	not available	not available	not applicable	not applicable	1	1	PEO1_EPZ_C18_DIA_ne2_IO_L15_052823_Slot2-22_1_1920.d	v1.1.0	NT=ms-proteomics;VV=v1.1.0	NT=human;VV=v1.1.0	NT=cell-lines;VV=v1.1.0	NT=single-cell;VV=v1.0.0	NT=clinical-metadata;VV=v1.0.0	manual curation	NT=PEO1;AC=EFO:0005445	tazemetostat
PEO1_EPZ_C19_Slot2-23	NT=Homo sapiens;AC=NCBITaxon:9606	NT=ascitic fluid;AC=UBERON:0007795	NT=epithelial cell;AC=CL:0000066	NT=ovarian cystadenocarcinoma;AC=MONDO:0002702	NT=PEO1;AC=EFO:0005445	CVCL_2686	PEO1	not available	female	NT=European ancestry;AC=HANCESTRO:0005	NT=Roswell Park Memorial Institute 1640 Medium;AC=NCIT:C178973	not applicable	not applicable	not pooled	tazemetostat	NT=Tazemetostat;AC=NCIT:C107506	30 uM	72 hour	cellenONE	C19_Slot2-23	1	5	run 233	proteomic profiling by mass spectrometry	NT=timsTOF SCP;AC=MS:1003231	NT=label free sample;AC=MS:1002038	NT=Oxidation;AC=UNIMOD:35;TA=M;MT=Variable	NT=Acetyl;AC=UNIMOD:1;PP=Protein N-term;MT=Variable	NT=Acetyl;AC=UNIMOD:1;TA=K;MT=Variable	NT=Phospho;AC=UNIMOD:21;TA=S,T,Y;MT=Variable	NT=Methyl;AC=UNIMOD:34;TA=K;MT=Variable	NT=Dimethyl;AC=UNIMOD:36;TA=K;MT=Variable	NT=Trimethyl;AC=UNIMOD:37;TA=K;MT=Variable	NT=Formyl;AC=UNIMOD:122;TA=K;MT=Variable	NT=Trypsin;AC=MS:1001251	NT=Data-independent acquisition;AC=PRIDE:0000450	NT=beam-type collision-induced dissociation;AC=MS:1000422	not available	not available	not applicable	not applicable	1	1	PEO1_EPZ_C19_DIA_ne2_IO_L15_052823_Slot2-23_1_1921.d	v1.1.0	NT=ms-proteomics;VV=v1.1.0	NT=human;VV=v1.1.0	NT=cell-lines;VV=v1.1.0	NT=single-cell;VV=v1.0.0	NT=clinical-metadata;VV=v1.0.0	manual curation	NT=PEO1;AC=EFO:0005445	tazemetostat
PEO1_EPZ_D18_Slot2-46	NT=Homo sapiens;AC=NCBITaxon:9606	NT=ascitic fluid;AC=UBERON:0007795	NT=epithelial cell;AC=CL:0000066	NT=ovarian cystadenocarcinoma;AC=MONDO:0002702	NT=PEO1;AC=EFO:0005445	CVCL_2686	PEO1	not available	female	NT=European ancestry;AC=HANCESTRO:0005	NT=Roswell Park Memorial Institute 1640 Medium;AC=NCIT:C178973	not applicable	not applicable	not pooled	tazemetostat	NT=Tazemetostat;AC=NCIT:C107506	30 uM	72 hour	cellenONE	D18_Slot2-46	1	6	run 234	proteomic profiling by mass spectrometry	NT=timsTOF SCP;AC=MS:1003231	NT=label free sample;AC=MS:1002038	NT=Oxidation;AC=UNIMOD:35;TA=M;MT=Variable	NT=Acetyl;AC=UNIMOD:1;PP=Protein N-term;MT=Variable	NT=Acetyl;AC=UNIMOD:1;TA=K;MT=Variable	NT=Phospho;AC=UNIMOD:21;TA=S,T,Y;MT=Variable	NT=Methyl;AC=UNIMOD:34;TA=K;MT=Variable	NT=Dimethyl;AC=UNIMOD:36;TA=K;MT=Variable	NT=Trimethyl;AC=UNIMOD:37;TA=K;MT=Variable	NT=Formyl;AC=UNIMOD:122;TA=K;MT=Variable	NT=Trypsin;AC=MS:1001251	NT=Data-independent acquisition;AC=PRIDE:0000450	NT=beam-type collision-induced dissociation;AC=MS:1000422	not available	not available	not applicable	not applicable	1	1	PEO1_EPZ_D18_DIA_ne2_IO_L15_053123_Slot2-46_1_1953.d	v1.1.0	NT=ms-proteomics;VV=v1.1.0	NT=human;VV=v1.1.0	NT=cell-lines;VV=v1.1.0	NT=single-cell;VV=v1.0.0	NT=clinical-metadata;VV=v1.0.0	manual curation	NT=PEO1;AC=EFO:0005445	tazemetostat
PEO1_EPZ_D19_Slot2-47	NT=Homo sapiens;AC=NCBITaxon:9606	NT=ascitic fluid;AC=UBERON:0007795	NT=epithelial cell;AC=CL:0000066	NT=ovarian cystadenocarcinoma;AC=MONDO:0002702	NT=PEO1;AC=EFO:0005445	CVCL_2686	PEO1	not available	female	NT=European ancestry;AC=HANCESTRO:0005	NT=Roswell Park Memorial Institute 1640 Medium;AC=NCIT:C178973	not applicable	not applicable	not pooled	tazemetostat	NT=Tazemetostat;AC=NCIT:C107506	30 uM	72 hour	cellenONE	D19_Slot2-47	1	7	run 235	proteomic profiling by mass spectrometry	NT=timsTOF SCP;AC=MS:1003231	NT=label free sample;AC=MS:1002038	NT=Oxidation;AC=UNIMOD:35;TA=M;MT=Variable	NT=Acetyl;AC=UNIMOD:1;PP=Protein N-term;MT=Variable	NT=Acetyl;AC=UNIMOD:1;TA=K;MT=Variable	NT=Phospho;AC=UNIMOD:21;TA=S,T,Y;MT=Variable	NT=Methyl;AC=UNIMOD:34;TA=K;MT=Variable	NT=Dimethyl;AC=UNIMOD:36;TA=K;MT=Variable	NT=Trimethyl;AC=UNIMOD:37;TA=K;MT=Variable	NT=Formyl;AC=UNIMOD:122;TA=K;MT=Variable	NT=Trypsin;AC=MS:1001251	NT=Data-independent acquisition;AC=PRIDE:0000450	NT=beam-type collision-induced dissociation;AC=MS:1000422	not available	not available	not applicable	not applicable	1	1	PEO1_EPZ_D19_DIA_ne2_IO_L15_053123_Slot2-47_1_1954.d	v1.1.0	NT=ms-proteomics;VV=v1.1.0	NT=human;VV=v1.1.0	NT=cell-lines;VV=v1.1.0	NT=single-cell;VV=v1.0.0	NT=clinical-metadata;VV=v1.0.0	manual curation	NT=PEO1;AC=EFO:0005445	tazemetostat
PEO1_EPZ_D20_Slot2-48	NT=Homo sapiens;AC=NCBITaxon:9606	NT=ascitic fluid;AC=UBERON:0007795	NT=epithelial cell;AC=CL:0000066	NT=ovarian cystadenocarcinoma;AC=MONDO:0002702	NT=PEO1;AC=EFO:0005445	CVCL_2686	PEO1	not available	female	NT=European ancestry;AC=HANCESTRO:0005	NT=Roswell Park Memorial Institute 1640 Medium;AC=NCIT:C178973	not applicable	not applicable	not pooled	tazemetostat	NT=Tazemetostat;AC=NCIT:C107506	30 uM	72 hour	cellenONE	D20_Slot2-48	1	8	run 236	proteomic profiling by mass spectrometry	NT=timsTOF SCP;AC=MS:1003231	NT=label free sample;AC=MS:1002038	NT=Oxidation;AC=UNIMOD:35;TA=M;MT=Variable	NT=Acetyl;AC=UNIMOD:1;PP=Protein N-term;MT=Variable	NT=Acetyl;AC=UNIMOD:1;TA=K;MT=Variable	NT=Phospho;AC=UNIMOD:21;TA=S,T,Y;MT=Variable	NT=Methyl;AC=UNIMOD:34;TA=K;MT=Variable	NT=Dimethyl;AC=UNIMOD:36;TA=K;MT=Variable	NT=Trimethyl;AC=UNIMOD:37;TA=K;MT=Variable	NT=Formyl;AC=UNIMOD:122;TA=K;MT=Variable	NT=Trypsin;AC=MS:1001251	NT=Data-independent acquisition;AC=PRIDE:0000450	NT=beam-type collision-induced dissociation;AC=MS:1000422	not available	not available	not applicable	not applicable	1	1	PEO1_EPZ_D20_DIA_ne2_IO_L15_053123_Slot2-48_1_1955.d	v1.1.0	NT=ms-proteomics;VV=v1.1.0	NT=human;VV=v1.1.0	NT=cell-lines;VV=v1.1.0	NT=single-cell;VV=v1.0.0	NT=clinical-metadata;VV=v1.0.0	manual curation	NT=PEO1;AC=EFO:0005445	tazemetostat
PEO1_EPZ_E18_Slot2-49	NT=Homo sapiens;AC=NCBITaxon:9606	NT=ascitic fluid;AC=UBERON:0007795	NT=epithelial cell;AC=CL:0000066	NT=ovarian cystadenocarcinoma;AC=MONDO:0002702	NT=PEO1;AC=EFO:0005445	CVCL_2686	PEO1	not available	female	NT=European ancestry;AC=HANCESTRO:0005	NT=Roswell Park Memorial Institute 1640 Medium;AC=NCIT:C178973	not applicable	not applicable	not pooled	tazemetostat	NT=Tazemetostat;AC=NCIT:C107506	30 uM	72 hour	cellenONE	E18_Slot2-49	1	9	run 237	proteomic profiling by mass spectrometry	NT=timsTOF SCP;AC=MS:1003231	NT=label free sample;AC=MS:1002038	NT=Oxidation;AC=UNIMOD:35;TA=M;MT=Variable	NT=Acetyl;AC=UNIMOD:1;PP=Protein N-term;MT=Variable	NT=Acetyl;AC=UNIMOD:1;TA=K;MT=Variable	NT=Phospho;AC=UNIMOD:21;TA=S,T,Y;MT=Variable	NT=Methyl;AC=UNIMOD:34;TA=K;MT=Variable	NT=Dimethyl;AC=UNIMOD:36;TA=K;MT=Variable	NT=Trimethyl;AC=UNIMOD:37;TA=K;MT=Variable	NT=Formyl;AC=UNIMOD:122;TA=K;MT=Variable	NT=Trypsin;AC=MS:1001251	NT=Data-independent acquisition;AC=PRIDE:0000450	NT=beam-type collision-induced dissociation;AC=MS:1000422	not available	not available	not applicable	not applicable	1	1	PEO1_EPZ_E18_DIA_ne2_IO_L15_053123_Slot2-49_1_1961.d	v1.1.0	NT=ms-proteomics;VV=v1.1.0	NT=human;VV=v1.1.0	NT=cell-lines;VV=v1.1.0	NT=single-cell;VV=v1.0.0	NT=clinical-metadata;VV=v1.0.0	manual curation	NT=PEO1;AC=EFO:0005445	tazemetostat
PEO1_EPZ_E19_Slot2-50	NT=Homo sapiens;AC=NCBITaxon:9606	NT=ascitic fluid;AC=UBERON:0007795	NT=epithelial cell;AC=CL:0000066	NT=ovarian cystadenocarcinoma;AC=MONDO:0002702	NT=PEO1;AC=EFO:0005445	CVCL_2686	PEO1	not available	female	NT=European ancestry;AC=HANCESTRO:0005	NT=Roswell Park Memorial Institute 1640 Medium;AC=NCIT:C178973	not applicable	not applicable	not pooled	tazemetostat	NT=Tazemetostat;AC=NCIT:C107506	30 uM	72 hour	cellenONE	E19_Slot2-50	1	10	run 238	proteomic profiling by mass spectrometry	NT=timsTOF SCP;AC=MS:1003231	NT=label free sample;AC=MS:1002038	NT=Oxidation;AC=UNIMOD:35;TA=M;MT=Variable	NT=Acetyl;AC=UNIMOD:1;PP=Protein N-term;MT=Variable	NT=Acetyl;AC=UNIMOD:1;TA=K;MT=Variable	NT=Phospho;AC=UNIMOD:21;TA=S,T,Y;MT=Variable	NT=Methyl;AC=UNIMOD:34;TA=K;MT=Variable	NT=Dimethyl;AC=UNIMOD:36;TA=K;MT=Variable	NT=Trimethyl;AC=UNIMOD:37;TA=K;MT=Variable	NT=Formyl;AC=UNIMOD:122;TA=K;MT=Variable	NT=Trypsin;AC=MS:1001251	NT=Data-independent acquisition;AC=PRIDE:0000450	NT=beam-type collision-induced dissociation;AC=MS:1000422	not available	not available	not applicable	not applicable	1	1	PEO1_EPZ_E19_DIA_ne2_IO_L15_053123_Slot2-50_1_1962.d	v1.1.0	NT=ms-proteomics;VV=v1.1.0	NT=human;VV=v1.1.0	NT=cell-lines;VV=v1.1.0	NT=single-cell;VV=v1.0.0	NT=clinical-metadata;VV=v1.0.0	manual curation	NT=PEO1;AC=EFO:0005445	tazemetostat
PEO1_EPZ_F19_Slot2-47	NT=Homo sapiens;AC=NCBITaxon:9606	NT=ascitic fluid;AC=UBERON:0007795	NT=epithelial cell;AC=CL:0000066	NT=ovarian cystadenocarcinoma;AC=MONDO:0002702	NT=PEO1;AC=EFO:0005445	CVCL_2686	PEO1	not available	female	NT=European ancestry;AC=HANCESTRO:0005	NT=Roswell Park Memorial Institute 1640 Medium;AC=NCIT:C178973	not applicable	not applicable	not pooled	tazemetostat	NT=Tazemetostat;AC=NCIT:C107506	30 uM	72 hour	cellenONE	F19_Slot2-47	1	11	run 239	proteomic profiling by mass spectrometry	NT=timsTOF SCP;AC=MS:1003231	NT=label free sample;AC=MS:1002038	NT=Oxidation;AC=UNIMOD:35;TA=M;MT=Variable	NT=Acetyl;AC=UNIMOD:1;PP=Protein N-term;MT=Variable	NT=Acetyl;AC=UNIMOD:1;TA=K;MT=Variable	NT=Phospho;AC=UNIMOD:21;TA=S,T,Y;MT=Variable	NT=Methyl;AC=UNIMOD:34;TA=K;MT=Variable	NT=Dimethyl;AC=UNIMOD:36;TA=K;MT=Variable	NT=Trimethyl;AC=UNIMOD:37;TA=K;MT=Variable	NT=Formyl;AC=UNIMOD:122;TA=K;MT=Variable	NT=Trypsin;AC=MS:1001251	NT=Data-independent acquisition;AC=PRIDE:0000450	NT=beam-type collision-induced dissociation;AC=MS:1000422	not available	not available	not applicable	not applicable	1	1	PEO1_EPZ_F19_DIA_ne2_IO_L15_053123_Slot2-47_1_1973.d	v1.1.0	NT=ms-proteomics;VV=v1.1.0	NT=human;VV=v1.1.0	NT=cell-lines;VV=v1.1.0	NT=single-cell;VV=v1.0.0	NT=clinical-metadata;VV=v1.0.0	manual curation	NT=PEO1;AC=EFO:0005445	tazemetostat
PEO1_EPZ_G19_Slot2-50	NT=Homo sapiens;AC=NCBITaxon:9606	NT=ascitic fluid;AC=UBERON:0007795	NT=epithelial cell;AC=CL:0000066	NT=ovarian cystadenocarcinoma;AC=MONDO:0002702	NT=PEO1;AC=EFO:0005445	CVCL_2686	PEO1	not available	female	NT=European ancestry;AC=HANCESTRO:0005	NT=Roswell Park Memorial Institute 1640 Medium;AC=NCIT:C178973	not applicable	not applicable	not pooled	tazemetostat	NT=Tazemetostat;AC=NCIT:C107506	30 uM	72 hour	cellenONE	G19_Slot2-50	1	12	run 240	proteomic profiling by mass spectrometry	NT=timsTOF SCP;AC=MS:1003231	NT=label free sample;AC=MS:1002038	NT=Oxidation;AC=UNIMOD:35;TA=M;MT=Variable	NT=Acetyl;AC=UNIMOD:1;PP=Protein N-term;MT=Variable	NT=Acetyl;AC=UNIMOD:1;TA=K;MT=Variable	NT=Phospho;AC=UNIMOD:21;TA=S,T,Y;MT=Variable	NT=Methyl;AC=UNIMOD:34;TA=K;MT=Variable	NT=Dimethyl;AC=UNIMOD:36;TA=K;MT=Variable	NT=Trimethyl;AC=UNIMOD:37;TA=K;MT=Variable	NT=Formyl;AC=UNIMOD:122;TA=K;MT=Variable	NT=Trypsin;AC=MS:1001251	NT=Data-independent acquisition;AC=PRIDE:0000450	NT=beam-type collision-induced dissociation;AC=MS:1000422	not available	not available	not applicable	not applicable	1	1	PEO1_EPZ_G19_DIA_ne2_IO_L15_053123_Slot2-50_1_1981.d	v1.1.0	NT=ms-proteomics;VV=v1.1.0	NT=human;VV=v1.1.0	NT=cell-lines;VV=v1.1.0	NT=single-cell;VV=v1.0.0	NT=clinical-metadata;VV=v1.0.0	manual curation	NT=PEO1;AC=EFO:0005445	tazemetostat
PEO1_EPZ_H18_Slot2-28	NT=Homo sapiens;AC=NCBITaxon:9606	NT=ascitic fluid;AC=UBERON:0007795	NT=epithelial cell;AC=CL:0000066	NT=ovarian cystadenocarcinoma;AC=MONDO:0002702	NT=PEO1;AC=EFO:0005445	CVCL_2686	PEO1	not available	female	NT=European ancestry;AC=HANCESTRO:0005	NT=Roswell Park Memorial Institute 1640 Medium;AC=NCIT:C178973	not applicable	not applicable	not pooled	tazemetostat	NT=Tazemetostat;AC=NCIT:C107506	30 uM	72 hour	cellenONE	H18_Slot2-28	1	13	run 241	proteomic profiling by mass spectrometry	NT=timsTOF SCP;AC=MS:1003231	NT=label free sample;AC=MS:1002038	NT=Oxidation;AC=UNIMOD:35;TA=M;MT=Variable	NT=Acetyl;AC=UNIMOD:1;PP=Protein N-term;MT=Variable	NT=Acetyl;AC=UNIMOD:1;TA=K;MT=Variable	NT=Phospho;AC=UNIMOD:21;TA=S,T,Y;MT=Variable	NT=Methyl;AC=UNIMOD:34;TA=K;MT=Variable	NT=Dimethyl;AC=UNIMOD:36;TA=K;MT=Variable	NT=Trimethyl;AC=UNIMOD:37;TA=K;MT=Variable	NT=Formyl;AC=UNIMOD:122;TA=K;MT=Variable	NT=Trypsin;AC=MS:1001251	NT=Data-independent acquisition;AC=PRIDE:0000450	NT=beam-type collision-induced dissociation;AC=MS:1000422	not available	not available	not applicable	not applicable	1	1	PEO1_EPZ_H18_DIA_ne2_IO_L15_053123_Slot2-28_1_1998.d	v1.1.0	NT=ms-proteomics;VV=v1.1.0	NT=human;VV=v1.1.0	NT=cell-lines;VV=v1.1.0	NT=single-cell;VV=v1.0.0	NT=clinical-metadata;VV=v1.0.0	manual curation	NT=PEO1;AC=EFO:0005445	tazemetostat
PEO1_EPZ_H19_Slot2-29	NT=Homo sapiens;AC=NCBITaxon:9606	NT=ascitic fluid;AC=UBERON:0007795	NT=epithelial cell;AC=CL:0000066	NT=ovarian cystadenocarcinoma;AC=MONDO:0002702	NT=PEO1;AC=EFO:0005445	CVCL_2686	PEO1	not available	female	NT=European ancestry;AC=HANCESTRO:0005	NT=Roswell Park Memorial Institute 1640 Medium;AC=NCIT:C178973	not applicable	not applicable	not pooled	tazemetostat	NT=Tazemetostat;AC=NCIT:C107506	30 uM	72 hour	cellenONE	H19_Slot2-29	1	14	run 242	proteomic profiling by mass spectrometry	NT=timsTOF SCP;AC=MS:1003231	NT=label free sample;AC=MS:1002038	NT=Oxidation;AC=UNIMOD:35;TA=M;MT=Variable	NT=Acetyl;AC=UNIMOD:1;PP=Protein N-term;MT=Variable	NT=Acetyl;AC=UNIMOD:1;TA=K;MT=Variable	NT=Phospho;AC=UNIMOD:21;TA=S,T,Y;MT=Variable	NT=Methyl;AC=UNIMOD:34;TA=K;MT=Variable	NT=Dimethyl;AC=UNIMOD:36;TA=K;MT=Variable	NT=Trimethyl;AC=UNIMOD:37;TA=K;MT=Variable	NT=Formyl;AC=UNIMOD:122;TA=K;MT=Variable	NT=Trypsin;AC=MS:1001251	NT=Data-independent acquisition;AC=PRIDE:0000450	NT=beam-type collision-induced dissociation;AC=MS:1000422	not available	not available	not applicable	not applicable	1	1	PEO1_EPZ_H19_DIA_ne2_IO_L15_053123_Slot2-29_1_1999.d	v1.1.0	NT=ms-proteomics;VV=v1.1.0	NT=human;VV=v1.1.0	NT=cell-lines;VV=v1.1.0	NT=single-cell;VV=v1.0.0	NT=clinical-metadata;VV=v1.0.0	manual curation	NT=PEO1;AC=EFO:0005445	tazemetostat
PEO1_EPZ_H20_Slot2-30	NT=Homo sapiens;AC=NCBITaxon:9606	NT=ascitic fluid;AC=UBERON:0007795	NT=epithelial cell;AC=CL:0000066	NT=ovarian cystadenocarcinoma;AC=MONDO:0002702	NT=PEO1;AC=EFO:0005445	CVCL_2686	PEO1	not available	female	NT=European ancestry;AC=HANCESTRO:0005	NT=Roswell Park Memorial Institute 1640 Medium;AC=NCIT:C178973	not applicable	not applicable	not pooled	tazemetostat	NT=Tazemetostat;AC=NCIT:C107506	30 uM	72 hour	cellenONE	H20_Slot2-30	1	15	run 243	proteomic profiling by mass spectrometry	NT=timsTOF SCP;AC=MS:1003231	NT=label free sample;AC=MS:1002038	NT=Oxidation;AC=UNIMOD:35;TA=M;MT=Variable	NT=Acetyl;AC=UNIMOD:1;PP=Protein N-term;MT=Variable	NT=Acetyl;AC=UNIMOD:1;TA=K;MT=Variable	NT=Phospho;AC=UNIMOD:21;TA=S,T,Y;MT=Variable	NT=Methyl;AC=UNIMOD:34;TA=K;MT=Variable	NT=Dimethyl;AC=UNIMOD:36;TA=K;MT=Variable	NT=Trimethyl;AC=UNIMOD:37;TA=K;MT=Variable	NT=Formyl;AC=UNIMOD:122;TA=K;MT=Variable	NT=Trypsin;AC=MS:1001251	NT=Data-independent acquisition;AC=PRIDE:0000450	NT=beam-type collision-induced dissociation;AC=MS:1000422	not available	not available	not applicable	not applicable	1	1	PEO1_EPZ_H20_DIA_ne2_IO_L15_053123_Slot2-30_1_2000.d	v1.1.0	NT=ms-proteomics;VV=v1.1.0	NT=human;VV=v1.1.0	NT=cell-lines;VV=v1.1.0	NT=single-cell;VV=v1.0.0	NT=clinical-metadata;VV=v1.0.0	manual curation	NT=PEO1;AC=EFO:0005445	tazemetostat
PEO1_ctl_B15_Slot2-19	NT=Homo sapiens;AC=NCBITaxon:9606	NT=ascitic fluid;AC=UBERON:0007795	NT=epithelial cell;AC=CL:0000066	NT=ovarian cystadenocarcinoma;AC=MONDO:0002702	NT=PEO1;AC=EFO:0005445	CVCL_2686	PEO1	not available	female	NT=European ancestry;AC=HANCESTRO:0005	NT=Roswell Park Memorial Institute 1640 Medium;AC=NCIT:C178973	not applicable	not applicable	not pooled	DMSO	NT=Dimethyl Sulfoxide;AC=NCIT:C437	not available	72 hour	cellenONE	B15_Slot2-19	1	1	run 244	proteomic profiling by mass spectrometry	NT=timsTOF SCP;AC=MS:1003231	NT=label free sample;AC=MS:1002038	NT=Oxidation;AC=UNIMOD:35;TA=M;MT=Variable	NT=Acetyl;AC=UNIMOD:1;PP=Protein N-term;MT=Variable	NT=Acetyl;AC=UNIMOD:1;TA=K;MT=Variable	NT=Phospho;AC=UNIMOD:21;TA=S,T,Y;MT=Variable	NT=Methyl;AC=UNIMOD:34;TA=K;MT=Variable	NT=Dimethyl;AC=UNIMOD:36;TA=K;MT=Variable	NT=Trimethyl;AC=UNIMOD:37;TA=K;MT=Variable	NT=Formyl;AC=UNIMOD:122;TA=K;MT=Variable	NT=Trypsin;AC=MS:1001251	NT=Data-independent acquisition;AC=PRIDE:0000450	NT=beam-type collision-induced dissociation;AC=MS:1000422	not available	not available	not applicable	not applicable	1	1	PEO1_ctl_B15_DIA_ne2_IO_L15_052823_Slot2-19_1_1888.d	v1.1.0	NT=ms-proteomics;VV=v1.1.0	NT=human;VV=v1.1.0	NT=cell-lines;VV=v1.1.0	NT=single-cell;VV=v1.0.0	NT=clinical-metadata;VV=v1.0.0	manual curation	NT=PEO1;AC=EFO:0005445	DMSO
PEO1_ctl_B16_Slot2-20	NT=Homo sapiens;AC=NCBITaxon:9606	NT=ascitic fluid;AC=UBERON:0007795	NT=epithelial cell;AC=CL:0000066	NT=ovarian cystadenocarcinoma;AC=MONDO:0002702	NT=PEO1;AC=EFO:0005445	CVCL_2686	PEO1	not available	female	NT=European ancestry;AC=HANCESTRO:0005	NT=Roswell Park Memorial Institute 1640 Medium;AC=NCIT:C178973	not applicable	not applicable	not pooled	DMSO	NT=Dimethyl Sulfoxide;AC=NCIT:C437	not available	72 hour	cellenONE	B16_Slot2-20	1	2	run 245	proteomic profiling by mass spectrometry	NT=timsTOF SCP;AC=MS:1003231	NT=label free sample;AC=MS:1002038	NT=Oxidation;AC=UNIMOD:35;TA=M;MT=Variable	NT=Acetyl;AC=UNIMOD:1;PP=Protein N-term;MT=Variable	NT=Acetyl;AC=UNIMOD:1;TA=K;MT=Variable	NT=Phospho;AC=UNIMOD:21;TA=S,T,Y;MT=Variable	NT=Methyl;AC=UNIMOD:34;TA=K;MT=Variable	NT=Dimethyl;AC=UNIMOD:36;TA=K;MT=Variable	NT=Trimethyl;AC=UNIMOD:37;TA=K;MT=Variable	NT=Formyl;AC=UNIMOD:122;TA=K;MT=Variable	NT=Trypsin;AC=MS:1001251	NT=Data-independent acquisition;AC=PRIDE:0000450	NT=beam-type collision-induced dissociation;AC=MS:1000422	not available	not available	not applicable	not applicable	1	1	PEO1_ctl_B16_DIA_ne2_IO_L15_052823_Slot2-20_1_1892.d	v1.1.0	NT=ms-proteomics;VV=v1.1.0	NT=human;VV=v1.1.0	NT=cell-lines;VV=v1.1.0	NT=single-cell;VV=v1.0.0	NT=clinical-metadata;VV=v1.0.0	manual curation	NT=PEO1;AC=EFO:0005445	DMSO
PEO1_ctl_B17_Slot2-21	NT=Homo sapiens;AC=NCBITaxon:9606	NT=ascitic fluid;AC=UBERON:0007795	NT=epithelial cell;AC=CL:0000066	NT=ovarian cystadenocarcinoma;AC=MONDO:0002702	NT=PEO1;AC=EFO:0005445	CVCL_2686	PEO1	not available	female	NT=European ancestry;AC=HANCESTRO:0005	NT=Roswell Park Memorial Institute 1640 Medium;AC=NCIT:C178973	not applicable	not applicable	not pooled	DMSO	NT=Dimethyl Sulfoxide;AC=NCIT:C437	not available	72 hour	cellenONE	B17_Slot2-21	1	3	run 246	proteomic profiling by mass spectrometry	NT=timsTOF SCP;AC=MS:1003231	NT=label free sample;AC=MS:1002038	NT=Oxidation;AC=UNIMOD:35;TA=M;MT=Variable	NT=Acetyl;AC=UNIMOD:1;PP=Protein N-term;MT=Variable	NT=Acetyl;AC=UNIMOD:1;TA=K;MT=Variable	NT=Phospho;AC=UNIMOD:21;TA=S,T,Y;MT=Variable	NT=Methyl;AC=UNIMOD:34;TA=K;MT=Variable	NT=Dimethyl;AC=UNIMOD:36;TA=K;MT=Variable	NT=Trimethyl;AC=UNIMOD:37;TA=K;MT=Variable	NT=Formyl;AC=UNIMOD:122;TA=K;MT=Variable	NT=Trypsin;AC=MS:1001251	NT=Data-independent acquisition;AC=PRIDE:0000450	NT=beam-type collision-induced dissociation;AC=MS:1000422	not available	not available	not applicable	not applicable	1	1	PEO1_ctl_B17_DIA_ne2_IO_L15_052823_Slot2-21_1_1897.d	v1.1.0	NT=ms-proteomics;VV=v1.1.0	NT=human;VV=v1.1.0	NT=cell-lines;VV=v1.1.0	NT=single-cell;VV=v1.0.0	NT=clinical-metadata;VV=v1.0.0	manual curation	NT=PEO1;AC=EFO:0005445	DMSO
PEO1_ctl_C15_Slot2-19	NT=Homo sapiens;AC=NCBITaxon:9606	NT=ascitic fluid;AC=UBERON:0007795	NT=epithelial cell;AC=CL:0000066	NT=ovarian cystadenocarcinoma;AC=MONDO:0002702	NT=PEO1;AC=EFO:0005445	CVCL_2686	PEO1	not available	female	NT=European ancestry;AC=HANCESTRO:0005	NT=Roswell Park Memorial Institute 1640 Medium;AC=NCIT:C178973	not applicable	not applicable	not pooled	DMSO	NT=Dimethyl Sulfoxide;AC=NCIT:C437	not available	72 hour	cellenONE	C15_Slot2-19	1	4	run 247	proteomic profiling by mass spectrometry	NT=timsTOF SCP;AC=MS:1003231	NT=label free sample;AC=MS:1002038	NT=Oxidation;AC=UNIMOD:35;TA=M;MT=Variable	NT=Acetyl;AC=UNIMOD:1;PP=Protein N-term;MT=Variable	NT=Acetyl;AC=UNIMOD:1;TA=K;MT=Variable	NT=Phospho;AC=UNIMOD:21;TA=S,T,Y;MT=Variable	NT=Methyl;AC=UNIMOD:34;TA=K;MT=Variable	NT=Dimethyl;AC=UNIMOD:36;TA=K;MT=Variable	NT=Trimethyl;AC=UNIMOD:37;TA=K;MT=Variable	NT=Formyl;AC=UNIMOD:122;TA=K;MT=Variable	NT=Trypsin;AC=MS:1001251	NT=Data-independent acquisition;AC=PRIDE:0000450	NT=beam-type collision-induced dissociation;AC=MS:1000422	not available	not available	not applicable	not applicable	1	1	PEO1_ctl_C15_DIA_ne2_IO_L15_052823_Slot2-19_1_1906.d	v1.1.0	NT=ms-proteomics;VV=v1.1.0	NT=human;VV=v1.1.0	NT=cell-lines;VV=v1.1.0	NT=single-cell;VV=v1.0.0	NT=clinical-metadata;VV=v1.0.0	manual curation	NT=PEO1;AC=EFO:0005445	DMSO
PEO1_ctl_D16_Slot2-29	NT=Homo sapiens;AC=NCBITaxon:9606	NT=ascitic fluid;AC=UBERON:0007795	NT=epithelial cell;AC=CL:0000066	NT=ovarian cystadenocarcinoma;AC=MONDO:0002702	NT=PEO1;AC=EFO:0005445	CVCL_2686	PEO1	not available	female	NT=European ancestry;AC=HANCESTRO:0005	NT=Roswell Park Memorial Institute 1640 Medium;AC=NCIT:C178973	not applicable	not applicable	not pooled	DMSO	NT=Dimethyl Sulfoxide;AC=NCIT:C437	not available	72 hour	cellenONE	D16_Slot2-29	1	5	run 248	proteomic profiling by mass spectrometry	NT=timsTOF SCP;AC=MS:1003231	NT=label free sample;AC=MS:1002038	NT=Oxidation;AC=UNIMOD:35;TA=M;MT=Variable	NT=Acetyl;AC=UNIMOD:1;PP=Protein N-term;MT=Variable	NT=Acetyl;AC=UNIMOD:1;TA=K;MT=Variable	NT=Phospho;AC=UNIMOD:21;TA=S,T,Y;MT=Variable	NT=Methyl;AC=UNIMOD:34;TA=K;MT=Variable	NT=Dimethyl;AC=UNIMOD:36;TA=K;MT=Variable	NT=Trimethyl;AC=UNIMOD:37;TA=K;MT=Variable	NT=Formyl;AC=UNIMOD:122;TA=K;MT=Variable	NT=Trypsin;AC=MS:1001251	NT=Data-independent acquisition;AC=PRIDE:0000450	NT=beam-type collision-induced dissociation;AC=MS:1000422	not available	not available	not applicable	not applicable	1	1	PEO1_ctl_D16_DIA_ne2_IO_L15_053123_Slot2-29_1_1950.d	v1.1.0	NT=ms-proteomics;VV=v1.1.0	NT=human;VV=v1.1.0	NT=cell-lines;VV=v1.1.0	NT=single-cell;VV=v1.0.0	NT=clinical-metadata;VV=v1.0.0	manual curation	NT=PEO1;AC=EFO:0005445	DMSO
PEO1_ctl_D17_Slot2-30	NT=Homo sapiens;AC=NCBITaxon:9606	NT=ascitic fluid;AC=UBERON:0007795	NT=epithelial cell;AC=CL:0000066	NT=ovarian cystadenocarcinoma;AC=MONDO:0002702	NT=PEO1;AC=EFO:0005445	CVCL_2686	PEO1	not available	female	NT=European ancestry;AC=HANCESTRO:0005	NT=Roswell Park Memorial Institute 1640 Medium;AC=NCIT:C178973	not applicable	not applicable	not pooled	DMSO	NT=Dimethyl Sulfoxide;AC=NCIT:C437	not available	72 hour	cellenONE	D17_Slot2-30	1	6	run 249	proteomic profiling by mass spectrometry	NT=timsTOF SCP;AC=MS:1003231	NT=label free sample;AC=MS:1002038	NT=Oxidation;AC=UNIMOD:35;TA=M;MT=Variable	NT=Acetyl;AC=UNIMOD:1;PP=Protein N-term;MT=Variable	NT=Acetyl;AC=UNIMOD:1;TA=K;MT=Variable	NT=Phospho;AC=UNIMOD:21;TA=S,T,Y;MT=Variable	NT=Methyl;AC=UNIMOD:34;TA=K;MT=Variable	NT=Dimethyl;AC=UNIMOD:36;TA=K;MT=Variable	NT=Trimethyl;AC=UNIMOD:37;TA=K;MT=Variable	NT=Formyl;AC=UNIMOD:122;TA=K;MT=Variable	NT=Trypsin;AC=MS:1001251	NT=Data-independent acquisition;AC=PRIDE:0000450	NT=beam-type collision-induced dissociation;AC=MS:1000422	not available	not available	not applicable	not applicable	1	1	PEO1_ctl_D17_DIA_ne2_IO_L15_053123_Slot2-30_1_1951.d	v1.1.0	NT=ms-proteomics;VV=v1.1.0	NT=human;VV=v1.1.0	NT=cell-lines;VV=v1.1.0	NT=single-cell;VV=v1.0.0	NT=clinical-metadata;VV=v1.0.0	manual curation	NT=PEO1;AC=EFO:0005445	DMSO
PEO1_ctl_E16_Slot2-32	NT=Homo sapiens;AC=NCBITaxon:9606	NT=ascitic fluid;AC=UBERON:0007795	NT=epithelial cell;AC=CL:0000066	NT=ovarian cystadenocarcinoma;AC=MONDO:0002702	NT=PEO1;AC=EFO:0005445	CVCL_2686	PEO1	not available	female	NT=European ancestry;AC=HANCESTRO:0005	NT=Roswell Park Memorial Institute 1640 Medium;AC=NCIT:C178973	not applicable	not applicable	not pooled	DMSO	NT=Dimethyl Sulfoxide;AC=NCIT:C437	not available	72 hour	cellenONE	E16_Slot2-32	1	7	run 250	proteomic profiling by mass spectrometry	NT=timsTOF SCP;AC=MS:1003231	NT=label free sample;AC=MS:1002038	NT=Oxidation;AC=UNIMOD:35;TA=M;MT=Variable	NT=Acetyl;AC=UNIMOD:1;PP=Protein N-term;MT=Variable	NT=Acetyl;AC=UNIMOD:1;TA=K;MT=Variable	NT=Phospho;AC=UNIMOD:21;TA=S,T,Y;MT=Variable	NT=Methyl;AC=UNIMOD:34;TA=K;MT=Variable	NT=Dimethyl;AC=UNIMOD:36;TA=K;MT=Variable	NT=Trimethyl;AC=UNIMOD:37;TA=K;MT=Variable	NT=Formyl;AC=UNIMOD:122;TA=K;MT=Variable	NT=Trypsin;AC=MS:1001251	NT=Data-independent acquisition;AC=PRIDE:0000450	NT=beam-type collision-induced dissociation;AC=MS:1000422	not available	not available	not applicable	not applicable	1	1	PEO1_ctl_E16_DIA_ne2_IO_L15_053123_Slot2-32_1_1958.d	v1.1.0	NT=ms-proteomics;VV=v1.1.0	NT=human;VV=v1.1.0	NT=cell-lines;VV=v1.1.0	NT=single-cell;VV=v1.0.0	NT=clinical-metadata;VV=v1.0.0	manual curation	NT=PEO1;AC=EFO:0005445	DMSO
PEO1_ctl_E17_Slot2-33	NT=Homo sapiens;AC=NCBITaxon:9606	NT=ascitic fluid;AC=UBERON:0007795	NT=epithelial cell;AC=CL:0000066	NT=ovarian cystadenocarcinoma;AC=MONDO:0002702	NT=PEO1;AC=EFO:0005445	CVCL_2686	PEO1	not available	female	NT=European ancestry;AC=HANCESTRO:0005	NT=Roswell Park Memorial Institute 1640 Medium;AC=NCIT:C178973	not applicable	not applicable	not pooled	DMSO	NT=Dimethyl Sulfoxide;AC=NCIT:C437	not available	72 hour	cellenONE	E17_Slot2-33	1	8	run 251	proteomic profiling by mass spectrometry	NT=timsTOF SCP;AC=MS:1003231	NT=label free sample;AC=MS:1002038	NT=Oxidation;AC=UNIMOD:35;TA=M;MT=Variable	NT=Acetyl;AC=UNIMOD:1;PP=Protein N-term;MT=Variable	NT=Acetyl;AC=UNIMOD:1;TA=K;MT=Variable	NT=Phospho;AC=UNIMOD:21;TA=S,T,Y;MT=Variable	NT=Methyl;AC=UNIMOD:34;TA=K;MT=Variable	NT=Dimethyl;AC=UNIMOD:36;TA=K;MT=Variable	NT=Trimethyl;AC=UNIMOD:37;TA=K;MT=Variable	NT=Formyl;AC=UNIMOD:122;TA=K;MT=Variable	NT=Trypsin;AC=MS:1001251	NT=Data-independent acquisition;AC=PRIDE:0000450	NT=beam-type collision-induced dissociation;AC=MS:1000422	not available	not available	not applicable	not applicable	1	1	PEO1_ctl_E17_DIA_ne2_IO_L15_053123_Slot2-33_1_1959.d	v1.1.0	NT=ms-proteomics;VV=v1.1.0	NT=human;VV=v1.1.0	NT=cell-lines;VV=v1.1.0	NT=single-cell;VV=v1.0.0	NT=clinical-metadata;VV=v1.0.0	manual curation	NT=PEO1;AC=EFO:0005445	DMSO
PEO1_ctl_F17_Slot2-30	NT=Homo sapiens;AC=NCBITaxon:9606	NT=ascitic fluid;AC=UBERON:0007795	NT=epithelial cell;AC=CL:0000066	NT=ovarian cystadenocarcinoma;AC=MONDO:0002702	NT=PEO1;AC=EFO:0005445	CVCL_2686	PEO1	not available	female	NT=European ancestry;AC=HANCESTRO:0005	NT=Roswell Park Memorial Institute 1640 Medium;AC=NCIT:C178973	not applicable	not applicable	not pooled	DMSO	NT=Dimethyl Sulfoxide;AC=NCIT:C437	not available	72 hour	cellenONE	F17_Slot2-30	1	9	run 252	proteomic profiling by mass spectrometry	NT=timsTOF SCP;AC=MS:1003231	NT=label free sample;AC=MS:1002038	NT=Oxidation;AC=UNIMOD:35;TA=M;MT=Variable	NT=Acetyl;AC=UNIMOD:1;PP=Protein N-term;MT=Variable	NT=Acetyl;AC=UNIMOD:1;TA=K;MT=Variable	NT=Phospho;AC=UNIMOD:21;TA=S,T,Y;MT=Variable	NT=Methyl;AC=UNIMOD:34;TA=K;MT=Variable	NT=Dimethyl;AC=UNIMOD:36;TA=K;MT=Variable	NT=Trimethyl;AC=UNIMOD:37;TA=K;MT=Variable	NT=Formyl;AC=UNIMOD:122;TA=K;MT=Variable	NT=Trypsin;AC=MS:1001251	NT=Data-independent acquisition;AC=PRIDE:0000450	NT=beam-type collision-induced dissociation;AC=MS:1000422	not available	not available	not applicable	not applicable	1	1	PEO1_ctl_F17_DIA_ne2_IO_L15_053123_Slot2-30_1_1969.d	v1.1.0	NT=ms-proteomics;VV=v1.1.0	NT=human;VV=v1.1.0	NT=cell-lines;VV=v1.1.0	NT=single-cell;VV=v1.0.0	NT=clinical-metadata;VV=v1.0.0	manual curation	NT=PEO1;AC=EFO:0005445	DMSO
PEO1_ctl_G15_Slot2-31	NT=Homo sapiens;AC=NCBITaxon:9606	NT=ascitic fluid;AC=UBERON:0007795	NT=epithelial cell;AC=CL:0000066	NT=ovarian cystadenocarcinoma;AC=MONDO:0002702	NT=PEO1;AC=EFO:0005445	CVCL_2686	PEO1	not available	female	NT=European ancestry;AC=HANCESTRO:0005	NT=Roswell Park Memorial Institute 1640 Medium;AC=NCIT:C178973	not applicable	not applicable	not pooled	DMSO	NT=Dimethyl Sulfoxide;AC=NCIT:C437	not available	72 hour	cellenONE	G15_Slot2-31	1	10	run 253	proteomic profiling by mass spectrometry	NT=timsTOF SCP;AC=MS:1003231	NT=label free sample;AC=MS:1002038	NT=Oxidation;AC=UNIMOD:35;TA=M;MT=Variable	NT=Acetyl;AC=UNIMOD:1;PP=Protein N-term;MT=Variable	NT=Acetyl;AC=UNIMOD:1;TA=K;MT=Variable	NT=Phospho;AC=UNIMOD:21;TA=S,T,Y;MT=Variable	NT=Methyl;AC=UNIMOD:34;TA=K;MT=Variable	NT=Dimethyl;AC=UNIMOD:36;TA=K;MT=Variable	NT=Trimethyl;AC=UNIMOD:37;TA=K;MT=Variable	NT=Formyl;AC=UNIMOD:122;TA=K;MT=Variable	NT=Trypsin;AC=MS:1001251	NT=Data-independent acquisition;AC=PRIDE:0000450	NT=beam-type collision-induced dissociation;AC=MS:1000422	not available	not available	not applicable	not applicable	1	1	PEO1_ctl_G15_DIA_ne2_IO_L15_053123_Slot2-31_1_1976.d	v1.1.0	NT=ms-proteomics;VV=v1.1.0	NT=human;VV=v1.1.0	NT=cell-lines;VV=v1.1.0	NT=single-cell;VV=v1.0.0	NT=clinical-metadata;VV=v1.0.0	manual curation	NT=PEO1;AC=EFO:0005445	DMSO
PEO1_ctl_G16_Slot2-32	NT=Homo sapiens;AC=NCBITaxon:9606	NT=ascitic fluid;AC=UBERON:0007795	NT=epithelial cell;AC=CL:0000066	NT=ovarian cystadenocarcinoma;AC=MONDO:0002702	NT=PEO1;AC=EFO:0005445	CVCL_2686	PEO1	not available	female	NT=European ancestry;AC=HANCESTRO:0005	NT=Roswell Park Memorial Institute 1640 Medium;AC=NCIT:C178973	not applicable	not applicable	not pooled	DMSO	NT=Dimethyl Sulfoxide;AC=NCIT:C437	not available	72 hour	cellenONE	G16_Slot2-32	1	11	run 254	proteomic profiling by mass spectrometry	NT=timsTOF SCP;AC=MS:1003231	NT=label free sample;AC=MS:1002038	NT=Oxidation;AC=UNIMOD:35;TA=M;MT=Variable	NT=Acetyl;AC=UNIMOD:1;PP=Protein N-term;MT=Variable	NT=Acetyl;AC=UNIMOD:1;TA=K;MT=Variable	NT=Phospho;AC=UNIMOD:21;TA=S,T,Y;MT=Variable	NT=Methyl;AC=UNIMOD:34;TA=K;MT=Variable	NT=Dimethyl;AC=UNIMOD:36;TA=K;MT=Variable	NT=Trimethyl;AC=UNIMOD:37;TA=K;MT=Variable	NT=Formyl;AC=UNIMOD:122;TA=K;MT=Variable	NT=Trypsin;AC=MS:1001251	NT=Data-independent acquisition;AC=PRIDE:0000450	NT=beam-type collision-induced dissociation;AC=MS:1000422	not available	not available	not applicable	not applicable	1	1	PEO1_ctl_G16_DIA_ne2_IO_L15_053123_Slot2-32_1_1977.d	v1.1.0	NT=ms-proteomics;VV=v1.1.0	NT=human;VV=v1.1.0	NT=cell-lines;VV=v1.1.0	NT=single-cell;VV=v1.0.0	NT=clinical-metadata;VV=v1.0.0	manual curation	NT=PEO1;AC=EFO:0005445	DMSO
PEO1_ctl_G17_Slot2-33	NT=Homo sapiens;AC=NCBITaxon:9606	NT=ascitic fluid;AC=UBERON:0007795	NT=epithelial cell;AC=CL:0000066	NT=ovarian cystadenocarcinoma;AC=MONDO:0002702	NT=PEO1;AC=EFO:0005445	CVCL_2686	PEO1	not available	female	NT=European ancestry;AC=HANCESTRO:0005	NT=Roswell Park Memorial Institute 1640 Medium;AC=NCIT:C178973	not applicable	not applicable	not pooled	DMSO	NT=Dimethyl Sulfoxide;AC=NCIT:C437	not available	72 hour	cellenONE	G17_Slot2-33	1	12	run 255	proteomic profiling by mass spectrometry	NT=timsTOF SCP;AC=MS:1003231	NT=label free sample;AC=MS:1002038	NT=Oxidation;AC=UNIMOD:35;TA=M;MT=Variable	NT=Acetyl;AC=UNIMOD:1;PP=Protein N-term;MT=Variable	NT=Acetyl;AC=UNIMOD:1;TA=K;MT=Variable	NT=Phospho;AC=UNIMOD:21;TA=S,T,Y;MT=Variable	NT=Methyl;AC=UNIMOD:34;TA=K;MT=Variable	NT=Dimethyl;AC=UNIMOD:36;TA=K;MT=Variable	NT=Trimethyl;AC=UNIMOD:37;TA=K;MT=Variable	NT=Formyl;AC=UNIMOD:122;TA=K;MT=Variable	NT=Trypsin;AC=MS:1001251	NT=Data-independent acquisition;AC=PRIDE:0000450	NT=beam-type collision-induced dissociation;AC=MS:1000422	not available	not available	not applicable	not applicable	1	1	PEO1_ctl_G17_DIA_ne2_IO_L15_053123_Slot2-33_1_1978.d	v1.1.0	NT=ms-proteomics;VV=v1.1.0	NT=human;VV=v1.1.0	NT=cell-lines;VV=v1.1.0	NT=single-cell;VV=v1.0.0	NT=clinical-metadata;VV=v1.0.0	manual curation	NT=PEO1;AC=EFO:0005445	DMSO
PEO1_ctl_H15_Slot2-19	NT=Homo sapiens;AC=NCBITaxon:9606	NT=ascitic fluid;AC=UBERON:0007795	NT=epithelial cell;AC=CL:0000066	NT=ovarian cystadenocarcinoma;AC=MONDO:0002702	NT=PEO1;AC=EFO:0005445	CVCL_2686	PEO1	not available	female	NT=European ancestry;AC=HANCESTRO:0005	NT=Roswell Park Memorial Institute 1640 Medium;AC=NCIT:C178973	not applicable	not applicable	not pooled	DMSO	NT=Dimethyl Sulfoxide;AC=NCIT:C437	not available	72 hour	cellenONE	H15_Slot2-19	1	13	run 256	proteomic profiling by mass spectrometry	NT=timsTOF SCP;AC=MS:1003231	NT=label free sample;AC=MS:1002038	NT=Oxidation;AC=UNIMOD:35;TA=M;MT=Variable	NT=Acetyl;AC=UNIMOD:1;PP=Protein N-term;MT=Variable	NT=Acetyl;AC=UNIMOD:1;TA=K;MT=Variable	NT=Phospho;AC=UNIMOD:21;TA=S,T,Y;MT=Variable	NT=Methyl;AC=UNIMOD:34;TA=K;MT=Variable	NT=Dimethyl;AC=UNIMOD:36;TA=K;MT=Variable	NT=Trimethyl;AC=UNIMOD:37;TA=K;MT=Variable	NT=Formyl;AC=UNIMOD:122;TA=K;MT=Variable	NT=Trypsin;AC=MS:1001251	NT=Data-independent acquisition;AC=PRIDE:0000450	NT=beam-type collision-induced dissociation;AC=MS:1000422	not available	not available	not applicable	not applicable	1	1	PEO1_ctl_H15_DIA_ne2_IO_L15_053123_Slot2-19_1_1992.d	v1.1.0	NT=ms-proteomics;VV=v1.1.0	NT=human;VV=v1.1.0	NT=cell-lines;VV=v1.1.0	NT=single-cell;VV=v1.0.0	NT=clinical-metadata;VV=v1.0.0	manual curation	NT=PEO1;AC=EFO:0005445	DMSO
PEO1_ctl_H16_Slot2-20	NT=Homo sapiens;AC=NCBITaxon:9606	NT=ascitic fluid;AC=UBERON:0007795	NT=epithelial cell;AC=CL:0000066	NT=ovarian cystadenocarcinoma;AC=MONDO:0002702	NT=PEO1;AC=EFO:0005445	CVCL_2686	PEO1	not available	female	NT=European ancestry;AC=HANCESTRO:0005	NT=Roswell Park Memorial Institute 1640 Medium;AC=NCIT:C178973	not applicable	not applicable	not pooled	DMSO	NT=Dimethyl Sulfoxide;AC=NCIT:C437	not available	72 hour	cellenONE	H16_Slot2-20	1	14	run 257	proteomic profiling by mass spectrometry	NT=timsTOF SCP;AC=MS:1003231	NT=label free sample;AC=MS:1002038	NT=Oxidation;AC=UNIMOD:35;TA=M;MT=Variable	NT=Acetyl;AC=UNIMOD:1;PP=Protein N-term;MT=Variable	NT=Acetyl;AC=UNIMOD:1;TA=K;MT=Variable	NT=Phospho;AC=UNIMOD:21;TA=S,T,Y;MT=Variable	NT=Methyl;AC=UNIMOD:34;TA=K;MT=Variable	NT=Dimethyl;AC=UNIMOD:36;TA=K;MT=Variable	NT=Trimethyl;AC=UNIMOD:37;TA=K;MT=Variable	NT=Formyl;AC=UNIMOD:122;TA=K;MT=Variable	NT=Trypsin;AC=MS:1001251	NT=Data-independent acquisition;AC=PRIDE:0000450	NT=beam-type collision-induced dissociation;AC=MS:1000422	not available	not available	not applicable	not applicable	1	1	PEO1_ctl_H16_DIA_ne2_IO_L15_053123_Slot2-20_1_1993.d	v1.1.0	NT=ms-proteomics;VV=v1.1.0	NT=human;VV=v1.1.0	NT=cell-lines;VV=v1.1.0	NT=single-cell;VV=v1.0.0	NT=clinical-metadata;VV=v1.0.0	manual curation	NT=PEO1;AC=EFO:0005445	DMSO
PEO1_ctl_H17_Slot2-21	NT=Homo sapiens;AC=NCBITaxon:9606	NT=ascitic fluid;AC=UBERON:0007795	NT=epithelial cell;AC=CL:0000066	NT=ovarian cystadenocarcinoma;AC=MONDO:0002702	NT=PEO1;AC=EFO:0005445	CVCL_2686	PEO1	not available	female	NT=European ancestry;AC=HANCESTRO:0005	NT=Roswell Park Memorial Institute 1640 Medium;AC=NCIT:C178973	not applicable	not applicable	not pooled	DMSO	NT=Dimethyl Sulfoxide;AC=NCIT:C437	not available	72 hour	cellenONE	H17_Slot2-21	1	15	run 258	proteomic profiling by mass spectrometry	NT=timsTOF SCP;AC=MS:1003231	NT=label free sample;AC=MS:1002038	NT=Oxidation;AC=UNIMOD:35;TA=M;MT=Variable	NT=Acetyl;AC=UNIMOD:1;PP=Protein N-term;MT=Variable	NT=Acetyl;AC=UNIMOD:1;TA=K;MT=Variable	NT=Phospho;AC=UNIMOD:21;TA=S,T,Y;MT=Variable	NT=Methyl;AC=UNIMOD:34;TA=K;MT=Variable	NT=Dimethyl;AC=UNIMOD:36;TA=K;MT=Variable	NT=Trimethyl;AC=UNIMOD:37;TA=K;MT=Variable	NT=Formyl;AC=UNIMOD:122;TA=K;MT=Variable	NT=Trypsin;AC=MS:1001251	NT=Data-independent acquisition;AC=PRIDE:0000450	NT=beam-type collision-induced dissociation;AC=MS:1000422	not available	not available	not applicable	not applicable	1	1	PEO1_ctl_H17_DIA_ne2_IO_L15_053123_Slot2-21_1_1994.d	v1.1.0	NT=ms-proteomics;VV=v1.1.0	NT=human;VV=v1.1.0	NT=cell-lines;VV=v1.1.0	NT=single-cell;VV=v1.0.0	NT=clinical-metadata;VV=v1.0.0	manual curation	NT=PEO1;AC=EFO:0005445	DMSO
PEO1_DMSO_200nuclei_pool_R1	NT=Homo sapiens;AC=NCBITaxon:9606	NT=ascitic fluid;AC=UBERON:0007795	NT=epithelial cell;AC=CL:0000066	NT=ovarian cystadenocarcinoma;AC=MONDO:0002702	NT=PEO1;AC=EFO:0005445	CVCL_2686	PEO1	not available	female	NT=European ancestry;AC=HANCESTRO:0005	NT=Roswell Park Memorial Institute 1640 Medium;AC=NCIT:C178973	not applicable	NT=pooled;AC=PRIDE:0000902	pooled	DMSO	NT=Dimethyl Sulfoxide;AC=NCIT:C437	not available	72 hour	not applicable	not applicable	200	1	run 259	proteomic profiling by mass spectrometry	NT=timsTOF SCP;AC=MS:1003231	NT=label free sample;AC=MS:1002038	NT=Oxidation;AC=UNIMOD:35;TA=M;MT=Variable	NT=Acetyl;AC=UNIMOD:1;PP=Protein N-term;MT=Variable	NT=Acetyl;AC=UNIMOD:1;TA=K;MT=Variable	NT=Phospho;AC=UNIMOD:21;TA=S,T,Y;MT=Variable	NT=Methyl;AC=UNIMOD:34;TA=K;MT=Variable	NT=Dimethyl;AC=UNIMOD:36;TA=K;MT=Variable	NT=Trimethyl;AC=UNIMOD:37;TA=K;MT=Variable	NT=Formyl;AC=UNIMOD:122;TA=K;MT=Variable	NT=Trypsin;AC=MS:1001251	NT=Data-dependent acquisition;AC=PRIDE:0000627	NT=beam-type collision-induced dissociation;AC=MS:1000422	20 ppm	20 ppm	not applicable	not applicable	1	1	PEO1_ctl_200n_DDA_R1_ne2_IO_L15_052623_Slot2-19_1_1850.d	v1.1.0	NT=ms-proteomics;VV=v1.1.0	NT=human;VV=v1.1.0	NT=cell-lines;VV=v1.1.0	NT=single-cell;VV=v1.0.0	NT=clinical-metadata;VV=v1.0.0	manual curation	NT=PEO1;AC=EFO:0005445	DMSO
PEO1_DMSO_200nuclei_pool_R2	NT=Homo sapiens;AC=NCBITaxon:9606	NT=ascitic fluid;AC=UBERON:0007795	NT=epithelial cell;AC=CL:0000066	NT=ovarian cystadenocarcinoma;AC=MONDO:0002702	NT=PEO1;AC=EFO:0005445	CVCL_2686	PEO1	not available	female	NT=European ancestry;AC=HANCESTRO:0005	NT=Roswell Park Memorial Institute 1640 Medium;AC=NCIT:C178973	not applicable	NT=pooled;AC=PRIDE:0000902	pooled	DMSO	NT=Dimethyl Sulfoxide;AC=NCIT:C437	not available	72 hour	not applicable	not applicable	200	2	run 260	proteomic profiling by mass spectrometry	NT=timsTOF SCP;AC=MS:1003231	NT=label free sample;AC=MS:1002038	NT=Oxidation;AC=UNIMOD:35;TA=M;MT=Variable	NT=Acetyl;AC=UNIMOD:1;PP=Protein N-term;MT=Variable	NT=Acetyl;AC=UNIMOD:1;TA=K;MT=Variable	NT=Phospho;AC=UNIMOD:21;TA=S,T,Y;MT=Variable	NT=Methyl;AC=UNIMOD:34;TA=K;MT=Variable	NT=Dimethyl;AC=UNIMOD:36;TA=K;MT=Variable	NT=Trimethyl;AC=UNIMOD:37;TA=K;MT=Variable	NT=Formyl;AC=UNIMOD:122;TA=K;MT=Variable	NT=Trypsin;AC=MS:1001251	NT=Data-dependent acquisition;AC=PRIDE:0000627	NT=beam-type collision-induced dissociation;AC=MS:1000422	20 ppm	20 ppm	not applicable	not applicable	1	1	PEO1_ctl_200n_DDA_R2_ne2_IO_L15_052823_Slot2-32_1_1913.d	v1.1.0	NT=ms-proteomics;VV=v1.1.0	NT=human;VV=v1.1.0	NT=cell-lines;VV=v1.1.0	NT=single-cell;VV=v1.0.0	NT=clinical-metadata;VV=v1.0.0	manual curation	NT=PEO1;AC=EFO:0005445	DMSO
PEO1_DMSO_200nuclei_pool_R3	NT=Homo sapiens;AC=NCBITaxon:9606	NT=ascitic fluid;AC=UBERON:0007795	NT=epithelial cell;AC=CL:0000066	NT=ovarian cystadenocarcinoma;AC=MONDO:0002702	NT=PEO1;AC=EFO:0005445	CVCL_2686	PEO1	not available	female	NT=European ancestry;AC=HANCESTRO:0005	NT=Roswell Park Memorial Institute 1640 Medium;AC=NCIT:C178973	not applicable	NT=pooled;AC=PRIDE:0000902	pooled	DMSO	NT=Dimethyl Sulfoxide;AC=NCIT:C437	not available	72 hour	not applicable	not applicable	200	3	run 261	proteomic profiling by mass spectrometry	NT=timsTOF SCP;AC=MS:1003231	NT=label free sample;AC=MS:1002038	NT=Oxidation;AC=UNIMOD:35;TA=M;MT=Variable	NT=Acetyl;AC=UNIMOD:1;PP=Protein N-term;MT=Variable	NT=Acetyl;AC=UNIMOD:1;TA=K;MT=Variable	NT=Phospho;AC=UNIMOD:21;TA=S,T,Y;MT=Variable	NT=Methyl;AC=UNIMOD:34;TA=K;MT=Variable	NT=Dimethyl;AC=UNIMOD:36;TA=K;MT=Variable	NT=Trimethyl;AC=UNIMOD:37;TA=K;MT=Variable	NT=Formyl;AC=UNIMOD:122;TA=K;MT=Variable	NT=Trypsin;AC=MS:1001251	NT=Data-dependent acquisition;AC=PRIDE:0000627	NT=beam-type collision-induced dissociation;AC=MS:1000422	20 ppm	20 ppm	not applicable	not applicable	1	1	PEO1_ctl_200n_DDA_R3_ne2_IO_L15_052823_Slot2-33_1_1914.d	v1.1.0	NT=ms-proteomics;VV=v1.1.0	NT=human;VV=v1.1.0	NT=cell-lines;VV=v1.1.0	NT=single-cell;VV=v1.0.0	NT=clinical-metadata;VV=v1.0.0	manual curation	NT=PEO1;AC=EFO:0005445	DMSO
PEO1_DMSO_200nuclei_pool_R4	NT=Homo sapiens;AC=NCBITaxon:9606	NT=ascitic fluid;AC=UBERON:0007795	NT=epithelial cell;AC=CL:0000066	NT=ovarian cystadenocarcinoma;AC=MONDO:0002702	NT=PEO1;AC=EFO:0005445	CVCL_2686	PEO1	not available	female	NT=European ancestry;AC=HANCESTRO:0005	NT=Roswell Park Memorial Institute 1640 Medium;AC=NCIT:C178973	not applicable	NT=pooled;AC=PRIDE:0000902	pooled	DMSO	NT=Dimethyl Sulfoxide;AC=NCIT:C437	not available	72 hour	not applicable	not applicable	200	4	run 262	proteomic profiling by mass spectrometry	NT=timsTOF SCP;AC=MS:1003231	NT=label free sample;AC=MS:1002038	NT=Oxidation;AC=UNIMOD:35;TA=M;MT=Variable	NT=Acetyl;AC=UNIMOD:1;PP=Protein N-term;MT=Variable	NT=Acetyl;AC=UNIMOD:1;TA=K;MT=Variable	NT=Phospho;AC=UNIMOD:21;TA=S,T,Y;MT=Variable	NT=Methyl;AC=UNIMOD:34;TA=K;MT=Variable	NT=Dimethyl;AC=UNIMOD:36;TA=K;MT=Variable	NT=Trimethyl;AC=UNIMOD:37;TA=K;MT=Variable	NT=Formyl;AC=UNIMOD:122;TA=K;MT=Variable	NT=Trypsin;AC=MS:1001251	NT=Data-dependent acquisition;AC=PRIDE:0000627	NT=beam-type collision-induced dissociation;AC=MS:1000422	20 ppm	20 ppm	not applicable	not applicable	1	1	PEO1_ctl_200n_DDA_R4_ne2_IO_L15_052823_Slot2-34_1_1915.d	v1.1.0	NT=ms-proteomics;VV=v1.1.0	NT=human;VV=v1.1.0	NT=cell-lines;VV=v1.1.0	NT=single-cell;VV=v1.0.0	NT=clinical-metadata;VV=v1.0.0	manual curation	NT=PEO1;AC=EFO:0005445	DMSO
RBE_A10_Slot2-17	NT=Homo sapiens;AC=NCBITaxon:9606	NT=liver;AC=UBERON:0002107	NT=epithelial cell;AC=CL:0000066	NT=intrahepatic cholangiocarcinoma;AC=MONDO:0003210	RBE	CVCL_4896	RBE	64Y	female	NT=Japanese;AC=HANCESTRO:0019	NT=Roswell Park Memorial Institute 1640 Medium;AC=NCIT:C178973	cell	NT=single cell;AC=PRIDE:0000897	not pooled	untreated	not applicable	not applicable	not applicable	cellenONE	A10_Slot2-17	1	1	run 263	proteomic profiling by mass spectrometry	NT=timsTOF SCP;AC=MS:1003231	NT=label free sample;AC=MS:1002038	NT=Oxidation;AC=UNIMOD:35;TA=M;MT=Variable	NT=Acetyl;AC=UNIMOD:1;PP=Protein N-term;MT=Variable	NT=Acetyl;AC=UNIMOD:1;TA=K;MT=Variable	NT=Phospho;AC=UNIMOD:21;TA=S,T,Y;MT=Variable	NT=Methyl;AC=UNIMOD:34;TA=K;MT=Variable	NT=Dimethyl;AC=UNIMOD:36;TA=K;MT=Variable	NT=Trimethyl;AC=UNIMOD:37;TA=K;MT=Variable	NT=Formyl;AC=UNIMOD:122;TA=K;MT=Variable	NT=Trypsin;AC=MS:1001251	NT=Data-independent acquisition;AC=PRIDE:0000450	NT=beam-type collision-induced dissociation;AC=MS:1000422	not available	not available	not applicable	not applicable	1	1	RBE_A10_DIA_IO_L15_Slot2-17_1_5106.d	v1.1.0	NT=ms-proteomics;VV=v1.1.0	NT=human;VV=v1.1.0	NT=cell-lines;VV=v1.1.0	NT=single-cell;VV=v1.0.0	NT=clinical-metadata;VV=v1.0.0	manual curation	RBE	untreated
RBE_A11_Slot2-18	NT=Homo sapiens;AC=NCBITaxon:9606	NT=liver;AC=UBERON:0002107	NT=epithelial cell;AC=CL:0000066	NT=intrahepatic cholangiocarcinoma;AC=MONDO:0003210	RBE	CVCL_4896	RBE	64Y	female	NT=Japanese;AC=HANCESTRO:0019	NT=Roswell Park Memorial Institute 1640 Medium;AC=NCIT:C178973	cell	NT=single cell;AC=PRIDE:0000897	not pooled	untreated	not applicable	not applicable	not applicable	cellenONE	A11_Slot2-18	1	2	run 264	proteomic profiling by mass spectrometry	NT=timsTOF SCP;AC=MS:1003231	NT=label free sample;AC=MS:1002038	NT=Oxidation;AC=UNIMOD:35;TA=M;MT=Variable	NT=Acetyl;AC=UNIMOD:1;PP=Protein N-term;MT=Variable	NT=Acetyl;AC=UNIMOD:1;TA=K;MT=Variable	NT=Phospho;AC=UNIMOD:21;TA=S,T,Y;MT=Variable	NT=Methyl;AC=UNIMOD:34;TA=K;MT=Variable	NT=Dimethyl;AC=UNIMOD:36;TA=K;MT=Variable	NT=Trimethyl;AC=UNIMOD:37;TA=K;MT=Variable	NT=Formyl;AC=UNIMOD:122;TA=K;MT=Variable	NT=Trypsin;AC=MS:1001251	NT=Data-independent acquisition;AC=PRIDE:0000450	NT=beam-type collision-induced dissociation;AC=MS:1000422	not available	not available	not applicable	not applicable	1	1	RBE_A11_DIA_IO_L15_Slot2-18_1_5107.d	v1.1.0	NT=ms-proteomics;VV=v1.1.0	NT=human;VV=v1.1.0	NT=cell-lines;VV=v1.1.0	NT=single-cell;VV=v1.0.0	NT=clinical-metadata;VV=v1.0.0	manual curation	RBE	untreated
RBE_A12_Slot2-19	NT=Homo sapiens;AC=NCBITaxon:9606	NT=liver;AC=UBERON:0002107	NT=epithelial cell;AC=CL:0000066	NT=intrahepatic cholangiocarcinoma;AC=MONDO:0003210	RBE	CVCL_4896	RBE	64Y	female	NT=Japanese;AC=HANCESTRO:0019	NT=Roswell Park Memorial Institute 1640 Medium;AC=NCIT:C178973	cell	NT=single cell;AC=PRIDE:0000897	not pooled	untreated	not applicable	not applicable	not applicable	cellenONE	A12_Slot2-19	1	3	run 265	proteomic profiling by mass spectrometry	NT=timsTOF SCP;AC=MS:1003231	NT=label free sample;AC=MS:1002038	NT=Oxidation;AC=UNIMOD:35;TA=M;MT=Variable	NT=Acetyl;AC=UNIMOD:1;PP=Protein N-term;MT=Variable	NT=Acetyl;AC=UNIMOD:1;TA=K;MT=Variable	NT=Phospho;AC=UNIMOD:21;TA=S,T,Y;MT=Variable	NT=Methyl;AC=UNIMOD:34;TA=K;MT=Variable	NT=Dimethyl;AC=UNIMOD:36;TA=K;MT=Variable	NT=Trimethyl;AC=UNIMOD:37;TA=K;MT=Variable	NT=Formyl;AC=UNIMOD:122;TA=K;MT=Variable	NT=Trypsin;AC=MS:1001251	NT=Data-independent acquisition;AC=PRIDE:0000450	NT=beam-type collision-induced dissociation;AC=MS:1000422	not available	not available	not applicable	not applicable	1	1	RBE_A12_DIA_IO_L15_Slot2-19_1_5108.d	v1.1.0	NT=ms-proteomics;VV=v1.1.0	NT=human;VV=v1.1.0	NT=cell-lines;VV=v1.1.0	NT=single-cell;VV=v1.0.0	NT=clinical-metadata;VV=v1.0.0	manual curation	RBE	untreated
RBE_A3_Slot2-10	NT=Homo sapiens;AC=NCBITaxon:9606	NT=liver;AC=UBERON:0002107	NT=epithelial cell;AC=CL:0000066	NT=intrahepatic cholangiocarcinoma;AC=MONDO:0003210	RBE	CVCL_4896	RBE	64Y	female	NT=Japanese;AC=HANCESTRO:0019	NT=Roswell Park Memorial Institute 1640 Medium;AC=NCIT:C178973	cell	NT=single cell;AC=PRIDE:0000897	not pooled	untreated	not applicable	not applicable	not applicable	cellenONE	A3_Slot2-10	1	4	run 266	proteomic profiling by mass spectrometry	NT=timsTOF SCP;AC=MS:1003231	NT=label free sample;AC=MS:1002038	NT=Oxidation;AC=UNIMOD:35;TA=M;MT=Variable	NT=Acetyl;AC=UNIMOD:1;PP=Protein N-term;MT=Variable	NT=Acetyl;AC=UNIMOD:1;TA=K;MT=Variable	NT=Phospho;AC=UNIMOD:21;TA=S,T,Y;MT=Variable	NT=Methyl;AC=UNIMOD:34;TA=K;MT=Variable	NT=Dimethyl;AC=UNIMOD:36;TA=K;MT=Variable	NT=Trimethyl;AC=UNIMOD:37;TA=K;MT=Variable	NT=Formyl;AC=UNIMOD:122;TA=K;MT=Variable	NT=Trypsin;AC=MS:1001251	NT=Data-independent acquisition;AC=PRIDE:0000450	NT=beam-type collision-induced dissociation;AC=MS:1000422	not available	not available	not applicable	not applicable	1	1	RBE_A3_DIA_IO_L15_Slot2-10_1_5099.d	v1.1.0	NT=ms-proteomics;VV=v1.1.0	NT=human;VV=v1.1.0	NT=cell-lines;VV=v1.1.0	NT=single-cell;VV=v1.0.0	NT=clinical-metadata;VV=v1.0.0	manual curation	RBE	untreated
RBE_A4_Slot2-11	NT=Homo sapiens;AC=NCBITaxon:9606	NT=liver;AC=UBERON:0002107	NT=epithelial cell;AC=CL:0000066	NT=intrahepatic cholangiocarcinoma;AC=MONDO:0003210	RBE	CVCL_4896	RBE	64Y	female	NT=Japanese;AC=HANCESTRO:0019	NT=Roswell Park Memorial Institute 1640 Medium;AC=NCIT:C178973	cell	NT=single cell;AC=PRIDE:0000897	not pooled	untreated	not applicable	not applicable	not applicable	cellenONE	A4_Slot2-11	1	5	run 267	proteomic profiling by mass spectrometry	NT=timsTOF SCP;AC=MS:1003231	NT=label free sample;AC=MS:1002038	NT=Oxidation;AC=UNIMOD:35;TA=M;MT=Variable	NT=Acetyl;AC=UNIMOD:1;PP=Protein N-term;MT=Variable	NT=Acetyl;AC=UNIMOD:1;TA=K;MT=Variable	NT=Phospho;AC=UNIMOD:21;TA=S,T,Y;MT=Variable	NT=Methyl;AC=UNIMOD:34;TA=K;MT=Variable	NT=Dimethyl;AC=UNIMOD:36;TA=K;MT=Variable	NT=Trimethyl;AC=UNIMOD:37;TA=K;MT=Variable	NT=Formyl;AC=UNIMOD:122;TA=K;MT=Variable	NT=Trypsin;AC=MS:1001251	NT=Data-independent acquisition;AC=PRIDE:0000450	NT=beam-type collision-induced dissociation;AC=MS:1000422	not available	not available	not applicable	not applicable	1	1	RBE_A4_DIA_IO_L15_Slot2-11_1_5100.d	v1.1.0	NT=ms-proteomics;VV=v1.1.0	NT=human;VV=v1.1.0	NT=cell-lines;VV=v1.1.0	NT=single-cell;VV=v1.0.0	NT=clinical-metadata;VV=v1.0.0	manual curation	RBE	untreated
RBE_A5_Slot2-12	NT=Homo sapiens;AC=NCBITaxon:9606	NT=liver;AC=UBERON:0002107	NT=epithelial cell;AC=CL:0000066	NT=intrahepatic cholangiocarcinoma;AC=MONDO:0003210	RBE	CVCL_4896	RBE	64Y	female	NT=Japanese;AC=HANCESTRO:0019	NT=Roswell Park Memorial Institute 1640 Medium;AC=NCIT:C178973	cell	NT=single cell;AC=PRIDE:0000897	not pooled	untreated	not applicable	not applicable	not applicable	cellenONE	A5_Slot2-12	1	6	run 268	proteomic profiling by mass spectrometry	NT=timsTOF SCP;AC=MS:1003231	NT=label free sample;AC=MS:1002038	NT=Oxidation;AC=UNIMOD:35;TA=M;MT=Variable	NT=Acetyl;AC=UNIMOD:1;PP=Protein N-term;MT=Variable	NT=Acetyl;AC=UNIMOD:1;TA=K;MT=Variable	NT=Phospho;AC=UNIMOD:21;TA=S,T,Y;MT=Variable	NT=Methyl;AC=UNIMOD:34;TA=K;MT=Variable	NT=Dimethyl;AC=UNIMOD:36;TA=K;MT=Variable	NT=Trimethyl;AC=UNIMOD:37;TA=K;MT=Variable	NT=Formyl;AC=UNIMOD:122;TA=K;MT=Variable	NT=Trypsin;AC=MS:1001251	NT=Data-independent acquisition;AC=PRIDE:0000450	NT=beam-type collision-induced dissociation;AC=MS:1000422	not available	not available	not applicable	not applicable	1	1	RBE_A5_DIA_IO_L15_Slot2-12_1_5101.d	v1.1.0	NT=ms-proteomics;VV=v1.1.0	NT=human;VV=v1.1.0	NT=cell-lines;VV=v1.1.0	NT=single-cell;VV=v1.0.0	NT=clinical-metadata;VV=v1.0.0	manual curation	RBE	untreated
RBE_A6_Slot2-13	NT=Homo sapiens;AC=NCBITaxon:9606	NT=liver;AC=UBERON:0002107	NT=epithelial cell;AC=CL:0000066	NT=intrahepatic cholangiocarcinoma;AC=MONDO:0003210	RBE	CVCL_4896	RBE	64Y	female	NT=Japanese;AC=HANCESTRO:0019	NT=Roswell Park Memorial Institute 1640 Medium;AC=NCIT:C178973	cell	NT=single cell;AC=PRIDE:0000897	not pooled	untreated	not applicable	not applicable	not applicable	cellenONE	A6_Slot2-13	1	7	run 269	proteomic profiling by mass spectrometry	NT=timsTOF SCP;AC=MS:1003231	NT=label free sample;AC=MS:1002038	NT=Oxidation;AC=UNIMOD:35;TA=M;MT=Variable	NT=Acetyl;AC=UNIMOD:1;PP=Protein N-term;MT=Variable	NT=Acetyl;AC=UNIMOD:1;TA=K;MT=Variable	NT=Phospho;AC=UNIMOD:21;TA=S,T,Y;MT=Variable	NT=Methyl;AC=UNIMOD:34;TA=K;MT=Variable	NT=Dimethyl;AC=UNIMOD:36;TA=K;MT=Variable	NT=Trimethyl;AC=UNIMOD:37;TA=K;MT=Variable	NT=Formyl;AC=UNIMOD:122;TA=K;MT=Variable	NT=Trypsin;AC=MS:1001251	NT=Data-independent acquisition;AC=PRIDE:0000450	NT=beam-type collision-induced dissociation;AC=MS:1000422	not available	not available	not applicable	not applicable	1	1	RBE_A6_DIA_IO_L15_Slot2-13_1_5102.d	v1.1.0	NT=ms-proteomics;VV=v1.1.0	NT=human;VV=v1.1.0	NT=cell-lines;VV=v1.1.0	NT=single-cell;VV=v1.0.0	NT=clinical-metadata;VV=v1.0.0	manual curation	RBE	untreated
RBE_A7_Slot2-14	NT=Homo sapiens;AC=NCBITaxon:9606	NT=liver;AC=UBERON:0002107	NT=epithelial cell;AC=CL:0000066	NT=intrahepatic cholangiocarcinoma;AC=MONDO:0003210	RBE	CVCL_4896	RBE	64Y	female	NT=Japanese;AC=HANCESTRO:0019	NT=Roswell Park Memorial Institute 1640 Medium;AC=NCIT:C178973	cell	NT=single cell;AC=PRIDE:0000897	not pooled	untreated	not applicable	not applicable	not applicable	cellenONE	A7_Slot2-14	1	8	run 270	proteomic profiling by mass spectrometry	NT=timsTOF SCP;AC=MS:1003231	NT=label free sample;AC=MS:1002038	NT=Oxidation;AC=UNIMOD:35;TA=M;MT=Variable	NT=Acetyl;AC=UNIMOD:1;PP=Protein N-term;MT=Variable	NT=Acetyl;AC=UNIMOD:1;TA=K;MT=Variable	NT=Phospho;AC=UNIMOD:21;TA=S,T,Y;MT=Variable	NT=Methyl;AC=UNIMOD:34;TA=K;MT=Variable	NT=Dimethyl;AC=UNIMOD:36;TA=K;MT=Variable	NT=Trimethyl;AC=UNIMOD:37;TA=K;MT=Variable	NT=Formyl;AC=UNIMOD:122;TA=K;MT=Variable	NT=Trypsin;AC=MS:1001251	NT=Data-independent acquisition;AC=PRIDE:0000450	NT=beam-type collision-induced dissociation;AC=MS:1000422	not available	not available	not applicable	not applicable	1	1	RBE_A7_DIA_IO_L15_Slot2-14_1_5103.d	v1.1.0	NT=ms-proteomics;VV=v1.1.0	NT=human;VV=v1.1.0	NT=cell-lines;VV=v1.1.0	NT=single-cell;VV=v1.0.0	NT=clinical-metadata;VV=v1.0.0	manual curation	RBE	untreated
RBE_A8_Slot2-15	NT=Homo sapiens;AC=NCBITaxon:9606	NT=liver;AC=UBERON:0002107	NT=epithelial cell;AC=CL:0000066	NT=intrahepatic cholangiocarcinoma;AC=MONDO:0003210	RBE	CVCL_4896	RBE	64Y	female	NT=Japanese;AC=HANCESTRO:0019	NT=Roswell Park Memorial Institute 1640 Medium;AC=NCIT:C178973	cell	NT=single cell;AC=PRIDE:0000897	not pooled	untreated	not applicable	not applicable	not applicable	cellenONE	A8_Slot2-15	1	9	run 271	proteomic profiling by mass spectrometry	NT=timsTOF SCP;AC=MS:1003231	NT=label free sample;AC=MS:1002038	NT=Oxidation;AC=UNIMOD:35;TA=M;MT=Variable	NT=Acetyl;AC=UNIMOD:1;PP=Protein N-term;MT=Variable	NT=Acetyl;AC=UNIMOD:1;TA=K;MT=Variable	NT=Phospho;AC=UNIMOD:21;TA=S,T,Y;MT=Variable	NT=Methyl;AC=UNIMOD:34;TA=K;MT=Variable	NT=Dimethyl;AC=UNIMOD:36;TA=K;MT=Variable	NT=Trimethyl;AC=UNIMOD:37;TA=K;MT=Variable	NT=Formyl;AC=UNIMOD:122;TA=K;MT=Variable	NT=Trypsin;AC=MS:1001251	NT=Data-independent acquisition;AC=PRIDE:0000450	NT=beam-type collision-induced dissociation;AC=MS:1000422	not available	not available	not applicable	not applicable	1	1	RBE_A8_DIA_IO_L15_Slot2-15_1_5104.d	v1.1.0	NT=ms-proteomics;VV=v1.1.0	NT=human;VV=v1.1.0	NT=cell-lines;VV=v1.1.0	NT=single-cell;VV=v1.0.0	NT=clinical-metadata;VV=v1.0.0	manual curation	RBE	untreated
RBE_A9_Slot2-16	NT=Homo sapiens;AC=NCBITaxon:9606	NT=liver;AC=UBERON:0002107	NT=epithelial cell;AC=CL:0000066	NT=intrahepatic cholangiocarcinoma;AC=MONDO:0003210	RBE	CVCL_4896	RBE	64Y	female	NT=Japanese;AC=HANCESTRO:0019	NT=Roswell Park Memorial Institute 1640 Medium;AC=NCIT:C178973	cell	NT=single cell;AC=PRIDE:0000897	not pooled	untreated	not applicable	not applicable	not applicable	cellenONE	A9_Slot2-16	1	10	run 272	proteomic profiling by mass spectrometry	NT=timsTOF SCP;AC=MS:1003231	NT=label free sample;AC=MS:1002038	NT=Oxidation;AC=UNIMOD:35;TA=M;MT=Variable	NT=Acetyl;AC=UNIMOD:1;PP=Protein N-term;MT=Variable	NT=Acetyl;AC=UNIMOD:1;TA=K;MT=Variable	NT=Phospho;AC=UNIMOD:21;TA=S,T,Y;MT=Variable	NT=Methyl;AC=UNIMOD:34;TA=K;MT=Variable	NT=Dimethyl;AC=UNIMOD:36;TA=K;MT=Variable	NT=Trimethyl;AC=UNIMOD:37;TA=K;MT=Variable	NT=Formyl;AC=UNIMOD:122;TA=K;MT=Variable	NT=Trypsin;AC=MS:1001251	NT=Data-independent acquisition;AC=PRIDE:0000450	NT=beam-type collision-induced dissociation;AC=MS:1000422	not available	not available	not applicable	not applicable	1	1	RBE_A9_DIA_IO_L15_Slot2-16_1_5105.d	v1.1.0	NT=ms-proteomics;VV=v1.1.0	NT=human;VV=v1.1.0	NT=cell-lines;VV=v1.1.0	NT=single-cell;VV=v1.0.0	NT=clinical-metadata;VV=v1.0.0	manual curation	RBE	untreated
RBE_B10_Slot2-49	NT=Homo sapiens;AC=NCBITaxon:9606	NT=liver;AC=UBERON:0002107	NT=epithelial cell;AC=CL:0000066	NT=intrahepatic cholangiocarcinoma;AC=MONDO:0003210	RBE	CVCL_4896	RBE	64Y	female	NT=Japanese;AC=HANCESTRO:0019	NT=Roswell Park Memorial Institute 1640 Medium;AC=NCIT:C178973	cell	NT=single cell;AC=PRIDE:0000897	not pooled	untreated	not applicable	not applicable	not applicable	cellenONE	B10_Slot2-49	1	11	run 273	proteomic profiling by mass spectrometry	NT=timsTOF SCP;AC=MS:1003231	NT=label free sample;AC=MS:1002038	NT=Oxidation;AC=UNIMOD:35;TA=M;MT=Variable	NT=Acetyl;AC=UNIMOD:1;PP=Protein N-term;MT=Variable	NT=Acetyl;AC=UNIMOD:1;TA=K;MT=Variable	NT=Phospho;AC=UNIMOD:21;TA=S,T,Y;MT=Variable	NT=Methyl;AC=UNIMOD:34;TA=K;MT=Variable	NT=Dimethyl;AC=UNIMOD:36;TA=K;MT=Variable	NT=Trimethyl;AC=UNIMOD:37;TA=K;MT=Variable	NT=Formyl;AC=UNIMOD:122;TA=K;MT=Variable	NT=Trypsin;AC=MS:1001251	NT=Data-independent acquisition;AC=PRIDE:0000450	NT=beam-type collision-induced dissociation;AC=MS:1000422	not available	not available	not applicable	not applicable	1	1	RBE_B10_DIA_IO_L15_Slot2-49_1_5053.d	v1.1.0	NT=ms-proteomics;VV=v1.1.0	NT=human;VV=v1.1.0	NT=cell-lines;VV=v1.1.0	NT=single-cell;VV=v1.0.0	NT=clinical-metadata;VV=v1.0.0	manual curation	RBE	untreated
RBE_B11_Slot2-50	NT=Homo sapiens;AC=NCBITaxon:9606	NT=liver;AC=UBERON:0002107	NT=epithelial cell;AC=CL:0000066	NT=intrahepatic cholangiocarcinoma;AC=MONDO:0003210	RBE	CVCL_4896	RBE	64Y	female	NT=Japanese;AC=HANCESTRO:0019	NT=Roswell Park Memorial Institute 1640 Medium;AC=NCIT:C178973	cell	NT=single cell;AC=PRIDE:0000897	not pooled	untreated	not applicable	not applicable	not applicable	cellenONE	B11_Slot2-50	1	12	run 274	proteomic profiling by mass spectrometry	NT=timsTOF SCP;AC=MS:1003231	NT=label free sample;AC=MS:1002038	NT=Oxidation;AC=UNIMOD:35;TA=M;MT=Variable	NT=Acetyl;AC=UNIMOD:1;PP=Protein N-term;MT=Variable	NT=Acetyl;AC=UNIMOD:1;TA=K;MT=Variable	NT=Phospho;AC=UNIMOD:21;TA=S,T,Y;MT=Variable	NT=Methyl;AC=UNIMOD:34;TA=K;MT=Variable	NT=Dimethyl;AC=UNIMOD:36;TA=K;MT=Variable	NT=Trimethyl;AC=UNIMOD:37;TA=K;MT=Variable	NT=Formyl;AC=UNIMOD:122;TA=K;MT=Variable	NT=Trypsin;AC=MS:1001251	NT=Data-independent acquisition;AC=PRIDE:0000450	NT=beam-type collision-induced dissociation;AC=MS:1000422	not available	not available	not applicable	not applicable	1	1	RBE_B11_DIA_IO_L15_Slot2-50_1_5054.d	v1.1.0	NT=ms-proteomics;VV=v1.1.0	NT=human;VV=v1.1.0	NT=cell-lines;VV=v1.1.0	NT=single-cell;VV=v1.0.0	NT=clinical-metadata;VV=v1.0.0	manual curation	RBE	untreated
RBE_B12_Slot2-51	NT=Homo sapiens;AC=NCBITaxon:9606	NT=liver;AC=UBERON:0002107	NT=epithelial cell;AC=CL:0000066	NT=intrahepatic cholangiocarcinoma;AC=MONDO:0003210	RBE	CVCL_4896	RBE	64Y	female	NT=Japanese;AC=HANCESTRO:0019	NT=Roswell Park Memorial Institute 1640 Medium;AC=NCIT:C178973	cell	NT=single cell;AC=PRIDE:0000897	not pooled	untreated	not applicable	not applicable	not applicable	cellenONE	B12_Slot2-51	1	13	run 275	proteomic profiling by mass spectrometry	NT=timsTOF SCP;AC=MS:1003231	NT=label free sample;AC=MS:1002038	NT=Oxidation;AC=UNIMOD:35;TA=M;MT=Variable	NT=Acetyl;AC=UNIMOD:1;PP=Protein N-term;MT=Variable	NT=Acetyl;AC=UNIMOD:1;TA=K;MT=Variable	NT=Phospho;AC=UNIMOD:21;TA=S,T,Y;MT=Variable	NT=Methyl;AC=UNIMOD:34;TA=K;MT=Variable	NT=Dimethyl;AC=UNIMOD:36;TA=K;MT=Variable	NT=Trimethyl;AC=UNIMOD:37;TA=K;MT=Variable	NT=Formyl;AC=UNIMOD:122;TA=K;MT=Variable	NT=Trypsin;AC=MS:1001251	NT=Data-independent acquisition;AC=PRIDE:0000450	NT=beam-type collision-induced dissociation;AC=MS:1000422	not available	not available	not applicable	not applicable	1	1	RBE_B12_DIA_IO_L15_Slot2-51_1_5055.d	v1.1.0	NT=ms-proteomics;VV=v1.1.0	NT=human;VV=v1.1.0	NT=cell-lines;VV=v1.1.0	NT=single-cell;VV=v1.0.0	NT=clinical-metadata;VV=v1.0.0	manual curation	RBE	untreated
RBE_B2_Slot2-41	NT=Homo sapiens;AC=NCBITaxon:9606	NT=liver;AC=UBERON:0002107	NT=epithelial cell;AC=CL:0000066	NT=intrahepatic cholangiocarcinoma;AC=MONDO:0003210	RBE	CVCL_4896	RBE	64Y	female	NT=Japanese;AC=HANCESTRO:0019	NT=Roswell Park Memorial Institute 1640 Medium;AC=NCIT:C178973	cell	NT=single cell;AC=PRIDE:0000897	not pooled	untreated	not applicable	not applicable	not applicable	cellenONE	B2_Slot2-41	1	14	run 276	proteomic profiling by mass spectrometry	NT=timsTOF SCP;AC=MS:1003231	NT=label free sample;AC=MS:1002038	NT=Oxidation;AC=UNIMOD:35;TA=M;MT=Variable	NT=Acetyl;AC=UNIMOD:1;PP=Protein N-term;MT=Variable	NT=Acetyl;AC=UNIMOD:1;TA=K;MT=Variable	NT=Phospho;AC=UNIMOD:21;TA=S,T,Y;MT=Variable	NT=Methyl;AC=UNIMOD:34;TA=K;MT=Variable	NT=Dimethyl;AC=UNIMOD:36;TA=K;MT=Variable	NT=Trimethyl;AC=UNIMOD:37;TA=K;MT=Variable	NT=Formyl;AC=UNIMOD:122;TA=K;MT=Variable	NT=Trypsin;AC=MS:1001251	NT=Data-independent acquisition;AC=PRIDE:0000450	NT=beam-type collision-induced dissociation;AC=MS:1000422	not available	not available	not applicable	not applicable	1	1	RBE_B2_DIA_IO_L15_Slot2-41_1_5039.d	v1.1.0	NT=ms-proteomics;VV=v1.1.0	NT=human;VV=v1.1.0	NT=cell-lines;VV=v1.1.0	NT=single-cell;VV=v1.0.0	NT=clinical-metadata;VV=v1.0.0	manual curation	RBE	untreated
RBE_B3_Slot2-42	NT=Homo sapiens;AC=NCBITaxon:9606	NT=liver;AC=UBERON:0002107	NT=epithelial cell;AC=CL:0000066	NT=intrahepatic cholangiocarcinoma;AC=MONDO:0003210	RBE	CVCL_4896	RBE	64Y	female	NT=Japanese;AC=HANCESTRO:0019	NT=Roswell Park Memorial Institute 1640 Medium;AC=NCIT:C178973	cell	NT=single cell;AC=PRIDE:0000897	not pooled	untreated	not applicable	not applicable	not applicable	cellenONE	B3_Slot2-42	1	15	run 277	proteomic profiling by mass spectrometry	NT=timsTOF SCP;AC=MS:1003231	NT=label free sample;AC=MS:1002038	NT=Oxidation;AC=UNIMOD:35;TA=M;MT=Variable	NT=Acetyl;AC=UNIMOD:1;PP=Protein N-term;MT=Variable	NT=Acetyl;AC=UNIMOD:1;TA=K;MT=Variable	NT=Phospho;AC=UNIMOD:21;TA=S,T,Y;MT=Variable	NT=Methyl;AC=UNIMOD:34;TA=K;MT=Variable	NT=Dimethyl;AC=UNIMOD:36;TA=K;MT=Variable	NT=Trimethyl;AC=UNIMOD:37;TA=K;MT=Variable	NT=Formyl;AC=UNIMOD:122;TA=K;MT=Variable	NT=Trypsin;AC=MS:1001251	NT=Data-independent acquisition;AC=PRIDE:0000450	NT=beam-type collision-induced dissociation;AC=MS:1000422	not available	not available	not applicable	not applicable	1	1	RBE_B3_DIA_IO_L15_Slot2-42_1_5046.d	v1.1.0	NT=ms-proteomics;VV=v1.1.0	NT=human;VV=v1.1.0	NT=cell-lines;VV=v1.1.0	NT=single-cell;VV=v1.0.0	NT=clinical-metadata;VV=v1.0.0	manual curation	RBE	untreated
RBE_B4_Slot2-43	NT=Homo sapiens;AC=NCBITaxon:9606	NT=liver;AC=UBERON:0002107	NT=epithelial cell;AC=CL:0000066	NT=intrahepatic cholangiocarcinoma;AC=MONDO:0003210	RBE	CVCL_4896	RBE	64Y	female	NT=Japanese;AC=HANCESTRO:0019	NT=Roswell Park Memorial Institute 1640 Medium;AC=NCIT:C178973	cell	NT=single cell;AC=PRIDE:0000897	not pooled	untreated	not applicable	not applicable	not applicable	cellenONE	B4_Slot2-43	1	16	run 278	proteomic profiling by mass spectrometry	NT=timsTOF SCP;AC=MS:1003231	NT=label free sample;AC=MS:1002038	NT=Oxidation;AC=UNIMOD:35;TA=M;MT=Variable	NT=Acetyl;AC=UNIMOD:1;PP=Protein N-term;MT=Variable	NT=Acetyl;AC=UNIMOD:1;TA=K;MT=Variable	NT=Phospho;AC=UNIMOD:21;TA=S,T,Y;MT=Variable	NT=Methyl;AC=UNIMOD:34;TA=K;MT=Variable	NT=Dimethyl;AC=UNIMOD:36;TA=K;MT=Variable	NT=Trimethyl;AC=UNIMOD:37;TA=K;MT=Variable	NT=Formyl;AC=UNIMOD:122;TA=K;MT=Variable	NT=Trypsin;AC=MS:1001251	NT=Data-independent acquisition;AC=PRIDE:0000450	NT=beam-type collision-induced dissociation;AC=MS:1000422	not available	not available	not applicable	not applicable	1	1	RBE_B4_DIA_IO_L15_Slot2-43_1_5047.d	v1.1.0	NT=ms-proteomics;VV=v1.1.0	NT=human;VV=v1.1.0	NT=cell-lines;VV=v1.1.0	NT=single-cell;VV=v1.0.0	NT=clinical-metadata;VV=v1.0.0	manual curation	RBE	untreated
RBE_B6_Slot2-45	NT=Homo sapiens;AC=NCBITaxon:9606	NT=liver;AC=UBERON:0002107	NT=epithelial cell;AC=CL:0000066	NT=intrahepatic cholangiocarcinoma;AC=MONDO:0003210	RBE	CVCL_4896	RBE	64Y	female	NT=Japanese;AC=HANCESTRO:0019	NT=Roswell Park Memorial Institute 1640 Medium;AC=NCIT:C178973	cell	NT=single cell;AC=PRIDE:0000897	not pooled	untreated	not applicable	not applicable	not applicable	cellenONE	B6_Slot2-45	1	17	run 279	proteomic profiling by mass spectrometry	NT=timsTOF SCP;AC=MS:1003231	NT=label free sample;AC=MS:1002038	NT=Oxidation;AC=UNIMOD:35;TA=M;MT=Variable	NT=Acetyl;AC=UNIMOD:1;PP=Protein N-term;MT=Variable	NT=Acetyl;AC=UNIMOD:1;TA=K;MT=Variable	NT=Phospho;AC=UNIMOD:21;TA=S,T,Y;MT=Variable	NT=Methyl;AC=UNIMOD:34;TA=K;MT=Variable	NT=Dimethyl;AC=UNIMOD:36;TA=K;MT=Variable	NT=Trimethyl;AC=UNIMOD:37;TA=K;MT=Variable	NT=Formyl;AC=UNIMOD:122;TA=K;MT=Variable	NT=Trypsin;AC=MS:1001251	NT=Data-independent acquisition;AC=PRIDE:0000450	NT=beam-type collision-induced dissociation;AC=MS:1000422	not available	not available	not applicable	not applicable	1	1	RBE_B6_DIA_IO_L15_Slot2-45_1_5049.d	v1.1.0	NT=ms-proteomics;VV=v1.1.0	NT=human;VV=v1.1.0	NT=cell-lines;VV=v1.1.0	NT=single-cell;VV=v1.0.0	NT=clinical-metadata;VV=v1.0.0	manual curation	RBE	untreated
RBE_B7_Slot2-46	NT=Homo sapiens;AC=NCBITaxon:9606	NT=liver;AC=UBERON:0002107	NT=epithelial cell;AC=CL:0000066	NT=intrahepatic cholangiocarcinoma;AC=MONDO:0003210	RBE	CVCL_4896	RBE	64Y	female	NT=Japanese;AC=HANCESTRO:0019	NT=Roswell Park Memorial Institute 1640 Medium;AC=NCIT:C178973	cell	NT=single cell;AC=PRIDE:0000897	not pooled	untreated	not applicable	not applicable	not applicable	cellenONE	B7_Slot2-46	1	18	run 280	proteomic profiling by mass spectrometry	NT=timsTOF SCP;AC=MS:1003231	NT=label free sample;AC=MS:1002038	NT=Oxidation;AC=UNIMOD:35;TA=M;MT=Variable	NT=Acetyl;AC=UNIMOD:1;PP=Protein N-term;MT=Variable	NT=Acetyl;AC=UNIMOD:1;TA=K;MT=Variable	NT=Phospho;AC=UNIMOD:21;TA=S,T,Y;MT=Variable	NT=Methyl;AC=UNIMOD:34;TA=K;MT=Variable	NT=Dimethyl;AC=UNIMOD:36;TA=K;MT=Variable	NT=Trimethyl;AC=UNIMOD:37;TA=K;MT=Variable	NT=Formyl;AC=UNIMOD:122;TA=K;MT=Variable	NT=Trypsin;AC=MS:1001251	NT=Data-independent acquisition;AC=PRIDE:0000450	NT=beam-type collision-induced dissociation;AC=MS:1000422	not available	not available	not applicable	not applicable	1	1	RBE_B7_DIA_IO_L15_Slot2-46_1_5050.d	v1.1.0	NT=ms-proteomics;VV=v1.1.0	NT=human;VV=v1.1.0	NT=cell-lines;VV=v1.1.0	NT=single-cell;VV=v1.0.0	NT=clinical-metadata;VV=v1.0.0	manual curation	RBE	untreated
RBE_B8_Slot2-47	NT=Homo sapiens;AC=NCBITaxon:9606	NT=liver;AC=UBERON:0002107	NT=epithelial cell;AC=CL:0000066	NT=intrahepatic cholangiocarcinoma;AC=MONDO:0003210	RBE	CVCL_4896	RBE	64Y	female	NT=Japanese;AC=HANCESTRO:0019	NT=Roswell Park Memorial Institute 1640 Medium;AC=NCIT:C178973	cell	NT=single cell;AC=PRIDE:0000897	not pooled	untreated	not applicable	not applicable	not applicable	cellenONE	B8_Slot2-47	1	19	run 281	proteomic profiling by mass spectrometry	NT=timsTOF SCP;AC=MS:1003231	NT=label free sample;AC=MS:1002038	NT=Oxidation;AC=UNIMOD:35;TA=M;MT=Variable	NT=Acetyl;AC=UNIMOD:1;PP=Protein N-term;MT=Variable	NT=Acetyl;AC=UNIMOD:1;TA=K;MT=Variable	NT=Phospho;AC=UNIMOD:21;TA=S,T,Y;MT=Variable	NT=Methyl;AC=UNIMOD:34;TA=K;MT=Variable	NT=Dimethyl;AC=UNIMOD:36;TA=K;MT=Variable	NT=Trimethyl;AC=UNIMOD:37;TA=K;MT=Variable	NT=Formyl;AC=UNIMOD:122;TA=K;MT=Variable	NT=Trypsin;AC=MS:1001251	NT=Data-independent acquisition;AC=PRIDE:0000450	NT=beam-type collision-induced dissociation;AC=MS:1000422	not available	not available	not applicable	not applicable	1	1	RBE_B8_DIA_IO_L15_Slot2-47_1_5051.d	v1.1.0	NT=ms-proteomics;VV=v1.1.0	NT=human;VV=v1.1.0	NT=cell-lines;VV=v1.1.0	NT=single-cell;VV=v1.0.0	NT=clinical-metadata;VV=v1.0.0	manual curation	RBE	untreated
RBE_C11_Slot2-19	NT=Homo sapiens;AC=NCBITaxon:9606	NT=liver;AC=UBERON:0002107	NT=epithelial cell;AC=CL:0000066	NT=intrahepatic cholangiocarcinoma;AC=MONDO:0003210	RBE	CVCL_4896	RBE	64Y	female	NT=Japanese;AC=HANCESTRO:0019	NT=Roswell Park Memorial Institute 1640 Medium;AC=NCIT:C178973	cell	NT=single cell;AC=PRIDE:0000897	not pooled	untreated	not applicable	not applicable	not applicable	cellenONE	C11_Slot2-19	1	20	run 282	proteomic profiling by mass spectrometry	NT=timsTOF SCP;AC=MS:1003231	NT=label free sample;AC=MS:1002038	NT=Oxidation;AC=UNIMOD:35;TA=M;MT=Variable	NT=Acetyl;AC=UNIMOD:1;PP=Protein N-term;MT=Variable	NT=Acetyl;AC=UNIMOD:1;TA=K;MT=Variable	NT=Phospho;AC=UNIMOD:21;TA=S,T,Y;MT=Variable	NT=Methyl;AC=UNIMOD:34;TA=K;MT=Variable	NT=Dimethyl;AC=UNIMOD:36;TA=K;MT=Variable	NT=Trimethyl;AC=UNIMOD:37;TA=K;MT=Variable	NT=Formyl;AC=UNIMOD:122;TA=K;MT=Variable	NT=Trypsin;AC=MS:1001251	NT=Data-independent acquisition;AC=PRIDE:0000450	NT=beam-type collision-induced dissociation;AC=MS:1000422	not available	not available	not applicable	not applicable	1	1	RBE_C11_DIA_IO_L15_Slot2-19_1_5065.d	v1.1.0	NT=ms-proteomics;VV=v1.1.0	NT=human;VV=v1.1.0	NT=cell-lines;VV=v1.1.0	NT=single-cell;VV=v1.0.0	NT=clinical-metadata;VV=v1.0.0	manual curation	RBE	untreated
RBE_C12_Slot2-20	NT=Homo sapiens;AC=NCBITaxon:9606	NT=liver;AC=UBERON:0002107	NT=epithelial cell;AC=CL:0000066	NT=intrahepatic cholangiocarcinoma;AC=MONDO:0003210	RBE	CVCL_4896	RBE	64Y	female	NT=Japanese;AC=HANCESTRO:0019	NT=Roswell Park Memorial Institute 1640 Medium;AC=NCIT:C178973	cell	NT=single cell;AC=PRIDE:0000897	not pooled	untreated	not applicable	not applicable	not applicable	cellenONE	C12_Slot2-20	1	21	run 283	proteomic profiling by mass spectrometry	NT=timsTOF SCP;AC=MS:1003231	NT=label free sample;AC=MS:1002038	NT=Oxidation;AC=UNIMOD:35;TA=M;MT=Variable	NT=Acetyl;AC=UNIMOD:1;PP=Protein N-term;MT=Variable	NT=Acetyl;AC=UNIMOD:1;TA=K;MT=Variable	NT=Phospho;AC=UNIMOD:21;TA=S,T,Y;MT=Variable	NT=Methyl;AC=UNIMOD:34;TA=K;MT=Variable	NT=Dimethyl;AC=UNIMOD:36;TA=K;MT=Variable	NT=Trimethyl;AC=UNIMOD:37;TA=K;MT=Variable	NT=Formyl;AC=UNIMOD:122;TA=K;MT=Variable	NT=Trypsin;AC=MS:1001251	NT=Data-independent acquisition;AC=PRIDE:0000450	NT=beam-type collision-induced dissociation;AC=MS:1000422	not available	not available	not applicable	not applicable	1	1	RBE_C12_DIA_IO_L15_Slot2-20_1_5066.d	v1.1.0	NT=ms-proteomics;VV=v1.1.0	NT=human;VV=v1.1.0	NT=cell-lines;VV=v1.1.0	NT=single-cell;VV=v1.0.0	NT=clinical-metadata;VV=v1.0.0	manual curation	RBE	untreated
RBE_C2_Slot2-10	NT=Homo sapiens;AC=NCBITaxon:9606	NT=liver;AC=UBERON:0002107	NT=epithelial cell;AC=CL:0000066	NT=intrahepatic cholangiocarcinoma;AC=MONDO:0003210	RBE	CVCL_4896	RBE	64Y	female	NT=Japanese;AC=HANCESTRO:0019	NT=Roswell Park Memorial Institute 1640 Medium;AC=NCIT:C178973	cell	NT=single cell;AC=PRIDE:0000897	not pooled	untreated	not applicable	not applicable	not applicable	cellenONE	C2_Slot2-10	1	22	run 284	proteomic profiling by mass spectrometry	NT=timsTOF SCP;AC=MS:1003231	NT=label free sample;AC=MS:1002038	NT=Oxidation;AC=UNIMOD:35;TA=M;MT=Variable	NT=Acetyl;AC=UNIMOD:1;PP=Protein N-term;MT=Variable	NT=Acetyl;AC=UNIMOD:1;TA=K;MT=Variable	NT=Phospho;AC=UNIMOD:21;TA=S,T,Y;MT=Variable	NT=Methyl;AC=UNIMOD:34;TA=K;MT=Variable	NT=Dimethyl;AC=UNIMOD:36;TA=K;MT=Variable	NT=Trimethyl;AC=UNIMOD:37;TA=K;MT=Variable	NT=Formyl;AC=UNIMOD:122;TA=K;MT=Variable	NT=Trypsin;AC=MS:1001251	NT=Data-independent acquisition;AC=PRIDE:0000450	NT=beam-type collision-induced dissociation;AC=MS:1000422	not available	not available	not applicable	not applicable	1	1	RBE_C2_DIA_IO_L15_Slot2-10_1_5056.d	v1.1.0	NT=ms-proteomics;VV=v1.1.0	NT=human;VV=v1.1.0	NT=cell-lines;VV=v1.1.0	NT=single-cell;VV=v1.0.0	NT=clinical-metadata;VV=v1.0.0	manual curation	RBE	untreated
RBE_C4_Slot2-12	NT=Homo sapiens;AC=NCBITaxon:9606	NT=liver;AC=UBERON:0002107	NT=epithelial cell;AC=CL:0000066	NT=intrahepatic cholangiocarcinoma;AC=MONDO:0003210	RBE	CVCL_4896	RBE	64Y	female	NT=Japanese;AC=HANCESTRO:0019	NT=Roswell Park Memorial Institute 1640 Medium;AC=NCIT:C178973	cell	NT=single cell;AC=PRIDE:0000897	not pooled	untreated	not applicable	not applicable	not applicable	cellenONE	C4_Slot2-12	1	23	run 285	proteomic profiling by mass spectrometry	NT=timsTOF SCP;AC=MS:1003231	NT=label free sample;AC=MS:1002038	NT=Oxidation;AC=UNIMOD:35;TA=M;MT=Variable	NT=Acetyl;AC=UNIMOD:1;PP=Protein N-term;MT=Variable	NT=Acetyl;AC=UNIMOD:1;TA=K;MT=Variable	NT=Phospho;AC=UNIMOD:21;TA=S,T,Y;MT=Variable	NT=Methyl;AC=UNIMOD:34;TA=K;MT=Variable	NT=Dimethyl;AC=UNIMOD:36;TA=K;MT=Variable	NT=Trimethyl;AC=UNIMOD:37;TA=K;MT=Variable	NT=Formyl;AC=UNIMOD:122;TA=K;MT=Variable	NT=Trypsin;AC=MS:1001251	NT=Data-independent acquisition;AC=PRIDE:0000450	NT=beam-type collision-induced dissociation;AC=MS:1000422	not available	not available	not applicable	not applicable	1	1	RBE_C4_DIA_IO_L15_Slot2-12_1_5058.d	v1.1.0	NT=ms-proteomics;VV=v1.1.0	NT=human;VV=v1.1.0	NT=cell-lines;VV=v1.1.0	NT=single-cell;VV=v1.0.0	NT=clinical-metadata;VV=v1.0.0	manual curation	RBE	untreated
RBE_C6_Slot2-14	NT=Homo sapiens;AC=NCBITaxon:9606	NT=liver;AC=UBERON:0002107	NT=epithelial cell;AC=CL:0000066	NT=intrahepatic cholangiocarcinoma;AC=MONDO:0003210	RBE	CVCL_4896	RBE	64Y	female	NT=Japanese;AC=HANCESTRO:0019	NT=Roswell Park Memorial Institute 1640 Medium;AC=NCIT:C178973	cell	NT=single cell;AC=PRIDE:0000897	not pooled	untreated	not applicable	not applicable	not applicable	cellenONE	C6_Slot2-14	1	24	run 286	proteomic profiling by mass spectrometry	NT=timsTOF SCP;AC=MS:1003231	NT=label free sample;AC=MS:1002038	NT=Oxidation;AC=UNIMOD:35;TA=M;MT=Variable	NT=Acetyl;AC=UNIMOD:1;PP=Protein N-term;MT=Variable	NT=Acetyl;AC=UNIMOD:1;TA=K;MT=Variable	NT=Phospho;AC=UNIMOD:21;TA=S,T,Y;MT=Variable	NT=Methyl;AC=UNIMOD:34;TA=K;MT=Variable	NT=Dimethyl;AC=UNIMOD:36;TA=K;MT=Variable	NT=Trimethyl;AC=UNIMOD:37;TA=K;MT=Variable	NT=Formyl;AC=UNIMOD:122;TA=K;MT=Variable	NT=Trypsin;AC=MS:1001251	NT=Data-independent acquisition;AC=PRIDE:0000450	NT=beam-type collision-induced dissociation;AC=MS:1000422	not available	not available	not applicable	not applicable	1	1	RBE_C6_DIA_IO_L15_Slot2-14_1_5060.d	v1.1.0	NT=ms-proteomics;VV=v1.1.0	NT=human;VV=v1.1.0	NT=cell-lines;VV=v1.1.0	NT=single-cell;VV=v1.0.0	NT=clinical-metadata;VV=v1.0.0	manual curation	RBE	untreated
RBE_C7_Slot2-15	NT=Homo sapiens;AC=NCBITaxon:9606	NT=liver;AC=UBERON:0002107	NT=epithelial cell;AC=CL:0000066	NT=intrahepatic cholangiocarcinoma;AC=MONDO:0003210	RBE	CVCL_4896	RBE	64Y	female	NT=Japanese;AC=HANCESTRO:0019	NT=Roswell Park Memorial Institute 1640 Medium;AC=NCIT:C178973	cell	NT=single cell;AC=PRIDE:0000897	not pooled	untreated	not applicable	not applicable	not applicable	cellenONE	C7_Slot2-15	1	25	run 287	proteomic profiling by mass spectrometry	NT=timsTOF SCP;AC=MS:1003231	NT=label free sample;AC=MS:1002038	NT=Oxidation;AC=UNIMOD:35;TA=M;MT=Variable	NT=Acetyl;AC=UNIMOD:1;PP=Protein N-term;MT=Variable	NT=Acetyl;AC=UNIMOD:1;TA=K;MT=Variable	NT=Phospho;AC=UNIMOD:21;TA=S,T,Y;MT=Variable	NT=Methyl;AC=UNIMOD:34;TA=K;MT=Variable	NT=Dimethyl;AC=UNIMOD:36;TA=K;MT=Variable	NT=Trimethyl;AC=UNIMOD:37;TA=K;MT=Variable	NT=Formyl;AC=UNIMOD:122;TA=K;MT=Variable	NT=Trypsin;AC=MS:1001251	NT=Data-independent acquisition;AC=PRIDE:0000450	NT=beam-type collision-induced dissociation;AC=MS:1000422	not available	not available	not applicable	not applicable	1	1	RBE_C7_DIA_IO_L15_Slot2-15_1_5061.d	v1.1.0	NT=ms-proteomics;VV=v1.1.0	NT=human;VV=v1.1.0	NT=cell-lines;VV=v1.1.0	NT=single-cell;VV=v1.0.0	NT=clinical-metadata;VV=v1.0.0	manual curation	RBE	untreated
RBE_C8_Slot2-16	NT=Homo sapiens;AC=NCBITaxon:9606	NT=liver;AC=UBERON:0002107	NT=epithelial cell;AC=CL:0000066	NT=intrahepatic cholangiocarcinoma;AC=MONDO:0003210	RBE	CVCL_4896	RBE	64Y	female	NT=Japanese;AC=HANCESTRO:0019	NT=Roswell Park Memorial Institute 1640 Medium;AC=NCIT:C178973	cell	NT=single cell;AC=PRIDE:0000897	not pooled	untreated	not applicable	not applicable	not applicable	cellenONE	C8_Slot2-16	1	26	run 288	proteomic profiling by mass spectrometry	NT=timsTOF SCP;AC=MS:1003231	NT=label free sample;AC=MS:1002038	NT=Oxidation;AC=UNIMOD:35;TA=M;MT=Variable	NT=Acetyl;AC=UNIMOD:1;PP=Protein N-term;MT=Variable	NT=Acetyl;AC=UNIMOD:1;TA=K;MT=Variable	NT=Phospho;AC=UNIMOD:21;TA=S,T,Y;MT=Variable	NT=Methyl;AC=UNIMOD:34;TA=K;MT=Variable	NT=Dimethyl;AC=UNIMOD:36;TA=K;MT=Variable	NT=Trimethyl;AC=UNIMOD:37;TA=K;MT=Variable	NT=Formyl;AC=UNIMOD:122;TA=K;MT=Variable	NT=Trypsin;AC=MS:1001251	NT=Data-independent acquisition;AC=PRIDE:0000450	NT=beam-type collision-induced dissociation;AC=MS:1000422	not available	not available	not applicable	not applicable	1	1	RBE_C8_DIA_IO_L15_Slot2-16_1_5062.d	v1.1.0	NT=ms-proteomics;VV=v1.1.0	NT=human;VV=v1.1.0	NT=cell-lines;VV=v1.1.0	NT=single-cell;VV=v1.0.0	NT=clinical-metadata;VV=v1.0.0	manual curation	RBE	untreated
RBE_C9_Slot2-17	NT=Homo sapiens;AC=NCBITaxon:9606	NT=liver;AC=UBERON:0002107	NT=epithelial cell;AC=CL:0000066	NT=intrahepatic cholangiocarcinoma;AC=MONDO:0003210	RBE	CVCL_4896	RBE	64Y	female	NT=Japanese;AC=HANCESTRO:0019	NT=Roswell Park Memorial Institute 1640 Medium;AC=NCIT:C178973	cell	NT=single cell;AC=PRIDE:0000897	not pooled	untreated	not applicable	not applicable	not applicable	cellenONE	C9_Slot2-17	1	27	run 289	proteomic profiling by mass spectrometry	NT=timsTOF SCP;AC=MS:1003231	NT=label free sample;AC=MS:1002038	NT=Oxidation;AC=UNIMOD:35;TA=M;MT=Variable	NT=Acetyl;AC=UNIMOD:1;PP=Protein N-term;MT=Variable	NT=Acetyl;AC=UNIMOD:1;TA=K;MT=Variable	NT=Phospho;AC=UNIMOD:21;TA=S,T,Y;MT=Variable	NT=Methyl;AC=UNIMOD:34;TA=K;MT=Variable	NT=Dimethyl;AC=UNIMOD:36;TA=K;MT=Variable	NT=Trimethyl;AC=UNIMOD:37;TA=K;MT=Variable	NT=Formyl;AC=UNIMOD:122;TA=K;MT=Variable	NT=Trypsin;AC=MS:1001251	NT=Data-independent acquisition;AC=PRIDE:0000450	NT=beam-type collision-induced dissociation;AC=MS:1000422	not available	not available	not applicable	not applicable	1	1	RBE_C9_DIA_IO_L15_Slot2-17_1_5063.d	v1.1.0	NT=ms-proteomics;VV=v1.1.0	NT=human;VV=v1.1.0	NT=cell-lines;VV=v1.1.0	NT=single-cell;VV=v1.0.0	NT=clinical-metadata;VV=v1.0.0	manual curation	RBE	untreated
RBE_D10_Slot2-29	NT=Homo sapiens;AC=NCBITaxon:9606	NT=liver;AC=UBERON:0002107	NT=epithelial cell;AC=CL:0000066	NT=intrahepatic cholangiocarcinoma;AC=MONDO:0003210	RBE	CVCL_4896	RBE	64Y	female	NT=Japanese;AC=HANCESTRO:0019	NT=Roswell Park Memorial Institute 1640 Medium;AC=NCIT:C178973	cell	NT=single cell;AC=PRIDE:0000897	not pooled	untreated	not applicable	not applicable	not applicable	cellenONE	D10_Slot2-29	1	28	run 290	proteomic profiling by mass spectrometry	NT=timsTOF SCP;AC=MS:1003231	NT=label free sample;AC=MS:1002038	NT=Oxidation;AC=UNIMOD:35;TA=M;MT=Variable	NT=Acetyl;AC=UNIMOD:1;PP=Protein N-term;MT=Variable	NT=Acetyl;AC=UNIMOD:1;TA=K;MT=Variable	NT=Phospho;AC=UNIMOD:21;TA=S,T,Y;MT=Variable	NT=Methyl;AC=UNIMOD:34;TA=K;MT=Variable	NT=Dimethyl;AC=UNIMOD:36;TA=K;MT=Variable	NT=Trimethyl;AC=UNIMOD:37;TA=K;MT=Variable	NT=Formyl;AC=UNIMOD:122;TA=K;MT=Variable	NT=Trypsin;AC=MS:1001251	NT=Data-independent acquisition;AC=PRIDE:0000450	NT=beam-type collision-induced dissociation;AC=MS:1000422	not available	not available	not applicable	not applicable	1	1	RBE_D10_DIA_IO_L15_Slot2-29_1_5075.d	v1.1.0	NT=ms-proteomics;VV=v1.1.0	NT=human;VV=v1.1.0	NT=cell-lines;VV=v1.1.0	NT=single-cell;VV=v1.0.0	NT=clinical-metadata;VV=v1.0.0	manual curation	RBE	untreated
RBE_D2_Slot2-21	NT=Homo sapiens;AC=NCBITaxon:9606	NT=liver;AC=UBERON:0002107	NT=epithelial cell;AC=CL:0000066	NT=intrahepatic cholangiocarcinoma;AC=MONDO:0003210	RBE	CVCL_4896	RBE	64Y	female	NT=Japanese;AC=HANCESTRO:0019	NT=Roswell Park Memorial Institute 1640 Medium;AC=NCIT:C178973	cell	NT=single cell;AC=PRIDE:0000897	not pooled	untreated	not applicable	not applicable	not applicable	cellenONE	D2_Slot2-21	1	29	run 291	proteomic profiling by mass spectrometry	NT=timsTOF SCP;AC=MS:1003231	NT=label free sample;AC=MS:1002038	NT=Oxidation;AC=UNIMOD:35;TA=M;MT=Variable	NT=Acetyl;AC=UNIMOD:1;PP=Protein N-term;MT=Variable	NT=Acetyl;AC=UNIMOD:1;TA=K;MT=Variable	NT=Phospho;AC=UNIMOD:21;TA=S,T,Y;MT=Variable	NT=Methyl;AC=UNIMOD:34;TA=K;MT=Variable	NT=Dimethyl;AC=UNIMOD:36;TA=K;MT=Variable	NT=Trimethyl;AC=UNIMOD:37;TA=K;MT=Variable	NT=Formyl;AC=UNIMOD:122;TA=K;MT=Variable	NT=Trypsin;AC=MS:1001251	NT=Data-independent acquisition;AC=PRIDE:0000450	NT=beam-type collision-induced dissociation;AC=MS:1000422	not available	not available	not applicable	not applicable	1	1	RBE_D2_DIA_IO_L15_Slot2-21_1_5067.d	v1.1.0	NT=ms-proteomics;VV=v1.1.0	NT=human;VV=v1.1.0	NT=cell-lines;VV=v1.1.0	NT=single-cell;VV=v1.0.0	NT=clinical-metadata;VV=v1.0.0	manual curation	RBE	untreated
RBE_D3_Slot2-22	NT=Homo sapiens;AC=NCBITaxon:9606	NT=liver;AC=UBERON:0002107	NT=epithelial cell;AC=CL:0000066	NT=intrahepatic cholangiocarcinoma;AC=MONDO:0003210	RBE	CVCL_4896	RBE	64Y	female	NT=Japanese;AC=HANCESTRO:0019	NT=Roswell Park Memorial Institute 1640 Medium;AC=NCIT:C178973	cell	NT=single cell;AC=PRIDE:0000897	not pooled	untreated	not applicable	not applicable	not applicable	cellenONE	D3_Slot2-22	1	30	run 292	proteomic profiling by mass spectrometry	NT=timsTOF SCP;AC=MS:1003231	NT=label free sample;AC=MS:1002038	NT=Oxidation;AC=UNIMOD:35;TA=M;MT=Variable	NT=Acetyl;AC=UNIMOD:1;PP=Protein N-term;MT=Variable	NT=Acetyl;AC=UNIMOD:1;TA=K;MT=Variable	NT=Phospho;AC=UNIMOD:21;TA=S,T,Y;MT=Variable	NT=Methyl;AC=UNIMOD:34;TA=K;MT=Variable	NT=Dimethyl;AC=UNIMOD:36;TA=K;MT=Variable	NT=Trimethyl;AC=UNIMOD:37;TA=K;MT=Variable	NT=Formyl;AC=UNIMOD:122;TA=K;MT=Variable	NT=Trypsin;AC=MS:1001251	NT=Data-independent acquisition;AC=PRIDE:0000450	NT=beam-type collision-induced dissociation;AC=MS:1000422	not available	not available	not applicable	not applicable	1	1	RBE_D3_DIA_IO_L15_Slot2-22_1_5068.d	v1.1.0	NT=ms-proteomics;VV=v1.1.0	NT=human;VV=v1.1.0	NT=cell-lines;VV=v1.1.0	NT=single-cell;VV=v1.0.0	NT=clinical-metadata;VV=v1.0.0	manual curation	RBE	untreated
RBE_D4_Slot2-23	NT=Homo sapiens;AC=NCBITaxon:9606	NT=liver;AC=UBERON:0002107	NT=epithelial cell;AC=CL:0000066	NT=intrahepatic cholangiocarcinoma;AC=MONDO:0003210	RBE	CVCL_4896	RBE	64Y	female	NT=Japanese;AC=HANCESTRO:0019	NT=Roswell Park Memorial Institute 1640 Medium;AC=NCIT:C178973	cell	NT=single cell;AC=PRIDE:0000897	not pooled	untreated	not applicable	not applicable	not applicable	cellenONE	D4_Slot2-23	1	31	run 293	proteomic profiling by mass spectrometry	NT=timsTOF SCP;AC=MS:1003231	NT=label free sample;AC=MS:1002038	NT=Oxidation;AC=UNIMOD:35;TA=M;MT=Variable	NT=Acetyl;AC=UNIMOD:1;PP=Protein N-term;MT=Variable	NT=Acetyl;AC=UNIMOD:1;TA=K;MT=Variable	NT=Phospho;AC=UNIMOD:21;TA=S,T,Y;MT=Variable	NT=Methyl;AC=UNIMOD:34;TA=K;MT=Variable	NT=Dimethyl;AC=UNIMOD:36;TA=K;MT=Variable	NT=Trimethyl;AC=UNIMOD:37;TA=K;MT=Variable	NT=Formyl;AC=UNIMOD:122;TA=K;MT=Variable	NT=Trypsin;AC=MS:1001251	NT=Data-independent acquisition;AC=PRIDE:0000450	NT=beam-type collision-induced dissociation;AC=MS:1000422	not available	not available	not applicable	not applicable	1	1	RBE_D4_DIA_IO_L15_Slot2-23_1_5069.d	v1.1.0	NT=ms-proteomics;VV=v1.1.0	NT=human;VV=v1.1.0	NT=cell-lines;VV=v1.1.0	NT=single-cell;VV=v1.0.0	NT=clinical-metadata;VV=v1.0.0	manual curation	RBE	untreated
RBE_D5_Slot2-24	NT=Homo sapiens;AC=NCBITaxon:9606	NT=liver;AC=UBERON:0002107	NT=epithelial cell;AC=CL:0000066	NT=intrahepatic cholangiocarcinoma;AC=MONDO:0003210	RBE	CVCL_4896	RBE	64Y	female	NT=Japanese;AC=HANCESTRO:0019	NT=Roswell Park Memorial Institute 1640 Medium;AC=NCIT:C178973	cell	NT=single cell;AC=PRIDE:0000897	not pooled	untreated	not applicable	not applicable	not applicable	cellenONE	D5_Slot2-24	1	32	run 294	proteomic profiling by mass spectrometry	NT=timsTOF SCP;AC=MS:1003231	NT=label free sample;AC=MS:1002038	NT=Oxidation;AC=UNIMOD:35;TA=M;MT=Variable	NT=Acetyl;AC=UNIMOD:1;PP=Protein N-term;MT=Variable	NT=Acetyl;AC=UNIMOD:1;TA=K;MT=Variable	NT=Phospho;AC=UNIMOD:21;TA=S,T,Y;MT=Variable	NT=Methyl;AC=UNIMOD:34;TA=K;MT=Variable	NT=Dimethyl;AC=UNIMOD:36;TA=K;MT=Variable	NT=Trimethyl;AC=UNIMOD:37;TA=K;MT=Variable	NT=Formyl;AC=UNIMOD:122;TA=K;MT=Variable	NT=Trypsin;AC=MS:1001251	NT=Data-independent acquisition;AC=PRIDE:0000450	NT=beam-type collision-induced dissociation;AC=MS:1000422	not available	not available	not applicable	not applicable	1	1	RBE_D5_DIA_IO_L15_Slot2-24_1_5070.d	v1.1.0	NT=ms-proteomics;VV=v1.1.0	NT=human;VV=v1.1.0	NT=cell-lines;VV=v1.1.0	NT=single-cell;VV=v1.0.0	NT=clinical-metadata;VV=v1.0.0	manual curation	RBE	untreated
RBE_D6_Slot2-25	NT=Homo sapiens;AC=NCBITaxon:9606	NT=liver;AC=UBERON:0002107	NT=epithelial cell;AC=CL:0000066	NT=intrahepatic cholangiocarcinoma;AC=MONDO:0003210	RBE	CVCL_4896	RBE	64Y	female	NT=Japanese;AC=HANCESTRO:0019	NT=Roswell Park Memorial Institute 1640 Medium;AC=NCIT:C178973	cell	NT=single cell;AC=PRIDE:0000897	not pooled	untreated	not applicable	not applicable	not applicable	cellenONE	D6_Slot2-25	1	33	run 295	proteomic profiling by mass spectrometry	NT=timsTOF SCP;AC=MS:1003231	NT=label free sample;AC=MS:1002038	NT=Oxidation;AC=UNIMOD:35;TA=M;MT=Variable	NT=Acetyl;AC=UNIMOD:1;PP=Protein N-term;MT=Variable	NT=Acetyl;AC=UNIMOD:1;TA=K;MT=Variable	NT=Phospho;AC=UNIMOD:21;TA=S,T,Y;MT=Variable	NT=Methyl;AC=UNIMOD:34;TA=K;MT=Variable	NT=Dimethyl;AC=UNIMOD:36;TA=K;MT=Variable	NT=Trimethyl;AC=UNIMOD:37;TA=K;MT=Variable	NT=Formyl;AC=UNIMOD:122;TA=K;MT=Variable	NT=Trypsin;AC=MS:1001251	NT=Data-independent acquisition;AC=PRIDE:0000450	NT=beam-type collision-induced dissociation;AC=MS:1000422	not available	not available	not applicable	not applicable	1	1	RBE_D6_DIA_IO_L15_Slot2-25_1_5071.d	v1.1.0	NT=ms-proteomics;VV=v1.1.0	NT=human;VV=v1.1.0	NT=cell-lines;VV=v1.1.0	NT=single-cell;VV=v1.0.0	NT=clinical-metadata;VV=v1.0.0	manual curation	RBE	untreated
RBE_D7_Slot2-26	NT=Homo sapiens;AC=NCBITaxon:9606	NT=liver;AC=UBERON:0002107	NT=epithelial cell;AC=CL:0000066	NT=intrahepatic cholangiocarcinoma;AC=MONDO:0003210	RBE	CVCL_4896	RBE	64Y	female	NT=Japanese;AC=HANCESTRO:0019	NT=Roswell Park Memorial Institute 1640 Medium;AC=NCIT:C178973	cell	NT=single cell;AC=PRIDE:0000897	not pooled	untreated	not applicable	not applicable	not applicable	cellenONE	D7_Slot2-26	1	34	run 296	proteomic profiling by mass spectrometry	NT=timsTOF SCP;AC=MS:1003231	NT=label free sample;AC=MS:1002038	NT=Oxidation;AC=UNIMOD:35;TA=M;MT=Variable	NT=Acetyl;AC=UNIMOD:1;PP=Protein N-term;MT=Variable	NT=Acetyl;AC=UNIMOD:1;TA=K;MT=Variable	NT=Phospho;AC=UNIMOD:21;TA=S,T,Y;MT=Variable	NT=Methyl;AC=UNIMOD:34;TA=K;MT=Variable	NT=Dimethyl;AC=UNIMOD:36;TA=K;MT=Variable	NT=Trimethyl;AC=UNIMOD:37;TA=K;MT=Variable	NT=Formyl;AC=UNIMOD:122;TA=K;MT=Variable	NT=Trypsin;AC=MS:1001251	NT=Data-independent acquisition;AC=PRIDE:0000450	NT=beam-type collision-induced dissociation;AC=MS:1000422	not available	not available	not applicable	not applicable	1	1	RBE_D7_DIA_IO_L15_Slot2-26_1_5072.d	v1.1.0	NT=ms-proteomics;VV=v1.1.0	NT=human;VV=v1.1.0	NT=cell-lines;VV=v1.1.0	NT=single-cell;VV=v1.0.0	NT=clinical-metadata;VV=v1.0.0	manual curation	RBE	untreated
RBE_D9_Slot2-28	NT=Homo sapiens;AC=NCBITaxon:9606	NT=liver;AC=UBERON:0002107	NT=epithelial cell;AC=CL:0000066	NT=intrahepatic cholangiocarcinoma;AC=MONDO:0003210	RBE	CVCL_4896	RBE	64Y	female	NT=Japanese;AC=HANCESTRO:0019	NT=Roswell Park Memorial Institute 1640 Medium;AC=NCIT:C178973	cell	NT=single cell;AC=PRIDE:0000897	not pooled	untreated	not applicable	not applicable	not applicable	cellenONE	D9_Slot2-28	1	35	run 297	proteomic profiling by mass spectrometry	NT=timsTOF SCP;AC=MS:1003231	NT=label free sample;AC=MS:1002038	NT=Oxidation;AC=UNIMOD:35;TA=M;MT=Variable	NT=Acetyl;AC=UNIMOD:1;PP=Protein N-term;MT=Variable	NT=Acetyl;AC=UNIMOD:1;TA=K;MT=Variable	NT=Phospho;AC=UNIMOD:21;TA=S,T,Y;MT=Variable	NT=Methyl;AC=UNIMOD:34;TA=K;MT=Variable	NT=Dimethyl;AC=UNIMOD:36;TA=K;MT=Variable	NT=Trimethyl;AC=UNIMOD:37;TA=K;MT=Variable	NT=Formyl;AC=UNIMOD:122;TA=K;MT=Variable	NT=Trypsin;AC=MS:1001251	NT=Data-independent acquisition;AC=PRIDE:0000450	NT=beam-type collision-induced dissociation;AC=MS:1000422	not available	not available	not applicable	not applicable	1	1	RBE_D9_DIA_IO_L15_Slot2-28_1_5074.d	v1.1.0	NT=ms-proteomics;VV=v1.1.0	NT=human;VV=v1.1.0	NT=cell-lines;VV=v1.1.0	NT=single-cell;VV=v1.0.0	NT=clinical-metadata;VV=v1.0.0	manual curation	RBE	untreated
RBE_E2_Slot2-27	NT=Homo sapiens;AC=NCBITaxon:9606	NT=liver;AC=UBERON:0002107	NT=epithelial cell;AC=CL:0000066	NT=intrahepatic cholangiocarcinoma;AC=MONDO:0003210	RBE	CVCL_4896	RBE	64Y	female	NT=Japanese;AC=HANCESTRO:0019	NT=Roswell Park Memorial Institute 1640 Medium;AC=NCIT:C178973	cell	NT=single cell;AC=PRIDE:0000897	not pooled	untreated	not applicable	not applicable	not applicable	cellenONE	E2_Slot2-27	1	36	run 298	proteomic profiling by mass spectrometry	NT=timsTOF SCP;AC=MS:1003231	NT=label free sample;AC=MS:1002038	NT=Oxidation;AC=UNIMOD:35;TA=M;MT=Variable	NT=Acetyl;AC=UNIMOD:1;PP=Protein N-term;MT=Variable	NT=Acetyl;AC=UNIMOD:1;TA=K;MT=Variable	NT=Phospho;AC=UNIMOD:21;TA=S,T,Y;MT=Variable	NT=Methyl;AC=UNIMOD:34;TA=K;MT=Variable	NT=Dimethyl;AC=UNIMOD:36;TA=K;MT=Variable	NT=Trimethyl;AC=UNIMOD:37;TA=K;MT=Variable	NT=Formyl;AC=UNIMOD:122;TA=K;MT=Variable	NT=Trypsin;AC=MS:1001251	NT=Data-independent acquisition;AC=PRIDE:0000450	NT=beam-type collision-induced dissociation;AC=MS:1000422	not available	not available	not applicable	not applicable	1	1	RBE_E2_DIA_IO_L15_Slot2-27_1_5116.d	v1.1.0	NT=ms-proteomics;VV=v1.1.0	NT=human;VV=v1.1.0	NT=cell-lines;VV=v1.1.0	NT=single-cell;VV=v1.0.0	NT=clinical-metadata;VV=v1.0.0	manual curation	RBE	untreated
RBE_E3_Slot2-28	NT=Homo sapiens;AC=NCBITaxon:9606	NT=liver;AC=UBERON:0002107	NT=epithelial cell;AC=CL:0000066	NT=intrahepatic cholangiocarcinoma;AC=MONDO:0003210	RBE	CVCL_4896	RBE	64Y	female	NT=Japanese;AC=HANCESTRO:0019	NT=Roswell Park Memorial Institute 1640 Medium;AC=NCIT:C178973	cell	NT=single cell;AC=PRIDE:0000897	not pooled	untreated	not applicable	not applicable	not applicable	cellenONE	E3_Slot2-28	1	37	run 299	proteomic profiling by mass spectrometry	NT=timsTOF SCP;AC=MS:1003231	NT=label free sample;AC=MS:1002038	NT=Oxidation;AC=UNIMOD:35;TA=M;MT=Variable	NT=Acetyl;AC=UNIMOD:1;PP=Protein N-term;MT=Variable	NT=Acetyl;AC=UNIMOD:1;TA=K;MT=Variable	NT=Phospho;AC=UNIMOD:21;TA=S,T,Y;MT=Variable	NT=Methyl;AC=UNIMOD:34;TA=K;MT=Variable	NT=Dimethyl;AC=UNIMOD:36;TA=K;MT=Variable	NT=Trimethyl;AC=UNIMOD:37;TA=K;MT=Variable	NT=Formyl;AC=UNIMOD:122;TA=K;MT=Variable	NT=Trypsin;AC=MS:1001251	NT=Data-independent acquisition;AC=PRIDE:0000450	NT=beam-type collision-induced dissociation;AC=MS:1000422	not available	not available	not applicable	not applicable	1	1	RBE_E3_DIA_IO_L15_Slot2-28_1_5117.d	v1.1.0	NT=ms-proteomics;VV=v1.1.0	NT=human;VV=v1.1.0	NT=cell-lines;VV=v1.1.0	NT=single-cell;VV=v1.0.0	NT=clinical-metadata;VV=v1.0.0	manual curation	RBE	untreated
RBE_E4_Slot2-29	NT=Homo sapiens;AC=NCBITaxon:9606	NT=liver;AC=UBERON:0002107	NT=epithelial cell;AC=CL:0000066	NT=intrahepatic cholangiocarcinoma;AC=MONDO:0003210	RBE	CVCL_4896	RBE	64Y	female	NT=Japanese;AC=HANCESTRO:0019	NT=Roswell Park Memorial Institute 1640 Medium;AC=NCIT:C178973	cell	NT=single cell;AC=PRIDE:0000897	not pooled	untreated	not applicable	not applicable	not applicable	cellenONE	E4_Slot2-29	1	38	run 300	proteomic profiling by mass spectrometry	NT=timsTOF SCP;AC=MS:1003231	NT=label free sample;AC=MS:1002038	NT=Oxidation;AC=UNIMOD:35;TA=M;MT=Variable	NT=Acetyl;AC=UNIMOD:1;PP=Protein N-term;MT=Variable	NT=Acetyl;AC=UNIMOD:1;TA=K;MT=Variable	NT=Phospho;AC=UNIMOD:21;TA=S,T,Y;MT=Variable	NT=Methyl;AC=UNIMOD:34;TA=K;MT=Variable	NT=Dimethyl;AC=UNIMOD:36;TA=K;MT=Variable	NT=Trimethyl;AC=UNIMOD:37;TA=K;MT=Variable	NT=Formyl;AC=UNIMOD:122;TA=K;MT=Variable	NT=Trypsin;AC=MS:1001251	NT=Data-independent acquisition;AC=PRIDE:0000450	NT=beam-type collision-induced dissociation;AC=MS:1000422	not available	not available	not applicable	not applicable	1	1	RBE_E4_DIA_IO_L15_Slot2-29_1_5118.d	v1.1.0	NT=ms-proteomics;VV=v1.1.0	NT=human;VV=v1.1.0	NT=cell-lines;VV=v1.1.0	NT=single-cell;VV=v1.0.0	NT=clinical-metadata;VV=v1.0.0	manual curation	RBE	untreated
RBE_E5_Slot2-30	NT=Homo sapiens;AC=NCBITaxon:9606	NT=liver;AC=UBERON:0002107	NT=epithelial cell;AC=CL:0000066	NT=intrahepatic cholangiocarcinoma;AC=MONDO:0003210	RBE	CVCL_4896	RBE	64Y	female	NT=Japanese;AC=HANCESTRO:0019	NT=Roswell Park Memorial Institute 1640 Medium;AC=NCIT:C178973	cell	NT=single cell;AC=PRIDE:0000897	not pooled	untreated	not applicable	not applicable	not applicable	cellenONE	E5_Slot2-30	1	39	run 301	proteomic profiling by mass spectrometry	NT=timsTOF SCP;AC=MS:1003231	NT=label free sample;AC=MS:1002038	NT=Oxidation;AC=UNIMOD:35;TA=M;MT=Variable	NT=Acetyl;AC=UNIMOD:1;PP=Protein N-term;MT=Variable	NT=Acetyl;AC=UNIMOD:1;TA=K;MT=Variable	NT=Phospho;AC=UNIMOD:21;TA=S,T,Y;MT=Variable	NT=Methyl;AC=UNIMOD:34;TA=K;MT=Variable	NT=Dimethyl;AC=UNIMOD:36;TA=K;MT=Variable	NT=Trimethyl;AC=UNIMOD:37;TA=K;MT=Variable	NT=Formyl;AC=UNIMOD:122;TA=K;MT=Variable	NT=Trypsin;AC=MS:1001251	NT=Data-independent acquisition;AC=PRIDE:0000450	NT=beam-type collision-induced dissociation;AC=MS:1000422	not available	not available	not applicable	not applicable	1	1	RBE_E5_DIA_IO_L15_Slot2-30_1_5119.d	v1.1.0	NT=ms-proteomics;VV=v1.1.0	NT=human;VV=v1.1.0	NT=cell-lines;VV=v1.1.0	NT=single-cell;VV=v1.0.0	NT=clinical-metadata;VV=v1.0.0	manual curation	RBE	untreated
RBE_E6_Slot2-31	NT=Homo sapiens;AC=NCBITaxon:9606	NT=liver;AC=UBERON:0002107	NT=epithelial cell;AC=CL:0000066	NT=intrahepatic cholangiocarcinoma;AC=MONDO:0003210	RBE	CVCL_4896	RBE	64Y	female	NT=Japanese;AC=HANCESTRO:0019	NT=Roswell Park Memorial Institute 1640 Medium;AC=NCIT:C178973	cell	NT=single cell;AC=PRIDE:0000897	not pooled	untreated	not applicable	not applicable	not applicable	cellenONE	E6_Slot2-31	1	40	run 302	proteomic profiling by mass spectrometry	NT=timsTOF SCP;AC=MS:1003231	NT=label free sample;AC=MS:1002038	NT=Oxidation;AC=UNIMOD:35;TA=M;MT=Variable	NT=Acetyl;AC=UNIMOD:1;PP=Protein N-term;MT=Variable	NT=Acetyl;AC=UNIMOD:1;TA=K;MT=Variable	NT=Phospho;AC=UNIMOD:21;TA=S,T,Y;MT=Variable	NT=Methyl;AC=UNIMOD:34;TA=K;MT=Variable	NT=Dimethyl;AC=UNIMOD:36;TA=K;MT=Variable	NT=Trimethyl;AC=UNIMOD:37;TA=K;MT=Variable	NT=Formyl;AC=UNIMOD:122;TA=K;MT=Variable	NT=Trypsin;AC=MS:1001251	NT=Data-independent acquisition;AC=PRIDE:0000450	NT=beam-type collision-induced dissociation;AC=MS:1000422	not available	not available	not applicable	not applicable	1	1	RBE_E6_DIA_IO_L15_Slot2-31_1_5120.d	v1.1.0	NT=ms-proteomics;VV=v1.1.0	NT=human;VV=v1.1.0	NT=cell-lines;VV=v1.1.0	NT=single-cell;VV=v1.0.0	NT=clinical-metadata;VV=v1.0.0	manual curation	RBE	untreated
RBE_F3_Slot2-21	NT=Homo sapiens;AC=NCBITaxon:9606	NT=liver;AC=UBERON:0002107	NT=epithelial cell;AC=CL:0000066	NT=intrahepatic cholangiocarcinoma;AC=MONDO:0003210	RBE	CVCL_4896	RBE	64Y	female	NT=Japanese;AC=HANCESTRO:0019	NT=Roswell Park Memorial Institute 1640 Medium;AC=NCIT:C178973	cell	NT=single cell;AC=PRIDE:0000897	not pooled	untreated	not applicable	not applicable	not applicable	cellenONE	F3_Slot2-21	1	41	run 303	proteomic profiling by mass spectrometry	NT=timsTOF SCP;AC=MS:1003231	NT=label free sample;AC=MS:1002038	NT=Oxidation;AC=UNIMOD:35;TA=M;MT=Variable	NT=Acetyl;AC=UNIMOD:1;PP=Protein N-term;MT=Variable	NT=Acetyl;AC=UNIMOD:1;TA=K;MT=Variable	NT=Phospho;AC=UNIMOD:21;TA=S,T,Y;MT=Variable	NT=Methyl;AC=UNIMOD:34;TA=K;MT=Variable	NT=Dimethyl;AC=UNIMOD:36;TA=K;MT=Variable	NT=Trimethyl;AC=UNIMOD:37;TA=K;MT=Variable	NT=Formyl;AC=UNIMOD:122;TA=K;MT=Variable	NT=Trypsin;AC=MS:1001251	NT=Data-independent acquisition;AC=PRIDE:0000450	NT=beam-type collision-induced dissociation;AC=MS:1000422	not available	not available	not applicable	not applicable	1	1	RBE_F3_DIA_IO_L15_Slot2-21_1_5110.d	v1.1.0	NT=ms-proteomics;VV=v1.1.0	NT=human;VV=v1.1.0	NT=cell-lines;VV=v1.1.0	NT=single-cell;VV=v1.0.0	NT=clinical-metadata;VV=v1.0.0	manual curation	RBE	untreated
RBE_F6_Slot2-24	NT=Homo sapiens;AC=NCBITaxon:9606	NT=liver;AC=UBERON:0002107	NT=epithelial cell;AC=CL:0000066	NT=intrahepatic cholangiocarcinoma;AC=MONDO:0003210	RBE	CVCL_4896	RBE	64Y	female	NT=Japanese;AC=HANCESTRO:0019	NT=Roswell Park Memorial Institute 1640 Medium;AC=NCIT:C178973	cell	NT=single cell;AC=PRIDE:0000897	not pooled	untreated	not applicable	not applicable	not applicable	cellenONE	F6_Slot2-24	1	42	run 304	proteomic profiling by mass spectrometry	NT=timsTOF SCP;AC=MS:1003231	NT=label free sample;AC=MS:1002038	NT=Oxidation;AC=UNIMOD:35;TA=M;MT=Variable	NT=Acetyl;AC=UNIMOD:1;PP=Protein N-term;MT=Variable	NT=Acetyl;AC=UNIMOD:1;TA=K;MT=Variable	NT=Phospho;AC=UNIMOD:21;TA=S,T,Y;MT=Variable	NT=Methyl;AC=UNIMOD:34;TA=K;MT=Variable	NT=Dimethyl;AC=UNIMOD:36;TA=K;MT=Variable	NT=Trimethyl;AC=UNIMOD:37;TA=K;MT=Variable	NT=Formyl;AC=UNIMOD:122;TA=K;MT=Variable	NT=Trypsin;AC=MS:1001251	NT=Data-independent acquisition;AC=PRIDE:0000450	NT=beam-type collision-induced dissociation;AC=MS:1000422	not available	not available	not applicable	not applicable	1	1	RBE_F6_DIA_IO_L15_Slot2-24_1_5113.d	v1.1.0	NT=ms-proteomics;VV=v1.1.0	NT=human;VV=v1.1.0	NT=cell-lines;VV=v1.1.0	NT=single-cell;VV=v1.0.0	NT=clinical-metadata;VV=v1.0.0	manual curation	RBE	untreated
RBE_F7_Slot2-25	NT=Homo sapiens;AC=NCBITaxon:9606	NT=liver;AC=UBERON:0002107	NT=epithelial cell;AC=CL:0000066	NT=intrahepatic cholangiocarcinoma;AC=MONDO:0003210	RBE	CVCL_4896	RBE	64Y	female	NT=Japanese;AC=HANCESTRO:0019	NT=Roswell Park Memorial Institute 1640 Medium;AC=NCIT:C178973	cell	NT=single cell;AC=PRIDE:0000897	not pooled	untreated	not applicable	not applicable	not applicable	cellenONE	F7_Slot2-25	1	43	run 305	proteomic profiling by mass spectrometry	NT=timsTOF SCP;AC=MS:1003231	NT=label free sample;AC=MS:1002038	NT=Oxidation;AC=UNIMOD:35;TA=M;MT=Variable	NT=Acetyl;AC=UNIMOD:1;PP=Protein N-term;MT=Variable	NT=Acetyl;AC=UNIMOD:1;TA=K;MT=Variable	NT=Phospho;AC=UNIMOD:21;TA=S,T,Y;MT=Variable	NT=Methyl;AC=UNIMOD:34;TA=K;MT=Variable	NT=Dimethyl;AC=UNIMOD:36;TA=K;MT=Variable	NT=Trimethyl;AC=UNIMOD:37;TA=K;MT=Variable	NT=Formyl;AC=UNIMOD:122;TA=K;MT=Variable	NT=Trypsin;AC=MS:1001251	NT=Data-independent acquisition;AC=PRIDE:0000450	NT=beam-type collision-induced dissociation;AC=MS:1000422	not available	not available	not applicable	not applicable	1	1	RBE_F7_DIA_IO_L15_Slot2-25_1_5114.d	v1.1.0	NT=ms-proteomics;VV=v1.1.0	NT=human;VV=v1.1.0	NT=cell-lines;VV=v1.1.0	NT=single-cell;VV=v1.0.0	NT=clinical-metadata;VV=v1.0.0	manual curation	RBE	untreated
RBE_G10_Slot2-26	NT=Homo sapiens;AC=NCBITaxon:9606	NT=liver;AC=UBERON:0002107	NT=epithelial cell;AC=CL:0000066	NT=intrahepatic cholangiocarcinoma;AC=MONDO:0003210	RBE	CVCL_4896	RBE	64Y	female	NT=Japanese;AC=HANCESTRO:0019	NT=Roswell Park Memorial Institute 1640 Medium;AC=NCIT:C178973	cell	NT=single cell;AC=PRIDE:0000897	not pooled	untreated	not applicable	not applicable	not applicable	cellenONE	G10_Slot2-26	1	44	run 306	proteomic profiling by mass spectrometry	NT=timsTOF SCP;AC=MS:1003231	NT=label free sample;AC=MS:1002038	NT=Oxidation;AC=UNIMOD:35;TA=M;MT=Variable	NT=Acetyl;AC=UNIMOD:1;PP=Protein N-term;MT=Variable	NT=Acetyl;AC=UNIMOD:1;TA=K;MT=Variable	NT=Phospho;AC=UNIMOD:21;TA=S,T,Y;MT=Variable	NT=Methyl;AC=UNIMOD:34;TA=K;MT=Variable	NT=Dimethyl;AC=UNIMOD:36;TA=K;MT=Variable	NT=Trimethyl;AC=UNIMOD:37;TA=K;MT=Variable	NT=Formyl;AC=UNIMOD:122;TA=K;MT=Variable	NT=Trypsin;AC=MS:1001251	NT=Data-independent acquisition;AC=PRIDE:0000450	NT=beam-type collision-induced dissociation;AC=MS:1000422	not available	not available	not applicable	not applicable	1	1	RBE_G10_DIA_IO_L158_Slot2-26_1_5157.d	v1.1.0	NT=ms-proteomics;VV=v1.1.0	NT=human;VV=v1.1.0	NT=cell-lines;VV=v1.1.0	NT=single-cell;VV=v1.0.0	NT=clinical-metadata;VV=v1.0.0	manual curation	RBE	untreated
RBE_G11_Slot2-27	NT=Homo sapiens;AC=NCBITaxon:9606	NT=liver;AC=UBERON:0002107	NT=epithelial cell;AC=CL:0000066	NT=intrahepatic cholangiocarcinoma;AC=MONDO:0003210	RBE	CVCL_4896	RBE	64Y	female	NT=Japanese;AC=HANCESTRO:0019	NT=Roswell Park Memorial Institute 1640 Medium;AC=NCIT:C178973	cell	NT=single cell;AC=PRIDE:0000897	not pooled	untreated	not applicable	not applicable	not applicable	cellenONE	G11_Slot2-27	1	45	run 307	proteomic profiling by mass spectrometry	NT=timsTOF SCP;AC=MS:1003231	NT=label free sample;AC=MS:1002038	NT=Oxidation;AC=UNIMOD:35;TA=M;MT=Variable	NT=Acetyl;AC=UNIMOD:1;PP=Protein N-term;MT=Variable	NT=Acetyl;AC=UNIMOD:1;TA=K;MT=Variable	NT=Phospho;AC=UNIMOD:21;TA=S,T,Y;MT=Variable	NT=Methyl;AC=UNIMOD:34;TA=K;MT=Variable	NT=Dimethyl;AC=UNIMOD:36;TA=K;MT=Variable	NT=Trimethyl;AC=UNIMOD:37;TA=K;MT=Variable	NT=Formyl;AC=UNIMOD:122;TA=K;MT=Variable	NT=Trypsin;AC=MS:1001251	NT=Data-independent acquisition;AC=PRIDE:0000450	NT=beam-type collision-induced dissociation;AC=MS:1000422	not available	not available	not applicable	not applicable	1	1	RBE_G11_DIA_IO_L158_Slot2-27_1_5158.d	v1.1.0	NT=ms-proteomics;VV=v1.1.0	NT=human;VV=v1.1.0	NT=cell-lines;VV=v1.1.0	NT=single-cell;VV=v1.0.0	NT=clinical-metadata;VV=v1.0.0	manual curation	RBE	untreated
RBE_G2_Slot2-13	NT=Homo sapiens;AC=NCBITaxon:9606	NT=liver;AC=UBERON:0002107	NT=epithelial cell;AC=CL:0000066	NT=intrahepatic cholangiocarcinoma;AC=MONDO:0003210	RBE	CVCL_4896	RBE	64Y	female	NT=Japanese;AC=HANCESTRO:0019	NT=Roswell Park Memorial Institute 1640 Medium;AC=NCIT:C178973	cell	NT=single cell;AC=PRIDE:0000897	not pooled	untreated	not applicable	not applicable	not applicable	cellenONE	G2_Slot2-13	1	46	run 308	proteomic profiling by mass spectrometry	NT=timsTOF SCP;AC=MS:1003231	NT=label free sample;AC=MS:1002038	NT=Oxidation;AC=UNIMOD:35;TA=M;MT=Variable	NT=Acetyl;AC=UNIMOD:1;PP=Protein N-term;MT=Variable	NT=Acetyl;AC=UNIMOD:1;TA=K;MT=Variable	NT=Phospho;AC=UNIMOD:21;TA=S,T,Y;MT=Variable	NT=Methyl;AC=UNIMOD:34;TA=K;MT=Variable	NT=Dimethyl;AC=UNIMOD:36;TA=K;MT=Variable	NT=Trimethyl;AC=UNIMOD:37;TA=K;MT=Variable	NT=Formyl;AC=UNIMOD:122;TA=K;MT=Variable	NT=Trypsin;AC=MS:1001251	NT=Data-independent acquisition;AC=PRIDE:0000450	NT=beam-type collision-induced dissociation;AC=MS:1000422	not available	not available	not applicable	not applicable	1	1	RBE_G2_DIA_IO_L15_Slot2-13_1_1147.d	v1.1.0	NT=ms-proteomics;VV=v1.1.0	NT=human;VV=v1.1.0	NT=cell-lines;VV=v1.1.0	NT=single-cell;VV=v1.0.0	NT=clinical-metadata;VV=v1.0.0	manual curation	RBE	untreated
RBE_G3_Slot2-19	NT=Homo sapiens;AC=NCBITaxon:9606	NT=liver;AC=UBERON:0002107	NT=epithelial cell;AC=CL:0000066	NT=intrahepatic cholangiocarcinoma;AC=MONDO:0003210	RBE	CVCL_4896	RBE	64Y	female	NT=Japanese;AC=HANCESTRO:0019	NT=Roswell Park Memorial Institute 1640 Medium;AC=NCIT:C178973	cell	NT=single cell;AC=PRIDE:0000897	not pooled	untreated	not applicable	not applicable	not applicable	cellenONE	G3_Slot2-19	1	47	run 309	proteomic profiling by mass spectrometry	NT=timsTOF SCP;AC=MS:1003231	NT=label free sample;AC=MS:1002038	NT=Oxidation;AC=UNIMOD:35;TA=M;MT=Variable	NT=Acetyl;AC=UNIMOD:1;PP=Protein N-term;MT=Variable	NT=Acetyl;AC=UNIMOD:1;TA=K;MT=Variable	NT=Phospho;AC=UNIMOD:21;TA=S,T,Y;MT=Variable	NT=Methyl;AC=UNIMOD:34;TA=K;MT=Variable	NT=Dimethyl;AC=UNIMOD:36;TA=K;MT=Variable	NT=Trimethyl;AC=UNIMOD:37;TA=K;MT=Variable	NT=Formyl;AC=UNIMOD:122;TA=K;MT=Variable	NT=Trypsin;AC=MS:1001251	NT=Data-independent acquisition;AC=PRIDE:0000450	NT=beam-type collision-induced dissociation;AC=MS:1000422	not available	not available	not applicable	not applicable	1	1	RBE_G3_DIA_IO_L158_Slot2-19_1_5149.d	v1.1.0	NT=ms-proteomics;VV=v1.1.0	NT=human;VV=v1.1.0	NT=cell-lines;VV=v1.1.0	NT=single-cell;VV=v1.0.0	NT=clinical-metadata;VV=v1.0.0	manual curation	RBE	untreated
RBE_G5_Slot2-21	NT=Homo sapiens;AC=NCBITaxon:9606	NT=liver;AC=UBERON:0002107	NT=epithelial cell;AC=CL:0000066	NT=intrahepatic cholangiocarcinoma;AC=MONDO:0003210	RBE	CVCL_4896	RBE	64Y	female	NT=Japanese;AC=HANCESTRO:0019	NT=Roswell Park Memorial Institute 1640 Medium;AC=NCIT:C178973	cell	NT=single cell;AC=PRIDE:0000897	not pooled	untreated	not applicable	not applicable	not applicable	cellenONE	G5_Slot2-21	1	48	run 310	proteomic profiling by mass spectrometry	NT=timsTOF SCP;AC=MS:1003231	NT=label free sample;AC=MS:1002038	NT=Oxidation;AC=UNIMOD:35;TA=M;MT=Variable	NT=Acetyl;AC=UNIMOD:1;PP=Protein N-term;MT=Variable	NT=Acetyl;AC=UNIMOD:1;TA=K;MT=Variable	NT=Phospho;AC=UNIMOD:21;TA=S,T,Y;MT=Variable	NT=Methyl;AC=UNIMOD:34;TA=K;MT=Variable	NT=Dimethyl;AC=UNIMOD:36;TA=K;MT=Variable	NT=Trimethyl;AC=UNIMOD:37;TA=K;MT=Variable	NT=Formyl;AC=UNIMOD:122;TA=K;MT=Variable	NT=Trypsin;AC=MS:1001251	NT=Data-independent acquisition;AC=PRIDE:0000450	NT=beam-type collision-induced dissociation;AC=MS:1000422	not available	not available	not applicable	not applicable	1	1	RBE_G5_DIA_IO_L158_Slot2-21_1_5151.d	v1.1.0	NT=ms-proteomics;VV=v1.1.0	NT=human;VV=v1.1.0	NT=cell-lines;VV=v1.1.0	NT=single-cell;VV=v1.0.0	NT=clinical-metadata;VV=v1.0.0	manual curation	RBE	untreated
RBE_G8_Slot2-24	NT=Homo sapiens;AC=NCBITaxon:9606	NT=liver;AC=UBERON:0002107	NT=epithelial cell;AC=CL:0000066	NT=intrahepatic cholangiocarcinoma;AC=MONDO:0003210	RBE	CVCL_4896	RBE	64Y	female	NT=Japanese;AC=HANCESTRO:0019	NT=Roswell Park Memorial Institute 1640 Medium;AC=NCIT:C178973	cell	NT=single cell;AC=PRIDE:0000897	not pooled	untreated	not applicable	not applicable	not applicable	cellenONE	G8_Slot2-24	1	49	run 311	proteomic profiling by mass spectrometry	NT=timsTOF SCP;AC=MS:1003231	NT=label free sample;AC=MS:1002038	NT=Oxidation;AC=UNIMOD:35;TA=M;MT=Variable	NT=Acetyl;AC=UNIMOD:1;PP=Protein N-term;MT=Variable	NT=Acetyl;AC=UNIMOD:1;TA=K;MT=Variable	NT=Phospho;AC=UNIMOD:21;TA=S,T,Y;MT=Variable	NT=Methyl;AC=UNIMOD:34;TA=K;MT=Variable	NT=Dimethyl;AC=UNIMOD:36;TA=K;MT=Variable	NT=Trimethyl;AC=UNIMOD:37;TA=K;MT=Variable	NT=Formyl;AC=UNIMOD:122;TA=K;MT=Variable	NT=Trypsin;AC=MS:1001251	NT=Data-independent acquisition;AC=PRIDE:0000450	NT=beam-type collision-induced dissociation;AC=MS:1000422	not available	not available	not applicable	not applicable	1	1	RBE_G8_DIA_IO_L158_Slot2-24_1_5155.d	v1.1.0	NT=ms-proteomics;VV=v1.1.0	NT=human;VV=v1.1.0	NT=cell-lines;VV=v1.1.0	NT=single-cell;VV=v1.0.0	NT=clinical-metadata;VV=v1.0.0	manual curation	RBE	untreated
RBE_G9_Slot2-25	NT=Homo sapiens;AC=NCBITaxon:9606	NT=liver;AC=UBERON:0002107	NT=epithelial cell;AC=CL:0000066	NT=intrahepatic cholangiocarcinoma;AC=MONDO:0003210	RBE	CVCL_4896	RBE	64Y	female	NT=Japanese;AC=HANCESTRO:0019	NT=Roswell Park Memorial Institute 1640 Medium;AC=NCIT:C178973	cell	NT=single cell;AC=PRIDE:0000897	not pooled	untreated	not applicable	not applicable	not applicable	cellenONE	G9_Slot2-25	1	50	run 312	proteomic profiling by mass spectrometry	NT=timsTOF SCP;AC=MS:1003231	NT=label free sample;AC=MS:1002038	NT=Oxidation;AC=UNIMOD:35;TA=M;MT=Variable	NT=Acetyl;AC=UNIMOD:1;PP=Protein N-term;MT=Variable	NT=Acetyl;AC=UNIMOD:1;TA=K;MT=Variable	NT=Phospho;AC=UNIMOD:21;TA=S,T,Y;MT=Variable	NT=Methyl;AC=UNIMOD:34;TA=K;MT=Variable	NT=Dimethyl;AC=UNIMOD:36;TA=K;MT=Variable	NT=Trimethyl;AC=UNIMOD:37;TA=K;MT=Variable	NT=Formyl;AC=UNIMOD:122;TA=K;MT=Variable	NT=Trypsin;AC=MS:1001251	NT=Data-independent acquisition;AC=PRIDE:0000450	NT=beam-type collision-induced dissociation;AC=MS:1000422	not available	not available	not applicable	not applicable	1	1	RBE_G9_DIA_IO_L158_Slot2-25_1_5156.d	v1.1.0	NT=ms-proteomics;VV=v1.1.0	NT=human;VV=v1.1.0	NT=cell-lines;VV=v1.1.0	NT=single-cell;VV=v1.0.0	NT=clinical-metadata;VV=v1.0.0	manual curation	RBE	untreated
RBE_20cells_pool_R1	NT=Homo sapiens;AC=NCBITaxon:9606	NT=liver;AC=UBERON:0002107	NT=epithelial cell;AC=CL:0000066	NT=intrahepatic cholangiocarcinoma;AC=MONDO:0003210	RBE	CVCL_4896	RBE	64Y	female	NT=Japanese;AC=HANCESTRO:0019	NT=Roswell Park Memorial Institute 1640 Medium;AC=NCIT:C178973	cell	NT=pooled;AC=PRIDE:0000902	pooled	untreated	not applicable	not applicable	not applicable	not applicable	not applicable	20	1	run 313	proteomic profiling by mass spectrometry	NT=timsTOF SCP;AC=MS:1003231	NT=label free sample;AC=MS:1002038	NT=Oxidation;AC=UNIMOD:35;TA=M;MT=Variable	NT=Acetyl;AC=UNIMOD:1;PP=Protein N-term;MT=Variable	NT=Acetyl;AC=UNIMOD:1;TA=K;MT=Variable	NT=Phospho;AC=UNIMOD:21;TA=S,T,Y;MT=Variable	NT=Methyl;AC=UNIMOD:34;TA=K;MT=Variable	NT=Dimethyl;AC=UNIMOD:36;TA=K;MT=Variable	NT=Trimethyl;AC=UNIMOD:37;TA=K;MT=Variable	NT=Formyl;AC=UNIMOD:122;TA=K;MT=Variable	NT=Trypsin;AC=MS:1001251	NT=Data-dependent acquisition;AC=PRIDE:0000627	NT=beam-type collision-induced dissociation;AC=MS:1000422	20 ppm	20 ppm	not applicable	not applicable	1	1	RBE_20C_DDA_R1_IO_L15_Slot2-37_1_5015.d	v1.1.0	NT=ms-proteomics;VV=v1.1.0	NT=human;VV=v1.1.0	NT=cell-lines;VV=v1.1.0	NT=single-cell;VV=v1.0.0	NT=clinical-metadata;VV=v1.0.0	manual curation	RBE	untreated
RBE_20cells_pool_R2	NT=Homo sapiens;AC=NCBITaxon:9606	NT=liver;AC=UBERON:0002107	NT=epithelial cell;AC=CL:0000066	NT=intrahepatic cholangiocarcinoma;AC=MONDO:0003210	RBE	CVCL_4896	RBE	64Y	female	NT=Japanese;AC=HANCESTRO:0019	NT=Roswell Park Memorial Institute 1640 Medium;AC=NCIT:C178973	cell	NT=pooled;AC=PRIDE:0000902	pooled	untreated	not applicable	not applicable	not applicable	not applicable	not applicable	20	2	run 314	proteomic profiling by mass spectrometry	NT=timsTOF SCP;AC=MS:1003231	NT=label free sample;AC=MS:1002038	NT=Oxidation;AC=UNIMOD:35;TA=M;MT=Variable	NT=Acetyl;AC=UNIMOD:1;PP=Protein N-term;MT=Variable	NT=Acetyl;AC=UNIMOD:1;TA=K;MT=Variable	NT=Phospho;AC=UNIMOD:21;TA=S,T,Y;MT=Variable	NT=Methyl;AC=UNIMOD:34;TA=K;MT=Variable	NT=Dimethyl;AC=UNIMOD:36;TA=K;MT=Variable	NT=Trimethyl;AC=UNIMOD:37;TA=K;MT=Variable	NT=Formyl;AC=UNIMOD:122;TA=K;MT=Variable	NT=Trypsin;AC=MS:1001251	NT=Data-dependent acquisition;AC=PRIDE:0000627	NT=beam-type collision-induced dissociation;AC=MS:1000422	20 ppm	20 ppm	not applicable	not applicable	1	1	RBE_20C_DDA_R2_IO_L15_Slot2-38_1_5016.d	v1.1.0	NT=ms-proteomics;VV=v1.1.0	NT=human;VV=v1.1.0	NT=cell-lines;VV=v1.1.0	NT=single-cell;VV=v1.0.0	NT=clinical-metadata;VV=v1.0.0	manual curation	RBE	untreated
RBE_20cells_pool_R4	NT=Homo sapiens;AC=NCBITaxon:9606	NT=liver;AC=UBERON:0002107	NT=epithelial cell;AC=CL:0000066	NT=intrahepatic cholangiocarcinoma;AC=MONDO:0003210	RBE	CVCL_4896	RBE	64Y	female	NT=Japanese;AC=HANCESTRO:0019	NT=Roswell Park Memorial Institute 1640 Medium;AC=NCIT:C178973	cell	NT=pooled;AC=PRIDE:0000902	pooled	untreated	not applicable	not applicable	not applicable	not applicable	not applicable	20	4	run 315	proteomic profiling by mass spectrometry	NT=timsTOF SCP;AC=MS:1003231	NT=label free sample;AC=MS:1002038	NT=Oxidation;AC=UNIMOD:35;TA=M;MT=Variable	NT=Acetyl;AC=UNIMOD:1;PP=Protein N-term;MT=Variable	NT=Acetyl;AC=UNIMOD:1;TA=K;MT=Variable	NT=Phospho;AC=UNIMOD:21;TA=S,T,Y;MT=Variable	NT=Methyl;AC=UNIMOD:34;TA=K;MT=Variable	NT=Dimethyl;AC=UNIMOD:36;TA=K;MT=Variable	NT=Trimethyl;AC=UNIMOD:37;TA=K;MT=Variable	NT=Formyl;AC=UNIMOD:122;TA=K;MT=Variable	NT=Trypsin;AC=MS:1001251	NT=Data-dependent acquisition;AC=PRIDE:0000627	NT=beam-type collision-induced dissociation;AC=MS:1000422	20 ppm	20 ppm	not applicable	not applicable	1	1	RBE_20C_DDA_R4_IO_L15_Slot2-40_1_5018.d	v1.1.0	NT=ms-proteomics;VV=v1.1.0	NT=human;VV=v1.1.0	NT=cell-lines;VV=v1.1.0	NT=single-cell;VV=v1.0.0	NT=clinical-metadata;VV=v1.0.0	manual curation	RBE	untreated
