source name	characteristics[organism]	characteristics[organism part]	characteristics[cell type]	characteristics[disease]	characteristics[cell line]	characteristics[cellosaurus accession]	characteristics[cellosaurus name]	characteristics[age]	characteristics[sex]	characteristics[individual]	characteristics[passage number]	characteristics[culture medium]	characteristics[treatment]	characteristics[cell cycle phase]	characteristics[cell viability]	characteristics[sample type]	characteristics[single cell isolation protocol]	characteristics[cell identifier]	characteristics[cells per well]	characteristics[biological replicate]	assay name	technology type	comment[instrument]	comment[label]	comment[modification parameters]	comment[modification parameters]	comment[modification parameters]	comment[cleavage agent details]	comment[cleavage agent details]	comment[proteomics data acquisition method]	comment[dissociation method]	comment[precursor mass tolerance]	comment[fragment mass tolerance]	comment[carrier channel]	comment[reference channel]	comment[sample preparation batch]	comment[fraction identifier]	comment[technical replicate]	comment[data file]	comment[sdrf version]	comment[sdrf template]	comment[sdrf template]	comment[sdrf template]	comment[sdrf template]	factor value[cell cycle phase]
HeLa_SC_NB_20201009_001	NT=Homo sapiens;AC=NCBITaxon:9606	NT=uterine cervix;AC=UBERON:0000002	NT=epithelial cell;AC=CL:0000066	NT=cervical adenocarcinoma;AC=MONDO:0005153	NT=HeLa;AC=EFO:0001185	CVCL_0030	HeLa	30Y6M	female	not applicable	not available	NT=Dulbecco's Modified Eagle Medium;AC=NCIT:C185409	NT=Nocodazole;AC=NCIT:C75228	G2/M	live	NT=single cell;AC=PRIDE:0000897	FACS	NB_20201009_001	1	1	run 1	proteomic profiling by mass spectrometry	NT=timsTOF Pro;AC=MS:1003005	NT=label free sample;AC=MS:1002038	NT=Oxidation;AC=UNIMOD:35;TA=M;MT=Variable	NT=Acetyl;AC=UNIMOD:1;PP=Protein N-term;MT=Variable	not applicable	NT=Trypsin;AC=MS:1001251	NT=Lys-C;AC=MS:1001309	Data-independent acquisition	NT=collision-induced dissociation;AC=MS:1000133	not available	not available	not applicable	not applicable	blocked_set	1	1	20201009_TIMS04_Evo07_AnBr_1Cell_HeLa_NB_01_S3-G2_1_3873.d	v1.1.0	NT=ms-proteomics;VV=v1.1.0	NT=human;VV=v1.1.0	NT=cell-lines;VV=v1.1.0	NT=single-cell;VV=v1.0.0	G2/M
HeLa_SC_NB_20201009_002	NT=Homo sapiens;AC=NCBITaxon:9606	NT=uterine cervix;AC=UBERON:0000002	NT=epithelial cell;AC=CL:0000066	NT=cervical adenocarcinoma;AC=MONDO:0005153	NT=HeLa;AC=EFO:0001185	CVCL_0030	HeLa	30Y6M	female	not applicable	not available	NT=Dulbecco's Modified Eagle Medium;AC=NCIT:C185409	NT=Nocodazole;AC=NCIT:C75228	G2/M	live	NT=single cell;AC=PRIDE:0000897	FACS	NB_20201009_002	1	2	run 2	proteomic profiling by mass spectrometry	NT=timsTOF Pro;AC=MS:1003005	NT=label free sample;AC=MS:1002038	NT=Oxidation;AC=UNIMOD:35;TA=M;MT=Variable	NT=Acetyl;AC=UNIMOD:1;PP=Protein N-term;MT=Variable	not applicable	NT=Trypsin;AC=MS:1001251	NT=Lys-C;AC=MS:1001309	Data-independent acquisition	NT=collision-induced dissociation;AC=MS:1000133	not available	not available	not applicable	not applicable	blocked_set	1	1	20201009_TIMS04_Evo07_AnBr_1Cell_HeLa_NB_02_S3-G3_1_3874.d	v1.1.0	NT=ms-proteomics;VV=v1.1.0	NT=human;VV=v1.1.0	NT=cell-lines;VV=v1.1.0	NT=single-cell;VV=v1.0.0	G2/M
HeLa_SC_NB_20201009_003	NT=Homo sapiens;AC=NCBITaxon:9606	NT=uterine cervix;AC=UBERON:0000002	NT=epithelial cell;AC=CL:0000066	NT=cervical adenocarcinoma;AC=MONDO:0005153	NT=HeLa;AC=EFO:0001185	CVCL_0030	HeLa	30Y6M	female	not applicable	not available	NT=Dulbecco's Modified Eagle Medium;AC=NCIT:C185409	NT=Nocodazole;AC=NCIT:C75228	G2/M	live	NT=single cell;AC=PRIDE:0000897	FACS	NB_20201009_003	1	3	run 3	proteomic profiling by mass spectrometry	NT=timsTOF Pro;AC=MS:1003005	NT=label free sample;AC=MS:1002038	NT=Oxidation;AC=UNIMOD:35;TA=M;MT=Variable	NT=Acetyl;AC=UNIMOD:1;PP=Protein N-term;MT=Variable	not applicable	NT=Trypsin;AC=MS:1001251	NT=Lys-C;AC=MS:1001309	Data-independent acquisition	NT=collision-induced dissociation;AC=MS:1000133	not available	not available	not applicable	not applicable	blocked_set	1	1	20201009_TIMS04_Evo07_AnBr_1Cell_HeLa_NB_03_S3-G4_1_3875.d	v1.1.0	NT=ms-proteomics;VV=v1.1.0	NT=human;VV=v1.1.0	NT=cell-lines;VV=v1.1.0	NT=single-cell;VV=v1.0.0	G2/M
HeLa_SC_NB_20201009_004	NT=Homo sapiens;AC=NCBITaxon:9606	NT=uterine cervix;AC=UBERON:0000002	NT=epithelial cell;AC=CL:0000066	NT=cervical adenocarcinoma;AC=MONDO:0005153	NT=HeLa;AC=EFO:0001185	CVCL_0030	HeLa	30Y6M	female	not applicable	not available	NT=Dulbecco's Modified Eagle Medium;AC=NCIT:C185409	NT=Nocodazole;AC=NCIT:C75228	G2/M	live	NT=single cell;AC=PRIDE:0000897	FACS	NB_20201009_004	1	4	run 4	proteomic profiling by mass spectrometry	NT=timsTOF Pro;AC=MS:1003005	NT=label free sample;AC=MS:1002038	NT=Oxidation;AC=UNIMOD:35;TA=M;MT=Variable	NT=Acetyl;AC=UNIMOD:1;PP=Protein N-term;MT=Variable	not applicable	NT=Trypsin;AC=MS:1001251	NT=Lys-C;AC=MS:1001309	Data-independent acquisition	NT=collision-induced dissociation;AC=MS:1000133	not available	not available	not applicable	not applicable	blocked_set	1	1	20201009_TIMS04_Evo07_AnBr_1Cell_HeLa_NB_04_S3-G5_1_3876.d	v1.1.0	NT=ms-proteomics;VV=v1.1.0	NT=human;VV=v1.1.0	NT=cell-lines;VV=v1.1.0	NT=single-cell;VV=v1.0.0	G2/M
HeLa_SC_NB_20201009_005	NT=Homo sapiens;AC=NCBITaxon:9606	NT=uterine cervix;AC=UBERON:0000002	NT=epithelial cell;AC=CL:0000066	NT=cervical adenocarcinoma;AC=MONDO:0005153	NT=HeLa;AC=EFO:0001185	CVCL_0030	HeLa	30Y6M	female	not applicable	not available	NT=Dulbecco's Modified Eagle Medium;AC=NCIT:C185409	NT=Nocodazole;AC=NCIT:C75228	G2/M	live	NT=single cell;AC=PRIDE:0000897	FACS	NB_20201009_005	1	5	run 5	proteomic profiling by mass spectrometry	NT=timsTOF Pro;AC=MS:1003005	NT=label free sample;AC=MS:1002038	NT=Oxidation;AC=UNIMOD:35;TA=M;MT=Variable	NT=Acetyl;AC=UNIMOD:1;PP=Protein N-term;MT=Variable	not applicable	NT=Trypsin;AC=MS:1001251	NT=Lys-C;AC=MS:1001309	Data-independent acquisition	NT=collision-induced dissociation;AC=MS:1000133	not available	not available	not applicable	not applicable	blocked_set	1	1	20201009_TIMS04_Evo07_AnBr_1Cell_HeLa_NB_05_S3-G6_1_3877.d	v1.1.0	NT=ms-proteomics;VV=v1.1.0	NT=human;VV=v1.1.0	NT=cell-lines;VV=v1.1.0	NT=single-cell;VV=v1.0.0	G2/M
HeLa_SC_NB_20201009_006	NT=Homo sapiens;AC=NCBITaxon:9606	NT=uterine cervix;AC=UBERON:0000002	NT=epithelial cell;AC=CL:0000066	NT=cervical adenocarcinoma;AC=MONDO:0005153	NT=HeLa;AC=EFO:0001185	CVCL_0030	HeLa	30Y6M	female	not applicable	not available	NT=Dulbecco's Modified Eagle Medium;AC=NCIT:C185409	NT=Nocodazole;AC=NCIT:C75228	G2/M	live	NT=single cell;AC=PRIDE:0000897	FACS	NB_20201009_006	1	6	run 6	proteomic profiling by mass spectrometry	NT=timsTOF Pro;AC=MS:1003005	NT=label free sample;AC=MS:1002038	NT=Oxidation;AC=UNIMOD:35;TA=M;MT=Variable	NT=Acetyl;AC=UNIMOD:1;PP=Protein N-term;MT=Variable	not applicable	NT=Trypsin;AC=MS:1001251	NT=Lys-C;AC=MS:1001309	Data-independent acquisition	NT=collision-induced dissociation;AC=MS:1000133	not available	not available	not applicable	not applicable	blocked_set	1	1	20201009_TIMS04_Evo07_AnBr_1Cell_HeLa_NB_06_S3-G7_1_3878.d	v1.1.0	NT=ms-proteomics;VV=v1.1.0	NT=human;VV=v1.1.0	NT=cell-lines;VV=v1.1.0	NT=single-cell;VV=v1.0.0	G2/M
HeLa_SC_NB_20201009_010	NT=Homo sapiens;AC=NCBITaxon:9606	NT=uterine cervix;AC=UBERON:0000002	NT=epithelial cell;AC=CL:0000066	NT=cervical adenocarcinoma;AC=MONDO:0005153	NT=HeLa;AC=EFO:0001185	CVCL_0030	HeLa	30Y6M	female	not applicable	not available	NT=Dulbecco's Modified Eagle Medium;AC=NCIT:C185409	NT=Nocodazole;AC=NCIT:C75228	G2/M	live	NT=single cell;AC=PRIDE:0000897	FACS	NB_20201009_010	1	7	run 7	proteomic profiling by mass spectrometry	NT=timsTOF Pro;AC=MS:1003005	NT=label free sample;AC=MS:1002038	NT=Oxidation;AC=UNIMOD:35;TA=M;MT=Variable	NT=Acetyl;AC=UNIMOD:1;PP=Protein N-term;MT=Variable	not applicable	NT=Trypsin;AC=MS:1001251	NT=Lys-C;AC=MS:1001309	Data-independent acquisition	NT=collision-induced dissociation;AC=MS:1000133	not available	not available	not applicable	not applicable	blocked_set	1	1	20201009_TIMS04_Evo07_AnBr_1Cell_HeLa_NB_10_S3-G11_1_3882.d	v1.1.0	NT=ms-proteomics;VV=v1.1.0	NT=human;VV=v1.1.0	NT=cell-lines;VV=v1.1.0	NT=single-cell;VV=v1.0.0	G2/M
HeLa_SC_NB_20201009_011	NT=Homo sapiens;AC=NCBITaxon:9606	NT=uterine cervix;AC=UBERON:0000002	NT=epithelial cell;AC=CL:0000066	NT=cervical adenocarcinoma;AC=MONDO:0005153	NT=HeLa;AC=EFO:0001185	CVCL_0030	HeLa	30Y6M	female	not applicable	not available	NT=Dulbecco's Modified Eagle Medium;AC=NCIT:C185409	NT=Nocodazole;AC=NCIT:C75228	G2/M	live	NT=single cell;AC=PRIDE:0000897	FACS	NB_20201009_011	1	8	run 8	proteomic profiling by mass spectrometry	NT=timsTOF Pro;AC=MS:1003005	NT=label free sample;AC=MS:1002038	NT=Oxidation;AC=UNIMOD:35;TA=M;MT=Variable	NT=Acetyl;AC=UNIMOD:1;PP=Protein N-term;MT=Variable	not applicable	NT=Trypsin;AC=MS:1001251	NT=Lys-C;AC=MS:1001309	Data-independent acquisition	NT=collision-induced dissociation;AC=MS:1000133	not available	not available	not applicable	not applicable	blocked_set	1	1	20201009_TIMS04_Evo07_AnBr_1Cell_HeLa_NB_11_S3-G12_1_3883.d	v1.1.0	NT=ms-proteomics;VV=v1.1.0	NT=human;VV=v1.1.0	NT=cell-lines;VV=v1.1.0	NT=single-cell;VV=v1.0.0	G2/M
HeLa_SC_NB_20201009_015	NT=Homo sapiens;AC=NCBITaxon:9606	NT=uterine cervix;AC=UBERON:0000002	NT=epithelial cell;AC=CL:0000066	NT=cervical adenocarcinoma;AC=MONDO:0005153	NT=HeLa;AC=EFO:0001185	CVCL_0030	HeLa	30Y6M	female	not applicable	not available	NT=Dulbecco's Modified Eagle Medium;AC=NCIT:C185409	NT=Nocodazole;AC=NCIT:C75228	G2/M	live	NT=single cell;AC=PRIDE:0000897	FACS	NB_20201009_015	1	9	run 9	proteomic profiling by mass spectrometry	NT=timsTOF Pro;AC=MS:1003005	NT=label free sample;AC=MS:1002038	NT=Oxidation;AC=UNIMOD:35;TA=M;MT=Variable	NT=Acetyl;AC=UNIMOD:1;PP=Protein N-term;MT=Variable	not applicable	NT=Trypsin;AC=MS:1001251	NT=Lys-C;AC=MS:1001309	Data-independent acquisition	NT=collision-induced dissociation;AC=MS:1000133	not available	not available	not applicable	not applicable	blocked_set	1	1	20201009_TIMS04_Evo07_AnBr_1Cell_HeLa_NB_15_S3-H5_1_3888.d	v1.1.0	NT=ms-proteomics;VV=v1.1.0	NT=human;VV=v1.1.0	NT=cell-lines;VV=v1.1.0	NT=single-cell;VV=v1.0.0	G2/M
HeLa_SC_NB_20201009_017	NT=Homo sapiens;AC=NCBITaxon:9606	NT=uterine cervix;AC=UBERON:0000002	NT=epithelial cell;AC=CL:0000066	NT=cervical adenocarcinoma;AC=MONDO:0005153	NT=HeLa;AC=EFO:0001185	CVCL_0030	HeLa	30Y6M	female	not applicable	not available	NT=Dulbecco's Modified Eagle Medium;AC=NCIT:C185409	NT=Nocodazole;AC=NCIT:C75228	G2/M	live	NT=single cell;AC=PRIDE:0000897	FACS	NB_20201009_017	1	10	run 10	proteomic profiling by mass spectrometry	NT=timsTOF Pro;AC=MS:1003005	NT=label free sample;AC=MS:1002038	NT=Oxidation;AC=UNIMOD:35;TA=M;MT=Variable	NT=Acetyl;AC=UNIMOD:1;PP=Protein N-term;MT=Variable	not applicable	NT=Trypsin;AC=MS:1001251	NT=Lys-C;AC=MS:1001309	Data-independent acquisition	NT=collision-induced dissociation;AC=MS:1000133	not available	not available	not applicable	not applicable	blocked_set	1	1	20201009_TIMS04_Evo07_AnBr_1Cell_HeLa_NB_17_S3-H7_1_3890.d	v1.1.0	NT=ms-proteomics;VV=v1.1.0	NT=human;VV=v1.1.0	NT=cell-lines;VV=v1.1.0	NT=single-cell;VV=v1.0.0	G2/M
HeLa_SC_NB_20201009_018	NT=Homo sapiens;AC=NCBITaxon:9606	NT=uterine cervix;AC=UBERON:0000002	NT=epithelial cell;AC=CL:0000066	NT=cervical adenocarcinoma;AC=MONDO:0005153	NT=HeLa;AC=EFO:0001185	CVCL_0030	HeLa	30Y6M	female	not applicable	not available	NT=Dulbecco's Modified Eagle Medium;AC=NCIT:C185409	NT=Nocodazole;AC=NCIT:C75228	G2/M	live	NT=single cell;AC=PRIDE:0000897	FACS	NB_20201009_018	1	11	run 11	proteomic profiling by mass spectrometry	NT=timsTOF Pro;AC=MS:1003005	NT=label free sample;AC=MS:1002038	NT=Oxidation;AC=UNIMOD:35;TA=M;MT=Variable	NT=Acetyl;AC=UNIMOD:1;PP=Protein N-term;MT=Variable	not applicable	NT=Trypsin;AC=MS:1001251	NT=Lys-C;AC=MS:1001309	Data-independent acquisition	NT=collision-induced dissociation;AC=MS:1000133	not available	not available	not applicable	not applicable	blocked_set	1	1	20201009_TIMS04_Evo07_AnBr_1Cell_HeLa_NB_18_S3-H8_1_3891.d	v1.1.0	NT=ms-proteomics;VV=v1.1.0	NT=human;VV=v1.1.0	NT=cell-lines;VV=v1.1.0	NT=single-cell;VV=v1.0.0	G2/M
HeLa_SC_NB_20201009_021	NT=Homo sapiens;AC=NCBITaxon:9606	NT=uterine cervix;AC=UBERON:0000002	NT=epithelial cell;AC=CL:0000066	NT=cervical adenocarcinoma;AC=MONDO:0005153	NT=HeLa;AC=EFO:0001185	CVCL_0030	HeLa	30Y6M	female	not applicable	not available	NT=Dulbecco's Modified Eagle Medium;AC=NCIT:C185409	NT=Nocodazole;AC=NCIT:C75228	G2/M	live	NT=single cell;AC=PRIDE:0000897	FACS	NB_20201009_021	1	12	run 12	proteomic profiling by mass spectrometry	NT=timsTOF Pro;AC=MS:1003005	NT=label free sample;AC=MS:1002038	NT=Oxidation;AC=UNIMOD:35;TA=M;MT=Variable	NT=Acetyl;AC=UNIMOD:1;PP=Protein N-term;MT=Variable	not applicable	NT=Trypsin;AC=MS:1001251	NT=Lys-C;AC=MS:1001309	Data-independent acquisition	NT=collision-induced dissociation;AC=MS:1000133	not available	not available	not applicable	not applicable	blocked_set	1	1	20201009_TIMS04_Evo07_AnBr_1Cell_HeLa_NB_21_S3-H11_1_3894.d	v1.1.0	NT=ms-proteomics;VV=v1.1.0	NT=human;VV=v1.1.0	NT=cell-lines;VV=v1.1.0	NT=single-cell;VV=v1.0.0	G2/M
HeLa_SC_NB_20201009_022	NT=Homo sapiens;AC=NCBITaxon:9606	NT=uterine cervix;AC=UBERON:0000002	NT=epithelial cell;AC=CL:0000066	NT=cervical adenocarcinoma;AC=MONDO:0005153	NT=HeLa;AC=EFO:0001185	CVCL_0030	HeLa	30Y6M	female	not applicable	not available	NT=Dulbecco's Modified Eagle Medium;AC=NCIT:C185409	NT=Nocodazole;AC=NCIT:C75228	G2/M	live	NT=single cell;AC=PRIDE:0000897	FACS	NB_20201009_022	1	13	run 13	proteomic profiling by mass spectrometry	NT=timsTOF Pro;AC=MS:1003005	NT=label free sample;AC=MS:1002038	NT=Oxidation;AC=UNIMOD:35;TA=M;MT=Variable	NT=Acetyl;AC=UNIMOD:1;PP=Protein N-term;MT=Variable	not applicable	NT=Trypsin;AC=MS:1001251	NT=Lys-C;AC=MS:1001309	Data-independent acquisition	NT=collision-induced dissociation;AC=MS:1000133	not available	not available	not applicable	not applicable	blocked_set	1	1	20201009_TIMS04_Evo07_AnBr_1Cell_HeLa_NB_22_S3-H12_1_3895.d	v1.1.0	NT=ms-proteomics;VV=v1.1.0	NT=human;VV=v1.1.0	NT=cell-lines;VV=v1.1.0	NT=single-cell;VV=v1.0.0	G2/M
HeLa_SC_NB_20201010_001	NT=Homo sapiens;AC=NCBITaxon:9606	NT=uterine cervix;AC=UBERON:0000002	NT=epithelial cell;AC=CL:0000066	NT=cervical adenocarcinoma;AC=MONDO:0005153	NT=HeLa;AC=EFO:0001185	CVCL_0030	HeLa	30Y6M	female	not applicable	not available	NT=Dulbecco's Modified Eagle Medium;AC=NCIT:C185409	NT=Nocodazole;AC=NCIT:C75228	G2/M	live	NT=single cell;AC=PRIDE:0000897	FACS	NB_20201010_001	1	14	run 14	proteomic profiling by mass spectrometry	NT=timsTOF Pro;AC=MS:1003005	NT=label free sample;AC=MS:1002038	NT=Oxidation;AC=UNIMOD:35;TA=M;MT=Variable	NT=Acetyl;AC=UNIMOD:1;PP=Protein N-term;MT=Variable	not applicable	NT=Trypsin;AC=MS:1001251	NT=Lys-C;AC=MS:1001309	Data-independent acquisition	NT=collision-induced dissociation;AC=MS:1000133	not available	not available	not applicable	not applicable	blocked_set	1	1	20201010_TIMS04_Evo07_AnBr_1Cell_HeLa_NB_01_S5-B2_1_3909.d	v1.1.0	NT=ms-proteomics;VV=v1.1.0	NT=human;VV=v1.1.0	NT=cell-lines;VV=v1.1.0	NT=single-cell;VV=v1.0.0	G2/M
HeLa_SC_NB_20201010_003	NT=Homo sapiens;AC=NCBITaxon:9606	NT=uterine cervix;AC=UBERON:0000002	NT=epithelial cell;AC=CL:0000066	NT=cervical adenocarcinoma;AC=MONDO:0005153	NT=HeLa;AC=EFO:0001185	CVCL_0030	HeLa	30Y6M	female	not applicable	not available	NT=Dulbecco's Modified Eagle Medium;AC=NCIT:C185409	NT=Nocodazole;AC=NCIT:C75228	G2/M	live	NT=single cell;AC=PRIDE:0000897	FACS	NB_20201010_003	1	15	run 15	proteomic profiling by mass spectrometry	NT=timsTOF Pro;AC=MS:1003005	NT=label free sample;AC=MS:1002038	NT=Oxidation;AC=UNIMOD:35;TA=M;MT=Variable	NT=Acetyl;AC=UNIMOD:1;PP=Protein N-term;MT=Variable	not applicable	NT=Trypsin;AC=MS:1001251	NT=Lys-C;AC=MS:1001309	Data-independent acquisition	NT=collision-induced dissociation;AC=MS:1000133	not available	not available	not applicable	not applicable	blocked_set	1	1	20201010_TIMS04_Evo07_AnBr_1Cell_HeLa_NB_03_S5-B4_1_3911.d	v1.1.0	NT=ms-proteomics;VV=v1.1.0	NT=human;VV=v1.1.0	NT=cell-lines;VV=v1.1.0	NT=single-cell;VV=v1.0.0	G2/M
HeLa_SC_NB_20201010_005	NT=Homo sapiens;AC=NCBITaxon:9606	NT=uterine cervix;AC=UBERON:0000002	NT=epithelial cell;AC=CL:0000066	NT=cervical adenocarcinoma;AC=MONDO:0005153	NT=HeLa;AC=EFO:0001185	CVCL_0030	HeLa	30Y6M	female	not applicable	not available	NT=Dulbecco's Modified Eagle Medium;AC=NCIT:C185409	NT=Nocodazole;AC=NCIT:C75228	G2/M	live	NT=single cell;AC=PRIDE:0000897	FACS	NB_20201010_005	1	16	run 16	proteomic profiling by mass spectrometry	NT=timsTOF Pro;AC=MS:1003005	NT=label free sample;AC=MS:1002038	NT=Oxidation;AC=UNIMOD:35;TA=M;MT=Variable	NT=Acetyl;AC=UNIMOD:1;PP=Protein N-term;MT=Variable	not applicable	NT=Trypsin;AC=MS:1001251	NT=Lys-C;AC=MS:1001309	Data-independent acquisition	NT=collision-induced dissociation;AC=MS:1000133	not available	not available	not applicable	not applicable	blocked_set	1	1	20201010_TIMS04_Evo07_AnBr_1Cell_HeLa_NB_05_S5-B6_1_3913.d	v1.1.0	NT=ms-proteomics;VV=v1.1.0	NT=human;VV=v1.1.0	NT=cell-lines;VV=v1.1.0	NT=single-cell;VV=v1.0.0	G2/M
HeLa_SC_NB_20201010_006	NT=Homo sapiens;AC=NCBITaxon:9606	NT=uterine cervix;AC=UBERON:0000002	NT=epithelial cell;AC=CL:0000066	NT=cervical adenocarcinoma;AC=MONDO:0005153	NT=HeLa;AC=EFO:0001185	CVCL_0030	HeLa	30Y6M	female	not applicable	not available	NT=Dulbecco's Modified Eagle Medium;AC=NCIT:C185409	NT=Nocodazole;AC=NCIT:C75228	G2/M	live	NT=single cell;AC=PRIDE:0000897	FACS	NB_20201010_006	1	17	run 17	proteomic profiling by mass spectrometry	NT=timsTOF Pro;AC=MS:1003005	NT=label free sample;AC=MS:1002038	NT=Oxidation;AC=UNIMOD:35;TA=M;MT=Variable	NT=Acetyl;AC=UNIMOD:1;PP=Protein N-term;MT=Variable	not applicable	NT=Trypsin;AC=MS:1001251	NT=Lys-C;AC=MS:1001309	Data-independent acquisition	NT=collision-induced dissociation;AC=MS:1000133	not available	not available	not applicable	not applicable	blocked_set	1	1	20201010_TIMS04_Evo07_AnBr_1Cell_HeLa_NB_06_S5-B7_1_3914.d	v1.1.0	NT=ms-proteomics;VV=v1.1.0	NT=human;VV=v1.1.0	NT=cell-lines;VV=v1.1.0	NT=single-cell;VV=v1.0.0	G2/M
HeLa_SC_NB_20201010_007	NT=Homo sapiens;AC=NCBITaxon:9606	NT=uterine cervix;AC=UBERON:0000002	NT=epithelial cell;AC=CL:0000066	NT=cervical adenocarcinoma;AC=MONDO:0005153	NT=HeLa;AC=EFO:0001185	CVCL_0030	HeLa	30Y6M	female	not applicable	not available	NT=Dulbecco's Modified Eagle Medium;AC=NCIT:C185409	NT=Nocodazole;AC=NCIT:C75228	G2/M	live	NT=single cell;AC=PRIDE:0000897	FACS	NB_20201010_007	1	18	run 18	proteomic profiling by mass spectrometry	NT=timsTOF Pro;AC=MS:1003005	NT=label free sample;AC=MS:1002038	NT=Oxidation;AC=UNIMOD:35;TA=M;MT=Variable	NT=Acetyl;AC=UNIMOD:1;PP=Protein N-term;MT=Variable	not applicable	NT=Trypsin;AC=MS:1001251	NT=Lys-C;AC=MS:1001309	Data-independent acquisition	NT=collision-induced dissociation;AC=MS:1000133	not available	not available	not applicable	not applicable	blocked_set	1	1	20201010_TIMS04_Evo07_AnBr_1Cell_HeLa_NB_07_S5-B8_1_3915.d	v1.1.0	NT=ms-proteomics;VV=v1.1.0	NT=human;VV=v1.1.0	NT=cell-lines;VV=v1.1.0	NT=single-cell;VV=v1.0.0	G2/M
HeLa_SC_NB_20201010_008	NT=Homo sapiens;AC=NCBITaxon:9606	NT=uterine cervix;AC=UBERON:0000002	NT=epithelial cell;AC=CL:0000066	NT=cervical adenocarcinoma;AC=MONDO:0005153	NT=HeLa;AC=EFO:0001185	CVCL_0030	HeLa	30Y6M	female	not applicable	not available	NT=Dulbecco's Modified Eagle Medium;AC=NCIT:C185409	NT=Nocodazole;AC=NCIT:C75228	G2/M	live	NT=single cell;AC=PRIDE:0000897	FACS	NB_20201010_008	1	19	run 19	proteomic profiling by mass spectrometry	NT=timsTOF Pro;AC=MS:1003005	NT=label free sample;AC=MS:1002038	NT=Oxidation;AC=UNIMOD:35;TA=M;MT=Variable	NT=Acetyl;AC=UNIMOD:1;PP=Protein N-term;MT=Variable	not applicable	NT=Trypsin;AC=MS:1001251	NT=Lys-C;AC=MS:1001309	Data-independent acquisition	NT=collision-induced dissociation;AC=MS:1000133	not available	not available	not applicable	not applicable	blocked_set	1	1	20201010_TIMS04_Evo07_AnBr_1Cell_HeLa_NB_08_S5-B9_1_3916.d	v1.1.0	NT=ms-proteomics;VV=v1.1.0	NT=human;VV=v1.1.0	NT=cell-lines;VV=v1.1.0	NT=single-cell;VV=v1.0.0	G2/M
HeLa_SC_NB_20201010_009	NT=Homo sapiens;AC=NCBITaxon:9606	NT=uterine cervix;AC=UBERON:0000002	NT=epithelial cell;AC=CL:0000066	NT=cervical adenocarcinoma;AC=MONDO:0005153	NT=HeLa;AC=EFO:0001185	CVCL_0030	HeLa	30Y6M	female	not applicable	not available	NT=Dulbecco's Modified Eagle Medium;AC=NCIT:C185409	NT=Nocodazole;AC=NCIT:C75228	G2/M	live	NT=single cell;AC=PRIDE:0000897	FACS	NB_20201010_009	1	20	run 20	proteomic profiling by mass spectrometry	NT=timsTOF Pro;AC=MS:1003005	NT=label free sample;AC=MS:1002038	NT=Oxidation;AC=UNIMOD:35;TA=M;MT=Variable	NT=Acetyl;AC=UNIMOD:1;PP=Protein N-term;MT=Variable	not applicable	NT=Trypsin;AC=MS:1001251	NT=Lys-C;AC=MS:1001309	Data-independent acquisition	NT=collision-induced dissociation;AC=MS:1000133	not available	not available	not applicable	not applicable	blocked_set	1	1	20201010_TIMS04_Evo07_AnBr_1Cell_HeLa_NB_09_S5-B10_1_3917.d	v1.1.0	NT=ms-proteomics;VV=v1.1.0	NT=human;VV=v1.1.0	NT=cell-lines;VV=v1.1.0	NT=single-cell;VV=v1.0.0	G2/M
HeLa_SC_NB_20201010_012	NT=Homo sapiens;AC=NCBITaxon:9606	NT=uterine cervix;AC=UBERON:0000002	NT=epithelial cell;AC=CL:0000066	NT=cervical adenocarcinoma;AC=MONDO:0005153	NT=HeLa;AC=EFO:0001185	CVCL_0030	HeLa	30Y6M	female	not applicable	not available	NT=Dulbecco's Modified Eagle Medium;AC=NCIT:C185409	NT=Nocodazole;AC=NCIT:C75228	G2/M	live	NT=single cell;AC=PRIDE:0000897	FACS	NB_20201010_012	1	21	run 21	proteomic profiling by mass spectrometry	NT=timsTOF Pro;AC=MS:1003005	NT=label free sample;AC=MS:1002038	NT=Oxidation;AC=UNIMOD:35;TA=M;MT=Variable	NT=Acetyl;AC=UNIMOD:1;PP=Protein N-term;MT=Variable	not applicable	NT=Trypsin;AC=MS:1001251	NT=Lys-C;AC=MS:1001309	Data-independent acquisition	NT=collision-induced dissociation;AC=MS:1000133	not available	not available	not applicable	not applicable	blocked_set	1	1	20201010_TIMS04_Evo07_AnBr_1Cell_HeLa_NB_12_S5-C2_1_3921.d	v1.1.0	NT=ms-proteomics;VV=v1.1.0	NT=human;VV=v1.1.0	NT=cell-lines;VV=v1.1.0	NT=single-cell;VV=v1.0.0	G2/M
HeLa_SC_NB_20201010_013	NT=Homo sapiens;AC=NCBITaxon:9606	NT=uterine cervix;AC=UBERON:0000002	NT=epithelial cell;AC=CL:0000066	NT=cervical adenocarcinoma;AC=MONDO:0005153	NT=HeLa;AC=EFO:0001185	CVCL_0030	HeLa	30Y6M	female	not applicable	not available	NT=Dulbecco's Modified Eagle Medium;AC=NCIT:C185409	NT=Nocodazole;AC=NCIT:C75228	G2/M	live	NT=single cell;AC=PRIDE:0000897	FACS	NB_20201010_013	1	22	run 22	proteomic profiling by mass spectrometry	NT=timsTOF Pro;AC=MS:1003005	NT=label free sample;AC=MS:1002038	NT=Oxidation;AC=UNIMOD:35;TA=M;MT=Variable	NT=Acetyl;AC=UNIMOD:1;PP=Protein N-term;MT=Variable	not applicable	NT=Trypsin;AC=MS:1001251	NT=Lys-C;AC=MS:1001309	Data-independent acquisition	NT=collision-induced dissociation;AC=MS:1000133	not available	not available	not applicable	not applicable	blocked_set	1	1	20201010_TIMS04_Evo07_AnBr_1Cell_HeLa_NB_13_S5-C3_1_3922.d	v1.1.0	NT=ms-proteomics;VV=v1.1.0	NT=human;VV=v1.1.0	NT=cell-lines;VV=v1.1.0	NT=single-cell;VV=v1.0.0	G2/M
HeLa_SC_NB_20201010_014	NT=Homo sapiens;AC=NCBITaxon:9606	NT=uterine cervix;AC=UBERON:0000002	NT=epithelial cell;AC=CL:0000066	NT=cervical adenocarcinoma;AC=MONDO:0005153	NT=HeLa;AC=EFO:0001185	CVCL_0030	HeLa	30Y6M	female	not applicable	not available	NT=Dulbecco's Modified Eagle Medium;AC=NCIT:C185409	NT=Nocodazole;AC=NCIT:C75228	G2/M	live	NT=single cell;AC=PRIDE:0000897	FACS	NB_20201010_014	1	23	run 23	proteomic profiling by mass spectrometry	NT=timsTOF Pro;AC=MS:1003005	NT=label free sample;AC=MS:1002038	NT=Oxidation;AC=UNIMOD:35;TA=M;MT=Variable	NT=Acetyl;AC=UNIMOD:1;PP=Protein N-term;MT=Variable	not applicable	NT=Trypsin;AC=MS:1001251	NT=Lys-C;AC=MS:1001309	Data-independent acquisition	NT=collision-induced dissociation;AC=MS:1000133	not available	not available	not applicable	not applicable	blocked_set	1	1	20201010_TIMS04_Evo07_AnBr_1Cell_HeLa_NB_14_S5-C4_1_3923.d	v1.1.0	NT=ms-proteomics;VV=v1.1.0	NT=human;VV=v1.1.0	NT=cell-lines;VV=v1.1.0	NT=single-cell;VV=v1.0.0	G2/M
HeLa_SC_NB_20201010_015	NT=Homo sapiens;AC=NCBITaxon:9606	NT=uterine cervix;AC=UBERON:0000002	NT=epithelial cell;AC=CL:0000066	NT=cervical adenocarcinoma;AC=MONDO:0005153	NT=HeLa;AC=EFO:0001185	CVCL_0030	HeLa	30Y6M	female	not applicable	not available	NT=Dulbecco's Modified Eagle Medium;AC=NCIT:C185409	NT=Nocodazole;AC=NCIT:C75228	G2/M	live	NT=single cell;AC=PRIDE:0000897	FACS	NB_20201010_015	1	24	run 24	proteomic profiling by mass spectrometry	NT=timsTOF Pro;AC=MS:1003005	NT=label free sample;AC=MS:1002038	NT=Oxidation;AC=UNIMOD:35;TA=M;MT=Variable	NT=Acetyl;AC=UNIMOD:1;PP=Protein N-term;MT=Variable	not applicable	NT=Trypsin;AC=MS:1001251	NT=Lys-C;AC=MS:1001309	Data-independent acquisition	NT=collision-induced dissociation;AC=MS:1000133	not available	not available	not applicable	not applicable	blocked_set	1	1	20201010_TIMS04_Evo07_AnBr_1Cell_HeLa_NB_15_S5-C5_1_3924.d	v1.1.0	NT=ms-proteomics;VV=v1.1.0	NT=human;VV=v1.1.0	NT=cell-lines;VV=v1.1.0	NT=single-cell;VV=v1.0.0	G2/M
HeLa_SC_NB_20201010_016	NT=Homo sapiens;AC=NCBITaxon:9606	NT=uterine cervix;AC=UBERON:0000002	NT=epithelial cell;AC=CL:0000066	NT=cervical adenocarcinoma;AC=MONDO:0005153	NT=HeLa;AC=EFO:0001185	CVCL_0030	HeLa	30Y6M	female	not applicable	not available	NT=Dulbecco's Modified Eagle Medium;AC=NCIT:C185409	NT=Nocodazole;AC=NCIT:C75228	G2/M	live	NT=single cell;AC=PRIDE:0000897	FACS	NB_20201010_016	1	25	run 25	proteomic profiling by mass spectrometry	NT=timsTOF Pro;AC=MS:1003005	NT=label free sample;AC=MS:1002038	NT=Oxidation;AC=UNIMOD:35;TA=M;MT=Variable	NT=Acetyl;AC=UNIMOD:1;PP=Protein N-term;MT=Variable	not applicable	NT=Trypsin;AC=MS:1001251	NT=Lys-C;AC=MS:1001309	Data-independent acquisition	NT=collision-induced dissociation;AC=MS:1000133	not available	not available	not applicable	not applicable	blocked_set	1	1	20201010_TIMS04_Evo07_AnBr_1Cell_HeLa_NB_16_S5-C6_1_3925.d	v1.1.0	NT=ms-proteomics;VV=v1.1.0	NT=human;VV=v1.1.0	NT=cell-lines;VV=v1.1.0	NT=single-cell;VV=v1.0.0	G2/M
HeLa_SC_NB_20201010_017	NT=Homo sapiens;AC=NCBITaxon:9606	NT=uterine cervix;AC=UBERON:0000002	NT=epithelial cell;AC=CL:0000066	NT=cervical adenocarcinoma;AC=MONDO:0005153	NT=HeLa;AC=EFO:0001185	CVCL_0030	HeLa	30Y6M	female	not applicable	not available	NT=Dulbecco's Modified Eagle Medium;AC=NCIT:C185409	NT=Nocodazole;AC=NCIT:C75228	G2/M	live	NT=single cell;AC=PRIDE:0000897	FACS	NB_20201010_017	1	26	run 26	proteomic profiling by mass spectrometry	NT=timsTOF Pro;AC=MS:1003005	NT=label free sample;AC=MS:1002038	NT=Oxidation;AC=UNIMOD:35;TA=M;MT=Variable	NT=Acetyl;AC=UNIMOD:1;PP=Protein N-term;MT=Variable	not applicable	NT=Trypsin;AC=MS:1001251	NT=Lys-C;AC=MS:1001309	Data-independent acquisition	NT=collision-induced dissociation;AC=MS:1000133	not available	not available	not applicable	not applicable	blocked_set	1	1	20201010_TIMS04_Evo07_AnBr_1Cell_HeLa_NB_17_S5-C7_1_3926.d	v1.1.0	NT=ms-proteomics;VV=v1.1.0	NT=human;VV=v1.1.0	NT=cell-lines;VV=v1.1.0	NT=single-cell;VV=v1.0.0	G2/M
HeLa_SC_NB_20201010_018	NT=Homo sapiens;AC=NCBITaxon:9606	NT=uterine cervix;AC=UBERON:0000002	NT=epithelial cell;AC=CL:0000066	NT=cervical adenocarcinoma;AC=MONDO:0005153	NT=HeLa;AC=EFO:0001185	CVCL_0030	HeLa	30Y6M	female	not applicable	not available	NT=Dulbecco's Modified Eagle Medium;AC=NCIT:C185409	NT=Nocodazole;AC=NCIT:C75228	G2/M	live	NT=single cell;AC=PRIDE:0000897	FACS	NB_20201010_018	1	27	run 27	proteomic profiling by mass spectrometry	NT=timsTOF Pro;AC=MS:1003005	NT=label free sample;AC=MS:1002038	NT=Oxidation;AC=UNIMOD:35;TA=M;MT=Variable	NT=Acetyl;AC=UNIMOD:1;PP=Protein N-term;MT=Variable	not applicable	NT=Trypsin;AC=MS:1001251	NT=Lys-C;AC=MS:1001309	Data-independent acquisition	NT=collision-induced dissociation;AC=MS:1000133	not available	not available	not applicable	not applicable	blocked_set	1	1	20201010_TIMS04_Evo07_AnBr_1Cell_HeLa_NB_18_S5-C8_1_3927.d	v1.1.0	NT=ms-proteomics;VV=v1.1.0	NT=human;VV=v1.1.0	NT=cell-lines;VV=v1.1.0	NT=single-cell;VV=v1.0.0	G2/M
HeLa_SC_NB_20201010_019	NT=Homo sapiens;AC=NCBITaxon:9606	NT=uterine cervix;AC=UBERON:0000002	NT=epithelial cell;AC=CL:0000066	NT=cervical adenocarcinoma;AC=MONDO:0005153	NT=HeLa;AC=EFO:0001185	CVCL_0030	HeLa	30Y6M	female	not applicable	not available	NT=Dulbecco's Modified Eagle Medium;AC=NCIT:C185409	NT=Nocodazole;AC=NCIT:C75228	G2/M	live	NT=single cell;AC=PRIDE:0000897	FACS	NB_20201010_019	1	28	run 28	proteomic profiling by mass spectrometry	NT=timsTOF Pro;AC=MS:1003005	NT=label free sample;AC=MS:1002038	NT=Oxidation;AC=UNIMOD:35;TA=M;MT=Variable	NT=Acetyl;AC=UNIMOD:1;PP=Protein N-term;MT=Variable	not applicable	NT=Trypsin;AC=MS:1001251	NT=Lys-C;AC=MS:1001309	Data-independent acquisition	NT=collision-induced dissociation;AC=MS:1000133	not available	not available	not applicable	not applicable	blocked_set	1	1	20201010_TIMS04_Evo07_AnBr_1Cell_HeLa_NB_19_S5-C9_1_3928.d	v1.1.0	NT=ms-proteomics;VV=v1.1.0	NT=human;VV=v1.1.0	NT=cell-lines;VV=v1.1.0	NT=single-cell;VV=v1.0.0	G2/M
HeLa_SC_NB_20201010_021	NT=Homo sapiens;AC=NCBITaxon:9606	NT=uterine cervix;AC=UBERON:0000002	NT=epithelial cell;AC=CL:0000066	NT=cervical adenocarcinoma;AC=MONDO:0005153	NT=HeLa;AC=EFO:0001185	CVCL_0030	HeLa	30Y6M	female	not applicable	not available	NT=Dulbecco's Modified Eagle Medium;AC=NCIT:C185409	NT=Nocodazole;AC=NCIT:C75228	G2/M	live	NT=single cell;AC=PRIDE:0000897	FACS	NB_20201010_021	1	29	run 29	proteomic profiling by mass spectrometry	NT=timsTOF Pro;AC=MS:1003005	NT=label free sample;AC=MS:1002038	NT=Oxidation;AC=UNIMOD:35;TA=M;MT=Variable	NT=Acetyl;AC=UNIMOD:1;PP=Protein N-term;MT=Variable	not applicable	NT=Trypsin;AC=MS:1001251	NT=Lys-C;AC=MS:1001309	Data-independent acquisition	NT=collision-induced dissociation;AC=MS:1000133	not available	not available	not applicable	not applicable	blocked_set	1	1	20201010_TIMS04_Evo07_AnBr_1Cell_HeLa_NB_21_S5-C11_1_3930.d	v1.1.0	NT=ms-proteomics;VV=v1.1.0	NT=human;VV=v1.1.0	NT=cell-lines;VV=v1.1.0	NT=single-cell;VV=v1.0.0	G2/M
HeLa_SC_NB_20201010_023	NT=Homo sapiens;AC=NCBITaxon:9606	NT=uterine cervix;AC=UBERON:0000002	NT=epithelial cell;AC=CL:0000066	NT=cervical adenocarcinoma;AC=MONDO:0005153	NT=HeLa;AC=EFO:0001185	CVCL_0030	HeLa	30Y6M	female	not applicable	not available	NT=Dulbecco's Modified Eagle Medium;AC=NCIT:C185409	NT=Nocodazole;AC=NCIT:C75228	G2/M	live	NT=single cell;AC=PRIDE:0000897	FACS	NB_20201010_023	1	30	run 30	proteomic profiling by mass spectrometry	NT=timsTOF Pro;AC=MS:1003005	NT=label free sample;AC=MS:1002038	NT=Oxidation;AC=UNIMOD:35;TA=M;MT=Variable	NT=Acetyl;AC=UNIMOD:1;PP=Protein N-term;MT=Variable	not applicable	NT=Trypsin;AC=MS:1001251	NT=Lys-C;AC=MS:1001309	Data-independent acquisition	NT=collision-induced dissociation;AC=MS:1000133	not available	not available	not applicable	not applicable	blocked_set	1	1	20201010_TIMS04_Evo07_AnBr_1Cell_HeLa_NB_23_S5-D2_1_3933.d	v1.1.0	NT=ms-proteomics;VV=v1.1.0	NT=human;VV=v1.1.0	NT=cell-lines;VV=v1.1.0	NT=single-cell;VV=v1.0.0	G2/M
HeLa_SC_NB_20201010_027	NT=Homo sapiens;AC=NCBITaxon:9606	NT=uterine cervix;AC=UBERON:0000002	NT=epithelial cell;AC=CL:0000066	NT=cervical adenocarcinoma;AC=MONDO:0005153	NT=HeLa;AC=EFO:0001185	CVCL_0030	HeLa	30Y6M	female	not applicable	not available	NT=Dulbecco's Modified Eagle Medium;AC=NCIT:C185409	NT=Nocodazole;AC=NCIT:C75228	G2/M	live	NT=single cell;AC=PRIDE:0000897	FACS	NB_20201010_027	1	31	run 31	proteomic profiling by mass spectrometry	NT=timsTOF Pro;AC=MS:1003005	NT=label free sample;AC=MS:1002038	NT=Oxidation;AC=UNIMOD:35;TA=M;MT=Variable	NT=Acetyl;AC=UNIMOD:1;PP=Protein N-term;MT=Variable	not applicable	NT=Trypsin;AC=MS:1001251	NT=Lys-C;AC=MS:1001309	Data-independent acquisition	NT=collision-induced dissociation;AC=MS:1000133	not available	not available	not applicable	not applicable	blocked_set	1	1	20201010_TIMS04_Evo07_AnBr_1Cell_HeLa_NB_27_S5-D6_1_3937.d	v1.1.0	NT=ms-proteomics;VV=v1.1.0	NT=human;VV=v1.1.0	NT=cell-lines;VV=v1.1.0	NT=single-cell;VV=v1.0.0	G2/M
HeLa_SC_NB_20201010_028	NT=Homo sapiens;AC=NCBITaxon:9606	NT=uterine cervix;AC=UBERON:0000002	NT=epithelial cell;AC=CL:0000066	NT=cervical adenocarcinoma;AC=MONDO:0005153	NT=HeLa;AC=EFO:0001185	CVCL_0030	HeLa	30Y6M	female	not applicable	not available	NT=Dulbecco's Modified Eagle Medium;AC=NCIT:C185409	NT=Nocodazole;AC=NCIT:C75228	G2/M	live	NT=single cell;AC=PRIDE:0000897	FACS	NB_20201010_028	1	32	run 32	proteomic profiling by mass spectrometry	NT=timsTOF Pro;AC=MS:1003005	NT=label free sample;AC=MS:1002038	NT=Oxidation;AC=UNIMOD:35;TA=M;MT=Variable	NT=Acetyl;AC=UNIMOD:1;PP=Protein N-term;MT=Variable	not applicable	NT=Trypsin;AC=MS:1001251	NT=Lys-C;AC=MS:1001309	Data-independent acquisition	NT=collision-induced dissociation;AC=MS:1000133	not available	not available	not applicable	not applicable	blocked_set	1	1	20201010_TIMS04_Evo07_AnBr_1Cell_HeLa_NB_28_S5-D7_1_3938.d	v1.1.0	NT=ms-proteomics;VV=v1.1.0	NT=human;VV=v1.1.0	NT=cell-lines;VV=v1.1.0	NT=single-cell;VV=v1.0.0	G2/M
HeLa_SC_NB_20201010_034	NT=Homo sapiens;AC=NCBITaxon:9606	NT=uterine cervix;AC=UBERON:0000002	NT=epithelial cell;AC=CL:0000066	NT=cervical adenocarcinoma;AC=MONDO:0005153	NT=HeLa;AC=EFO:0001185	CVCL_0030	HeLa	30Y6M	female	not applicable	not available	NT=Dulbecco's Modified Eagle Medium;AC=NCIT:C185409	NT=Nocodazole;AC=NCIT:C75228	G2/M	live	NT=single cell;AC=PRIDE:0000897	FACS	NB_20201010_034	1	33	run 33	proteomic profiling by mass spectrometry	NT=timsTOF Pro;AC=MS:1003005	NT=label free sample;AC=MS:1002038	NT=Oxidation;AC=UNIMOD:35;TA=M;MT=Variable	NT=Acetyl;AC=UNIMOD:1;PP=Protein N-term;MT=Variable	not applicable	NT=Trypsin;AC=MS:1001251	NT=Lys-C;AC=MS:1001309	Data-independent acquisition	NT=collision-induced dissociation;AC=MS:1000133	not available	not available	not applicable	not applicable	blocked_set	1	1	20201010_TIMS04_Evo07_AnBr_1Cell_HeLa_NB_34_S5-E2_1_3945.d	v1.1.0	NT=ms-proteomics;VV=v1.1.0	NT=human;VV=v1.1.0	NT=cell-lines;VV=v1.1.0	NT=single-cell;VV=v1.0.0	G2/M
HeLa_SC_NB_20201010_039	NT=Homo sapiens;AC=NCBITaxon:9606	NT=uterine cervix;AC=UBERON:0000002	NT=epithelial cell;AC=CL:0000066	NT=cervical adenocarcinoma;AC=MONDO:0005153	NT=HeLa;AC=EFO:0001185	CVCL_0030	HeLa	30Y6M	female	not applicable	not available	NT=Dulbecco's Modified Eagle Medium;AC=NCIT:C185409	NT=Nocodazole;AC=NCIT:C75228	G2/M	live	NT=single cell;AC=PRIDE:0000897	FACS	NB_20201010_039	1	34	run 34	proteomic profiling by mass spectrometry	NT=timsTOF Pro;AC=MS:1003005	NT=label free sample;AC=MS:1002038	NT=Oxidation;AC=UNIMOD:35;TA=M;MT=Variable	NT=Acetyl;AC=UNIMOD:1;PP=Protein N-term;MT=Variable	not applicable	NT=Trypsin;AC=MS:1001251	NT=Lys-C;AC=MS:1001309	Data-independent acquisition	NT=collision-induced dissociation;AC=MS:1000133	not available	not available	not applicable	not applicable	blocked_set	1	1	20201010_TIMS04_Evo07_AnBr_1Cell_HeLa_NB_39_S5-E7_1_3950.d	v1.1.0	NT=ms-proteomics;VV=v1.1.0	NT=human;VV=v1.1.0	NT=cell-lines;VV=v1.1.0	NT=single-cell;VV=v1.0.0	G2/M
HeLa_SC_NB_20201010_040	NT=Homo sapiens;AC=NCBITaxon:9606	NT=uterine cervix;AC=UBERON:0000002	NT=epithelial cell;AC=CL:0000066	NT=cervical adenocarcinoma;AC=MONDO:0005153	NT=HeLa;AC=EFO:0001185	CVCL_0030	HeLa	30Y6M	female	not applicable	not available	NT=Dulbecco's Modified Eagle Medium;AC=NCIT:C185409	NT=Nocodazole;AC=NCIT:C75228	G2/M	live	NT=single cell;AC=PRIDE:0000897	FACS	NB_20201010_040	1	35	run 35	proteomic profiling by mass spectrometry	NT=timsTOF Pro;AC=MS:1003005	NT=label free sample;AC=MS:1002038	NT=Oxidation;AC=UNIMOD:35;TA=M;MT=Variable	NT=Acetyl;AC=UNIMOD:1;PP=Protein N-term;MT=Variable	not applicable	NT=Trypsin;AC=MS:1001251	NT=Lys-C;AC=MS:1001309	Data-independent acquisition	NT=collision-induced dissociation;AC=MS:1000133	not available	not available	not applicable	not applicable	blocked_set	1	1	20201010_TIMS04_Evo07_AnBr_1Cell_HeLa_NB_40_S5-E8_1_3951.d	v1.1.0	NT=ms-proteomics;VV=v1.1.0	NT=human;VV=v1.1.0	NT=cell-lines;VV=v1.1.0	NT=single-cell;VV=v1.0.0	G2/M
HeLa_SC_NB_20201010_041	NT=Homo sapiens;AC=NCBITaxon:9606	NT=uterine cervix;AC=UBERON:0000002	NT=epithelial cell;AC=CL:0000066	NT=cervical adenocarcinoma;AC=MONDO:0005153	NT=HeLa;AC=EFO:0001185	CVCL_0030	HeLa	30Y6M	female	not applicable	not available	NT=Dulbecco's Modified Eagle Medium;AC=NCIT:C185409	NT=Nocodazole;AC=NCIT:C75228	G2/M	live	NT=single cell;AC=PRIDE:0000897	FACS	NB_20201010_041	1	36	run 36	proteomic profiling by mass spectrometry	NT=timsTOF Pro;AC=MS:1003005	NT=label free sample;AC=MS:1002038	NT=Oxidation;AC=UNIMOD:35;TA=M;MT=Variable	NT=Acetyl;AC=UNIMOD:1;PP=Protein N-term;MT=Variable	not applicable	NT=Trypsin;AC=MS:1001251	NT=Lys-C;AC=MS:1001309	Data-independent acquisition	NT=collision-induced dissociation;AC=MS:1000133	not available	not available	not applicable	not applicable	blocked_set	1	1	20201010_TIMS04_Evo07_AnBr_1Cell_HeLa_NB_41_S5-E9_1_3952.d	v1.1.0	NT=ms-proteomics;VV=v1.1.0	NT=human;VV=v1.1.0	NT=cell-lines;VV=v1.1.0	NT=single-cell;VV=v1.0.0	G2/M
HeLa_SC_NB_20201010_042	NT=Homo sapiens;AC=NCBITaxon:9606	NT=uterine cervix;AC=UBERON:0000002	NT=epithelial cell;AC=CL:0000066	NT=cervical adenocarcinoma;AC=MONDO:0005153	NT=HeLa;AC=EFO:0001185	CVCL_0030	HeLa	30Y6M	female	not applicable	not available	NT=Dulbecco's Modified Eagle Medium;AC=NCIT:C185409	NT=Nocodazole;AC=NCIT:C75228	G2/M	live	NT=single cell;AC=PRIDE:0000897	FACS	NB_20201010_042	1	37	run 37	proteomic profiling by mass spectrometry	NT=timsTOF Pro;AC=MS:1003005	NT=label free sample;AC=MS:1002038	NT=Oxidation;AC=UNIMOD:35;TA=M;MT=Variable	NT=Acetyl;AC=UNIMOD:1;PP=Protein N-term;MT=Variable	not applicable	NT=Trypsin;AC=MS:1001251	NT=Lys-C;AC=MS:1001309	Data-independent acquisition	NT=collision-induced dissociation;AC=MS:1000133	not available	not available	not applicable	not applicable	blocked_set	1	1	20201010_TIMS04_Evo07_AnBr_1Cell_HeLa_NB_42_S5-E10_1_3953.d	v1.1.0	NT=ms-proteomics;VV=v1.1.0	NT=human;VV=v1.1.0	NT=cell-lines;VV=v1.1.0	NT=single-cell;VV=v1.0.0	G2/M
HeLa_SC_NB_20201010_045	NT=Homo sapiens;AC=NCBITaxon:9606	NT=uterine cervix;AC=UBERON:0000002	NT=epithelial cell;AC=CL:0000066	NT=cervical adenocarcinoma;AC=MONDO:0005153	NT=HeLa;AC=EFO:0001185	CVCL_0030	HeLa	30Y6M	female	not applicable	not available	NT=Dulbecco's Modified Eagle Medium;AC=NCIT:C185409	NT=Nocodazole;AC=NCIT:C75228	G2/M	live	NT=single cell;AC=PRIDE:0000897	FACS	NB_20201010_045	1	38	run 38	proteomic profiling by mass spectrometry	NT=timsTOF Pro;AC=MS:1003005	NT=label free sample;AC=MS:1002038	NT=Oxidation;AC=UNIMOD:35;TA=M;MT=Variable	NT=Acetyl;AC=UNIMOD:1;PP=Protein N-term;MT=Variable	not applicable	NT=Trypsin;AC=MS:1001251	NT=Lys-C;AC=MS:1001309	Data-independent acquisition	NT=collision-induced dissociation;AC=MS:1000133	not available	not available	not applicable	not applicable	blocked_set	1	1	20201010_TIMS04_Evo07_AnBr_1Cell_HeLa_NB_45_S5-F2_1_3957.d	v1.1.0	NT=ms-proteomics;VV=v1.1.0	NT=human;VV=v1.1.0	NT=cell-lines;VV=v1.1.0	NT=single-cell;VV=v1.0.0	G2/M
HeLa_SC_NB_20201010_051	NT=Homo sapiens;AC=NCBITaxon:9606	NT=uterine cervix;AC=UBERON:0000002	NT=epithelial cell;AC=CL:0000066	NT=cervical adenocarcinoma;AC=MONDO:0005153	NT=HeLa;AC=EFO:0001185	CVCL_0030	HeLa	30Y6M	female	not applicable	not available	NT=Dulbecco's Modified Eagle Medium;AC=NCIT:C185409	NT=Nocodazole;AC=NCIT:C75228	G2/M	live	NT=single cell;AC=PRIDE:0000897	FACS	NB_20201010_051	1	39	run 39	proteomic profiling by mass spectrometry	NT=timsTOF Pro;AC=MS:1003005	NT=label free sample;AC=MS:1002038	NT=Oxidation;AC=UNIMOD:35;TA=M;MT=Variable	NT=Acetyl;AC=UNIMOD:1;PP=Protein N-term;MT=Variable	not applicable	NT=Trypsin;AC=MS:1001251	NT=Lys-C;AC=MS:1001309	Data-independent acquisition	NT=collision-induced dissociation;AC=MS:1000133	not available	not available	not applicable	not applicable	blocked_set	1	1	20201010_TIMS04_Evo07_AnBr_1Cell_HeLa_NB_51_S5-F8_1_3963.d	v1.1.0	NT=ms-proteomics;VV=v1.1.0	NT=human;VV=v1.1.0	NT=cell-lines;VV=v1.1.0	NT=single-cell;VV=v1.0.0	G2/M
HeLa_SC_NB_20201010_052	NT=Homo sapiens;AC=NCBITaxon:9606	NT=uterine cervix;AC=UBERON:0000002	NT=epithelial cell;AC=CL:0000066	NT=cervical adenocarcinoma;AC=MONDO:0005153	NT=HeLa;AC=EFO:0001185	CVCL_0030	HeLa	30Y6M	female	not applicable	not available	NT=Dulbecco's Modified Eagle Medium;AC=NCIT:C185409	NT=Nocodazole;AC=NCIT:C75228	G2/M	live	NT=single cell;AC=PRIDE:0000897	FACS	NB_20201010_052	1	40	run 40	proteomic profiling by mass spectrometry	NT=timsTOF Pro;AC=MS:1003005	NT=label free sample;AC=MS:1002038	NT=Oxidation;AC=UNIMOD:35;TA=M;MT=Variable	NT=Acetyl;AC=UNIMOD:1;PP=Protein N-term;MT=Variable	not applicable	NT=Trypsin;AC=MS:1001251	NT=Lys-C;AC=MS:1001309	Data-independent acquisition	NT=collision-induced dissociation;AC=MS:1000133	not available	not available	not applicable	not applicable	blocked_set	1	1	20201010_TIMS04_Evo07_AnBr_1Cell_HeLa_NB_52_S5-F9_1_3964.d	v1.1.0	NT=ms-proteomics;VV=v1.1.0	NT=human;VV=v1.1.0	NT=cell-lines;VV=v1.1.0	NT=single-cell;VV=v1.0.0	G2/M
HeLa_SC_NB_20201010_054	NT=Homo sapiens;AC=NCBITaxon:9606	NT=uterine cervix;AC=UBERON:0000002	NT=epithelial cell;AC=CL:0000066	NT=cervical adenocarcinoma;AC=MONDO:0005153	NT=HeLa;AC=EFO:0001185	CVCL_0030	HeLa	30Y6M	female	not applicable	not available	NT=Dulbecco's Modified Eagle Medium;AC=NCIT:C185409	NT=Nocodazole;AC=NCIT:C75228	G2/M	live	NT=single cell;AC=PRIDE:0000897	FACS	NB_20201010_054	1	41	run 41	proteomic profiling by mass spectrometry	NT=timsTOF Pro;AC=MS:1003005	NT=label free sample;AC=MS:1002038	NT=Oxidation;AC=UNIMOD:35;TA=M;MT=Variable	NT=Acetyl;AC=UNIMOD:1;PP=Protein N-term;MT=Variable	not applicable	NT=Trypsin;AC=MS:1001251	NT=Lys-C;AC=MS:1001309	Data-independent acquisition	NT=collision-induced dissociation;AC=MS:1000133	not available	not available	not applicable	not applicable	blocked_set	1	1	20201010_TIMS04_Evo07_AnBr_1Cell_HeLa_NB_54_S5-F11_1_3966.d	v1.1.0	NT=ms-proteomics;VV=v1.1.0	NT=human;VV=v1.1.0	NT=cell-lines;VV=v1.1.0	NT=single-cell;VV=v1.0.0	G2/M
HeLa_SC_NB_20201010_059	NT=Homo sapiens;AC=NCBITaxon:9606	NT=uterine cervix;AC=UBERON:0000002	NT=epithelial cell;AC=CL:0000066	NT=cervical adenocarcinoma;AC=MONDO:0005153	NT=HeLa;AC=EFO:0001185	CVCL_0030	HeLa	30Y6M	female	not applicable	not available	NT=Dulbecco's Modified Eagle Medium;AC=NCIT:C185409	NT=Nocodazole;AC=NCIT:C75228	G2/M	live	NT=single cell;AC=PRIDE:0000897	FACS	NB_20201010_059	1	42	run 42	proteomic profiling by mass spectrometry	NT=timsTOF Pro;AC=MS:1003005	NT=label free sample;AC=MS:1002038	NT=Oxidation;AC=UNIMOD:35;TA=M;MT=Variable	NT=Acetyl;AC=UNIMOD:1;PP=Protein N-term;MT=Variable	not applicable	NT=Trypsin;AC=MS:1001251	NT=Lys-C;AC=MS:1001309	Data-independent acquisition	NT=collision-induced dissociation;AC=MS:1000133	not available	not available	not applicable	not applicable	blocked_set	1	1	20201010_TIMS04_Evo07_AnBr_1Cell_HeLa_NB_59_S5-G5_1_3972.d	v1.1.0	NT=ms-proteomics;VV=v1.1.0	NT=human;VV=v1.1.0	NT=cell-lines;VV=v1.1.0	NT=single-cell;VV=v1.0.0	G2/M
HeLa_SC_NB_20201010_060	NT=Homo sapiens;AC=NCBITaxon:9606	NT=uterine cervix;AC=UBERON:0000002	NT=epithelial cell;AC=CL:0000066	NT=cervical adenocarcinoma;AC=MONDO:0005153	NT=HeLa;AC=EFO:0001185	CVCL_0030	HeLa	30Y6M	female	not applicable	not available	NT=Dulbecco's Modified Eagle Medium;AC=NCIT:C185409	NT=Nocodazole;AC=NCIT:C75228	G2/M	live	NT=single cell;AC=PRIDE:0000897	FACS	NB_20201010_060	1	43	run 43	proteomic profiling by mass spectrometry	NT=timsTOF Pro;AC=MS:1003005	NT=label free sample;AC=MS:1002038	NT=Oxidation;AC=UNIMOD:35;TA=M;MT=Variable	NT=Acetyl;AC=UNIMOD:1;PP=Protein N-term;MT=Variable	not applicable	NT=Trypsin;AC=MS:1001251	NT=Lys-C;AC=MS:1001309	Data-independent acquisition	NT=collision-induced dissociation;AC=MS:1000133	not available	not available	not applicable	not applicable	blocked_set	1	1	20201010_TIMS04_Evo07_AnBr_1Cell_HeLa_NB_60_S5-G6_1_3973.d	v1.1.0	NT=ms-proteomics;VV=v1.1.0	NT=human;VV=v1.1.0	NT=cell-lines;VV=v1.1.0	NT=single-cell;VV=v1.0.0	G2/M
HeLa_SC_NB_20201010_061	NT=Homo sapiens;AC=NCBITaxon:9606	NT=uterine cervix;AC=UBERON:0000002	NT=epithelial cell;AC=CL:0000066	NT=cervical adenocarcinoma;AC=MONDO:0005153	NT=HeLa;AC=EFO:0001185	CVCL_0030	HeLa	30Y6M	female	not applicable	not available	NT=Dulbecco's Modified Eagle Medium;AC=NCIT:C185409	NT=Nocodazole;AC=NCIT:C75228	G2/M	live	NT=single cell;AC=PRIDE:0000897	FACS	NB_20201010_061	1	44	run 44	proteomic profiling by mass spectrometry	NT=timsTOF Pro;AC=MS:1003005	NT=label free sample;AC=MS:1002038	NT=Oxidation;AC=UNIMOD:35;TA=M;MT=Variable	NT=Acetyl;AC=UNIMOD:1;PP=Protein N-term;MT=Variable	not applicable	NT=Trypsin;AC=MS:1001251	NT=Lys-C;AC=MS:1001309	Data-independent acquisition	NT=collision-induced dissociation;AC=MS:1000133	not available	not available	not applicable	not applicable	blocked_set	1	1	20201010_TIMS04_Evo07_AnBr_1Cell_HeLa_NB_61_S5-G7_1_3974.d	v1.1.0	NT=ms-proteomics;VV=v1.1.0	NT=human;VV=v1.1.0	NT=cell-lines;VV=v1.1.0	NT=single-cell;VV=v1.0.0	G2/M
HeLa_SC_NB_20201010_063	NT=Homo sapiens;AC=NCBITaxon:9606	NT=uterine cervix;AC=UBERON:0000002	NT=epithelial cell;AC=CL:0000066	NT=cervical adenocarcinoma;AC=MONDO:0005153	NT=HeLa;AC=EFO:0001185	CVCL_0030	HeLa	30Y6M	female	not applicable	not available	NT=Dulbecco's Modified Eagle Medium;AC=NCIT:C185409	NT=Nocodazole;AC=NCIT:C75228	G2/M	live	NT=single cell;AC=PRIDE:0000897	FACS	NB_20201010_063	1	45	run 45	proteomic profiling by mass spectrometry	NT=timsTOF Pro;AC=MS:1003005	NT=label free sample;AC=MS:1002038	NT=Oxidation;AC=UNIMOD:35;TA=M;MT=Variable	NT=Acetyl;AC=UNIMOD:1;PP=Protein N-term;MT=Variable	not applicable	NT=Trypsin;AC=MS:1001251	NT=Lys-C;AC=MS:1001309	Data-independent acquisition	NT=collision-induced dissociation;AC=MS:1000133	not available	not available	not applicable	not applicable	blocked_set	1	1	20201010_TIMS04_Evo07_AnBr_1Cell_HeLa_NB_63_S5-G9_1_3976.d	v1.1.0	NT=ms-proteomics;VV=v1.1.0	NT=human;VV=v1.1.0	NT=cell-lines;VV=v1.1.0	NT=single-cell;VV=v1.0.0	G2/M
HeLa_SC_TB_20201010_001	NT=Homo sapiens;AC=NCBITaxon:9606	NT=uterine cervix;AC=UBERON:0000002	NT=epithelial cell;AC=CL:0000066	NT=cervical adenocarcinoma;AC=MONDO:0005153	NT=HeLa;AC=EFO:0001185	CVCL_0030	HeLa	30Y6M	female	not applicable	not available	NT=Dulbecco's Modified Eagle Medium;AC=NCIT:C185409	NT=Thymidine;AC=NCIT:C880	G1/S	live	NT=single cell;AC=PRIDE:0000897	FACS	TB_20201010_001	1	1	run 46	proteomic profiling by mass spectrometry	NT=timsTOF Pro;AC=MS:1003005	NT=label free sample;AC=MS:1002038	NT=Oxidation;AC=UNIMOD:35;TA=M;MT=Variable	NT=Acetyl;AC=UNIMOD:1;PP=Protein N-term;MT=Variable	not applicable	NT=Trypsin;AC=MS:1001251	NT=Lys-C;AC=MS:1001309	Data-independent acquisition	NT=collision-induced dissociation;AC=MS:1000133	not available	not available	not applicable	not applicable	blocked_set	1	1	20201010_TIMS04_Evo07_AnBr_1Cell_HeLa_TB_01_S3-B2_1_4005.d	v1.1.0	NT=ms-proteomics;VV=v1.1.0	NT=human;VV=v1.1.0	NT=cell-lines;VV=v1.1.0	NT=single-cell;VV=v1.0.0	G1/S
HeLa_SC_TB_20201010_002	NT=Homo sapiens;AC=NCBITaxon:9606	NT=uterine cervix;AC=UBERON:0000002	NT=epithelial cell;AC=CL:0000066	NT=cervical adenocarcinoma;AC=MONDO:0005153	NT=HeLa;AC=EFO:0001185	CVCL_0030	HeLa	30Y6M	female	not applicable	not available	NT=Dulbecco's Modified Eagle Medium;AC=NCIT:C185409	NT=Thymidine;AC=NCIT:C880	G1/S	live	NT=single cell;AC=PRIDE:0000897	FACS	TB_20201010_002	1	2	run 47	proteomic profiling by mass spectrometry	NT=timsTOF Pro;AC=MS:1003005	NT=label free sample;AC=MS:1002038	NT=Oxidation;AC=UNIMOD:35;TA=M;MT=Variable	NT=Acetyl;AC=UNIMOD:1;PP=Protein N-term;MT=Variable	not applicable	NT=Trypsin;AC=MS:1001251	NT=Lys-C;AC=MS:1001309	Data-independent acquisition	NT=collision-induced dissociation;AC=MS:1000133	not available	not available	not applicable	not applicable	blocked_set	1	1	20201010_TIMS04_Evo07_AnBr_1Cell_HeLa_TB_02_S3-B3_1_4006.d	v1.1.0	NT=ms-proteomics;VV=v1.1.0	NT=human;VV=v1.1.0	NT=cell-lines;VV=v1.1.0	NT=single-cell;VV=v1.0.0	G1/S
HeLa_SC_TB_20201010_003	NT=Homo sapiens;AC=NCBITaxon:9606	NT=uterine cervix;AC=UBERON:0000002	NT=epithelial cell;AC=CL:0000066	NT=cervical adenocarcinoma;AC=MONDO:0005153	NT=HeLa;AC=EFO:0001185	CVCL_0030	HeLa	30Y6M	female	not applicable	not available	NT=Dulbecco's Modified Eagle Medium;AC=NCIT:C185409	NT=Thymidine;AC=NCIT:C880	G1/S	live	NT=single cell;AC=PRIDE:0000897	FACS	TB_20201010_003	1	3	run 48	proteomic profiling by mass spectrometry	NT=timsTOF Pro;AC=MS:1003005	NT=label free sample;AC=MS:1002038	NT=Oxidation;AC=UNIMOD:35;TA=M;MT=Variable	NT=Acetyl;AC=UNIMOD:1;PP=Protein N-term;MT=Variable	not applicable	NT=Trypsin;AC=MS:1001251	NT=Lys-C;AC=MS:1001309	Data-independent acquisition	NT=collision-induced dissociation;AC=MS:1000133	not available	not available	not applicable	not applicable	blocked_set	1	1	20201010_TIMS04_Evo07_AnBr_1Cell_HeLa_TB_03_S3-B4_1_4007.d	v1.1.0	NT=ms-proteomics;VV=v1.1.0	NT=human;VV=v1.1.0	NT=cell-lines;VV=v1.1.0	NT=single-cell;VV=v1.0.0	G1/S
HeLa_SC_TB_20201010_005	NT=Homo sapiens;AC=NCBITaxon:9606	NT=uterine cervix;AC=UBERON:0000002	NT=epithelial cell;AC=CL:0000066	NT=cervical adenocarcinoma;AC=MONDO:0005153	NT=HeLa;AC=EFO:0001185	CVCL_0030	HeLa	30Y6M	female	not applicable	not available	NT=Dulbecco's Modified Eagle Medium;AC=NCIT:C185409	NT=Thymidine;AC=NCIT:C880	G1/S	live	NT=single cell;AC=PRIDE:0000897	FACS	TB_20201010_005	1	4	run 49	proteomic profiling by mass spectrometry	NT=timsTOF Pro;AC=MS:1003005	NT=label free sample;AC=MS:1002038	NT=Oxidation;AC=UNIMOD:35;TA=M;MT=Variable	NT=Acetyl;AC=UNIMOD:1;PP=Protein N-term;MT=Variable	not applicable	NT=Trypsin;AC=MS:1001251	NT=Lys-C;AC=MS:1001309	Data-independent acquisition	NT=collision-induced dissociation;AC=MS:1000133	not available	not available	not applicable	not applicable	blocked_set	1	1	20201010_TIMS04_Evo07_AnBr_1Cell_HeLa_TB_05_S3-B6_1_4009.d	v1.1.0	NT=ms-proteomics;VV=v1.1.0	NT=human;VV=v1.1.0	NT=cell-lines;VV=v1.1.0	NT=single-cell;VV=v1.0.0	G1/S
HeLa_SC_TB_20201010_006	NT=Homo sapiens;AC=NCBITaxon:9606	NT=uterine cervix;AC=UBERON:0000002	NT=epithelial cell;AC=CL:0000066	NT=cervical adenocarcinoma;AC=MONDO:0005153	NT=HeLa;AC=EFO:0001185	CVCL_0030	HeLa	30Y6M	female	not applicable	not available	NT=Dulbecco's Modified Eagle Medium;AC=NCIT:C185409	NT=Thymidine;AC=NCIT:C880	G1/S	live	NT=single cell;AC=PRIDE:0000897	FACS	TB_20201010_006	1	5	run 50	proteomic profiling by mass spectrometry	NT=timsTOF Pro;AC=MS:1003005	NT=label free sample;AC=MS:1002038	NT=Oxidation;AC=UNIMOD:35;TA=M;MT=Variable	NT=Acetyl;AC=UNIMOD:1;PP=Protein N-term;MT=Variable	not applicable	NT=Trypsin;AC=MS:1001251	NT=Lys-C;AC=MS:1001309	Data-independent acquisition	NT=collision-induced dissociation;AC=MS:1000133	not available	not available	not applicable	not applicable	blocked_set	1	1	20201010_TIMS04_Evo07_AnBr_1Cell_HeLa_TB_06_S3-B7_1_4010.d	v1.1.0	NT=ms-proteomics;VV=v1.1.0	NT=human;VV=v1.1.0	NT=cell-lines;VV=v1.1.0	NT=single-cell;VV=v1.0.0	G1/S
HeLa_SC_TB_20201010_008	NT=Homo sapiens;AC=NCBITaxon:9606	NT=uterine cervix;AC=UBERON:0000002	NT=epithelial cell;AC=CL:0000066	NT=cervical adenocarcinoma;AC=MONDO:0005153	NT=HeLa;AC=EFO:0001185	CVCL_0030	HeLa	30Y6M	female	not applicable	not available	NT=Dulbecco's Modified Eagle Medium;AC=NCIT:C185409	NT=Thymidine;AC=NCIT:C880	G1/S	live	NT=single cell;AC=PRIDE:0000897	FACS	TB_20201010_008	1	6	run 51	proteomic profiling by mass spectrometry	NT=timsTOF Pro;AC=MS:1003005	NT=label free sample;AC=MS:1002038	NT=Oxidation;AC=UNIMOD:35;TA=M;MT=Variable	NT=Acetyl;AC=UNIMOD:1;PP=Protein N-term;MT=Variable	not applicable	NT=Trypsin;AC=MS:1001251	NT=Lys-C;AC=MS:1001309	Data-independent acquisition	NT=collision-induced dissociation;AC=MS:1000133	not available	not available	not applicable	not applicable	blocked_set	1	1	20201010_TIMS04_Evo07_AnBr_1Cell_HeLa_TB_08_S3-B9_1_4012.d	v1.1.0	NT=ms-proteomics;VV=v1.1.0	NT=human;VV=v1.1.0	NT=cell-lines;VV=v1.1.0	NT=single-cell;VV=v1.0.0	G1/S
HeLa_SC_TB_20201010_010	NT=Homo sapiens;AC=NCBITaxon:9606	NT=uterine cervix;AC=UBERON:0000002	NT=epithelial cell;AC=CL:0000066	NT=cervical adenocarcinoma;AC=MONDO:0005153	NT=HeLa;AC=EFO:0001185	CVCL_0030	HeLa	30Y6M	female	not applicable	not available	NT=Dulbecco's Modified Eagle Medium;AC=NCIT:C185409	NT=Thymidine;AC=NCIT:C880	G1/S	live	NT=single cell;AC=PRIDE:0000897	FACS	TB_20201010_010	1	7	run 52	proteomic profiling by mass spectrometry	NT=timsTOF Pro;AC=MS:1003005	NT=label free sample;AC=MS:1002038	NT=Oxidation;AC=UNIMOD:35;TA=M;MT=Variable	NT=Acetyl;AC=UNIMOD:1;PP=Protein N-term;MT=Variable	not applicable	NT=Trypsin;AC=MS:1001251	NT=Lys-C;AC=MS:1001309	Data-independent acquisition	NT=collision-induced dissociation;AC=MS:1000133	not available	not available	not applicable	not applicable	blocked_set	1	1	20201010_TIMS04_Evo07_AnBr_1Cell_HeLa_TB_10_S3-B11_1_4014.d	v1.1.0	NT=ms-proteomics;VV=v1.1.0	NT=human;VV=v1.1.0	NT=cell-lines;VV=v1.1.0	NT=single-cell;VV=v1.0.0	G1/S
HeLa_SC_TB_20201010_013	NT=Homo sapiens;AC=NCBITaxon:9606	NT=uterine cervix;AC=UBERON:0000002	NT=epithelial cell;AC=CL:0000066	NT=cervical adenocarcinoma;AC=MONDO:0005153	NT=HeLa;AC=EFO:0001185	CVCL_0030	HeLa	30Y6M	female	not applicable	not available	NT=Dulbecco's Modified Eagle Medium;AC=NCIT:C185409	NT=Thymidine;AC=NCIT:C880	G1/S	live	NT=single cell;AC=PRIDE:0000897	FACS	TB_20201010_013	1	8	run 53	proteomic profiling by mass spectrometry	NT=timsTOF Pro;AC=MS:1003005	NT=label free sample;AC=MS:1002038	NT=Oxidation;AC=UNIMOD:35;TA=M;MT=Variable	NT=Acetyl;AC=UNIMOD:1;PP=Protein N-term;MT=Variable	not applicable	NT=Trypsin;AC=MS:1001251	NT=Lys-C;AC=MS:1001309	Data-independent acquisition	NT=collision-induced dissociation;AC=MS:1000133	not available	not available	not applicable	not applicable	blocked_set	1	1	20201010_TIMS04_Evo07_AnBr_1Cell_HeLa_TB_13_S3-C3_1_4018.d	v1.1.0	NT=ms-proteomics;VV=v1.1.0	NT=human;VV=v1.1.0	NT=cell-lines;VV=v1.1.0	NT=single-cell;VV=v1.0.0	G1/S
HeLa_SC_TB_20201010_017	NT=Homo sapiens;AC=NCBITaxon:9606	NT=uterine cervix;AC=UBERON:0000002	NT=epithelial cell;AC=CL:0000066	NT=cervical adenocarcinoma;AC=MONDO:0005153	NT=HeLa;AC=EFO:0001185	CVCL_0030	HeLa	30Y6M	female	not applicable	not available	NT=Dulbecco's Modified Eagle Medium;AC=NCIT:C185409	NT=Thymidine;AC=NCIT:C880	G1/S	live	NT=single cell;AC=PRIDE:0000897	FACS	TB_20201010_017	1	9	run 54	proteomic profiling by mass spectrometry	NT=timsTOF Pro;AC=MS:1003005	NT=label free sample;AC=MS:1002038	NT=Oxidation;AC=UNIMOD:35;TA=M;MT=Variable	NT=Acetyl;AC=UNIMOD:1;PP=Protein N-term;MT=Variable	not applicable	NT=Trypsin;AC=MS:1001251	NT=Lys-C;AC=MS:1001309	Data-independent acquisition	NT=collision-induced dissociation;AC=MS:1000133	not available	not available	not applicable	not applicable	blocked_set	1	1	20201010_TIMS04_Evo07_AnBr_1Cell_HeLa_TB_17_S3-C7_1_4022.d	v1.1.0	NT=ms-proteomics;VV=v1.1.0	NT=human;VV=v1.1.0	NT=cell-lines;VV=v1.1.0	NT=single-cell;VV=v1.0.0	G1/S
HeLa_SC_TB_20201010_019	NT=Homo sapiens;AC=NCBITaxon:9606	NT=uterine cervix;AC=UBERON:0000002	NT=epithelial cell;AC=CL:0000066	NT=cervical adenocarcinoma;AC=MONDO:0005153	NT=HeLa;AC=EFO:0001185	CVCL_0030	HeLa	30Y6M	female	not applicable	not available	NT=Dulbecco's Modified Eagle Medium;AC=NCIT:C185409	NT=Thymidine;AC=NCIT:C880	G1/S	live	NT=single cell;AC=PRIDE:0000897	FACS	TB_20201010_019	1	10	run 55	proteomic profiling by mass spectrometry	NT=timsTOF Pro;AC=MS:1003005	NT=label free sample;AC=MS:1002038	NT=Oxidation;AC=UNIMOD:35;TA=M;MT=Variable	NT=Acetyl;AC=UNIMOD:1;PP=Protein N-term;MT=Variable	not applicable	NT=Trypsin;AC=MS:1001251	NT=Lys-C;AC=MS:1001309	Data-independent acquisition	NT=collision-induced dissociation;AC=MS:1000133	not available	not available	not applicable	not applicable	blocked_set	1	1	20201010_TIMS04_Evo07_AnBr_1Cell_HeLa_TB_19_S3-C9_1_4024.d	v1.1.0	NT=ms-proteomics;VV=v1.1.0	NT=human;VV=v1.1.0	NT=cell-lines;VV=v1.1.0	NT=single-cell;VV=v1.0.0	G1/S
HeLa_SC_TB_20201010_020	NT=Homo sapiens;AC=NCBITaxon:9606	NT=uterine cervix;AC=UBERON:0000002	NT=epithelial cell;AC=CL:0000066	NT=cervical adenocarcinoma;AC=MONDO:0005153	NT=HeLa;AC=EFO:0001185	CVCL_0030	HeLa	30Y6M	female	not applicable	not available	NT=Dulbecco's Modified Eagle Medium;AC=NCIT:C185409	NT=Thymidine;AC=NCIT:C880	G1/S	live	NT=single cell;AC=PRIDE:0000897	FACS	TB_20201010_020	1	11	run 56	proteomic profiling by mass spectrometry	NT=timsTOF Pro;AC=MS:1003005	NT=label free sample;AC=MS:1002038	NT=Oxidation;AC=UNIMOD:35;TA=M;MT=Variable	NT=Acetyl;AC=UNIMOD:1;PP=Protein N-term;MT=Variable	not applicable	NT=Trypsin;AC=MS:1001251	NT=Lys-C;AC=MS:1001309	Data-independent acquisition	NT=collision-induced dissociation;AC=MS:1000133	not available	not available	not applicable	not applicable	blocked_set	1	1	20201010_TIMS04_Evo07_AnBr_1Cell_HeLa_TB_20_S3-C10_1_4025.d	v1.1.0	NT=ms-proteomics;VV=v1.1.0	NT=human;VV=v1.1.0	NT=cell-lines;VV=v1.1.0	NT=single-cell;VV=v1.0.0	G1/S
HeLa_SC_TB_20201010_023	NT=Homo sapiens;AC=NCBITaxon:9606	NT=uterine cervix;AC=UBERON:0000002	NT=epithelial cell;AC=CL:0000066	NT=cervical adenocarcinoma;AC=MONDO:0005153	NT=HeLa;AC=EFO:0001185	CVCL_0030	HeLa	30Y6M	female	not applicable	not available	NT=Dulbecco's Modified Eagle Medium;AC=NCIT:C185409	NT=Thymidine;AC=NCIT:C880	G1/S	live	NT=single cell;AC=PRIDE:0000897	FACS	TB_20201010_023	1	12	run 57	proteomic profiling by mass spectrometry	NT=timsTOF Pro;AC=MS:1003005	NT=label free sample;AC=MS:1002038	NT=Oxidation;AC=UNIMOD:35;TA=M;MT=Variable	NT=Acetyl;AC=UNIMOD:1;PP=Protein N-term;MT=Variable	not applicable	NT=Trypsin;AC=MS:1001251	NT=Lys-C;AC=MS:1001309	Data-independent acquisition	NT=collision-induced dissociation;AC=MS:1000133	not available	not available	not applicable	not applicable	blocked_set	1	1	20201010_TIMS04_Evo07_AnBr_1Cell_HeLa_TB_23_S3-D2_1_4029.d	v1.1.0	NT=ms-proteomics;VV=v1.1.0	NT=human;VV=v1.1.0	NT=cell-lines;VV=v1.1.0	NT=single-cell;VV=v1.0.0	G1/S
HeLa_SC_TB_20201010_025	NT=Homo sapiens;AC=NCBITaxon:9606	NT=uterine cervix;AC=UBERON:0000002	NT=epithelial cell;AC=CL:0000066	NT=cervical adenocarcinoma;AC=MONDO:0005153	NT=HeLa;AC=EFO:0001185	CVCL_0030	HeLa	30Y6M	female	not applicable	not available	NT=Dulbecco's Modified Eagle Medium;AC=NCIT:C185409	NT=Thymidine;AC=NCIT:C880	G1/S	live	NT=single cell;AC=PRIDE:0000897	FACS	TB_20201010_025	1	13	run 58	proteomic profiling by mass spectrometry	NT=timsTOF Pro;AC=MS:1003005	NT=label free sample;AC=MS:1002038	NT=Oxidation;AC=UNIMOD:35;TA=M;MT=Variable	NT=Acetyl;AC=UNIMOD:1;PP=Protein N-term;MT=Variable	not applicable	NT=Trypsin;AC=MS:1001251	NT=Lys-C;AC=MS:1001309	Data-independent acquisition	NT=collision-induced dissociation;AC=MS:1000133	not available	not available	not applicable	not applicable	blocked_set	1	1	20201010_TIMS04_Evo07_AnBr_1Cell_HeLa_TB_25_S3-D4_1_4031.d	v1.1.0	NT=ms-proteomics;VV=v1.1.0	NT=human;VV=v1.1.0	NT=cell-lines;VV=v1.1.0	NT=single-cell;VV=v1.0.0	G1/S
HeLa_SC_TB_20201010_026	NT=Homo sapiens;AC=NCBITaxon:9606	NT=uterine cervix;AC=UBERON:0000002	NT=epithelial cell;AC=CL:0000066	NT=cervical adenocarcinoma;AC=MONDO:0005153	NT=HeLa;AC=EFO:0001185	CVCL_0030	HeLa	30Y6M	female	not applicable	not available	NT=Dulbecco's Modified Eagle Medium;AC=NCIT:C185409	NT=Thymidine;AC=NCIT:C880	G1/S	live	NT=single cell;AC=PRIDE:0000897	FACS	TB_20201010_026	1	14	run 59	proteomic profiling by mass spectrometry	NT=timsTOF Pro;AC=MS:1003005	NT=label free sample;AC=MS:1002038	NT=Oxidation;AC=UNIMOD:35;TA=M;MT=Variable	NT=Acetyl;AC=UNIMOD:1;PP=Protein N-term;MT=Variable	not applicable	NT=Trypsin;AC=MS:1001251	NT=Lys-C;AC=MS:1001309	Data-independent acquisition	NT=collision-induced dissociation;AC=MS:1000133	not available	not available	not applicable	not applicable	blocked_set	1	1	20201010_TIMS04_Evo07_AnBr_1Cell_HeLa_TB_26_S3-D5_1_4032.d	v1.1.0	NT=ms-proteomics;VV=v1.1.0	NT=human;VV=v1.1.0	NT=cell-lines;VV=v1.1.0	NT=single-cell;VV=v1.0.0	G1/S
HeLa_SC_TB_20201010_029	NT=Homo sapiens;AC=NCBITaxon:9606	NT=uterine cervix;AC=UBERON:0000002	NT=epithelial cell;AC=CL:0000066	NT=cervical adenocarcinoma;AC=MONDO:0005153	NT=HeLa;AC=EFO:0001185	CVCL_0030	HeLa	30Y6M	female	not applicable	not available	NT=Dulbecco's Modified Eagle Medium;AC=NCIT:C185409	NT=Thymidine;AC=NCIT:C880	G1/S	live	NT=single cell;AC=PRIDE:0000897	FACS	TB_20201010_029	1	15	run 60	proteomic profiling by mass spectrometry	NT=timsTOF Pro;AC=MS:1003005	NT=label free sample;AC=MS:1002038	NT=Oxidation;AC=UNIMOD:35;TA=M;MT=Variable	NT=Acetyl;AC=UNIMOD:1;PP=Protein N-term;MT=Variable	not applicable	NT=Trypsin;AC=MS:1001251	NT=Lys-C;AC=MS:1001309	Data-independent acquisition	NT=collision-induced dissociation;AC=MS:1000133	not available	not available	not applicable	not applicable	blocked_set	1	1	20201010_TIMS04_Evo07_AnBr_1Cell_HeLa_TB_29_S3-D8_1_4035.d	v1.1.0	NT=ms-proteomics;VV=v1.1.0	NT=human;VV=v1.1.0	NT=cell-lines;VV=v1.1.0	NT=single-cell;VV=v1.0.0	G1/S
HeLa_SC_TB_20201010_033	NT=Homo sapiens;AC=NCBITaxon:9606	NT=uterine cervix;AC=UBERON:0000002	NT=epithelial cell;AC=CL:0000066	NT=cervical adenocarcinoma;AC=MONDO:0005153	NT=HeLa;AC=EFO:0001185	CVCL_0030	HeLa	30Y6M	female	not applicable	not available	NT=Dulbecco's Modified Eagle Medium;AC=NCIT:C185409	NT=Thymidine;AC=NCIT:C880	G1/S	live	NT=single cell;AC=PRIDE:0000897	FACS	TB_20201010_033	1	16	run 61	proteomic profiling by mass spectrometry	NT=timsTOF Pro;AC=MS:1003005	NT=label free sample;AC=MS:1002038	NT=Oxidation;AC=UNIMOD:35;TA=M;MT=Variable	NT=Acetyl;AC=UNIMOD:1;PP=Protein N-term;MT=Variable	not applicable	NT=Trypsin;AC=MS:1001251	NT=Lys-C;AC=MS:1001309	Data-independent acquisition	NT=collision-induced dissociation;AC=MS:1000133	not available	not available	not applicable	not applicable	blocked_set	1	1	20201010_TIMS04_Evo07_AnBr_1Cell_HeLa_TB_33_S3-D12_1_4039.d	v1.1.0	NT=ms-proteomics;VV=v1.1.0	NT=human;VV=v1.1.0	NT=cell-lines;VV=v1.1.0	NT=single-cell;VV=v1.0.0	G1/S
HeLa_SC_TB_20201010_034	NT=Homo sapiens;AC=NCBITaxon:9606	NT=uterine cervix;AC=UBERON:0000002	NT=epithelial cell;AC=CL:0000066	NT=cervical adenocarcinoma;AC=MONDO:0005153	NT=HeLa;AC=EFO:0001185	CVCL_0030	HeLa	30Y6M	female	not applicable	not available	NT=Dulbecco's Modified Eagle Medium;AC=NCIT:C185409	NT=Thymidine;AC=NCIT:C880	G1/S	live	NT=single cell;AC=PRIDE:0000897	FACS	TB_20201010_034	1	17	run 62	proteomic profiling by mass spectrometry	NT=timsTOF Pro;AC=MS:1003005	NT=label free sample;AC=MS:1002038	NT=Oxidation;AC=UNIMOD:35;TA=M;MT=Variable	NT=Acetyl;AC=UNIMOD:1;PP=Protein N-term;MT=Variable	not applicable	NT=Trypsin;AC=MS:1001251	NT=Lys-C;AC=MS:1001309	Data-independent acquisition	NT=collision-induced dissociation;AC=MS:1000133	not available	not available	not applicable	not applicable	blocked_set	1	1	20201010_TIMS04_Evo07_AnBr_1Cell_HeLa_TB_34_S3-E2_1_4041.d	v1.1.0	NT=ms-proteomics;VV=v1.1.0	NT=human;VV=v1.1.0	NT=cell-lines;VV=v1.1.0	NT=single-cell;VV=v1.0.0	G1/S
HeLa_SC_TB_20201010_035	NT=Homo sapiens;AC=NCBITaxon:9606	NT=uterine cervix;AC=UBERON:0000002	NT=epithelial cell;AC=CL:0000066	NT=cervical adenocarcinoma;AC=MONDO:0005153	NT=HeLa;AC=EFO:0001185	CVCL_0030	HeLa	30Y6M	female	not applicable	not available	NT=Dulbecco's Modified Eagle Medium;AC=NCIT:C185409	NT=Thymidine;AC=NCIT:C880	G1/S	live	NT=single cell;AC=PRIDE:0000897	FACS	TB_20201010_035	1	18	run 63	proteomic profiling by mass spectrometry	NT=timsTOF Pro;AC=MS:1003005	NT=label free sample;AC=MS:1002038	NT=Oxidation;AC=UNIMOD:35;TA=M;MT=Variable	NT=Acetyl;AC=UNIMOD:1;PP=Protein N-term;MT=Variable	not applicable	NT=Trypsin;AC=MS:1001251	NT=Lys-C;AC=MS:1001309	Data-independent acquisition	NT=collision-induced dissociation;AC=MS:1000133	not available	not available	not applicable	not applicable	blocked_set	1	1	20201010_TIMS04_Evo07_AnBr_1Cell_HeLa_TB_35_S3-E3_1_4042.d	v1.1.0	NT=ms-proteomics;VV=v1.1.0	NT=human;VV=v1.1.0	NT=cell-lines;VV=v1.1.0	NT=single-cell;VV=v1.0.0	G1/S
HeLa_SC_TB_20201010_038	NT=Homo sapiens;AC=NCBITaxon:9606	NT=uterine cervix;AC=UBERON:0000002	NT=epithelial cell;AC=CL:0000066	NT=cervical adenocarcinoma;AC=MONDO:0005153	NT=HeLa;AC=EFO:0001185	CVCL_0030	HeLa	30Y6M	female	not applicable	not available	NT=Dulbecco's Modified Eagle Medium;AC=NCIT:C185409	NT=Thymidine;AC=NCIT:C880	G1/S	live	NT=single cell;AC=PRIDE:0000897	FACS	TB_20201010_038	1	19	run 64	proteomic profiling by mass spectrometry	NT=timsTOF Pro;AC=MS:1003005	NT=label free sample;AC=MS:1002038	NT=Oxidation;AC=UNIMOD:35;TA=M;MT=Variable	NT=Acetyl;AC=UNIMOD:1;PP=Protein N-term;MT=Variable	not applicable	NT=Trypsin;AC=MS:1001251	NT=Lys-C;AC=MS:1001309	Data-independent acquisition	NT=collision-induced dissociation;AC=MS:1000133	not available	not available	not applicable	not applicable	blocked_set	1	1	20201010_TIMS04_Evo07_AnBr_1Cell_HeLa_TB_38_S3-E6_1_4045.d	v1.1.0	NT=ms-proteomics;VV=v1.1.0	NT=human;VV=v1.1.0	NT=cell-lines;VV=v1.1.0	NT=single-cell;VV=v1.0.0	G1/S
HeLa_SC_TB_20201010_039	NT=Homo sapiens;AC=NCBITaxon:9606	NT=uterine cervix;AC=UBERON:0000002	NT=epithelial cell;AC=CL:0000066	NT=cervical adenocarcinoma;AC=MONDO:0005153	NT=HeLa;AC=EFO:0001185	CVCL_0030	HeLa	30Y6M	female	not applicable	not available	NT=Dulbecco's Modified Eagle Medium;AC=NCIT:C185409	NT=Thymidine;AC=NCIT:C880	G1/S	live	NT=single cell;AC=PRIDE:0000897	FACS	TB_20201010_039	1	20	run 65	proteomic profiling by mass spectrometry	NT=timsTOF Pro;AC=MS:1003005	NT=label free sample;AC=MS:1002038	NT=Oxidation;AC=UNIMOD:35;TA=M;MT=Variable	NT=Acetyl;AC=UNIMOD:1;PP=Protein N-term;MT=Variable	not applicable	NT=Trypsin;AC=MS:1001251	NT=Lys-C;AC=MS:1001309	Data-independent acquisition	NT=collision-induced dissociation;AC=MS:1000133	not available	not available	not applicable	not applicable	blocked_set	1	1	20201010_TIMS04_Evo07_AnBr_1Cell_HeLa_TB_39_S3-E7_1_4046.d	v1.1.0	NT=ms-proteomics;VV=v1.1.0	NT=human;VV=v1.1.0	NT=cell-lines;VV=v1.1.0	NT=single-cell;VV=v1.0.0	G1/S
HeLa_SC_TB_20201010_041	NT=Homo sapiens;AC=NCBITaxon:9606	NT=uterine cervix;AC=UBERON:0000002	NT=epithelial cell;AC=CL:0000066	NT=cervical adenocarcinoma;AC=MONDO:0005153	NT=HeLa;AC=EFO:0001185	CVCL_0030	HeLa	30Y6M	female	not applicable	not available	NT=Dulbecco's Modified Eagle Medium;AC=NCIT:C185409	NT=Thymidine;AC=NCIT:C880	G1/S	live	NT=single cell;AC=PRIDE:0000897	FACS	TB_20201010_041	1	21	run 66	proteomic profiling by mass spectrometry	NT=timsTOF Pro;AC=MS:1003005	NT=label free sample;AC=MS:1002038	NT=Oxidation;AC=UNIMOD:35;TA=M;MT=Variable	NT=Acetyl;AC=UNIMOD:1;PP=Protein N-term;MT=Variable	not applicable	NT=Trypsin;AC=MS:1001251	NT=Lys-C;AC=MS:1001309	Data-independent acquisition	NT=collision-induced dissociation;AC=MS:1000133	not available	not available	not applicable	not applicable	blocked_set	1	1	20201010_TIMS04_Evo07_AnBr_1Cell_HeLa_TB_41_S3-E9_1_4048.d	v1.1.0	NT=ms-proteomics;VV=v1.1.0	NT=human;VV=v1.1.0	NT=cell-lines;VV=v1.1.0	NT=single-cell;VV=v1.0.0	G1/S
HeLa_SC_TB_20201010_042	NT=Homo sapiens;AC=NCBITaxon:9606	NT=uterine cervix;AC=UBERON:0000002	NT=epithelial cell;AC=CL:0000066	NT=cervical adenocarcinoma;AC=MONDO:0005153	NT=HeLa;AC=EFO:0001185	CVCL_0030	HeLa	30Y6M	female	not applicable	not available	NT=Dulbecco's Modified Eagle Medium;AC=NCIT:C185409	NT=Thymidine;AC=NCIT:C880	G1/S	live	NT=single cell;AC=PRIDE:0000897	FACS	TB_20201010_042	1	22	run 67	proteomic profiling by mass spectrometry	NT=timsTOF Pro;AC=MS:1003005	NT=label free sample;AC=MS:1002038	NT=Oxidation;AC=UNIMOD:35;TA=M;MT=Variable	NT=Acetyl;AC=UNIMOD:1;PP=Protein N-term;MT=Variable	not applicable	NT=Trypsin;AC=MS:1001251	NT=Lys-C;AC=MS:1001309	Data-independent acquisition	NT=collision-induced dissociation;AC=MS:1000133	not available	not available	not applicable	not applicable	blocked_set	1	1	20201010_TIMS04_Evo07_AnBr_1Cell_HeLa_TB_42_S3-E10_1_4049.d	v1.1.0	NT=ms-proteomics;VV=v1.1.0	NT=human;VV=v1.1.0	NT=cell-lines;VV=v1.1.0	NT=single-cell;VV=v1.0.0	G1/S
HeLa_SC_TB_20201010_043	NT=Homo sapiens;AC=NCBITaxon:9606	NT=uterine cervix;AC=UBERON:0000002	NT=epithelial cell;AC=CL:0000066	NT=cervical adenocarcinoma;AC=MONDO:0005153	NT=HeLa;AC=EFO:0001185	CVCL_0030	HeLa	30Y6M	female	not applicable	not available	NT=Dulbecco's Modified Eagle Medium;AC=NCIT:C185409	NT=Thymidine;AC=NCIT:C880	G1/S	live	NT=single cell;AC=PRIDE:0000897	FACS	TB_20201010_043	1	23	run 68	proteomic profiling by mass spectrometry	NT=timsTOF Pro;AC=MS:1003005	NT=label free sample;AC=MS:1002038	NT=Oxidation;AC=UNIMOD:35;TA=M;MT=Variable	NT=Acetyl;AC=UNIMOD:1;PP=Protein N-term;MT=Variable	not applicable	NT=Trypsin;AC=MS:1001251	NT=Lys-C;AC=MS:1001309	Data-independent acquisition	NT=collision-induced dissociation;AC=MS:1000133	not available	not available	not applicable	not applicable	blocked_set	1	1	20201010_TIMS04_Evo07_AnBr_1Cell_HeLa_TB_43_S3-E11_1_4050.d	v1.1.0	NT=ms-proteomics;VV=v1.1.0	NT=human;VV=v1.1.0	NT=cell-lines;VV=v1.1.0	NT=single-cell;VV=v1.0.0	G1/S
HeLa_SC_TB_20201010_044	NT=Homo sapiens;AC=NCBITaxon:9606	NT=uterine cervix;AC=UBERON:0000002	NT=epithelial cell;AC=CL:0000066	NT=cervical adenocarcinoma;AC=MONDO:0005153	NT=HeLa;AC=EFO:0001185	CVCL_0030	HeLa	30Y6M	female	not applicable	not available	NT=Dulbecco's Modified Eagle Medium;AC=NCIT:C185409	NT=Thymidine;AC=NCIT:C880	G1/S	live	NT=single cell;AC=PRIDE:0000897	FACS	TB_20201010_044	1	24	run 69	proteomic profiling by mass spectrometry	NT=timsTOF Pro;AC=MS:1003005	NT=label free sample;AC=MS:1002038	NT=Oxidation;AC=UNIMOD:35;TA=M;MT=Variable	NT=Acetyl;AC=UNIMOD:1;PP=Protein N-term;MT=Variable	not applicable	NT=Trypsin;AC=MS:1001251	NT=Lys-C;AC=MS:1001309	Data-independent acquisition	NT=collision-induced dissociation;AC=MS:1000133	not available	not available	not applicable	not applicable	blocked_set	1	1	20201010_TIMS04_Evo07_AnBr_1Cell_HeLa_TB_44_S3-E12_1_4051.d	v1.1.0	NT=ms-proteomics;VV=v1.1.0	NT=human;VV=v1.1.0	NT=cell-lines;VV=v1.1.0	NT=single-cell;VV=v1.0.0	G1/S
HeLa_SC_TB_20201010_048	NT=Homo sapiens;AC=NCBITaxon:9606	NT=uterine cervix;AC=UBERON:0000002	NT=epithelial cell;AC=CL:0000066	NT=cervical adenocarcinoma;AC=MONDO:0005153	NT=HeLa;AC=EFO:0001185	CVCL_0030	HeLa	30Y6M	female	not applicable	not available	NT=Dulbecco's Modified Eagle Medium;AC=NCIT:C185409	NT=Thymidine;AC=NCIT:C880	G1/S	live	NT=single cell;AC=PRIDE:0000897	FACS	TB_20201010_048	1	25	run 70	proteomic profiling by mass spectrometry	NT=timsTOF Pro;AC=MS:1003005	NT=label free sample;AC=MS:1002038	NT=Oxidation;AC=UNIMOD:35;TA=M;MT=Variable	NT=Acetyl;AC=UNIMOD:1;PP=Protein N-term;MT=Variable	not applicable	NT=Trypsin;AC=MS:1001251	NT=Lys-C;AC=MS:1001309	Data-independent acquisition	NT=collision-induced dissociation;AC=MS:1000133	not available	not available	not applicable	not applicable	blocked_set	1	1	20201010_TIMS04_Evo07_AnBr_1Cell_HeLa_TB_48_S3-F5_1_4056.d	v1.1.0	NT=ms-proteomics;VV=v1.1.0	NT=human;VV=v1.1.0	NT=cell-lines;VV=v1.1.0	NT=single-cell;VV=v1.0.0	G1/S
HeLa_SC_TB_20201010_049	NT=Homo sapiens;AC=NCBITaxon:9606	NT=uterine cervix;AC=UBERON:0000002	NT=epithelial cell;AC=CL:0000066	NT=cervical adenocarcinoma;AC=MONDO:0005153	NT=HeLa;AC=EFO:0001185	CVCL_0030	HeLa	30Y6M	female	not applicable	not available	NT=Dulbecco's Modified Eagle Medium;AC=NCIT:C185409	NT=Thymidine;AC=NCIT:C880	G1/S	live	NT=single cell;AC=PRIDE:0000897	FACS	TB_20201010_049	1	26	run 71	proteomic profiling by mass spectrometry	NT=timsTOF Pro;AC=MS:1003005	NT=label free sample;AC=MS:1002038	NT=Oxidation;AC=UNIMOD:35;TA=M;MT=Variable	NT=Acetyl;AC=UNIMOD:1;PP=Protein N-term;MT=Variable	not applicable	NT=Trypsin;AC=MS:1001251	NT=Lys-C;AC=MS:1001309	Data-independent acquisition	NT=collision-induced dissociation;AC=MS:1000133	not available	not available	not applicable	not applicable	blocked_set	1	1	20201010_TIMS04_Evo07_AnBr_1Cell_HeLa_TB_49_S3-F6_1_4057.d	v1.1.0	NT=ms-proteomics;VV=v1.1.0	NT=human;VV=v1.1.0	NT=cell-lines;VV=v1.1.0	NT=single-cell;VV=v1.0.0	G1/S
HeLa_SC_TB_20201010_051	NT=Homo sapiens;AC=NCBITaxon:9606	NT=uterine cervix;AC=UBERON:0000002	NT=epithelial cell;AC=CL:0000066	NT=cervical adenocarcinoma;AC=MONDO:0005153	NT=HeLa;AC=EFO:0001185	CVCL_0030	HeLa	30Y6M	female	not applicable	not available	NT=Dulbecco's Modified Eagle Medium;AC=NCIT:C185409	NT=Thymidine;AC=NCIT:C880	G1/S	live	NT=single cell;AC=PRIDE:0000897	FACS	TB_20201010_051	1	27	run 72	proteomic profiling by mass spectrometry	NT=timsTOF Pro;AC=MS:1003005	NT=label free sample;AC=MS:1002038	NT=Oxidation;AC=UNIMOD:35;TA=M;MT=Variable	NT=Acetyl;AC=UNIMOD:1;PP=Protein N-term;MT=Variable	not applicable	NT=Trypsin;AC=MS:1001251	NT=Lys-C;AC=MS:1001309	Data-independent acquisition	NT=collision-induced dissociation;AC=MS:1000133	not available	not available	not applicable	not applicable	blocked_set	1	1	20201010_TIMS04_Evo07_AnBr_1Cell_HeLa_TB_51_S3-F8_1_4059.d	v1.1.0	NT=ms-proteomics;VV=v1.1.0	NT=human;VV=v1.1.0	NT=cell-lines;VV=v1.1.0	NT=single-cell;VV=v1.0.0	G1/S
HeLa_SC_TB_20201010_053	NT=Homo sapiens;AC=NCBITaxon:9606	NT=uterine cervix;AC=UBERON:0000002	NT=epithelial cell;AC=CL:0000066	NT=cervical adenocarcinoma;AC=MONDO:0005153	NT=HeLa;AC=EFO:0001185	CVCL_0030	HeLa	30Y6M	female	not applicable	not available	NT=Dulbecco's Modified Eagle Medium;AC=NCIT:C185409	NT=Thymidine;AC=NCIT:C880	G1/S	live	NT=single cell;AC=PRIDE:0000897	FACS	TB_20201010_053	1	28	run 73	proteomic profiling by mass spectrometry	NT=timsTOF Pro;AC=MS:1003005	NT=label free sample;AC=MS:1002038	NT=Oxidation;AC=UNIMOD:35;TA=M;MT=Variable	NT=Acetyl;AC=UNIMOD:1;PP=Protein N-term;MT=Variable	not applicable	NT=Trypsin;AC=MS:1001251	NT=Lys-C;AC=MS:1001309	Data-independent acquisition	NT=collision-induced dissociation;AC=MS:1000133	not available	not available	not applicable	not applicable	blocked_set	1	1	20201010_TIMS04_Evo07_AnBr_1Cell_HeLa_TB_53_S3-F10_1_4061.d	v1.1.0	NT=ms-proteomics;VV=v1.1.0	NT=human;VV=v1.1.0	NT=cell-lines;VV=v1.1.0	NT=single-cell;VV=v1.0.0	G1/S
HeLa_SC_TB_20201010_055	NT=Homo sapiens;AC=NCBITaxon:9606	NT=uterine cervix;AC=UBERON:0000002	NT=epithelial cell;AC=CL:0000066	NT=cervical adenocarcinoma;AC=MONDO:0005153	NT=HeLa;AC=EFO:0001185	CVCL_0030	HeLa	30Y6M	female	not applicable	not available	NT=Dulbecco's Modified Eagle Medium;AC=NCIT:C185409	NT=Thymidine;AC=NCIT:C880	G1/S	live	NT=single cell;AC=PRIDE:0000897	FACS	TB_20201010_055	1	29	run 74	proteomic profiling by mass spectrometry	NT=timsTOF Pro;AC=MS:1003005	NT=label free sample;AC=MS:1002038	NT=Oxidation;AC=UNIMOD:35;TA=M;MT=Variable	NT=Acetyl;AC=UNIMOD:1;PP=Protein N-term;MT=Variable	not applicable	NT=Trypsin;AC=MS:1001251	NT=Lys-C;AC=MS:1001309	Data-independent acquisition	NT=collision-induced dissociation;AC=MS:1000133	not available	not available	not applicable	not applicable	blocked_set	1	1	20201010_TIMS04_Evo07_AnBr_1Cell_HeLa_TB_55_S3-F12_1_4063.d	v1.1.0	NT=ms-proteomics;VV=v1.1.0	NT=human;VV=v1.1.0	NT=cell-lines;VV=v1.1.0	NT=single-cell;VV=v1.0.0	G1/S
HeLa_SC_TB_20201010_056	NT=Homo sapiens;AC=NCBITaxon:9606	NT=uterine cervix;AC=UBERON:0000002	NT=epithelial cell;AC=CL:0000066	NT=cervical adenocarcinoma;AC=MONDO:0005153	NT=HeLa;AC=EFO:0001185	CVCL_0030	HeLa	30Y6M	female	not applicable	not available	NT=Dulbecco's Modified Eagle Medium;AC=NCIT:C185409	NT=Thymidine;AC=NCIT:C880	G1/S	live	NT=single cell;AC=PRIDE:0000897	FACS	TB_20201010_056	1	30	run 75	proteomic profiling by mass spectrometry	NT=timsTOF Pro;AC=MS:1003005	NT=label free sample;AC=MS:1002038	NT=Oxidation;AC=UNIMOD:35;TA=M;MT=Variable	NT=Acetyl;AC=UNIMOD:1;PP=Protein N-term;MT=Variable	not applicable	NT=Trypsin;AC=MS:1001251	NT=Lys-C;AC=MS:1001309	Data-independent acquisition	NT=collision-induced dissociation;AC=MS:1000133	not available	not available	not applicable	not applicable	blocked_set	1	1	20201010_TIMS04_Evo07_AnBr_1Cell_HeLa_TB_56_S3-G2_1_4065.d	v1.1.0	NT=ms-proteomics;VV=v1.1.0	NT=human;VV=v1.1.0	NT=cell-lines;VV=v1.1.0	NT=single-cell;VV=v1.0.0	G1/S
HeLa_SC_TB_20201010_057	NT=Homo sapiens;AC=NCBITaxon:9606	NT=uterine cervix;AC=UBERON:0000002	NT=epithelial cell;AC=CL:0000066	NT=cervical adenocarcinoma;AC=MONDO:0005153	NT=HeLa;AC=EFO:0001185	CVCL_0030	HeLa	30Y6M	female	not applicable	not available	NT=Dulbecco's Modified Eagle Medium;AC=NCIT:C185409	NT=Thymidine;AC=NCIT:C880	G1/S	live	NT=single cell;AC=PRIDE:0000897	FACS	TB_20201010_057	1	31	run 76	proteomic profiling by mass spectrometry	NT=timsTOF Pro;AC=MS:1003005	NT=label free sample;AC=MS:1002038	NT=Oxidation;AC=UNIMOD:35;TA=M;MT=Variable	NT=Acetyl;AC=UNIMOD:1;PP=Protein N-term;MT=Variable	not applicable	NT=Trypsin;AC=MS:1001251	NT=Lys-C;AC=MS:1001309	Data-independent acquisition	NT=collision-induced dissociation;AC=MS:1000133	not available	not available	not applicable	not applicable	blocked_set	1	1	20201010_TIMS04_Evo07_AnBr_1Cell_HeLa_TB_57_S3-G3_1_4066.d	v1.1.0	NT=ms-proteomics;VV=v1.1.0	NT=human;VV=v1.1.0	NT=cell-lines;VV=v1.1.0	NT=single-cell;VV=v1.0.0	G1/S
HeLa_SC_TB_20201010_058	NT=Homo sapiens;AC=NCBITaxon:9606	NT=uterine cervix;AC=UBERON:0000002	NT=epithelial cell;AC=CL:0000066	NT=cervical adenocarcinoma;AC=MONDO:0005153	NT=HeLa;AC=EFO:0001185	CVCL_0030	HeLa	30Y6M	female	not applicable	not available	NT=Dulbecco's Modified Eagle Medium;AC=NCIT:C185409	NT=Thymidine;AC=NCIT:C880	G1/S	live	NT=single cell;AC=PRIDE:0000897	FACS	TB_20201010_058	1	32	run 77	proteomic profiling by mass spectrometry	NT=timsTOF Pro;AC=MS:1003005	NT=label free sample;AC=MS:1002038	NT=Oxidation;AC=UNIMOD:35;TA=M;MT=Variable	NT=Acetyl;AC=UNIMOD:1;PP=Protein N-term;MT=Variable	not applicable	NT=Trypsin;AC=MS:1001251	NT=Lys-C;AC=MS:1001309	Data-independent acquisition	NT=collision-induced dissociation;AC=MS:1000133	not available	not available	not applicable	not applicable	blocked_set	1	1	20201010_TIMS04_Evo07_AnBr_1Cell_HeLa_TB_58_S3-G4_1_4067.d	v1.1.0	NT=ms-proteomics;VV=v1.1.0	NT=human;VV=v1.1.0	NT=cell-lines;VV=v1.1.0	NT=single-cell;VV=v1.0.0	G1/S
HeLa_SC_TB_20201010_062	NT=Homo sapiens;AC=NCBITaxon:9606	NT=uterine cervix;AC=UBERON:0000002	NT=epithelial cell;AC=CL:0000066	NT=cervical adenocarcinoma;AC=MONDO:0005153	NT=HeLa;AC=EFO:0001185	CVCL_0030	HeLa	30Y6M	female	not applicable	not available	NT=Dulbecco's Modified Eagle Medium;AC=NCIT:C185409	NT=Thymidine;AC=NCIT:C880	G1/S	live	NT=single cell;AC=PRIDE:0000897	FACS	TB_20201010_062	1	33	run 78	proteomic profiling by mass spectrometry	NT=timsTOF Pro;AC=MS:1003005	NT=label free sample;AC=MS:1002038	NT=Oxidation;AC=UNIMOD:35;TA=M;MT=Variable	NT=Acetyl;AC=UNIMOD:1;PP=Protein N-term;MT=Variable	not applicable	NT=Trypsin;AC=MS:1001251	NT=Lys-C;AC=MS:1001309	Data-independent acquisition	NT=collision-induced dissociation;AC=MS:1000133	not available	not available	not applicable	not applicable	blocked_set	1	1	20201010_TIMS04_Evo07_AnBr_1Cell_HeLa_TB_62_S3-G8_1_4071.d	v1.1.0	NT=ms-proteomics;VV=v1.1.0	NT=human;VV=v1.1.0	NT=cell-lines;VV=v1.1.0	NT=single-cell;VV=v1.0.0	G1/S
HeLa_SC_TB_20201010_063	NT=Homo sapiens;AC=NCBITaxon:9606	NT=uterine cervix;AC=UBERON:0000002	NT=epithelial cell;AC=CL:0000066	NT=cervical adenocarcinoma;AC=MONDO:0005153	NT=HeLa;AC=EFO:0001185	CVCL_0030	HeLa	30Y6M	female	not applicable	not available	NT=Dulbecco's Modified Eagle Medium;AC=NCIT:C185409	NT=Thymidine;AC=NCIT:C880	G1/S	live	NT=single cell;AC=PRIDE:0000897	FACS	TB_20201010_063	1	34	run 79	proteomic profiling by mass spectrometry	NT=timsTOF Pro;AC=MS:1003005	NT=label free sample;AC=MS:1002038	NT=Oxidation;AC=UNIMOD:35;TA=M;MT=Variable	NT=Acetyl;AC=UNIMOD:1;PP=Protein N-term;MT=Variable	not applicable	NT=Trypsin;AC=MS:1001251	NT=Lys-C;AC=MS:1001309	Data-independent acquisition	NT=collision-induced dissociation;AC=MS:1000133	not available	not available	not applicable	not applicable	blocked_set	1	1	20201010_TIMS04_Evo07_AnBr_1Cell_HeLa_TB_63_S3-G9_1_4072.d	v1.1.0	NT=ms-proteomics;VV=v1.1.0	NT=human;VV=v1.1.0	NT=cell-lines;VV=v1.1.0	NT=single-cell;VV=v1.0.0	G1/S
HeLa_SC_TB_20201010_064	NT=Homo sapiens;AC=NCBITaxon:9606	NT=uterine cervix;AC=UBERON:0000002	NT=epithelial cell;AC=CL:0000066	NT=cervical adenocarcinoma;AC=MONDO:0005153	NT=HeLa;AC=EFO:0001185	CVCL_0030	HeLa	30Y6M	female	not applicable	not available	NT=Dulbecco's Modified Eagle Medium;AC=NCIT:C185409	NT=Thymidine;AC=NCIT:C880	G1/S	live	NT=single cell;AC=PRIDE:0000897	FACS	TB_20201010_064	1	35	run 80	proteomic profiling by mass spectrometry	NT=timsTOF Pro;AC=MS:1003005	NT=label free sample;AC=MS:1002038	NT=Oxidation;AC=UNIMOD:35;TA=M;MT=Variable	NT=Acetyl;AC=UNIMOD:1;PP=Protein N-term;MT=Variable	not applicable	NT=Trypsin;AC=MS:1001251	NT=Lys-C;AC=MS:1001309	Data-independent acquisition	NT=collision-induced dissociation;AC=MS:1000133	not available	not available	not applicable	not applicable	blocked_set	1	1	20201010_TIMS04_Evo07_AnBr_1Cell_HeLa_TB_64_S3-G10_1_4073.d	v1.1.0	NT=ms-proteomics;VV=v1.1.0	NT=human;VV=v1.1.0	NT=cell-lines;VV=v1.1.0	NT=single-cell;VV=v1.0.0	G1/S
HeLa_SC_TB_20201010_065	NT=Homo sapiens;AC=NCBITaxon:9606	NT=uterine cervix;AC=UBERON:0000002	NT=epithelial cell;AC=CL:0000066	NT=cervical adenocarcinoma;AC=MONDO:0005153	NT=HeLa;AC=EFO:0001185	CVCL_0030	HeLa	30Y6M	female	not applicable	not available	NT=Dulbecco's Modified Eagle Medium;AC=NCIT:C185409	NT=Thymidine;AC=NCIT:C880	G1/S	live	NT=single cell;AC=PRIDE:0000897	FACS	TB_20201010_065	1	36	run 81	proteomic profiling by mass spectrometry	NT=timsTOF Pro;AC=MS:1003005	NT=label free sample;AC=MS:1002038	NT=Oxidation;AC=UNIMOD:35;TA=M;MT=Variable	NT=Acetyl;AC=UNIMOD:1;PP=Protein N-term;MT=Variable	not applicable	NT=Trypsin;AC=MS:1001251	NT=Lys-C;AC=MS:1001309	Data-independent acquisition	NT=collision-induced dissociation;AC=MS:1000133	not available	not available	not applicable	not applicable	blocked_set	1	1	20201010_TIMS04_Evo07_AnBr_1Cell_HeLa_TB_65_S3-G11_1_4074.d	v1.1.0	NT=ms-proteomics;VV=v1.1.0	NT=human;VV=v1.1.0	NT=cell-lines;VV=v1.1.0	NT=single-cell;VV=v1.0.0	G1/S
HeLa_SC_TB_20201010_067	NT=Homo sapiens;AC=NCBITaxon:9606	NT=uterine cervix;AC=UBERON:0000002	NT=epithelial cell;AC=CL:0000066	NT=cervical adenocarcinoma;AC=MONDO:0005153	NT=HeLa;AC=EFO:0001185	CVCL_0030	HeLa	30Y6M	female	not applicable	not available	NT=Dulbecco's Modified Eagle Medium;AC=NCIT:C185409	NT=Thymidine;AC=NCIT:C880	G1/S	live	NT=single cell;AC=PRIDE:0000897	FACS	TB_20201010_067	1	37	run 82	proteomic profiling by mass spectrometry	NT=timsTOF Pro;AC=MS:1003005	NT=label free sample;AC=MS:1002038	NT=Oxidation;AC=UNIMOD:35;TA=M;MT=Variable	NT=Acetyl;AC=UNIMOD:1;PP=Protein N-term;MT=Variable	not applicable	NT=Trypsin;AC=MS:1001251	NT=Lys-C;AC=MS:1001309	Data-independent acquisition	NT=collision-induced dissociation;AC=MS:1000133	not available	not available	not applicable	not applicable	blocked_set	1	1	20201010_TIMS04_Evo07_AnBr_1Cell_HeLa_TB_67_S3-H2_1_4077.d	v1.1.0	NT=ms-proteomics;VV=v1.1.0	NT=human;VV=v1.1.0	NT=cell-lines;VV=v1.1.0	NT=single-cell;VV=v1.0.0	G1/S
HeLa_SC_TB_20201010_070	NT=Homo sapiens;AC=NCBITaxon:9606	NT=uterine cervix;AC=UBERON:0000002	NT=epithelial cell;AC=CL:0000066	NT=cervical adenocarcinoma;AC=MONDO:0005153	NT=HeLa;AC=EFO:0001185	CVCL_0030	HeLa	30Y6M	female	not applicable	not available	NT=Dulbecco's Modified Eagle Medium;AC=NCIT:C185409	NT=Thymidine;AC=NCIT:C880	G1/S	live	NT=single cell;AC=PRIDE:0000897	FACS	TB_20201010_070	1	38	run 83	proteomic profiling by mass spectrometry	NT=timsTOF Pro;AC=MS:1003005	NT=label free sample;AC=MS:1002038	NT=Oxidation;AC=UNIMOD:35;TA=M;MT=Variable	NT=Acetyl;AC=UNIMOD:1;PP=Protein N-term;MT=Variable	not applicable	NT=Trypsin;AC=MS:1001251	NT=Lys-C;AC=MS:1001309	Data-independent acquisition	NT=collision-induced dissociation;AC=MS:1000133	not available	not available	not applicable	not applicable	blocked_set	1	1	20201010_TIMS04_Evo07_AnBr_1Cell_HeLa_TB_70_S3-H5_1_4080.d	v1.1.0	NT=ms-proteomics;VV=v1.1.0	NT=human;VV=v1.1.0	NT=cell-lines;VV=v1.1.0	NT=single-cell;VV=v1.0.0	G1/S
HeLa_SC_TB_20201010_073	NT=Homo sapiens;AC=NCBITaxon:9606	NT=uterine cervix;AC=UBERON:0000002	NT=epithelial cell;AC=CL:0000066	NT=cervical adenocarcinoma;AC=MONDO:0005153	NT=HeLa;AC=EFO:0001185	CVCL_0030	HeLa	30Y6M	female	not applicable	not available	NT=Dulbecco's Modified Eagle Medium;AC=NCIT:C185409	NT=Thymidine;AC=NCIT:C880	G1/S	live	NT=single cell;AC=PRIDE:0000897	FACS	TB_20201010_073	1	39	run 84	proteomic profiling by mass spectrometry	NT=timsTOF Pro;AC=MS:1003005	NT=label free sample;AC=MS:1002038	NT=Oxidation;AC=UNIMOD:35;TA=M;MT=Variable	NT=Acetyl;AC=UNIMOD:1;PP=Protein N-term;MT=Variable	not applicable	NT=Trypsin;AC=MS:1001251	NT=Lys-C;AC=MS:1001309	Data-independent acquisition	NT=collision-induced dissociation;AC=MS:1000133	not available	not available	not applicable	not applicable	blocked_set	1	1	20201010_TIMS04_Evo07_AnBr_1Cell_HeLa_TB_73_S3-H8_1_4083.d	v1.1.0	NT=ms-proteomics;VV=v1.1.0	NT=human;VV=v1.1.0	NT=cell-lines;VV=v1.1.0	NT=single-cell;VV=v1.0.0	G1/S
HeLa_SC_TB_20201010_076	NT=Homo sapiens;AC=NCBITaxon:9606	NT=uterine cervix;AC=UBERON:0000002	NT=epithelial cell;AC=CL:0000066	NT=cervical adenocarcinoma;AC=MONDO:0005153	NT=HeLa;AC=EFO:0001185	CVCL_0030	HeLa	30Y6M	female	not applicable	not available	NT=Dulbecco's Modified Eagle Medium;AC=NCIT:C185409	NT=Thymidine;AC=NCIT:C880	G1/S	live	NT=single cell;AC=PRIDE:0000897	FACS	TB_20201010_076	1	40	run 85	proteomic profiling by mass spectrometry	NT=timsTOF Pro;AC=MS:1003005	NT=label free sample;AC=MS:1002038	NT=Oxidation;AC=UNIMOD:35;TA=M;MT=Variable	NT=Acetyl;AC=UNIMOD:1;PP=Protein N-term;MT=Variable	not applicable	NT=Trypsin;AC=MS:1001251	NT=Lys-C;AC=MS:1001309	Data-independent acquisition	NT=collision-induced dissociation;AC=MS:1000133	not available	not available	not applicable	not applicable	blocked_set	1	1	20201010_TIMS04_Evo07_AnBr_1Cell_HeLa_TB_76_S3-H11_1_4086.d	v1.1.0	NT=ms-proteomics;VV=v1.1.0	NT=human;VV=v1.1.0	NT=cell-lines;VV=v1.1.0	NT=single-cell;VV=v1.0.0	G1/S
HeLa_SC_TB_20201010_077	NT=Homo sapiens;AC=NCBITaxon:9606	NT=uterine cervix;AC=UBERON:0000002	NT=epithelial cell;AC=CL:0000066	NT=cervical adenocarcinoma;AC=MONDO:0005153	NT=HeLa;AC=EFO:0001185	CVCL_0030	HeLa	30Y6M	female	not applicable	not available	NT=Dulbecco's Modified Eagle Medium;AC=NCIT:C185409	NT=Thymidine;AC=NCIT:C880	G1/S	live	NT=single cell;AC=PRIDE:0000897	FACS	TB_20201010_077	1	41	run 86	proteomic profiling by mass spectrometry	NT=timsTOF Pro;AC=MS:1003005	NT=label free sample;AC=MS:1002038	NT=Oxidation;AC=UNIMOD:35;TA=M;MT=Variable	NT=Acetyl;AC=UNIMOD:1;PP=Protein N-term;MT=Variable	not applicable	NT=Trypsin;AC=MS:1001251	NT=Lys-C;AC=MS:1001309	Data-independent acquisition	NT=collision-induced dissociation;AC=MS:1000133	not available	not available	not applicable	not applicable	blocked_set	1	1	20201010_TIMS04_Evo07_AnBr_1Cell_HeLa_TB_77_S3-H12_1_4087.d	v1.1.0	NT=ms-proteomics;VV=v1.1.0	NT=human;VV=v1.1.0	NT=cell-lines;VV=v1.1.0	NT=single-cell;VV=v1.0.0	G1/S
HeLa_SC_UBa_20201010_012	NT=Homo sapiens;AC=NCBITaxon:9606	NT=uterine cervix;AC=UBERON:0000002	NT=epithelial cell;AC=CL:0000066	NT=cervical adenocarcinoma;AC=MONDO:0005153	NT=HeLa;AC=EFO:0001185	CVCL_0030	HeLa	30Y6M	female	not applicable	not available	NT=Dulbecco's Modified Eagle Medium;AC=NCIT:C185409	not applicable	not determined	live	NT=single cell;AC=PRIDE:0000897	FACS	UBa_20201010_012	1	1	run 87	proteomic profiling by mass spectrometry	NT=timsTOF Pro;AC=MS:1003005	NT=label free sample;AC=MS:1002038	NT=Oxidation;AC=UNIMOD:35;TA=M;MT=Variable	NT=Acetyl;AC=UNIMOD:1;PP=Protein N-term;MT=Variable	not applicable	NT=Trypsin;AC=MS:1001251	NT=Lys-C;AC=MS:1001309	Data-independent acquisition	NT=collision-induced dissociation;AC=MS:1000133	not available	not available	not applicable	not applicable	unsynchronized_culture_1	1	1	20201010_TIMS04_Evo07_AnBr_1Cell_HeLa_UB_12_S3-B2_1_4101.d	v1.1.0	NT=ms-proteomics;VV=v1.1.0	NT=human;VV=v1.1.0	NT=cell-lines;VV=v1.1.0	NT=single-cell;VV=v1.0.0	not determined
HeLa_SC_UBa_20201010_013	NT=Homo sapiens;AC=NCBITaxon:9606	NT=uterine cervix;AC=UBERON:0000002	NT=epithelial cell;AC=CL:0000066	NT=cervical adenocarcinoma;AC=MONDO:0005153	NT=HeLa;AC=EFO:0001185	CVCL_0030	HeLa	30Y6M	female	not applicable	not available	NT=Dulbecco's Modified Eagle Medium;AC=NCIT:C185409	not applicable	not determined	live	NT=single cell;AC=PRIDE:0000897	FACS	UBa_20201010_013	1	2	run 88	proteomic profiling by mass spectrometry	NT=timsTOF Pro;AC=MS:1003005	NT=label free sample;AC=MS:1002038	NT=Oxidation;AC=UNIMOD:35;TA=M;MT=Variable	NT=Acetyl;AC=UNIMOD:1;PP=Protein N-term;MT=Variable	not applicable	NT=Trypsin;AC=MS:1001251	NT=Lys-C;AC=MS:1001309	Data-independent acquisition	NT=collision-induced dissociation;AC=MS:1000133	not available	not available	not applicable	not applicable	unsynchronized_culture_1	1	1	20201010_TIMS04_Evo07_AnBr_1Cell_HeLa_UB_13_S3-B3_1_4102.d	v1.1.0	NT=ms-proteomics;VV=v1.1.0	NT=human;VV=v1.1.0	NT=cell-lines;VV=v1.1.0	NT=single-cell;VV=v1.0.0	not determined
HeLa_SC_UBa_20201010_014	NT=Homo sapiens;AC=NCBITaxon:9606	NT=uterine cervix;AC=UBERON:0000002	NT=epithelial cell;AC=CL:0000066	NT=cervical adenocarcinoma;AC=MONDO:0005153	NT=HeLa;AC=EFO:0001185	CVCL_0030	HeLa	30Y6M	female	not applicable	not available	NT=Dulbecco's Modified Eagle Medium;AC=NCIT:C185409	not applicable	not determined	live	NT=single cell;AC=PRIDE:0000897	FACS	UBa_20201010_014	1	3	run 89	proteomic profiling by mass spectrometry	NT=timsTOF Pro;AC=MS:1003005	NT=label free sample;AC=MS:1002038	NT=Oxidation;AC=UNIMOD:35;TA=M;MT=Variable	NT=Acetyl;AC=UNIMOD:1;PP=Protein N-term;MT=Variable	not applicable	NT=Trypsin;AC=MS:1001251	NT=Lys-C;AC=MS:1001309	Data-independent acquisition	NT=collision-induced dissociation;AC=MS:1000133	not available	not available	not applicable	not applicable	unsynchronized_culture_1	1	1	20201010_TIMS04_Evo07_AnBr_1Cell_HeLa_UB_14_S3-B4_1_4103.d	v1.1.0	NT=ms-proteomics;VV=v1.1.0	NT=human;VV=v1.1.0	NT=cell-lines;VV=v1.1.0	NT=single-cell;VV=v1.0.0	not determined
HeLa_SC_UBa_20201010_015	NT=Homo sapiens;AC=NCBITaxon:9606	NT=uterine cervix;AC=UBERON:0000002	NT=epithelial cell;AC=CL:0000066	NT=cervical adenocarcinoma;AC=MONDO:0005153	NT=HeLa;AC=EFO:0001185	CVCL_0030	HeLa	30Y6M	female	not applicable	not available	NT=Dulbecco's Modified Eagle Medium;AC=NCIT:C185409	not applicable	not determined	live	NT=single cell;AC=PRIDE:0000897	FACS	UBa_20201010_015	1	4	run 90	proteomic profiling by mass spectrometry	NT=timsTOF Pro;AC=MS:1003005	NT=label free sample;AC=MS:1002038	NT=Oxidation;AC=UNIMOD:35;TA=M;MT=Variable	NT=Acetyl;AC=UNIMOD:1;PP=Protein N-term;MT=Variable	not applicable	NT=Trypsin;AC=MS:1001251	NT=Lys-C;AC=MS:1001309	Data-independent acquisition	NT=collision-induced dissociation;AC=MS:1000133	not available	not available	not applicable	not applicable	unsynchronized_culture_1	1	1	20201010_TIMS04_Evo07_AnBr_1Cell_HeLa_UB_15_S3-B5_1_4104.d	v1.1.0	NT=ms-proteomics;VV=v1.1.0	NT=human;VV=v1.1.0	NT=cell-lines;VV=v1.1.0	NT=single-cell;VV=v1.0.0	not determined
HeLa_SC_UBa_20201010_016	NT=Homo sapiens;AC=NCBITaxon:9606	NT=uterine cervix;AC=UBERON:0000002	NT=epithelial cell;AC=CL:0000066	NT=cervical adenocarcinoma;AC=MONDO:0005153	NT=HeLa;AC=EFO:0001185	CVCL_0030	HeLa	30Y6M	female	not applicable	not available	NT=Dulbecco's Modified Eagle Medium;AC=NCIT:C185409	not applicable	not determined	live	NT=single cell;AC=PRIDE:0000897	FACS	UBa_20201010_016	1	5	run 91	proteomic profiling by mass spectrometry	NT=timsTOF Pro;AC=MS:1003005	NT=label free sample;AC=MS:1002038	NT=Oxidation;AC=UNIMOD:35;TA=M;MT=Variable	NT=Acetyl;AC=UNIMOD:1;PP=Protein N-term;MT=Variable	not applicable	NT=Trypsin;AC=MS:1001251	NT=Lys-C;AC=MS:1001309	Data-independent acquisition	NT=collision-induced dissociation;AC=MS:1000133	not available	not available	not applicable	not applicable	unsynchronized_culture_1	1	1	20201010_TIMS04_Evo07_AnBr_1Cell_HeLa_UB_16_S3-B6_1_4105.d	v1.1.0	NT=ms-proteomics;VV=v1.1.0	NT=human;VV=v1.1.0	NT=cell-lines;VV=v1.1.0	NT=single-cell;VV=v1.0.0	not determined
HeLa_SC_UBa_20201010_017	NT=Homo sapiens;AC=NCBITaxon:9606	NT=uterine cervix;AC=UBERON:0000002	NT=epithelial cell;AC=CL:0000066	NT=cervical adenocarcinoma;AC=MONDO:0005153	NT=HeLa;AC=EFO:0001185	CVCL_0030	HeLa	30Y6M	female	not applicable	not available	NT=Dulbecco's Modified Eagle Medium;AC=NCIT:C185409	not applicable	not determined	live	NT=single cell;AC=PRIDE:0000897	FACS	UBa_20201010_017	1	6	run 92	proteomic profiling by mass spectrometry	NT=timsTOF Pro;AC=MS:1003005	NT=label free sample;AC=MS:1002038	NT=Oxidation;AC=UNIMOD:35;TA=M;MT=Variable	NT=Acetyl;AC=UNIMOD:1;PP=Protein N-term;MT=Variable	not applicable	NT=Trypsin;AC=MS:1001251	NT=Lys-C;AC=MS:1001309	Data-independent acquisition	NT=collision-induced dissociation;AC=MS:1000133	not available	not available	not applicable	not applicable	unsynchronized_culture_1	1	1	20201010_TIMS04_Evo07_AnBr_1Cell_HeLa_UB_17_S3-B7_1_4106.d	v1.1.0	NT=ms-proteomics;VV=v1.1.0	NT=human;VV=v1.1.0	NT=cell-lines;VV=v1.1.0	NT=single-cell;VV=v1.0.0	not determined
HeLa_SC_UBa_20201010_018	NT=Homo sapiens;AC=NCBITaxon:9606	NT=uterine cervix;AC=UBERON:0000002	NT=epithelial cell;AC=CL:0000066	NT=cervical adenocarcinoma;AC=MONDO:0005153	NT=HeLa;AC=EFO:0001185	CVCL_0030	HeLa	30Y6M	female	not applicable	not available	NT=Dulbecco's Modified Eagle Medium;AC=NCIT:C185409	not applicable	not determined	live	NT=single cell;AC=PRIDE:0000897	FACS	UBa_20201010_018	1	7	run 93	proteomic profiling by mass spectrometry	NT=timsTOF Pro;AC=MS:1003005	NT=label free sample;AC=MS:1002038	NT=Oxidation;AC=UNIMOD:35;TA=M;MT=Variable	NT=Acetyl;AC=UNIMOD:1;PP=Protein N-term;MT=Variable	not applicable	NT=Trypsin;AC=MS:1001251	NT=Lys-C;AC=MS:1001309	Data-independent acquisition	NT=collision-induced dissociation;AC=MS:1000133	not available	not available	not applicable	not applicable	unsynchronized_culture_1	1	1	20201010_TIMS04_Evo07_AnBr_1Cell_HeLa_UB_18_S3-B8_1_4107.d	v1.1.0	NT=ms-proteomics;VV=v1.1.0	NT=human;VV=v1.1.0	NT=cell-lines;VV=v1.1.0	NT=single-cell;VV=v1.0.0	not determined
HeLa_SC_UBa_20201010_019	NT=Homo sapiens;AC=NCBITaxon:9606	NT=uterine cervix;AC=UBERON:0000002	NT=epithelial cell;AC=CL:0000066	NT=cervical adenocarcinoma;AC=MONDO:0005153	NT=HeLa;AC=EFO:0001185	CVCL_0030	HeLa	30Y6M	female	not applicable	not available	NT=Dulbecco's Modified Eagle Medium;AC=NCIT:C185409	not applicable	not determined	live	NT=single cell;AC=PRIDE:0000897	FACS	UBa_20201010_019	1	8	run 94	proteomic profiling by mass spectrometry	NT=timsTOF Pro;AC=MS:1003005	NT=label free sample;AC=MS:1002038	NT=Oxidation;AC=UNIMOD:35;TA=M;MT=Variable	NT=Acetyl;AC=UNIMOD:1;PP=Protein N-term;MT=Variable	not applicable	NT=Trypsin;AC=MS:1001251	NT=Lys-C;AC=MS:1001309	Data-independent acquisition	NT=collision-induced dissociation;AC=MS:1000133	not available	not available	not applicable	not applicable	unsynchronized_culture_1	1	1	20201010_TIMS04_Evo07_AnBr_1Cell_HeLa_UB_19_S3-B9_1_4108.d	v1.1.0	NT=ms-proteomics;VV=v1.1.0	NT=human;VV=v1.1.0	NT=cell-lines;VV=v1.1.0	NT=single-cell;VV=v1.0.0	not determined
HeLa_SC_UBa_20201010_020	NT=Homo sapiens;AC=NCBITaxon:9606	NT=uterine cervix;AC=UBERON:0000002	NT=epithelial cell;AC=CL:0000066	NT=cervical adenocarcinoma;AC=MONDO:0005153	NT=HeLa;AC=EFO:0001185	CVCL_0030	HeLa	30Y6M	female	not applicable	not available	NT=Dulbecco's Modified Eagle Medium;AC=NCIT:C185409	not applicable	not determined	live	NT=single cell;AC=PRIDE:0000897	FACS	UBa_20201010_020	1	9	run 95	proteomic profiling by mass spectrometry	NT=timsTOF Pro;AC=MS:1003005	NT=label free sample;AC=MS:1002038	NT=Oxidation;AC=UNIMOD:35;TA=M;MT=Variable	NT=Acetyl;AC=UNIMOD:1;PP=Protein N-term;MT=Variable	not applicable	NT=Trypsin;AC=MS:1001251	NT=Lys-C;AC=MS:1001309	Data-independent acquisition	NT=collision-induced dissociation;AC=MS:1000133	not available	not available	not applicable	not applicable	unsynchronized_culture_1	1	1	20201010_TIMS04_Evo07_AnBr_1Cell_HeLa_UB_20_S3-B10_1_4109.d	v1.1.0	NT=ms-proteomics;VV=v1.1.0	NT=human;VV=v1.1.0	NT=cell-lines;VV=v1.1.0	NT=single-cell;VV=v1.0.0	not determined
HeLa_SC_UBa_20201010_021	NT=Homo sapiens;AC=NCBITaxon:9606	NT=uterine cervix;AC=UBERON:0000002	NT=epithelial cell;AC=CL:0000066	NT=cervical adenocarcinoma;AC=MONDO:0005153	NT=HeLa;AC=EFO:0001185	CVCL_0030	HeLa	30Y6M	female	not applicable	not available	NT=Dulbecco's Modified Eagle Medium;AC=NCIT:C185409	not applicable	not determined	live	NT=single cell;AC=PRIDE:0000897	FACS	UBa_20201010_021	1	10	run 96	proteomic profiling by mass spectrometry	NT=timsTOF Pro;AC=MS:1003005	NT=label free sample;AC=MS:1002038	NT=Oxidation;AC=UNIMOD:35;TA=M;MT=Variable	NT=Acetyl;AC=UNIMOD:1;PP=Protein N-term;MT=Variable	not applicable	NT=Trypsin;AC=MS:1001251	NT=Lys-C;AC=MS:1001309	Data-independent acquisition	NT=collision-induced dissociation;AC=MS:1000133	not available	not available	not applicable	not applicable	unsynchronized_culture_1	1	1	20201010_TIMS04_Evo07_AnBr_1Cell_HeLa_UB_21_S3-B11_1_4110.d	v1.1.0	NT=ms-proteomics;VV=v1.1.0	NT=human;VV=v1.1.0	NT=cell-lines;VV=v1.1.0	NT=single-cell;VV=v1.0.0	not determined
HeLa_SC_UBa_20201010_023	NT=Homo sapiens;AC=NCBITaxon:9606	NT=uterine cervix;AC=UBERON:0000002	NT=epithelial cell;AC=CL:0000066	NT=cervical adenocarcinoma;AC=MONDO:0005153	NT=HeLa;AC=EFO:0001185	CVCL_0030	HeLa	30Y6M	female	not applicable	not available	NT=Dulbecco's Modified Eagle Medium;AC=NCIT:C185409	not applicable	not determined	live	NT=single cell;AC=PRIDE:0000897	FACS	UBa_20201010_023	1	11	run 97	proteomic profiling by mass spectrometry	NT=timsTOF Pro;AC=MS:1003005	NT=label free sample;AC=MS:1002038	NT=Oxidation;AC=UNIMOD:35;TA=M;MT=Variable	NT=Acetyl;AC=UNIMOD:1;PP=Protein N-term;MT=Variable	not applicable	NT=Trypsin;AC=MS:1001251	NT=Lys-C;AC=MS:1001309	Data-independent acquisition	NT=collision-induced dissociation;AC=MS:1000133	not available	not available	not applicable	not applicable	unsynchronized_culture_1	1	1	20201010_TIMS04_Evo07_AnBr_1Cell_HeLa_UB_23_S3-C2_1_4113.d	v1.1.0	NT=ms-proteomics;VV=v1.1.0	NT=human;VV=v1.1.0	NT=cell-lines;VV=v1.1.0	NT=single-cell;VV=v1.0.0	not determined
HeLa_SC_UBa_20201010_024	NT=Homo sapiens;AC=NCBITaxon:9606	NT=uterine cervix;AC=UBERON:0000002	NT=epithelial cell;AC=CL:0000066	NT=cervical adenocarcinoma;AC=MONDO:0005153	NT=HeLa;AC=EFO:0001185	CVCL_0030	HeLa	30Y6M	female	not applicable	not available	NT=Dulbecco's Modified Eagle Medium;AC=NCIT:C185409	not applicable	not determined	live	NT=single cell;AC=PRIDE:0000897	FACS	UBa_20201010_024	1	12	run 98	proteomic profiling by mass spectrometry	NT=timsTOF Pro;AC=MS:1003005	NT=label free sample;AC=MS:1002038	NT=Oxidation;AC=UNIMOD:35;TA=M;MT=Variable	NT=Acetyl;AC=UNIMOD:1;PP=Protein N-term;MT=Variable	not applicable	NT=Trypsin;AC=MS:1001251	NT=Lys-C;AC=MS:1001309	Data-independent acquisition	NT=collision-induced dissociation;AC=MS:1000133	not available	not available	not applicable	not applicable	unsynchronized_culture_1	1	1	20201010_TIMS04_Evo07_AnBr_1Cell_HeLa_UB_24_S3-C3_1_4114.d	v1.1.0	NT=ms-proteomics;VV=v1.1.0	NT=human;VV=v1.1.0	NT=cell-lines;VV=v1.1.0	NT=single-cell;VV=v1.0.0	not determined
HeLa_SC_UBa_20201010_025	NT=Homo sapiens;AC=NCBITaxon:9606	NT=uterine cervix;AC=UBERON:0000002	NT=epithelial cell;AC=CL:0000066	NT=cervical adenocarcinoma;AC=MONDO:0005153	NT=HeLa;AC=EFO:0001185	CVCL_0030	HeLa	30Y6M	female	not applicable	not available	NT=Dulbecco's Modified Eagle Medium;AC=NCIT:C185409	not applicable	not determined	live	NT=single cell;AC=PRIDE:0000897	FACS	UBa_20201010_025	1	13	run 99	proteomic profiling by mass spectrometry	NT=timsTOF Pro;AC=MS:1003005	NT=label free sample;AC=MS:1002038	NT=Oxidation;AC=UNIMOD:35;TA=M;MT=Variable	NT=Acetyl;AC=UNIMOD:1;PP=Protein N-term;MT=Variable	not applicable	NT=Trypsin;AC=MS:1001251	NT=Lys-C;AC=MS:1001309	Data-independent acquisition	NT=collision-induced dissociation;AC=MS:1000133	not available	not available	not applicable	not applicable	unsynchronized_culture_1	1	1	20201010_TIMS04_Evo07_AnBr_1Cell_HeLa_UB_25_S3-C4_1_4115.d	v1.1.0	NT=ms-proteomics;VV=v1.1.0	NT=human;VV=v1.1.0	NT=cell-lines;VV=v1.1.0	NT=single-cell;VV=v1.0.0	not determined
HeLa_SC_UBa_20201010_026	NT=Homo sapiens;AC=NCBITaxon:9606	NT=uterine cervix;AC=UBERON:0000002	NT=epithelial cell;AC=CL:0000066	NT=cervical adenocarcinoma;AC=MONDO:0005153	NT=HeLa;AC=EFO:0001185	CVCL_0030	HeLa	30Y6M	female	not applicable	not available	NT=Dulbecco's Modified Eagle Medium;AC=NCIT:C185409	not applicable	not determined	live	NT=single cell;AC=PRIDE:0000897	FACS	UBa_20201010_026	1	14	run 100	proteomic profiling by mass spectrometry	NT=timsTOF Pro;AC=MS:1003005	NT=label free sample;AC=MS:1002038	NT=Oxidation;AC=UNIMOD:35;TA=M;MT=Variable	NT=Acetyl;AC=UNIMOD:1;PP=Protein N-term;MT=Variable	not applicable	NT=Trypsin;AC=MS:1001251	NT=Lys-C;AC=MS:1001309	Data-independent acquisition	NT=collision-induced dissociation;AC=MS:1000133	not available	not available	not applicable	not applicable	unsynchronized_culture_1	1	1	20201010_TIMS04_Evo07_AnBr_1Cell_HeLa_UB_26_S3-C5_1_4116.d	v1.1.0	NT=ms-proteomics;VV=v1.1.0	NT=human;VV=v1.1.0	NT=cell-lines;VV=v1.1.0	NT=single-cell;VV=v1.0.0	not determined
HeLa_SC_UBa_20201010_027	NT=Homo sapiens;AC=NCBITaxon:9606	NT=uterine cervix;AC=UBERON:0000002	NT=epithelial cell;AC=CL:0000066	NT=cervical adenocarcinoma;AC=MONDO:0005153	NT=HeLa;AC=EFO:0001185	CVCL_0030	HeLa	30Y6M	female	not applicable	not available	NT=Dulbecco's Modified Eagle Medium;AC=NCIT:C185409	not applicable	not determined	live	NT=single cell;AC=PRIDE:0000897	FACS	UBa_20201010_027	1	15	run 101	proteomic profiling by mass spectrometry	NT=timsTOF Pro;AC=MS:1003005	NT=label free sample;AC=MS:1002038	NT=Oxidation;AC=UNIMOD:35;TA=M;MT=Variable	NT=Acetyl;AC=UNIMOD:1;PP=Protein N-term;MT=Variable	not applicable	NT=Trypsin;AC=MS:1001251	NT=Lys-C;AC=MS:1001309	Data-independent acquisition	NT=collision-induced dissociation;AC=MS:1000133	not available	not available	not applicable	not applicable	unsynchronized_culture_1	1	1	20201010_TIMS04_Evo07_AnBr_1Cell_HeLa_UB_27_S3-C6_1_4117.d	v1.1.0	NT=ms-proteomics;VV=v1.1.0	NT=human;VV=v1.1.0	NT=cell-lines;VV=v1.1.0	NT=single-cell;VV=v1.0.0	not determined
HeLa_SC_UBa_20201010_028	NT=Homo sapiens;AC=NCBITaxon:9606	NT=uterine cervix;AC=UBERON:0000002	NT=epithelial cell;AC=CL:0000066	NT=cervical adenocarcinoma;AC=MONDO:0005153	NT=HeLa;AC=EFO:0001185	CVCL_0030	HeLa	30Y6M	female	not applicable	not available	NT=Dulbecco's Modified Eagle Medium;AC=NCIT:C185409	not applicable	not determined	live	NT=single cell;AC=PRIDE:0000897	FACS	UBa_20201010_028	1	16	run 102	proteomic profiling by mass spectrometry	NT=timsTOF Pro;AC=MS:1003005	NT=label free sample;AC=MS:1002038	NT=Oxidation;AC=UNIMOD:35;TA=M;MT=Variable	NT=Acetyl;AC=UNIMOD:1;PP=Protein N-term;MT=Variable	not applicable	NT=Trypsin;AC=MS:1001251	NT=Lys-C;AC=MS:1001309	Data-independent acquisition	NT=collision-induced dissociation;AC=MS:1000133	not available	not available	not applicable	not applicable	unsynchronized_culture_1	1	1	20201010_TIMS04_Evo07_AnBr_1Cell_HeLa_UB_28_S3-C7_1_4118.d	v1.1.0	NT=ms-proteomics;VV=v1.1.0	NT=human;VV=v1.1.0	NT=cell-lines;VV=v1.1.0	NT=single-cell;VV=v1.0.0	not determined
HeLa_SC_UBa_20201010_029	NT=Homo sapiens;AC=NCBITaxon:9606	NT=uterine cervix;AC=UBERON:0000002	NT=epithelial cell;AC=CL:0000066	NT=cervical adenocarcinoma;AC=MONDO:0005153	NT=HeLa;AC=EFO:0001185	CVCL_0030	HeLa	30Y6M	female	not applicable	not available	NT=Dulbecco's Modified Eagle Medium;AC=NCIT:C185409	not applicable	not determined	live	NT=single cell;AC=PRIDE:0000897	FACS	UBa_20201010_029	1	17	run 103	proteomic profiling by mass spectrometry	NT=timsTOF Pro;AC=MS:1003005	NT=label free sample;AC=MS:1002038	NT=Oxidation;AC=UNIMOD:35;TA=M;MT=Variable	NT=Acetyl;AC=UNIMOD:1;PP=Protein N-term;MT=Variable	not applicable	NT=Trypsin;AC=MS:1001251	NT=Lys-C;AC=MS:1001309	Data-independent acquisition	NT=collision-induced dissociation;AC=MS:1000133	not available	not available	not applicable	not applicable	unsynchronized_culture_1	1	1	20201010_TIMS04_Evo07_AnBr_1Cell_HeLa_UB_29_S3-C8_1_4119.d	v1.1.0	NT=ms-proteomics;VV=v1.1.0	NT=human;VV=v1.1.0	NT=cell-lines;VV=v1.1.0	NT=single-cell;VV=v1.0.0	not determined
HeLa_SC_UBa_20201010_030	NT=Homo sapiens;AC=NCBITaxon:9606	NT=uterine cervix;AC=UBERON:0000002	NT=epithelial cell;AC=CL:0000066	NT=cervical adenocarcinoma;AC=MONDO:0005153	NT=HeLa;AC=EFO:0001185	CVCL_0030	HeLa	30Y6M	female	not applicable	not available	NT=Dulbecco's Modified Eagle Medium;AC=NCIT:C185409	not applicable	not determined	live	NT=single cell;AC=PRIDE:0000897	FACS	UBa_20201010_030	1	18	run 104	proteomic profiling by mass spectrometry	NT=timsTOF Pro;AC=MS:1003005	NT=label free sample;AC=MS:1002038	NT=Oxidation;AC=UNIMOD:35;TA=M;MT=Variable	NT=Acetyl;AC=UNIMOD:1;PP=Protein N-term;MT=Variable	not applicable	NT=Trypsin;AC=MS:1001251	NT=Lys-C;AC=MS:1001309	Data-independent acquisition	NT=collision-induced dissociation;AC=MS:1000133	not available	not available	not applicable	not applicable	unsynchronized_culture_1	1	1	20201010_TIMS04_Evo07_AnBr_1Cell_HeLa_UB_30_S3-C9_1_4120.d	v1.1.0	NT=ms-proteomics;VV=v1.1.0	NT=human;VV=v1.1.0	NT=cell-lines;VV=v1.1.0	NT=single-cell;VV=v1.0.0	not determined
HeLa_SC_UBa_20201010_032	NT=Homo sapiens;AC=NCBITaxon:9606	NT=uterine cervix;AC=UBERON:0000002	NT=epithelial cell;AC=CL:0000066	NT=cervical adenocarcinoma;AC=MONDO:0005153	NT=HeLa;AC=EFO:0001185	CVCL_0030	HeLa	30Y6M	female	not applicable	not available	NT=Dulbecco's Modified Eagle Medium;AC=NCIT:C185409	not applicable	not determined	live	NT=single cell;AC=PRIDE:0000897	FACS	UBa_20201010_032	1	19	run 105	proteomic profiling by mass spectrometry	NT=timsTOF Pro;AC=MS:1003005	NT=label free sample;AC=MS:1002038	NT=Oxidation;AC=UNIMOD:35;TA=M;MT=Variable	NT=Acetyl;AC=UNIMOD:1;PP=Protein N-term;MT=Variable	not applicable	NT=Trypsin;AC=MS:1001251	NT=Lys-C;AC=MS:1001309	Data-independent acquisition	NT=collision-induced dissociation;AC=MS:1000133	not available	not available	not applicable	not applicable	unsynchronized_culture_1	1	1	20201010_TIMS04_Evo07_AnBr_1Cell_HeLa_UB_32_S3-C11_1_4122.d	v1.1.0	NT=ms-proteomics;VV=v1.1.0	NT=human;VV=v1.1.0	NT=cell-lines;VV=v1.1.0	NT=single-cell;VV=v1.0.0	not determined
HeLa_SC_UBa_20201010_034	NT=Homo sapiens;AC=NCBITaxon:9606	NT=uterine cervix;AC=UBERON:0000002	NT=epithelial cell;AC=CL:0000066	NT=cervical adenocarcinoma;AC=MONDO:0005153	NT=HeLa;AC=EFO:0001185	CVCL_0030	HeLa	30Y6M	female	not applicable	not available	NT=Dulbecco's Modified Eagle Medium;AC=NCIT:C185409	not applicable	not determined	live	NT=single cell;AC=PRIDE:0000897	FACS	UBa_20201010_034	1	20	run 106	proteomic profiling by mass spectrometry	NT=timsTOF Pro;AC=MS:1003005	NT=label free sample;AC=MS:1002038	NT=Oxidation;AC=UNIMOD:35;TA=M;MT=Variable	NT=Acetyl;AC=UNIMOD:1;PP=Protein N-term;MT=Variable	not applicable	NT=Trypsin;AC=MS:1001251	NT=Lys-C;AC=MS:1001309	Data-independent acquisition	NT=collision-induced dissociation;AC=MS:1000133	not available	not available	not applicable	not applicable	unsynchronized_culture_1	1	1	20201010_TIMS04_Evo07_AnBr_1Cell_HeLa_UB_34_S3-D2_1_4125.d	v1.1.0	NT=ms-proteomics;VV=v1.1.0	NT=human;VV=v1.1.0	NT=cell-lines;VV=v1.1.0	NT=single-cell;VV=v1.0.0	not determined
HeLa_SC_UBa_20201010_035	NT=Homo sapiens;AC=NCBITaxon:9606	NT=uterine cervix;AC=UBERON:0000002	NT=epithelial cell;AC=CL:0000066	NT=cervical adenocarcinoma;AC=MONDO:0005153	NT=HeLa;AC=EFO:0001185	CVCL_0030	HeLa	30Y6M	female	not applicable	not available	NT=Dulbecco's Modified Eagle Medium;AC=NCIT:C185409	not applicable	not determined	live	NT=single cell;AC=PRIDE:0000897	FACS	UBa_20201010_035	1	21	run 107	proteomic profiling by mass spectrometry	NT=timsTOF Pro;AC=MS:1003005	NT=label free sample;AC=MS:1002038	NT=Oxidation;AC=UNIMOD:35;TA=M;MT=Variable	NT=Acetyl;AC=UNIMOD:1;PP=Protein N-term;MT=Variable	not applicable	NT=Trypsin;AC=MS:1001251	NT=Lys-C;AC=MS:1001309	Data-independent acquisition	NT=collision-induced dissociation;AC=MS:1000133	not available	not available	not applicable	not applicable	unsynchronized_culture_1	1	1	20201010_TIMS04_Evo07_AnBr_1Cell_HeLa_UB_35_S3-D3_1_4126.d	v1.1.0	NT=ms-proteomics;VV=v1.1.0	NT=human;VV=v1.1.0	NT=cell-lines;VV=v1.1.0	NT=single-cell;VV=v1.0.0	not determined
HeLa_SC_UBa_20201010_036	NT=Homo sapiens;AC=NCBITaxon:9606	NT=uterine cervix;AC=UBERON:0000002	NT=epithelial cell;AC=CL:0000066	NT=cervical adenocarcinoma;AC=MONDO:0005153	NT=HeLa;AC=EFO:0001185	CVCL_0030	HeLa	30Y6M	female	not applicable	not available	NT=Dulbecco's Modified Eagle Medium;AC=NCIT:C185409	not applicable	not determined	live	NT=single cell;AC=PRIDE:0000897	FACS	UBa_20201010_036	1	22	run 108	proteomic profiling by mass spectrometry	NT=timsTOF Pro;AC=MS:1003005	NT=label free sample;AC=MS:1002038	NT=Oxidation;AC=UNIMOD:35;TA=M;MT=Variable	NT=Acetyl;AC=UNIMOD:1;PP=Protein N-term;MT=Variable	not applicable	NT=Trypsin;AC=MS:1001251	NT=Lys-C;AC=MS:1001309	Data-independent acquisition	NT=collision-induced dissociation;AC=MS:1000133	not available	not available	not applicable	not applicable	unsynchronized_culture_1	1	1	20201010_TIMS04_Evo07_AnBr_1Cell_HeLa_UB_36_S3-D4_1_4127.d	v1.1.0	NT=ms-proteomics;VV=v1.1.0	NT=human;VV=v1.1.0	NT=cell-lines;VV=v1.1.0	NT=single-cell;VV=v1.0.0	not determined
HeLa_SC_UBa_20201010_037	NT=Homo sapiens;AC=NCBITaxon:9606	NT=uterine cervix;AC=UBERON:0000002	NT=epithelial cell;AC=CL:0000066	NT=cervical adenocarcinoma;AC=MONDO:0005153	NT=HeLa;AC=EFO:0001185	CVCL_0030	HeLa	30Y6M	female	not applicable	not available	NT=Dulbecco's Modified Eagle Medium;AC=NCIT:C185409	not applicable	not determined	live	NT=single cell;AC=PRIDE:0000897	FACS	UBa_20201010_037	1	23	run 109	proteomic profiling by mass spectrometry	NT=timsTOF Pro;AC=MS:1003005	NT=label free sample;AC=MS:1002038	NT=Oxidation;AC=UNIMOD:35;TA=M;MT=Variable	NT=Acetyl;AC=UNIMOD:1;PP=Protein N-term;MT=Variable	not applicable	NT=Trypsin;AC=MS:1001251	NT=Lys-C;AC=MS:1001309	Data-independent acquisition	NT=collision-induced dissociation;AC=MS:1000133	not available	not available	not applicable	not applicable	unsynchronized_culture_1	1	1	20201010_TIMS04_Evo07_AnBr_1Cell_HeLa_UB_37_S3-D5_1_4128.d	v1.1.0	NT=ms-proteomics;VV=v1.1.0	NT=human;VV=v1.1.0	NT=cell-lines;VV=v1.1.0	NT=single-cell;VV=v1.0.0	not determined
HeLa_SC_UBa_20201010_038	NT=Homo sapiens;AC=NCBITaxon:9606	NT=uterine cervix;AC=UBERON:0000002	NT=epithelial cell;AC=CL:0000066	NT=cervical adenocarcinoma;AC=MONDO:0005153	NT=HeLa;AC=EFO:0001185	CVCL_0030	HeLa	30Y6M	female	not applicable	not available	NT=Dulbecco's Modified Eagle Medium;AC=NCIT:C185409	not applicable	not determined	live	NT=single cell;AC=PRIDE:0000897	FACS	UBa_20201010_038	1	24	run 110	proteomic profiling by mass spectrometry	NT=timsTOF Pro;AC=MS:1003005	NT=label free sample;AC=MS:1002038	NT=Oxidation;AC=UNIMOD:35;TA=M;MT=Variable	NT=Acetyl;AC=UNIMOD:1;PP=Protein N-term;MT=Variable	not applicable	NT=Trypsin;AC=MS:1001251	NT=Lys-C;AC=MS:1001309	Data-independent acquisition	NT=collision-induced dissociation;AC=MS:1000133	not available	not available	not applicable	not applicable	unsynchronized_culture_1	1	1	20201010_TIMS04_Evo07_AnBr_1Cell_HeLa_UB_38_S3-D6_1_4129.d	v1.1.0	NT=ms-proteomics;VV=v1.1.0	NT=human;VV=v1.1.0	NT=cell-lines;VV=v1.1.0	NT=single-cell;VV=v1.0.0	not determined
HeLa_SC_UBa_20201010_040	NT=Homo sapiens;AC=NCBITaxon:9606	NT=uterine cervix;AC=UBERON:0000002	NT=epithelial cell;AC=CL:0000066	NT=cervical adenocarcinoma;AC=MONDO:0005153	NT=HeLa;AC=EFO:0001185	CVCL_0030	HeLa	30Y6M	female	not applicable	not available	NT=Dulbecco's Modified Eagle Medium;AC=NCIT:C185409	not applicable	not determined	live	NT=single cell;AC=PRIDE:0000897	FACS	UBa_20201010_040	1	25	run 111	proteomic profiling by mass spectrometry	NT=timsTOF Pro;AC=MS:1003005	NT=label free sample;AC=MS:1002038	NT=Oxidation;AC=UNIMOD:35;TA=M;MT=Variable	NT=Acetyl;AC=UNIMOD:1;PP=Protein N-term;MT=Variable	not applicable	NT=Trypsin;AC=MS:1001251	NT=Lys-C;AC=MS:1001309	Data-independent acquisition	NT=collision-induced dissociation;AC=MS:1000133	not available	not available	not applicable	not applicable	unsynchronized_culture_1	1	1	20201010_TIMS04_Evo07_AnBr_1Cell_HeLa_UB_40_S3-D8_1_4131.d	v1.1.0	NT=ms-proteomics;VV=v1.1.0	NT=human;VV=v1.1.0	NT=cell-lines;VV=v1.1.0	NT=single-cell;VV=v1.0.0	not determined
HeLa_SC_UBa_20201010_041	NT=Homo sapiens;AC=NCBITaxon:9606	NT=uterine cervix;AC=UBERON:0000002	NT=epithelial cell;AC=CL:0000066	NT=cervical adenocarcinoma;AC=MONDO:0005153	NT=HeLa;AC=EFO:0001185	CVCL_0030	HeLa	30Y6M	female	not applicable	not available	NT=Dulbecco's Modified Eagle Medium;AC=NCIT:C185409	not applicable	not determined	live	NT=single cell;AC=PRIDE:0000897	FACS	UBa_20201010_041	1	26	run 112	proteomic profiling by mass spectrometry	NT=timsTOF Pro;AC=MS:1003005	NT=label free sample;AC=MS:1002038	NT=Oxidation;AC=UNIMOD:35;TA=M;MT=Variable	NT=Acetyl;AC=UNIMOD:1;PP=Protein N-term;MT=Variable	not applicable	NT=Trypsin;AC=MS:1001251	NT=Lys-C;AC=MS:1001309	Data-independent acquisition	NT=collision-induced dissociation;AC=MS:1000133	not available	not available	not applicable	not applicable	unsynchronized_culture_1	1	1	20201010_TIMS04_Evo07_AnBr_1Cell_HeLa_UB_41_S3-D9_1_4132.d	v1.1.0	NT=ms-proteomics;VV=v1.1.0	NT=human;VV=v1.1.0	NT=cell-lines;VV=v1.1.0	NT=single-cell;VV=v1.0.0	not determined
HeLa_SC_UBa_20201010_042	NT=Homo sapiens;AC=NCBITaxon:9606	NT=uterine cervix;AC=UBERON:0000002	NT=epithelial cell;AC=CL:0000066	NT=cervical adenocarcinoma;AC=MONDO:0005153	NT=HeLa;AC=EFO:0001185	CVCL_0030	HeLa	30Y6M	female	not applicable	not available	NT=Dulbecco's Modified Eagle Medium;AC=NCIT:C185409	not applicable	not determined	live	NT=single cell;AC=PRIDE:0000897	FACS	UBa_20201010_042	1	27	run 113	proteomic profiling by mass spectrometry	NT=timsTOF Pro;AC=MS:1003005	NT=label free sample;AC=MS:1002038	NT=Oxidation;AC=UNIMOD:35;TA=M;MT=Variable	NT=Acetyl;AC=UNIMOD:1;PP=Protein N-term;MT=Variable	not applicable	NT=Trypsin;AC=MS:1001251	NT=Lys-C;AC=MS:1001309	Data-independent acquisition	NT=collision-induced dissociation;AC=MS:1000133	not available	not available	not applicable	not applicable	unsynchronized_culture_1	1	1	20201010_TIMS04_Evo07_AnBr_1Cell_HeLa_UB_42_S3-D10_1_4133.d	v1.1.0	NT=ms-proteomics;VV=v1.1.0	NT=human;VV=v1.1.0	NT=cell-lines;VV=v1.1.0	NT=single-cell;VV=v1.0.0	not determined
HeLa_SC_UBa_20201010_043	NT=Homo sapiens;AC=NCBITaxon:9606	NT=uterine cervix;AC=UBERON:0000002	NT=epithelial cell;AC=CL:0000066	NT=cervical adenocarcinoma;AC=MONDO:0005153	NT=HeLa;AC=EFO:0001185	CVCL_0030	HeLa	30Y6M	female	not applicable	not available	NT=Dulbecco's Modified Eagle Medium;AC=NCIT:C185409	not applicable	not determined	live	NT=single cell;AC=PRIDE:0000897	FACS	UBa_20201010_043	1	28	run 114	proteomic profiling by mass spectrometry	NT=timsTOF Pro;AC=MS:1003005	NT=label free sample;AC=MS:1002038	NT=Oxidation;AC=UNIMOD:35;TA=M;MT=Variable	NT=Acetyl;AC=UNIMOD:1;PP=Protein N-term;MT=Variable	not applicable	NT=Trypsin;AC=MS:1001251	NT=Lys-C;AC=MS:1001309	Data-independent acquisition	NT=collision-induced dissociation;AC=MS:1000133	not available	not available	not applicable	not applicable	unsynchronized_culture_1	1	1	20201010_TIMS04_Evo07_AnBr_1Cell_HeLa_UB_43_S3-D11_1_4134.d	v1.1.0	NT=ms-proteomics;VV=v1.1.0	NT=human;VV=v1.1.0	NT=cell-lines;VV=v1.1.0	NT=single-cell;VV=v1.0.0	not determined
HeLa_SC_UBa_20201010_045	NT=Homo sapiens;AC=NCBITaxon:9606	NT=uterine cervix;AC=UBERON:0000002	NT=epithelial cell;AC=CL:0000066	NT=cervical adenocarcinoma;AC=MONDO:0005153	NT=HeLa;AC=EFO:0001185	CVCL_0030	HeLa	30Y6M	female	not applicable	not available	NT=Dulbecco's Modified Eagle Medium;AC=NCIT:C185409	not applicable	not determined	live	NT=single cell;AC=PRIDE:0000897	FACS	UBa_20201010_045	1	29	run 115	proteomic profiling by mass spectrometry	NT=timsTOF Pro;AC=MS:1003005	NT=label free sample;AC=MS:1002038	NT=Oxidation;AC=UNIMOD:35;TA=M;MT=Variable	NT=Acetyl;AC=UNIMOD:1;PP=Protein N-term;MT=Variable	not applicable	NT=Trypsin;AC=MS:1001251	NT=Lys-C;AC=MS:1001309	Data-independent acquisition	NT=collision-induced dissociation;AC=MS:1000133	not available	not available	not applicable	not applicable	unsynchronized_culture_1	1	1	20201010_TIMS04_Evo07_AnBr_1Cell_HeLa_UB_45_S3-E2_1_4137.d	v1.1.0	NT=ms-proteomics;VV=v1.1.0	NT=human;VV=v1.1.0	NT=cell-lines;VV=v1.1.0	NT=single-cell;VV=v1.0.0	not determined
HeLa_SC_UBa_20201010_046	NT=Homo sapiens;AC=NCBITaxon:9606	NT=uterine cervix;AC=UBERON:0000002	NT=epithelial cell;AC=CL:0000066	NT=cervical adenocarcinoma;AC=MONDO:0005153	NT=HeLa;AC=EFO:0001185	CVCL_0030	HeLa	30Y6M	female	not applicable	not available	NT=Dulbecco's Modified Eagle Medium;AC=NCIT:C185409	not applicable	not determined	live	NT=single cell;AC=PRIDE:0000897	FACS	UBa_20201010_046	1	30	run 116	proteomic profiling by mass spectrometry	NT=timsTOF Pro;AC=MS:1003005	NT=label free sample;AC=MS:1002038	NT=Oxidation;AC=UNIMOD:35;TA=M;MT=Variable	NT=Acetyl;AC=UNIMOD:1;PP=Protein N-term;MT=Variable	not applicable	NT=Trypsin;AC=MS:1001251	NT=Lys-C;AC=MS:1001309	Data-independent acquisition	NT=collision-induced dissociation;AC=MS:1000133	not available	not available	not applicable	not applicable	unsynchronized_culture_1	1	1	20201010_TIMS04_Evo07_AnBr_1Cell_HeLa_UB_46_S3-E3_1_4138.d	v1.1.0	NT=ms-proteomics;VV=v1.1.0	NT=human;VV=v1.1.0	NT=cell-lines;VV=v1.1.0	NT=single-cell;VV=v1.0.0	not determined
HeLa_SC_UBa_20201010_047	NT=Homo sapiens;AC=NCBITaxon:9606	NT=uterine cervix;AC=UBERON:0000002	NT=epithelial cell;AC=CL:0000066	NT=cervical adenocarcinoma;AC=MONDO:0005153	NT=HeLa;AC=EFO:0001185	CVCL_0030	HeLa	30Y6M	female	not applicable	not available	NT=Dulbecco's Modified Eagle Medium;AC=NCIT:C185409	not applicable	not determined	live	NT=single cell;AC=PRIDE:0000897	FACS	UBa_20201010_047	1	31	run 117	proteomic profiling by mass spectrometry	NT=timsTOF Pro;AC=MS:1003005	NT=label free sample;AC=MS:1002038	NT=Oxidation;AC=UNIMOD:35;TA=M;MT=Variable	NT=Acetyl;AC=UNIMOD:1;PP=Protein N-term;MT=Variable	not applicable	NT=Trypsin;AC=MS:1001251	NT=Lys-C;AC=MS:1001309	Data-independent acquisition	NT=collision-induced dissociation;AC=MS:1000133	not available	not available	not applicable	not applicable	unsynchronized_culture_1	1	1	20201010_TIMS04_Evo07_AnBr_1Cell_HeLa_UB_47_S3-E4_1_4139.d	v1.1.0	NT=ms-proteomics;VV=v1.1.0	NT=human;VV=v1.1.0	NT=cell-lines;VV=v1.1.0	NT=single-cell;VV=v1.0.0	not determined
HeLa_SC_UBa_20201010_048	NT=Homo sapiens;AC=NCBITaxon:9606	NT=uterine cervix;AC=UBERON:0000002	NT=epithelial cell;AC=CL:0000066	NT=cervical adenocarcinoma;AC=MONDO:0005153	NT=HeLa;AC=EFO:0001185	CVCL_0030	HeLa	30Y6M	female	not applicable	not available	NT=Dulbecco's Modified Eagle Medium;AC=NCIT:C185409	not applicable	not determined	live	NT=single cell;AC=PRIDE:0000897	FACS	UBa_20201010_048	1	32	run 118	proteomic profiling by mass spectrometry	NT=timsTOF Pro;AC=MS:1003005	NT=label free sample;AC=MS:1002038	NT=Oxidation;AC=UNIMOD:35;TA=M;MT=Variable	NT=Acetyl;AC=UNIMOD:1;PP=Protein N-term;MT=Variable	not applicable	NT=Trypsin;AC=MS:1001251	NT=Lys-C;AC=MS:1001309	Data-independent acquisition	NT=collision-induced dissociation;AC=MS:1000133	not available	not available	not applicable	not applicable	unsynchronized_culture_1	1	1	20201010_TIMS04_Evo07_AnBr_1Cell_HeLa_UB_48_S3-E5_1_4140.d	v1.1.0	NT=ms-proteomics;VV=v1.1.0	NT=human;VV=v1.1.0	NT=cell-lines;VV=v1.1.0	NT=single-cell;VV=v1.0.0	not determined
HeLa_SC_UBa_20201010_049	NT=Homo sapiens;AC=NCBITaxon:9606	NT=uterine cervix;AC=UBERON:0000002	NT=epithelial cell;AC=CL:0000066	NT=cervical adenocarcinoma;AC=MONDO:0005153	NT=HeLa;AC=EFO:0001185	CVCL_0030	HeLa	30Y6M	female	not applicable	not available	NT=Dulbecco's Modified Eagle Medium;AC=NCIT:C185409	not applicable	not determined	live	NT=single cell;AC=PRIDE:0000897	FACS	UBa_20201010_049	1	33	run 119	proteomic profiling by mass spectrometry	NT=timsTOF Pro;AC=MS:1003005	NT=label free sample;AC=MS:1002038	NT=Oxidation;AC=UNIMOD:35;TA=M;MT=Variable	NT=Acetyl;AC=UNIMOD:1;PP=Protein N-term;MT=Variable	not applicable	NT=Trypsin;AC=MS:1001251	NT=Lys-C;AC=MS:1001309	Data-independent acquisition	NT=collision-induced dissociation;AC=MS:1000133	not available	not available	not applicable	not applicable	unsynchronized_culture_1	1	1	20201010_TIMS04_Evo07_AnBr_1Cell_HeLa_UB_49_S3-E6_1_4141.d	v1.1.0	NT=ms-proteomics;VV=v1.1.0	NT=human;VV=v1.1.0	NT=cell-lines;VV=v1.1.0	NT=single-cell;VV=v1.0.0	not determined
HeLa_SC_UBa_20201010_050	NT=Homo sapiens;AC=NCBITaxon:9606	NT=uterine cervix;AC=UBERON:0000002	NT=epithelial cell;AC=CL:0000066	NT=cervical adenocarcinoma;AC=MONDO:0005153	NT=HeLa;AC=EFO:0001185	CVCL_0030	HeLa	30Y6M	female	not applicable	not available	NT=Dulbecco's Modified Eagle Medium;AC=NCIT:C185409	not applicable	not determined	live	NT=single cell;AC=PRIDE:0000897	FACS	UBa_20201010_050	1	34	run 120	proteomic profiling by mass spectrometry	NT=timsTOF Pro;AC=MS:1003005	NT=label free sample;AC=MS:1002038	NT=Oxidation;AC=UNIMOD:35;TA=M;MT=Variable	NT=Acetyl;AC=UNIMOD:1;PP=Protein N-term;MT=Variable	not applicable	NT=Trypsin;AC=MS:1001251	NT=Lys-C;AC=MS:1001309	Data-independent acquisition	NT=collision-induced dissociation;AC=MS:1000133	not available	not available	not applicable	not applicable	unsynchronized_culture_1	1	1	20201010_TIMS04_Evo07_AnBr_1Cell_HeLa_UB_50_S3-E7_1_4142.d	v1.1.0	NT=ms-proteomics;VV=v1.1.0	NT=human;VV=v1.1.0	NT=cell-lines;VV=v1.1.0	NT=single-cell;VV=v1.0.0	not determined
HeLa_SC_UBa_20201010_051	NT=Homo sapiens;AC=NCBITaxon:9606	NT=uterine cervix;AC=UBERON:0000002	NT=epithelial cell;AC=CL:0000066	NT=cervical adenocarcinoma;AC=MONDO:0005153	NT=HeLa;AC=EFO:0001185	CVCL_0030	HeLa	30Y6M	female	not applicable	not available	NT=Dulbecco's Modified Eagle Medium;AC=NCIT:C185409	not applicable	not determined	live	NT=single cell;AC=PRIDE:0000897	FACS	UBa_20201010_051	1	35	run 121	proteomic profiling by mass spectrometry	NT=timsTOF Pro;AC=MS:1003005	NT=label free sample;AC=MS:1002038	NT=Oxidation;AC=UNIMOD:35;TA=M;MT=Variable	NT=Acetyl;AC=UNIMOD:1;PP=Protein N-term;MT=Variable	not applicable	NT=Trypsin;AC=MS:1001251	NT=Lys-C;AC=MS:1001309	Data-independent acquisition	NT=collision-induced dissociation;AC=MS:1000133	not available	not available	not applicable	not applicable	unsynchronized_culture_1	1	1	20201010_TIMS04_Evo07_AnBr_1Cell_HeLa_UB_51_S3-E8_1_4143.d	v1.1.0	NT=ms-proteomics;VV=v1.1.0	NT=human;VV=v1.1.0	NT=cell-lines;VV=v1.1.0	NT=single-cell;VV=v1.0.0	not determined
HeLa_SC_UBa_20201010_052	NT=Homo sapiens;AC=NCBITaxon:9606	NT=uterine cervix;AC=UBERON:0000002	NT=epithelial cell;AC=CL:0000066	NT=cervical adenocarcinoma;AC=MONDO:0005153	NT=HeLa;AC=EFO:0001185	CVCL_0030	HeLa	30Y6M	female	not applicable	not available	NT=Dulbecco's Modified Eagle Medium;AC=NCIT:C185409	not applicable	not determined	live	NT=single cell;AC=PRIDE:0000897	FACS	UBa_20201010_052	1	36	run 122	proteomic profiling by mass spectrometry	NT=timsTOF Pro;AC=MS:1003005	NT=label free sample;AC=MS:1002038	NT=Oxidation;AC=UNIMOD:35;TA=M;MT=Variable	NT=Acetyl;AC=UNIMOD:1;PP=Protein N-term;MT=Variable	not applicable	NT=Trypsin;AC=MS:1001251	NT=Lys-C;AC=MS:1001309	Data-independent acquisition	NT=collision-induced dissociation;AC=MS:1000133	not available	not available	not applicable	not applicable	unsynchronized_culture_1	1	1	20201010_TIMS04_Evo07_AnBr_1Cell_HeLa_UB_52_S3-E9_1_4144.d	v1.1.0	NT=ms-proteomics;VV=v1.1.0	NT=human;VV=v1.1.0	NT=cell-lines;VV=v1.1.0	NT=single-cell;VV=v1.0.0	not determined
HeLa_SC_UBa_20201010_053	NT=Homo sapiens;AC=NCBITaxon:9606	NT=uterine cervix;AC=UBERON:0000002	NT=epithelial cell;AC=CL:0000066	NT=cervical adenocarcinoma;AC=MONDO:0005153	NT=HeLa;AC=EFO:0001185	CVCL_0030	HeLa	30Y6M	female	not applicable	not available	NT=Dulbecco's Modified Eagle Medium;AC=NCIT:C185409	not applicable	not determined	live	NT=single cell;AC=PRIDE:0000897	FACS	UBa_20201010_053	1	37	run 123	proteomic profiling by mass spectrometry	NT=timsTOF Pro;AC=MS:1003005	NT=label free sample;AC=MS:1002038	NT=Oxidation;AC=UNIMOD:35;TA=M;MT=Variable	NT=Acetyl;AC=UNIMOD:1;PP=Protein N-term;MT=Variable	not applicable	NT=Trypsin;AC=MS:1001251	NT=Lys-C;AC=MS:1001309	Data-independent acquisition	NT=collision-induced dissociation;AC=MS:1000133	not available	not available	not applicable	not applicable	unsynchronized_culture_1	1	1	20201010_TIMS04_Evo07_AnBr_1Cell_HeLa_UB_53_S3-E10_1_4145.d	v1.1.0	NT=ms-proteomics;VV=v1.1.0	NT=human;VV=v1.1.0	NT=cell-lines;VV=v1.1.0	NT=single-cell;VV=v1.0.0	not determined
HeLa_SC_UBa_20201010_054	NT=Homo sapiens;AC=NCBITaxon:9606	NT=uterine cervix;AC=UBERON:0000002	NT=epithelial cell;AC=CL:0000066	NT=cervical adenocarcinoma;AC=MONDO:0005153	NT=HeLa;AC=EFO:0001185	CVCL_0030	HeLa	30Y6M	female	not applicable	not available	NT=Dulbecco's Modified Eagle Medium;AC=NCIT:C185409	not applicable	not determined	live	NT=single cell;AC=PRIDE:0000897	FACS	UBa_20201010_054	1	38	run 124	proteomic profiling by mass spectrometry	NT=timsTOF Pro;AC=MS:1003005	NT=label free sample;AC=MS:1002038	NT=Oxidation;AC=UNIMOD:35;TA=M;MT=Variable	NT=Acetyl;AC=UNIMOD:1;PP=Protein N-term;MT=Variable	not applicable	NT=Trypsin;AC=MS:1001251	NT=Lys-C;AC=MS:1001309	Data-independent acquisition	NT=collision-induced dissociation;AC=MS:1000133	not available	not available	not applicable	not applicable	unsynchronized_culture_1	1	1	20201010_TIMS04_Evo07_AnBr_1Cell_HeLa_UB_54_S3-E11_1_4146.d	v1.1.0	NT=ms-proteomics;VV=v1.1.0	NT=human;VV=v1.1.0	NT=cell-lines;VV=v1.1.0	NT=single-cell;VV=v1.0.0	not determined
HeLa_SC_UBa_20201010_056	NT=Homo sapiens;AC=NCBITaxon:9606	NT=uterine cervix;AC=UBERON:0000002	NT=epithelial cell;AC=CL:0000066	NT=cervical adenocarcinoma;AC=MONDO:0005153	NT=HeLa;AC=EFO:0001185	CVCL_0030	HeLa	30Y6M	female	not applicable	not available	NT=Dulbecco's Modified Eagle Medium;AC=NCIT:C185409	not applicable	not determined	live	NT=single cell;AC=PRIDE:0000897	FACS	UBa_20201010_056	1	39	run 125	proteomic profiling by mass spectrometry	NT=timsTOF Pro;AC=MS:1003005	NT=label free sample;AC=MS:1002038	NT=Oxidation;AC=UNIMOD:35;TA=M;MT=Variable	NT=Acetyl;AC=UNIMOD:1;PP=Protein N-term;MT=Variable	not applicable	NT=Trypsin;AC=MS:1001251	NT=Lys-C;AC=MS:1001309	Data-independent acquisition	NT=collision-induced dissociation;AC=MS:1000133	not available	not available	not applicable	not applicable	unsynchronized_culture_1	1	1	20201010_TIMS04_Evo07_AnBr_1Cell_HeLa_UB_56_S3-F2_1_4149.d	v1.1.0	NT=ms-proteomics;VV=v1.1.0	NT=human;VV=v1.1.0	NT=cell-lines;VV=v1.1.0	NT=single-cell;VV=v1.0.0	not determined
HeLa_SC_UBa_20201010_057	NT=Homo sapiens;AC=NCBITaxon:9606	NT=uterine cervix;AC=UBERON:0000002	NT=epithelial cell;AC=CL:0000066	NT=cervical adenocarcinoma;AC=MONDO:0005153	NT=HeLa;AC=EFO:0001185	CVCL_0030	HeLa	30Y6M	female	not applicable	not available	NT=Dulbecco's Modified Eagle Medium;AC=NCIT:C185409	not applicable	not determined	live	NT=single cell;AC=PRIDE:0000897	FACS	UBa_20201010_057	1	40	run 126	proteomic profiling by mass spectrometry	NT=timsTOF Pro;AC=MS:1003005	NT=label free sample;AC=MS:1002038	NT=Oxidation;AC=UNIMOD:35;TA=M;MT=Variable	NT=Acetyl;AC=UNIMOD:1;PP=Protein N-term;MT=Variable	not applicable	NT=Trypsin;AC=MS:1001251	NT=Lys-C;AC=MS:1001309	Data-independent acquisition	NT=collision-induced dissociation;AC=MS:1000133	not available	not available	not applicable	not applicable	unsynchronized_culture_1	1	1	20201010_TIMS04_Evo07_AnBr_1Cell_HeLa_UB_57_S3-F3_1_4150.d	v1.1.0	NT=ms-proteomics;VV=v1.1.0	NT=human;VV=v1.1.0	NT=cell-lines;VV=v1.1.0	NT=single-cell;VV=v1.0.0	not determined
HeLa_SC_UBa_20201010_058	NT=Homo sapiens;AC=NCBITaxon:9606	NT=uterine cervix;AC=UBERON:0000002	NT=epithelial cell;AC=CL:0000066	NT=cervical adenocarcinoma;AC=MONDO:0005153	NT=HeLa;AC=EFO:0001185	CVCL_0030	HeLa	30Y6M	female	not applicable	not available	NT=Dulbecco's Modified Eagle Medium;AC=NCIT:C185409	not applicable	not determined	live	NT=single cell;AC=PRIDE:0000897	FACS	UBa_20201010_058	1	41	run 127	proteomic profiling by mass spectrometry	NT=timsTOF Pro;AC=MS:1003005	NT=label free sample;AC=MS:1002038	NT=Oxidation;AC=UNIMOD:35;TA=M;MT=Variable	NT=Acetyl;AC=UNIMOD:1;PP=Protein N-term;MT=Variable	not applicable	NT=Trypsin;AC=MS:1001251	NT=Lys-C;AC=MS:1001309	Data-independent acquisition	NT=collision-induced dissociation;AC=MS:1000133	not available	not available	not applicable	not applicable	unsynchronized_culture_1	1	1	20201010_TIMS04_Evo07_AnBr_1Cell_HeLa_UB_58_S3-F4_1_4151.d	v1.1.0	NT=ms-proteomics;VV=v1.1.0	NT=human;VV=v1.1.0	NT=cell-lines;VV=v1.1.0	NT=single-cell;VV=v1.0.0	not determined
HeLa_SC_UBa_20201010_059	NT=Homo sapiens;AC=NCBITaxon:9606	NT=uterine cervix;AC=UBERON:0000002	NT=epithelial cell;AC=CL:0000066	NT=cervical adenocarcinoma;AC=MONDO:0005153	NT=HeLa;AC=EFO:0001185	CVCL_0030	HeLa	30Y6M	female	not applicable	not available	NT=Dulbecco's Modified Eagle Medium;AC=NCIT:C185409	not applicable	not determined	live	NT=single cell;AC=PRIDE:0000897	FACS	UBa_20201010_059	1	42	run 128	proteomic profiling by mass spectrometry	NT=timsTOF Pro;AC=MS:1003005	NT=label free sample;AC=MS:1002038	NT=Oxidation;AC=UNIMOD:35;TA=M;MT=Variable	NT=Acetyl;AC=UNIMOD:1;PP=Protein N-term;MT=Variable	not applicable	NT=Trypsin;AC=MS:1001251	NT=Lys-C;AC=MS:1001309	Data-independent acquisition	NT=collision-induced dissociation;AC=MS:1000133	not available	not available	not applicable	not applicable	unsynchronized_culture_1	1	1	20201010_TIMS04_Evo07_AnBr_1Cell_HeLa_UB_59_S3-F5_1_4152.d	v1.1.0	NT=ms-proteomics;VV=v1.1.0	NT=human;VV=v1.1.0	NT=cell-lines;VV=v1.1.0	NT=single-cell;VV=v1.0.0	not determined
HeLa_SC_UBa_20201010_060	NT=Homo sapiens;AC=NCBITaxon:9606	NT=uterine cervix;AC=UBERON:0000002	NT=epithelial cell;AC=CL:0000066	NT=cervical adenocarcinoma;AC=MONDO:0005153	NT=HeLa;AC=EFO:0001185	CVCL_0030	HeLa	30Y6M	female	not applicable	not available	NT=Dulbecco's Modified Eagle Medium;AC=NCIT:C185409	not applicable	not determined	live	NT=single cell;AC=PRIDE:0000897	FACS	UBa_20201010_060	1	43	run 129	proteomic profiling by mass spectrometry	NT=timsTOF Pro;AC=MS:1003005	NT=label free sample;AC=MS:1002038	NT=Oxidation;AC=UNIMOD:35;TA=M;MT=Variable	NT=Acetyl;AC=UNIMOD:1;PP=Protein N-term;MT=Variable	not applicable	NT=Trypsin;AC=MS:1001251	NT=Lys-C;AC=MS:1001309	Data-independent acquisition	NT=collision-induced dissociation;AC=MS:1000133	not available	not available	not applicable	not applicable	unsynchronized_culture_1	1	1	20201010_TIMS04_Evo07_AnBr_1Cell_HeLa_UB_60_S3-F6_1_4153.d	v1.1.0	NT=ms-proteomics;VV=v1.1.0	NT=human;VV=v1.1.0	NT=cell-lines;VV=v1.1.0	NT=single-cell;VV=v1.0.0	not determined
HeLa_SC_UBa_20201010_061	NT=Homo sapiens;AC=NCBITaxon:9606	NT=uterine cervix;AC=UBERON:0000002	NT=epithelial cell;AC=CL:0000066	NT=cervical adenocarcinoma;AC=MONDO:0005153	NT=HeLa;AC=EFO:0001185	CVCL_0030	HeLa	30Y6M	female	not applicable	not available	NT=Dulbecco's Modified Eagle Medium;AC=NCIT:C185409	not applicable	not determined	live	NT=single cell;AC=PRIDE:0000897	FACS	UBa_20201010_061	1	44	run 130	proteomic profiling by mass spectrometry	NT=timsTOF Pro;AC=MS:1003005	NT=label free sample;AC=MS:1002038	NT=Oxidation;AC=UNIMOD:35;TA=M;MT=Variable	NT=Acetyl;AC=UNIMOD:1;PP=Protein N-term;MT=Variable	not applicable	NT=Trypsin;AC=MS:1001251	NT=Lys-C;AC=MS:1001309	Data-independent acquisition	NT=collision-induced dissociation;AC=MS:1000133	not available	not available	not applicable	not applicable	unsynchronized_culture_1	1	1	20201010_TIMS04_Evo07_AnBr_1Cell_HeLa_UB_61_S3-F7_1_4154.d	v1.1.0	NT=ms-proteomics;VV=v1.1.0	NT=human;VV=v1.1.0	NT=cell-lines;VV=v1.1.0	NT=single-cell;VV=v1.0.0	not determined
HeLa_SC_UBa_20201010_063	NT=Homo sapiens;AC=NCBITaxon:9606	NT=uterine cervix;AC=UBERON:0000002	NT=epithelial cell;AC=CL:0000066	NT=cervical adenocarcinoma;AC=MONDO:0005153	NT=HeLa;AC=EFO:0001185	CVCL_0030	HeLa	30Y6M	female	not applicable	not available	NT=Dulbecco's Modified Eagle Medium;AC=NCIT:C185409	not applicable	not determined	live	NT=single cell;AC=PRIDE:0000897	FACS	UBa_20201010_063	1	45	run 131	proteomic profiling by mass spectrometry	NT=timsTOF Pro;AC=MS:1003005	NT=label free sample;AC=MS:1002038	NT=Oxidation;AC=UNIMOD:35;TA=M;MT=Variable	NT=Acetyl;AC=UNIMOD:1;PP=Protein N-term;MT=Variable	not applicable	NT=Trypsin;AC=MS:1001251	NT=Lys-C;AC=MS:1001309	Data-independent acquisition	NT=collision-induced dissociation;AC=MS:1000133	not available	not available	not applicable	not applicable	unsynchronized_culture_1	1	1	20201010_TIMS04_Evo07_AnBr_1Cell_HeLa_UB_63_S3-F9_1_4156.d	v1.1.0	NT=ms-proteomics;VV=v1.1.0	NT=human;VV=v1.1.0	NT=cell-lines;VV=v1.1.0	NT=single-cell;VV=v1.0.0	not determined
HeLa_SC_UBa_20201010_064	NT=Homo sapiens;AC=NCBITaxon:9606	NT=uterine cervix;AC=UBERON:0000002	NT=epithelial cell;AC=CL:0000066	NT=cervical adenocarcinoma;AC=MONDO:0005153	NT=HeLa;AC=EFO:0001185	CVCL_0030	HeLa	30Y6M	female	not applicable	not available	NT=Dulbecco's Modified Eagle Medium;AC=NCIT:C185409	not applicable	not determined	live	NT=single cell;AC=PRIDE:0000897	FACS	UBa_20201010_064	1	46	run 132	proteomic profiling by mass spectrometry	NT=timsTOF Pro;AC=MS:1003005	NT=label free sample;AC=MS:1002038	NT=Oxidation;AC=UNIMOD:35;TA=M;MT=Variable	NT=Acetyl;AC=UNIMOD:1;PP=Protein N-term;MT=Variable	not applicable	NT=Trypsin;AC=MS:1001251	NT=Lys-C;AC=MS:1001309	Data-independent acquisition	NT=collision-induced dissociation;AC=MS:1000133	not available	not available	not applicable	not applicable	unsynchronized_culture_1	1	1	20201010_TIMS04_Evo07_AnBr_1Cell_HeLa_UB_64_S3-F10_1_4157.d	v1.1.0	NT=ms-proteomics;VV=v1.1.0	NT=human;VV=v1.1.0	NT=cell-lines;VV=v1.1.0	NT=single-cell;VV=v1.0.0	not determined
HeLa_SC_UBa_20201010_065	NT=Homo sapiens;AC=NCBITaxon:9606	NT=uterine cervix;AC=UBERON:0000002	NT=epithelial cell;AC=CL:0000066	NT=cervical adenocarcinoma;AC=MONDO:0005153	NT=HeLa;AC=EFO:0001185	CVCL_0030	HeLa	30Y6M	female	not applicable	not available	NT=Dulbecco's Modified Eagle Medium;AC=NCIT:C185409	not applicable	not determined	live	NT=single cell;AC=PRIDE:0000897	FACS	UBa_20201010_065	1	47	run 133	proteomic profiling by mass spectrometry	NT=timsTOF Pro;AC=MS:1003005	NT=label free sample;AC=MS:1002038	NT=Oxidation;AC=UNIMOD:35;TA=M;MT=Variable	NT=Acetyl;AC=UNIMOD:1;PP=Protein N-term;MT=Variable	not applicable	NT=Trypsin;AC=MS:1001251	NT=Lys-C;AC=MS:1001309	Data-independent acquisition	NT=collision-induced dissociation;AC=MS:1000133	not available	not available	not applicable	not applicable	unsynchronized_culture_1	1	1	20201010_TIMS04_Evo07_AnBr_1Cell_HeLa_UB_65_S3-F11_1_4158.d	v1.1.0	NT=ms-proteomics;VV=v1.1.0	NT=human;VV=v1.1.0	NT=cell-lines;VV=v1.1.0	NT=single-cell;VV=v1.0.0	not determined
HeLa_SC_UBa_20201010_067	NT=Homo sapiens;AC=NCBITaxon:9606	NT=uterine cervix;AC=UBERON:0000002	NT=epithelial cell;AC=CL:0000066	NT=cervical adenocarcinoma;AC=MONDO:0005153	NT=HeLa;AC=EFO:0001185	CVCL_0030	HeLa	30Y6M	female	not applicable	not available	NT=Dulbecco's Modified Eagle Medium;AC=NCIT:C185409	not applicable	not determined	live	NT=single cell;AC=PRIDE:0000897	FACS	UBa_20201010_067	1	48	run 134	proteomic profiling by mass spectrometry	NT=timsTOF Pro;AC=MS:1003005	NT=label free sample;AC=MS:1002038	NT=Oxidation;AC=UNIMOD:35;TA=M;MT=Variable	NT=Acetyl;AC=UNIMOD:1;PP=Protein N-term;MT=Variable	not applicable	NT=Trypsin;AC=MS:1001251	NT=Lys-C;AC=MS:1001309	Data-independent acquisition	NT=collision-induced dissociation;AC=MS:1000133	not available	not available	not applicable	not applicable	unsynchronized_culture_1	1	1	20201010_TIMS04_Evo07_AnBr_1Cell_HeLa_UB_67_S3-G2_1_4161.d	v1.1.0	NT=ms-proteomics;VV=v1.1.0	NT=human;VV=v1.1.0	NT=cell-lines;VV=v1.1.0	NT=single-cell;VV=v1.0.0	not determined
HeLa_SC_UBa_20201010_068	NT=Homo sapiens;AC=NCBITaxon:9606	NT=uterine cervix;AC=UBERON:0000002	NT=epithelial cell;AC=CL:0000066	NT=cervical adenocarcinoma;AC=MONDO:0005153	NT=HeLa;AC=EFO:0001185	CVCL_0030	HeLa	30Y6M	female	not applicable	not available	NT=Dulbecco's Modified Eagle Medium;AC=NCIT:C185409	not applicable	not determined	live	NT=single cell;AC=PRIDE:0000897	FACS	UBa_20201010_068	1	49	run 135	proteomic profiling by mass spectrometry	NT=timsTOF Pro;AC=MS:1003005	NT=label free sample;AC=MS:1002038	NT=Oxidation;AC=UNIMOD:35;TA=M;MT=Variable	NT=Acetyl;AC=UNIMOD:1;PP=Protein N-term;MT=Variable	not applicable	NT=Trypsin;AC=MS:1001251	NT=Lys-C;AC=MS:1001309	Data-independent acquisition	NT=collision-induced dissociation;AC=MS:1000133	not available	not available	not applicable	not applicable	unsynchronized_culture_1	1	1	20201010_TIMS04_Evo07_AnBr_1Cell_HeLa_UB_68_S3-G3_1_4162.d	v1.1.0	NT=ms-proteomics;VV=v1.1.0	NT=human;VV=v1.1.0	NT=cell-lines;VV=v1.1.0	NT=single-cell;VV=v1.0.0	not determined
HeLa_SC_UBa_20201010_069	NT=Homo sapiens;AC=NCBITaxon:9606	NT=uterine cervix;AC=UBERON:0000002	NT=epithelial cell;AC=CL:0000066	NT=cervical adenocarcinoma;AC=MONDO:0005153	NT=HeLa;AC=EFO:0001185	CVCL_0030	HeLa	30Y6M	female	not applicable	not available	NT=Dulbecco's Modified Eagle Medium;AC=NCIT:C185409	not applicable	not determined	live	NT=single cell;AC=PRIDE:0000897	FACS	UBa_20201010_069	1	50	run 136	proteomic profiling by mass spectrometry	NT=timsTOF Pro;AC=MS:1003005	NT=label free sample;AC=MS:1002038	NT=Oxidation;AC=UNIMOD:35;TA=M;MT=Variable	NT=Acetyl;AC=UNIMOD:1;PP=Protein N-term;MT=Variable	not applicable	NT=Trypsin;AC=MS:1001251	NT=Lys-C;AC=MS:1001309	Data-independent acquisition	NT=collision-induced dissociation;AC=MS:1000133	not available	not available	not applicable	not applicable	unsynchronized_culture_1	1	1	20201010_TIMS04_Evo07_AnBr_1Cell_HeLa_UB_69_S3-G4_1_4163.d	v1.1.0	NT=ms-proteomics;VV=v1.1.0	NT=human;VV=v1.1.0	NT=cell-lines;VV=v1.1.0	NT=single-cell;VV=v1.0.0	not determined
HeLa_SC_UBa_20201010_070	NT=Homo sapiens;AC=NCBITaxon:9606	NT=uterine cervix;AC=UBERON:0000002	NT=epithelial cell;AC=CL:0000066	NT=cervical adenocarcinoma;AC=MONDO:0005153	NT=HeLa;AC=EFO:0001185	CVCL_0030	HeLa	30Y6M	female	not applicable	not available	NT=Dulbecco's Modified Eagle Medium;AC=NCIT:C185409	not applicable	not determined	live	NT=single cell;AC=PRIDE:0000897	FACS	UBa_20201010_070	1	51	run 137	proteomic profiling by mass spectrometry	NT=timsTOF Pro;AC=MS:1003005	NT=label free sample;AC=MS:1002038	NT=Oxidation;AC=UNIMOD:35;TA=M;MT=Variable	NT=Acetyl;AC=UNIMOD:1;PP=Protein N-term;MT=Variable	not applicable	NT=Trypsin;AC=MS:1001251	NT=Lys-C;AC=MS:1001309	Data-independent acquisition	NT=collision-induced dissociation;AC=MS:1000133	not available	not available	not applicable	not applicable	unsynchronized_culture_1	1	1	20201010_TIMS04_Evo07_AnBr_1Cell_HeLa_UB_70_S3-G5_1_4164.d	v1.1.0	NT=ms-proteomics;VV=v1.1.0	NT=human;VV=v1.1.0	NT=cell-lines;VV=v1.1.0	NT=single-cell;VV=v1.0.0	not determined
HeLa_SC_UBa_20201010_071	NT=Homo sapiens;AC=NCBITaxon:9606	NT=uterine cervix;AC=UBERON:0000002	NT=epithelial cell;AC=CL:0000066	NT=cervical adenocarcinoma;AC=MONDO:0005153	NT=HeLa;AC=EFO:0001185	CVCL_0030	HeLa	30Y6M	female	not applicable	not available	NT=Dulbecco's Modified Eagle Medium;AC=NCIT:C185409	not applicable	not determined	live	NT=single cell;AC=PRIDE:0000897	FACS	UBa_20201010_071	1	52	run 138	proteomic profiling by mass spectrometry	NT=timsTOF Pro;AC=MS:1003005	NT=label free sample;AC=MS:1002038	NT=Oxidation;AC=UNIMOD:35;TA=M;MT=Variable	NT=Acetyl;AC=UNIMOD:1;PP=Protein N-term;MT=Variable	not applicable	NT=Trypsin;AC=MS:1001251	NT=Lys-C;AC=MS:1001309	Data-independent acquisition	NT=collision-induced dissociation;AC=MS:1000133	not available	not available	not applicable	not applicable	unsynchronized_culture_1	1	1	20201010_TIMS04_Evo07_AnBr_1Cell_HeLa_UB_71_S3-G6_1_4165.d	v1.1.0	NT=ms-proteomics;VV=v1.1.0	NT=human;VV=v1.1.0	NT=cell-lines;VV=v1.1.0	NT=single-cell;VV=v1.0.0	not determined
HeLa_SC_UBa_20201010_072	NT=Homo sapiens;AC=NCBITaxon:9606	NT=uterine cervix;AC=UBERON:0000002	NT=epithelial cell;AC=CL:0000066	NT=cervical adenocarcinoma;AC=MONDO:0005153	NT=HeLa;AC=EFO:0001185	CVCL_0030	HeLa	30Y6M	female	not applicable	not available	NT=Dulbecco's Modified Eagle Medium;AC=NCIT:C185409	not applicable	not determined	live	NT=single cell;AC=PRIDE:0000897	FACS	UBa_20201010_072	1	53	run 139	proteomic profiling by mass spectrometry	NT=timsTOF Pro;AC=MS:1003005	NT=label free sample;AC=MS:1002038	NT=Oxidation;AC=UNIMOD:35;TA=M;MT=Variable	NT=Acetyl;AC=UNIMOD:1;PP=Protein N-term;MT=Variable	not applicable	NT=Trypsin;AC=MS:1001251	NT=Lys-C;AC=MS:1001309	Data-independent acquisition	NT=collision-induced dissociation;AC=MS:1000133	not available	not available	not applicable	not applicable	unsynchronized_culture_1	1	1	20201010_TIMS04_Evo07_AnBr_1Cell_HeLa_UB_72_S3-G7_1_4166.d	v1.1.0	NT=ms-proteomics;VV=v1.1.0	NT=human;VV=v1.1.0	NT=cell-lines;VV=v1.1.0	NT=single-cell;VV=v1.0.0	not determined
HeLa_SC_UBa_20201010_073	NT=Homo sapiens;AC=NCBITaxon:9606	NT=uterine cervix;AC=UBERON:0000002	NT=epithelial cell;AC=CL:0000066	NT=cervical adenocarcinoma;AC=MONDO:0005153	NT=HeLa;AC=EFO:0001185	CVCL_0030	HeLa	30Y6M	female	not applicable	not available	NT=Dulbecco's Modified Eagle Medium;AC=NCIT:C185409	not applicable	not determined	live	NT=single cell;AC=PRIDE:0000897	FACS	UBa_20201010_073	1	54	run 140	proteomic profiling by mass spectrometry	NT=timsTOF Pro;AC=MS:1003005	NT=label free sample;AC=MS:1002038	NT=Oxidation;AC=UNIMOD:35;TA=M;MT=Variable	NT=Acetyl;AC=UNIMOD:1;PP=Protein N-term;MT=Variable	not applicable	NT=Trypsin;AC=MS:1001251	NT=Lys-C;AC=MS:1001309	Data-independent acquisition	NT=collision-induced dissociation;AC=MS:1000133	not available	not available	not applicable	not applicable	unsynchronized_culture_1	1	1	20201010_TIMS04_Evo07_AnBr_1Cell_HeLa_UB_73_S3-G8_1_4167.d	v1.1.0	NT=ms-proteomics;VV=v1.1.0	NT=human;VV=v1.1.0	NT=cell-lines;VV=v1.1.0	NT=single-cell;VV=v1.0.0	not determined
HeLa_SC_UBa_20201010_074	NT=Homo sapiens;AC=NCBITaxon:9606	NT=uterine cervix;AC=UBERON:0000002	NT=epithelial cell;AC=CL:0000066	NT=cervical adenocarcinoma;AC=MONDO:0005153	NT=HeLa;AC=EFO:0001185	CVCL_0030	HeLa	30Y6M	female	not applicable	not available	NT=Dulbecco's Modified Eagle Medium;AC=NCIT:C185409	not applicable	not determined	live	NT=single cell;AC=PRIDE:0000897	FACS	UBa_20201010_074	1	55	run 141	proteomic profiling by mass spectrometry	NT=timsTOF Pro;AC=MS:1003005	NT=label free sample;AC=MS:1002038	NT=Oxidation;AC=UNIMOD:35;TA=M;MT=Variable	NT=Acetyl;AC=UNIMOD:1;PP=Protein N-term;MT=Variable	not applicable	NT=Trypsin;AC=MS:1001251	NT=Lys-C;AC=MS:1001309	Data-independent acquisition	NT=collision-induced dissociation;AC=MS:1000133	not available	not available	not applicable	not applicable	unsynchronized_culture_1	1	1	20201010_TIMS04_Evo07_AnBr_1Cell_HeLa_UB_74_S3-G9_1_4168.d	v1.1.0	NT=ms-proteomics;VV=v1.1.0	NT=human;VV=v1.1.0	NT=cell-lines;VV=v1.1.0	NT=single-cell;VV=v1.0.0	not determined
HeLa_SC_UBa_20201010_075	NT=Homo sapiens;AC=NCBITaxon:9606	NT=uterine cervix;AC=UBERON:0000002	NT=epithelial cell;AC=CL:0000066	NT=cervical adenocarcinoma;AC=MONDO:0005153	NT=HeLa;AC=EFO:0001185	CVCL_0030	HeLa	30Y6M	female	not applicable	not available	NT=Dulbecco's Modified Eagle Medium;AC=NCIT:C185409	not applicable	not determined	live	NT=single cell;AC=PRIDE:0000897	FACS	UBa_20201010_075	1	56	run 142	proteomic profiling by mass spectrometry	NT=timsTOF Pro;AC=MS:1003005	NT=label free sample;AC=MS:1002038	NT=Oxidation;AC=UNIMOD:35;TA=M;MT=Variable	NT=Acetyl;AC=UNIMOD:1;PP=Protein N-term;MT=Variable	not applicable	NT=Trypsin;AC=MS:1001251	NT=Lys-C;AC=MS:1001309	Data-independent acquisition	NT=collision-induced dissociation;AC=MS:1000133	not available	not available	not applicable	not applicable	unsynchronized_culture_1	1	1	20201010_TIMS04_Evo07_AnBr_1Cell_HeLa_UB_75_S3-G10_1_4169.d	v1.1.0	NT=ms-proteomics;VV=v1.1.0	NT=human;VV=v1.1.0	NT=cell-lines;VV=v1.1.0	NT=single-cell;VV=v1.0.0	not determined
HeLa_SC_UBa_20201010_078	NT=Homo sapiens;AC=NCBITaxon:9606	NT=uterine cervix;AC=UBERON:0000002	NT=epithelial cell;AC=CL:0000066	NT=cervical adenocarcinoma;AC=MONDO:0005153	NT=HeLa;AC=EFO:0001185	CVCL_0030	HeLa	30Y6M	female	not applicable	not available	NT=Dulbecco's Modified Eagle Medium;AC=NCIT:C185409	not applicable	not determined	live	NT=single cell;AC=PRIDE:0000897	FACS	UBa_20201010_078	1	57	run 143	proteomic profiling by mass spectrometry	NT=timsTOF Pro;AC=MS:1003005	NT=label free sample;AC=MS:1002038	NT=Oxidation;AC=UNIMOD:35;TA=M;MT=Variable	NT=Acetyl;AC=UNIMOD:1;PP=Protein N-term;MT=Variable	not applicable	NT=Trypsin;AC=MS:1001251	NT=Lys-C;AC=MS:1001309	Data-independent acquisition	NT=collision-induced dissociation;AC=MS:1000133	not available	not available	not applicable	not applicable	unsynchronized_culture_1	1	1	20201010_TIMS04_Evo07_AnBr_1Cell_HeLa_UB_78_S3-H2_1_4173.d	v1.1.0	NT=ms-proteomics;VV=v1.1.0	NT=human;VV=v1.1.0	NT=cell-lines;VV=v1.1.0	NT=single-cell;VV=v1.0.0	not determined
HeLa_SC_UBa_20201010_079	NT=Homo sapiens;AC=NCBITaxon:9606	NT=uterine cervix;AC=UBERON:0000002	NT=epithelial cell;AC=CL:0000066	NT=cervical adenocarcinoma;AC=MONDO:0005153	NT=HeLa;AC=EFO:0001185	CVCL_0030	HeLa	30Y6M	female	not applicable	not available	NT=Dulbecco's Modified Eagle Medium;AC=NCIT:C185409	not applicable	not determined	live	NT=single cell;AC=PRIDE:0000897	FACS	UBa_20201010_079	1	58	run 144	proteomic profiling by mass spectrometry	NT=timsTOF Pro;AC=MS:1003005	NT=label free sample;AC=MS:1002038	NT=Oxidation;AC=UNIMOD:35;TA=M;MT=Variable	NT=Acetyl;AC=UNIMOD:1;PP=Protein N-term;MT=Variable	not applicable	NT=Trypsin;AC=MS:1001251	NT=Lys-C;AC=MS:1001309	Data-independent acquisition	NT=collision-induced dissociation;AC=MS:1000133	not available	not available	not applicable	not applicable	unsynchronized_culture_1	1	1	20201010_TIMS04_Evo07_AnBr_1Cell_HeLa_UB_79_S3-H3_1_4174.d	v1.1.0	NT=ms-proteomics;VV=v1.1.0	NT=human;VV=v1.1.0	NT=cell-lines;VV=v1.1.0	NT=single-cell;VV=v1.0.0	not determined
HeLa_SC_UBa_20201010_080	NT=Homo sapiens;AC=NCBITaxon:9606	NT=uterine cervix;AC=UBERON:0000002	NT=epithelial cell;AC=CL:0000066	NT=cervical adenocarcinoma;AC=MONDO:0005153	NT=HeLa;AC=EFO:0001185	CVCL_0030	HeLa	30Y6M	female	not applicable	not available	NT=Dulbecco's Modified Eagle Medium;AC=NCIT:C185409	not applicable	not determined	live	NT=single cell;AC=PRIDE:0000897	FACS	UBa_20201010_080	1	59	run 145	proteomic profiling by mass spectrometry	NT=timsTOF Pro;AC=MS:1003005	NT=label free sample;AC=MS:1002038	NT=Oxidation;AC=UNIMOD:35;TA=M;MT=Variable	NT=Acetyl;AC=UNIMOD:1;PP=Protein N-term;MT=Variable	not applicable	NT=Trypsin;AC=MS:1001251	NT=Lys-C;AC=MS:1001309	Data-independent acquisition	NT=collision-induced dissociation;AC=MS:1000133	not available	not available	not applicable	not applicable	unsynchronized_culture_1	1	1	20201010_TIMS04_Evo07_AnBr_1Cell_HeLa_UB_80_S3-H4_1_4175.d	v1.1.0	NT=ms-proteomics;VV=v1.1.0	NT=human;VV=v1.1.0	NT=cell-lines;VV=v1.1.0	NT=single-cell;VV=v1.0.0	not determined
HeLa_SC_UBa_20201010_081	NT=Homo sapiens;AC=NCBITaxon:9606	NT=uterine cervix;AC=UBERON:0000002	NT=epithelial cell;AC=CL:0000066	NT=cervical adenocarcinoma;AC=MONDO:0005153	NT=HeLa;AC=EFO:0001185	CVCL_0030	HeLa	30Y6M	female	not applicable	not available	NT=Dulbecco's Modified Eagle Medium;AC=NCIT:C185409	not applicable	not determined	live	NT=single cell;AC=PRIDE:0000897	FACS	UBa_20201010_081	1	60	run 146	proteomic profiling by mass spectrometry	NT=timsTOF Pro;AC=MS:1003005	NT=label free sample;AC=MS:1002038	NT=Oxidation;AC=UNIMOD:35;TA=M;MT=Variable	NT=Acetyl;AC=UNIMOD:1;PP=Protein N-term;MT=Variable	not applicable	NT=Trypsin;AC=MS:1001251	NT=Lys-C;AC=MS:1001309	Data-independent acquisition	NT=collision-induced dissociation;AC=MS:1000133	not available	not available	not applicable	not applicable	unsynchronized_culture_1	1	1	20201010_TIMS04_Evo07_AnBr_1Cell_HeLa_UB_81_S3-H5_1_4176.d	v1.1.0	NT=ms-proteomics;VV=v1.1.0	NT=human;VV=v1.1.0	NT=cell-lines;VV=v1.1.0	NT=single-cell;VV=v1.0.0	not determined
HeLa_SC_UBa_20201010_082	NT=Homo sapiens;AC=NCBITaxon:9606	NT=uterine cervix;AC=UBERON:0000002	NT=epithelial cell;AC=CL:0000066	NT=cervical adenocarcinoma;AC=MONDO:0005153	NT=HeLa;AC=EFO:0001185	CVCL_0030	HeLa	30Y6M	female	not applicable	not available	NT=Dulbecco's Modified Eagle Medium;AC=NCIT:C185409	not applicable	not determined	live	NT=single cell;AC=PRIDE:0000897	FACS	UBa_20201010_082	1	61	run 147	proteomic profiling by mass spectrometry	NT=timsTOF Pro;AC=MS:1003005	NT=label free sample;AC=MS:1002038	NT=Oxidation;AC=UNIMOD:35;TA=M;MT=Variable	NT=Acetyl;AC=UNIMOD:1;PP=Protein N-term;MT=Variable	not applicable	NT=Trypsin;AC=MS:1001251	NT=Lys-C;AC=MS:1001309	Data-independent acquisition	NT=collision-induced dissociation;AC=MS:1000133	not available	not available	not applicable	not applicable	unsynchronized_culture_1	1	1	20201010_TIMS04_Evo07_AnBr_1Cell_HeLa_UB_82_S3-H6_1_4177.d	v1.1.0	NT=ms-proteomics;VV=v1.1.0	NT=human;VV=v1.1.0	NT=cell-lines;VV=v1.1.0	NT=single-cell;VV=v1.0.0	not determined
HeLa_SC_UBa_20201010_084	NT=Homo sapiens;AC=NCBITaxon:9606	NT=uterine cervix;AC=UBERON:0000002	NT=epithelial cell;AC=CL:0000066	NT=cervical adenocarcinoma;AC=MONDO:0005153	NT=HeLa;AC=EFO:0001185	CVCL_0030	HeLa	30Y6M	female	not applicable	not available	NT=Dulbecco's Modified Eagle Medium;AC=NCIT:C185409	not applicable	not determined	live	NT=single cell;AC=PRIDE:0000897	FACS	UBa_20201010_084	1	62	run 148	proteomic profiling by mass spectrometry	NT=timsTOF Pro;AC=MS:1003005	NT=label free sample;AC=MS:1002038	NT=Oxidation;AC=UNIMOD:35;TA=M;MT=Variable	NT=Acetyl;AC=UNIMOD:1;PP=Protein N-term;MT=Variable	not applicable	NT=Trypsin;AC=MS:1001251	NT=Lys-C;AC=MS:1001309	Data-independent acquisition	NT=collision-induced dissociation;AC=MS:1000133	not available	not available	not applicable	not applicable	unsynchronized_culture_1	1	1	20201010_TIMS04_Evo07_AnBr_1Cell_HeLa_UB_84_S3-H8_1_4179.d	v1.1.0	NT=ms-proteomics;VV=v1.1.0	NT=human;VV=v1.1.0	NT=cell-lines;VV=v1.1.0	NT=single-cell;VV=v1.0.0	not determined
HeLa_SC_UBa_20201010_085	NT=Homo sapiens;AC=NCBITaxon:9606	NT=uterine cervix;AC=UBERON:0000002	NT=epithelial cell;AC=CL:0000066	NT=cervical adenocarcinoma;AC=MONDO:0005153	NT=HeLa;AC=EFO:0001185	CVCL_0030	HeLa	30Y6M	female	not applicable	not available	NT=Dulbecco's Modified Eagle Medium;AC=NCIT:C185409	not applicable	not determined	live	NT=single cell;AC=PRIDE:0000897	FACS	UBa_20201010_085	1	63	run 149	proteomic profiling by mass spectrometry	NT=timsTOF Pro;AC=MS:1003005	NT=label free sample;AC=MS:1002038	NT=Oxidation;AC=UNIMOD:35;TA=M;MT=Variable	NT=Acetyl;AC=UNIMOD:1;PP=Protein N-term;MT=Variable	not applicable	NT=Trypsin;AC=MS:1001251	NT=Lys-C;AC=MS:1001309	Data-independent acquisition	NT=collision-induced dissociation;AC=MS:1000133	not available	not available	not applicable	not applicable	unsynchronized_culture_1	1	1	20201010_TIMS04_Evo07_AnBr_1Cell_HeLa_UB_85_S3-H9_1_4180.d	v1.1.0	NT=ms-proteomics;VV=v1.1.0	NT=human;VV=v1.1.0	NT=cell-lines;VV=v1.1.0	NT=single-cell;VV=v1.0.0	not determined
HeLa_SC_UBa_20201010_086	NT=Homo sapiens;AC=NCBITaxon:9606	NT=uterine cervix;AC=UBERON:0000002	NT=epithelial cell;AC=CL:0000066	NT=cervical adenocarcinoma;AC=MONDO:0005153	NT=HeLa;AC=EFO:0001185	CVCL_0030	HeLa	30Y6M	female	not applicable	not available	NT=Dulbecco's Modified Eagle Medium;AC=NCIT:C185409	not applicable	not determined	live	NT=single cell;AC=PRIDE:0000897	FACS	UBa_20201010_086	1	64	run 150	proteomic profiling by mass spectrometry	NT=timsTOF Pro;AC=MS:1003005	NT=label free sample;AC=MS:1002038	NT=Oxidation;AC=UNIMOD:35;TA=M;MT=Variable	NT=Acetyl;AC=UNIMOD:1;PP=Protein N-term;MT=Variable	not applicable	NT=Trypsin;AC=MS:1001251	NT=Lys-C;AC=MS:1001309	Data-independent acquisition	NT=collision-induced dissociation;AC=MS:1000133	not available	not available	not applicable	not applicable	unsynchronized_culture_1	1	1	20201010_TIMS04_Evo07_AnBr_1Cell_HeLa_UB_86_S3-H10_1_4181.d	v1.1.0	NT=ms-proteomics;VV=v1.1.0	NT=human;VV=v1.1.0	NT=cell-lines;VV=v1.1.0	NT=single-cell;VV=v1.0.0	not determined
HeLa_SC_UBa_20201010_087	NT=Homo sapiens;AC=NCBITaxon:9606	NT=uterine cervix;AC=UBERON:0000002	NT=epithelial cell;AC=CL:0000066	NT=cervical adenocarcinoma;AC=MONDO:0005153	NT=HeLa;AC=EFO:0001185	CVCL_0030	HeLa	30Y6M	female	not applicable	not available	NT=Dulbecco's Modified Eagle Medium;AC=NCIT:C185409	not applicable	not determined	live	NT=single cell;AC=PRIDE:0000897	FACS	UBa_20201010_087	1	65	run 151	proteomic profiling by mass spectrometry	NT=timsTOF Pro;AC=MS:1003005	NT=label free sample;AC=MS:1002038	NT=Oxidation;AC=UNIMOD:35;TA=M;MT=Variable	NT=Acetyl;AC=UNIMOD:1;PP=Protein N-term;MT=Variable	not applicable	NT=Trypsin;AC=MS:1001251	NT=Lys-C;AC=MS:1001309	Data-independent acquisition	NT=collision-induced dissociation;AC=MS:1000133	not available	not available	not applicable	not applicable	unsynchronized_culture_1	1	1	20201010_TIMS04_Evo07_AnBr_1Cell_HeLa_UB_87_S3-H11_1_4182.d	v1.1.0	NT=ms-proteomics;VV=v1.1.0	NT=human;VV=v1.1.0	NT=cell-lines;VV=v1.1.0	NT=single-cell;VV=v1.0.0	not determined
HeLa_SC_G2_20201113_002	NT=Homo sapiens;AC=NCBITaxon:9606	NT=uterine cervix;AC=UBERON:0000002	NT=epithelial cell;AC=CL:0000066	NT=cervical adenocarcinoma;AC=MONDO:0005153	NT=HeLa;AC=EFO:0001185	CVCL_0030	HeLa	30Y6M	female	not applicable	not available	NT=Dulbecco's Modified Eagle Medium;AC=NCIT:C185409	NT=Thymidine;AC=NCIT:C880	G2	live	NT=single cell;AC=PRIDE:0000897	FACS	G2_20201113_002	1	1	run 152	proteomic profiling by mass spectrometry	NT=timsTOF Pro;AC=MS:1003005	NT=label free sample;AC=MS:1002038	NT=Oxidation;AC=UNIMOD:35;TA=M;MT=Variable	NT=Acetyl;AC=UNIMOD:1;PP=Protein N-term;MT=Variable	not applicable	NT=Trypsin;AC=MS:1001251	NT=Lys-C;AC=MS:1001309	Data-independent acquisition	NT=collision-induced dissociation;AC=MS:1000133	not available	not available	not applicable	not applicable	released_set	1	1	20201113_TIMS04_Evo07_SA_ADB_1cell_HeLa_G2_02_S4-B2_1_4607.d	v1.1.0	NT=ms-proteomics;VV=v1.1.0	NT=human;VV=v1.1.0	NT=cell-lines;VV=v1.1.0	NT=single-cell;VV=v1.0.0	G2
HeLa_SC_G2_20201113_003	NT=Homo sapiens;AC=NCBITaxon:9606	NT=uterine cervix;AC=UBERON:0000002	NT=epithelial cell;AC=CL:0000066	NT=cervical adenocarcinoma;AC=MONDO:0005153	NT=HeLa;AC=EFO:0001185	CVCL_0030	HeLa	30Y6M	female	not applicable	not available	NT=Dulbecco's Modified Eagle Medium;AC=NCIT:C185409	NT=Thymidine;AC=NCIT:C880	G2	live	NT=single cell;AC=PRIDE:0000897	FACS	G2_20201113_003	1	2	run 153	proteomic profiling by mass spectrometry	NT=timsTOF Pro;AC=MS:1003005	NT=label free sample;AC=MS:1002038	NT=Oxidation;AC=UNIMOD:35;TA=M;MT=Variable	NT=Acetyl;AC=UNIMOD:1;PP=Protein N-term;MT=Variable	not applicable	NT=Trypsin;AC=MS:1001251	NT=Lys-C;AC=MS:1001309	Data-independent acquisition	NT=collision-induced dissociation;AC=MS:1000133	not available	not available	not applicable	not applicable	released_set	1	1	20201113_TIMS04_Evo07_SA_ADB_1cell_HeLa_G2_03_S4-B3_1_4608.d	v1.1.0	NT=ms-proteomics;VV=v1.1.0	NT=human;VV=v1.1.0	NT=cell-lines;VV=v1.1.0	NT=single-cell;VV=v1.0.0	G2
HeLa_SC_G2_20201113_005	NT=Homo sapiens;AC=NCBITaxon:9606	NT=uterine cervix;AC=UBERON:0000002	NT=epithelial cell;AC=CL:0000066	NT=cervical adenocarcinoma;AC=MONDO:0005153	NT=HeLa;AC=EFO:0001185	CVCL_0030	HeLa	30Y6M	female	not applicable	not available	NT=Dulbecco's Modified Eagle Medium;AC=NCIT:C185409	NT=Thymidine;AC=NCIT:C880	G2	live	NT=single cell;AC=PRIDE:0000897	FACS	G2_20201113_005	1	3	run 154	proteomic profiling by mass spectrometry	NT=timsTOF Pro;AC=MS:1003005	NT=label free sample;AC=MS:1002038	NT=Oxidation;AC=UNIMOD:35;TA=M;MT=Variable	NT=Acetyl;AC=UNIMOD:1;PP=Protein N-term;MT=Variable	not applicable	NT=Trypsin;AC=MS:1001251	NT=Lys-C;AC=MS:1001309	Data-independent acquisition	NT=collision-induced dissociation;AC=MS:1000133	not available	not available	not applicable	not applicable	released_set	1	1	20201113_TIMS04_Evo07_SA_ADB_1cell_HeLa_G2_05_S4-B5_1_4610.d	v1.1.0	NT=ms-proteomics;VV=v1.1.0	NT=human;VV=v1.1.0	NT=cell-lines;VV=v1.1.0	NT=single-cell;VV=v1.0.0	G2
HeLa_SC_G2_20201113_009	NT=Homo sapiens;AC=NCBITaxon:9606	NT=uterine cervix;AC=UBERON:0000002	NT=epithelial cell;AC=CL:0000066	NT=cervical adenocarcinoma;AC=MONDO:0005153	NT=HeLa;AC=EFO:0001185	CVCL_0030	HeLa	30Y6M	female	not applicable	not available	NT=Dulbecco's Modified Eagle Medium;AC=NCIT:C185409	NT=Thymidine;AC=NCIT:C880	G2	live	NT=single cell;AC=PRIDE:0000897	FACS	G2_20201113_009	1	4	run 155	proteomic profiling by mass spectrometry	NT=timsTOF Pro;AC=MS:1003005	NT=label free sample;AC=MS:1002038	NT=Oxidation;AC=UNIMOD:35;TA=M;MT=Variable	NT=Acetyl;AC=UNIMOD:1;PP=Protein N-term;MT=Variable	not applicable	NT=Trypsin;AC=MS:1001251	NT=Lys-C;AC=MS:1001309	Data-independent acquisition	NT=collision-induced dissociation;AC=MS:1000133	not available	not available	not applicable	not applicable	released_set	1	1	20201113_TIMS04_Evo07_SA_ADB_1cell_HeLa_G2_09_S4-B9_1_4614.d	v1.1.0	NT=ms-proteomics;VV=v1.1.0	NT=human;VV=v1.1.0	NT=cell-lines;VV=v1.1.0	NT=single-cell;VV=v1.0.0	G2
HeLa_SC_G2_20201113_014	NT=Homo sapiens;AC=NCBITaxon:9606	NT=uterine cervix;AC=UBERON:0000002	NT=epithelial cell;AC=CL:0000066	NT=cervical adenocarcinoma;AC=MONDO:0005153	NT=HeLa;AC=EFO:0001185	CVCL_0030	HeLa	30Y6M	female	not applicable	not available	NT=Dulbecco's Modified Eagle Medium;AC=NCIT:C185409	NT=Thymidine;AC=NCIT:C880	G2	live	NT=single cell;AC=PRIDE:0000897	FACS	G2_20201113_014	1	5	run 156	proteomic profiling by mass spectrometry	NT=timsTOF Pro;AC=MS:1003005	NT=label free sample;AC=MS:1002038	NT=Oxidation;AC=UNIMOD:35;TA=M;MT=Variable	NT=Acetyl;AC=UNIMOD:1;PP=Protein N-term;MT=Variable	not applicable	NT=Trypsin;AC=MS:1001251	NT=Lys-C;AC=MS:1001309	Data-independent acquisition	NT=collision-induced dissociation;AC=MS:1000133	not available	not available	not applicable	not applicable	released_set	1	1	20201113_TIMS04_Evo07_SA_ADB_1cell_HeLa_G2_14_S4-C2_1_4619.d	v1.1.0	NT=ms-proteomics;VV=v1.1.0	NT=human;VV=v1.1.0	NT=cell-lines;VV=v1.1.0	NT=single-cell;VV=v1.0.0	G2
HeLa_SC_G2_20201113_016	NT=Homo sapiens;AC=NCBITaxon:9606	NT=uterine cervix;AC=UBERON:0000002	NT=epithelial cell;AC=CL:0000066	NT=cervical adenocarcinoma;AC=MONDO:0005153	NT=HeLa;AC=EFO:0001185	CVCL_0030	HeLa	30Y6M	female	not applicable	not available	NT=Dulbecco's Modified Eagle Medium;AC=NCIT:C185409	NT=Thymidine;AC=NCIT:C880	G2	live	NT=single cell;AC=PRIDE:0000897	FACS	G2_20201113_016	1	6	run 157	proteomic profiling by mass spectrometry	NT=timsTOF Pro;AC=MS:1003005	NT=label free sample;AC=MS:1002038	NT=Oxidation;AC=UNIMOD:35;TA=M;MT=Variable	NT=Acetyl;AC=UNIMOD:1;PP=Protein N-term;MT=Variable	not applicable	NT=Trypsin;AC=MS:1001251	NT=Lys-C;AC=MS:1001309	Data-independent acquisition	NT=collision-induced dissociation;AC=MS:1000133	not available	not available	not applicable	not applicable	released_set	1	1	20201113_TIMS04_Evo07_SA_ADB_1cell_HeLa_G2_16_S4-C4_1_4621.d	v1.1.0	NT=ms-proteomics;VV=v1.1.0	NT=human;VV=v1.1.0	NT=cell-lines;VV=v1.1.0	NT=single-cell;VV=v1.0.0	G2
HeLa_SC_G2_20201113_018	NT=Homo sapiens;AC=NCBITaxon:9606	NT=uterine cervix;AC=UBERON:0000002	NT=epithelial cell;AC=CL:0000066	NT=cervical adenocarcinoma;AC=MONDO:0005153	NT=HeLa;AC=EFO:0001185	CVCL_0030	HeLa	30Y6M	female	not applicable	not available	NT=Dulbecco's Modified Eagle Medium;AC=NCIT:C185409	NT=Thymidine;AC=NCIT:C880	G2	live	NT=single cell;AC=PRIDE:0000897	FACS	G2_20201113_018	1	7	run 158	proteomic profiling by mass spectrometry	NT=timsTOF Pro;AC=MS:1003005	NT=label free sample;AC=MS:1002038	NT=Oxidation;AC=UNIMOD:35;TA=M;MT=Variable	NT=Acetyl;AC=UNIMOD:1;PP=Protein N-term;MT=Variable	not applicable	NT=Trypsin;AC=MS:1001251	NT=Lys-C;AC=MS:1001309	Data-independent acquisition	NT=collision-induced dissociation;AC=MS:1000133	not available	not available	not applicable	not applicable	released_set	1	1	20201113_TIMS04_Evo07_SA_ADB_1cell_HeLa_G2_18_S4-C6_1_4623.d	v1.1.0	NT=ms-proteomics;VV=v1.1.0	NT=human;VV=v1.1.0	NT=cell-lines;VV=v1.1.0	NT=single-cell;VV=v1.0.0	G2
HeLa_SC_G2_20201113_021	NT=Homo sapiens;AC=NCBITaxon:9606	NT=uterine cervix;AC=UBERON:0000002	NT=epithelial cell;AC=CL:0000066	NT=cervical adenocarcinoma;AC=MONDO:0005153	NT=HeLa;AC=EFO:0001185	CVCL_0030	HeLa	30Y6M	female	not applicable	not available	NT=Dulbecco's Modified Eagle Medium;AC=NCIT:C185409	NT=Thymidine;AC=NCIT:C880	G2	live	NT=single cell;AC=PRIDE:0000897	FACS	G2_20201113_021	1	8	run 159	proteomic profiling by mass spectrometry	NT=timsTOF Pro;AC=MS:1003005	NT=label free sample;AC=MS:1002038	NT=Oxidation;AC=UNIMOD:35;TA=M;MT=Variable	NT=Acetyl;AC=UNIMOD:1;PP=Protein N-term;MT=Variable	not applicable	NT=Trypsin;AC=MS:1001251	NT=Lys-C;AC=MS:1001309	Data-independent acquisition	NT=collision-induced dissociation;AC=MS:1000133	not available	not available	not applicable	not applicable	released_set	1	1	20201113_TIMS04_Evo07_SA_ADB_1cell_HeLa_G2_21_S4-C9_1_4626.d	v1.1.0	NT=ms-proteomics;VV=v1.1.0	NT=human;VV=v1.1.0	NT=cell-lines;VV=v1.1.0	NT=single-cell;VV=v1.0.0	G2
HeLa_SC_G2_20201113_022	NT=Homo sapiens;AC=NCBITaxon:9606	NT=uterine cervix;AC=UBERON:0000002	NT=epithelial cell;AC=CL:0000066	NT=cervical adenocarcinoma;AC=MONDO:0005153	NT=HeLa;AC=EFO:0001185	CVCL_0030	HeLa	30Y6M	female	not applicable	not available	NT=Dulbecco's Modified Eagle Medium;AC=NCIT:C185409	NT=Thymidine;AC=NCIT:C880	G2	live	NT=single cell;AC=PRIDE:0000897	FACS	G2_20201113_022	1	9	run 160	proteomic profiling by mass spectrometry	NT=timsTOF Pro;AC=MS:1003005	NT=label free sample;AC=MS:1002038	NT=Oxidation;AC=UNIMOD:35;TA=M;MT=Variable	NT=Acetyl;AC=UNIMOD:1;PP=Protein N-term;MT=Variable	not applicable	NT=Trypsin;AC=MS:1001251	NT=Lys-C;AC=MS:1001309	Data-independent acquisition	NT=collision-induced dissociation;AC=MS:1000133	not available	not available	not applicable	not applicable	released_set	1	1	20201113_TIMS04_Evo07_SA_ADB_1cell_HeLa_G2_22_S4-C10_1_4627.d	v1.1.0	NT=ms-proteomics;VV=v1.1.0	NT=human;VV=v1.1.0	NT=cell-lines;VV=v1.1.0	NT=single-cell;VV=v1.0.0	G2
HeLa_SC_G2_20201113_023	NT=Homo sapiens;AC=NCBITaxon:9606	NT=uterine cervix;AC=UBERON:0000002	NT=epithelial cell;AC=CL:0000066	NT=cervical adenocarcinoma;AC=MONDO:0005153	NT=HeLa;AC=EFO:0001185	CVCL_0030	HeLa	30Y6M	female	not applicable	not available	NT=Dulbecco's Modified Eagle Medium;AC=NCIT:C185409	NT=Thymidine;AC=NCIT:C880	G2	live	NT=single cell;AC=PRIDE:0000897	FACS	G2_20201113_023	1	10	run 161	proteomic profiling by mass spectrometry	NT=timsTOF Pro;AC=MS:1003005	NT=label free sample;AC=MS:1002038	NT=Oxidation;AC=UNIMOD:35;TA=M;MT=Variable	NT=Acetyl;AC=UNIMOD:1;PP=Protein N-term;MT=Variable	not applicable	NT=Trypsin;AC=MS:1001251	NT=Lys-C;AC=MS:1001309	Data-independent acquisition	NT=collision-induced dissociation;AC=MS:1000133	not available	not available	not applicable	not applicable	released_set	1	1	20201113_TIMS04_Evo07_SA_ADB_1cell_HeLa_G2_23_S4-C11_1_4628.d	v1.1.0	NT=ms-proteomics;VV=v1.1.0	NT=human;VV=v1.1.0	NT=cell-lines;VV=v1.1.0	NT=single-cell;VV=v1.0.0	G2
HeLa_SC_G2_20201113_026	NT=Homo sapiens;AC=NCBITaxon:9606	NT=uterine cervix;AC=UBERON:0000002	NT=epithelial cell;AC=CL:0000066	NT=cervical adenocarcinoma;AC=MONDO:0005153	NT=HeLa;AC=EFO:0001185	CVCL_0030	HeLa	30Y6M	female	not applicable	not available	NT=Dulbecco's Modified Eagle Medium;AC=NCIT:C185409	NT=Thymidine;AC=NCIT:C880	G2	live	NT=single cell;AC=PRIDE:0000897	FACS	G2_20201113_026	1	11	run 162	proteomic profiling by mass spectrometry	NT=timsTOF Pro;AC=MS:1003005	NT=label free sample;AC=MS:1002038	NT=Oxidation;AC=UNIMOD:35;TA=M;MT=Variable	NT=Acetyl;AC=UNIMOD:1;PP=Protein N-term;MT=Variable	not applicable	NT=Trypsin;AC=MS:1001251	NT=Lys-C;AC=MS:1001309	Data-independent acquisition	NT=collision-induced dissociation;AC=MS:1000133	not available	not available	not applicable	not applicable	released_set	1	1	20201113_TIMS04_Evo07_SA_ADB_1cell_HeLa_G2_26_S4-D2_1_4631.d	v1.1.0	NT=ms-proteomics;VV=v1.1.0	NT=human;VV=v1.1.0	NT=cell-lines;VV=v1.1.0	NT=single-cell;VV=v1.0.0	G2
HeLa_SC_G2_20201113_027	NT=Homo sapiens;AC=NCBITaxon:9606	NT=uterine cervix;AC=UBERON:0000002	NT=epithelial cell;AC=CL:0000066	NT=cervical adenocarcinoma;AC=MONDO:0005153	NT=HeLa;AC=EFO:0001185	CVCL_0030	HeLa	30Y6M	female	not applicable	not available	NT=Dulbecco's Modified Eagle Medium;AC=NCIT:C185409	NT=Thymidine;AC=NCIT:C880	G2	live	NT=single cell;AC=PRIDE:0000897	FACS	G2_20201113_027	1	12	run 163	proteomic profiling by mass spectrometry	NT=timsTOF Pro;AC=MS:1003005	NT=label free sample;AC=MS:1002038	NT=Oxidation;AC=UNIMOD:35;TA=M;MT=Variable	NT=Acetyl;AC=UNIMOD:1;PP=Protein N-term;MT=Variable	not applicable	NT=Trypsin;AC=MS:1001251	NT=Lys-C;AC=MS:1001309	Data-independent acquisition	NT=collision-induced dissociation;AC=MS:1000133	not available	not available	not applicable	not applicable	released_set	1	1	20201113_TIMS04_Evo07_SA_ADB_1cell_HeLa_G2_27_S4-D3_1_4632.d	v1.1.0	NT=ms-proteomics;VV=v1.1.0	NT=human;VV=v1.1.0	NT=cell-lines;VV=v1.1.0	NT=single-cell;VV=v1.0.0	G2
HeLa_SC_G2_20201113_029	NT=Homo sapiens;AC=NCBITaxon:9606	NT=uterine cervix;AC=UBERON:0000002	NT=epithelial cell;AC=CL:0000066	NT=cervical adenocarcinoma;AC=MONDO:0005153	NT=HeLa;AC=EFO:0001185	CVCL_0030	HeLa	30Y6M	female	not applicable	not available	NT=Dulbecco's Modified Eagle Medium;AC=NCIT:C185409	NT=Thymidine;AC=NCIT:C880	G2	live	NT=single cell;AC=PRIDE:0000897	FACS	G2_20201113_029	1	13	run 164	proteomic profiling by mass spectrometry	NT=timsTOF Pro;AC=MS:1003005	NT=label free sample;AC=MS:1002038	NT=Oxidation;AC=UNIMOD:35;TA=M;MT=Variable	NT=Acetyl;AC=UNIMOD:1;PP=Protein N-term;MT=Variable	not applicable	NT=Trypsin;AC=MS:1001251	NT=Lys-C;AC=MS:1001309	Data-independent acquisition	NT=collision-induced dissociation;AC=MS:1000133	not available	not available	not applicable	not applicable	released_set	1	1	20201113_TIMS04_Evo07_SA_ADB_1cell_HeLa_G2_29_S4-D5_1_4634.d	v1.1.0	NT=ms-proteomics;VV=v1.1.0	NT=human;VV=v1.1.0	NT=cell-lines;VV=v1.1.0	NT=single-cell;VV=v1.0.0	G2
HeLa_SC_G2_20201113_030	NT=Homo sapiens;AC=NCBITaxon:9606	NT=uterine cervix;AC=UBERON:0000002	NT=epithelial cell;AC=CL:0000066	NT=cervical adenocarcinoma;AC=MONDO:0005153	NT=HeLa;AC=EFO:0001185	CVCL_0030	HeLa	30Y6M	female	not applicable	not available	NT=Dulbecco's Modified Eagle Medium;AC=NCIT:C185409	NT=Thymidine;AC=NCIT:C880	G2	live	NT=single cell;AC=PRIDE:0000897	FACS	G2_20201113_030	1	14	run 165	proteomic profiling by mass spectrometry	NT=timsTOF Pro;AC=MS:1003005	NT=label free sample;AC=MS:1002038	NT=Oxidation;AC=UNIMOD:35;TA=M;MT=Variable	NT=Acetyl;AC=UNIMOD:1;PP=Protein N-term;MT=Variable	not applicable	NT=Trypsin;AC=MS:1001251	NT=Lys-C;AC=MS:1001309	Data-independent acquisition	NT=collision-induced dissociation;AC=MS:1000133	not available	not available	not applicable	not applicable	released_set	1	1	20201113_TIMS04_Evo07_SA_ADB_1cell_HeLa_G2_30_S4-D6_1_4635.d	v1.1.0	NT=ms-proteomics;VV=v1.1.0	NT=human;VV=v1.1.0	NT=cell-lines;VV=v1.1.0	NT=single-cell;VV=v1.0.0	G2
HeLa_SC_G2_20201113_031	NT=Homo sapiens;AC=NCBITaxon:9606	NT=uterine cervix;AC=UBERON:0000002	NT=epithelial cell;AC=CL:0000066	NT=cervical adenocarcinoma;AC=MONDO:0005153	NT=HeLa;AC=EFO:0001185	CVCL_0030	HeLa	30Y6M	female	not applicable	not available	NT=Dulbecco's Modified Eagle Medium;AC=NCIT:C185409	NT=Thymidine;AC=NCIT:C880	G2	live	NT=single cell;AC=PRIDE:0000897	FACS	G2_20201113_031	1	15	run 166	proteomic profiling by mass spectrometry	NT=timsTOF Pro;AC=MS:1003005	NT=label free sample;AC=MS:1002038	NT=Oxidation;AC=UNIMOD:35;TA=M;MT=Variable	NT=Acetyl;AC=UNIMOD:1;PP=Protein N-term;MT=Variable	not applicable	NT=Trypsin;AC=MS:1001251	NT=Lys-C;AC=MS:1001309	Data-independent acquisition	NT=collision-induced dissociation;AC=MS:1000133	not available	not available	not applicable	not applicable	released_set	1	1	20201113_TIMS04_Evo07_SA_ADB_1cell_HeLa_G2_31_S4-D7_1_4636.d	v1.1.0	NT=ms-proteomics;VV=v1.1.0	NT=human;VV=v1.1.0	NT=cell-lines;VV=v1.1.0	NT=single-cell;VV=v1.0.0	G2
HeLa_SC_G2_20201113_035	NT=Homo sapiens;AC=NCBITaxon:9606	NT=uterine cervix;AC=UBERON:0000002	NT=epithelial cell;AC=CL:0000066	NT=cervical adenocarcinoma;AC=MONDO:0005153	NT=HeLa;AC=EFO:0001185	CVCL_0030	HeLa	30Y6M	female	not applicable	not available	NT=Dulbecco's Modified Eagle Medium;AC=NCIT:C185409	NT=Thymidine;AC=NCIT:C880	G2	live	NT=single cell;AC=PRIDE:0000897	FACS	G2_20201113_035	1	16	run 167	proteomic profiling by mass spectrometry	NT=timsTOF Pro;AC=MS:1003005	NT=label free sample;AC=MS:1002038	NT=Oxidation;AC=UNIMOD:35;TA=M;MT=Variable	NT=Acetyl;AC=UNIMOD:1;PP=Protein N-term;MT=Variable	not applicable	NT=Trypsin;AC=MS:1001251	NT=Lys-C;AC=MS:1001309	Data-independent acquisition	NT=collision-induced dissociation;AC=MS:1000133	not available	not available	not applicable	not applicable	released_set	1	1	20201113_TIMS04_Evo07_SA_ADB_1cell_HeLa_G2_35_S4-D11_1_4640.d	v1.1.0	NT=ms-proteomics;VV=v1.1.0	NT=human;VV=v1.1.0	NT=cell-lines;VV=v1.1.0	NT=single-cell;VV=v1.0.0	G2
HeLa_SC_G2_20201113_039	NT=Homo sapiens;AC=NCBITaxon:9606	NT=uterine cervix;AC=UBERON:0000002	NT=epithelial cell;AC=CL:0000066	NT=cervical adenocarcinoma;AC=MONDO:0005153	NT=HeLa;AC=EFO:0001185	CVCL_0030	HeLa	30Y6M	female	not applicable	not available	NT=Dulbecco's Modified Eagle Medium;AC=NCIT:C185409	NT=Thymidine;AC=NCIT:C880	G2	live	NT=single cell;AC=PRIDE:0000897	FACS	G2_20201113_039	1	17	run 168	proteomic profiling by mass spectrometry	NT=timsTOF Pro;AC=MS:1003005	NT=label free sample;AC=MS:1002038	NT=Oxidation;AC=UNIMOD:35;TA=M;MT=Variable	NT=Acetyl;AC=UNIMOD:1;PP=Protein N-term;MT=Variable	not applicable	NT=Trypsin;AC=MS:1001251	NT=Lys-C;AC=MS:1001309	Data-independent acquisition	NT=collision-induced dissociation;AC=MS:1000133	not available	not available	not applicable	not applicable	released_set	1	1	20201113_TIMS04_Evo07_SA_ADB_1cell_HeLa_G2_39_S4-E3_1_4644.d	v1.1.0	NT=ms-proteomics;VV=v1.1.0	NT=human;VV=v1.1.0	NT=cell-lines;VV=v1.1.0	NT=single-cell;VV=v1.0.0	G2
HeLa_SC_G2_20201113_040	NT=Homo sapiens;AC=NCBITaxon:9606	NT=uterine cervix;AC=UBERON:0000002	NT=epithelial cell;AC=CL:0000066	NT=cervical adenocarcinoma;AC=MONDO:0005153	NT=HeLa;AC=EFO:0001185	CVCL_0030	HeLa	30Y6M	female	not applicable	not available	NT=Dulbecco's Modified Eagle Medium;AC=NCIT:C185409	NT=Thymidine;AC=NCIT:C880	G2	live	NT=single cell;AC=PRIDE:0000897	FACS	G2_20201113_040	1	18	run 169	proteomic profiling by mass spectrometry	NT=timsTOF Pro;AC=MS:1003005	NT=label free sample;AC=MS:1002038	NT=Oxidation;AC=UNIMOD:35;TA=M;MT=Variable	NT=Acetyl;AC=UNIMOD:1;PP=Protein N-term;MT=Variable	not applicable	NT=Trypsin;AC=MS:1001251	NT=Lys-C;AC=MS:1001309	Data-independent acquisition	NT=collision-induced dissociation;AC=MS:1000133	not available	not available	not applicable	not applicable	released_set	1	1	20201113_TIMS04_Evo07_SA_ADB_1cell_HeLa_G2_40_S4-E4_1_4645.d	v1.1.0	NT=ms-proteomics;VV=v1.1.0	NT=human;VV=v1.1.0	NT=cell-lines;VV=v1.1.0	NT=single-cell;VV=v1.0.0	G2
HeLa_SC_G2_20201113_043	NT=Homo sapiens;AC=NCBITaxon:9606	NT=uterine cervix;AC=UBERON:0000002	NT=epithelial cell;AC=CL:0000066	NT=cervical adenocarcinoma;AC=MONDO:0005153	NT=HeLa;AC=EFO:0001185	CVCL_0030	HeLa	30Y6M	female	not applicable	not available	NT=Dulbecco's Modified Eagle Medium;AC=NCIT:C185409	NT=Thymidine;AC=NCIT:C880	G2	live	NT=single cell;AC=PRIDE:0000897	FACS	G2_20201113_043	1	19	run 170	proteomic profiling by mass spectrometry	NT=timsTOF Pro;AC=MS:1003005	NT=label free sample;AC=MS:1002038	NT=Oxidation;AC=UNIMOD:35;TA=M;MT=Variable	NT=Acetyl;AC=UNIMOD:1;PP=Protein N-term;MT=Variable	not applicable	NT=Trypsin;AC=MS:1001251	NT=Lys-C;AC=MS:1001309	Data-independent acquisition	NT=collision-induced dissociation;AC=MS:1000133	not available	not available	not applicable	not applicable	released_set	1	1	20201113_TIMS04_Evo07_SA_ADB_1cell_HeLa_G2_43_S4-E7_1_4648.d	v1.1.0	NT=ms-proteomics;VV=v1.1.0	NT=human;VV=v1.1.0	NT=cell-lines;VV=v1.1.0	NT=single-cell;VV=v1.0.0	G2
HeLa_SC_G2_20201113_046	NT=Homo sapiens;AC=NCBITaxon:9606	NT=uterine cervix;AC=UBERON:0000002	NT=epithelial cell;AC=CL:0000066	NT=cervical adenocarcinoma;AC=MONDO:0005153	NT=HeLa;AC=EFO:0001185	CVCL_0030	HeLa	30Y6M	female	not applicable	not available	NT=Dulbecco's Modified Eagle Medium;AC=NCIT:C185409	NT=Thymidine;AC=NCIT:C880	G2	live	NT=single cell;AC=PRIDE:0000897	FACS	G2_20201113_046	1	20	run 171	proteomic profiling by mass spectrometry	NT=timsTOF Pro;AC=MS:1003005	NT=label free sample;AC=MS:1002038	NT=Oxidation;AC=UNIMOD:35;TA=M;MT=Variable	NT=Acetyl;AC=UNIMOD:1;PP=Protein N-term;MT=Variable	not applicable	NT=Trypsin;AC=MS:1001251	NT=Lys-C;AC=MS:1001309	Data-independent acquisition	NT=collision-induced dissociation;AC=MS:1000133	not available	not available	not applicable	not applicable	released_set	1	1	20201113_TIMS04_Evo07_SA_ADB_1cell_HeLa_G2_46_S4-E10_1_4651.d	v1.1.0	NT=ms-proteomics;VV=v1.1.0	NT=human;VV=v1.1.0	NT=cell-lines;VV=v1.1.0	NT=single-cell;VV=v1.0.0	G2
HeLa_SC_G2_20201113_050	NT=Homo sapiens;AC=NCBITaxon:9606	NT=uterine cervix;AC=UBERON:0000002	NT=epithelial cell;AC=CL:0000066	NT=cervical adenocarcinoma;AC=MONDO:0005153	NT=HeLa;AC=EFO:0001185	CVCL_0030	HeLa	30Y6M	female	not applicable	not available	NT=Dulbecco's Modified Eagle Medium;AC=NCIT:C185409	NT=Thymidine;AC=NCIT:C880	G2	live	NT=single cell;AC=PRIDE:0000897	FACS	G2_20201113_050	1	21	run 172	proteomic profiling by mass spectrometry	NT=timsTOF Pro;AC=MS:1003005	NT=label free sample;AC=MS:1002038	NT=Oxidation;AC=UNIMOD:35;TA=M;MT=Variable	NT=Acetyl;AC=UNIMOD:1;PP=Protein N-term;MT=Variable	not applicable	NT=Trypsin;AC=MS:1001251	NT=Lys-C;AC=MS:1001309	Data-independent acquisition	NT=collision-induced dissociation;AC=MS:1000133	not available	not available	not applicable	not applicable	released_set	1	1	20201113_TIMS04_Evo07_SA_ADB_1cell_HeLa_G2_50_S4-F2_1_4655.d	v1.1.0	NT=ms-proteomics;VV=v1.1.0	NT=human;VV=v1.1.0	NT=cell-lines;VV=v1.1.0	NT=single-cell;VV=v1.0.0	G2
HeLa_SC_G2_20201113_052	NT=Homo sapiens;AC=NCBITaxon:9606	NT=uterine cervix;AC=UBERON:0000002	NT=epithelial cell;AC=CL:0000066	NT=cervical adenocarcinoma;AC=MONDO:0005153	NT=HeLa;AC=EFO:0001185	CVCL_0030	HeLa	30Y6M	female	not applicable	not available	NT=Dulbecco's Modified Eagle Medium;AC=NCIT:C185409	NT=Thymidine;AC=NCIT:C880	G2	live	NT=single cell;AC=PRIDE:0000897	FACS	G2_20201113_052	1	22	run 173	proteomic profiling by mass spectrometry	NT=timsTOF Pro;AC=MS:1003005	NT=label free sample;AC=MS:1002038	NT=Oxidation;AC=UNIMOD:35;TA=M;MT=Variable	NT=Acetyl;AC=UNIMOD:1;PP=Protein N-term;MT=Variable	not applicable	NT=Trypsin;AC=MS:1001251	NT=Lys-C;AC=MS:1001309	Data-independent acquisition	NT=collision-induced dissociation;AC=MS:1000133	not available	not available	not applicable	not applicable	released_set	1	1	20201113_TIMS04_Evo07_SA_ADB_1cell_HeLa_G2_52_S4-F4_1_4657.d	v1.1.0	NT=ms-proteomics;VV=v1.1.0	NT=human;VV=v1.1.0	NT=cell-lines;VV=v1.1.0	NT=single-cell;VV=v1.0.0	G2
HeLa_SC_G2_20201113_054	NT=Homo sapiens;AC=NCBITaxon:9606	NT=uterine cervix;AC=UBERON:0000002	NT=epithelial cell;AC=CL:0000066	NT=cervical adenocarcinoma;AC=MONDO:0005153	NT=HeLa;AC=EFO:0001185	CVCL_0030	HeLa	30Y6M	female	not applicable	not available	NT=Dulbecco's Modified Eagle Medium;AC=NCIT:C185409	NT=Thymidine;AC=NCIT:C880	G2	live	NT=single cell;AC=PRIDE:0000897	FACS	G2_20201113_054	1	23	run 174	proteomic profiling by mass spectrometry	NT=timsTOF Pro;AC=MS:1003005	NT=label free sample;AC=MS:1002038	NT=Oxidation;AC=UNIMOD:35;TA=M;MT=Variable	NT=Acetyl;AC=UNIMOD:1;PP=Protein N-term;MT=Variable	not applicable	NT=Trypsin;AC=MS:1001251	NT=Lys-C;AC=MS:1001309	Data-independent acquisition	NT=collision-induced dissociation;AC=MS:1000133	not available	not available	not applicable	not applicable	released_set	1	1	20201113_TIMS04_Evo07_SA_ADB_1cell_HeLa_G2_54_S4-F6_1_4659.d	v1.1.0	NT=ms-proteomics;VV=v1.1.0	NT=human;VV=v1.1.0	NT=cell-lines;VV=v1.1.0	NT=single-cell;VV=v1.0.0	G2
HeLa_SC_G2_20201113_055	NT=Homo sapiens;AC=NCBITaxon:9606	NT=uterine cervix;AC=UBERON:0000002	NT=epithelial cell;AC=CL:0000066	NT=cervical adenocarcinoma;AC=MONDO:0005153	NT=HeLa;AC=EFO:0001185	CVCL_0030	HeLa	30Y6M	female	not applicable	not available	NT=Dulbecco's Modified Eagle Medium;AC=NCIT:C185409	NT=Thymidine;AC=NCIT:C880	G2	live	NT=single cell;AC=PRIDE:0000897	FACS	G2_20201113_055	1	24	run 175	proteomic profiling by mass spectrometry	NT=timsTOF Pro;AC=MS:1003005	NT=label free sample;AC=MS:1002038	NT=Oxidation;AC=UNIMOD:35;TA=M;MT=Variable	NT=Acetyl;AC=UNIMOD:1;PP=Protein N-term;MT=Variable	not applicable	NT=Trypsin;AC=MS:1001251	NT=Lys-C;AC=MS:1001309	Data-independent acquisition	NT=collision-induced dissociation;AC=MS:1000133	not available	not available	not applicable	not applicable	released_set	1	1	20201113_TIMS04_Evo07_SA_ADB_1cell_HeLa_G2_55_S4-F7_1_4660.d	v1.1.0	NT=ms-proteomics;VV=v1.1.0	NT=human;VV=v1.1.0	NT=cell-lines;VV=v1.1.0	NT=single-cell;VV=v1.0.0	G2
HeLa_SC_G2_20201113_057	NT=Homo sapiens;AC=NCBITaxon:9606	NT=uterine cervix;AC=UBERON:0000002	NT=epithelial cell;AC=CL:0000066	NT=cervical adenocarcinoma;AC=MONDO:0005153	NT=HeLa;AC=EFO:0001185	CVCL_0030	HeLa	30Y6M	female	not applicable	not available	NT=Dulbecco's Modified Eagle Medium;AC=NCIT:C185409	NT=Thymidine;AC=NCIT:C880	G2	live	NT=single cell;AC=PRIDE:0000897	FACS	G2_20201113_057	1	25	run 176	proteomic profiling by mass spectrometry	NT=timsTOF Pro;AC=MS:1003005	NT=label free sample;AC=MS:1002038	NT=Oxidation;AC=UNIMOD:35;TA=M;MT=Variable	NT=Acetyl;AC=UNIMOD:1;PP=Protein N-term;MT=Variable	not applicable	NT=Trypsin;AC=MS:1001251	NT=Lys-C;AC=MS:1001309	Data-independent acquisition	NT=collision-induced dissociation;AC=MS:1000133	not available	not available	not applicable	not applicable	released_set	1	1	20201113_TIMS04_Evo07_SA_ADB_1cell_HeLa_G2_57_S4-F9_1_4662.d	v1.1.0	NT=ms-proteomics;VV=v1.1.0	NT=human;VV=v1.1.0	NT=cell-lines;VV=v1.1.0	NT=single-cell;VV=v1.0.0	G2
HeLa_SC_G2_20201113_075	NT=Homo sapiens;AC=NCBITaxon:9606	NT=uterine cervix;AC=UBERON:0000002	NT=epithelial cell;AC=CL:0000066	NT=cervical adenocarcinoma;AC=MONDO:0005153	NT=HeLa;AC=EFO:0001185	CVCL_0030	HeLa	30Y6M	female	not applicable	not available	NT=Dulbecco's Modified Eagle Medium;AC=NCIT:C185409	NT=Thymidine;AC=NCIT:C880	G2	live	NT=single cell;AC=PRIDE:0000897	FACS	G2_20201113_075	1	26	run 177	proteomic profiling by mass spectrometry	NT=timsTOF Pro;AC=MS:1003005	NT=label free sample;AC=MS:1002038	NT=Oxidation;AC=UNIMOD:35;TA=M;MT=Variable	NT=Acetyl;AC=UNIMOD:1;PP=Protein N-term;MT=Variable	not applicable	NT=Trypsin;AC=MS:1001251	NT=Lys-C;AC=MS:1001309	Data-independent acquisition	NT=collision-induced dissociation;AC=MS:1000133	not available	not available	not applicable	not applicable	released_set	1	1	20201113_TIMS04_Evo07_SA_ADB_1cell_HeLa_G2_75_S1-B3_1_4704.d	v1.1.0	NT=ms-proteomics;VV=v1.1.0	NT=human;VV=v1.1.0	NT=cell-lines;VV=v1.1.0	NT=single-cell;VV=v1.0.0	G2
HeLa_SC_G2_20201113_076	NT=Homo sapiens;AC=NCBITaxon:9606	NT=uterine cervix;AC=UBERON:0000002	NT=epithelial cell;AC=CL:0000066	NT=cervical adenocarcinoma;AC=MONDO:0005153	NT=HeLa;AC=EFO:0001185	CVCL_0030	HeLa	30Y6M	female	not applicable	not available	NT=Dulbecco's Modified Eagle Medium;AC=NCIT:C185409	NT=Thymidine;AC=NCIT:C880	G2	live	NT=single cell;AC=PRIDE:0000897	FACS	G2_20201113_076	1	27	run 178	proteomic profiling by mass spectrometry	NT=timsTOF Pro;AC=MS:1003005	NT=label free sample;AC=MS:1002038	NT=Oxidation;AC=UNIMOD:35;TA=M;MT=Variable	NT=Acetyl;AC=UNIMOD:1;PP=Protein N-term;MT=Variable	not applicable	NT=Trypsin;AC=MS:1001251	NT=Lys-C;AC=MS:1001309	Data-independent acquisition	NT=collision-induced dissociation;AC=MS:1000133	not available	not available	not applicable	not applicable	released_set	1	1	20201113_TIMS04_Evo07_SA_ADB_1cell_HeLa_G2_76_S1-B4_1_4705.d	v1.1.0	NT=ms-proteomics;VV=v1.1.0	NT=human;VV=v1.1.0	NT=cell-lines;VV=v1.1.0	NT=single-cell;VV=v1.0.0	G2
HeLa_SC_G2_20201113_079	NT=Homo sapiens;AC=NCBITaxon:9606	NT=uterine cervix;AC=UBERON:0000002	NT=epithelial cell;AC=CL:0000066	NT=cervical adenocarcinoma;AC=MONDO:0005153	NT=HeLa;AC=EFO:0001185	CVCL_0030	HeLa	30Y6M	female	not applicable	not available	NT=Dulbecco's Modified Eagle Medium;AC=NCIT:C185409	NT=Thymidine;AC=NCIT:C880	G2	live	NT=single cell;AC=PRIDE:0000897	FACS	G2_20201113_079	1	28	run 179	proteomic profiling by mass spectrometry	NT=timsTOF Pro;AC=MS:1003005	NT=label free sample;AC=MS:1002038	NT=Oxidation;AC=UNIMOD:35;TA=M;MT=Variable	NT=Acetyl;AC=UNIMOD:1;PP=Protein N-term;MT=Variable	not applicable	NT=Trypsin;AC=MS:1001251	NT=Lys-C;AC=MS:1001309	Data-independent acquisition	NT=collision-induced dissociation;AC=MS:1000133	not available	not available	not applicable	not applicable	released_set	1	1	20201113_TIMS04_Evo07_SA_ADB_1cell_HeLa_G2_79_S1-B7_1_4708.d	v1.1.0	NT=ms-proteomics;VV=v1.1.0	NT=human;VV=v1.1.0	NT=cell-lines;VV=v1.1.0	NT=single-cell;VV=v1.0.0	G2
HeLa_SC_G2_20201113_086	NT=Homo sapiens;AC=NCBITaxon:9606	NT=uterine cervix;AC=UBERON:0000002	NT=epithelial cell;AC=CL:0000066	NT=cervical adenocarcinoma;AC=MONDO:0005153	NT=HeLa;AC=EFO:0001185	CVCL_0030	HeLa	30Y6M	female	not applicable	not available	NT=Dulbecco's Modified Eagle Medium;AC=NCIT:C185409	NT=Thymidine;AC=NCIT:C880	G2	live	NT=single cell;AC=PRIDE:0000897	FACS	G2_20201113_086	1	29	run 180	proteomic profiling by mass spectrometry	NT=timsTOF Pro;AC=MS:1003005	NT=label free sample;AC=MS:1002038	NT=Oxidation;AC=UNIMOD:35;TA=M;MT=Variable	NT=Acetyl;AC=UNIMOD:1;PP=Protein N-term;MT=Variable	not applicable	NT=Trypsin;AC=MS:1001251	NT=Lys-C;AC=MS:1001309	Data-independent acquisition	NT=collision-induced dissociation;AC=MS:1000133	not available	not available	not applicable	not applicable	released_set	1	1	20201113_TIMS04_Evo07_SA_ADB_1cell_HeLa_G2_86_S1-C2_1_4715.d	v1.1.0	NT=ms-proteomics;VV=v1.1.0	NT=human;VV=v1.1.0	NT=cell-lines;VV=v1.1.0	NT=single-cell;VV=v1.0.0	G2
HeLa_SC_G2_20201113_090	NT=Homo sapiens;AC=NCBITaxon:9606	NT=uterine cervix;AC=UBERON:0000002	NT=epithelial cell;AC=CL:0000066	NT=cervical adenocarcinoma;AC=MONDO:0005153	NT=HeLa;AC=EFO:0001185	CVCL_0030	HeLa	30Y6M	female	not applicable	not available	NT=Dulbecco's Modified Eagle Medium;AC=NCIT:C185409	NT=Thymidine;AC=NCIT:C880	G2	live	NT=single cell;AC=PRIDE:0000897	FACS	G2_20201113_090	1	30	run 181	proteomic profiling by mass spectrometry	NT=timsTOF Pro;AC=MS:1003005	NT=label free sample;AC=MS:1002038	NT=Oxidation;AC=UNIMOD:35;TA=M;MT=Variable	NT=Acetyl;AC=UNIMOD:1;PP=Protein N-term;MT=Variable	not applicable	NT=Trypsin;AC=MS:1001251	NT=Lys-C;AC=MS:1001309	Data-independent acquisition	NT=collision-induced dissociation;AC=MS:1000133	not available	not available	not applicable	not applicable	released_set	1	1	20201113_TIMS04_Evo07_SA_ADB_1cell_HeLa_G2_90_S1-C6_1_4719.d	v1.1.0	NT=ms-proteomics;VV=v1.1.0	NT=human;VV=v1.1.0	NT=cell-lines;VV=v1.1.0	NT=single-cell;VV=v1.0.0	G2
HeLa_SC_G2_20201113_091	NT=Homo sapiens;AC=NCBITaxon:9606	NT=uterine cervix;AC=UBERON:0000002	NT=epithelial cell;AC=CL:0000066	NT=cervical adenocarcinoma;AC=MONDO:0005153	NT=HeLa;AC=EFO:0001185	CVCL_0030	HeLa	30Y6M	female	not applicable	not available	NT=Dulbecco's Modified Eagle Medium;AC=NCIT:C185409	NT=Thymidine;AC=NCIT:C880	G2	live	NT=single cell;AC=PRIDE:0000897	FACS	G2_20201113_091	1	31	run 182	proteomic profiling by mass spectrometry	NT=timsTOF Pro;AC=MS:1003005	NT=label free sample;AC=MS:1002038	NT=Oxidation;AC=UNIMOD:35;TA=M;MT=Variable	NT=Acetyl;AC=UNIMOD:1;PP=Protein N-term;MT=Variable	not applicable	NT=Trypsin;AC=MS:1001251	NT=Lys-C;AC=MS:1001309	Data-independent acquisition	NT=collision-induced dissociation;AC=MS:1000133	not available	not available	not applicable	not applicable	released_set	1	1	20201113_TIMS04_Evo07_SA_ADB_1cell_HeLa_G2_91_S1-C7_1_4720.d	v1.1.0	NT=ms-proteomics;VV=v1.1.0	NT=human;VV=v1.1.0	NT=cell-lines;VV=v1.1.0	NT=single-cell;VV=v1.0.0	G2
HeLa_SC_G2_20201113_092	NT=Homo sapiens;AC=NCBITaxon:9606	NT=uterine cervix;AC=UBERON:0000002	NT=epithelial cell;AC=CL:0000066	NT=cervical adenocarcinoma;AC=MONDO:0005153	NT=HeLa;AC=EFO:0001185	CVCL_0030	HeLa	30Y6M	female	not applicable	not available	NT=Dulbecco's Modified Eagle Medium;AC=NCIT:C185409	NT=Thymidine;AC=NCIT:C880	G2	live	NT=single cell;AC=PRIDE:0000897	FACS	G2_20201113_092	1	32	run 183	proteomic profiling by mass spectrometry	NT=timsTOF Pro;AC=MS:1003005	NT=label free sample;AC=MS:1002038	NT=Oxidation;AC=UNIMOD:35;TA=M;MT=Variable	NT=Acetyl;AC=UNIMOD:1;PP=Protein N-term;MT=Variable	not applicable	NT=Trypsin;AC=MS:1001251	NT=Lys-C;AC=MS:1001309	Data-independent acquisition	NT=collision-induced dissociation;AC=MS:1000133	not available	not available	not applicable	not applicable	released_set	1	1	20201113_TIMS04_Evo07_SA_ADB_1cell_HeLa_G2_92_S1-C8_1_4721.d	v1.1.0	NT=ms-proteomics;VV=v1.1.0	NT=human;VV=v1.1.0	NT=cell-lines;VV=v1.1.0	NT=single-cell;VV=v1.0.0	G2
HeLa_SC_G2_20201113_093	NT=Homo sapiens;AC=NCBITaxon:9606	NT=uterine cervix;AC=UBERON:0000002	NT=epithelial cell;AC=CL:0000066	NT=cervical adenocarcinoma;AC=MONDO:0005153	NT=HeLa;AC=EFO:0001185	CVCL_0030	HeLa	30Y6M	female	not applicable	not available	NT=Dulbecco's Modified Eagle Medium;AC=NCIT:C185409	NT=Thymidine;AC=NCIT:C880	G2	live	NT=single cell;AC=PRIDE:0000897	FACS	G2_20201113_093	1	33	run 184	proteomic profiling by mass spectrometry	NT=timsTOF Pro;AC=MS:1003005	NT=label free sample;AC=MS:1002038	NT=Oxidation;AC=UNIMOD:35;TA=M;MT=Variable	NT=Acetyl;AC=UNIMOD:1;PP=Protein N-term;MT=Variable	not applicable	NT=Trypsin;AC=MS:1001251	NT=Lys-C;AC=MS:1001309	Data-independent acquisition	NT=collision-induced dissociation;AC=MS:1000133	not available	not available	not applicable	not applicable	released_set	1	1	20201113_TIMS04_Evo07_SA_ADB_1cell_HeLa_G2_93_S1-C9_1_4722.d	v1.1.0	NT=ms-proteomics;VV=v1.1.0	NT=human;VV=v1.1.0	NT=cell-lines;VV=v1.1.0	NT=single-cell;VV=v1.0.0	G2
HeLa_SC_G2_20201113_095	NT=Homo sapiens;AC=NCBITaxon:9606	NT=uterine cervix;AC=UBERON:0000002	NT=epithelial cell;AC=CL:0000066	NT=cervical adenocarcinoma;AC=MONDO:0005153	NT=HeLa;AC=EFO:0001185	CVCL_0030	HeLa	30Y6M	female	not applicable	not available	NT=Dulbecco's Modified Eagle Medium;AC=NCIT:C185409	NT=Thymidine;AC=NCIT:C880	G2	live	NT=single cell;AC=PRIDE:0000897	FACS	G2_20201113_095	1	34	run 185	proteomic profiling by mass spectrometry	NT=timsTOF Pro;AC=MS:1003005	NT=label free sample;AC=MS:1002038	NT=Oxidation;AC=UNIMOD:35;TA=M;MT=Variable	NT=Acetyl;AC=UNIMOD:1;PP=Protein N-term;MT=Variable	not applicable	NT=Trypsin;AC=MS:1001251	NT=Lys-C;AC=MS:1001309	Data-independent acquisition	NT=collision-induced dissociation;AC=MS:1000133	not available	not available	not applicable	not applicable	released_set	1	1	20201113_TIMS04_Evo07_SA_ADB_1cell_HeLa_G2_95_S1-C11_1_4724.d	v1.1.0	NT=ms-proteomics;VV=v1.1.0	NT=human;VV=v1.1.0	NT=cell-lines;VV=v1.1.0	NT=single-cell;VV=v1.0.0	G2
HeLa_SC_G2_20201113_098	NT=Homo sapiens;AC=NCBITaxon:9606	NT=uterine cervix;AC=UBERON:0000002	NT=epithelial cell;AC=CL:0000066	NT=cervical adenocarcinoma;AC=MONDO:0005153	NT=HeLa;AC=EFO:0001185	CVCL_0030	HeLa	30Y6M	female	not applicable	not available	NT=Dulbecco's Modified Eagle Medium;AC=NCIT:C185409	NT=Thymidine;AC=NCIT:C880	G2	live	NT=single cell;AC=PRIDE:0000897	FACS	G2_20201113_098	1	35	run 186	proteomic profiling by mass spectrometry	NT=timsTOF Pro;AC=MS:1003005	NT=label free sample;AC=MS:1002038	NT=Oxidation;AC=UNIMOD:35;TA=M;MT=Variable	NT=Acetyl;AC=UNIMOD:1;PP=Protein N-term;MT=Variable	not applicable	NT=Trypsin;AC=MS:1001251	NT=Lys-C;AC=MS:1001309	Data-independent acquisition	NT=collision-induced dissociation;AC=MS:1000133	not available	not available	not applicable	not applicable	released_set	1	1	20201113_TIMS04_Evo07_SA_ADB_1cell_HeLa_G2_98_S1-D2_1_4727.d	v1.1.0	NT=ms-proteomics;VV=v1.1.0	NT=human;VV=v1.1.0	NT=cell-lines;VV=v1.1.0	NT=single-cell;VV=v1.0.0	G2
HeLa_SC_G2_20201113_101	NT=Homo sapiens;AC=NCBITaxon:9606	NT=uterine cervix;AC=UBERON:0000002	NT=epithelial cell;AC=CL:0000066	NT=cervical adenocarcinoma;AC=MONDO:0005153	NT=HeLa;AC=EFO:0001185	CVCL_0030	HeLa	30Y6M	female	not applicable	not available	NT=Dulbecco's Modified Eagle Medium;AC=NCIT:C185409	NT=Thymidine;AC=NCIT:C880	G2	live	NT=single cell;AC=PRIDE:0000897	FACS	G2_20201113_101	1	36	run 187	proteomic profiling by mass spectrometry	NT=timsTOF Pro;AC=MS:1003005	NT=label free sample;AC=MS:1002038	NT=Oxidation;AC=UNIMOD:35;TA=M;MT=Variable	NT=Acetyl;AC=UNIMOD:1;PP=Protein N-term;MT=Variable	not applicable	NT=Trypsin;AC=MS:1001251	NT=Lys-C;AC=MS:1001309	Data-independent acquisition	NT=collision-induced dissociation;AC=MS:1000133	not available	not available	not applicable	not applicable	released_set	1	1	20201113_TIMS04_Evo07_SA_ADB_1cell_HeLa_G2_101_S1-D5_1_4730.d	v1.1.0	NT=ms-proteomics;VV=v1.1.0	NT=human;VV=v1.1.0	NT=cell-lines;VV=v1.1.0	NT=single-cell;VV=v1.0.0	G2
HeLa_SC_G2_20201113_102	NT=Homo sapiens;AC=NCBITaxon:9606	NT=uterine cervix;AC=UBERON:0000002	NT=epithelial cell;AC=CL:0000066	NT=cervical adenocarcinoma;AC=MONDO:0005153	NT=HeLa;AC=EFO:0001185	CVCL_0030	HeLa	30Y6M	female	not applicable	not available	NT=Dulbecco's Modified Eagle Medium;AC=NCIT:C185409	NT=Thymidine;AC=NCIT:C880	G2	live	NT=single cell;AC=PRIDE:0000897	FACS	G2_20201113_102	1	37	run 188	proteomic profiling by mass spectrometry	NT=timsTOF Pro;AC=MS:1003005	NT=label free sample;AC=MS:1002038	NT=Oxidation;AC=UNIMOD:35;TA=M;MT=Variable	NT=Acetyl;AC=UNIMOD:1;PP=Protein N-term;MT=Variable	not applicable	NT=Trypsin;AC=MS:1001251	NT=Lys-C;AC=MS:1001309	Data-independent acquisition	NT=collision-induced dissociation;AC=MS:1000133	not available	not available	not applicable	not applicable	released_set	1	1	20201113_TIMS04_Evo07_SA_ADB_1cell_HeLa_G2_102_S1-D6_1_4731.d	v1.1.0	NT=ms-proteomics;VV=v1.1.0	NT=human;VV=v1.1.0	NT=cell-lines;VV=v1.1.0	NT=single-cell;VV=v1.0.0	G2
HeLa_SC_G2_20201113_103	NT=Homo sapiens;AC=NCBITaxon:9606	NT=uterine cervix;AC=UBERON:0000002	NT=epithelial cell;AC=CL:0000066	NT=cervical adenocarcinoma;AC=MONDO:0005153	NT=HeLa;AC=EFO:0001185	CVCL_0030	HeLa	30Y6M	female	not applicable	not available	NT=Dulbecco's Modified Eagle Medium;AC=NCIT:C185409	NT=Thymidine;AC=NCIT:C880	G2	live	NT=single cell;AC=PRIDE:0000897	FACS	G2_20201113_103	1	38	run 189	proteomic profiling by mass spectrometry	NT=timsTOF Pro;AC=MS:1003005	NT=label free sample;AC=MS:1002038	NT=Oxidation;AC=UNIMOD:35;TA=M;MT=Variable	NT=Acetyl;AC=UNIMOD:1;PP=Protein N-term;MT=Variable	not applicable	NT=Trypsin;AC=MS:1001251	NT=Lys-C;AC=MS:1001309	Data-independent acquisition	NT=collision-induced dissociation;AC=MS:1000133	not available	not available	not applicable	not applicable	released_set	1	1	20201113_TIMS04_Evo07_SA_ADB_1cell_HeLa_G2_103_S1-D7_1_4732.d	v1.1.0	NT=ms-proteomics;VV=v1.1.0	NT=human;VV=v1.1.0	NT=cell-lines;VV=v1.1.0	NT=single-cell;VV=v1.0.0	G2
HeLa_SC_G2_20201113_107	NT=Homo sapiens;AC=NCBITaxon:9606	NT=uterine cervix;AC=UBERON:0000002	NT=epithelial cell;AC=CL:0000066	NT=cervical adenocarcinoma;AC=MONDO:0005153	NT=HeLa;AC=EFO:0001185	CVCL_0030	HeLa	30Y6M	female	not applicable	not available	NT=Dulbecco's Modified Eagle Medium;AC=NCIT:C185409	NT=Thymidine;AC=NCIT:C880	G2	live	NT=single cell;AC=PRIDE:0000897	FACS	G2_20201113_107	1	39	run 190	proteomic profiling by mass spectrometry	NT=timsTOF Pro;AC=MS:1003005	NT=label free sample;AC=MS:1002038	NT=Oxidation;AC=UNIMOD:35;TA=M;MT=Variable	NT=Acetyl;AC=UNIMOD:1;PP=Protein N-term;MT=Variable	not applicable	NT=Trypsin;AC=MS:1001251	NT=Lys-C;AC=MS:1001309	Data-independent acquisition	NT=collision-induced dissociation;AC=MS:1000133	not available	not available	not applicable	not applicable	released_set	1	1	20201113_TIMS04_Evo07_SA_ADB_1cell_HeLa_G2_107_S1-D11_1_4736.d	v1.1.0	NT=ms-proteomics;VV=v1.1.0	NT=human;VV=v1.1.0	NT=cell-lines;VV=v1.1.0	NT=single-cell;VV=v1.0.0	G2
HeLa_SC_G2_20201113_110	NT=Homo sapiens;AC=NCBITaxon:9606	NT=uterine cervix;AC=UBERON:0000002	NT=epithelial cell;AC=CL:0000066	NT=cervical adenocarcinoma;AC=MONDO:0005153	NT=HeLa;AC=EFO:0001185	CVCL_0030	HeLa	30Y6M	female	not applicable	not available	NT=Dulbecco's Modified Eagle Medium;AC=NCIT:C185409	NT=Thymidine;AC=NCIT:C880	G2	live	NT=single cell;AC=PRIDE:0000897	FACS	G2_20201113_110	1	40	run 191	proteomic profiling by mass spectrometry	NT=timsTOF Pro;AC=MS:1003005	NT=label free sample;AC=MS:1002038	NT=Oxidation;AC=UNIMOD:35;TA=M;MT=Variable	NT=Acetyl;AC=UNIMOD:1;PP=Protein N-term;MT=Variable	not applicable	NT=Trypsin;AC=MS:1001251	NT=Lys-C;AC=MS:1001309	Data-independent acquisition	NT=collision-induced dissociation;AC=MS:1000133	not available	not available	not applicable	not applicable	released_set	1	1	20201113_TIMS04_Evo07_SA_ADB_1cell_HeLa_G2_110_S1-E2_1_4739.d	v1.1.0	NT=ms-proteomics;VV=v1.1.0	NT=human;VV=v1.1.0	NT=cell-lines;VV=v1.1.0	NT=single-cell;VV=v1.0.0	G2
HeLa_SC_G2_20201113_112	NT=Homo sapiens;AC=NCBITaxon:9606	NT=uterine cervix;AC=UBERON:0000002	NT=epithelial cell;AC=CL:0000066	NT=cervical adenocarcinoma;AC=MONDO:0005153	NT=HeLa;AC=EFO:0001185	CVCL_0030	HeLa	30Y6M	female	not applicable	not available	NT=Dulbecco's Modified Eagle Medium;AC=NCIT:C185409	NT=Thymidine;AC=NCIT:C880	G2	live	NT=single cell;AC=PRIDE:0000897	FACS	G2_20201113_112	1	41	run 192	proteomic profiling by mass spectrometry	NT=timsTOF Pro;AC=MS:1003005	NT=label free sample;AC=MS:1002038	NT=Oxidation;AC=UNIMOD:35;TA=M;MT=Variable	NT=Acetyl;AC=UNIMOD:1;PP=Protein N-term;MT=Variable	not applicable	NT=Trypsin;AC=MS:1001251	NT=Lys-C;AC=MS:1001309	Data-independent acquisition	NT=collision-induced dissociation;AC=MS:1000133	not available	not available	not applicable	not applicable	released_set	1	1	20201113_TIMS04_Evo07_SA_ADB_1cell_HeLa_G2_112_S1-E4_1_4741.d	v1.1.0	NT=ms-proteomics;VV=v1.1.0	NT=human;VV=v1.1.0	NT=cell-lines;VV=v1.1.0	NT=single-cell;VV=v1.0.0	G2
HeLa_SC_G2_20201113_116	NT=Homo sapiens;AC=NCBITaxon:9606	NT=uterine cervix;AC=UBERON:0000002	NT=epithelial cell;AC=CL:0000066	NT=cervical adenocarcinoma;AC=MONDO:0005153	NT=HeLa;AC=EFO:0001185	CVCL_0030	HeLa	30Y6M	female	not applicable	not available	NT=Dulbecco's Modified Eagle Medium;AC=NCIT:C185409	NT=Thymidine;AC=NCIT:C880	G2	live	NT=single cell;AC=PRIDE:0000897	FACS	G2_20201113_116	1	42	run 193	proteomic profiling by mass spectrometry	NT=timsTOF Pro;AC=MS:1003005	NT=label free sample;AC=MS:1002038	NT=Oxidation;AC=UNIMOD:35;TA=M;MT=Variable	NT=Acetyl;AC=UNIMOD:1;PP=Protein N-term;MT=Variable	not applicable	NT=Trypsin;AC=MS:1001251	NT=Lys-C;AC=MS:1001309	Data-independent acquisition	NT=collision-induced dissociation;AC=MS:1000133	not available	not available	not applicable	not applicable	released_set	1	1	20201113_TIMS04_Evo07_SA_ADB_1cell_HeLa_G2_116_S1-E8_1_4745.d	v1.1.0	NT=ms-proteomics;VV=v1.1.0	NT=human;VV=v1.1.0	NT=cell-lines;VV=v1.1.0	NT=single-cell;VV=v1.0.0	G2
HeLa_SC_G2_20201113_118	NT=Homo sapiens;AC=NCBITaxon:9606	NT=uterine cervix;AC=UBERON:0000002	NT=epithelial cell;AC=CL:0000066	NT=cervical adenocarcinoma;AC=MONDO:0005153	NT=HeLa;AC=EFO:0001185	CVCL_0030	HeLa	30Y6M	female	not applicable	not available	NT=Dulbecco's Modified Eagle Medium;AC=NCIT:C185409	NT=Thymidine;AC=NCIT:C880	G2	live	NT=single cell;AC=PRIDE:0000897	FACS	G2_20201113_118	1	43	run 194	proteomic profiling by mass spectrometry	NT=timsTOF Pro;AC=MS:1003005	NT=label free sample;AC=MS:1002038	NT=Oxidation;AC=UNIMOD:35;TA=M;MT=Variable	NT=Acetyl;AC=UNIMOD:1;PP=Protein N-term;MT=Variable	not applicable	NT=Trypsin;AC=MS:1001251	NT=Lys-C;AC=MS:1001309	Data-independent acquisition	NT=collision-induced dissociation;AC=MS:1000133	not available	not available	not applicable	not applicable	released_set	1	1	20201113_TIMS04_Evo07_SA_ADB_1cell_HeLa_G2_118_S1-E10_1_4747.d	v1.1.0	NT=ms-proteomics;VV=v1.1.0	NT=human;VV=v1.1.0	NT=cell-lines;VV=v1.1.0	NT=single-cell;VV=v1.0.0	G2
HeLa_SC_G2_20201113_122	NT=Homo sapiens;AC=NCBITaxon:9606	NT=uterine cervix;AC=UBERON:0000002	NT=epithelial cell;AC=CL:0000066	NT=cervical adenocarcinoma;AC=MONDO:0005153	NT=HeLa;AC=EFO:0001185	CVCL_0030	HeLa	30Y6M	female	not applicable	not available	NT=Dulbecco's Modified Eagle Medium;AC=NCIT:C185409	NT=Thymidine;AC=NCIT:C880	G2	live	NT=single cell;AC=PRIDE:0000897	FACS	G2_20201113_122	1	44	run 195	proteomic profiling by mass spectrometry	NT=timsTOF Pro;AC=MS:1003005	NT=label free sample;AC=MS:1002038	NT=Oxidation;AC=UNIMOD:35;TA=M;MT=Variable	NT=Acetyl;AC=UNIMOD:1;PP=Protein N-term;MT=Variable	not applicable	NT=Trypsin;AC=MS:1001251	NT=Lys-C;AC=MS:1001309	Data-independent acquisition	NT=collision-induced dissociation;AC=MS:1000133	not available	not available	not applicable	not applicable	released_set	1	1	20201113_TIMS04_Evo07_SA_ADB_1cell_HeLa_G2_122_S1-F2_1_4751.d	v1.1.0	NT=ms-proteomics;VV=v1.1.0	NT=human;VV=v1.1.0	NT=cell-lines;VV=v1.1.0	NT=single-cell;VV=v1.0.0	G2
HeLa_SC_G2_20201113_124	NT=Homo sapiens;AC=NCBITaxon:9606	NT=uterine cervix;AC=UBERON:0000002	NT=epithelial cell;AC=CL:0000066	NT=cervical adenocarcinoma;AC=MONDO:0005153	NT=HeLa;AC=EFO:0001185	CVCL_0030	HeLa	30Y6M	female	not applicable	not available	NT=Dulbecco's Modified Eagle Medium;AC=NCIT:C185409	NT=Thymidine;AC=NCIT:C880	G2	live	NT=single cell;AC=PRIDE:0000897	FACS	G2_20201113_124	1	45	run 196	proteomic profiling by mass spectrometry	NT=timsTOF Pro;AC=MS:1003005	NT=label free sample;AC=MS:1002038	NT=Oxidation;AC=UNIMOD:35;TA=M;MT=Variable	NT=Acetyl;AC=UNIMOD:1;PP=Protein N-term;MT=Variable	not applicable	NT=Trypsin;AC=MS:1001251	NT=Lys-C;AC=MS:1001309	Data-independent acquisition	NT=collision-induced dissociation;AC=MS:1000133	not available	not available	not applicable	not applicable	released_set	1	1	20201113_TIMS04_Evo07_SA_ADB_1cell_HeLa_G2_124_S1-F4_1_4753.d	v1.1.0	NT=ms-proteomics;VV=v1.1.0	NT=human;VV=v1.1.0	NT=cell-lines;VV=v1.1.0	NT=single-cell;VV=v1.0.0	G2
HeLa_SC_G2_20201113_125	NT=Homo sapiens;AC=NCBITaxon:9606	NT=uterine cervix;AC=UBERON:0000002	NT=epithelial cell;AC=CL:0000066	NT=cervical adenocarcinoma;AC=MONDO:0005153	NT=HeLa;AC=EFO:0001185	CVCL_0030	HeLa	30Y6M	female	not applicable	not available	NT=Dulbecco's Modified Eagle Medium;AC=NCIT:C185409	NT=Thymidine;AC=NCIT:C880	G2	live	NT=single cell;AC=PRIDE:0000897	FACS	G2_20201113_125	1	46	run 197	proteomic profiling by mass spectrometry	NT=timsTOF Pro;AC=MS:1003005	NT=label free sample;AC=MS:1002038	NT=Oxidation;AC=UNIMOD:35;TA=M;MT=Variable	NT=Acetyl;AC=UNIMOD:1;PP=Protein N-term;MT=Variable	not applicable	NT=Trypsin;AC=MS:1001251	NT=Lys-C;AC=MS:1001309	Data-independent acquisition	NT=collision-induced dissociation;AC=MS:1000133	not available	not available	not applicable	not applicable	released_set	1	1	20201113_TIMS04_Evo07_SA_ADB_1cell_HeLa_G2_125_S1-F5_1_4754.d	v1.1.0	NT=ms-proteomics;VV=v1.1.0	NT=human;VV=v1.1.0	NT=cell-lines;VV=v1.1.0	NT=single-cell;VV=v1.0.0	G2
HeLa_SC_G2_20201113_134	NT=Homo sapiens;AC=NCBITaxon:9606	NT=uterine cervix;AC=UBERON:0000002	NT=epithelial cell;AC=CL:0000066	NT=cervical adenocarcinoma;AC=MONDO:0005153	NT=HeLa;AC=EFO:0001185	CVCL_0030	HeLa	30Y6M	female	not applicable	not available	NT=Dulbecco's Modified Eagle Medium;AC=NCIT:C185409	NT=Thymidine;AC=NCIT:C880	G2	live	NT=single cell;AC=PRIDE:0000897	FACS	G2_20201113_134	1	47	run 198	proteomic profiling by mass spectrometry	NT=timsTOF Pro;AC=MS:1003005	NT=label free sample;AC=MS:1002038	NT=Oxidation;AC=UNIMOD:35;TA=M;MT=Variable	NT=Acetyl;AC=UNIMOD:1;PP=Protein N-term;MT=Variable	not applicable	NT=Trypsin;AC=MS:1001251	NT=Lys-C;AC=MS:1001309	Data-independent acquisition	NT=collision-induced dissociation;AC=MS:1000133	not available	not available	not applicable	not applicable	released_set	1	1	20201113_TIMS04_Evo07_SA_ADB_1cell_HeLa_G2_134_S1-G2_1_4763.d	v1.1.0	NT=ms-proteomics;VV=v1.1.0	NT=human;VV=v1.1.0	NT=cell-lines;VV=v1.1.0	NT=single-cell;VV=v1.0.0	G2
HeLa_SC_G2_20201113_135	NT=Homo sapiens;AC=NCBITaxon:9606	NT=uterine cervix;AC=UBERON:0000002	NT=epithelial cell;AC=CL:0000066	NT=cervical adenocarcinoma;AC=MONDO:0005153	NT=HeLa;AC=EFO:0001185	CVCL_0030	HeLa	30Y6M	female	not applicable	not available	NT=Dulbecco's Modified Eagle Medium;AC=NCIT:C185409	NT=Thymidine;AC=NCIT:C880	G2	live	NT=single cell;AC=PRIDE:0000897	FACS	G2_20201113_135	1	48	run 199	proteomic profiling by mass spectrometry	NT=timsTOF Pro;AC=MS:1003005	NT=label free sample;AC=MS:1002038	NT=Oxidation;AC=UNIMOD:35;TA=M;MT=Variable	NT=Acetyl;AC=UNIMOD:1;PP=Protein N-term;MT=Variable	not applicable	NT=Trypsin;AC=MS:1001251	NT=Lys-C;AC=MS:1001309	Data-independent acquisition	NT=collision-induced dissociation;AC=MS:1000133	not available	not available	not applicable	not applicable	released_set	1	1	20201113_TIMS04_Evo07_SA_ADB_1cell_HeLa_G2_135_S1-G3_1_4764.d	v1.1.0	NT=ms-proteomics;VV=v1.1.0	NT=human;VV=v1.1.0	NT=cell-lines;VV=v1.1.0	NT=single-cell;VV=v1.0.0	G2
HeLa_SC_G2_20201113_136	NT=Homo sapiens;AC=NCBITaxon:9606	NT=uterine cervix;AC=UBERON:0000002	NT=epithelial cell;AC=CL:0000066	NT=cervical adenocarcinoma;AC=MONDO:0005153	NT=HeLa;AC=EFO:0001185	CVCL_0030	HeLa	30Y6M	female	not applicable	not available	NT=Dulbecco's Modified Eagle Medium;AC=NCIT:C185409	NT=Thymidine;AC=NCIT:C880	G2	live	NT=single cell;AC=PRIDE:0000897	FACS	G2_20201113_136	1	49	run 200	proteomic profiling by mass spectrometry	NT=timsTOF Pro;AC=MS:1003005	NT=label free sample;AC=MS:1002038	NT=Oxidation;AC=UNIMOD:35;TA=M;MT=Variable	NT=Acetyl;AC=UNIMOD:1;PP=Protein N-term;MT=Variable	not applicable	NT=Trypsin;AC=MS:1001251	NT=Lys-C;AC=MS:1001309	Data-independent acquisition	NT=collision-induced dissociation;AC=MS:1000133	not available	not available	not applicable	not applicable	released_set	1	1	20201113_TIMS04_Evo07_SA_ADB_1cell_HeLa_G2_136_S1-G4_1_4765.d	v1.1.0	NT=ms-proteomics;VV=v1.1.0	NT=human;VV=v1.1.0	NT=cell-lines;VV=v1.1.0	NT=single-cell;VV=v1.0.0	G2
HeLa_SC_G2_20201113_138	NT=Homo sapiens;AC=NCBITaxon:9606	NT=uterine cervix;AC=UBERON:0000002	NT=epithelial cell;AC=CL:0000066	NT=cervical adenocarcinoma;AC=MONDO:0005153	NT=HeLa;AC=EFO:0001185	CVCL_0030	HeLa	30Y6M	female	not applicable	not available	NT=Dulbecco's Modified Eagle Medium;AC=NCIT:C185409	NT=Thymidine;AC=NCIT:C880	G2	live	NT=single cell;AC=PRIDE:0000897	FACS	G2_20201113_138	1	50	run 201	proteomic profiling by mass spectrometry	NT=timsTOF Pro;AC=MS:1003005	NT=label free sample;AC=MS:1002038	NT=Oxidation;AC=UNIMOD:35;TA=M;MT=Variable	NT=Acetyl;AC=UNIMOD:1;PP=Protein N-term;MT=Variable	not applicable	NT=Trypsin;AC=MS:1001251	NT=Lys-C;AC=MS:1001309	Data-independent acquisition	NT=collision-induced dissociation;AC=MS:1000133	not available	not available	not applicable	not applicable	released_set	1	1	20201113_TIMS04_Evo07_SA_ADB_1cell_HeLa_G2_138_S1-G6_1_4767.d	v1.1.0	NT=ms-proteomics;VV=v1.1.0	NT=human;VV=v1.1.0	NT=cell-lines;VV=v1.1.0	NT=single-cell;VV=v1.0.0	G2
HeLa_SC_G2_20201113_139	NT=Homo sapiens;AC=NCBITaxon:9606	NT=uterine cervix;AC=UBERON:0000002	NT=epithelial cell;AC=CL:0000066	NT=cervical adenocarcinoma;AC=MONDO:0005153	NT=HeLa;AC=EFO:0001185	CVCL_0030	HeLa	30Y6M	female	not applicable	not available	NT=Dulbecco's Modified Eagle Medium;AC=NCIT:C185409	NT=Thymidine;AC=NCIT:C880	G2	live	NT=single cell;AC=PRIDE:0000897	FACS	G2_20201113_139	1	51	run 202	proteomic profiling by mass spectrometry	NT=timsTOF Pro;AC=MS:1003005	NT=label free sample;AC=MS:1002038	NT=Oxidation;AC=UNIMOD:35;TA=M;MT=Variable	NT=Acetyl;AC=UNIMOD:1;PP=Protein N-term;MT=Variable	not applicable	NT=Trypsin;AC=MS:1001251	NT=Lys-C;AC=MS:1001309	Data-independent acquisition	NT=collision-induced dissociation;AC=MS:1000133	not available	not available	not applicable	not applicable	released_set	1	1	20201113_TIMS04_Evo07_SA_ADB_1cell_HeLa_G2_139_S1-G7_1_4768.d	v1.1.0	NT=ms-proteomics;VV=v1.1.0	NT=human;VV=v1.1.0	NT=cell-lines;VV=v1.1.0	NT=single-cell;VV=v1.0.0	G2
HeLa_SC_G2_20201113_142	NT=Homo sapiens;AC=NCBITaxon:9606	NT=uterine cervix;AC=UBERON:0000002	NT=epithelial cell;AC=CL:0000066	NT=cervical adenocarcinoma;AC=MONDO:0005153	NT=HeLa;AC=EFO:0001185	CVCL_0030	HeLa	30Y6M	female	not applicable	not available	NT=Dulbecco's Modified Eagle Medium;AC=NCIT:C185409	NT=Thymidine;AC=NCIT:C880	G2	live	NT=single cell;AC=PRIDE:0000897	FACS	G2_20201113_142	1	52	run 203	proteomic profiling by mass spectrometry	NT=timsTOF Pro;AC=MS:1003005	NT=label free sample;AC=MS:1002038	NT=Oxidation;AC=UNIMOD:35;TA=M;MT=Variable	NT=Acetyl;AC=UNIMOD:1;PP=Protein N-term;MT=Variable	not applicable	NT=Trypsin;AC=MS:1001251	NT=Lys-C;AC=MS:1001309	Data-independent acquisition	NT=collision-induced dissociation;AC=MS:1000133	not available	not available	not applicable	not applicable	released_set	1	1	20201113_TIMS04_Evo07_SA_ADB_1cell_HeLa_G2_142_S1-G10_1_4771.d	v1.1.0	NT=ms-proteomics;VV=v1.1.0	NT=human;VV=v1.1.0	NT=cell-lines;VV=v1.1.0	NT=single-cell;VV=v1.0.0	G2
HeLa_SC_G1_20201121_003	NT=Homo sapiens;AC=NCBITaxon:9606	NT=uterine cervix;AC=UBERON:0000002	NT=epithelial cell;AC=CL:0000066	NT=cervical adenocarcinoma;AC=MONDO:0005153	NT=HeLa;AC=EFO:0001185	CVCL_0030	HeLa	30Y6M	female	not applicable	not available	NT=Dulbecco's Modified Eagle Medium;AC=NCIT:C185409	NT=Nocodazole;AC=NCIT:C75228	G1	live	NT=single cell;AC=PRIDE:0000897	FACS	G1_20201121_003	1	1	run 204	proteomic profiling by mass spectrometry	NT=timsTOF Pro;AC=MS:1003005	NT=label free sample;AC=MS:1002038	NT=Oxidation;AC=UNIMOD:35;TA=M;MT=Variable	NT=Acetyl;AC=UNIMOD:1;PP=Protein N-term;MT=Variable	not applicable	NT=Trypsin;AC=MS:1001251	NT=Lys-C;AC=MS:1001309	Data-independent acquisition	NT=collision-induced dissociation;AC=MS:1000133	not available	not available	not applicable	not applicable	released_set	1	1	20201121_TIMS04_Evo07_SA_ADB_1cell_HeLa_G1_03_S4-B3_1_4799.d	v1.1.0	NT=ms-proteomics;VV=v1.1.0	NT=human;VV=v1.1.0	NT=cell-lines;VV=v1.1.0	NT=single-cell;VV=v1.0.0	G1
HeLa_SC_G1_20201121_004	NT=Homo sapiens;AC=NCBITaxon:9606	NT=uterine cervix;AC=UBERON:0000002	NT=epithelial cell;AC=CL:0000066	NT=cervical adenocarcinoma;AC=MONDO:0005153	NT=HeLa;AC=EFO:0001185	CVCL_0030	HeLa	30Y6M	female	not applicable	not available	NT=Dulbecco's Modified Eagle Medium;AC=NCIT:C185409	NT=Nocodazole;AC=NCIT:C75228	G1	live	NT=single cell;AC=PRIDE:0000897	FACS	G1_20201121_004	1	2	run 205	proteomic profiling by mass spectrometry	NT=timsTOF Pro;AC=MS:1003005	NT=label free sample;AC=MS:1002038	NT=Oxidation;AC=UNIMOD:35;TA=M;MT=Variable	NT=Acetyl;AC=UNIMOD:1;PP=Protein N-term;MT=Variable	not applicable	NT=Trypsin;AC=MS:1001251	NT=Lys-C;AC=MS:1001309	Data-independent acquisition	NT=collision-induced dissociation;AC=MS:1000133	not available	not available	not applicable	not applicable	released_set	1	1	20201121_TIMS04_Evo07_SA_ADB_1cell_HeLa_G1_04_S4-B4_1_4800.d	v1.1.0	NT=ms-proteomics;VV=v1.1.0	NT=human;VV=v1.1.0	NT=cell-lines;VV=v1.1.0	NT=single-cell;VV=v1.0.0	G1
HeLa_SC_G1_20201121_005	NT=Homo sapiens;AC=NCBITaxon:9606	NT=uterine cervix;AC=UBERON:0000002	NT=epithelial cell;AC=CL:0000066	NT=cervical adenocarcinoma;AC=MONDO:0005153	NT=HeLa;AC=EFO:0001185	CVCL_0030	HeLa	30Y6M	female	not applicable	not available	NT=Dulbecco's Modified Eagle Medium;AC=NCIT:C185409	NT=Nocodazole;AC=NCIT:C75228	G1	live	NT=single cell;AC=PRIDE:0000897	FACS	G1_20201121_005	1	3	run 206	proteomic profiling by mass spectrometry	NT=timsTOF Pro;AC=MS:1003005	NT=label free sample;AC=MS:1002038	NT=Oxidation;AC=UNIMOD:35;TA=M;MT=Variable	NT=Acetyl;AC=UNIMOD:1;PP=Protein N-term;MT=Variable	not applicable	NT=Trypsin;AC=MS:1001251	NT=Lys-C;AC=MS:1001309	Data-independent acquisition	NT=collision-induced dissociation;AC=MS:1000133	not available	not available	not applicable	not applicable	released_set	1	1	20201121_TIMS04_Evo07_SA_ADB_1cell_HeLa_G1_05_S4-B5_1_4801.d	v1.1.0	NT=ms-proteomics;VV=v1.1.0	NT=human;VV=v1.1.0	NT=cell-lines;VV=v1.1.0	NT=single-cell;VV=v1.0.0	G1
HeLa_SC_G1_20201121_006	NT=Homo sapiens;AC=NCBITaxon:9606	NT=uterine cervix;AC=UBERON:0000002	NT=epithelial cell;AC=CL:0000066	NT=cervical adenocarcinoma;AC=MONDO:0005153	NT=HeLa;AC=EFO:0001185	CVCL_0030	HeLa	30Y6M	female	not applicable	not available	NT=Dulbecco's Modified Eagle Medium;AC=NCIT:C185409	NT=Nocodazole;AC=NCIT:C75228	G1	live	NT=single cell;AC=PRIDE:0000897	FACS	G1_20201121_006	1	4	run 207	proteomic profiling by mass spectrometry	NT=timsTOF Pro;AC=MS:1003005	NT=label free sample;AC=MS:1002038	NT=Oxidation;AC=UNIMOD:35;TA=M;MT=Variable	NT=Acetyl;AC=UNIMOD:1;PP=Protein N-term;MT=Variable	not applicable	NT=Trypsin;AC=MS:1001251	NT=Lys-C;AC=MS:1001309	Data-independent acquisition	NT=collision-induced dissociation;AC=MS:1000133	not available	not available	not applicable	not applicable	released_set	1	1	20201121_TIMS04_Evo07_SA_ADB_1cell_HeLa_G1_06_S4-B6_1_4802.d	v1.1.0	NT=ms-proteomics;VV=v1.1.0	NT=human;VV=v1.1.0	NT=cell-lines;VV=v1.1.0	NT=single-cell;VV=v1.0.0	G1
HeLa_SC_G1_20201121_007	NT=Homo sapiens;AC=NCBITaxon:9606	NT=uterine cervix;AC=UBERON:0000002	NT=epithelial cell;AC=CL:0000066	NT=cervical adenocarcinoma;AC=MONDO:0005153	NT=HeLa;AC=EFO:0001185	CVCL_0030	HeLa	30Y6M	female	not applicable	not available	NT=Dulbecco's Modified Eagle Medium;AC=NCIT:C185409	NT=Nocodazole;AC=NCIT:C75228	G1	live	NT=single cell;AC=PRIDE:0000897	FACS	G1_20201121_007	1	5	run 208	proteomic profiling by mass spectrometry	NT=timsTOF Pro;AC=MS:1003005	NT=label free sample;AC=MS:1002038	NT=Oxidation;AC=UNIMOD:35;TA=M;MT=Variable	NT=Acetyl;AC=UNIMOD:1;PP=Protein N-term;MT=Variable	not applicable	NT=Trypsin;AC=MS:1001251	NT=Lys-C;AC=MS:1001309	Data-independent acquisition	NT=collision-induced dissociation;AC=MS:1000133	not available	not available	not applicable	not applicable	released_set	1	1	20201121_TIMS04_Evo07_SA_ADB_1cell_HeLa_G1_07_S4-B7_1_4803.d	v1.1.0	NT=ms-proteomics;VV=v1.1.0	NT=human;VV=v1.1.0	NT=cell-lines;VV=v1.1.0	NT=single-cell;VV=v1.0.0	G1
HeLa_SC_G1_20201121_008	NT=Homo sapiens;AC=NCBITaxon:9606	NT=uterine cervix;AC=UBERON:0000002	NT=epithelial cell;AC=CL:0000066	NT=cervical adenocarcinoma;AC=MONDO:0005153	NT=HeLa;AC=EFO:0001185	CVCL_0030	HeLa	30Y6M	female	not applicable	not available	NT=Dulbecco's Modified Eagle Medium;AC=NCIT:C185409	NT=Nocodazole;AC=NCIT:C75228	G1	live	NT=single cell;AC=PRIDE:0000897	FACS	G1_20201121_008	1	6	run 209	proteomic profiling by mass spectrometry	NT=timsTOF Pro;AC=MS:1003005	NT=label free sample;AC=MS:1002038	NT=Oxidation;AC=UNIMOD:35;TA=M;MT=Variable	NT=Acetyl;AC=UNIMOD:1;PP=Protein N-term;MT=Variable	not applicable	NT=Trypsin;AC=MS:1001251	NT=Lys-C;AC=MS:1001309	Data-independent acquisition	NT=collision-induced dissociation;AC=MS:1000133	not available	not available	not applicable	not applicable	released_set	1	1	20201121_TIMS04_Evo07_SA_ADB_1cell_HeLa_G1_08_S4-B8_1_4804.d	v1.1.0	NT=ms-proteomics;VV=v1.1.0	NT=human;VV=v1.1.0	NT=cell-lines;VV=v1.1.0	NT=single-cell;VV=v1.0.0	G1
HeLa_SC_G1_20201121_009	NT=Homo sapiens;AC=NCBITaxon:9606	NT=uterine cervix;AC=UBERON:0000002	NT=epithelial cell;AC=CL:0000066	NT=cervical adenocarcinoma;AC=MONDO:0005153	NT=HeLa;AC=EFO:0001185	CVCL_0030	HeLa	30Y6M	female	not applicable	not available	NT=Dulbecco's Modified Eagle Medium;AC=NCIT:C185409	NT=Nocodazole;AC=NCIT:C75228	G1	live	NT=single cell;AC=PRIDE:0000897	FACS	G1_20201121_009	1	7	run 210	proteomic profiling by mass spectrometry	NT=timsTOF Pro;AC=MS:1003005	NT=label free sample;AC=MS:1002038	NT=Oxidation;AC=UNIMOD:35;TA=M;MT=Variable	NT=Acetyl;AC=UNIMOD:1;PP=Protein N-term;MT=Variable	not applicable	NT=Trypsin;AC=MS:1001251	NT=Lys-C;AC=MS:1001309	Data-independent acquisition	NT=collision-induced dissociation;AC=MS:1000133	not available	not available	not applicable	not applicable	released_set	1	1	20201121_TIMS04_Evo07_SA_ADB_1cell_HeLa_G1_09_S4-B9_1_4805.d	v1.1.0	NT=ms-proteomics;VV=v1.1.0	NT=human;VV=v1.1.0	NT=cell-lines;VV=v1.1.0	NT=single-cell;VV=v1.0.0	G1
HeLa_SC_G1_20201121_012	NT=Homo sapiens;AC=NCBITaxon:9606	NT=uterine cervix;AC=UBERON:0000002	NT=epithelial cell;AC=CL:0000066	NT=cervical adenocarcinoma;AC=MONDO:0005153	NT=HeLa;AC=EFO:0001185	CVCL_0030	HeLa	30Y6M	female	not applicable	not available	NT=Dulbecco's Modified Eagle Medium;AC=NCIT:C185409	NT=Nocodazole;AC=NCIT:C75228	G1	live	NT=single cell;AC=PRIDE:0000897	FACS	G1_20201121_012	1	8	run 211	proteomic profiling by mass spectrometry	NT=timsTOF Pro;AC=MS:1003005	NT=label free sample;AC=MS:1002038	NT=Oxidation;AC=UNIMOD:35;TA=M;MT=Variable	NT=Acetyl;AC=UNIMOD:1;PP=Protein N-term;MT=Variable	not applicable	NT=Trypsin;AC=MS:1001251	NT=Lys-C;AC=MS:1001309	Data-independent acquisition	NT=collision-induced dissociation;AC=MS:1000133	not available	not available	not applicable	not applicable	released_set	1	1	20201121_TIMS04_Evo07_SA_ADB_1cell_HeLa_G1_12_S4-B12_1_4808.d	v1.1.0	NT=ms-proteomics;VV=v1.1.0	NT=human;VV=v1.1.0	NT=cell-lines;VV=v1.1.0	NT=single-cell;VV=v1.0.0	G1
HeLa_SC_G1_20201121_015	NT=Homo sapiens;AC=NCBITaxon:9606	NT=uterine cervix;AC=UBERON:0000002	NT=epithelial cell;AC=CL:0000066	NT=cervical adenocarcinoma;AC=MONDO:0005153	NT=HeLa;AC=EFO:0001185	CVCL_0030	HeLa	30Y6M	female	not applicable	not available	NT=Dulbecco's Modified Eagle Medium;AC=NCIT:C185409	NT=Nocodazole;AC=NCIT:C75228	G1	live	NT=single cell;AC=PRIDE:0000897	FACS	G1_20201121_015	1	9	run 212	proteomic profiling by mass spectrometry	NT=timsTOF Pro;AC=MS:1003005	NT=label free sample;AC=MS:1002038	NT=Oxidation;AC=UNIMOD:35;TA=M;MT=Variable	NT=Acetyl;AC=UNIMOD:1;PP=Protein N-term;MT=Variable	not applicable	NT=Trypsin;AC=MS:1001251	NT=Lys-C;AC=MS:1001309	Data-independent acquisition	NT=collision-induced dissociation;AC=MS:1000133	not available	not available	not applicable	not applicable	released_set	1	1	20201121_TIMS04_Evo07_SA_ADB_1cell_HeLa_G1_15_S4-C3_1_4811.d	v1.1.0	NT=ms-proteomics;VV=v1.1.0	NT=human;VV=v1.1.0	NT=cell-lines;VV=v1.1.0	NT=single-cell;VV=v1.0.0	G1
HeLa_SC_G1_20201121_016	NT=Homo sapiens;AC=NCBITaxon:9606	NT=uterine cervix;AC=UBERON:0000002	NT=epithelial cell;AC=CL:0000066	NT=cervical adenocarcinoma;AC=MONDO:0005153	NT=HeLa;AC=EFO:0001185	CVCL_0030	HeLa	30Y6M	female	not applicable	not available	NT=Dulbecco's Modified Eagle Medium;AC=NCIT:C185409	NT=Nocodazole;AC=NCIT:C75228	G1	live	NT=single cell;AC=PRIDE:0000897	FACS	G1_20201121_016	1	10	run 213	proteomic profiling by mass spectrometry	NT=timsTOF Pro;AC=MS:1003005	NT=label free sample;AC=MS:1002038	NT=Oxidation;AC=UNIMOD:35;TA=M;MT=Variable	NT=Acetyl;AC=UNIMOD:1;PP=Protein N-term;MT=Variable	not applicable	NT=Trypsin;AC=MS:1001251	NT=Lys-C;AC=MS:1001309	Data-independent acquisition	NT=collision-induced dissociation;AC=MS:1000133	not available	not available	not applicable	not applicable	released_set	1	1	20201121_TIMS04_Evo07_SA_ADB_1cell_HeLa_G1_16_S4-C4_1_4812.d	v1.1.0	NT=ms-proteomics;VV=v1.1.0	NT=human;VV=v1.1.0	NT=cell-lines;VV=v1.1.0	NT=single-cell;VV=v1.0.0	G1
HeLa_SC_G1_20201121_017	NT=Homo sapiens;AC=NCBITaxon:9606	NT=uterine cervix;AC=UBERON:0000002	NT=epithelial cell;AC=CL:0000066	NT=cervical adenocarcinoma;AC=MONDO:0005153	NT=HeLa;AC=EFO:0001185	CVCL_0030	HeLa	30Y6M	female	not applicable	not available	NT=Dulbecco's Modified Eagle Medium;AC=NCIT:C185409	NT=Nocodazole;AC=NCIT:C75228	G1	live	NT=single cell;AC=PRIDE:0000897	FACS	G1_20201121_017	1	11	run 214	proteomic profiling by mass spectrometry	NT=timsTOF Pro;AC=MS:1003005	NT=label free sample;AC=MS:1002038	NT=Oxidation;AC=UNIMOD:35;TA=M;MT=Variable	NT=Acetyl;AC=UNIMOD:1;PP=Protein N-term;MT=Variable	not applicable	NT=Trypsin;AC=MS:1001251	NT=Lys-C;AC=MS:1001309	Data-independent acquisition	NT=collision-induced dissociation;AC=MS:1000133	not available	not available	not applicable	not applicable	released_set	1	1	20201121_TIMS04_Evo07_SA_ADB_1cell_HeLa_G1_17_S4-C5_1_4813.d	v1.1.0	NT=ms-proteomics;VV=v1.1.0	NT=human;VV=v1.1.0	NT=cell-lines;VV=v1.1.0	NT=single-cell;VV=v1.0.0	G1
HeLa_SC_G1_20201121_019	NT=Homo sapiens;AC=NCBITaxon:9606	NT=uterine cervix;AC=UBERON:0000002	NT=epithelial cell;AC=CL:0000066	NT=cervical adenocarcinoma;AC=MONDO:0005153	NT=HeLa;AC=EFO:0001185	CVCL_0030	HeLa	30Y6M	female	not applicable	not available	NT=Dulbecco's Modified Eagle Medium;AC=NCIT:C185409	NT=Nocodazole;AC=NCIT:C75228	G1	live	NT=single cell;AC=PRIDE:0000897	FACS	G1_20201121_019	1	12	run 215	proteomic profiling by mass spectrometry	NT=timsTOF Pro;AC=MS:1003005	NT=label free sample;AC=MS:1002038	NT=Oxidation;AC=UNIMOD:35;TA=M;MT=Variable	NT=Acetyl;AC=UNIMOD:1;PP=Protein N-term;MT=Variable	not applicable	NT=Trypsin;AC=MS:1001251	NT=Lys-C;AC=MS:1001309	Data-independent acquisition	NT=collision-induced dissociation;AC=MS:1000133	not available	not available	not applicable	not applicable	released_set	1	1	20201121_TIMS04_Evo07_SA_ADB_1cell_HeLa_G1_19_S4-C7_1_4815.d	v1.1.0	NT=ms-proteomics;VV=v1.1.0	NT=human;VV=v1.1.0	NT=cell-lines;VV=v1.1.0	NT=single-cell;VV=v1.0.0	G1
HeLa_SC_G1_20201121_021	NT=Homo sapiens;AC=NCBITaxon:9606	NT=uterine cervix;AC=UBERON:0000002	NT=epithelial cell;AC=CL:0000066	NT=cervical adenocarcinoma;AC=MONDO:0005153	NT=HeLa;AC=EFO:0001185	CVCL_0030	HeLa	30Y6M	female	not applicable	not available	NT=Dulbecco's Modified Eagle Medium;AC=NCIT:C185409	NT=Nocodazole;AC=NCIT:C75228	G1	live	NT=single cell;AC=PRIDE:0000897	FACS	G1_20201121_021	1	13	run 216	proteomic profiling by mass spectrometry	NT=timsTOF Pro;AC=MS:1003005	NT=label free sample;AC=MS:1002038	NT=Oxidation;AC=UNIMOD:35;TA=M;MT=Variable	NT=Acetyl;AC=UNIMOD:1;PP=Protein N-term;MT=Variable	not applicable	NT=Trypsin;AC=MS:1001251	NT=Lys-C;AC=MS:1001309	Data-independent acquisition	NT=collision-induced dissociation;AC=MS:1000133	not available	not available	not applicable	not applicable	released_set	1	1	20201121_TIMS04_Evo07_SA_ADB_1cell_HeLa_G1_21_S4-C9_1_4817.d	v1.1.0	NT=ms-proteomics;VV=v1.1.0	NT=human;VV=v1.1.0	NT=cell-lines;VV=v1.1.0	NT=single-cell;VV=v1.0.0	G1
HeLa_SC_G1_20201121_023	NT=Homo sapiens;AC=NCBITaxon:9606	NT=uterine cervix;AC=UBERON:0000002	NT=epithelial cell;AC=CL:0000066	NT=cervical adenocarcinoma;AC=MONDO:0005153	NT=HeLa;AC=EFO:0001185	CVCL_0030	HeLa	30Y6M	female	not applicable	not available	NT=Dulbecco's Modified Eagle Medium;AC=NCIT:C185409	NT=Nocodazole;AC=NCIT:C75228	G1	live	NT=single cell;AC=PRIDE:0000897	FACS	G1_20201121_023	1	14	run 217	proteomic profiling by mass spectrometry	NT=timsTOF Pro;AC=MS:1003005	NT=label free sample;AC=MS:1002038	NT=Oxidation;AC=UNIMOD:35;TA=M;MT=Variable	NT=Acetyl;AC=UNIMOD:1;PP=Protein N-term;MT=Variable	not applicable	NT=Trypsin;AC=MS:1001251	NT=Lys-C;AC=MS:1001309	Data-independent acquisition	NT=collision-induced dissociation;AC=MS:1000133	not available	not available	not applicable	not applicable	released_set	1	1	20201121_TIMS04_Evo07_SA_ADB_1cell_HeLa_G1_23_S4-C11_1_4819.d	v1.1.0	NT=ms-proteomics;VV=v1.1.0	NT=human;VV=v1.1.0	NT=cell-lines;VV=v1.1.0	NT=single-cell;VV=v1.0.0	G1
HeLa_SC_G1_20201121_024	NT=Homo sapiens;AC=NCBITaxon:9606	NT=uterine cervix;AC=UBERON:0000002	NT=epithelial cell;AC=CL:0000066	NT=cervical adenocarcinoma;AC=MONDO:0005153	NT=HeLa;AC=EFO:0001185	CVCL_0030	HeLa	30Y6M	female	not applicable	not available	NT=Dulbecco's Modified Eagle Medium;AC=NCIT:C185409	NT=Nocodazole;AC=NCIT:C75228	G1	live	NT=single cell;AC=PRIDE:0000897	FACS	G1_20201121_024	1	15	run 218	proteomic profiling by mass spectrometry	NT=timsTOF Pro;AC=MS:1003005	NT=label free sample;AC=MS:1002038	NT=Oxidation;AC=UNIMOD:35;TA=M;MT=Variable	NT=Acetyl;AC=UNIMOD:1;PP=Protein N-term;MT=Variable	not applicable	NT=Trypsin;AC=MS:1001251	NT=Lys-C;AC=MS:1001309	Data-independent acquisition	NT=collision-induced dissociation;AC=MS:1000133	not available	not available	not applicable	not applicable	released_set	1	1	20201121_TIMS04_Evo07_SA_ADB_1cell_HeLa_G1_24_S4-C12_1_4820.d	v1.1.0	NT=ms-proteomics;VV=v1.1.0	NT=human;VV=v1.1.0	NT=cell-lines;VV=v1.1.0	NT=single-cell;VV=v1.0.0	G1
HeLa_SC_G1_20201121_026	NT=Homo sapiens;AC=NCBITaxon:9606	NT=uterine cervix;AC=UBERON:0000002	NT=epithelial cell;AC=CL:0000066	NT=cervical adenocarcinoma;AC=MONDO:0005153	NT=HeLa;AC=EFO:0001185	CVCL_0030	HeLa	30Y6M	female	not applicable	not available	NT=Dulbecco's Modified Eagle Medium;AC=NCIT:C185409	NT=Nocodazole;AC=NCIT:C75228	G1	live	NT=single cell;AC=PRIDE:0000897	FACS	G1_20201121_026	1	16	run 219	proteomic profiling by mass spectrometry	NT=timsTOF Pro;AC=MS:1003005	NT=label free sample;AC=MS:1002038	NT=Oxidation;AC=UNIMOD:35;TA=M;MT=Variable	NT=Acetyl;AC=UNIMOD:1;PP=Protein N-term;MT=Variable	not applicable	NT=Trypsin;AC=MS:1001251	NT=Lys-C;AC=MS:1001309	Data-independent acquisition	NT=collision-induced dissociation;AC=MS:1000133	not available	not available	not applicable	not applicable	released_set	1	1	20201121_TIMS04_Evo07_SA_ADB_1cell_HeLa_G1_26_S4-D2_1_4822.d	v1.1.0	NT=ms-proteomics;VV=v1.1.0	NT=human;VV=v1.1.0	NT=cell-lines;VV=v1.1.0	NT=single-cell;VV=v1.0.0	G1
HeLa_SC_G1_20201121_027	NT=Homo sapiens;AC=NCBITaxon:9606	NT=uterine cervix;AC=UBERON:0000002	NT=epithelial cell;AC=CL:0000066	NT=cervical adenocarcinoma;AC=MONDO:0005153	NT=HeLa;AC=EFO:0001185	CVCL_0030	HeLa	30Y6M	female	not applicable	not available	NT=Dulbecco's Modified Eagle Medium;AC=NCIT:C185409	NT=Nocodazole;AC=NCIT:C75228	G1	live	NT=single cell;AC=PRIDE:0000897	FACS	G1_20201121_027	1	17	run 220	proteomic profiling by mass spectrometry	NT=timsTOF Pro;AC=MS:1003005	NT=label free sample;AC=MS:1002038	NT=Oxidation;AC=UNIMOD:35;TA=M;MT=Variable	NT=Acetyl;AC=UNIMOD:1;PP=Protein N-term;MT=Variable	not applicable	NT=Trypsin;AC=MS:1001251	NT=Lys-C;AC=MS:1001309	Data-independent acquisition	NT=collision-induced dissociation;AC=MS:1000133	not available	not available	not applicable	not applicable	released_set	1	1	20201121_TIMS04_Evo07_SA_ADB_1cell_HeLa_G1_27_S4-D3_1_4823.d	v1.1.0	NT=ms-proteomics;VV=v1.1.0	NT=human;VV=v1.1.0	NT=cell-lines;VV=v1.1.0	NT=single-cell;VV=v1.0.0	G1
HeLa_SC_G1_20201121_028	NT=Homo sapiens;AC=NCBITaxon:9606	NT=uterine cervix;AC=UBERON:0000002	NT=epithelial cell;AC=CL:0000066	NT=cervical adenocarcinoma;AC=MONDO:0005153	NT=HeLa;AC=EFO:0001185	CVCL_0030	HeLa	30Y6M	female	not applicable	not available	NT=Dulbecco's Modified Eagle Medium;AC=NCIT:C185409	NT=Nocodazole;AC=NCIT:C75228	G1	live	NT=single cell;AC=PRIDE:0000897	FACS	G1_20201121_028	1	18	run 221	proteomic profiling by mass spectrometry	NT=timsTOF Pro;AC=MS:1003005	NT=label free sample;AC=MS:1002038	NT=Oxidation;AC=UNIMOD:35;TA=M;MT=Variable	NT=Acetyl;AC=UNIMOD:1;PP=Protein N-term;MT=Variable	not applicable	NT=Trypsin;AC=MS:1001251	NT=Lys-C;AC=MS:1001309	Data-independent acquisition	NT=collision-induced dissociation;AC=MS:1000133	not available	not available	not applicable	not applicable	released_set	1	1	20201121_TIMS04_Evo07_SA_ADB_1cell_HeLa_G1_28_S4-D4_1_4824.d	v1.1.0	NT=ms-proteomics;VV=v1.1.0	NT=human;VV=v1.1.0	NT=cell-lines;VV=v1.1.0	NT=single-cell;VV=v1.0.0	G1
HeLa_SC_G1_20201121_029	NT=Homo sapiens;AC=NCBITaxon:9606	NT=uterine cervix;AC=UBERON:0000002	NT=epithelial cell;AC=CL:0000066	NT=cervical adenocarcinoma;AC=MONDO:0005153	NT=HeLa;AC=EFO:0001185	CVCL_0030	HeLa	30Y6M	female	not applicable	not available	NT=Dulbecco's Modified Eagle Medium;AC=NCIT:C185409	NT=Nocodazole;AC=NCIT:C75228	G1	live	NT=single cell;AC=PRIDE:0000897	FACS	G1_20201121_029	1	19	run 222	proteomic profiling by mass spectrometry	NT=timsTOF Pro;AC=MS:1003005	NT=label free sample;AC=MS:1002038	NT=Oxidation;AC=UNIMOD:35;TA=M;MT=Variable	NT=Acetyl;AC=UNIMOD:1;PP=Protein N-term;MT=Variable	not applicable	NT=Trypsin;AC=MS:1001251	NT=Lys-C;AC=MS:1001309	Data-independent acquisition	NT=collision-induced dissociation;AC=MS:1000133	not available	not available	not applicable	not applicable	released_set	1	1	20201121_TIMS04_Evo07_SA_ADB_1cell_HeLa_G1_29_S4-D5_1_4825.d	v1.1.0	NT=ms-proteomics;VV=v1.1.0	NT=human;VV=v1.1.0	NT=cell-lines;VV=v1.1.0	NT=single-cell;VV=v1.0.0	G1
HeLa_SC_G1_20201121_030	NT=Homo sapiens;AC=NCBITaxon:9606	NT=uterine cervix;AC=UBERON:0000002	NT=epithelial cell;AC=CL:0000066	NT=cervical adenocarcinoma;AC=MONDO:0005153	NT=HeLa;AC=EFO:0001185	CVCL_0030	HeLa	30Y6M	female	not applicable	not available	NT=Dulbecco's Modified Eagle Medium;AC=NCIT:C185409	NT=Nocodazole;AC=NCIT:C75228	G1	live	NT=single cell;AC=PRIDE:0000897	FACS	G1_20201121_030	1	20	run 223	proteomic profiling by mass spectrometry	NT=timsTOF Pro;AC=MS:1003005	NT=label free sample;AC=MS:1002038	NT=Oxidation;AC=UNIMOD:35;TA=M;MT=Variable	NT=Acetyl;AC=UNIMOD:1;PP=Protein N-term;MT=Variable	not applicable	NT=Trypsin;AC=MS:1001251	NT=Lys-C;AC=MS:1001309	Data-independent acquisition	NT=collision-induced dissociation;AC=MS:1000133	not available	not available	not applicable	not applicable	released_set	1	1	20201121_TIMS04_Evo07_SA_ADB_1cell_HeLa_G1_30_S4-D6_1_4826.d	v1.1.0	NT=ms-proteomics;VV=v1.1.0	NT=human;VV=v1.1.0	NT=cell-lines;VV=v1.1.0	NT=single-cell;VV=v1.0.0	G1
HeLa_SC_G1_20201121_032	NT=Homo sapiens;AC=NCBITaxon:9606	NT=uterine cervix;AC=UBERON:0000002	NT=epithelial cell;AC=CL:0000066	NT=cervical adenocarcinoma;AC=MONDO:0005153	NT=HeLa;AC=EFO:0001185	CVCL_0030	HeLa	30Y6M	female	not applicable	not available	NT=Dulbecco's Modified Eagle Medium;AC=NCIT:C185409	NT=Nocodazole;AC=NCIT:C75228	G1	live	NT=single cell;AC=PRIDE:0000897	FACS	G1_20201121_032	1	21	run 224	proteomic profiling by mass spectrometry	NT=timsTOF Pro;AC=MS:1003005	NT=label free sample;AC=MS:1002038	NT=Oxidation;AC=UNIMOD:35;TA=M;MT=Variable	NT=Acetyl;AC=UNIMOD:1;PP=Protein N-term;MT=Variable	not applicable	NT=Trypsin;AC=MS:1001251	NT=Lys-C;AC=MS:1001309	Data-independent acquisition	NT=collision-induced dissociation;AC=MS:1000133	not available	not available	not applicable	not applicable	released_set	1	1	20201121_TIMS04_Evo07_SA_ADB_1cell_HeLa_G1_32_S4-D8_1_4828.d	v1.1.0	NT=ms-proteomics;VV=v1.1.0	NT=human;VV=v1.1.0	NT=cell-lines;VV=v1.1.0	NT=single-cell;VV=v1.0.0	G1
HeLa_SC_G1_20201121_033	NT=Homo sapiens;AC=NCBITaxon:9606	NT=uterine cervix;AC=UBERON:0000002	NT=epithelial cell;AC=CL:0000066	NT=cervical adenocarcinoma;AC=MONDO:0005153	NT=HeLa;AC=EFO:0001185	CVCL_0030	HeLa	30Y6M	female	not applicable	not available	NT=Dulbecco's Modified Eagle Medium;AC=NCIT:C185409	NT=Nocodazole;AC=NCIT:C75228	G1	live	NT=single cell;AC=PRIDE:0000897	FACS	G1_20201121_033	1	22	run 225	proteomic profiling by mass spectrometry	NT=timsTOF Pro;AC=MS:1003005	NT=label free sample;AC=MS:1002038	NT=Oxidation;AC=UNIMOD:35;TA=M;MT=Variable	NT=Acetyl;AC=UNIMOD:1;PP=Protein N-term;MT=Variable	not applicable	NT=Trypsin;AC=MS:1001251	NT=Lys-C;AC=MS:1001309	Data-independent acquisition	NT=collision-induced dissociation;AC=MS:1000133	not available	not available	not applicable	not applicable	released_set	1	1	20201121_TIMS04_Evo07_SA_ADB_1cell_HeLa_G1_33_S4-D9_1_4829.d	v1.1.0	NT=ms-proteomics;VV=v1.1.0	NT=human;VV=v1.1.0	NT=cell-lines;VV=v1.1.0	NT=single-cell;VV=v1.0.0	G1
HeLa_SC_G1_20201121_034	NT=Homo sapiens;AC=NCBITaxon:9606	NT=uterine cervix;AC=UBERON:0000002	NT=epithelial cell;AC=CL:0000066	NT=cervical adenocarcinoma;AC=MONDO:0005153	NT=HeLa;AC=EFO:0001185	CVCL_0030	HeLa	30Y6M	female	not applicable	not available	NT=Dulbecco's Modified Eagle Medium;AC=NCIT:C185409	NT=Nocodazole;AC=NCIT:C75228	G1	live	NT=single cell;AC=PRIDE:0000897	FACS	G1_20201121_034	1	23	run 226	proteomic profiling by mass spectrometry	NT=timsTOF Pro;AC=MS:1003005	NT=label free sample;AC=MS:1002038	NT=Oxidation;AC=UNIMOD:35;TA=M;MT=Variable	NT=Acetyl;AC=UNIMOD:1;PP=Protein N-term;MT=Variable	not applicable	NT=Trypsin;AC=MS:1001251	NT=Lys-C;AC=MS:1001309	Data-independent acquisition	NT=collision-induced dissociation;AC=MS:1000133	not available	not available	not applicable	not applicable	released_set	1	1	20201121_TIMS04_Evo07_SA_ADB_1cell_HeLa_G1_34_S4-D10_1_4830.d	v1.1.0	NT=ms-proteomics;VV=v1.1.0	NT=human;VV=v1.1.0	NT=cell-lines;VV=v1.1.0	NT=single-cell;VV=v1.0.0	G1
HeLa_SC_G1_20201121_035	NT=Homo sapiens;AC=NCBITaxon:9606	NT=uterine cervix;AC=UBERON:0000002	NT=epithelial cell;AC=CL:0000066	NT=cervical adenocarcinoma;AC=MONDO:0005153	NT=HeLa;AC=EFO:0001185	CVCL_0030	HeLa	30Y6M	female	not applicable	not available	NT=Dulbecco's Modified Eagle Medium;AC=NCIT:C185409	NT=Nocodazole;AC=NCIT:C75228	G1	live	NT=single cell;AC=PRIDE:0000897	FACS	G1_20201121_035	1	24	run 227	proteomic profiling by mass spectrometry	NT=timsTOF Pro;AC=MS:1003005	NT=label free sample;AC=MS:1002038	NT=Oxidation;AC=UNIMOD:35;TA=M;MT=Variable	NT=Acetyl;AC=UNIMOD:1;PP=Protein N-term;MT=Variable	not applicable	NT=Trypsin;AC=MS:1001251	NT=Lys-C;AC=MS:1001309	Data-independent acquisition	NT=collision-induced dissociation;AC=MS:1000133	not available	not available	not applicable	not applicable	released_set	1	1	20201121_TIMS04_Evo07_SA_ADB_1cell_HeLa_G1_35_S4-D11_1_4831.d	v1.1.0	NT=ms-proteomics;VV=v1.1.0	NT=human;VV=v1.1.0	NT=cell-lines;VV=v1.1.0	NT=single-cell;VV=v1.0.0	G1
HeLa_SC_G1_20201121_036	NT=Homo sapiens;AC=NCBITaxon:9606	NT=uterine cervix;AC=UBERON:0000002	NT=epithelial cell;AC=CL:0000066	NT=cervical adenocarcinoma;AC=MONDO:0005153	NT=HeLa;AC=EFO:0001185	CVCL_0030	HeLa	30Y6M	female	not applicable	not available	NT=Dulbecco's Modified Eagle Medium;AC=NCIT:C185409	NT=Nocodazole;AC=NCIT:C75228	G1	live	NT=single cell;AC=PRIDE:0000897	FACS	G1_20201121_036	1	25	run 228	proteomic profiling by mass spectrometry	NT=timsTOF Pro;AC=MS:1003005	NT=label free sample;AC=MS:1002038	NT=Oxidation;AC=UNIMOD:35;TA=M;MT=Variable	NT=Acetyl;AC=UNIMOD:1;PP=Protein N-term;MT=Variable	not applicable	NT=Trypsin;AC=MS:1001251	NT=Lys-C;AC=MS:1001309	Data-independent acquisition	NT=collision-induced dissociation;AC=MS:1000133	not available	not available	not applicable	not applicable	released_set	1	1	20201121_TIMS04_Evo07_SA_ADB_1cell_HeLa_G1_36_S4-D12_1_4832.d	v1.1.0	NT=ms-proteomics;VV=v1.1.0	NT=human;VV=v1.1.0	NT=cell-lines;VV=v1.1.0	NT=single-cell;VV=v1.0.0	G1
HeLa_SC_G1_20201121_038	NT=Homo sapiens;AC=NCBITaxon:9606	NT=uterine cervix;AC=UBERON:0000002	NT=epithelial cell;AC=CL:0000066	NT=cervical adenocarcinoma;AC=MONDO:0005153	NT=HeLa;AC=EFO:0001185	CVCL_0030	HeLa	30Y6M	female	not applicable	not available	NT=Dulbecco's Modified Eagle Medium;AC=NCIT:C185409	NT=Nocodazole;AC=NCIT:C75228	G1	live	NT=single cell;AC=PRIDE:0000897	FACS	G1_20201121_038	1	26	run 229	proteomic profiling by mass spectrometry	NT=timsTOF Pro;AC=MS:1003005	NT=label free sample;AC=MS:1002038	NT=Oxidation;AC=UNIMOD:35;TA=M;MT=Variable	NT=Acetyl;AC=UNIMOD:1;PP=Protein N-term;MT=Variable	not applicable	NT=Trypsin;AC=MS:1001251	NT=Lys-C;AC=MS:1001309	Data-independent acquisition	NT=collision-induced dissociation;AC=MS:1000133	not available	not available	not applicable	not applicable	released_set	1	1	20201121_TIMS04_Evo07_SA_ADB_1cell_HeLa_G1_38_S4-E2_1_4834.d	v1.1.0	NT=ms-proteomics;VV=v1.1.0	NT=human;VV=v1.1.0	NT=cell-lines;VV=v1.1.0	NT=single-cell;VV=v1.0.0	G1
HeLa_SC_G1_20201121_039	NT=Homo sapiens;AC=NCBITaxon:9606	NT=uterine cervix;AC=UBERON:0000002	NT=epithelial cell;AC=CL:0000066	NT=cervical adenocarcinoma;AC=MONDO:0005153	NT=HeLa;AC=EFO:0001185	CVCL_0030	HeLa	30Y6M	female	not applicable	not available	NT=Dulbecco's Modified Eagle Medium;AC=NCIT:C185409	NT=Nocodazole;AC=NCIT:C75228	G1	live	NT=single cell;AC=PRIDE:0000897	FACS	G1_20201121_039	1	27	run 230	proteomic profiling by mass spectrometry	NT=timsTOF Pro;AC=MS:1003005	NT=label free sample;AC=MS:1002038	NT=Oxidation;AC=UNIMOD:35;TA=M;MT=Variable	NT=Acetyl;AC=UNIMOD:1;PP=Protein N-term;MT=Variable	not applicable	NT=Trypsin;AC=MS:1001251	NT=Lys-C;AC=MS:1001309	Data-independent acquisition	NT=collision-induced dissociation;AC=MS:1000133	not available	not available	not applicable	not applicable	released_set	1	1	20201121_TIMS04_Evo07_SA_ADB_1cell_HeLa_G1_39_S4-E3_1_4835.d	v1.1.0	NT=ms-proteomics;VV=v1.1.0	NT=human;VV=v1.1.0	NT=cell-lines;VV=v1.1.0	NT=single-cell;VV=v1.0.0	G1
HeLa_SC_G1_20201121_040	NT=Homo sapiens;AC=NCBITaxon:9606	NT=uterine cervix;AC=UBERON:0000002	NT=epithelial cell;AC=CL:0000066	NT=cervical adenocarcinoma;AC=MONDO:0005153	NT=HeLa;AC=EFO:0001185	CVCL_0030	HeLa	30Y6M	female	not applicable	not available	NT=Dulbecco's Modified Eagle Medium;AC=NCIT:C185409	NT=Nocodazole;AC=NCIT:C75228	G1	live	NT=single cell;AC=PRIDE:0000897	FACS	G1_20201121_040	1	28	run 231	proteomic profiling by mass spectrometry	NT=timsTOF Pro;AC=MS:1003005	NT=label free sample;AC=MS:1002038	NT=Oxidation;AC=UNIMOD:35;TA=M;MT=Variable	NT=Acetyl;AC=UNIMOD:1;PP=Protein N-term;MT=Variable	not applicable	NT=Trypsin;AC=MS:1001251	NT=Lys-C;AC=MS:1001309	Data-independent acquisition	NT=collision-induced dissociation;AC=MS:1000133	not available	not available	not applicable	not applicable	released_set	1	1	20201121_TIMS04_Evo07_SA_ADB_1cell_HeLa_G1_40_S4-E4_1_4836.d	v1.1.0	NT=ms-proteomics;VV=v1.1.0	NT=human;VV=v1.1.0	NT=cell-lines;VV=v1.1.0	NT=single-cell;VV=v1.0.0	G1
HeLa_SC_G1_20201121_041	NT=Homo sapiens;AC=NCBITaxon:9606	NT=uterine cervix;AC=UBERON:0000002	NT=epithelial cell;AC=CL:0000066	NT=cervical adenocarcinoma;AC=MONDO:0005153	NT=HeLa;AC=EFO:0001185	CVCL_0030	HeLa	30Y6M	female	not applicable	not available	NT=Dulbecco's Modified Eagle Medium;AC=NCIT:C185409	NT=Nocodazole;AC=NCIT:C75228	G1	live	NT=single cell;AC=PRIDE:0000897	FACS	G1_20201121_041	1	29	run 232	proteomic profiling by mass spectrometry	NT=timsTOF Pro;AC=MS:1003005	NT=label free sample;AC=MS:1002038	NT=Oxidation;AC=UNIMOD:35;TA=M;MT=Variable	NT=Acetyl;AC=UNIMOD:1;PP=Protein N-term;MT=Variable	not applicable	NT=Trypsin;AC=MS:1001251	NT=Lys-C;AC=MS:1001309	Data-independent acquisition	NT=collision-induced dissociation;AC=MS:1000133	not available	not available	not applicable	not applicable	released_set	1	1	20201121_TIMS04_Evo07_SA_ADB_1cell_HeLa_G1_41_S4-E5_1_4837.d	v1.1.0	NT=ms-proteomics;VV=v1.1.0	NT=human;VV=v1.1.0	NT=cell-lines;VV=v1.1.0	NT=single-cell;VV=v1.0.0	G1
HeLa_SC_G1_20201121_042	NT=Homo sapiens;AC=NCBITaxon:9606	NT=uterine cervix;AC=UBERON:0000002	NT=epithelial cell;AC=CL:0000066	NT=cervical adenocarcinoma;AC=MONDO:0005153	NT=HeLa;AC=EFO:0001185	CVCL_0030	HeLa	30Y6M	female	not applicable	not available	NT=Dulbecco's Modified Eagle Medium;AC=NCIT:C185409	NT=Nocodazole;AC=NCIT:C75228	G1	live	NT=single cell;AC=PRIDE:0000897	FACS	G1_20201121_042	1	30	run 233	proteomic profiling by mass spectrometry	NT=timsTOF Pro;AC=MS:1003005	NT=label free sample;AC=MS:1002038	NT=Oxidation;AC=UNIMOD:35;TA=M;MT=Variable	NT=Acetyl;AC=UNIMOD:1;PP=Protein N-term;MT=Variable	not applicable	NT=Trypsin;AC=MS:1001251	NT=Lys-C;AC=MS:1001309	Data-independent acquisition	NT=collision-induced dissociation;AC=MS:1000133	not available	not available	not applicable	not applicable	released_set	1	1	20201121_TIMS04_Evo07_SA_ADB_1cell_HeLa_G1_42_S4-E6_1_4838.d	v1.1.0	NT=ms-proteomics;VV=v1.1.0	NT=human;VV=v1.1.0	NT=cell-lines;VV=v1.1.0	NT=single-cell;VV=v1.0.0	G1
HeLa_SC_G1_20201121_043	NT=Homo sapiens;AC=NCBITaxon:9606	NT=uterine cervix;AC=UBERON:0000002	NT=epithelial cell;AC=CL:0000066	NT=cervical adenocarcinoma;AC=MONDO:0005153	NT=HeLa;AC=EFO:0001185	CVCL_0030	HeLa	30Y6M	female	not applicable	not available	NT=Dulbecco's Modified Eagle Medium;AC=NCIT:C185409	NT=Nocodazole;AC=NCIT:C75228	G1	live	NT=single cell;AC=PRIDE:0000897	FACS	G1_20201121_043	1	31	run 234	proteomic profiling by mass spectrometry	NT=timsTOF Pro;AC=MS:1003005	NT=label free sample;AC=MS:1002038	NT=Oxidation;AC=UNIMOD:35;TA=M;MT=Variable	NT=Acetyl;AC=UNIMOD:1;PP=Protein N-term;MT=Variable	not applicable	NT=Trypsin;AC=MS:1001251	NT=Lys-C;AC=MS:1001309	Data-independent acquisition	NT=collision-induced dissociation;AC=MS:1000133	not available	not available	not applicable	not applicable	released_set	1	1	20201121_TIMS04_Evo07_SA_ADB_1cell_HeLa_G1_43_S4-E7_1_4839.d	v1.1.0	NT=ms-proteomics;VV=v1.1.0	NT=human;VV=v1.1.0	NT=cell-lines;VV=v1.1.0	NT=single-cell;VV=v1.0.0	G1
HeLa_SC_G1_20201121_044	NT=Homo sapiens;AC=NCBITaxon:9606	NT=uterine cervix;AC=UBERON:0000002	NT=epithelial cell;AC=CL:0000066	NT=cervical adenocarcinoma;AC=MONDO:0005153	NT=HeLa;AC=EFO:0001185	CVCL_0030	HeLa	30Y6M	female	not applicable	not available	NT=Dulbecco's Modified Eagle Medium;AC=NCIT:C185409	NT=Nocodazole;AC=NCIT:C75228	G1	live	NT=single cell;AC=PRIDE:0000897	FACS	G1_20201121_044	1	32	run 235	proteomic profiling by mass spectrometry	NT=timsTOF Pro;AC=MS:1003005	NT=label free sample;AC=MS:1002038	NT=Oxidation;AC=UNIMOD:35;TA=M;MT=Variable	NT=Acetyl;AC=UNIMOD:1;PP=Protein N-term;MT=Variable	not applicable	NT=Trypsin;AC=MS:1001251	NT=Lys-C;AC=MS:1001309	Data-independent acquisition	NT=collision-induced dissociation;AC=MS:1000133	not available	not available	not applicable	not applicable	released_set	1	1	20201121_TIMS04_Evo07_SA_ADB_1cell_HeLa_G1_44_S4-E8_1_4840.d	v1.1.0	NT=ms-proteomics;VV=v1.1.0	NT=human;VV=v1.1.0	NT=cell-lines;VV=v1.1.0	NT=single-cell;VV=v1.0.0	G1
HeLa_SC_G1_20201121_046	NT=Homo sapiens;AC=NCBITaxon:9606	NT=uterine cervix;AC=UBERON:0000002	NT=epithelial cell;AC=CL:0000066	NT=cervical adenocarcinoma;AC=MONDO:0005153	NT=HeLa;AC=EFO:0001185	CVCL_0030	HeLa	30Y6M	female	not applicable	not available	NT=Dulbecco's Modified Eagle Medium;AC=NCIT:C185409	NT=Nocodazole;AC=NCIT:C75228	G1	live	NT=single cell;AC=PRIDE:0000897	FACS	G1_20201121_046	1	33	run 236	proteomic profiling by mass spectrometry	NT=timsTOF Pro;AC=MS:1003005	NT=label free sample;AC=MS:1002038	NT=Oxidation;AC=UNIMOD:35;TA=M;MT=Variable	NT=Acetyl;AC=UNIMOD:1;PP=Protein N-term;MT=Variable	not applicable	NT=Trypsin;AC=MS:1001251	NT=Lys-C;AC=MS:1001309	Data-independent acquisition	NT=collision-induced dissociation;AC=MS:1000133	not available	not available	not applicable	not applicable	released_set	1	1	20201121_TIMS04_Evo07_SA_ADB_1cell_HeLa_G1_46_S4-E10_1_4842.d	v1.1.0	NT=ms-proteomics;VV=v1.1.0	NT=human;VV=v1.1.0	NT=cell-lines;VV=v1.1.0	NT=single-cell;VV=v1.0.0	G1
HeLa_SC_G1_20201121_047	NT=Homo sapiens;AC=NCBITaxon:9606	NT=uterine cervix;AC=UBERON:0000002	NT=epithelial cell;AC=CL:0000066	NT=cervical adenocarcinoma;AC=MONDO:0005153	NT=HeLa;AC=EFO:0001185	CVCL_0030	HeLa	30Y6M	female	not applicable	not available	NT=Dulbecco's Modified Eagle Medium;AC=NCIT:C185409	NT=Nocodazole;AC=NCIT:C75228	G1	live	NT=single cell;AC=PRIDE:0000897	FACS	G1_20201121_047	1	34	run 237	proteomic profiling by mass spectrometry	NT=timsTOF Pro;AC=MS:1003005	NT=label free sample;AC=MS:1002038	NT=Oxidation;AC=UNIMOD:35;TA=M;MT=Variable	NT=Acetyl;AC=UNIMOD:1;PP=Protein N-term;MT=Variable	not applicable	NT=Trypsin;AC=MS:1001251	NT=Lys-C;AC=MS:1001309	Data-independent acquisition	NT=collision-induced dissociation;AC=MS:1000133	not available	not available	not applicable	not applicable	released_set	1	1	20201121_TIMS04_Evo07_SA_ADB_1cell_HeLa_G1_47_S4-E11_1_4843.d	v1.1.0	NT=ms-proteomics;VV=v1.1.0	NT=human;VV=v1.1.0	NT=cell-lines;VV=v1.1.0	NT=single-cell;VV=v1.0.0	G1
HeLa_SC_G1_20201121_048	NT=Homo sapiens;AC=NCBITaxon:9606	NT=uterine cervix;AC=UBERON:0000002	NT=epithelial cell;AC=CL:0000066	NT=cervical adenocarcinoma;AC=MONDO:0005153	NT=HeLa;AC=EFO:0001185	CVCL_0030	HeLa	30Y6M	female	not applicable	not available	NT=Dulbecco's Modified Eagle Medium;AC=NCIT:C185409	NT=Nocodazole;AC=NCIT:C75228	G1	live	NT=single cell;AC=PRIDE:0000897	FACS	G1_20201121_048	1	35	run 238	proteomic profiling by mass spectrometry	NT=timsTOF Pro;AC=MS:1003005	NT=label free sample;AC=MS:1002038	NT=Oxidation;AC=UNIMOD:35;TA=M;MT=Variable	NT=Acetyl;AC=UNIMOD:1;PP=Protein N-term;MT=Variable	not applicable	NT=Trypsin;AC=MS:1001251	NT=Lys-C;AC=MS:1001309	Data-independent acquisition	NT=collision-induced dissociation;AC=MS:1000133	not available	not available	not applicable	not applicable	released_set	1	1	20201121_TIMS04_Evo07_SA_ADB_1cell_HeLa_G1_48_S4-E12_1_4844.d	v1.1.0	NT=ms-proteomics;VV=v1.1.0	NT=human;VV=v1.1.0	NT=cell-lines;VV=v1.1.0	NT=single-cell;VV=v1.0.0	G1
HeLa_SC_G1_20201121_053	NT=Homo sapiens;AC=NCBITaxon:9606	NT=uterine cervix;AC=UBERON:0000002	NT=epithelial cell;AC=CL:0000066	NT=cervical adenocarcinoma;AC=MONDO:0005153	NT=HeLa;AC=EFO:0001185	CVCL_0030	HeLa	30Y6M	female	not applicable	not available	NT=Dulbecco's Modified Eagle Medium;AC=NCIT:C185409	NT=Nocodazole;AC=NCIT:C75228	G1	live	NT=single cell;AC=PRIDE:0000897	FACS	G1_20201121_053	1	36	run 239	proteomic profiling by mass spectrometry	NT=timsTOF Pro;AC=MS:1003005	NT=label free sample;AC=MS:1002038	NT=Oxidation;AC=UNIMOD:35;TA=M;MT=Variable	NT=Acetyl;AC=UNIMOD:1;PP=Protein N-term;MT=Variable	not applicable	NT=Trypsin;AC=MS:1001251	NT=Lys-C;AC=MS:1001309	Data-independent acquisition	NT=collision-induced dissociation;AC=MS:1000133	not available	not available	not applicable	not applicable	released_set	1	1	20201121_TIMS04_Evo07_SA_ADB_1cell_HeLa_G1_53_S4-F5_1_4849.d	v1.1.0	NT=ms-proteomics;VV=v1.1.0	NT=human;VV=v1.1.0	NT=cell-lines;VV=v1.1.0	NT=single-cell;VV=v1.0.0	G1
HeLa_SC_G1_20201121_054	NT=Homo sapiens;AC=NCBITaxon:9606	NT=uterine cervix;AC=UBERON:0000002	NT=epithelial cell;AC=CL:0000066	NT=cervical adenocarcinoma;AC=MONDO:0005153	NT=HeLa;AC=EFO:0001185	CVCL_0030	HeLa	30Y6M	female	not applicable	not available	NT=Dulbecco's Modified Eagle Medium;AC=NCIT:C185409	NT=Nocodazole;AC=NCIT:C75228	G1	live	NT=single cell;AC=PRIDE:0000897	FACS	G1_20201121_054	1	37	run 240	proteomic profiling by mass spectrometry	NT=timsTOF Pro;AC=MS:1003005	NT=label free sample;AC=MS:1002038	NT=Oxidation;AC=UNIMOD:35;TA=M;MT=Variable	NT=Acetyl;AC=UNIMOD:1;PP=Protein N-term;MT=Variable	not applicable	NT=Trypsin;AC=MS:1001251	NT=Lys-C;AC=MS:1001309	Data-independent acquisition	NT=collision-induced dissociation;AC=MS:1000133	not available	not available	not applicable	not applicable	released_set	1	1	20201121_TIMS04_Evo07_SA_ADB_1cell_HeLa_G1_54_S4-F6_1_4850.d	v1.1.0	NT=ms-proteomics;VV=v1.1.0	NT=human;VV=v1.1.0	NT=cell-lines;VV=v1.1.0	NT=single-cell;VV=v1.0.0	G1
HeLa_SC_G1_20201121_055	NT=Homo sapiens;AC=NCBITaxon:9606	NT=uterine cervix;AC=UBERON:0000002	NT=epithelial cell;AC=CL:0000066	NT=cervical adenocarcinoma;AC=MONDO:0005153	NT=HeLa;AC=EFO:0001185	CVCL_0030	HeLa	30Y6M	female	not applicable	not available	NT=Dulbecco's Modified Eagle Medium;AC=NCIT:C185409	NT=Nocodazole;AC=NCIT:C75228	G1	live	NT=single cell;AC=PRIDE:0000897	FACS	G1_20201121_055	1	38	run 241	proteomic profiling by mass spectrometry	NT=timsTOF Pro;AC=MS:1003005	NT=label free sample;AC=MS:1002038	NT=Oxidation;AC=UNIMOD:35;TA=M;MT=Variable	NT=Acetyl;AC=UNIMOD:1;PP=Protein N-term;MT=Variable	not applicable	NT=Trypsin;AC=MS:1001251	NT=Lys-C;AC=MS:1001309	Data-independent acquisition	NT=collision-induced dissociation;AC=MS:1000133	not available	not available	not applicable	not applicable	released_set	1	1	20201121_TIMS04_Evo07_SA_ADB_1cell_HeLa_G1_55_S4-F7_1_4851.d	v1.1.0	NT=ms-proteomics;VV=v1.1.0	NT=human;VV=v1.1.0	NT=cell-lines;VV=v1.1.0	NT=single-cell;VV=v1.0.0	G1
HeLa_SC_G1_20201121_057	NT=Homo sapiens;AC=NCBITaxon:9606	NT=uterine cervix;AC=UBERON:0000002	NT=epithelial cell;AC=CL:0000066	NT=cervical adenocarcinoma;AC=MONDO:0005153	NT=HeLa;AC=EFO:0001185	CVCL_0030	HeLa	30Y6M	female	not applicable	not available	NT=Dulbecco's Modified Eagle Medium;AC=NCIT:C185409	NT=Nocodazole;AC=NCIT:C75228	G1	live	NT=single cell;AC=PRIDE:0000897	FACS	G1_20201121_057	1	39	run 242	proteomic profiling by mass spectrometry	NT=timsTOF Pro;AC=MS:1003005	NT=label free sample;AC=MS:1002038	NT=Oxidation;AC=UNIMOD:35;TA=M;MT=Variable	NT=Acetyl;AC=UNIMOD:1;PP=Protein N-term;MT=Variable	not applicable	NT=Trypsin;AC=MS:1001251	NT=Lys-C;AC=MS:1001309	Data-independent acquisition	NT=collision-induced dissociation;AC=MS:1000133	not available	not available	not applicable	not applicable	released_set	1	1	20201121_TIMS04_Evo07_SA_ADB_1cell_HeLa_G1_57_S4-F9_1_4853.d	v1.1.0	NT=ms-proteomics;VV=v1.1.0	NT=human;VV=v1.1.0	NT=cell-lines;VV=v1.1.0	NT=single-cell;VV=v1.0.0	G1
HeLa_SC_G1_20201121_060	NT=Homo sapiens;AC=NCBITaxon:9606	NT=uterine cervix;AC=UBERON:0000002	NT=epithelial cell;AC=CL:0000066	NT=cervical adenocarcinoma;AC=MONDO:0005153	NT=HeLa;AC=EFO:0001185	CVCL_0030	HeLa	30Y6M	female	not applicable	not available	NT=Dulbecco's Modified Eagle Medium;AC=NCIT:C185409	NT=Nocodazole;AC=NCIT:C75228	G1	live	NT=single cell;AC=PRIDE:0000897	FACS	G1_20201121_060	1	40	run 243	proteomic profiling by mass spectrometry	NT=timsTOF Pro;AC=MS:1003005	NT=label free sample;AC=MS:1002038	NT=Oxidation;AC=UNIMOD:35;TA=M;MT=Variable	NT=Acetyl;AC=UNIMOD:1;PP=Protein N-term;MT=Variable	not applicable	NT=Trypsin;AC=MS:1001251	NT=Lys-C;AC=MS:1001309	Data-independent acquisition	NT=collision-induced dissociation;AC=MS:1000133	not available	not available	not applicable	not applicable	released_set	1	1	20201121_TIMS04_Evo07_SA_ADB_1cell_HeLa_G1_60_S4-F12_1_4856.d	v1.1.0	NT=ms-proteomics;VV=v1.1.0	NT=human;VV=v1.1.0	NT=cell-lines;VV=v1.1.0	NT=single-cell;VV=v1.0.0	G1
HeLa_SC_G1_20201121_062	NT=Homo sapiens;AC=NCBITaxon:9606	NT=uterine cervix;AC=UBERON:0000002	NT=epithelial cell;AC=CL:0000066	NT=cervical adenocarcinoma;AC=MONDO:0005153	NT=HeLa;AC=EFO:0001185	CVCL_0030	HeLa	30Y6M	female	not applicable	not available	NT=Dulbecco's Modified Eagle Medium;AC=NCIT:C185409	NT=Nocodazole;AC=NCIT:C75228	G1	live	NT=single cell;AC=PRIDE:0000897	FACS	G1_20201121_062	1	41	run 244	proteomic profiling by mass spectrometry	NT=timsTOF Pro;AC=MS:1003005	NT=label free sample;AC=MS:1002038	NT=Oxidation;AC=UNIMOD:35;TA=M;MT=Variable	NT=Acetyl;AC=UNIMOD:1;PP=Protein N-term;MT=Variable	not applicable	NT=Trypsin;AC=MS:1001251	NT=Lys-C;AC=MS:1001309	Data-independent acquisition	NT=collision-induced dissociation;AC=MS:1000133	not available	not available	not applicable	not applicable	released_set	1	1	20201121_TIMS04_Evo07_SA_ADB_1cell_HeLa_G1_62_S4-G2_1_4858.d	v1.1.0	NT=ms-proteomics;VV=v1.1.0	NT=human;VV=v1.1.0	NT=cell-lines;VV=v1.1.0	NT=single-cell;VV=v1.0.0	G1
HeLa_SC_G1_20201121_064	NT=Homo sapiens;AC=NCBITaxon:9606	NT=uterine cervix;AC=UBERON:0000002	NT=epithelial cell;AC=CL:0000066	NT=cervical adenocarcinoma;AC=MONDO:0005153	NT=HeLa;AC=EFO:0001185	CVCL_0030	HeLa	30Y6M	female	not applicable	not available	NT=Dulbecco's Modified Eagle Medium;AC=NCIT:C185409	NT=Nocodazole;AC=NCIT:C75228	G1	live	NT=single cell;AC=PRIDE:0000897	FACS	G1_20201121_064	1	42	run 245	proteomic profiling by mass spectrometry	NT=timsTOF Pro;AC=MS:1003005	NT=label free sample;AC=MS:1002038	NT=Oxidation;AC=UNIMOD:35;TA=M;MT=Variable	NT=Acetyl;AC=UNIMOD:1;PP=Protein N-term;MT=Variable	not applicable	NT=Trypsin;AC=MS:1001251	NT=Lys-C;AC=MS:1001309	Data-independent acquisition	NT=collision-induced dissociation;AC=MS:1000133	not available	not available	not applicable	not applicable	released_set	1	1	20201121_TIMS04_Evo07_SA_ADB_1cell_HeLa_G1_64_S4-G4_1_4860.d	v1.1.0	NT=ms-proteomics;VV=v1.1.0	NT=human;VV=v1.1.0	NT=cell-lines;VV=v1.1.0	NT=single-cell;VV=v1.0.0	G1
HeLa_SC_G1_20201121_065	NT=Homo sapiens;AC=NCBITaxon:9606	NT=uterine cervix;AC=UBERON:0000002	NT=epithelial cell;AC=CL:0000066	NT=cervical adenocarcinoma;AC=MONDO:0005153	NT=HeLa;AC=EFO:0001185	CVCL_0030	HeLa	30Y6M	female	not applicable	not available	NT=Dulbecco's Modified Eagle Medium;AC=NCIT:C185409	NT=Nocodazole;AC=NCIT:C75228	G1	live	NT=single cell;AC=PRIDE:0000897	FACS	G1_20201121_065	1	43	run 246	proteomic profiling by mass spectrometry	NT=timsTOF Pro;AC=MS:1003005	NT=label free sample;AC=MS:1002038	NT=Oxidation;AC=UNIMOD:35;TA=M;MT=Variable	NT=Acetyl;AC=UNIMOD:1;PP=Protein N-term;MT=Variable	not applicable	NT=Trypsin;AC=MS:1001251	NT=Lys-C;AC=MS:1001309	Data-independent acquisition	NT=collision-induced dissociation;AC=MS:1000133	not available	not available	not applicable	not applicable	released_set	1	1	20201121_TIMS04_Evo07_SA_ADB_1cell_HeLa_G1_65_S4-G5_1_4861.d	v1.1.0	NT=ms-proteomics;VV=v1.1.0	NT=human;VV=v1.1.0	NT=cell-lines;VV=v1.1.0	NT=single-cell;VV=v1.0.0	G1
HeLa_SC_G1_20201121_068	NT=Homo sapiens;AC=NCBITaxon:9606	NT=uterine cervix;AC=UBERON:0000002	NT=epithelial cell;AC=CL:0000066	NT=cervical adenocarcinoma;AC=MONDO:0005153	NT=HeLa;AC=EFO:0001185	CVCL_0030	HeLa	30Y6M	female	not applicable	not available	NT=Dulbecco's Modified Eagle Medium;AC=NCIT:C185409	NT=Nocodazole;AC=NCIT:C75228	G1	live	NT=single cell;AC=PRIDE:0000897	FACS	G1_20201121_068	1	44	run 247	proteomic profiling by mass spectrometry	NT=timsTOF Pro;AC=MS:1003005	NT=label free sample;AC=MS:1002038	NT=Oxidation;AC=UNIMOD:35;TA=M;MT=Variable	NT=Acetyl;AC=UNIMOD:1;PP=Protein N-term;MT=Variable	not applicable	NT=Trypsin;AC=MS:1001251	NT=Lys-C;AC=MS:1001309	Data-independent acquisition	NT=collision-induced dissociation;AC=MS:1000133	not available	not available	not applicable	not applicable	released_set	1	1	20201121_TIMS04_Evo07_SA_ADB_1cell_HeLa_G1_68_S4-G8_1_4864.d	v1.1.0	NT=ms-proteomics;VV=v1.1.0	NT=human;VV=v1.1.0	NT=cell-lines;VV=v1.1.0	NT=single-cell;VV=v1.0.0	G1
HeLa_SC_G1_20201121_070	NT=Homo sapiens;AC=NCBITaxon:9606	NT=uterine cervix;AC=UBERON:0000002	NT=epithelial cell;AC=CL:0000066	NT=cervical adenocarcinoma;AC=MONDO:0005153	NT=HeLa;AC=EFO:0001185	CVCL_0030	HeLa	30Y6M	female	not applicable	not available	NT=Dulbecco's Modified Eagle Medium;AC=NCIT:C185409	NT=Nocodazole;AC=NCIT:C75228	G1	live	NT=single cell;AC=PRIDE:0000897	FACS	G1_20201121_070	1	45	run 248	proteomic profiling by mass spectrometry	NT=timsTOF Pro;AC=MS:1003005	NT=label free sample;AC=MS:1002038	NT=Oxidation;AC=UNIMOD:35;TA=M;MT=Variable	NT=Acetyl;AC=UNIMOD:1;PP=Protein N-term;MT=Variable	not applicable	NT=Trypsin;AC=MS:1001251	NT=Lys-C;AC=MS:1001309	Data-independent acquisition	NT=collision-induced dissociation;AC=MS:1000133	not available	not available	not applicable	not applicable	released_set	1	1	20201121_TIMS04_Evo07_SA_ADB_1cell_HeLa_G1_70_S4-G10_1_4866.d	v1.1.0	NT=ms-proteomics;VV=v1.1.0	NT=human;VV=v1.1.0	NT=cell-lines;VV=v1.1.0	NT=single-cell;VV=v1.0.0	G1
HeLa_SC_G1_20201121_072	NT=Homo sapiens;AC=NCBITaxon:9606	NT=uterine cervix;AC=UBERON:0000002	NT=epithelial cell;AC=CL:0000066	NT=cervical adenocarcinoma;AC=MONDO:0005153	NT=HeLa;AC=EFO:0001185	CVCL_0030	HeLa	30Y6M	female	not applicable	not available	NT=Dulbecco's Modified Eagle Medium;AC=NCIT:C185409	NT=Nocodazole;AC=NCIT:C75228	G1	live	NT=single cell;AC=PRIDE:0000897	FACS	G1_20201121_072	1	46	run 249	proteomic profiling by mass spectrometry	NT=timsTOF Pro;AC=MS:1003005	NT=label free sample;AC=MS:1002038	NT=Oxidation;AC=UNIMOD:35;TA=M;MT=Variable	NT=Acetyl;AC=UNIMOD:1;PP=Protein N-term;MT=Variable	not applicable	NT=Trypsin;AC=MS:1001251	NT=Lys-C;AC=MS:1001309	Data-independent acquisition	NT=collision-induced dissociation;AC=MS:1000133	not available	not available	not applicable	not applicable	released_set	1	1	20201121_TIMS04_Evo07_SA_ADB_1cell_HeLa_G1_72_S4-G12_1_4868.d	v1.1.0	NT=ms-proteomics;VV=v1.1.0	NT=human;VV=v1.1.0	NT=cell-lines;VV=v1.1.0	NT=single-cell;VV=v1.0.0	G1
HeLa_SC_G1_20201121_076	NT=Homo sapiens;AC=NCBITaxon:9606	NT=uterine cervix;AC=UBERON:0000002	NT=epithelial cell;AC=CL:0000066	NT=cervical adenocarcinoma;AC=MONDO:0005153	NT=HeLa;AC=EFO:0001185	CVCL_0030	HeLa	30Y6M	female	not applicable	not available	NT=Dulbecco's Modified Eagle Medium;AC=NCIT:C185409	NT=Nocodazole;AC=NCIT:C75228	G1	live	NT=single cell;AC=PRIDE:0000897	FACS	G1_20201121_076	1	47	run 250	proteomic profiling by mass spectrometry	NT=timsTOF Pro;AC=MS:1003005	NT=label free sample;AC=MS:1002038	NT=Oxidation;AC=UNIMOD:35;TA=M;MT=Variable	NT=Acetyl;AC=UNIMOD:1;PP=Protein N-term;MT=Variable	not applicable	NT=Trypsin;AC=MS:1001251	NT=Lys-C;AC=MS:1001309	Data-independent acquisition	NT=collision-induced dissociation;AC=MS:1000133	not available	not available	not applicable	not applicable	released_set	1	1	20201121_TIMS04_Evo07_SA_ADB_1cell_HeLa_G1_76_S4-H4_1_4872.d	v1.1.0	NT=ms-proteomics;VV=v1.1.0	NT=human;VV=v1.1.0	NT=cell-lines;VV=v1.1.0	NT=single-cell;VV=v1.0.0	G1
HeLa_SC_G1_20201121_078	NT=Homo sapiens;AC=NCBITaxon:9606	NT=uterine cervix;AC=UBERON:0000002	NT=epithelial cell;AC=CL:0000066	NT=cervical adenocarcinoma;AC=MONDO:0005153	NT=HeLa;AC=EFO:0001185	CVCL_0030	HeLa	30Y6M	female	not applicable	not available	NT=Dulbecco's Modified Eagle Medium;AC=NCIT:C185409	NT=Nocodazole;AC=NCIT:C75228	G1	live	NT=single cell;AC=PRIDE:0000897	FACS	G1_20201121_078	1	48	run 251	proteomic profiling by mass spectrometry	NT=timsTOF Pro;AC=MS:1003005	NT=label free sample;AC=MS:1002038	NT=Oxidation;AC=UNIMOD:35;TA=M;MT=Variable	NT=Acetyl;AC=UNIMOD:1;PP=Protein N-term;MT=Variable	not applicable	NT=Trypsin;AC=MS:1001251	NT=Lys-C;AC=MS:1001309	Data-independent acquisition	NT=collision-induced dissociation;AC=MS:1000133	not available	not available	not applicable	not applicable	released_set	1	1	20201121_TIMS04_Evo07_SA_ADB_1cell_HeLa_G1_78_S4-H6_1_4874.d	v1.1.0	NT=ms-proteomics;VV=v1.1.0	NT=human;VV=v1.1.0	NT=cell-lines;VV=v1.1.0	NT=single-cell;VV=v1.0.0	G1
HeLa_SC_G1_20201121_080	NT=Homo sapiens;AC=NCBITaxon:9606	NT=uterine cervix;AC=UBERON:0000002	NT=epithelial cell;AC=CL:0000066	NT=cervical adenocarcinoma;AC=MONDO:0005153	NT=HeLa;AC=EFO:0001185	CVCL_0030	HeLa	30Y6M	female	not applicable	not available	NT=Dulbecco's Modified Eagle Medium;AC=NCIT:C185409	NT=Nocodazole;AC=NCIT:C75228	G1	live	NT=single cell;AC=PRIDE:0000897	FACS	G1_20201121_080	1	49	run 252	proteomic profiling by mass spectrometry	NT=timsTOF Pro;AC=MS:1003005	NT=label free sample;AC=MS:1002038	NT=Oxidation;AC=UNIMOD:35;TA=M;MT=Variable	NT=Acetyl;AC=UNIMOD:1;PP=Protein N-term;MT=Variable	not applicable	NT=Trypsin;AC=MS:1001251	NT=Lys-C;AC=MS:1001309	Data-independent acquisition	NT=collision-induced dissociation;AC=MS:1000133	not available	not available	not applicable	not applicable	released_set	1	1	20201121_TIMS04_Evo07_SA_ADB_1cell_HeLa_G1_80_S4-H8_1_4876.d	v1.1.0	NT=ms-proteomics;VV=v1.1.0	NT=human;VV=v1.1.0	NT=cell-lines;VV=v1.1.0	NT=single-cell;VV=v1.0.0	G1
HeLa_SC_G1_20201121_081	NT=Homo sapiens;AC=NCBITaxon:9606	NT=uterine cervix;AC=UBERON:0000002	NT=epithelial cell;AC=CL:0000066	NT=cervical adenocarcinoma;AC=MONDO:0005153	NT=HeLa;AC=EFO:0001185	CVCL_0030	HeLa	30Y6M	female	not applicable	not available	NT=Dulbecco's Modified Eagle Medium;AC=NCIT:C185409	NT=Nocodazole;AC=NCIT:C75228	G1	live	NT=single cell;AC=PRIDE:0000897	FACS	G1_20201121_081	1	50	run 253	proteomic profiling by mass spectrometry	NT=timsTOF Pro;AC=MS:1003005	NT=label free sample;AC=MS:1002038	NT=Oxidation;AC=UNIMOD:35;TA=M;MT=Variable	NT=Acetyl;AC=UNIMOD:1;PP=Protein N-term;MT=Variable	not applicable	NT=Trypsin;AC=MS:1001251	NT=Lys-C;AC=MS:1001309	Data-independent acquisition	NT=collision-induced dissociation;AC=MS:1000133	not available	not available	not applicable	not applicable	released_set	1	1	20201121_TIMS04_Evo07_SA_ADB_1cell_HeLa_G1_81_S4-H9_1_4877.d	v1.1.0	NT=ms-proteomics;VV=v1.1.0	NT=human;VV=v1.1.0	NT=cell-lines;VV=v1.1.0	NT=single-cell;VV=v1.0.0	G1
HeLa_SC_G1_20201121_082	NT=Homo sapiens;AC=NCBITaxon:9606	NT=uterine cervix;AC=UBERON:0000002	NT=epithelial cell;AC=CL:0000066	NT=cervical adenocarcinoma;AC=MONDO:0005153	NT=HeLa;AC=EFO:0001185	CVCL_0030	HeLa	30Y6M	female	not applicable	not available	NT=Dulbecco's Modified Eagle Medium;AC=NCIT:C185409	NT=Nocodazole;AC=NCIT:C75228	G1	live	NT=single cell;AC=PRIDE:0000897	FACS	G1_20201121_082	1	51	run 254	proteomic profiling by mass spectrometry	NT=timsTOF Pro;AC=MS:1003005	NT=label free sample;AC=MS:1002038	NT=Oxidation;AC=UNIMOD:35;TA=M;MT=Variable	NT=Acetyl;AC=UNIMOD:1;PP=Protein N-term;MT=Variable	not applicable	NT=Trypsin;AC=MS:1001251	NT=Lys-C;AC=MS:1001309	Data-independent acquisition	NT=collision-induced dissociation;AC=MS:1000133	not available	not available	not applicable	not applicable	released_set	1	1	20201121_TIMS04_Evo07_SA_ADB_1cell_HeLa_G1_82_S4-H10_1_4878.d	v1.1.0	NT=ms-proteomics;VV=v1.1.0	NT=human;VV=v1.1.0	NT=cell-lines;VV=v1.1.0	NT=single-cell;VV=v1.0.0	G1
HeLa_SC_G1_20201121_083	NT=Homo sapiens;AC=NCBITaxon:9606	NT=uterine cervix;AC=UBERON:0000002	NT=epithelial cell;AC=CL:0000066	NT=cervical adenocarcinoma;AC=MONDO:0005153	NT=HeLa;AC=EFO:0001185	CVCL_0030	HeLa	30Y6M	female	not applicable	not available	NT=Dulbecco's Modified Eagle Medium;AC=NCIT:C185409	NT=Nocodazole;AC=NCIT:C75228	G1	live	NT=single cell;AC=PRIDE:0000897	FACS	G1_20201121_083	1	52	run 255	proteomic profiling by mass spectrometry	NT=timsTOF Pro;AC=MS:1003005	NT=label free sample;AC=MS:1002038	NT=Oxidation;AC=UNIMOD:35;TA=M;MT=Variable	NT=Acetyl;AC=UNIMOD:1;PP=Protein N-term;MT=Variable	not applicable	NT=Trypsin;AC=MS:1001251	NT=Lys-C;AC=MS:1001309	Data-independent acquisition	NT=collision-induced dissociation;AC=MS:1000133	not available	not available	not applicable	not applicable	released_set	1	1	20201121_TIMS04_Evo07_SA_ADB_1cell_HeLa_G1_83_S4-H11_1_4879.d	v1.1.0	NT=ms-proteomics;VV=v1.1.0	NT=human;VV=v1.1.0	NT=cell-lines;VV=v1.1.0	NT=single-cell;VV=v1.0.0	G1
HeLa_SC_G1_20201121_086	NT=Homo sapiens;AC=NCBITaxon:9606	NT=uterine cervix;AC=UBERON:0000002	NT=epithelial cell;AC=CL:0000066	NT=cervical adenocarcinoma;AC=MONDO:0005153	NT=HeLa;AC=EFO:0001185	CVCL_0030	HeLa	30Y6M	female	not applicable	not available	NT=Dulbecco's Modified Eagle Medium;AC=NCIT:C185409	NT=Nocodazole;AC=NCIT:C75228	G1	live	NT=single cell;AC=PRIDE:0000897	FACS	G1_20201121_086	1	53	run 256	proteomic profiling by mass spectrometry	NT=timsTOF Pro;AC=MS:1003005	NT=label free sample;AC=MS:1002038	NT=Oxidation;AC=UNIMOD:35;TA=M;MT=Variable	NT=Acetyl;AC=UNIMOD:1;PP=Protein N-term;MT=Variable	not applicable	NT=Trypsin;AC=MS:1001251	NT=Lys-C;AC=MS:1001309	Data-independent acquisition	NT=collision-induced dissociation;AC=MS:1000133	not available	not available	not applicable	not applicable	released_set	1	1	20201121_TIMS04_Evo07_SA_ADB_1cell_HeLa_G1_86_S5-B2_1_4894.d	v1.1.0	NT=ms-proteomics;VV=v1.1.0	NT=human;VV=v1.1.0	NT=cell-lines;VV=v1.1.0	NT=single-cell;VV=v1.0.0	G1
HeLa_SC_G1_20201121_087	NT=Homo sapiens;AC=NCBITaxon:9606	NT=uterine cervix;AC=UBERON:0000002	NT=epithelial cell;AC=CL:0000066	NT=cervical adenocarcinoma;AC=MONDO:0005153	NT=HeLa;AC=EFO:0001185	CVCL_0030	HeLa	30Y6M	female	not applicable	not available	NT=Dulbecco's Modified Eagle Medium;AC=NCIT:C185409	NT=Nocodazole;AC=NCIT:C75228	G1	live	NT=single cell;AC=PRIDE:0000897	FACS	G1_20201121_087	1	54	run 257	proteomic profiling by mass spectrometry	NT=timsTOF Pro;AC=MS:1003005	NT=label free sample;AC=MS:1002038	NT=Oxidation;AC=UNIMOD:35;TA=M;MT=Variable	NT=Acetyl;AC=UNIMOD:1;PP=Protein N-term;MT=Variable	not applicable	NT=Trypsin;AC=MS:1001251	NT=Lys-C;AC=MS:1001309	Data-independent acquisition	NT=collision-induced dissociation;AC=MS:1000133	not available	not available	not applicable	not applicable	released_set	1	1	20201121_TIMS04_Evo07_SA_ADB_1cell_HeLa_G1_87_S5-B3_1_4895.d	v1.1.0	NT=ms-proteomics;VV=v1.1.0	NT=human;VV=v1.1.0	NT=cell-lines;VV=v1.1.0	NT=single-cell;VV=v1.0.0	G1
HeLa_SC_G1_20201121_088	NT=Homo sapiens;AC=NCBITaxon:9606	NT=uterine cervix;AC=UBERON:0000002	NT=epithelial cell;AC=CL:0000066	NT=cervical adenocarcinoma;AC=MONDO:0005153	NT=HeLa;AC=EFO:0001185	CVCL_0030	HeLa	30Y6M	female	not applicable	not available	NT=Dulbecco's Modified Eagle Medium;AC=NCIT:C185409	NT=Nocodazole;AC=NCIT:C75228	G1	live	NT=single cell;AC=PRIDE:0000897	FACS	G1_20201121_088	1	55	run 258	proteomic profiling by mass spectrometry	NT=timsTOF Pro;AC=MS:1003005	NT=label free sample;AC=MS:1002038	NT=Oxidation;AC=UNIMOD:35;TA=M;MT=Variable	NT=Acetyl;AC=UNIMOD:1;PP=Protein N-term;MT=Variable	not applicable	NT=Trypsin;AC=MS:1001251	NT=Lys-C;AC=MS:1001309	Data-independent acquisition	NT=collision-induced dissociation;AC=MS:1000133	not available	not available	not applicable	not applicable	released_set	1	1	20201121_TIMS04_Evo07_SA_ADB_1cell_HeLa_G1_88_S5-B4_1_4896.d	v1.1.0	NT=ms-proteomics;VV=v1.1.0	NT=human;VV=v1.1.0	NT=cell-lines;VV=v1.1.0	NT=single-cell;VV=v1.0.0	G1
HeLa_SC_G1_20201121_090	NT=Homo sapiens;AC=NCBITaxon:9606	NT=uterine cervix;AC=UBERON:0000002	NT=epithelial cell;AC=CL:0000066	NT=cervical adenocarcinoma;AC=MONDO:0005153	NT=HeLa;AC=EFO:0001185	CVCL_0030	HeLa	30Y6M	female	not applicable	not available	NT=Dulbecco's Modified Eagle Medium;AC=NCIT:C185409	NT=Nocodazole;AC=NCIT:C75228	G1	live	NT=single cell;AC=PRIDE:0000897	FACS	G1_20201121_090	1	56	run 259	proteomic profiling by mass spectrometry	NT=timsTOF Pro;AC=MS:1003005	NT=label free sample;AC=MS:1002038	NT=Oxidation;AC=UNIMOD:35;TA=M;MT=Variable	NT=Acetyl;AC=UNIMOD:1;PP=Protein N-term;MT=Variable	not applicable	NT=Trypsin;AC=MS:1001251	NT=Lys-C;AC=MS:1001309	Data-independent acquisition	NT=collision-induced dissociation;AC=MS:1000133	not available	not available	not applicable	not applicable	released_set	1	1	20201121_TIMS04_Evo07_SA_ADB_1cell_HeLa_G1_90_S5-B6_1_4898.d	v1.1.0	NT=ms-proteomics;VV=v1.1.0	NT=human;VV=v1.1.0	NT=cell-lines;VV=v1.1.0	NT=single-cell;VV=v1.0.0	G1
HeLa_SC_G1_20201121_092	NT=Homo sapiens;AC=NCBITaxon:9606	NT=uterine cervix;AC=UBERON:0000002	NT=epithelial cell;AC=CL:0000066	NT=cervical adenocarcinoma;AC=MONDO:0005153	NT=HeLa;AC=EFO:0001185	CVCL_0030	HeLa	30Y6M	female	not applicable	not available	NT=Dulbecco's Modified Eagle Medium;AC=NCIT:C185409	NT=Nocodazole;AC=NCIT:C75228	G1	live	NT=single cell;AC=PRIDE:0000897	FACS	G1_20201121_092	1	57	run 260	proteomic profiling by mass spectrometry	NT=timsTOF Pro;AC=MS:1003005	NT=label free sample;AC=MS:1002038	NT=Oxidation;AC=UNIMOD:35;TA=M;MT=Variable	NT=Acetyl;AC=UNIMOD:1;PP=Protein N-term;MT=Variable	not applicable	NT=Trypsin;AC=MS:1001251	NT=Lys-C;AC=MS:1001309	Data-independent acquisition	NT=collision-induced dissociation;AC=MS:1000133	not available	not available	not applicable	not applicable	released_set	1	1	20201121_TIMS04_Evo07_SA_ADB_1cell_HeLa_G1_92_S5-B8_1_4900.d	v1.1.0	NT=ms-proteomics;VV=v1.1.0	NT=human;VV=v1.1.0	NT=cell-lines;VV=v1.1.0	NT=single-cell;VV=v1.0.0	G1
HeLa_SC_G1_20201121_093	NT=Homo sapiens;AC=NCBITaxon:9606	NT=uterine cervix;AC=UBERON:0000002	NT=epithelial cell;AC=CL:0000066	NT=cervical adenocarcinoma;AC=MONDO:0005153	NT=HeLa;AC=EFO:0001185	CVCL_0030	HeLa	30Y6M	female	not applicable	not available	NT=Dulbecco's Modified Eagle Medium;AC=NCIT:C185409	NT=Nocodazole;AC=NCIT:C75228	G1	live	NT=single cell;AC=PRIDE:0000897	FACS	G1_20201121_093	1	58	run 261	proteomic profiling by mass spectrometry	NT=timsTOF Pro;AC=MS:1003005	NT=label free sample;AC=MS:1002038	NT=Oxidation;AC=UNIMOD:35;TA=M;MT=Variable	NT=Acetyl;AC=UNIMOD:1;PP=Protein N-term;MT=Variable	not applicable	NT=Trypsin;AC=MS:1001251	NT=Lys-C;AC=MS:1001309	Data-independent acquisition	NT=collision-induced dissociation;AC=MS:1000133	not available	not available	not applicable	not applicable	released_set	1	1	20201121_TIMS04_Evo07_SA_ADB_1cell_HeLa_G1_93_S5-B9_1_4901.d	v1.1.0	NT=ms-proteomics;VV=v1.1.0	NT=human;VV=v1.1.0	NT=cell-lines;VV=v1.1.0	NT=single-cell;VV=v1.0.0	G1
HeLa_SC_G1_20201121_094	NT=Homo sapiens;AC=NCBITaxon:9606	NT=uterine cervix;AC=UBERON:0000002	NT=epithelial cell;AC=CL:0000066	NT=cervical adenocarcinoma;AC=MONDO:0005153	NT=HeLa;AC=EFO:0001185	CVCL_0030	HeLa	30Y6M	female	not applicable	not available	NT=Dulbecco's Modified Eagle Medium;AC=NCIT:C185409	NT=Nocodazole;AC=NCIT:C75228	G1	live	NT=single cell;AC=PRIDE:0000897	FACS	G1_20201121_094	1	59	run 262	proteomic profiling by mass spectrometry	NT=timsTOF Pro;AC=MS:1003005	NT=label free sample;AC=MS:1002038	NT=Oxidation;AC=UNIMOD:35;TA=M;MT=Variable	NT=Acetyl;AC=UNIMOD:1;PP=Protein N-term;MT=Variable	not applicable	NT=Trypsin;AC=MS:1001251	NT=Lys-C;AC=MS:1001309	Data-independent acquisition	NT=collision-induced dissociation;AC=MS:1000133	not available	not available	not applicable	not applicable	released_set	1	1	20201121_TIMS04_Evo07_SA_ADB_1cell_HeLa_G1_94_S5-B10_1_4902.d	v1.1.0	NT=ms-proteomics;VV=v1.1.0	NT=human;VV=v1.1.0	NT=cell-lines;VV=v1.1.0	NT=single-cell;VV=v1.0.0	G1
HeLa_SC_G1_20201121_095	NT=Homo sapiens;AC=NCBITaxon:9606	NT=uterine cervix;AC=UBERON:0000002	NT=epithelial cell;AC=CL:0000066	NT=cervical adenocarcinoma;AC=MONDO:0005153	NT=HeLa;AC=EFO:0001185	CVCL_0030	HeLa	30Y6M	female	not applicable	not available	NT=Dulbecco's Modified Eagle Medium;AC=NCIT:C185409	NT=Nocodazole;AC=NCIT:C75228	G1	live	NT=single cell;AC=PRIDE:0000897	FACS	G1_20201121_095	1	60	run 263	proteomic profiling by mass spectrometry	NT=timsTOF Pro;AC=MS:1003005	NT=label free sample;AC=MS:1002038	NT=Oxidation;AC=UNIMOD:35;TA=M;MT=Variable	NT=Acetyl;AC=UNIMOD:1;PP=Protein N-term;MT=Variable	not applicable	NT=Trypsin;AC=MS:1001251	NT=Lys-C;AC=MS:1001309	Data-independent acquisition	NT=collision-induced dissociation;AC=MS:1000133	not available	not available	not applicable	not applicable	released_set	1	1	20201121_TIMS04_Evo07_SA_ADB_1cell_HeLa_G1_95_S5-B11_1_4903.d	v1.1.0	NT=ms-proteomics;VV=v1.1.0	NT=human;VV=v1.1.0	NT=cell-lines;VV=v1.1.0	NT=single-cell;VV=v1.0.0	G1
HeLa_SC_G1_20201121_096	NT=Homo sapiens;AC=NCBITaxon:9606	NT=uterine cervix;AC=UBERON:0000002	NT=epithelial cell;AC=CL:0000066	NT=cervical adenocarcinoma;AC=MONDO:0005153	NT=HeLa;AC=EFO:0001185	CVCL_0030	HeLa	30Y6M	female	not applicable	not available	NT=Dulbecco's Modified Eagle Medium;AC=NCIT:C185409	NT=Nocodazole;AC=NCIT:C75228	G1	live	NT=single cell;AC=PRIDE:0000897	FACS	G1_20201121_096	1	61	run 264	proteomic profiling by mass spectrometry	NT=timsTOF Pro;AC=MS:1003005	NT=label free sample;AC=MS:1002038	NT=Oxidation;AC=UNIMOD:35;TA=M;MT=Variable	NT=Acetyl;AC=UNIMOD:1;PP=Protein N-term;MT=Variable	not applicable	NT=Trypsin;AC=MS:1001251	NT=Lys-C;AC=MS:1001309	Data-independent acquisition	NT=collision-induced dissociation;AC=MS:1000133	not available	not available	not applicable	not applicable	released_set	1	1	20201121_TIMS04_Evo07_SA_ADB_1cell_HeLa_G1_96_S5-B12_1_4904.d	v1.1.0	NT=ms-proteomics;VV=v1.1.0	NT=human;VV=v1.1.0	NT=cell-lines;VV=v1.1.0	NT=single-cell;VV=v1.0.0	G1
HeLa_SC_G1_20201121_098	NT=Homo sapiens;AC=NCBITaxon:9606	NT=uterine cervix;AC=UBERON:0000002	NT=epithelial cell;AC=CL:0000066	NT=cervical adenocarcinoma;AC=MONDO:0005153	NT=HeLa;AC=EFO:0001185	CVCL_0030	HeLa	30Y6M	female	not applicable	not available	NT=Dulbecco's Modified Eagle Medium;AC=NCIT:C185409	NT=Nocodazole;AC=NCIT:C75228	G1	live	NT=single cell;AC=PRIDE:0000897	FACS	G1_20201121_098	1	62	run 265	proteomic profiling by mass spectrometry	NT=timsTOF Pro;AC=MS:1003005	NT=label free sample;AC=MS:1002038	NT=Oxidation;AC=UNIMOD:35;TA=M;MT=Variable	NT=Acetyl;AC=UNIMOD:1;PP=Protein N-term;MT=Variable	not applicable	NT=Trypsin;AC=MS:1001251	NT=Lys-C;AC=MS:1001309	Data-independent acquisition	NT=collision-induced dissociation;AC=MS:1000133	not available	not available	not applicable	not applicable	released_set	1	1	20201121_TIMS04_Evo07_SA_ADB_1cell_HeLa_G1_98_S5-C2_1_4906.d	v1.1.0	NT=ms-proteomics;VV=v1.1.0	NT=human;VV=v1.1.0	NT=cell-lines;VV=v1.1.0	NT=single-cell;VV=v1.0.0	G1
HeLa_SC_G1_20201121_100	NT=Homo sapiens;AC=NCBITaxon:9606	NT=uterine cervix;AC=UBERON:0000002	NT=epithelial cell;AC=CL:0000066	NT=cervical adenocarcinoma;AC=MONDO:0005153	NT=HeLa;AC=EFO:0001185	CVCL_0030	HeLa	30Y6M	female	not applicable	not available	NT=Dulbecco's Modified Eagle Medium;AC=NCIT:C185409	NT=Nocodazole;AC=NCIT:C75228	G1	live	NT=single cell;AC=PRIDE:0000897	FACS	G1_20201121_100	1	63	run 266	proteomic profiling by mass spectrometry	NT=timsTOF Pro;AC=MS:1003005	NT=label free sample;AC=MS:1002038	NT=Oxidation;AC=UNIMOD:35;TA=M;MT=Variable	NT=Acetyl;AC=UNIMOD:1;PP=Protein N-term;MT=Variable	not applicable	NT=Trypsin;AC=MS:1001251	NT=Lys-C;AC=MS:1001309	Data-independent acquisition	NT=collision-induced dissociation;AC=MS:1000133	not available	not available	not applicable	not applicable	released_set	1	1	20201121_TIMS04_Evo07_SA_ADB_1cell_HeLa_G1_100_S5-C4_1_4908.d	v1.1.0	NT=ms-proteomics;VV=v1.1.0	NT=human;VV=v1.1.0	NT=cell-lines;VV=v1.1.0	NT=single-cell;VV=v1.0.0	G1
HeLa_SC_G1_20201121_102	NT=Homo sapiens;AC=NCBITaxon:9606	NT=uterine cervix;AC=UBERON:0000002	NT=epithelial cell;AC=CL:0000066	NT=cervical adenocarcinoma;AC=MONDO:0005153	NT=HeLa;AC=EFO:0001185	CVCL_0030	HeLa	30Y6M	female	not applicable	not available	NT=Dulbecco's Modified Eagle Medium;AC=NCIT:C185409	NT=Nocodazole;AC=NCIT:C75228	G1	live	NT=single cell;AC=PRIDE:0000897	FACS	G1_20201121_102	1	64	run 267	proteomic profiling by mass spectrometry	NT=timsTOF Pro;AC=MS:1003005	NT=label free sample;AC=MS:1002038	NT=Oxidation;AC=UNIMOD:35;TA=M;MT=Variable	NT=Acetyl;AC=UNIMOD:1;PP=Protein N-term;MT=Variable	not applicable	NT=Trypsin;AC=MS:1001251	NT=Lys-C;AC=MS:1001309	Data-independent acquisition	NT=collision-induced dissociation;AC=MS:1000133	not available	not available	not applicable	not applicable	released_set	1	1	20201121_TIMS04_Evo07_SA_ADB_1cell_HeLa_G1_102_S5-C6_1_4910.d	v1.1.0	NT=ms-proteomics;VV=v1.1.0	NT=human;VV=v1.1.0	NT=cell-lines;VV=v1.1.0	NT=single-cell;VV=v1.0.0	G1
HeLa_SC_G1_20201121_103	NT=Homo sapiens;AC=NCBITaxon:9606	NT=uterine cervix;AC=UBERON:0000002	NT=epithelial cell;AC=CL:0000066	NT=cervical adenocarcinoma;AC=MONDO:0005153	NT=HeLa;AC=EFO:0001185	CVCL_0030	HeLa	30Y6M	female	not applicable	not available	NT=Dulbecco's Modified Eagle Medium;AC=NCIT:C185409	NT=Nocodazole;AC=NCIT:C75228	G1	live	NT=single cell;AC=PRIDE:0000897	FACS	G1_20201121_103	1	65	run 268	proteomic profiling by mass spectrometry	NT=timsTOF Pro;AC=MS:1003005	NT=label free sample;AC=MS:1002038	NT=Oxidation;AC=UNIMOD:35;TA=M;MT=Variable	NT=Acetyl;AC=UNIMOD:1;PP=Protein N-term;MT=Variable	not applicable	NT=Trypsin;AC=MS:1001251	NT=Lys-C;AC=MS:1001309	Data-independent acquisition	NT=collision-induced dissociation;AC=MS:1000133	not available	not available	not applicable	not applicable	released_set	1	1	20201121_TIMS04_Evo07_SA_ADB_1cell_HeLa_G1_103_S5-C7_1_4911.d	v1.1.0	NT=ms-proteomics;VV=v1.1.0	NT=human;VV=v1.1.0	NT=cell-lines;VV=v1.1.0	NT=single-cell;VV=v1.0.0	G1
HeLa_SC_G1_20201121_104	NT=Homo sapiens;AC=NCBITaxon:9606	NT=uterine cervix;AC=UBERON:0000002	NT=epithelial cell;AC=CL:0000066	NT=cervical adenocarcinoma;AC=MONDO:0005153	NT=HeLa;AC=EFO:0001185	CVCL_0030	HeLa	30Y6M	female	not applicable	not available	NT=Dulbecco's Modified Eagle Medium;AC=NCIT:C185409	NT=Nocodazole;AC=NCIT:C75228	G1	live	NT=single cell;AC=PRIDE:0000897	FACS	G1_20201121_104	1	66	run 269	proteomic profiling by mass spectrometry	NT=timsTOF Pro;AC=MS:1003005	NT=label free sample;AC=MS:1002038	NT=Oxidation;AC=UNIMOD:35;TA=M;MT=Variable	NT=Acetyl;AC=UNIMOD:1;PP=Protein N-term;MT=Variable	not applicable	NT=Trypsin;AC=MS:1001251	NT=Lys-C;AC=MS:1001309	Data-independent acquisition	NT=collision-induced dissociation;AC=MS:1000133	not available	not available	not applicable	not applicable	released_set	1	1	20201121_TIMS04_Evo07_SA_ADB_1cell_HeLa_G1_104_S5-C8_1_4912.d	v1.1.0	NT=ms-proteomics;VV=v1.1.0	NT=human;VV=v1.1.0	NT=cell-lines;VV=v1.1.0	NT=single-cell;VV=v1.0.0	G1
HeLa_SC_G1_20201121_105	NT=Homo sapiens;AC=NCBITaxon:9606	NT=uterine cervix;AC=UBERON:0000002	NT=epithelial cell;AC=CL:0000066	NT=cervical adenocarcinoma;AC=MONDO:0005153	NT=HeLa;AC=EFO:0001185	CVCL_0030	HeLa	30Y6M	female	not applicable	not available	NT=Dulbecco's Modified Eagle Medium;AC=NCIT:C185409	NT=Nocodazole;AC=NCIT:C75228	G1	live	NT=single cell;AC=PRIDE:0000897	FACS	G1_20201121_105	1	67	run 270	proteomic profiling by mass spectrometry	NT=timsTOF Pro;AC=MS:1003005	NT=label free sample;AC=MS:1002038	NT=Oxidation;AC=UNIMOD:35;TA=M;MT=Variable	NT=Acetyl;AC=UNIMOD:1;PP=Protein N-term;MT=Variable	not applicable	NT=Trypsin;AC=MS:1001251	NT=Lys-C;AC=MS:1001309	Data-independent acquisition	NT=collision-induced dissociation;AC=MS:1000133	not available	not available	not applicable	not applicable	released_set	1	1	20201121_TIMS04_Evo07_SA_ADB_1cell_HeLa_G1_105_S5-C9_1_4913.d	v1.1.0	NT=ms-proteomics;VV=v1.1.0	NT=human;VV=v1.1.0	NT=cell-lines;VV=v1.1.0	NT=single-cell;VV=v1.0.0	G1
HeLa_SC_G1_20201121_106	NT=Homo sapiens;AC=NCBITaxon:9606	NT=uterine cervix;AC=UBERON:0000002	NT=epithelial cell;AC=CL:0000066	NT=cervical adenocarcinoma;AC=MONDO:0005153	NT=HeLa;AC=EFO:0001185	CVCL_0030	HeLa	30Y6M	female	not applicable	not available	NT=Dulbecco's Modified Eagle Medium;AC=NCIT:C185409	NT=Nocodazole;AC=NCIT:C75228	G1	live	NT=single cell;AC=PRIDE:0000897	FACS	G1_20201121_106	1	68	run 271	proteomic profiling by mass spectrometry	NT=timsTOF Pro;AC=MS:1003005	NT=label free sample;AC=MS:1002038	NT=Oxidation;AC=UNIMOD:35;TA=M;MT=Variable	NT=Acetyl;AC=UNIMOD:1;PP=Protein N-term;MT=Variable	not applicable	NT=Trypsin;AC=MS:1001251	NT=Lys-C;AC=MS:1001309	Data-independent acquisition	NT=collision-induced dissociation;AC=MS:1000133	not available	not available	not applicable	not applicable	released_set	1	1	20201121_TIMS04_Evo07_SA_ADB_1cell_HeLa_G1_106_S5-C10_1_4914.d	v1.1.0	NT=ms-proteomics;VV=v1.1.0	NT=human;VV=v1.1.0	NT=cell-lines;VV=v1.1.0	NT=single-cell;VV=v1.0.0	G1
HeLa_SC_G1_20201121_107	NT=Homo sapiens;AC=NCBITaxon:9606	NT=uterine cervix;AC=UBERON:0000002	NT=epithelial cell;AC=CL:0000066	NT=cervical adenocarcinoma;AC=MONDO:0005153	NT=HeLa;AC=EFO:0001185	CVCL_0030	HeLa	30Y6M	female	not applicable	not available	NT=Dulbecco's Modified Eagle Medium;AC=NCIT:C185409	NT=Nocodazole;AC=NCIT:C75228	G1	live	NT=single cell;AC=PRIDE:0000897	FACS	G1_20201121_107	1	69	run 272	proteomic profiling by mass spectrometry	NT=timsTOF Pro;AC=MS:1003005	NT=label free sample;AC=MS:1002038	NT=Oxidation;AC=UNIMOD:35;TA=M;MT=Variable	NT=Acetyl;AC=UNIMOD:1;PP=Protein N-term;MT=Variable	not applicable	NT=Trypsin;AC=MS:1001251	NT=Lys-C;AC=MS:1001309	Data-independent acquisition	NT=collision-induced dissociation;AC=MS:1000133	not available	not available	not applicable	not applicable	released_set	1	1	20201121_TIMS04_Evo07_SA_ADB_1cell_HeLa_G1_107_S5-C11_1_4915.d	v1.1.0	NT=ms-proteomics;VV=v1.1.0	NT=human;VV=v1.1.0	NT=cell-lines;VV=v1.1.0	NT=single-cell;VV=v1.0.0	G1
HeLa_SC_G1_20201121_108	NT=Homo sapiens;AC=NCBITaxon:9606	NT=uterine cervix;AC=UBERON:0000002	NT=epithelial cell;AC=CL:0000066	NT=cervical adenocarcinoma;AC=MONDO:0005153	NT=HeLa;AC=EFO:0001185	CVCL_0030	HeLa	30Y6M	female	not applicable	not available	NT=Dulbecco's Modified Eagle Medium;AC=NCIT:C185409	NT=Nocodazole;AC=NCIT:C75228	G1	live	NT=single cell;AC=PRIDE:0000897	FACS	G1_20201121_108	1	70	run 273	proteomic profiling by mass spectrometry	NT=timsTOF Pro;AC=MS:1003005	NT=label free sample;AC=MS:1002038	NT=Oxidation;AC=UNIMOD:35;TA=M;MT=Variable	NT=Acetyl;AC=UNIMOD:1;PP=Protein N-term;MT=Variable	not applicable	NT=Trypsin;AC=MS:1001251	NT=Lys-C;AC=MS:1001309	Data-independent acquisition	NT=collision-induced dissociation;AC=MS:1000133	not available	not available	not applicable	not applicable	released_set	1	1	20201121_TIMS04_Evo07_SA_ADB_1cell_HeLa_G1_108_S5-C12_1_4916.d	v1.1.0	NT=ms-proteomics;VV=v1.1.0	NT=human;VV=v1.1.0	NT=cell-lines;VV=v1.1.0	NT=single-cell;VV=v1.0.0	G1
HeLa_SC_G1_20201121_112	NT=Homo sapiens;AC=NCBITaxon:9606	NT=uterine cervix;AC=UBERON:0000002	NT=epithelial cell;AC=CL:0000066	NT=cervical adenocarcinoma;AC=MONDO:0005153	NT=HeLa;AC=EFO:0001185	CVCL_0030	HeLa	30Y6M	female	not applicable	not available	NT=Dulbecco's Modified Eagle Medium;AC=NCIT:C185409	NT=Nocodazole;AC=NCIT:C75228	G1	live	NT=single cell;AC=PRIDE:0000897	FACS	G1_20201121_112	1	71	run 274	proteomic profiling by mass spectrometry	NT=timsTOF Pro;AC=MS:1003005	NT=label free sample;AC=MS:1002038	NT=Oxidation;AC=UNIMOD:35;TA=M;MT=Variable	NT=Acetyl;AC=UNIMOD:1;PP=Protein N-term;MT=Variable	not applicable	NT=Trypsin;AC=MS:1001251	NT=Lys-C;AC=MS:1001309	Data-independent acquisition	NT=collision-induced dissociation;AC=MS:1000133	not available	not available	not applicable	not applicable	released_set	1	1	20201121_TIMS04_Evo07_SA_ADB_1cell_HeLa_G1_112_S5-D4_1_4920.d	v1.1.0	NT=ms-proteomics;VV=v1.1.0	NT=human;VV=v1.1.0	NT=cell-lines;VV=v1.1.0	NT=single-cell;VV=v1.0.0	G1
HeLa_SC_G1_20201121_113	NT=Homo sapiens;AC=NCBITaxon:9606	NT=uterine cervix;AC=UBERON:0000002	NT=epithelial cell;AC=CL:0000066	NT=cervical adenocarcinoma;AC=MONDO:0005153	NT=HeLa;AC=EFO:0001185	CVCL_0030	HeLa	30Y6M	female	not applicable	not available	NT=Dulbecco's Modified Eagle Medium;AC=NCIT:C185409	NT=Nocodazole;AC=NCIT:C75228	G1	live	NT=single cell;AC=PRIDE:0000897	FACS	G1_20201121_113	1	72	run 275	proteomic profiling by mass spectrometry	NT=timsTOF Pro;AC=MS:1003005	NT=label free sample;AC=MS:1002038	NT=Oxidation;AC=UNIMOD:35;TA=M;MT=Variable	NT=Acetyl;AC=UNIMOD:1;PP=Protein N-term;MT=Variable	not applicable	NT=Trypsin;AC=MS:1001251	NT=Lys-C;AC=MS:1001309	Data-independent acquisition	NT=collision-induced dissociation;AC=MS:1000133	not available	not available	not applicable	not applicable	released_set	1	1	20201121_TIMS04_Evo07_SA_ADB_1cell_HeLa_G1_113_S5-D5_1_4921.d	v1.1.0	NT=ms-proteomics;VV=v1.1.0	NT=human;VV=v1.1.0	NT=cell-lines;VV=v1.1.0	NT=single-cell;VV=v1.0.0	G1
HeLa_SC_G1_20201121_114	NT=Homo sapiens;AC=NCBITaxon:9606	NT=uterine cervix;AC=UBERON:0000002	NT=epithelial cell;AC=CL:0000066	NT=cervical adenocarcinoma;AC=MONDO:0005153	NT=HeLa;AC=EFO:0001185	CVCL_0030	HeLa	30Y6M	female	not applicable	not available	NT=Dulbecco's Modified Eagle Medium;AC=NCIT:C185409	NT=Nocodazole;AC=NCIT:C75228	G1	live	NT=single cell;AC=PRIDE:0000897	FACS	G1_20201121_114	1	73	run 276	proteomic profiling by mass spectrometry	NT=timsTOF Pro;AC=MS:1003005	NT=label free sample;AC=MS:1002038	NT=Oxidation;AC=UNIMOD:35;TA=M;MT=Variable	NT=Acetyl;AC=UNIMOD:1;PP=Protein N-term;MT=Variable	not applicable	NT=Trypsin;AC=MS:1001251	NT=Lys-C;AC=MS:1001309	Data-independent acquisition	NT=collision-induced dissociation;AC=MS:1000133	not available	not available	not applicable	not applicable	released_set	1	1	20201121_TIMS04_Evo07_SA_ADB_1cell_HeLa_G1_114_S5-D6_1_4922.d	v1.1.0	NT=ms-proteomics;VV=v1.1.0	NT=human;VV=v1.1.0	NT=cell-lines;VV=v1.1.0	NT=single-cell;VV=v1.0.0	G1
HeLa_SC_G1_20201121_116	NT=Homo sapiens;AC=NCBITaxon:9606	NT=uterine cervix;AC=UBERON:0000002	NT=epithelial cell;AC=CL:0000066	NT=cervical adenocarcinoma;AC=MONDO:0005153	NT=HeLa;AC=EFO:0001185	CVCL_0030	HeLa	30Y6M	female	not applicable	not available	NT=Dulbecco's Modified Eagle Medium;AC=NCIT:C185409	NT=Nocodazole;AC=NCIT:C75228	G1	live	NT=single cell;AC=PRIDE:0000897	FACS	G1_20201121_116	1	74	run 277	proteomic profiling by mass spectrometry	NT=timsTOF Pro;AC=MS:1003005	NT=label free sample;AC=MS:1002038	NT=Oxidation;AC=UNIMOD:35;TA=M;MT=Variable	NT=Acetyl;AC=UNIMOD:1;PP=Protein N-term;MT=Variable	not applicable	NT=Trypsin;AC=MS:1001251	NT=Lys-C;AC=MS:1001309	Data-independent acquisition	NT=collision-induced dissociation;AC=MS:1000133	not available	not available	not applicable	not applicable	released_set	1	1	20201121_TIMS04_Evo07_SA_ADB_1cell_HeLa_G1_116_S5-D8_1_4924.d	v1.1.0	NT=ms-proteomics;VV=v1.1.0	NT=human;VV=v1.1.0	NT=cell-lines;VV=v1.1.0	NT=single-cell;VV=v1.0.0	G1
HeLa_SC_G1_20201121_118	NT=Homo sapiens;AC=NCBITaxon:9606	NT=uterine cervix;AC=UBERON:0000002	NT=epithelial cell;AC=CL:0000066	NT=cervical adenocarcinoma;AC=MONDO:0005153	NT=HeLa;AC=EFO:0001185	CVCL_0030	HeLa	30Y6M	female	not applicable	not available	NT=Dulbecco's Modified Eagle Medium;AC=NCIT:C185409	NT=Nocodazole;AC=NCIT:C75228	G1	live	NT=single cell;AC=PRIDE:0000897	FACS	G1_20201121_118	1	75	run 278	proteomic profiling by mass spectrometry	NT=timsTOF Pro;AC=MS:1003005	NT=label free sample;AC=MS:1002038	NT=Oxidation;AC=UNIMOD:35;TA=M;MT=Variable	NT=Acetyl;AC=UNIMOD:1;PP=Protein N-term;MT=Variable	not applicable	NT=Trypsin;AC=MS:1001251	NT=Lys-C;AC=MS:1001309	Data-independent acquisition	NT=collision-induced dissociation;AC=MS:1000133	not available	not available	not applicable	not applicable	released_set	1	1	20201121_TIMS04_Evo07_SA_ADB_1cell_HeLa_G1_118_S5-D10_1_4926.d	v1.1.0	NT=ms-proteomics;VV=v1.1.0	NT=human;VV=v1.1.0	NT=cell-lines;VV=v1.1.0	NT=single-cell;VV=v1.0.0	G1
HeLa_SC_G1_20201121_119	NT=Homo sapiens;AC=NCBITaxon:9606	NT=uterine cervix;AC=UBERON:0000002	NT=epithelial cell;AC=CL:0000066	NT=cervical adenocarcinoma;AC=MONDO:0005153	NT=HeLa;AC=EFO:0001185	CVCL_0030	HeLa	30Y6M	female	not applicable	not available	NT=Dulbecco's Modified Eagle Medium;AC=NCIT:C185409	NT=Nocodazole;AC=NCIT:C75228	G1	live	NT=single cell;AC=PRIDE:0000897	FACS	G1_20201121_119	1	76	run 279	proteomic profiling by mass spectrometry	NT=timsTOF Pro;AC=MS:1003005	NT=label free sample;AC=MS:1002038	NT=Oxidation;AC=UNIMOD:35;TA=M;MT=Variable	NT=Acetyl;AC=UNIMOD:1;PP=Protein N-term;MT=Variable	not applicable	NT=Trypsin;AC=MS:1001251	NT=Lys-C;AC=MS:1001309	Data-independent acquisition	NT=collision-induced dissociation;AC=MS:1000133	not available	not available	not applicable	not applicable	released_set	1	1	20201121_TIMS04_Evo07_SA_ADB_1cell_HeLa_G1_119_S5-D11_1_4927.d	v1.1.0	NT=ms-proteomics;VV=v1.1.0	NT=human;VV=v1.1.0	NT=cell-lines;VV=v1.1.0	NT=single-cell;VV=v1.0.0	G1
HeLa_SC_G1_20201121_129	NT=Homo sapiens;AC=NCBITaxon:9606	NT=uterine cervix;AC=UBERON:0000002	NT=epithelial cell;AC=CL:0000066	NT=cervical adenocarcinoma;AC=MONDO:0005153	NT=HeLa;AC=EFO:0001185	CVCL_0030	HeLa	30Y6M	female	not applicable	not available	NT=Dulbecco's Modified Eagle Medium;AC=NCIT:C185409	NT=Nocodazole;AC=NCIT:C75228	G1	live	NT=single cell;AC=PRIDE:0000897	FACS	G1_20201121_129	1	77	run 280	proteomic profiling by mass spectrometry	NT=timsTOF Pro;AC=MS:1003005	NT=label free sample;AC=MS:1002038	NT=Oxidation;AC=UNIMOD:35;TA=M;MT=Variable	NT=Acetyl;AC=UNIMOD:1;PP=Protein N-term;MT=Variable	not applicable	NT=Trypsin;AC=MS:1001251	NT=Lys-C;AC=MS:1001309	Data-independent acquisition	NT=collision-induced dissociation;AC=MS:1000133	not available	not available	not applicable	not applicable	released_set	1	1	20201121_TIMS04_Evo07_SA_ADB_1cell_HeLa_G1_129_S5-E9_1_4937.d	v1.1.0	NT=ms-proteomics;VV=v1.1.0	NT=human;VV=v1.1.0	NT=cell-lines;VV=v1.1.0	NT=single-cell;VV=v1.0.0	G1
HeLa_SC_G1_20201121_131	NT=Homo sapiens;AC=NCBITaxon:9606	NT=uterine cervix;AC=UBERON:0000002	NT=epithelial cell;AC=CL:0000066	NT=cervical adenocarcinoma;AC=MONDO:0005153	NT=HeLa;AC=EFO:0001185	CVCL_0030	HeLa	30Y6M	female	not applicable	not available	NT=Dulbecco's Modified Eagle Medium;AC=NCIT:C185409	NT=Nocodazole;AC=NCIT:C75228	G1	live	NT=single cell;AC=PRIDE:0000897	FACS	G1_20201121_131	1	78	run 281	proteomic profiling by mass spectrometry	NT=timsTOF Pro;AC=MS:1003005	NT=label free sample;AC=MS:1002038	NT=Oxidation;AC=UNIMOD:35;TA=M;MT=Variable	NT=Acetyl;AC=UNIMOD:1;PP=Protein N-term;MT=Variable	not applicable	NT=Trypsin;AC=MS:1001251	NT=Lys-C;AC=MS:1001309	Data-independent acquisition	NT=collision-induced dissociation;AC=MS:1000133	not available	not available	not applicable	not applicable	released_set	1	1	20201121_TIMS04_Evo07_SA_ADB_1cell_HeLa_G1_131_S5-E11_1_4939.d	v1.1.0	NT=ms-proteomics;VV=v1.1.0	NT=human;VV=v1.1.0	NT=cell-lines;VV=v1.1.0	NT=single-cell;VV=v1.0.0	G1
HeLa_SC_G1_20201121_132	NT=Homo sapiens;AC=NCBITaxon:9606	NT=uterine cervix;AC=UBERON:0000002	NT=epithelial cell;AC=CL:0000066	NT=cervical adenocarcinoma;AC=MONDO:0005153	NT=HeLa;AC=EFO:0001185	CVCL_0030	HeLa	30Y6M	female	not applicable	not available	NT=Dulbecco's Modified Eagle Medium;AC=NCIT:C185409	NT=Nocodazole;AC=NCIT:C75228	G1	live	NT=single cell;AC=PRIDE:0000897	FACS	G1_20201121_132	1	79	run 282	proteomic profiling by mass spectrometry	NT=timsTOF Pro;AC=MS:1003005	NT=label free sample;AC=MS:1002038	NT=Oxidation;AC=UNIMOD:35;TA=M;MT=Variable	NT=Acetyl;AC=UNIMOD:1;PP=Protein N-term;MT=Variable	not applicable	NT=Trypsin;AC=MS:1001251	NT=Lys-C;AC=MS:1001309	Data-independent acquisition	NT=collision-induced dissociation;AC=MS:1000133	not available	not available	not applicable	not applicable	released_set	1	1	20201121_TIMS04_Evo07_SA_ADB_1cell_HeLa_G1_132_S5-E12_1_4940.d	v1.1.0	NT=ms-proteomics;VV=v1.1.0	NT=human;VV=v1.1.0	NT=cell-lines;VV=v1.1.0	NT=single-cell;VV=v1.0.0	G1
HeLa_SC_G1_20201121_139	NT=Homo sapiens;AC=NCBITaxon:9606	NT=uterine cervix;AC=UBERON:0000002	NT=epithelial cell;AC=CL:0000066	NT=cervical adenocarcinoma;AC=MONDO:0005153	NT=HeLa;AC=EFO:0001185	CVCL_0030	HeLa	30Y6M	female	not applicable	not available	NT=Dulbecco's Modified Eagle Medium;AC=NCIT:C185409	NT=Nocodazole;AC=NCIT:C75228	G1	live	NT=single cell;AC=PRIDE:0000897	FACS	G1_20201121_139	1	80	run 283	proteomic profiling by mass spectrometry	NT=timsTOF Pro;AC=MS:1003005	NT=label free sample;AC=MS:1002038	NT=Oxidation;AC=UNIMOD:35;TA=M;MT=Variable	NT=Acetyl;AC=UNIMOD:1;PP=Protein N-term;MT=Variable	not applicable	NT=Trypsin;AC=MS:1001251	NT=Lys-C;AC=MS:1001309	Data-independent acquisition	NT=collision-induced dissociation;AC=MS:1000133	not available	not available	not applicable	not applicable	released_set	1	1	20201121_TIMS04_Evo07_SA_ADB_1cell_HeLa_G1_139_S5-F7_1_4947.d	v1.1.0	NT=ms-proteomics;VV=v1.1.0	NT=human;VV=v1.1.0	NT=cell-lines;VV=v1.1.0	NT=single-cell;VV=v1.0.0	G1
HeLa_SC_G1_20201121_140	NT=Homo sapiens;AC=NCBITaxon:9606	NT=uterine cervix;AC=UBERON:0000002	NT=epithelial cell;AC=CL:0000066	NT=cervical adenocarcinoma;AC=MONDO:0005153	NT=HeLa;AC=EFO:0001185	CVCL_0030	HeLa	30Y6M	female	not applicable	not available	NT=Dulbecco's Modified Eagle Medium;AC=NCIT:C185409	NT=Nocodazole;AC=NCIT:C75228	G1	live	NT=single cell;AC=PRIDE:0000897	FACS	G1_20201121_140	1	81	run 284	proteomic profiling by mass spectrometry	NT=timsTOF Pro;AC=MS:1003005	NT=label free sample;AC=MS:1002038	NT=Oxidation;AC=UNIMOD:35;TA=M;MT=Variable	NT=Acetyl;AC=UNIMOD:1;PP=Protein N-term;MT=Variable	not applicable	NT=Trypsin;AC=MS:1001251	NT=Lys-C;AC=MS:1001309	Data-independent acquisition	NT=collision-induced dissociation;AC=MS:1000133	not available	not available	not applicable	not applicable	released_set	1	1	20201121_TIMS04_Evo07_SA_ADB_1cell_HeLa_G1_140_S5-F8_1_4948.d	v1.1.0	NT=ms-proteomics;VV=v1.1.0	NT=human;VV=v1.1.0	NT=cell-lines;VV=v1.1.0	NT=single-cell;VV=v1.0.0	G1
HeLa_SC_G1_20201121_142	NT=Homo sapiens;AC=NCBITaxon:9606	NT=uterine cervix;AC=UBERON:0000002	NT=epithelial cell;AC=CL:0000066	NT=cervical adenocarcinoma;AC=MONDO:0005153	NT=HeLa;AC=EFO:0001185	CVCL_0030	HeLa	30Y6M	female	not applicable	not available	NT=Dulbecco's Modified Eagle Medium;AC=NCIT:C185409	NT=Nocodazole;AC=NCIT:C75228	G1	live	NT=single cell;AC=PRIDE:0000897	FACS	G1_20201121_142	1	82	run 285	proteomic profiling by mass spectrometry	NT=timsTOF Pro;AC=MS:1003005	NT=label free sample;AC=MS:1002038	NT=Oxidation;AC=UNIMOD:35;TA=M;MT=Variable	NT=Acetyl;AC=UNIMOD:1;PP=Protein N-term;MT=Variable	not applicable	NT=Trypsin;AC=MS:1001251	NT=Lys-C;AC=MS:1001309	Data-independent acquisition	NT=collision-induced dissociation;AC=MS:1000133	not available	not available	not applicable	not applicable	released_set	1	1	20201121_TIMS04_Evo07_SA_ADB_1cell_HeLa_G1_142_S5-F10_1_4950.d	v1.1.0	NT=ms-proteomics;VV=v1.1.0	NT=human;VV=v1.1.0	NT=cell-lines;VV=v1.1.0	NT=single-cell;VV=v1.0.0	G1
HeLa_SC_G1_20201121_143	NT=Homo sapiens;AC=NCBITaxon:9606	NT=uterine cervix;AC=UBERON:0000002	NT=epithelial cell;AC=CL:0000066	NT=cervical adenocarcinoma;AC=MONDO:0005153	NT=HeLa;AC=EFO:0001185	CVCL_0030	HeLa	30Y6M	female	not applicable	not available	NT=Dulbecco's Modified Eagle Medium;AC=NCIT:C185409	NT=Nocodazole;AC=NCIT:C75228	G1	live	NT=single cell;AC=PRIDE:0000897	FACS	G1_20201121_143	1	83	run 286	proteomic profiling by mass spectrometry	NT=timsTOF Pro;AC=MS:1003005	NT=label free sample;AC=MS:1002038	NT=Oxidation;AC=UNIMOD:35;TA=M;MT=Variable	NT=Acetyl;AC=UNIMOD:1;PP=Protein N-term;MT=Variable	not applicable	NT=Trypsin;AC=MS:1001251	NT=Lys-C;AC=MS:1001309	Data-independent acquisition	NT=collision-induced dissociation;AC=MS:1000133	not available	not available	not applicable	not applicable	released_set	1	1	20201121_TIMS04_Evo07_SA_ADB_1cell_HeLa_G1_143_S5-F11_1_4951.d	v1.1.0	NT=ms-proteomics;VV=v1.1.0	NT=human;VV=v1.1.0	NT=cell-lines;VV=v1.1.0	NT=single-cell;VV=v1.0.0	G1
HeLa_SC_G1_20201121_147	NT=Homo sapiens;AC=NCBITaxon:9606	NT=uterine cervix;AC=UBERON:0000002	NT=epithelial cell;AC=CL:0000066	NT=cervical adenocarcinoma;AC=MONDO:0005153	NT=HeLa;AC=EFO:0001185	CVCL_0030	HeLa	30Y6M	female	not applicable	not available	NT=Dulbecco's Modified Eagle Medium;AC=NCIT:C185409	NT=Nocodazole;AC=NCIT:C75228	G1	live	NT=single cell;AC=PRIDE:0000897	FACS	G1_20201121_147	1	84	run 287	proteomic profiling by mass spectrometry	NT=timsTOF Pro;AC=MS:1003005	NT=label free sample;AC=MS:1002038	NT=Oxidation;AC=UNIMOD:35;TA=M;MT=Variable	NT=Acetyl;AC=UNIMOD:1;PP=Protein N-term;MT=Variable	not applicable	NT=Trypsin;AC=MS:1001251	NT=Lys-C;AC=MS:1001309	Data-independent acquisition	NT=collision-induced dissociation;AC=MS:1000133	not available	not available	not applicable	not applicable	released_set	1	1	20201121_TIMS04_Evo07_SA_ADB_1cell_HeLa_G1_147_S5-G3_1_4955.d	v1.1.0	NT=ms-proteomics;VV=v1.1.0	NT=human;VV=v1.1.0	NT=cell-lines;VV=v1.1.0	NT=single-cell;VV=v1.0.0	G1
HeLa_SC_G1_20201121_151	NT=Homo sapiens;AC=NCBITaxon:9606	NT=uterine cervix;AC=UBERON:0000002	NT=epithelial cell;AC=CL:0000066	NT=cervical adenocarcinoma;AC=MONDO:0005153	NT=HeLa;AC=EFO:0001185	CVCL_0030	HeLa	30Y6M	female	not applicable	not available	NT=Dulbecco's Modified Eagle Medium;AC=NCIT:C185409	NT=Nocodazole;AC=NCIT:C75228	G1	live	NT=single cell;AC=PRIDE:0000897	FACS	G1_20201121_151	1	85	run 288	proteomic profiling by mass spectrometry	NT=timsTOF Pro;AC=MS:1003005	NT=label free sample;AC=MS:1002038	NT=Oxidation;AC=UNIMOD:35;TA=M;MT=Variable	NT=Acetyl;AC=UNIMOD:1;PP=Protein N-term;MT=Variable	not applicable	NT=Trypsin;AC=MS:1001251	NT=Lys-C;AC=MS:1001309	Data-independent acquisition	NT=collision-induced dissociation;AC=MS:1000133	not available	not available	not applicable	not applicable	released_set	1	1	20201121_TIMS04_Evo07_SA_ADB_1cell_HeLa_G1_151_S5-G7_1_4959.d	v1.1.0	NT=ms-proteomics;VV=v1.1.0	NT=human;VV=v1.1.0	NT=cell-lines;VV=v1.1.0	NT=single-cell;VV=v1.0.0	G1
HeLa_SC_G1_20201121_153	NT=Homo sapiens;AC=NCBITaxon:9606	NT=uterine cervix;AC=UBERON:0000002	NT=epithelial cell;AC=CL:0000066	NT=cervical adenocarcinoma;AC=MONDO:0005153	NT=HeLa;AC=EFO:0001185	CVCL_0030	HeLa	30Y6M	female	not applicable	not available	NT=Dulbecco's Modified Eagle Medium;AC=NCIT:C185409	NT=Nocodazole;AC=NCIT:C75228	G1	live	NT=single cell;AC=PRIDE:0000897	FACS	G1_20201121_153	1	86	run 289	proteomic profiling by mass spectrometry	NT=timsTOF Pro;AC=MS:1003005	NT=label free sample;AC=MS:1002038	NT=Oxidation;AC=UNIMOD:35;TA=M;MT=Variable	NT=Acetyl;AC=UNIMOD:1;PP=Protein N-term;MT=Variable	not applicable	NT=Trypsin;AC=MS:1001251	NT=Lys-C;AC=MS:1001309	Data-independent acquisition	NT=collision-induced dissociation;AC=MS:1000133	not available	not available	not applicable	not applicable	released_set	1	1	20201121_TIMS04_Evo07_SA_ADB_1cell_HeLa_G1_153_S5-G9_1_4961.d	v1.1.0	NT=ms-proteomics;VV=v1.1.0	NT=human;VV=v1.1.0	NT=cell-lines;VV=v1.1.0	NT=single-cell;VV=v1.0.0	G1
HeLa_SC_G1_20201121_154	NT=Homo sapiens;AC=NCBITaxon:9606	NT=uterine cervix;AC=UBERON:0000002	NT=epithelial cell;AC=CL:0000066	NT=cervical adenocarcinoma;AC=MONDO:0005153	NT=HeLa;AC=EFO:0001185	CVCL_0030	HeLa	30Y6M	female	not applicable	not available	NT=Dulbecco's Modified Eagle Medium;AC=NCIT:C185409	NT=Nocodazole;AC=NCIT:C75228	G1	live	NT=single cell;AC=PRIDE:0000897	FACS	G1_20201121_154	1	87	run 290	proteomic profiling by mass spectrometry	NT=timsTOF Pro;AC=MS:1003005	NT=label free sample;AC=MS:1002038	NT=Oxidation;AC=UNIMOD:35;TA=M;MT=Variable	NT=Acetyl;AC=UNIMOD:1;PP=Protein N-term;MT=Variable	not applicable	NT=Trypsin;AC=MS:1001251	NT=Lys-C;AC=MS:1001309	Data-independent acquisition	NT=collision-induced dissociation;AC=MS:1000133	not available	not available	not applicable	not applicable	released_set	1	1	20201121_TIMS04_Evo07_SA_ADB_1cell_HeLa_G1_154_S5-G10_1_4962.d	v1.1.0	NT=ms-proteomics;VV=v1.1.0	NT=human;VV=v1.1.0	NT=cell-lines;VV=v1.1.0	NT=single-cell;VV=v1.0.0	G1
HeLa_SC_G1_20201121_155	NT=Homo sapiens;AC=NCBITaxon:9606	NT=uterine cervix;AC=UBERON:0000002	NT=epithelial cell;AC=CL:0000066	NT=cervical adenocarcinoma;AC=MONDO:0005153	NT=HeLa;AC=EFO:0001185	CVCL_0030	HeLa	30Y6M	female	not applicable	not available	NT=Dulbecco's Modified Eagle Medium;AC=NCIT:C185409	NT=Nocodazole;AC=NCIT:C75228	G1	live	NT=single cell;AC=PRIDE:0000897	FACS	G1_20201121_155	1	88	run 291	proteomic profiling by mass spectrometry	NT=timsTOF Pro;AC=MS:1003005	NT=label free sample;AC=MS:1002038	NT=Oxidation;AC=UNIMOD:35;TA=M;MT=Variable	NT=Acetyl;AC=UNIMOD:1;PP=Protein N-term;MT=Variable	not applicable	NT=Trypsin;AC=MS:1001251	NT=Lys-C;AC=MS:1001309	Data-independent acquisition	NT=collision-induced dissociation;AC=MS:1000133	not available	not available	not applicable	not applicable	released_set	1	1	20201121_TIMS04_Evo07_SA_ADB_1cell_HeLa_G1_155_S5-G11_1_4963.d	v1.1.0	NT=ms-proteomics;VV=v1.1.0	NT=human;VV=v1.1.0	NT=cell-lines;VV=v1.1.0	NT=single-cell;VV=v1.0.0	G1
HeLa_SC_G1_20201121_158	NT=Homo sapiens;AC=NCBITaxon:9606	NT=uterine cervix;AC=UBERON:0000002	NT=epithelial cell;AC=CL:0000066	NT=cervical adenocarcinoma;AC=MONDO:0005153	NT=HeLa;AC=EFO:0001185	CVCL_0030	HeLa	30Y6M	female	not applicable	not available	NT=Dulbecco's Modified Eagle Medium;AC=NCIT:C185409	NT=Nocodazole;AC=NCIT:C75228	G1	live	NT=single cell;AC=PRIDE:0000897	FACS	G1_20201121_158	1	89	run 292	proteomic profiling by mass spectrometry	NT=timsTOF Pro;AC=MS:1003005	NT=label free sample;AC=MS:1002038	NT=Oxidation;AC=UNIMOD:35;TA=M;MT=Variable	NT=Acetyl;AC=UNIMOD:1;PP=Protein N-term;MT=Variable	not applicable	NT=Trypsin;AC=MS:1001251	NT=Lys-C;AC=MS:1001309	Data-independent acquisition	NT=collision-induced dissociation;AC=MS:1000133	not available	not available	not applicable	not applicable	released_set	1	1	20201121_TIMS04_Evo07_SA_ADB_1cell_HeLa_G1_158_S5-H2_1_4966.d	v1.1.0	NT=ms-proteomics;VV=v1.1.0	NT=human;VV=v1.1.0	NT=cell-lines;VV=v1.1.0	NT=single-cell;VV=v1.0.0	G1
HeLa_SC_G1_20201121_161	NT=Homo sapiens;AC=NCBITaxon:9606	NT=uterine cervix;AC=UBERON:0000002	NT=epithelial cell;AC=CL:0000066	NT=cervical adenocarcinoma;AC=MONDO:0005153	NT=HeLa;AC=EFO:0001185	CVCL_0030	HeLa	30Y6M	female	not applicable	not available	NT=Dulbecco's Modified Eagle Medium;AC=NCIT:C185409	NT=Nocodazole;AC=NCIT:C75228	G1	live	NT=single cell;AC=PRIDE:0000897	FACS	G1_20201121_161	1	90	run 293	proteomic profiling by mass spectrometry	NT=timsTOF Pro;AC=MS:1003005	NT=label free sample;AC=MS:1002038	NT=Oxidation;AC=UNIMOD:35;TA=M;MT=Variable	NT=Acetyl;AC=UNIMOD:1;PP=Protein N-term;MT=Variable	not applicable	NT=Trypsin;AC=MS:1001251	NT=Lys-C;AC=MS:1001309	Data-independent acquisition	NT=collision-induced dissociation;AC=MS:1000133	not available	not available	not applicable	not applicable	released_set	1	1	20201121_TIMS04_Evo07_SA_ADB_1cell_HeLa_G1_161_S5-H5_1_4969.d	v1.1.0	NT=ms-proteomics;VV=v1.1.0	NT=human;VV=v1.1.0	NT=cell-lines;VV=v1.1.0	NT=single-cell;VV=v1.0.0	G1
HeLa_SC_G1_20201121_163	NT=Homo sapiens;AC=NCBITaxon:9606	NT=uterine cervix;AC=UBERON:0000002	NT=epithelial cell;AC=CL:0000066	NT=cervical adenocarcinoma;AC=MONDO:0005153	NT=HeLa;AC=EFO:0001185	CVCL_0030	HeLa	30Y6M	female	not applicable	not available	NT=Dulbecco's Modified Eagle Medium;AC=NCIT:C185409	NT=Nocodazole;AC=NCIT:C75228	G1	live	NT=single cell;AC=PRIDE:0000897	FACS	G1_20201121_163	1	91	run 294	proteomic profiling by mass spectrometry	NT=timsTOF Pro;AC=MS:1003005	NT=label free sample;AC=MS:1002038	NT=Oxidation;AC=UNIMOD:35;TA=M;MT=Variable	NT=Acetyl;AC=UNIMOD:1;PP=Protein N-term;MT=Variable	not applicable	NT=Trypsin;AC=MS:1001251	NT=Lys-C;AC=MS:1001309	Data-independent acquisition	NT=collision-induced dissociation;AC=MS:1000133	not available	not available	not applicable	not applicable	released_set	1	1	20201121_TIMS04_Evo07_SA_ADB_1cell_HeLa_G1_163_S5-H7_1_4971.d	v1.1.0	NT=ms-proteomics;VV=v1.1.0	NT=human;VV=v1.1.0	NT=cell-lines;VV=v1.1.0	NT=single-cell;VV=v1.0.0	G1
HeLa_SC_G1_20201121_164	NT=Homo sapiens;AC=NCBITaxon:9606	NT=uterine cervix;AC=UBERON:0000002	NT=epithelial cell;AC=CL:0000066	NT=cervical adenocarcinoma;AC=MONDO:0005153	NT=HeLa;AC=EFO:0001185	CVCL_0030	HeLa	30Y6M	female	not applicable	not available	NT=Dulbecco's Modified Eagle Medium;AC=NCIT:C185409	NT=Nocodazole;AC=NCIT:C75228	G1	live	NT=single cell;AC=PRIDE:0000897	FACS	G1_20201121_164	1	92	run 295	proteomic profiling by mass spectrometry	NT=timsTOF Pro;AC=MS:1003005	NT=label free sample;AC=MS:1002038	NT=Oxidation;AC=UNIMOD:35;TA=M;MT=Variable	NT=Acetyl;AC=UNIMOD:1;PP=Protein N-term;MT=Variable	not applicable	NT=Trypsin;AC=MS:1001251	NT=Lys-C;AC=MS:1001309	Data-independent acquisition	NT=collision-induced dissociation;AC=MS:1000133	not available	not available	not applicable	not applicable	released_set	1	1	20201121_TIMS04_Evo07_SA_ADB_1cell_HeLa_G1_164_S5-H8_1_4972.d	v1.1.0	NT=ms-proteomics;VV=v1.1.0	NT=human;VV=v1.1.0	NT=cell-lines;VV=v1.1.0	NT=single-cell;VV=v1.0.0	G1
HeLa_SC_G1_20201121_167	NT=Homo sapiens;AC=NCBITaxon:9606	NT=uterine cervix;AC=UBERON:0000002	NT=epithelial cell;AC=CL:0000066	NT=cervical adenocarcinoma;AC=MONDO:0005153	NT=HeLa;AC=EFO:0001185	CVCL_0030	HeLa	30Y6M	female	not applicable	not available	NT=Dulbecco's Modified Eagle Medium;AC=NCIT:C185409	NT=Nocodazole;AC=NCIT:C75228	G1	live	NT=single cell;AC=PRIDE:0000897	FACS	G1_20201121_167	1	93	run 296	proteomic profiling by mass spectrometry	NT=timsTOF Pro;AC=MS:1003005	NT=label free sample;AC=MS:1002038	NT=Oxidation;AC=UNIMOD:35;TA=M;MT=Variable	NT=Acetyl;AC=UNIMOD:1;PP=Protein N-term;MT=Variable	not applicable	NT=Trypsin;AC=MS:1001251	NT=Lys-C;AC=MS:1001309	Data-independent acquisition	NT=collision-induced dissociation;AC=MS:1000133	not available	not available	not applicable	not applicable	released_set	1	1	20201121_TIMS04_Evo07_SA_ADB_1cell_HeLa_G1_167_S5-H11_1_4975.d	v1.1.0	NT=ms-proteomics;VV=v1.1.0	NT=human;VV=v1.1.0	NT=cell-lines;VV=v1.1.0	NT=single-cell;VV=v1.0.0	G1
HeLa_SC_UBb_20201126_002	NT=Homo sapiens;AC=NCBITaxon:9606	NT=uterine cervix;AC=UBERON:0000002	NT=epithelial cell;AC=CL:0000066	NT=cervical adenocarcinoma;AC=MONDO:0005153	NT=HeLa;AC=EFO:0001185	CVCL_0030	HeLa	30Y6M	female	not applicable	not available	NT=Dulbecco's Modified Eagle Medium;AC=NCIT:C185409	not applicable	not determined	live	NT=single cell;AC=PRIDE:0000897	FACS	UBb_20201126_002	1	1	run 297	proteomic profiling by mass spectrometry	NT=timsTOF Pro;AC=MS:1003005	NT=label free sample;AC=MS:1002038	NT=Oxidation;AC=UNIMOD:35;TA=M;MT=Variable	NT=Acetyl;AC=UNIMOD:1;PP=Protein N-term;MT=Variable	not applicable	NT=Trypsin;AC=MS:1001251	NT=Lys-C;AC=MS:1001309	Data-independent acquisition	NT=collision-induced dissociation;AC=MS:1000133	not available	not available	not applicable	not applicable	unsynchronized_culture_2	1	1	20201126_TIMS04_Evo07_SA_ADB_1cell_HeLa_UB_02_S1-B2_1_4990.d	v1.1.0	NT=ms-proteomics;VV=v1.1.0	NT=human;VV=v1.1.0	NT=cell-lines;VV=v1.1.0	NT=single-cell;VV=v1.0.0	not determined
HeLa_SC_UBb_20201126_003	NT=Homo sapiens;AC=NCBITaxon:9606	NT=uterine cervix;AC=UBERON:0000002	NT=epithelial cell;AC=CL:0000066	NT=cervical adenocarcinoma;AC=MONDO:0005153	NT=HeLa;AC=EFO:0001185	CVCL_0030	HeLa	30Y6M	female	not applicable	not available	NT=Dulbecco's Modified Eagle Medium;AC=NCIT:C185409	not applicable	not determined	live	NT=single cell;AC=PRIDE:0000897	FACS	UBb_20201126_003	1	2	run 298	proteomic profiling by mass spectrometry	NT=timsTOF Pro;AC=MS:1003005	NT=label free sample;AC=MS:1002038	NT=Oxidation;AC=UNIMOD:35;TA=M;MT=Variable	NT=Acetyl;AC=UNIMOD:1;PP=Protein N-term;MT=Variable	not applicable	NT=Trypsin;AC=MS:1001251	NT=Lys-C;AC=MS:1001309	Data-independent acquisition	NT=collision-induced dissociation;AC=MS:1000133	not available	not available	not applicable	not applicable	unsynchronized_culture_2	1	1	20201126_TIMS04_Evo07_SA_ADB_1cell_HeLa_UB_03_S1-B3_1_4991.d	v1.1.0	NT=ms-proteomics;VV=v1.1.0	NT=human;VV=v1.1.0	NT=cell-lines;VV=v1.1.0	NT=single-cell;VV=v1.0.0	not determined
HeLa_SC_UBb_20201126_004	NT=Homo sapiens;AC=NCBITaxon:9606	NT=uterine cervix;AC=UBERON:0000002	NT=epithelial cell;AC=CL:0000066	NT=cervical adenocarcinoma;AC=MONDO:0005153	NT=HeLa;AC=EFO:0001185	CVCL_0030	HeLa	30Y6M	female	not applicable	not available	NT=Dulbecco's Modified Eagle Medium;AC=NCIT:C185409	not applicable	not determined	live	NT=single cell;AC=PRIDE:0000897	FACS	UBb_20201126_004	1	3	run 299	proteomic profiling by mass spectrometry	NT=timsTOF Pro;AC=MS:1003005	NT=label free sample;AC=MS:1002038	NT=Oxidation;AC=UNIMOD:35;TA=M;MT=Variable	NT=Acetyl;AC=UNIMOD:1;PP=Protein N-term;MT=Variable	not applicable	NT=Trypsin;AC=MS:1001251	NT=Lys-C;AC=MS:1001309	Data-independent acquisition	NT=collision-induced dissociation;AC=MS:1000133	not available	not available	not applicable	not applicable	unsynchronized_culture_2	1	1	20201126_TIMS04_Evo07_SA_ADB_1cell_HeLa_UB_04_S1-B4_1_4992.d	v1.1.0	NT=ms-proteomics;VV=v1.1.0	NT=human;VV=v1.1.0	NT=cell-lines;VV=v1.1.0	NT=single-cell;VV=v1.0.0	not determined
HeLa_SC_UBb_20201126_005	NT=Homo sapiens;AC=NCBITaxon:9606	NT=uterine cervix;AC=UBERON:0000002	NT=epithelial cell;AC=CL:0000066	NT=cervical adenocarcinoma;AC=MONDO:0005153	NT=HeLa;AC=EFO:0001185	CVCL_0030	HeLa	30Y6M	female	not applicable	not available	NT=Dulbecco's Modified Eagle Medium;AC=NCIT:C185409	not applicable	not determined	live	NT=single cell;AC=PRIDE:0000897	FACS	UBb_20201126_005	1	4	run 300	proteomic profiling by mass spectrometry	NT=timsTOF Pro;AC=MS:1003005	NT=label free sample;AC=MS:1002038	NT=Oxidation;AC=UNIMOD:35;TA=M;MT=Variable	NT=Acetyl;AC=UNIMOD:1;PP=Protein N-term;MT=Variable	not applicable	NT=Trypsin;AC=MS:1001251	NT=Lys-C;AC=MS:1001309	Data-independent acquisition	NT=collision-induced dissociation;AC=MS:1000133	not available	not available	not applicable	not applicable	unsynchronized_culture_2	1	1	20201126_TIMS04_Evo07_SA_ADB_1cell_HeLa_UB_05_S1-B5_1_4993.d	v1.1.0	NT=ms-proteomics;VV=v1.1.0	NT=human;VV=v1.1.0	NT=cell-lines;VV=v1.1.0	NT=single-cell;VV=v1.0.0	not determined
HeLa_SC_UBb_20201126_006	NT=Homo sapiens;AC=NCBITaxon:9606	NT=uterine cervix;AC=UBERON:0000002	NT=epithelial cell;AC=CL:0000066	NT=cervical adenocarcinoma;AC=MONDO:0005153	NT=HeLa;AC=EFO:0001185	CVCL_0030	HeLa	30Y6M	female	not applicable	not available	NT=Dulbecco's Modified Eagle Medium;AC=NCIT:C185409	not applicable	not determined	live	NT=single cell;AC=PRIDE:0000897	FACS	UBb_20201126_006	1	5	run 301	proteomic profiling by mass spectrometry	NT=timsTOF Pro;AC=MS:1003005	NT=label free sample;AC=MS:1002038	NT=Oxidation;AC=UNIMOD:35;TA=M;MT=Variable	NT=Acetyl;AC=UNIMOD:1;PP=Protein N-term;MT=Variable	not applicable	NT=Trypsin;AC=MS:1001251	NT=Lys-C;AC=MS:1001309	Data-independent acquisition	NT=collision-induced dissociation;AC=MS:1000133	not available	not available	not applicable	not applicable	unsynchronized_culture_2	1	1	20201126_TIMS04_Evo07_SA_ADB_1cell_HeLa_UB_06_S1-B6_1_4994.d	v1.1.0	NT=ms-proteomics;VV=v1.1.0	NT=human;VV=v1.1.0	NT=cell-lines;VV=v1.1.0	NT=single-cell;VV=v1.0.0	not determined
HeLa_SC_UBb_20201126_007	NT=Homo sapiens;AC=NCBITaxon:9606	NT=uterine cervix;AC=UBERON:0000002	NT=epithelial cell;AC=CL:0000066	NT=cervical adenocarcinoma;AC=MONDO:0005153	NT=HeLa;AC=EFO:0001185	CVCL_0030	HeLa	30Y6M	female	not applicable	not available	NT=Dulbecco's Modified Eagle Medium;AC=NCIT:C185409	not applicable	not determined	live	NT=single cell;AC=PRIDE:0000897	FACS	UBb_20201126_007	1	6	run 302	proteomic profiling by mass spectrometry	NT=timsTOF Pro;AC=MS:1003005	NT=label free sample;AC=MS:1002038	NT=Oxidation;AC=UNIMOD:35;TA=M;MT=Variable	NT=Acetyl;AC=UNIMOD:1;PP=Protein N-term;MT=Variable	not applicable	NT=Trypsin;AC=MS:1001251	NT=Lys-C;AC=MS:1001309	Data-independent acquisition	NT=collision-induced dissociation;AC=MS:1000133	not available	not available	not applicable	not applicable	unsynchronized_culture_2	1	1	20201126_TIMS04_Evo07_SA_ADB_1cell_HeLa_UB_07_S1-B7_1_4995.d	v1.1.0	NT=ms-proteomics;VV=v1.1.0	NT=human;VV=v1.1.0	NT=cell-lines;VV=v1.1.0	NT=single-cell;VV=v1.0.0	not determined
HeLa_SC_UBb_20201126_008	NT=Homo sapiens;AC=NCBITaxon:9606	NT=uterine cervix;AC=UBERON:0000002	NT=epithelial cell;AC=CL:0000066	NT=cervical adenocarcinoma;AC=MONDO:0005153	NT=HeLa;AC=EFO:0001185	CVCL_0030	HeLa	30Y6M	female	not applicable	not available	NT=Dulbecco's Modified Eagle Medium;AC=NCIT:C185409	not applicable	not determined	live	NT=single cell;AC=PRIDE:0000897	FACS	UBb_20201126_008	1	7	run 303	proteomic profiling by mass spectrometry	NT=timsTOF Pro;AC=MS:1003005	NT=label free sample;AC=MS:1002038	NT=Oxidation;AC=UNIMOD:35;TA=M;MT=Variable	NT=Acetyl;AC=UNIMOD:1;PP=Protein N-term;MT=Variable	not applicable	NT=Trypsin;AC=MS:1001251	NT=Lys-C;AC=MS:1001309	Data-independent acquisition	NT=collision-induced dissociation;AC=MS:1000133	not available	not available	not applicable	not applicable	unsynchronized_culture_2	1	1	20201126_TIMS04_Evo07_SA_ADB_1cell_HeLa_UB_08_S1-B8_1_4996.d	v1.1.0	NT=ms-proteomics;VV=v1.1.0	NT=human;VV=v1.1.0	NT=cell-lines;VV=v1.1.0	NT=single-cell;VV=v1.0.0	not determined
HeLa_SC_UBb_20201126_009	NT=Homo sapiens;AC=NCBITaxon:9606	NT=uterine cervix;AC=UBERON:0000002	NT=epithelial cell;AC=CL:0000066	NT=cervical adenocarcinoma;AC=MONDO:0005153	NT=HeLa;AC=EFO:0001185	CVCL_0030	HeLa	30Y6M	female	not applicable	not available	NT=Dulbecco's Modified Eagle Medium;AC=NCIT:C185409	not applicable	not determined	live	NT=single cell;AC=PRIDE:0000897	FACS	UBb_20201126_009	1	8	run 304	proteomic profiling by mass spectrometry	NT=timsTOF Pro;AC=MS:1003005	NT=label free sample;AC=MS:1002038	NT=Oxidation;AC=UNIMOD:35;TA=M;MT=Variable	NT=Acetyl;AC=UNIMOD:1;PP=Protein N-term;MT=Variable	not applicable	NT=Trypsin;AC=MS:1001251	NT=Lys-C;AC=MS:1001309	Data-independent acquisition	NT=collision-induced dissociation;AC=MS:1000133	not available	not available	not applicable	not applicable	unsynchronized_culture_2	1	1	20201126_TIMS04_Evo07_SA_ADB_1cell_HeLa_UB_09_S1-B9_1_4997.d	v1.1.0	NT=ms-proteomics;VV=v1.1.0	NT=human;VV=v1.1.0	NT=cell-lines;VV=v1.1.0	NT=single-cell;VV=v1.0.0	not determined
HeLa_SC_UBb_20201126_010	NT=Homo sapiens;AC=NCBITaxon:9606	NT=uterine cervix;AC=UBERON:0000002	NT=epithelial cell;AC=CL:0000066	NT=cervical adenocarcinoma;AC=MONDO:0005153	NT=HeLa;AC=EFO:0001185	CVCL_0030	HeLa	30Y6M	female	not applicable	not available	NT=Dulbecco's Modified Eagle Medium;AC=NCIT:C185409	not applicable	not determined	live	NT=single cell;AC=PRIDE:0000897	FACS	UBb_20201126_010	1	9	run 305	proteomic profiling by mass spectrometry	NT=timsTOF Pro;AC=MS:1003005	NT=label free sample;AC=MS:1002038	NT=Oxidation;AC=UNIMOD:35;TA=M;MT=Variable	NT=Acetyl;AC=UNIMOD:1;PP=Protein N-term;MT=Variable	not applicable	NT=Trypsin;AC=MS:1001251	NT=Lys-C;AC=MS:1001309	Data-independent acquisition	NT=collision-induced dissociation;AC=MS:1000133	not available	not available	not applicable	not applicable	unsynchronized_culture_2	1	1	20201126_TIMS04_Evo07_SA_ADB_1cell_HeLa_UB_10_S1-B10_1_4998.d	v1.1.0	NT=ms-proteomics;VV=v1.1.0	NT=human;VV=v1.1.0	NT=cell-lines;VV=v1.1.0	NT=single-cell;VV=v1.0.0	not determined
HeLa_SC_UBb_20201126_011	NT=Homo sapiens;AC=NCBITaxon:9606	NT=uterine cervix;AC=UBERON:0000002	NT=epithelial cell;AC=CL:0000066	NT=cervical adenocarcinoma;AC=MONDO:0005153	NT=HeLa;AC=EFO:0001185	CVCL_0030	HeLa	30Y6M	female	not applicable	not available	NT=Dulbecco's Modified Eagle Medium;AC=NCIT:C185409	not applicable	not determined	live	NT=single cell;AC=PRIDE:0000897	FACS	UBb_20201126_011	1	10	run 306	proteomic profiling by mass spectrometry	NT=timsTOF Pro;AC=MS:1003005	NT=label free sample;AC=MS:1002038	NT=Oxidation;AC=UNIMOD:35;TA=M;MT=Variable	NT=Acetyl;AC=UNIMOD:1;PP=Protein N-term;MT=Variable	not applicable	NT=Trypsin;AC=MS:1001251	NT=Lys-C;AC=MS:1001309	Data-independent acquisition	NT=collision-induced dissociation;AC=MS:1000133	not available	not available	not applicable	not applicable	unsynchronized_culture_2	1	1	20201126_TIMS04_Evo07_SA_ADB_1cell_HeLa_UB_11_S1-B11_1_4999.d	v1.1.0	NT=ms-proteomics;VV=v1.1.0	NT=human;VV=v1.1.0	NT=cell-lines;VV=v1.1.0	NT=single-cell;VV=v1.0.0	not determined
HeLa_SC_UBb_20201126_012	NT=Homo sapiens;AC=NCBITaxon:9606	NT=uterine cervix;AC=UBERON:0000002	NT=epithelial cell;AC=CL:0000066	NT=cervical adenocarcinoma;AC=MONDO:0005153	NT=HeLa;AC=EFO:0001185	CVCL_0030	HeLa	30Y6M	female	not applicable	not available	NT=Dulbecco's Modified Eagle Medium;AC=NCIT:C185409	not applicable	not determined	live	NT=single cell;AC=PRIDE:0000897	FACS	UBb_20201126_012	1	11	run 307	proteomic profiling by mass spectrometry	NT=timsTOF Pro;AC=MS:1003005	NT=label free sample;AC=MS:1002038	NT=Oxidation;AC=UNIMOD:35;TA=M;MT=Variable	NT=Acetyl;AC=UNIMOD:1;PP=Protein N-term;MT=Variable	not applicable	NT=Trypsin;AC=MS:1001251	NT=Lys-C;AC=MS:1001309	Data-independent acquisition	NT=collision-induced dissociation;AC=MS:1000133	not available	not available	not applicable	not applicable	unsynchronized_culture_2	1	1	20201126_TIMS04_Evo07_SA_ADB_1cell_HeLa_UB_12_S1-B12_1_5000.d	v1.1.0	NT=ms-proteomics;VV=v1.1.0	NT=human;VV=v1.1.0	NT=cell-lines;VV=v1.1.0	NT=single-cell;VV=v1.0.0	not determined
HeLa_SC_UBb_20201126_014	NT=Homo sapiens;AC=NCBITaxon:9606	NT=uterine cervix;AC=UBERON:0000002	NT=epithelial cell;AC=CL:0000066	NT=cervical adenocarcinoma;AC=MONDO:0005153	NT=HeLa;AC=EFO:0001185	CVCL_0030	HeLa	30Y6M	female	not applicable	not available	NT=Dulbecco's Modified Eagle Medium;AC=NCIT:C185409	not applicable	not determined	live	NT=single cell;AC=PRIDE:0000897	FACS	UBb_20201126_014	1	12	run 308	proteomic profiling by mass spectrometry	NT=timsTOF Pro;AC=MS:1003005	NT=label free sample;AC=MS:1002038	NT=Oxidation;AC=UNIMOD:35;TA=M;MT=Variable	NT=Acetyl;AC=UNIMOD:1;PP=Protein N-term;MT=Variable	not applicable	NT=Trypsin;AC=MS:1001251	NT=Lys-C;AC=MS:1001309	Data-independent acquisition	NT=collision-induced dissociation;AC=MS:1000133	not available	not available	not applicable	not applicable	unsynchronized_culture_2	1	1	20201126_TIMS04_Evo07_SA_ADB_1cell_HeLa_UB_14_S1-C2_1_5002.d	v1.1.0	NT=ms-proteomics;VV=v1.1.0	NT=human;VV=v1.1.0	NT=cell-lines;VV=v1.1.0	NT=single-cell;VV=v1.0.0	not determined
HeLa_SC_UBb_20201126_015	NT=Homo sapiens;AC=NCBITaxon:9606	NT=uterine cervix;AC=UBERON:0000002	NT=epithelial cell;AC=CL:0000066	NT=cervical adenocarcinoma;AC=MONDO:0005153	NT=HeLa;AC=EFO:0001185	CVCL_0030	HeLa	30Y6M	female	not applicable	not available	NT=Dulbecco's Modified Eagle Medium;AC=NCIT:C185409	not applicable	not determined	live	NT=single cell;AC=PRIDE:0000897	FACS	UBb_20201126_015	1	13	run 309	proteomic profiling by mass spectrometry	NT=timsTOF Pro;AC=MS:1003005	NT=label free sample;AC=MS:1002038	NT=Oxidation;AC=UNIMOD:35;TA=M;MT=Variable	NT=Acetyl;AC=UNIMOD:1;PP=Protein N-term;MT=Variable	not applicable	NT=Trypsin;AC=MS:1001251	NT=Lys-C;AC=MS:1001309	Data-independent acquisition	NT=collision-induced dissociation;AC=MS:1000133	not available	not available	not applicable	not applicable	unsynchronized_culture_2	1	1	20201126_TIMS04_Evo07_SA_ADB_1cell_HeLa_UB_15_S1-C3_1_5003.d	v1.1.0	NT=ms-proteomics;VV=v1.1.0	NT=human;VV=v1.1.0	NT=cell-lines;VV=v1.1.0	NT=single-cell;VV=v1.0.0	not determined
HeLa_SC_UBb_20201126_016	NT=Homo sapiens;AC=NCBITaxon:9606	NT=uterine cervix;AC=UBERON:0000002	NT=epithelial cell;AC=CL:0000066	NT=cervical adenocarcinoma;AC=MONDO:0005153	NT=HeLa;AC=EFO:0001185	CVCL_0030	HeLa	30Y6M	female	not applicable	not available	NT=Dulbecco's Modified Eagle Medium;AC=NCIT:C185409	not applicable	not determined	live	NT=single cell;AC=PRIDE:0000897	FACS	UBb_20201126_016	1	14	run 310	proteomic profiling by mass spectrometry	NT=timsTOF Pro;AC=MS:1003005	NT=label free sample;AC=MS:1002038	NT=Oxidation;AC=UNIMOD:35;TA=M;MT=Variable	NT=Acetyl;AC=UNIMOD:1;PP=Protein N-term;MT=Variable	not applicable	NT=Trypsin;AC=MS:1001251	NT=Lys-C;AC=MS:1001309	Data-independent acquisition	NT=collision-induced dissociation;AC=MS:1000133	not available	not available	not applicable	not applicable	unsynchronized_culture_2	1	1	20201126_TIMS04_Evo07_SA_ADB_1cell_HeLa_UB_16_S1-C4_1_5004.d	v1.1.0	NT=ms-proteomics;VV=v1.1.0	NT=human;VV=v1.1.0	NT=cell-lines;VV=v1.1.0	NT=single-cell;VV=v1.0.0	not determined
HeLa_SC_UBb_20201126_017	NT=Homo sapiens;AC=NCBITaxon:9606	NT=uterine cervix;AC=UBERON:0000002	NT=epithelial cell;AC=CL:0000066	NT=cervical adenocarcinoma;AC=MONDO:0005153	NT=HeLa;AC=EFO:0001185	CVCL_0030	HeLa	30Y6M	female	not applicable	not available	NT=Dulbecco's Modified Eagle Medium;AC=NCIT:C185409	not applicable	not determined	live	NT=single cell;AC=PRIDE:0000897	FACS	UBb_20201126_017	1	15	run 311	proteomic profiling by mass spectrometry	NT=timsTOF Pro;AC=MS:1003005	NT=label free sample;AC=MS:1002038	NT=Oxidation;AC=UNIMOD:35;TA=M;MT=Variable	NT=Acetyl;AC=UNIMOD:1;PP=Protein N-term;MT=Variable	not applicable	NT=Trypsin;AC=MS:1001251	NT=Lys-C;AC=MS:1001309	Data-independent acquisition	NT=collision-induced dissociation;AC=MS:1000133	not available	not available	not applicable	not applicable	unsynchronized_culture_2	1	1	20201126_TIMS04_Evo07_SA_ADB_1cell_HeLa_UB_17_S1-C5_1_5005.d	v1.1.0	NT=ms-proteomics;VV=v1.1.0	NT=human;VV=v1.1.0	NT=cell-lines;VV=v1.1.0	NT=single-cell;VV=v1.0.0	not determined
HeLa_SC_UBb_20201126_018	NT=Homo sapiens;AC=NCBITaxon:9606	NT=uterine cervix;AC=UBERON:0000002	NT=epithelial cell;AC=CL:0000066	NT=cervical adenocarcinoma;AC=MONDO:0005153	NT=HeLa;AC=EFO:0001185	CVCL_0030	HeLa	30Y6M	female	not applicable	not available	NT=Dulbecco's Modified Eagle Medium;AC=NCIT:C185409	not applicable	not determined	live	NT=single cell;AC=PRIDE:0000897	FACS	UBb_20201126_018	1	16	run 312	proteomic profiling by mass spectrometry	NT=timsTOF Pro;AC=MS:1003005	NT=label free sample;AC=MS:1002038	NT=Oxidation;AC=UNIMOD:35;TA=M;MT=Variable	NT=Acetyl;AC=UNIMOD:1;PP=Protein N-term;MT=Variable	not applicable	NT=Trypsin;AC=MS:1001251	NT=Lys-C;AC=MS:1001309	Data-independent acquisition	NT=collision-induced dissociation;AC=MS:1000133	not available	not available	not applicable	not applicable	unsynchronized_culture_2	1	1	20201126_TIMS04_Evo07_SA_ADB_1cell_HeLa_UB_18_S1-C6_1_5006.d	v1.1.0	NT=ms-proteomics;VV=v1.1.0	NT=human;VV=v1.1.0	NT=cell-lines;VV=v1.1.0	NT=single-cell;VV=v1.0.0	not determined
HeLa_SC_UBb_20201126_019	NT=Homo sapiens;AC=NCBITaxon:9606	NT=uterine cervix;AC=UBERON:0000002	NT=epithelial cell;AC=CL:0000066	NT=cervical adenocarcinoma;AC=MONDO:0005153	NT=HeLa;AC=EFO:0001185	CVCL_0030	HeLa	30Y6M	female	not applicable	not available	NT=Dulbecco's Modified Eagle Medium;AC=NCIT:C185409	not applicable	not determined	live	NT=single cell;AC=PRIDE:0000897	FACS	UBb_20201126_019	1	17	run 313	proteomic profiling by mass spectrometry	NT=timsTOF Pro;AC=MS:1003005	NT=label free sample;AC=MS:1002038	NT=Oxidation;AC=UNIMOD:35;TA=M;MT=Variable	NT=Acetyl;AC=UNIMOD:1;PP=Protein N-term;MT=Variable	not applicable	NT=Trypsin;AC=MS:1001251	NT=Lys-C;AC=MS:1001309	Data-independent acquisition	NT=collision-induced dissociation;AC=MS:1000133	not available	not available	not applicable	not applicable	unsynchronized_culture_2	1	1	20201126_TIMS04_Evo07_SA_ADB_1cell_HeLa_UB_19_S1-C7_1_5007.d	v1.1.0	NT=ms-proteomics;VV=v1.1.0	NT=human;VV=v1.1.0	NT=cell-lines;VV=v1.1.0	NT=single-cell;VV=v1.0.0	not determined
HeLa_SC_UBb_20201126_020	NT=Homo sapiens;AC=NCBITaxon:9606	NT=uterine cervix;AC=UBERON:0000002	NT=epithelial cell;AC=CL:0000066	NT=cervical adenocarcinoma;AC=MONDO:0005153	NT=HeLa;AC=EFO:0001185	CVCL_0030	HeLa	30Y6M	female	not applicable	not available	NT=Dulbecco's Modified Eagle Medium;AC=NCIT:C185409	not applicable	not determined	live	NT=single cell;AC=PRIDE:0000897	FACS	UBb_20201126_020	1	18	run 314	proteomic profiling by mass spectrometry	NT=timsTOF Pro;AC=MS:1003005	NT=label free sample;AC=MS:1002038	NT=Oxidation;AC=UNIMOD:35;TA=M;MT=Variable	NT=Acetyl;AC=UNIMOD:1;PP=Protein N-term;MT=Variable	not applicable	NT=Trypsin;AC=MS:1001251	NT=Lys-C;AC=MS:1001309	Data-independent acquisition	NT=collision-induced dissociation;AC=MS:1000133	not available	not available	not applicable	not applicable	unsynchronized_culture_2	1	1	20201126_TIMS04_Evo07_SA_ADB_1cell_HeLa_UB_20_S1-C8_1_5008.d	v1.1.0	NT=ms-proteomics;VV=v1.1.0	NT=human;VV=v1.1.0	NT=cell-lines;VV=v1.1.0	NT=single-cell;VV=v1.0.0	not determined
HeLa_SC_UBb_20201126_021	NT=Homo sapiens;AC=NCBITaxon:9606	NT=uterine cervix;AC=UBERON:0000002	NT=epithelial cell;AC=CL:0000066	NT=cervical adenocarcinoma;AC=MONDO:0005153	NT=HeLa;AC=EFO:0001185	CVCL_0030	HeLa	30Y6M	female	not applicable	not available	NT=Dulbecco's Modified Eagle Medium;AC=NCIT:C185409	not applicable	not determined	live	NT=single cell;AC=PRIDE:0000897	FACS	UBb_20201126_021	1	19	run 315	proteomic profiling by mass spectrometry	NT=timsTOF Pro;AC=MS:1003005	NT=label free sample;AC=MS:1002038	NT=Oxidation;AC=UNIMOD:35;TA=M;MT=Variable	NT=Acetyl;AC=UNIMOD:1;PP=Protein N-term;MT=Variable	not applicable	NT=Trypsin;AC=MS:1001251	NT=Lys-C;AC=MS:1001309	Data-independent acquisition	NT=collision-induced dissociation;AC=MS:1000133	not available	not available	not applicable	not applicable	unsynchronized_culture_2	1	1	20201126_TIMS04_Evo07_SA_ADB_1cell_HeLa_UB_21_S1-C9_1_5009.d	v1.1.0	NT=ms-proteomics;VV=v1.1.0	NT=human;VV=v1.1.0	NT=cell-lines;VV=v1.1.0	NT=single-cell;VV=v1.0.0	not determined
HeLa_SC_UBb_20201126_022	NT=Homo sapiens;AC=NCBITaxon:9606	NT=uterine cervix;AC=UBERON:0000002	NT=epithelial cell;AC=CL:0000066	NT=cervical adenocarcinoma;AC=MONDO:0005153	NT=HeLa;AC=EFO:0001185	CVCL_0030	HeLa	30Y6M	female	not applicable	not available	NT=Dulbecco's Modified Eagle Medium;AC=NCIT:C185409	not applicable	not determined	live	NT=single cell;AC=PRIDE:0000897	FACS	UBb_20201126_022	1	20	run 316	proteomic profiling by mass spectrometry	NT=timsTOF Pro;AC=MS:1003005	NT=label free sample;AC=MS:1002038	NT=Oxidation;AC=UNIMOD:35;TA=M;MT=Variable	NT=Acetyl;AC=UNIMOD:1;PP=Protein N-term;MT=Variable	not applicable	NT=Trypsin;AC=MS:1001251	NT=Lys-C;AC=MS:1001309	Data-independent acquisition	NT=collision-induced dissociation;AC=MS:1000133	not available	not available	not applicable	not applicable	unsynchronized_culture_2	1	1	20201126_TIMS04_Evo07_SA_ADB_1cell_HeLa_UB_22_S1-C10_1_5010.d	v1.1.0	NT=ms-proteomics;VV=v1.1.0	NT=human;VV=v1.1.0	NT=cell-lines;VV=v1.1.0	NT=single-cell;VV=v1.0.0	not determined
HeLa_SC_UBb_20201126_023	NT=Homo sapiens;AC=NCBITaxon:9606	NT=uterine cervix;AC=UBERON:0000002	NT=epithelial cell;AC=CL:0000066	NT=cervical adenocarcinoma;AC=MONDO:0005153	NT=HeLa;AC=EFO:0001185	CVCL_0030	HeLa	30Y6M	female	not applicable	not available	NT=Dulbecco's Modified Eagle Medium;AC=NCIT:C185409	not applicable	not determined	live	NT=single cell;AC=PRIDE:0000897	FACS	UBb_20201126_023	1	21	run 317	proteomic profiling by mass spectrometry	NT=timsTOF Pro;AC=MS:1003005	NT=label free sample;AC=MS:1002038	NT=Oxidation;AC=UNIMOD:35;TA=M;MT=Variable	NT=Acetyl;AC=UNIMOD:1;PP=Protein N-term;MT=Variable	not applicable	NT=Trypsin;AC=MS:1001251	NT=Lys-C;AC=MS:1001309	Data-independent acquisition	NT=collision-induced dissociation;AC=MS:1000133	not available	not available	not applicable	not applicable	unsynchronized_culture_2	1	1	20201126_TIMS04_Evo07_SA_ADB_1cell_HeLa_UB_23_S1-C11_1_5011.d	v1.1.0	NT=ms-proteomics;VV=v1.1.0	NT=human;VV=v1.1.0	NT=cell-lines;VV=v1.1.0	NT=single-cell;VV=v1.0.0	not determined
HeLa_SC_UBb_20201126_024	NT=Homo sapiens;AC=NCBITaxon:9606	NT=uterine cervix;AC=UBERON:0000002	NT=epithelial cell;AC=CL:0000066	NT=cervical adenocarcinoma;AC=MONDO:0005153	NT=HeLa;AC=EFO:0001185	CVCL_0030	HeLa	30Y6M	female	not applicable	not available	NT=Dulbecco's Modified Eagle Medium;AC=NCIT:C185409	not applicable	not determined	live	NT=single cell;AC=PRIDE:0000897	FACS	UBb_20201126_024	1	22	run 318	proteomic profiling by mass spectrometry	NT=timsTOF Pro;AC=MS:1003005	NT=label free sample;AC=MS:1002038	NT=Oxidation;AC=UNIMOD:35;TA=M;MT=Variable	NT=Acetyl;AC=UNIMOD:1;PP=Protein N-term;MT=Variable	not applicable	NT=Trypsin;AC=MS:1001251	NT=Lys-C;AC=MS:1001309	Data-independent acquisition	NT=collision-induced dissociation;AC=MS:1000133	not available	not available	not applicable	not applicable	unsynchronized_culture_2	1	1	20201126_TIMS04_Evo07_SA_ADB_1cell_HeLa_UB_24_S1-C12_1_5012.d	v1.1.0	NT=ms-proteomics;VV=v1.1.0	NT=human;VV=v1.1.0	NT=cell-lines;VV=v1.1.0	NT=single-cell;VV=v1.0.0	not determined
HeLa_SC_UBb_20201126_026	NT=Homo sapiens;AC=NCBITaxon:9606	NT=uterine cervix;AC=UBERON:0000002	NT=epithelial cell;AC=CL:0000066	NT=cervical adenocarcinoma;AC=MONDO:0005153	NT=HeLa;AC=EFO:0001185	CVCL_0030	HeLa	30Y6M	female	not applicable	not available	NT=Dulbecco's Modified Eagle Medium;AC=NCIT:C185409	not applicable	not determined	live	NT=single cell;AC=PRIDE:0000897	FACS	UBb_20201126_026	1	23	run 319	proteomic profiling by mass spectrometry	NT=timsTOF Pro;AC=MS:1003005	NT=label free sample;AC=MS:1002038	NT=Oxidation;AC=UNIMOD:35;TA=M;MT=Variable	NT=Acetyl;AC=UNIMOD:1;PP=Protein N-term;MT=Variable	not applicable	NT=Trypsin;AC=MS:1001251	NT=Lys-C;AC=MS:1001309	Data-independent acquisition	NT=collision-induced dissociation;AC=MS:1000133	not available	not available	not applicable	not applicable	unsynchronized_culture_2	1	1	20201126_TIMS04_Evo07_SA_ADB_1cell_HeLa_UB_26_S1-D2_1_5014.d	v1.1.0	NT=ms-proteomics;VV=v1.1.0	NT=human;VV=v1.1.0	NT=cell-lines;VV=v1.1.0	NT=single-cell;VV=v1.0.0	not determined
HeLa_SC_UBb_20201126_027	NT=Homo sapiens;AC=NCBITaxon:9606	NT=uterine cervix;AC=UBERON:0000002	NT=epithelial cell;AC=CL:0000066	NT=cervical adenocarcinoma;AC=MONDO:0005153	NT=HeLa;AC=EFO:0001185	CVCL_0030	HeLa	30Y6M	female	not applicable	not available	NT=Dulbecco's Modified Eagle Medium;AC=NCIT:C185409	not applicable	not determined	live	NT=single cell;AC=PRIDE:0000897	FACS	UBb_20201126_027	1	24	run 320	proteomic profiling by mass spectrometry	NT=timsTOF Pro;AC=MS:1003005	NT=label free sample;AC=MS:1002038	NT=Oxidation;AC=UNIMOD:35;TA=M;MT=Variable	NT=Acetyl;AC=UNIMOD:1;PP=Protein N-term;MT=Variable	not applicable	NT=Trypsin;AC=MS:1001251	NT=Lys-C;AC=MS:1001309	Data-independent acquisition	NT=collision-induced dissociation;AC=MS:1000133	not available	not available	not applicable	not applicable	unsynchronized_culture_2	1	1	20201126_TIMS04_Evo07_SA_ADB_1cell_HeLa_UB_27_S1-D3_1_5015.d	v1.1.0	NT=ms-proteomics;VV=v1.1.0	NT=human;VV=v1.1.0	NT=cell-lines;VV=v1.1.0	NT=single-cell;VV=v1.0.0	not determined
HeLa_SC_UBb_20201126_028	NT=Homo sapiens;AC=NCBITaxon:9606	NT=uterine cervix;AC=UBERON:0000002	NT=epithelial cell;AC=CL:0000066	NT=cervical adenocarcinoma;AC=MONDO:0005153	NT=HeLa;AC=EFO:0001185	CVCL_0030	HeLa	30Y6M	female	not applicable	not available	NT=Dulbecco's Modified Eagle Medium;AC=NCIT:C185409	not applicable	not determined	live	NT=single cell;AC=PRIDE:0000897	FACS	UBb_20201126_028	1	25	run 321	proteomic profiling by mass spectrometry	NT=timsTOF Pro;AC=MS:1003005	NT=label free sample;AC=MS:1002038	NT=Oxidation;AC=UNIMOD:35;TA=M;MT=Variable	NT=Acetyl;AC=UNIMOD:1;PP=Protein N-term;MT=Variable	not applicable	NT=Trypsin;AC=MS:1001251	NT=Lys-C;AC=MS:1001309	Data-independent acquisition	NT=collision-induced dissociation;AC=MS:1000133	not available	not available	not applicable	not applicable	unsynchronized_culture_2	1	1	20201126_TIMS04_Evo07_SA_ADB_1cell_HeLa_UB_28_S1-D4_1_5016.d	v1.1.0	NT=ms-proteomics;VV=v1.1.0	NT=human;VV=v1.1.0	NT=cell-lines;VV=v1.1.0	NT=single-cell;VV=v1.0.0	not determined
HeLa_SC_UBb_20201126_030	NT=Homo sapiens;AC=NCBITaxon:9606	NT=uterine cervix;AC=UBERON:0000002	NT=epithelial cell;AC=CL:0000066	NT=cervical adenocarcinoma;AC=MONDO:0005153	NT=HeLa;AC=EFO:0001185	CVCL_0030	HeLa	30Y6M	female	not applicable	not available	NT=Dulbecco's Modified Eagle Medium;AC=NCIT:C185409	not applicable	not determined	live	NT=single cell;AC=PRIDE:0000897	FACS	UBb_20201126_030	1	26	run 322	proteomic profiling by mass spectrometry	NT=timsTOF Pro;AC=MS:1003005	NT=label free sample;AC=MS:1002038	NT=Oxidation;AC=UNIMOD:35;TA=M;MT=Variable	NT=Acetyl;AC=UNIMOD:1;PP=Protein N-term;MT=Variable	not applicable	NT=Trypsin;AC=MS:1001251	NT=Lys-C;AC=MS:1001309	Data-independent acquisition	NT=collision-induced dissociation;AC=MS:1000133	not available	not available	not applicable	not applicable	unsynchronized_culture_2	1	1	20201126_TIMS04_Evo07_SA_ADB_1cell_HeLa_UB_30_S1-D6_1_5018.d	v1.1.0	NT=ms-proteomics;VV=v1.1.0	NT=human;VV=v1.1.0	NT=cell-lines;VV=v1.1.0	NT=single-cell;VV=v1.0.0	not determined
HeLa_SC_UBb_20201126_031	NT=Homo sapiens;AC=NCBITaxon:9606	NT=uterine cervix;AC=UBERON:0000002	NT=epithelial cell;AC=CL:0000066	NT=cervical adenocarcinoma;AC=MONDO:0005153	NT=HeLa;AC=EFO:0001185	CVCL_0030	HeLa	30Y6M	female	not applicable	not available	NT=Dulbecco's Modified Eagle Medium;AC=NCIT:C185409	not applicable	not determined	live	NT=single cell;AC=PRIDE:0000897	FACS	UBb_20201126_031	1	27	run 323	proteomic profiling by mass spectrometry	NT=timsTOF Pro;AC=MS:1003005	NT=label free sample;AC=MS:1002038	NT=Oxidation;AC=UNIMOD:35;TA=M;MT=Variable	NT=Acetyl;AC=UNIMOD:1;PP=Protein N-term;MT=Variable	not applicable	NT=Trypsin;AC=MS:1001251	NT=Lys-C;AC=MS:1001309	Data-independent acquisition	NT=collision-induced dissociation;AC=MS:1000133	not available	not available	not applicable	not applicable	unsynchronized_culture_2	1	1	20201126_TIMS04_Evo07_SA_ADB_1cell_HeLa_UB_31_S1-D7_1_5019.d	v1.1.0	NT=ms-proteomics;VV=v1.1.0	NT=human;VV=v1.1.0	NT=cell-lines;VV=v1.1.0	NT=single-cell;VV=v1.0.0	not determined
HeLa_SC_UBb_20201126_032	NT=Homo sapiens;AC=NCBITaxon:9606	NT=uterine cervix;AC=UBERON:0000002	NT=epithelial cell;AC=CL:0000066	NT=cervical adenocarcinoma;AC=MONDO:0005153	NT=HeLa;AC=EFO:0001185	CVCL_0030	HeLa	30Y6M	female	not applicable	not available	NT=Dulbecco's Modified Eagle Medium;AC=NCIT:C185409	not applicable	not determined	live	NT=single cell;AC=PRIDE:0000897	FACS	UBb_20201126_032	1	28	run 324	proteomic profiling by mass spectrometry	NT=timsTOF Pro;AC=MS:1003005	NT=label free sample;AC=MS:1002038	NT=Oxidation;AC=UNIMOD:35;TA=M;MT=Variable	NT=Acetyl;AC=UNIMOD:1;PP=Protein N-term;MT=Variable	not applicable	NT=Trypsin;AC=MS:1001251	NT=Lys-C;AC=MS:1001309	Data-independent acquisition	NT=collision-induced dissociation;AC=MS:1000133	not available	not available	not applicable	not applicable	unsynchronized_culture_2	1	1	20201126_TIMS04_Evo07_SA_ADB_1cell_HeLa_UB_32_S1-D8_1_5020.d	v1.1.0	NT=ms-proteomics;VV=v1.1.0	NT=human;VV=v1.1.0	NT=cell-lines;VV=v1.1.0	NT=single-cell;VV=v1.0.0	not determined
HeLa_SC_UBb_20201126_033	NT=Homo sapiens;AC=NCBITaxon:9606	NT=uterine cervix;AC=UBERON:0000002	NT=epithelial cell;AC=CL:0000066	NT=cervical adenocarcinoma;AC=MONDO:0005153	NT=HeLa;AC=EFO:0001185	CVCL_0030	HeLa	30Y6M	female	not applicable	not available	NT=Dulbecco's Modified Eagle Medium;AC=NCIT:C185409	not applicable	not determined	live	NT=single cell;AC=PRIDE:0000897	FACS	UBb_20201126_033	1	29	run 325	proteomic profiling by mass spectrometry	NT=timsTOF Pro;AC=MS:1003005	NT=label free sample;AC=MS:1002038	NT=Oxidation;AC=UNIMOD:35;TA=M;MT=Variable	NT=Acetyl;AC=UNIMOD:1;PP=Protein N-term;MT=Variable	not applicable	NT=Trypsin;AC=MS:1001251	NT=Lys-C;AC=MS:1001309	Data-independent acquisition	NT=collision-induced dissociation;AC=MS:1000133	not available	not available	not applicable	not applicable	unsynchronized_culture_2	1	1	20201126_TIMS04_Evo07_SA_ADB_1cell_HeLa_UB_33_S1-D9_1_5021.d	v1.1.0	NT=ms-proteomics;VV=v1.1.0	NT=human;VV=v1.1.0	NT=cell-lines;VV=v1.1.0	NT=single-cell;VV=v1.0.0	not determined
HeLa_SC_UBb_20201126_034	NT=Homo sapiens;AC=NCBITaxon:9606	NT=uterine cervix;AC=UBERON:0000002	NT=epithelial cell;AC=CL:0000066	NT=cervical adenocarcinoma;AC=MONDO:0005153	NT=HeLa;AC=EFO:0001185	CVCL_0030	HeLa	30Y6M	female	not applicable	not available	NT=Dulbecco's Modified Eagle Medium;AC=NCIT:C185409	not applicable	not determined	live	NT=single cell;AC=PRIDE:0000897	FACS	UBb_20201126_034	1	30	run 326	proteomic profiling by mass spectrometry	NT=timsTOF Pro;AC=MS:1003005	NT=label free sample;AC=MS:1002038	NT=Oxidation;AC=UNIMOD:35;TA=M;MT=Variable	NT=Acetyl;AC=UNIMOD:1;PP=Protein N-term;MT=Variable	not applicable	NT=Trypsin;AC=MS:1001251	NT=Lys-C;AC=MS:1001309	Data-independent acquisition	NT=collision-induced dissociation;AC=MS:1000133	not available	not available	not applicable	not applicable	unsynchronized_culture_2	1	1	20201126_TIMS04_Evo07_SA_ADB_1cell_HeLa_UB_34_S1-D10_1_5022.d	v1.1.0	NT=ms-proteomics;VV=v1.1.0	NT=human;VV=v1.1.0	NT=cell-lines;VV=v1.1.0	NT=single-cell;VV=v1.0.0	not determined
HeLa_SC_UBb_20201126_035	NT=Homo sapiens;AC=NCBITaxon:9606	NT=uterine cervix;AC=UBERON:0000002	NT=epithelial cell;AC=CL:0000066	NT=cervical adenocarcinoma;AC=MONDO:0005153	NT=HeLa;AC=EFO:0001185	CVCL_0030	HeLa	30Y6M	female	not applicable	not available	NT=Dulbecco's Modified Eagle Medium;AC=NCIT:C185409	not applicable	not determined	live	NT=single cell;AC=PRIDE:0000897	FACS	UBb_20201126_035	1	31	run 327	proteomic profiling by mass spectrometry	NT=timsTOF Pro;AC=MS:1003005	NT=label free sample;AC=MS:1002038	NT=Oxidation;AC=UNIMOD:35;TA=M;MT=Variable	NT=Acetyl;AC=UNIMOD:1;PP=Protein N-term;MT=Variable	not applicable	NT=Trypsin;AC=MS:1001251	NT=Lys-C;AC=MS:1001309	Data-independent acquisition	NT=collision-induced dissociation;AC=MS:1000133	not available	not available	not applicable	not applicable	unsynchronized_culture_2	1	1	20201126_TIMS04_Evo07_SA_ADB_1cell_HeLa_UB_35_S1-D11_1_5023.d	v1.1.0	NT=ms-proteomics;VV=v1.1.0	NT=human;VV=v1.1.0	NT=cell-lines;VV=v1.1.0	NT=single-cell;VV=v1.0.0	not determined
HeLa_SC_UBb_20201126_036	NT=Homo sapiens;AC=NCBITaxon:9606	NT=uterine cervix;AC=UBERON:0000002	NT=epithelial cell;AC=CL:0000066	NT=cervical adenocarcinoma;AC=MONDO:0005153	NT=HeLa;AC=EFO:0001185	CVCL_0030	HeLa	30Y6M	female	not applicable	not available	NT=Dulbecco's Modified Eagle Medium;AC=NCIT:C185409	not applicable	not determined	live	NT=single cell;AC=PRIDE:0000897	FACS	UBb_20201126_036	1	32	run 328	proteomic profiling by mass spectrometry	NT=timsTOF Pro;AC=MS:1003005	NT=label free sample;AC=MS:1002038	NT=Oxidation;AC=UNIMOD:35;TA=M;MT=Variable	NT=Acetyl;AC=UNIMOD:1;PP=Protein N-term;MT=Variable	not applicable	NT=Trypsin;AC=MS:1001251	NT=Lys-C;AC=MS:1001309	Data-independent acquisition	NT=collision-induced dissociation;AC=MS:1000133	not available	not available	not applicable	not applicable	unsynchronized_culture_2	1	1	20201126_TIMS04_Evo07_SA_ADB_1cell_HeLa_UB_36_S1-D12_1_5024.d	v1.1.0	NT=ms-proteomics;VV=v1.1.0	NT=human;VV=v1.1.0	NT=cell-lines;VV=v1.1.0	NT=single-cell;VV=v1.0.0	not determined
HeLa_SC_UBb_20201126_038	NT=Homo sapiens;AC=NCBITaxon:9606	NT=uterine cervix;AC=UBERON:0000002	NT=epithelial cell;AC=CL:0000066	NT=cervical adenocarcinoma;AC=MONDO:0005153	NT=HeLa;AC=EFO:0001185	CVCL_0030	HeLa	30Y6M	female	not applicable	not available	NT=Dulbecco's Modified Eagle Medium;AC=NCIT:C185409	not applicable	not determined	live	NT=single cell;AC=PRIDE:0000897	FACS	UBb_20201126_038	1	33	run 329	proteomic profiling by mass spectrometry	NT=timsTOF Pro;AC=MS:1003005	NT=label free sample;AC=MS:1002038	NT=Oxidation;AC=UNIMOD:35;TA=M;MT=Variable	NT=Acetyl;AC=UNIMOD:1;PP=Protein N-term;MT=Variable	not applicable	NT=Trypsin;AC=MS:1001251	NT=Lys-C;AC=MS:1001309	Data-independent acquisition	NT=collision-induced dissociation;AC=MS:1000133	not available	not available	not applicable	not applicable	unsynchronized_culture_2	1	1	20201126_TIMS04_Evo07_SA_ADB_1cell_HeLa_UB_38_S1-E2_1_5026.d	v1.1.0	NT=ms-proteomics;VV=v1.1.0	NT=human;VV=v1.1.0	NT=cell-lines;VV=v1.1.0	NT=single-cell;VV=v1.0.0	not determined
HeLa_SC_UBb_20201126_039	NT=Homo sapiens;AC=NCBITaxon:9606	NT=uterine cervix;AC=UBERON:0000002	NT=epithelial cell;AC=CL:0000066	NT=cervical adenocarcinoma;AC=MONDO:0005153	NT=HeLa;AC=EFO:0001185	CVCL_0030	HeLa	30Y6M	female	not applicable	not available	NT=Dulbecco's Modified Eagle Medium;AC=NCIT:C185409	not applicable	not determined	live	NT=single cell;AC=PRIDE:0000897	FACS	UBb_20201126_039	1	34	run 330	proteomic profiling by mass spectrometry	NT=timsTOF Pro;AC=MS:1003005	NT=label free sample;AC=MS:1002038	NT=Oxidation;AC=UNIMOD:35;TA=M;MT=Variable	NT=Acetyl;AC=UNIMOD:1;PP=Protein N-term;MT=Variable	not applicable	NT=Trypsin;AC=MS:1001251	NT=Lys-C;AC=MS:1001309	Data-independent acquisition	NT=collision-induced dissociation;AC=MS:1000133	not available	not available	not applicable	not applicable	unsynchronized_culture_2	1	1	20201126_TIMS04_Evo07_SA_ADB_1cell_HeLa_UB_39_S1-E3_1_5027.d	v1.1.0	NT=ms-proteomics;VV=v1.1.0	NT=human;VV=v1.1.0	NT=cell-lines;VV=v1.1.0	NT=single-cell;VV=v1.0.0	not determined
HeLa_SC_UBb_20201126_040	NT=Homo sapiens;AC=NCBITaxon:9606	NT=uterine cervix;AC=UBERON:0000002	NT=epithelial cell;AC=CL:0000066	NT=cervical adenocarcinoma;AC=MONDO:0005153	NT=HeLa;AC=EFO:0001185	CVCL_0030	HeLa	30Y6M	female	not applicable	not available	NT=Dulbecco's Modified Eagle Medium;AC=NCIT:C185409	not applicable	not determined	live	NT=single cell;AC=PRIDE:0000897	FACS	UBb_20201126_040	1	35	run 331	proteomic profiling by mass spectrometry	NT=timsTOF Pro;AC=MS:1003005	NT=label free sample;AC=MS:1002038	NT=Oxidation;AC=UNIMOD:35;TA=M;MT=Variable	NT=Acetyl;AC=UNIMOD:1;PP=Protein N-term;MT=Variable	not applicable	NT=Trypsin;AC=MS:1001251	NT=Lys-C;AC=MS:1001309	Data-independent acquisition	NT=collision-induced dissociation;AC=MS:1000133	not available	not available	not applicable	not applicable	unsynchronized_culture_2	1	1	20201126_TIMS04_Evo07_SA_ADB_1cell_HeLa_UB_40_S1-E4_1_5028.d	v1.1.0	NT=ms-proteomics;VV=v1.1.0	NT=human;VV=v1.1.0	NT=cell-lines;VV=v1.1.0	NT=single-cell;VV=v1.0.0	not determined
HeLa_SC_UBb_20201126_041	NT=Homo sapiens;AC=NCBITaxon:9606	NT=uterine cervix;AC=UBERON:0000002	NT=epithelial cell;AC=CL:0000066	NT=cervical adenocarcinoma;AC=MONDO:0005153	NT=HeLa;AC=EFO:0001185	CVCL_0030	HeLa	30Y6M	female	not applicable	not available	NT=Dulbecco's Modified Eagle Medium;AC=NCIT:C185409	not applicable	not determined	live	NT=single cell;AC=PRIDE:0000897	FACS	UBb_20201126_041	1	36	run 332	proteomic profiling by mass spectrometry	NT=timsTOF Pro;AC=MS:1003005	NT=label free sample;AC=MS:1002038	NT=Oxidation;AC=UNIMOD:35;TA=M;MT=Variable	NT=Acetyl;AC=UNIMOD:1;PP=Protein N-term;MT=Variable	not applicable	NT=Trypsin;AC=MS:1001251	NT=Lys-C;AC=MS:1001309	Data-independent acquisition	NT=collision-induced dissociation;AC=MS:1000133	not available	not available	not applicable	not applicable	unsynchronized_culture_2	1	1	20201126_TIMS04_Evo07_SA_ADB_1cell_HeLa_UB_41_S1-E5_1_5029.d	v1.1.0	NT=ms-proteomics;VV=v1.1.0	NT=human;VV=v1.1.0	NT=cell-lines;VV=v1.1.0	NT=single-cell;VV=v1.0.0	not determined
HeLa_SC_UBb_20201126_042	NT=Homo sapiens;AC=NCBITaxon:9606	NT=uterine cervix;AC=UBERON:0000002	NT=epithelial cell;AC=CL:0000066	NT=cervical adenocarcinoma;AC=MONDO:0005153	NT=HeLa;AC=EFO:0001185	CVCL_0030	HeLa	30Y6M	female	not applicable	not available	NT=Dulbecco's Modified Eagle Medium;AC=NCIT:C185409	not applicable	not determined	live	NT=single cell;AC=PRIDE:0000897	FACS	UBb_20201126_042	1	37	run 333	proteomic profiling by mass spectrometry	NT=timsTOF Pro;AC=MS:1003005	NT=label free sample;AC=MS:1002038	NT=Oxidation;AC=UNIMOD:35;TA=M;MT=Variable	NT=Acetyl;AC=UNIMOD:1;PP=Protein N-term;MT=Variable	not applicable	NT=Trypsin;AC=MS:1001251	NT=Lys-C;AC=MS:1001309	Data-independent acquisition	NT=collision-induced dissociation;AC=MS:1000133	not available	not available	not applicable	not applicable	unsynchronized_culture_2	1	1	20201126_TIMS04_Evo07_SA_ADB_1cell_HeLa_UB_42_S1-E6_1_5030.d	v1.1.0	NT=ms-proteomics;VV=v1.1.0	NT=human;VV=v1.1.0	NT=cell-lines;VV=v1.1.0	NT=single-cell;VV=v1.0.0	not determined
HeLa_SC_UBb_20201126_043	NT=Homo sapiens;AC=NCBITaxon:9606	NT=uterine cervix;AC=UBERON:0000002	NT=epithelial cell;AC=CL:0000066	NT=cervical adenocarcinoma;AC=MONDO:0005153	NT=HeLa;AC=EFO:0001185	CVCL_0030	HeLa	30Y6M	female	not applicable	not available	NT=Dulbecco's Modified Eagle Medium;AC=NCIT:C185409	not applicable	not determined	live	NT=single cell;AC=PRIDE:0000897	FACS	UBb_20201126_043	1	38	run 334	proteomic profiling by mass spectrometry	NT=timsTOF Pro;AC=MS:1003005	NT=label free sample;AC=MS:1002038	NT=Oxidation;AC=UNIMOD:35;TA=M;MT=Variable	NT=Acetyl;AC=UNIMOD:1;PP=Protein N-term;MT=Variable	not applicable	NT=Trypsin;AC=MS:1001251	NT=Lys-C;AC=MS:1001309	Data-independent acquisition	NT=collision-induced dissociation;AC=MS:1000133	not available	not available	not applicable	not applicable	unsynchronized_culture_2	1	1	20201126_TIMS04_Evo07_SA_ADB_1cell_HeLa_UB_43_S1-E7_1_5031.d	v1.1.0	NT=ms-proteomics;VV=v1.1.0	NT=human;VV=v1.1.0	NT=cell-lines;VV=v1.1.0	NT=single-cell;VV=v1.0.0	not determined
HeLa_SC_UBb_20201126_046	NT=Homo sapiens;AC=NCBITaxon:9606	NT=uterine cervix;AC=UBERON:0000002	NT=epithelial cell;AC=CL:0000066	NT=cervical adenocarcinoma;AC=MONDO:0005153	NT=HeLa;AC=EFO:0001185	CVCL_0030	HeLa	30Y6M	female	not applicable	not available	NT=Dulbecco's Modified Eagle Medium;AC=NCIT:C185409	not applicable	not determined	live	NT=single cell;AC=PRIDE:0000897	FACS	UBb_20201126_046	1	39	run 335	proteomic profiling by mass spectrometry	NT=timsTOF Pro;AC=MS:1003005	NT=label free sample;AC=MS:1002038	NT=Oxidation;AC=UNIMOD:35;TA=M;MT=Variable	NT=Acetyl;AC=UNIMOD:1;PP=Protein N-term;MT=Variable	not applicable	NT=Trypsin;AC=MS:1001251	NT=Lys-C;AC=MS:1001309	Data-independent acquisition	NT=collision-induced dissociation;AC=MS:1000133	not available	not available	not applicable	not applicable	unsynchronized_culture_2	1	1	20201126_TIMS04_Evo07_SA_ADB_1cell_HeLa_UB_46_S1-E10_1_5034.d	v1.1.0	NT=ms-proteomics;VV=v1.1.0	NT=human;VV=v1.1.0	NT=cell-lines;VV=v1.1.0	NT=single-cell;VV=v1.0.0	not determined
HeLa_SC_UBb_20201126_047	NT=Homo sapiens;AC=NCBITaxon:9606	NT=uterine cervix;AC=UBERON:0000002	NT=epithelial cell;AC=CL:0000066	NT=cervical adenocarcinoma;AC=MONDO:0005153	NT=HeLa;AC=EFO:0001185	CVCL_0030	HeLa	30Y6M	female	not applicable	not available	NT=Dulbecco's Modified Eagle Medium;AC=NCIT:C185409	not applicable	not determined	live	NT=single cell;AC=PRIDE:0000897	FACS	UBb_20201126_047	1	40	run 336	proteomic profiling by mass spectrometry	NT=timsTOF Pro;AC=MS:1003005	NT=label free sample;AC=MS:1002038	NT=Oxidation;AC=UNIMOD:35;TA=M;MT=Variable	NT=Acetyl;AC=UNIMOD:1;PP=Protein N-term;MT=Variable	not applicable	NT=Trypsin;AC=MS:1001251	NT=Lys-C;AC=MS:1001309	Data-independent acquisition	NT=collision-induced dissociation;AC=MS:1000133	not available	not available	not applicable	not applicable	unsynchronized_culture_2	1	1	20201126_TIMS04_Evo07_SA_ADB_1cell_HeLa_UB_47_S1-E11_1_5035.d	v1.1.0	NT=ms-proteomics;VV=v1.1.0	NT=human;VV=v1.1.0	NT=cell-lines;VV=v1.1.0	NT=single-cell;VV=v1.0.0	not determined
HeLa_SC_UBb_20201126_048	NT=Homo sapiens;AC=NCBITaxon:9606	NT=uterine cervix;AC=UBERON:0000002	NT=epithelial cell;AC=CL:0000066	NT=cervical adenocarcinoma;AC=MONDO:0005153	NT=HeLa;AC=EFO:0001185	CVCL_0030	HeLa	30Y6M	female	not applicable	not available	NT=Dulbecco's Modified Eagle Medium;AC=NCIT:C185409	not applicable	not determined	live	NT=single cell;AC=PRIDE:0000897	FACS	UBb_20201126_048	1	41	run 337	proteomic profiling by mass spectrometry	NT=timsTOF Pro;AC=MS:1003005	NT=label free sample;AC=MS:1002038	NT=Oxidation;AC=UNIMOD:35;TA=M;MT=Variable	NT=Acetyl;AC=UNIMOD:1;PP=Protein N-term;MT=Variable	not applicable	NT=Trypsin;AC=MS:1001251	NT=Lys-C;AC=MS:1001309	Data-independent acquisition	NT=collision-induced dissociation;AC=MS:1000133	not available	not available	not applicable	not applicable	unsynchronized_culture_2	1	1	20201126_TIMS04_Evo07_SA_ADB_1cell_HeLa_UB_48_S1-E12_1_5036.d	v1.1.0	NT=ms-proteomics;VV=v1.1.0	NT=human;VV=v1.1.0	NT=cell-lines;VV=v1.1.0	NT=single-cell;VV=v1.0.0	not determined
HeLa_SC_UBb_20201126_050	NT=Homo sapiens;AC=NCBITaxon:9606	NT=uterine cervix;AC=UBERON:0000002	NT=epithelial cell;AC=CL:0000066	NT=cervical adenocarcinoma;AC=MONDO:0005153	NT=HeLa;AC=EFO:0001185	CVCL_0030	HeLa	30Y6M	female	not applicable	not available	NT=Dulbecco's Modified Eagle Medium;AC=NCIT:C185409	not applicable	not determined	live	NT=single cell;AC=PRIDE:0000897	FACS	UBb_20201126_050	1	42	run 338	proteomic profiling by mass spectrometry	NT=timsTOF Pro;AC=MS:1003005	NT=label free sample;AC=MS:1002038	NT=Oxidation;AC=UNIMOD:35;TA=M;MT=Variable	NT=Acetyl;AC=UNIMOD:1;PP=Protein N-term;MT=Variable	not applicable	NT=Trypsin;AC=MS:1001251	NT=Lys-C;AC=MS:1001309	Data-independent acquisition	NT=collision-induced dissociation;AC=MS:1000133	not available	not available	not applicable	not applicable	unsynchronized_culture_2	1	1	20201126_TIMS04_Evo07_SA_ADB_1cell_HeLa_UB_50_S1-F2_1_5038.d	v1.1.0	NT=ms-proteomics;VV=v1.1.0	NT=human;VV=v1.1.0	NT=cell-lines;VV=v1.1.0	NT=single-cell;VV=v1.0.0	not determined
HeLa_SC_UBb_20201126_052	NT=Homo sapiens;AC=NCBITaxon:9606	NT=uterine cervix;AC=UBERON:0000002	NT=epithelial cell;AC=CL:0000066	NT=cervical adenocarcinoma;AC=MONDO:0005153	NT=HeLa;AC=EFO:0001185	CVCL_0030	HeLa	30Y6M	female	not applicable	not available	NT=Dulbecco's Modified Eagle Medium;AC=NCIT:C185409	not applicable	not determined	live	NT=single cell;AC=PRIDE:0000897	FACS	UBb_20201126_052	1	43	run 339	proteomic profiling by mass spectrometry	NT=timsTOF Pro;AC=MS:1003005	NT=label free sample;AC=MS:1002038	NT=Oxidation;AC=UNIMOD:35;TA=M;MT=Variable	NT=Acetyl;AC=UNIMOD:1;PP=Protein N-term;MT=Variable	not applicable	NT=Trypsin;AC=MS:1001251	NT=Lys-C;AC=MS:1001309	Data-independent acquisition	NT=collision-induced dissociation;AC=MS:1000133	not available	not available	not applicable	not applicable	unsynchronized_culture_2	1	1	20201126_TIMS04_Evo07_SA_ADB_1cell_HeLa_UB_52_S1-F4_1_5057.d	v1.1.0	NT=ms-proteomics;VV=v1.1.0	NT=human;VV=v1.1.0	NT=cell-lines;VV=v1.1.0	NT=single-cell;VV=v1.0.0	not determined
HeLa_SC_UBb_20201126_053	NT=Homo sapiens;AC=NCBITaxon:9606	NT=uterine cervix;AC=UBERON:0000002	NT=epithelial cell;AC=CL:0000066	NT=cervical adenocarcinoma;AC=MONDO:0005153	NT=HeLa;AC=EFO:0001185	CVCL_0030	HeLa	30Y6M	female	not applicable	not available	NT=Dulbecco's Modified Eagle Medium;AC=NCIT:C185409	not applicable	not determined	live	NT=single cell;AC=PRIDE:0000897	FACS	UBb_20201126_053	1	44	run 340	proteomic profiling by mass spectrometry	NT=timsTOF Pro;AC=MS:1003005	NT=label free sample;AC=MS:1002038	NT=Oxidation;AC=UNIMOD:35;TA=M;MT=Variable	NT=Acetyl;AC=UNIMOD:1;PP=Protein N-term;MT=Variable	not applicable	NT=Trypsin;AC=MS:1001251	NT=Lys-C;AC=MS:1001309	Data-independent acquisition	NT=collision-induced dissociation;AC=MS:1000133	not available	not available	not applicable	not applicable	unsynchronized_culture_2	1	1	20201126_TIMS04_Evo07_SA_ADB_1cell_HeLa_UB_53_S1-F5_1_5058.d	v1.1.0	NT=ms-proteomics;VV=v1.1.0	NT=human;VV=v1.1.0	NT=cell-lines;VV=v1.1.0	NT=single-cell;VV=v1.0.0	not determined
HeLa_SC_UBb_20201126_054	NT=Homo sapiens;AC=NCBITaxon:9606	NT=uterine cervix;AC=UBERON:0000002	NT=epithelial cell;AC=CL:0000066	NT=cervical adenocarcinoma;AC=MONDO:0005153	NT=HeLa;AC=EFO:0001185	CVCL_0030	HeLa	30Y6M	female	not applicable	not available	NT=Dulbecco's Modified Eagle Medium;AC=NCIT:C185409	not applicable	not determined	live	NT=single cell;AC=PRIDE:0000897	FACS	UBb_20201126_054	1	45	run 341	proteomic profiling by mass spectrometry	NT=timsTOF Pro;AC=MS:1003005	NT=label free sample;AC=MS:1002038	NT=Oxidation;AC=UNIMOD:35;TA=M;MT=Variable	NT=Acetyl;AC=UNIMOD:1;PP=Protein N-term;MT=Variable	not applicable	NT=Trypsin;AC=MS:1001251	NT=Lys-C;AC=MS:1001309	Data-independent acquisition	NT=collision-induced dissociation;AC=MS:1000133	not available	not available	not applicable	not applicable	unsynchronized_culture_2	1	1	20201126_TIMS04_Evo07_SA_ADB_1cell_HeLa_UB_54_S1-F6_1_5059.d	v1.1.0	NT=ms-proteomics;VV=v1.1.0	NT=human;VV=v1.1.0	NT=cell-lines;VV=v1.1.0	NT=single-cell;VV=v1.0.0	not determined
HeLa_SC_UBb_20201126_055	NT=Homo sapiens;AC=NCBITaxon:9606	NT=uterine cervix;AC=UBERON:0000002	NT=epithelial cell;AC=CL:0000066	NT=cervical adenocarcinoma;AC=MONDO:0005153	NT=HeLa;AC=EFO:0001185	CVCL_0030	HeLa	30Y6M	female	not applicable	not available	NT=Dulbecco's Modified Eagle Medium;AC=NCIT:C185409	not applicable	not determined	live	NT=single cell;AC=PRIDE:0000897	FACS	UBb_20201126_055	1	46	run 342	proteomic profiling by mass spectrometry	NT=timsTOF Pro;AC=MS:1003005	NT=label free sample;AC=MS:1002038	NT=Oxidation;AC=UNIMOD:35;TA=M;MT=Variable	NT=Acetyl;AC=UNIMOD:1;PP=Protein N-term;MT=Variable	not applicable	NT=Trypsin;AC=MS:1001251	NT=Lys-C;AC=MS:1001309	Data-independent acquisition	NT=collision-induced dissociation;AC=MS:1000133	not available	not available	not applicable	not applicable	unsynchronized_culture_2	1	1	20201126_TIMS04_Evo07_SA_ADB_1cell_HeLa_UB_55_S1-F7_1_5060.d	v1.1.0	NT=ms-proteomics;VV=v1.1.0	NT=human;VV=v1.1.0	NT=cell-lines;VV=v1.1.0	NT=single-cell;VV=v1.0.0	not determined
HeLa_SC_UBb_20201126_056	NT=Homo sapiens;AC=NCBITaxon:9606	NT=uterine cervix;AC=UBERON:0000002	NT=epithelial cell;AC=CL:0000066	NT=cervical adenocarcinoma;AC=MONDO:0005153	NT=HeLa;AC=EFO:0001185	CVCL_0030	HeLa	30Y6M	female	not applicable	not available	NT=Dulbecco's Modified Eagle Medium;AC=NCIT:C185409	not applicable	not determined	live	NT=single cell;AC=PRIDE:0000897	FACS	UBb_20201126_056	1	47	run 343	proteomic profiling by mass spectrometry	NT=timsTOF Pro;AC=MS:1003005	NT=label free sample;AC=MS:1002038	NT=Oxidation;AC=UNIMOD:35;TA=M;MT=Variable	NT=Acetyl;AC=UNIMOD:1;PP=Protein N-term;MT=Variable	not applicable	NT=Trypsin;AC=MS:1001251	NT=Lys-C;AC=MS:1001309	Data-independent acquisition	NT=collision-induced dissociation;AC=MS:1000133	not available	not available	not applicable	not applicable	unsynchronized_culture_2	1	1	20201126_TIMS04_Evo07_SA_ADB_1cell_HeLa_UB_56_S1-F8_1_5061.d	v1.1.0	NT=ms-proteomics;VV=v1.1.0	NT=human;VV=v1.1.0	NT=cell-lines;VV=v1.1.0	NT=single-cell;VV=v1.0.0	not determined
HeLa_SC_UBb_20201126_057	NT=Homo sapiens;AC=NCBITaxon:9606	NT=uterine cervix;AC=UBERON:0000002	NT=epithelial cell;AC=CL:0000066	NT=cervical adenocarcinoma;AC=MONDO:0005153	NT=HeLa;AC=EFO:0001185	CVCL_0030	HeLa	30Y6M	female	not applicable	not available	NT=Dulbecco's Modified Eagle Medium;AC=NCIT:C185409	not applicable	not determined	live	NT=single cell;AC=PRIDE:0000897	FACS	UBb_20201126_057	1	48	run 344	proteomic profiling by mass spectrometry	NT=timsTOF Pro;AC=MS:1003005	NT=label free sample;AC=MS:1002038	NT=Oxidation;AC=UNIMOD:35;TA=M;MT=Variable	NT=Acetyl;AC=UNIMOD:1;PP=Protein N-term;MT=Variable	not applicable	NT=Trypsin;AC=MS:1001251	NT=Lys-C;AC=MS:1001309	Data-independent acquisition	NT=collision-induced dissociation;AC=MS:1000133	not available	not available	not applicable	not applicable	unsynchronized_culture_2	1	1	20201126_TIMS04_Evo07_SA_ADB_1cell_HeLa_UB_57_S1-F9_1_5062.d	v1.1.0	NT=ms-proteomics;VV=v1.1.0	NT=human;VV=v1.1.0	NT=cell-lines;VV=v1.1.0	NT=single-cell;VV=v1.0.0	not determined
HeLa_SC_UBb_20201126_058	NT=Homo sapiens;AC=NCBITaxon:9606	NT=uterine cervix;AC=UBERON:0000002	NT=epithelial cell;AC=CL:0000066	NT=cervical adenocarcinoma;AC=MONDO:0005153	NT=HeLa;AC=EFO:0001185	CVCL_0030	HeLa	30Y6M	female	not applicable	not available	NT=Dulbecco's Modified Eagle Medium;AC=NCIT:C185409	not applicable	not determined	live	NT=single cell;AC=PRIDE:0000897	FACS	UBb_20201126_058	1	49	run 345	proteomic profiling by mass spectrometry	NT=timsTOF Pro;AC=MS:1003005	NT=label free sample;AC=MS:1002038	NT=Oxidation;AC=UNIMOD:35;TA=M;MT=Variable	NT=Acetyl;AC=UNIMOD:1;PP=Protein N-term;MT=Variable	not applicable	NT=Trypsin;AC=MS:1001251	NT=Lys-C;AC=MS:1001309	Data-independent acquisition	NT=collision-induced dissociation;AC=MS:1000133	not available	not available	not applicable	not applicable	unsynchronized_culture_2	1	1	20201126_TIMS04_Evo07_SA_ADB_1cell_HeLa_UB_58_S1-F10_1_5063.d	v1.1.0	NT=ms-proteomics;VV=v1.1.0	NT=human;VV=v1.1.0	NT=cell-lines;VV=v1.1.0	NT=single-cell;VV=v1.0.0	not determined
HeLa_SC_UBb_20201126_059	NT=Homo sapiens;AC=NCBITaxon:9606	NT=uterine cervix;AC=UBERON:0000002	NT=epithelial cell;AC=CL:0000066	NT=cervical adenocarcinoma;AC=MONDO:0005153	NT=HeLa;AC=EFO:0001185	CVCL_0030	HeLa	30Y6M	female	not applicable	not available	NT=Dulbecco's Modified Eagle Medium;AC=NCIT:C185409	not applicable	not determined	live	NT=single cell;AC=PRIDE:0000897	FACS	UBb_20201126_059	1	50	run 346	proteomic profiling by mass spectrometry	NT=timsTOF Pro;AC=MS:1003005	NT=label free sample;AC=MS:1002038	NT=Oxidation;AC=UNIMOD:35;TA=M;MT=Variable	NT=Acetyl;AC=UNIMOD:1;PP=Protein N-term;MT=Variable	not applicable	NT=Trypsin;AC=MS:1001251	NT=Lys-C;AC=MS:1001309	Data-independent acquisition	NT=collision-induced dissociation;AC=MS:1000133	not available	not available	not applicable	not applicable	unsynchronized_culture_2	1	1	20201126_TIMS04_Evo07_SA_ADB_1cell_HeLa_UB_59_S1-F11_1_5064.d	v1.1.0	NT=ms-proteomics;VV=v1.1.0	NT=human;VV=v1.1.0	NT=cell-lines;VV=v1.1.0	NT=single-cell;VV=v1.0.0	not determined
HeLa_SC_UBb_20201126_060	NT=Homo sapiens;AC=NCBITaxon:9606	NT=uterine cervix;AC=UBERON:0000002	NT=epithelial cell;AC=CL:0000066	NT=cervical adenocarcinoma;AC=MONDO:0005153	NT=HeLa;AC=EFO:0001185	CVCL_0030	HeLa	30Y6M	female	not applicable	not available	NT=Dulbecco's Modified Eagle Medium;AC=NCIT:C185409	not applicable	not determined	live	NT=single cell;AC=PRIDE:0000897	FACS	UBb_20201126_060	1	51	run 347	proteomic profiling by mass spectrometry	NT=timsTOF Pro;AC=MS:1003005	NT=label free sample;AC=MS:1002038	NT=Oxidation;AC=UNIMOD:35;TA=M;MT=Variable	NT=Acetyl;AC=UNIMOD:1;PP=Protein N-term;MT=Variable	not applicable	NT=Trypsin;AC=MS:1001251	NT=Lys-C;AC=MS:1001309	Data-independent acquisition	NT=collision-induced dissociation;AC=MS:1000133	not available	not available	not applicable	not applicable	unsynchronized_culture_2	1	1	20201126_TIMS04_Evo07_SA_ADB_1cell_HeLa_UB_60_S1-F12_1_5065.d	v1.1.0	NT=ms-proteomics;VV=v1.1.0	NT=human;VV=v1.1.0	NT=cell-lines;VV=v1.1.0	NT=single-cell;VV=v1.0.0	not determined
HeLa_SC_UBb_20201126_062	NT=Homo sapiens;AC=NCBITaxon:9606	NT=uterine cervix;AC=UBERON:0000002	NT=epithelial cell;AC=CL:0000066	NT=cervical adenocarcinoma;AC=MONDO:0005153	NT=HeLa;AC=EFO:0001185	CVCL_0030	HeLa	30Y6M	female	not applicable	not available	NT=Dulbecco's Modified Eagle Medium;AC=NCIT:C185409	not applicable	not determined	live	NT=single cell;AC=PRIDE:0000897	FACS	UBb_20201126_062	1	52	run 348	proteomic profiling by mass spectrometry	NT=timsTOF Pro;AC=MS:1003005	NT=label free sample;AC=MS:1002038	NT=Oxidation;AC=UNIMOD:35;TA=M;MT=Variable	NT=Acetyl;AC=UNIMOD:1;PP=Protein N-term;MT=Variable	not applicable	NT=Trypsin;AC=MS:1001251	NT=Lys-C;AC=MS:1001309	Data-independent acquisition	NT=collision-induced dissociation;AC=MS:1000133	not available	not available	not applicable	not applicable	unsynchronized_culture_2	1	1	20201126_TIMS04_Evo07_SA_ADB_1cell_HeLa_UB_62_S1-G2_1_5067.d	v1.1.0	NT=ms-proteomics;VV=v1.1.0	NT=human;VV=v1.1.0	NT=cell-lines;VV=v1.1.0	NT=single-cell;VV=v1.0.0	not determined
HeLa_SC_UBb_20201126_063	NT=Homo sapiens;AC=NCBITaxon:9606	NT=uterine cervix;AC=UBERON:0000002	NT=epithelial cell;AC=CL:0000066	NT=cervical adenocarcinoma;AC=MONDO:0005153	NT=HeLa;AC=EFO:0001185	CVCL_0030	HeLa	30Y6M	female	not applicable	not available	NT=Dulbecco's Modified Eagle Medium;AC=NCIT:C185409	not applicable	not determined	live	NT=single cell;AC=PRIDE:0000897	FACS	UBb_20201126_063	1	53	run 349	proteomic profiling by mass spectrometry	NT=timsTOF Pro;AC=MS:1003005	NT=label free sample;AC=MS:1002038	NT=Oxidation;AC=UNIMOD:35;TA=M;MT=Variable	NT=Acetyl;AC=UNIMOD:1;PP=Protein N-term;MT=Variable	not applicable	NT=Trypsin;AC=MS:1001251	NT=Lys-C;AC=MS:1001309	Data-independent acquisition	NT=collision-induced dissociation;AC=MS:1000133	not available	not available	not applicable	not applicable	unsynchronized_culture_2	1	1	20201126_TIMS04_Evo07_SA_ADB_1cell_HeLa_UB_63_S1-G3_1_5068.d	v1.1.0	NT=ms-proteomics;VV=v1.1.0	NT=human;VV=v1.1.0	NT=cell-lines;VV=v1.1.0	NT=single-cell;VV=v1.0.0	not determined
HeLa_SC_UBb_20201126_065	NT=Homo sapiens;AC=NCBITaxon:9606	NT=uterine cervix;AC=UBERON:0000002	NT=epithelial cell;AC=CL:0000066	NT=cervical adenocarcinoma;AC=MONDO:0005153	NT=HeLa;AC=EFO:0001185	CVCL_0030	HeLa	30Y6M	female	not applicable	not available	NT=Dulbecco's Modified Eagle Medium;AC=NCIT:C185409	not applicable	not determined	live	NT=single cell;AC=PRIDE:0000897	FACS	UBb_20201126_065	1	54	run 350	proteomic profiling by mass spectrometry	NT=timsTOF Pro;AC=MS:1003005	NT=label free sample;AC=MS:1002038	NT=Oxidation;AC=UNIMOD:35;TA=M;MT=Variable	NT=Acetyl;AC=UNIMOD:1;PP=Protein N-term;MT=Variable	not applicable	NT=Trypsin;AC=MS:1001251	NT=Lys-C;AC=MS:1001309	Data-independent acquisition	NT=collision-induced dissociation;AC=MS:1000133	not available	not available	not applicable	not applicable	unsynchronized_culture_2	1	1	20201126_TIMS04_Evo07_SA_ADB_1cell_HeLa_UB_65_S1-G5_1_5070.d	v1.1.0	NT=ms-proteomics;VV=v1.1.0	NT=human;VV=v1.1.0	NT=cell-lines;VV=v1.1.0	NT=single-cell;VV=v1.0.0	not determined
HeLa_SC_UBb_20201126_066	NT=Homo sapiens;AC=NCBITaxon:9606	NT=uterine cervix;AC=UBERON:0000002	NT=epithelial cell;AC=CL:0000066	NT=cervical adenocarcinoma;AC=MONDO:0005153	NT=HeLa;AC=EFO:0001185	CVCL_0030	HeLa	30Y6M	female	not applicable	not available	NT=Dulbecco's Modified Eagle Medium;AC=NCIT:C185409	not applicable	not determined	live	NT=single cell;AC=PRIDE:0000897	FACS	UBb_20201126_066	1	55	run 351	proteomic profiling by mass spectrometry	NT=timsTOF Pro;AC=MS:1003005	NT=label free sample;AC=MS:1002038	NT=Oxidation;AC=UNIMOD:35;TA=M;MT=Variable	NT=Acetyl;AC=UNIMOD:1;PP=Protein N-term;MT=Variable	not applicable	NT=Trypsin;AC=MS:1001251	NT=Lys-C;AC=MS:1001309	Data-independent acquisition	NT=collision-induced dissociation;AC=MS:1000133	not available	not available	not applicable	not applicable	unsynchronized_culture_2	1	1	20201126_TIMS04_Evo07_SA_ADB_1cell_HeLa_UB_66_S1-G6_1_5071.d	v1.1.0	NT=ms-proteomics;VV=v1.1.0	NT=human;VV=v1.1.0	NT=cell-lines;VV=v1.1.0	NT=single-cell;VV=v1.0.0	not determined
HeLa_SC_UBb_20201126_067	NT=Homo sapiens;AC=NCBITaxon:9606	NT=uterine cervix;AC=UBERON:0000002	NT=epithelial cell;AC=CL:0000066	NT=cervical adenocarcinoma;AC=MONDO:0005153	NT=HeLa;AC=EFO:0001185	CVCL_0030	HeLa	30Y6M	female	not applicable	not available	NT=Dulbecco's Modified Eagle Medium;AC=NCIT:C185409	not applicable	not determined	live	NT=single cell;AC=PRIDE:0000897	FACS	UBb_20201126_067	1	56	run 352	proteomic profiling by mass spectrometry	NT=timsTOF Pro;AC=MS:1003005	NT=label free sample;AC=MS:1002038	NT=Oxidation;AC=UNIMOD:35;TA=M;MT=Variable	NT=Acetyl;AC=UNIMOD:1;PP=Protein N-term;MT=Variable	not applicable	NT=Trypsin;AC=MS:1001251	NT=Lys-C;AC=MS:1001309	Data-independent acquisition	NT=collision-induced dissociation;AC=MS:1000133	not available	not available	not applicable	not applicable	unsynchronized_culture_2	1	1	20201126_TIMS04_Evo07_SA_ADB_1cell_HeLa_UB_67_S1-G7_1_5072.d	v1.1.0	NT=ms-proteomics;VV=v1.1.0	NT=human;VV=v1.1.0	NT=cell-lines;VV=v1.1.0	NT=single-cell;VV=v1.0.0	not determined
HeLa_SC_UBb_20201126_068	NT=Homo sapiens;AC=NCBITaxon:9606	NT=uterine cervix;AC=UBERON:0000002	NT=epithelial cell;AC=CL:0000066	NT=cervical adenocarcinoma;AC=MONDO:0005153	NT=HeLa;AC=EFO:0001185	CVCL_0030	HeLa	30Y6M	female	not applicable	not available	NT=Dulbecco's Modified Eagle Medium;AC=NCIT:C185409	not applicable	not determined	live	NT=single cell;AC=PRIDE:0000897	FACS	UBb_20201126_068	1	57	run 353	proteomic profiling by mass spectrometry	NT=timsTOF Pro;AC=MS:1003005	NT=label free sample;AC=MS:1002038	NT=Oxidation;AC=UNIMOD:35;TA=M;MT=Variable	NT=Acetyl;AC=UNIMOD:1;PP=Protein N-term;MT=Variable	not applicable	NT=Trypsin;AC=MS:1001251	NT=Lys-C;AC=MS:1001309	Data-independent acquisition	NT=collision-induced dissociation;AC=MS:1000133	not available	not available	not applicable	not applicable	unsynchronized_culture_2	1	1	20201126_TIMS04_Evo07_SA_ADB_1cell_HeLa_UB_68_S1-G8_1_5073.d	v1.1.0	NT=ms-proteomics;VV=v1.1.0	NT=human;VV=v1.1.0	NT=cell-lines;VV=v1.1.0	NT=single-cell;VV=v1.0.0	not determined
HeLa_SC_UBb_20201126_069	NT=Homo sapiens;AC=NCBITaxon:9606	NT=uterine cervix;AC=UBERON:0000002	NT=epithelial cell;AC=CL:0000066	NT=cervical adenocarcinoma;AC=MONDO:0005153	NT=HeLa;AC=EFO:0001185	CVCL_0030	HeLa	30Y6M	female	not applicable	not available	NT=Dulbecco's Modified Eagle Medium;AC=NCIT:C185409	not applicable	not determined	live	NT=single cell;AC=PRIDE:0000897	FACS	UBb_20201126_069	1	58	run 354	proteomic profiling by mass spectrometry	NT=timsTOF Pro;AC=MS:1003005	NT=label free sample;AC=MS:1002038	NT=Oxidation;AC=UNIMOD:35;TA=M;MT=Variable	NT=Acetyl;AC=UNIMOD:1;PP=Protein N-term;MT=Variable	not applicable	NT=Trypsin;AC=MS:1001251	NT=Lys-C;AC=MS:1001309	Data-independent acquisition	NT=collision-induced dissociation;AC=MS:1000133	not available	not available	not applicable	not applicable	unsynchronized_culture_2	1	1	20201126_TIMS04_Evo07_SA_ADB_1cell_HeLa_UB_69_S1-G9_1_5074.d	v1.1.0	NT=ms-proteomics;VV=v1.1.0	NT=human;VV=v1.1.0	NT=cell-lines;VV=v1.1.0	NT=single-cell;VV=v1.0.0	not determined
HeLa_SC_UBb_20201126_070	NT=Homo sapiens;AC=NCBITaxon:9606	NT=uterine cervix;AC=UBERON:0000002	NT=epithelial cell;AC=CL:0000066	NT=cervical adenocarcinoma;AC=MONDO:0005153	NT=HeLa;AC=EFO:0001185	CVCL_0030	HeLa	30Y6M	female	not applicable	not available	NT=Dulbecco's Modified Eagle Medium;AC=NCIT:C185409	not applicable	not determined	live	NT=single cell;AC=PRIDE:0000897	FACS	UBb_20201126_070	1	59	run 355	proteomic profiling by mass spectrometry	NT=timsTOF Pro;AC=MS:1003005	NT=label free sample;AC=MS:1002038	NT=Oxidation;AC=UNIMOD:35;TA=M;MT=Variable	NT=Acetyl;AC=UNIMOD:1;PP=Protein N-term;MT=Variable	not applicable	NT=Trypsin;AC=MS:1001251	NT=Lys-C;AC=MS:1001309	Data-independent acquisition	NT=collision-induced dissociation;AC=MS:1000133	not available	not available	not applicable	not applicable	unsynchronized_culture_2	1	1	20201126_TIMS04_Evo07_SA_ADB_1cell_HeLa_UB_70_S1-G10_1_5075.d	v1.1.0	NT=ms-proteomics;VV=v1.1.0	NT=human;VV=v1.1.0	NT=cell-lines;VV=v1.1.0	NT=single-cell;VV=v1.0.0	not determined
HeLa_SC_UBb_20201126_072	NT=Homo sapiens;AC=NCBITaxon:9606	NT=uterine cervix;AC=UBERON:0000002	NT=epithelial cell;AC=CL:0000066	NT=cervical adenocarcinoma;AC=MONDO:0005153	NT=HeLa;AC=EFO:0001185	CVCL_0030	HeLa	30Y6M	female	not applicable	not available	NT=Dulbecco's Modified Eagle Medium;AC=NCIT:C185409	not applicable	not determined	live	NT=single cell;AC=PRIDE:0000897	FACS	UBb_20201126_072	1	60	run 356	proteomic profiling by mass spectrometry	NT=timsTOF Pro;AC=MS:1003005	NT=label free sample;AC=MS:1002038	NT=Oxidation;AC=UNIMOD:35;TA=M;MT=Variable	NT=Acetyl;AC=UNIMOD:1;PP=Protein N-term;MT=Variable	not applicable	NT=Trypsin;AC=MS:1001251	NT=Lys-C;AC=MS:1001309	Data-independent acquisition	NT=collision-induced dissociation;AC=MS:1000133	not available	not available	not applicable	not applicable	unsynchronized_culture_2	1	1	20201126_TIMS04_Evo07_SA_ADB_1cell_HeLa_UB_72_S1-G12_1_5077.d	v1.1.0	NT=ms-proteomics;VV=v1.1.0	NT=human;VV=v1.1.0	NT=cell-lines;VV=v1.1.0	NT=single-cell;VV=v1.0.0	not determined
HeLa_SC_UBb_20201126_074	NT=Homo sapiens;AC=NCBITaxon:9606	NT=uterine cervix;AC=UBERON:0000002	NT=epithelial cell;AC=CL:0000066	NT=cervical adenocarcinoma;AC=MONDO:0005153	NT=HeLa;AC=EFO:0001185	CVCL_0030	HeLa	30Y6M	female	not applicable	not available	NT=Dulbecco's Modified Eagle Medium;AC=NCIT:C185409	not applicable	not determined	live	NT=single cell;AC=PRIDE:0000897	FACS	UBb_20201126_074	1	61	run 357	proteomic profiling by mass spectrometry	NT=timsTOF Pro;AC=MS:1003005	NT=label free sample;AC=MS:1002038	NT=Oxidation;AC=UNIMOD:35;TA=M;MT=Variable	NT=Acetyl;AC=UNIMOD:1;PP=Protein N-term;MT=Variable	not applicable	NT=Trypsin;AC=MS:1001251	NT=Lys-C;AC=MS:1001309	Data-independent acquisition	NT=collision-induced dissociation;AC=MS:1000133	not available	not available	not applicable	not applicable	unsynchronized_culture_2	1	1	20201126_TIMS04_Evo07_SA_ADB_1cell_HeLa_UB_74_S1-H2_1_5079.d	v1.1.0	NT=ms-proteomics;VV=v1.1.0	NT=human;VV=v1.1.0	NT=cell-lines;VV=v1.1.0	NT=single-cell;VV=v1.0.0	not determined
HeLa_SC_UBb_20201126_075	NT=Homo sapiens;AC=NCBITaxon:9606	NT=uterine cervix;AC=UBERON:0000002	NT=epithelial cell;AC=CL:0000066	NT=cervical adenocarcinoma;AC=MONDO:0005153	NT=HeLa;AC=EFO:0001185	CVCL_0030	HeLa	30Y6M	female	not applicable	not available	NT=Dulbecco's Modified Eagle Medium;AC=NCIT:C185409	not applicable	not determined	live	NT=single cell;AC=PRIDE:0000897	FACS	UBb_20201126_075	1	62	run 358	proteomic profiling by mass spectrometry	NT=timsTOF Pro;AC=MS:1003005	NT=label free sample;AC=MS:1002038	NT=Oxidation;AC=UNIMOD:35;TA=M;MT=Variable	NT=Acetyl;AC=UNIMOD:1;PP=Protein N-term;MT=Variable	not applicable	NT=Trypsin;AC=MS:1001251	NT=Lys-C;AC=MS:1001309	Data-independent acquisition	NT=collision-induced dissociation;AC=MS:1000133	not available	not available	not applicable	not applicable	unsynchronized_culture_2	1	1	20201126_TIMS04_Evo07_SA_ADB_1cell_HeLa_UB_75_S1-H3_1_5080.d	v1.1.0	NT=ms-proteomics;VV=v1.1.0	NT=human;VV=v1.1.0	NT=cell-lines;VV=v1.1.0	NT=single-cell;VV=v1.0.0	not determined
HeLa_SC_UBb_20201126_076	NT=Homo sapiens;AC=NCBITaxon:9606	NT=uterine cervix;AC=UBERON:0000002	NT=epithelial cell;AC=CL:0000066	NT=cervical adenocarcinoma;AC=MONDO:0005153	NT=HeLa;AC=EFO:0001185	CVCL_0030	HeLa	30Y6M	female	not applicable	not available	NT=Dulbecco's Modified Eagle Medium;AC=NCIT:C185409	not applicable	not determined	live	NT=single cell;AC=PRIDE:0000897	FACS	UBb_20201126_076	1	63	run 359	proteomic profiling by mass spectrometry	NT=timsTOF Pro;AC=MS:1003005	NT=label free sample;AC=MS:1002038	NT=Oxidation;AC=UNIMOD:35;TA=M;MT=Variable	NT=Acetyl;AC=UNIMOD:1;PP=Protein N-term;MT=Variable	not applicable	NT=Trypsin;AC=MS:1001251	NT=Lys-C;AC=MS:1001309	Data-independent acquisition	NT=collision-induced dissociation;AC=MS:1000133	not available	not available	not applicable	not applicable	unsynchronized_culture_2	1	1	20201126_TIMS04_Evo07_SA_ADB_1cell_HeLa_UB_76_S1-H4_1_5081.d	v1.1.0	NT=ms-proteomics;VV=v1.1.0	NT=human;VV=v1.1.0	NT=cell-lines;VV=v1.1.0	NT=single-cell;VV=v1.0.0	not determined
HeLa_SC_UBb_20201126_077	NT=Homo sapiens;AC=NCBITaxon:9606	NT=uterine cervix;AC=UBERON:0000002	NT=epithelial cell;AC=CL:0000066	NT=cervical adenocarcinoma;AC=MONDO:0005153	NT=HeLa;AC=EFO:0001185	CVCL_0030	HeLa	30Y6M	female	not applicable	not available	NT=Dulbecco's Modified Eagle Medium;AC=NCIT:C185409	not applicable	not determined	live	NT=single cell;AC=PRIDE:0000897	FACS	UBb_20201126_077	1	64	run 360	proteomic profiling by mass spectrometry	NT=timsTOF Pro;AC=MS:1003005	NT=label free sample;AC=MS:1002038	NT=Oxidation;AC=UNIMOD:35;TA=M;MT=Variable	NT=Acetyl;AC=UNIMOD:1;PP=Protein N-term;MT=Variable	not applicable	NT=Trypsin;AC=MS:1001251	NT=Lys-C;AC=MS:1001309	Data-independent acquisition	NT=collision-induced dissociation;AC=MS:1000133	not available	not available	not applicable	not applicable	unsynchronized_culture_2	1	1	20201126_TIMS04_Evo07_SA_ADB_1cell_HeLa_UB_77_S1-H5_1_5082.d	v1.1.0	NT=ms-proteomics;VV=v1.1.0	NT=human;VV=v1.1.0	NT=cell-lines;VV=v1.1.0	NT=single-cell;VV=v1.0.0	not determined
HeLa_SC_UBb_20201126_078	NT=Homo sapiens;AC=NCBITaxon:9606	NT=uterine cervix;AC=UBERON:0000002	NT=epithelial cell;AC=CL:0000066	NT=cervical adenocarcinoma;AC=MONDO:0005153	NT=HeLa;AC=EFO:0001185	CVCL_0030	HeLa	30Y6M	female	not applicable	not available	NT=Dulbecco's Modified Eagle Medium;AC=NCIT:C185409	not applicable	not determined	live	NT=single cell;AC=PRIDE:0000897	FACS	UBb_20201126_078	1	65	run 361	proteomic profiling by mass spectrometry	NT=timsTOF Pro;AC=MS:1003005	NT=label free sample;AC=MS:1002038	NT=Oxidation;AC=UNIMOD:35;TA=M;MT=Variable	NT=Acetyl;AC=UNIMOD:1;PP=Protein N-term;MT=Variable	not applicable	NT=Trypsin;AC=MS:1001251	NT=Lys-C;AC=MS:1001309	Data-independent acquisition	NT=collision-induced dissociation;AC=MS:1000133	not available	not available	not applicable	not applicable	unsynchronized_culture_2	1	1	20201126_TIMS04_Evo07_SA_ADB_1cell_HeLa_UB_78_S1-H6_1_5083.d	v1.1.0	NT=ms-proteomics;VV=v1.1.0	NT=human;VV=v1.1.0	NT=cell-lines;VV=v1.1.0	NT=single-cell;VV=v1.0.0	not determined
HeLa_SC_UBb_20201126_079	NT=Homo sapiens;AC=NCBITaxon:9606	NT=uterine cervix;AC=UBERON:0000002	NT=epithelial cell;AC=CL:0000066	NT=cervical adenocarcinoma;AC=MONDO:0005153	NT=HeLa;AC=EFO:0001185	CVCL_0030	HeLa	30Y6M	female	not applicable	not available	NT=Dulbecco's Modified Eagle Medium;AC=NCIT:C185409	not applicable	not determined	live	NT=single cell;AC=PRIDE:0000897	FACS	UBb_20201126_079	1	66	run 362	proteomic profiling by mass spectrometry	NT=timsTOF Pro;AC=MS:1003005	NT=label free sample;AC=MS:1002038	NT=Oxidation;AC=UNIMOD:35;TA=M;MT=Variable	NT=Acetyl;AC=UNIMOD:1;PP=Protein N-term;MT=Variable	not applicable	NT=Trypsin;AC=MS:1001251	NT=Lys-C;AC=MS:1001309	Data-independent acquisition	NT=collision-induced dissociation;AC=MS:1000133	not available	not available	not applicable	not applicable	unsynchronized_culture_2	1	1	20201126_TIMS04_Evo07_SA_ADB_1cell_HeLa_UB_79_S1-H7_1_5084.d	v1.1.0	NT=ms-proteomics;VV=v1.1.0	NT=human;VV=v1.1.0	NT=cell-lines;VV=v1.1.0	NT=single-cell;VV=v1.0.0	not determined
HeLa_SC_UBb_20201126_080	NT=Homo sapiens;AC=NCBITaxon:9606	NT=uterine cervix;AC=UBERON:0000002	NT=epithelial cell;AC=CL:0000066	NT=cervical adenocarcinoma;AC=MONDO:0005153	NT=HeLa;AC=EFO:0001185	CVCL_0030	HeLa	30Y6M	female	not applicable	not available	NT=Dulbecco's Modified Eagle Medium;AC=NCIT:C185409	not applicable	not determined	live	NT=single cell;AC=PRIDE:0000897	FACS	UBb_20201126_080	1	67	run 363	proteomic profiling by mass spectrometry	NT=timsTOF Pro;AC=MS:1003005	NT=label free sample;AC=MS:1002038	NT=Oxidation;AC=UNIMOD:35;TA=M;MT=Variable	NT=Acetyl;AC=UNIMOD:1;PP=Protein N-term;MT=Variable	not applicable	NT=Trypsin;AC=MS:1001251	NT=Lys-C;AC=MS:1001309	Data-independent acquisition	NT=collision-induced dissociation;AC=MS:1000133	not available	not available	not applicable	not applicable	unsynchronized_culture_2	1	1	20201126_TIMS04_Evo07_SA_ADB_1cell_HeLa_UB_80_S1-H8_1_5085.d	v1.1.0	NT=ms-proteomics;VV=v1.1.0	NT=human;VV=v1.1.0	NT=cell-lines;VV=v1.1.0	NT=single-cell;VV=v1.0.0	not determined
HeLa_SC_UBb_20201126_081	NT=Homo sapiens;AC=NCBITaxon:9606	NT=uterine cervix;AC=UBERON:0000002	NT=epithelial cell;AC=CL:0000066	NT=cervical adenocarcinoma;AC=MONDO:0005153	NT=HeLa;AC=EFO:0001185	CVCL_0030	HeLa	30Y6M	female	not applicable	not available	NT=Dulbecco's Modified Eagle Medium;AC=NCIT:C185409	not applicable	not determined	live	NT=single cell;AC=PRIDE:0000897	FACS	UBb_20201126_081	1	68	run 364	proteomic profiling by mass spectrometry	NT=timsTOF Pro;AC=MS:1003005	NT=label free sample;AC=MS:1002038	NT=Oxidation;AC=UNIMOD:35;TA=M;MT=Variable	NT=Acetyl;AC=UNIMOD:1;PP=Protein N-term;MT=Variable	not applicable	NT=Trypsin;AC=MS:1001251	NT=Lys-C;AC=MS:1001309	Data-independent acquisition	NT=collision-induced dissociation;AC=MS:1000133	not available	not available	not applicable	not applicable	unsynchronized_culture_2	1	1	20201126_TIMS04_Evo07_SA_ADB_1cell_HeLa_UB_81_S1-H9_1_5086.d	v1.1.0	NT=ms-proteomics;VV=v1.1.0	NT=human;VV=v1.1.0	NT=cell-lines;VV=v1.1.0	NT=single-cell;VV=v1.0.0	not determined
HeLa_SC_UBb_20201126_082	NT=Homo sapiens;AC=NCBITaxon:9606	NT=uterine cervix;AC=UBERON:0000002	NT=epithelial cell;AC=CL:0000066	NT=cervical adenocarcinoma;AC=MONDO:0005153	NT=HeLa;AC=EFO:0001185	CVCL_0030	HeLa	30Y6M	female	not applicable	not available	NT=Dulbecco's Modified Eagle Medium;AC=NCIT:C185409	not applicable	not determined	live	NT=single cell;AC=PRIDE:0000897	FACS	UBb_20201126_082	1	69	run 365	proteomic profiling by mass spectrometry	NT=timsTOF Pro;AC=MS:1003005	NT=label free sample;AC=MS:1002038	NT=Oxidation;AC=UNIMOD:35;TA=M;MT=Variable	NT=Acetyl;AC=UNIMOD:1;PP=Protein N-term;MT=Variable	not applicable	NT=Trypsin;AC=MS:1001251	NT=Lys-C;AC=MS:1001309	Data-independent acquisition	NT=collision-induced dissociation;AC=MS:1000133	not available	not available	not applicable	not applicable	unsynchronized_culture_2	1	1	20201126_TIMS04_Evo07_SA_ADB_1cell_HeLa_UB_82_S1-H10_1_5087.d	v1.1.0	NT=ms-proteomics;VV=v1.1.0	NT=human;VV=v1.1.0	NT=cell-lines;VV=v1.1.0	NT=single-cell;VV=v1.0.0	not determined
HeLa_SC_UBb_20201126_083	NT=Homo sapiens;AC=NCBITaxon:9606	NT=uterine cervix;AC=UBERON:0000002	NT=epithelial cell;AC=CL:0000066	NT=cervical adenocarcinoma;AC=MONDO:0005153	NT=HeLa;AC=EFO:0001185	CVCL_0030	HeLa	30Y6M	female	not applicable	not available	NT=Dulbecco's Modified Eagle Medium;AC=NCIT:C185409	not applicable	not determined	live	NT=single cell;AC=PRIDE:0000897	FACS	UBb_20201126_083	1	70	run 366	proteomic profiling by mass spectrometry	NT=timsTOF Pro;AC=MS:1003005	NT=label free sample;AC=MS:1002038	NT=Oxidation;AC=UNIMOD:35;TA=M;MT=Variable	NT=Acetyl;AC=UNIMOD:1;PP=Protein N-term;MT=Variable	not applicable	NT=Trypsin;AC=MS:1001251	NT=Lys-C;AC=MS:1001309	Data-independent acquisition	NT=collision-induced dissociation;AC=MS:1000133	not available	not available	not applicable	not applicable	unsynchronized_culture_2	1	1	20201126_TIMS04_Evo07_SA_ADB_1cell_HeLa_UB_83_S1-H11_1_5088.d	v1.1.0	NT=ms-proteomics;VV=v1.1.0	NT=human;VV=v1.1.0	NT=cell-lines;VV=v1.1.0	NT=single-cell;VV=v1.0.0	not determined
HeLa_SC_UBb_20201126_084	NT=Homo sapiens;AC=NCBITaxon:9606	NT=uterine cervix;AC=UBERON:0000002	NT=epithelial cell;AC=CL:0000066	NT=cervical adenocarcinoma;AC=MONDO:0005153	NT=HeLa;AC=EFO:0001185	CVCL_0030	HeLa	30Y6M	female	not applicable	not available	NT=Dulbecco's Modified Eagle Medium;AC=NCIT:C185409	not applicable	not determined	live	NT=single cell;AC=PRIDE:0000897	FACS	UBb_20201126_084	1	71	run 367	proteomic profiling by mass spectrometry	NT=timsTOF Pro;AC=MS:1003005	NT=label free sample;AC=MS:1002038	NT=Oxidation;AC=UNIMOD:35;TA=M;MT=Variable	NT=Acetyl;AC=UNIMOD:1;PP=Protein N-term;MT=Variable	not applicable	NT=Trypsin;AC=MS:1001251	NT=Lys-C;AC=MS:1001309	Data-independent acquisition	NT=collision-induced dissociation;AC=MS:1000133	not available	not available	not applicable	not applicable	unsynchronized_culture_2	1	1	20201126_TIMS04_Evo07_SA_ADB_1cell_HeLa_UB_84_S1-H12_1_5089.d	v1.1.0	NT=ms-proteomics;VV=v1.1.0	NT=human;VV=v1.1.0	NT=cell-lines;VV=v1.1.0	NT=single-cell;VV=v1.0.0	not determined
HeLa_SC_UBb_20201126_086	NT=Homo sapiens;AC=NCBITaxon:9606	NT=uterine cervix;AC=UBERON:0000002	NT=epithelial cell;AC=CL:0000066	NT=cervical adenocarcinoma;AC=MONDO:0005153	NT=HeLa;AC=EFO:0001185	CVCL_0030	HeLa	30Y6M	female	not applicable	not available	NT=Dulbecco's Modified Eagle Medium;AC=NCIT:C185409	not applicable	not determined	live	NT=single cell;AC=PRIDE:0000897	FACS	UBb_20201126_086	1	72	run 368	proteomic profiling by mass spectrometry	NT=timsTOF Pro;AC=MS:1003005	NT=label free sample;AC=MS:1002038	NT=Oxidation;AC=UNIMOD:35;TA=M;MT=Variable	NT=Acetyl;AC=UNIMOD:1;PP=Protein N-term;MT=Variable	not applicable	NT=Trypsin;AC=MS:1001251	NT=Lys-C;AC=MS:1001309	Data-independent acquisition	NT=collision-induced dissociation;AC=MS:1000133	not available	not available	not applicable	not applicable	unsynchronized_culture_2	1	1	20201126_TIMS04_Evo07_SA_ADB_1cell_HeLa_UB_86_S2-B2_1_5097.d	v1.1.0	NT=ms-proteomics;VV=v1.1.0	NT=human;VV=v1.1.0	NT=cell-lines;VV=v1.1.0	NT=single-cell;VV=v1.0.0	not determined
HeLa_SC_UBb_20201126_087	NT=Homo sapiens;AC=NCBITaxon:9606	NT=uterine cervix;AC=UBERON:0000002	NT=epithelial cell;AC=CL:0000066	NT=cervical adenocarcinoma;AC=MONDO:0005153	NT=HeLa;AC=EFO:0001185	CVCL_0030	HeLa	30Y6M	female	not applicable	not available	NT=Dulbecco's Modified Eagle Medium;AC=NCIT:C185409	not applicable	not determined	live	NT=single cell;AC=PRIDE:0000897	FACS	UBb_20201126_087	1	73	run 369	proteomic profiling by mass spectrometry	NT=timsTOF Pro;AC=MS:1003005	NT=label free sample;AC=MS:1002038	NT=Oxidation;AC=UNIMOD:35;TA=M;MT=Variable	NT=Acetyl;AC=UNIMOD:1;PP=Protein N-term;MT=Variable	not applicable	NT=Trypsin;AC=MS:1001251	NT=Lys-C;AC=MS:1001309	Data-independent acquisition	NT=collision-induced dissociation;AC=MS:1000133	not available	not available	not applicable	not applicable	unsynchronized_culture_2	1	1	20201126_TIMS04_Evo07_SA_ADB_1cell_HeLa_UB_87_S2-B3_1_5098.d	v1.1.0	NT=ms-proteomics;VV=v1.1.0	NT=human;VV=v1.1.0	NT=cell-lines;VV=v1.1.0	NT=single-cell;VV=v1.0.0	not determined
HeLa_SC_UBb_20201126_088	NT=Homo sapiens;AC=NCBITaxon:9606	NT=uterine cervix;AC=UBERON:0000002	NT=epithelial cell;AC=CL:0000066	NT=cervical adenocarcinoma;AC=MONDO:0005153	NT=HeLa;AC=EFO:0001185	CVCL_0030	HeLa	30Y6M	female	not applicable	not available	NT=Dulbecco's Modified Eagle Medium;AC=NCIT:C185409	not applicable	not determined	live	NT=single cell;AC=PRIDE:0000897	FACS	UBb_20201126_088	1	74	run 370	proteomic profiling by mass spectrometry	NT=timsTOF Pro;AC=MS:1003005	NT=label free sample;AC=MS:1002038	NT=Oxidation;AC=UNIMOD:35;TA=M;MT=Variable	NT=Acetyl;AC=UNIMOD:1;PP=Protein N-term;MT=Variable	not applicable	NT=Trypsin;AC=MS:1001251	NT=Lys-C;AC=MS:1001309	Data-independent acquisition	NT=collision-induced dissociation;AC=MS:1000133	not available	not available	not applicable	not applicable	unsynchronized_culture_2	1	1	20201126_TIMS04_Evo07_SA_ADB_1cell_HeLa_UB_88_S2-B4_1_5099.d	v1.1.0	NT=ms-proteomics;VV=v1.1.0	NT=human;VV=v1.1.0	NT=cell-lines;VV=v1.1.0	NT=single-cell;VV=v1.0.0	not determined
HeLa_SC_UBb_20201126_089	NT=Homo sapiens;AC=NCBITaxon:9606	NT=uterine cervix;AC=UBERON:0000002	NT=epithelial cell;AC=CL:0000066	NT=cervical adenocarcinoma;AC=MONDO:0005153	NT=HeLa;AC=EFO:0001185	CVCL_0030	HeLa	30Y6M	female	not applicable	not available	NT=Dulbecco's Modified Eagle Medium;AC=NCIT:C185409	not applicable	not determined	live	NT=single cell;AC=PRIDE:0000897	FACS	UBb_20201126_089	1	75	run 371	proteomic profiling by mass spectrometry	NT=timsTOF Pro;AC=MS:1003005	NT=label free sample;AC=MS:1002038	NT=Oxidation;AC=UNIMOD:35;TA=M;MT=Variable	NT=Acetyl;AC=UNIMOD:1;PP=Protein N-term;MT=Variable	not applicable	NT=Trypsin;AC=MS:1001251	NT=Lys-C;AC=MS:1001309	Data-independent acquisition	NT=collision-induced dissociation;AC=MS:1000133	not available	not available	not applicable	not applicable	unsynchronized_culture_2	1	1	20201126_TIMS04_Evo07_SA_ADB_1cell_HeLa_UB_89_S2-B5_1_5100.d	v1.1.0	NT=ms-proteomics;VV=v1.1.0	NT=human;VV=v1.1.0	NT=cell-lines;VV=v1.1.0	NT=single-cell;VV=v1.0.0	not determined
HeLa_SC_UBb_20201126_092	NT=Homo sapiens;AC=NCBITaxon:9606	NT=uterine cervix;AC=UBERON:0000002	NT=epithelial cell;AC=CL:0000066	NT=cervical adenocarcinoma;AC=MONDO:0005153	NT=HeLa;AC=EFO:0001185	CVCL_0030	HeLa	30Y6M	female	not applicable	not available	NT=Dulbecco's Modified Eagle Medium;AC=NCIT:C185409	not applicable	not determined	live	NT=single cell;AC=PRIDE:0000897	FACS	UBb_20201126_092	1	76	run 372	proteomic profiling by mass spectrometry	NT=timsTOF Pro;AC=MS:1003005	NT=label free sample;AC=MS:1002038	NT=Oxidation;AC=UNIMOD:35;TA=M;MT=Variable	NT=Acetyl;AC=UNIMOD:1;PP=Protein N-term;MT=Variable	not applicable	NT=Trypsin;AC=MS:1001251	NT=Lys-C;AC=MS:1001309	Data-independent acquisition	NT=collision-induced dissociation;AC=MS:1000133	not available	not available	not applicable	not applicable	unsynchronized_culture_2	1	1	20201126_TIMS04_Evo07_SA_ADB_1cell_HeLa_UB_92_S2-B8_1_5103.d	v1.1.0	NT=ms-proteomics;VV=v1.1.0	NT=human;VV=v1.1.0	NT=cell-lines;VV=v1.1.0	NT=single-cell;VV=v1.0.0	not determined
HeLa_SC_UBb_20201126_093	NT=Homo sapiens;AC=NCBITaxon:9606	NT=uterine cervix;AC=UBERON:0000002	NT=epithelial cell;AC=CL:0000066	NT=cervical adenocarcinoma;AC=MONDO:0005153	NT=HeLa;AC=EFO:0001185	CVCL_0030	HeLa	30Y6M	female	not applicable	not available	NT=Dulbecco's Modified Eagle Medium;AC=NCIT:C185409	not applicable	not determined	live	NT=single cell;AC=PRIDE:0000897	FACS	UBb_20201126_093	1	77	run 373	proteomic profiling by mass spectrometry	NT=timsTOF Pro;AC=MS:1003005	NT=label free sample;AC=MS:1002038	NT=Oxidation;AC=UNIMOD:35;TA=M;MT=Variable	NT=Acetyl;AC=UNIMOD:1;PP=Protein N-term;MT=Variable	not applicable	NT=Trypsin;AC=MS:1001251	NT=Lys-C;AC=MS:1001309	Data-independent acquisition	NT=collision-induced dissociation;AC=MS:1000133	not available	not available	not applicable	not applicable	unsynchronized_culture_2	1	1	20201126_TIMS04_Evo07_SA_ADB_1cell_HeLa_UB_93_S2-B9_1_5104.d	v1.1.0	NT=ms-proteomics;VV=v1.1.0	NT=human;VV=v1.1.0	NT=cell-lines;VV=v1.1.0	NT=single-cell;VV=v1.0.0	not determined
HeLa_SC_UBb_20201126_094	NT=Homo sapiens;AC=NCBITaxon:9606	NT=uterine cervix;AC=UBERON:0000002	NT=epithelial cell;AC=CL:0000066	NT=cervical adenocarcinoma;AC=MONDO:0005153	NT=HeLa;AC=EFO:0001185	CVCL_0030	HeLa	30Y6M	female	not applicable	not available	NT=Dulbecco's Modified Eagle Medium;AC=NCIT:C185409	not applicable	not determined	live	NT=single cell;AC=PRIDE:0000897	FACS	UBb_20201126_094	1	78	run 374	proteomic profiling by mass spectrometry	NT=timsTOF Pro;AC=MS:1003005	NT=label free sample;AC=MS:1002038	NT=Oxidation;AC=UNIMOD:35;TA=M;MT=Variable	NT=Acetyl;AC=UNIMOD:1;PP=Protein N-term;MT=Variable	not applicable	NT=Trypsin;AC=MS:1001251	NT=Lys-C;AC=MS:1001309	Data-independent acquisition	NT=collision-induced dissociation;AC=MS:1000133	not available	not available	not applicable	not applicable	unsynchronized_culture_2	1	1	20201126_TIMS04_Evo07_SA_ADB_1cell_HeLa_UB_94_S2-B10_1_5105.d	v1.1.0	NT=ms-proteomics;VV=v1.1.0	NT=human;VV=v1.1.0	NT=cell-lines;VV=v1.1.0	NT=single-cell;VV=v1.0.0	not determined
HeLa_SC_UBb_20201126_095	NT=Homo sapiens;AC=NCBITaxon:9606	NT=uterine cervix;AC=UBERON:0000002	NT=epithelial cell;AC=CL:0000066	NT=cervical adenocarcinoma;AC=MONDO:0005153	NT=HeLa;AC=EFO:0001185	CVCL_0030	HeLa	30Y6M	female	not applicable	not available	NT=Dulbecco's Modified Eagle Medium;AC=NCIT:C185409	not applicable	not determined	live	NT=single cell;AC=PRIDE:0000897	FACS	UBb_20201126_095	1	79	run 375	proteomic profiling by mass spectrometry	NT=timsTOF Pro;AC=MS:1003005	NT=label free sample;AC=MS:1002038	NT=Oxidation;AC=UNIMOD:35;TA=M;MT=Variable	NT=Acetyl;AC=UNIMOD:1;PP=Protein N-term;MT=Variable	not applicable	NT=Trypsin;AC=MS:1001251	NT=Lys-C;AC=MS:1001309	Data-independent acquisition	NT=collision-induced dissociation;AC=MS:1000133	not available	not available	not applicable	not applicable	unsynchronized_culture_2	1	1	20201126_TIMS04_Evo07_SA_ADB_1cell_HeLa_UB_95_S2-B11_1_5106.d	v1.1.0	NT=ms-proteomics;VV=v1.1.0	NT=human;VV=v1.1.0	NT=cell-lines;VV=v1.1.0	NT=single-cell;VV=v1.0.0	not determined
HeLa_SC_UBb_20201126_098	NT=Homo sapiens;AC=NCBITaxon:9606	NT=uterine cervix;AC=UBERON:0000002	NT=epithelial cell;AC=CL:0000066	NT=cervical adenocarcinoma;AC=MONDO:0005153	NT=HeLa;AC=EFO:0001185	CVCL_0030	HeLa	30Y6M	female	not applicable	not available	NT=Dulbecco's Modified Eagle Medium;AC=NCIT:C185409	not applicable	not determined	live	NT=single cell;AC=PRIDE:0000897	FACS	UBb_20201126_098	1	80	run 376	proteomic profiling by mass spectrometry	NT=timsTOF Pro;AC=MS:1003005	NT=label free sample;AC=MS:1002038	NT=Oxidation;AC=UNIMOD:35;TA=M;MT=Variable	NT=Acetyl;AC=UNIMOD:1;PP=Protein N-term;MT=Variable	not applicable	NT=Trypsin;AC=MS:1001251	NT=Lys-C;AC=MS:1001309	Data-independent acquisition	NT=collision-induced dissociation;AC=MS:1000133	not available	not available	not applicable	not applicable	unsynchronized_culture_2	1	1	20201126_TIMS04_Evo07_SA_ADB_1cell_HeLa_UB_98_S2-C2_1_5109.d	v1.1.0	NT=ms-proteomics;VV=v1.1.0	NT=human;VV=v1.1.0	NT=cell-lines;VV=v1.1.0	NT=single-cell;VV=v1.0.0	not determined
HeLa_SC_UBb_20201126_099	NT=Homo sapiens;AC=NCBITaxon:9606	NT=uterine cervix;AC=UBERON:0000002	NT=epithelial cell;AC=CL:0000066	NT=cervical adenocarcinoma;AC=MONDO:0005153	NT=HeLa;AC=EFO:0001185	CVCL_0030	HeLa	30Y6M	female	not applicable	not available	NT=Dulbecco's Modified Eagle Medium;AC=NCIT:C185409	not applicable	not determined	live	NT=single cell;AC=PRIDE:0000897	FACS	UBb_20201126_099	1	81	run 377	proteomic profiling by mass spectrometry	NT=timsTOF Pro;AC=MS:1003005	NT=label free sample;AC=MS:1002038	NT=Oxidation;AC=UNIMOD:35;TA=M;MT=Variable	NT=Acetyl;AC=UNIMOD:1;PP=Protein N-term;MT=Variable	not applicable	NT=Trypsin;AC=MS:1001251	NT=Lys-C;AC=MS:1001309	Data-independent acquisition	NT=collision-induced dissociation;AC=MS:1000133	not available	not available	not applicable	not applicable	unsynchronized_culture_2	1	1	20201126_TIMS04_Evo07_SA_ADB_1cell_HeLa_UB_99_S2-C3_1_5110.d	v1.1.0	NT=ms-proteomics;VV=v1.1.0	NT=human;VV=v1.1.0	NT=cell-lines;VV=v1.1.0	NT=single-cell;VV=v1.0.0	not determined
HeLa_SC_UBb_20201126_100	NT=Homo sapiens;AC=NCBITaxon:9606	NT=uterine cervix;AC=UBERON:0000002	NT=epithelial cell;AC=CL:0000066	NT=cervical adenocarcinoma;AC=MONDO:0005153	NT=HeLa;AC=EFO:0001185	CVCL_0030	HeLa	30Y6M	female	not applicable	not available	NT=Dulbecco's Modified Eagle Medium;AC=NCIT:C185409	not applicable	not determined	live	NT=single cell;AC=PRIDE:0000897	FACS	UBb_20201126_100	1	82	run 378	proteomic profiling by mass spectrometry	NT=timsTOF Pro;AC=MS:1003005	NT=label free sample;AC=MS:1002038	NT=Oxidation;AC=UNIMOD:35;TA=M;MT=Variable	NT=Acetyl;AC=UNIMOD:1;PP=Protein N-term;MT=Variable	not applicable	NT=Trypsin;AC=MS:1001251	NT=Lys-C;AC=MS:1001309	Data-independent acquisition	NT=collision-induced dissociation;AC=MS:1000133	not available	not available	not applicable	not applicable	unsynchronized_culture_2	1	1	20201126_TIMS04_Evo07_SA_ADB_1cell_HeLa_UB_100_S2-C4_1_5111.d	v1.1.0	NT=ms-proteomics;VV=v1.1.0	NT=human;VV=v1.1.0	NT=cell-lines;VV=v1.1.0	NT=single-cell;VV=v1.0.0	not determined
HeLa_SC_UBb_20201126_101	NT=Homo sapiens;AC=NCBITaxon:9606	NT=uterine cervix;AC=UBERON:0000002	NT=epithelial cell;AC=CL:0000066	NT=cervical adenocarcinoma;AC=MONDO:0005153	NT=HeLa;AC=EFO:0001185	CVCL_0030	HeLa	30Y6M	female	not applicable	not available	NT=Dulbecco's Modified Eagle Medium;AC=NCIT:C185409	not applicable	not determined	live	NT=single cell;AC=PRIDE:0000897	FACS	UBb_20201126_101	1	83	run 379	proteomic profiling by mass spectrometry	NT=timsTOF Pro;AC=MS:1003005	NT=label free sample;AC=MS:1002038	NT=Oxidation;AC=UNIMOD:35;TA=M;MT=Variable	NT=Acetyl;AC=UNIMOD:1;PP=Protein N-term;MT=Variable	not applicable	NT=Trypsin;AC=MS:1001251	NT=Lys-C;AC=MS:1001309	Data-independent acquisition	NT=collision-induced dissociation;AC=MS:1000133	not available	not available	not applicable	not applicable	unsynchronized_culture_2	1	1	20201126_TIMS04_Evo07_SA_ADB_1cell_HeLa_UB_101_S2-C5_1_5112.d	v1.1.0	NT=ms-proteomics;VV=v1.1.0	NT=human;VV=v1.1.0	NT=cell-lines;VV=v1.1.0	NT=single-cell;VV=v1.0.0	not determined
HeLa_SC_UBb_20201126_102	NT=Homo sapiens;AC=NCBITaxon:9606	NT=uterine cervix;AC=UBERON:0000002	NT=epithelial cell;AC=CL:0000066	NT=cervical adenocarcinoma;AC=MONDO:0005153	NT=HeLa;AC=EFO:0001185	CVCL_0030	HeLa	30Y6M	female	not applicable	not available	NT=Dulbecco's Modified Eagle Medium;AC=NCIT:C185409	not applicable	not determined	live	NT=single cell;AC=PRIDE:0000897	FACS	UBb_20201126_102	1	84	run 380	proteomic profiling by mass spectrometry	NT=timsTOF Pro;AC=MS:1003005	NT=label free sample;AC=MS:1002038	NT=Oxidation;AC=UNIMOD:35;TA=M;MT=Variable	NT=Acetyl;AC=UNIMOD:1;PP=Protein N-term;MT=Variable	not applicable	NT=Trypsin;AC=MS:1001251	NT=Lys-C;AC=MS:1001309	Data-independent acquisition	NT=collision-induced dissociation;AC=MS:1000133	not available	not available	not applicable	not applicable	unsynchronized_culture_2	1	1	20201126_TIMS04_Evo07_SA_ADB_1cell_HeLa_UB_102_S2-C6_1_5113.d	v1.1.0	NT=ms-proteomics;VV=v1.1.0	NT=human;VV=v1.1.0	NT=cell-lines;VV=v1.1.0	NT=single-cell;VV=v1.0.0	not determined
HeLa_SC_UBb_20201126_103	NT=Homo sapiens;AC=NCBITaxon:9606	NT=uterine cervix;AC=UBERON:0000002	NT=epithelial cell;AC=CL:0000066	NT=cervical adenocarcinoma;AC=MONDO:0005153	NT=HeLa;AC=EFO:0001185	CVCL_0030	HeLa	30Y6M	female	not applicable	not available	NT=Dulbecco's Modified Eagle Medium;AC=NCIT:C185409	not applicable	not determined	live	NT=single cell;AC=PRIDE:0000897	FACS	UBb_20201126_103	1	85	run 381	proteomic profiling by mass spectrometry	NT=timsTOF Pro;AC=MS:1003005	NT=label free sample;AC=MS:1002038	NT=Oxidation;AC=UNIMOD:35;TA=M;MT=Variable	NT=Acetyl;AC=UNIMOD:1;PP=Protein N-term;MT=Variable	not applicable	NT=Trypsin;AC=MS:1001251	NT=Lys-C;AC=MS:1001309	Data-independent acquisition	NT=collision-induced dissociation;AC=MS:1000133	not available	not available	not applicable	not applicable	unsynchronized_culture_2	1	1	20201126_TIMS04_Evo07_SA_ADB_1cell_HeLa_UB_103_S2-C7_1_5114.d	v1.1.0	NT=ms-proteomics;VV=v1.1.0	NT=human;VV=v1.1.0	NT=cell-lines;VV=v1.1.0	NT=single-cell;VV=v1.0.0	not determined
HeLa_SC_UBb_20201126_104	NT=Homo sapiens;AC=NCBITaxon:9606	NT=uterine cervix;AC=UBERON:0000002	NT=epithelial cell;AC=CL:0000066	NT=cervical adenocarcinoma;AC=MONDO:0005153	NT=HeLa;AC=EFO:0001185	CVCL_0030	HeLa	30Y6M	female	not applicable	not available	NT=Dulbecco's Modified Eagle Medium;AC=NCIT:C185409	not applicable	not determined	live	NT=single cell;AC=PRIDE:0000897	FACS	UBb_20201126_104	1	86	run 382	proteomic profiling by mass spectrometry	NT=timsTOF Pro;AC=MS:1003005	NT=label free sample;AC=MS:1002038	NT=Oxidation;AC=UNIMOD:35;TA=M;MT=Variable	NT=Acetyl;AC=UNIMOD:1;PP=Protein N-term;MT=Variable	not applicable	NT=Trypsin;AC=MS:1001251	NT=Lys-C;AC=MS:1001309	Data-independent acquisition	NT=collision-induced dissociation;AC=MS:1000133	not available	not available	not applicable	not applicable	unsynchronized_culture_2	1	1	20201126_TIMS04_Evo07_SA_ADB_1cell_HeLa_UB_104_S2-C8_1_5115.d	v1.1.0	NT=ms-proteomics;VV=v1.1.0	NT=human;VV=v1.1.0	NT=cell-lines;VV=v1.1.0	NT=single-cell;VV=v1.0.0	not determined
HeLa_SC_UBb_20201126_105	NT=Homo sapiens;AC=NCBITaxon:9606	NT=uterine cervix;AC=UBERON:0000002	NT=epithelial cell;AC=CL:0000066	NT=cervical adenocarcinoma;AC=MONDO:0005153	NT=HeLa;AC=EFO:0001185	CVCL_0030	HeLa	30Y6M	female	not applicable	not available	NT=Dulbecco's Modified Eagle Medium;AC=NCIT:C185409	not applicable	not determined	live	NT=single cell;AC=PRIDE:0000897	FACS	UBb_20201126_105	1	87	run 383	proteomic profiling by mass spectrometry	NT=timsTOF Pro;AC=MS:1003005	NT=label free sample;AC=MS:1002038	NT=Oxidation;AC=UNIMOD:35;TA=M;MT=Variable	NT=Acetyl;AC=UNIMOD:1;PP=Protein N-term;MT=Variable	not applicable	NT=Trypsin;AC=MS:1001251	NT=Lys-C;AC=MS:1001309	Data-independent acquisition	NT=collision-induced dissociation;AC=MS:1000133	not available	not available	not applicable	not applicable	unsynchronized_culture_2	1	1	20201126_TIMS04_Evo07_SA_ADB_1cell_HeLa_UB_105_S2-C9_1_5116.d	v1.1.0	NT=ms-proteomics;VV=v1.1.0	NT=human;VV=v1.1.0	NT=cell-lines;VV=v1.1.0	NT=single-cell;VV=v1.0.0	not determined
HeLa_SC_UBb_20201126_106	NT=Homo sapiens;AC=NCBITaxon:9606	NT=uterine cervix;AC=UBERON:0000002	NT=epithelial cell;AC=CL:0000066	NT=cervical adenocarcinoma;AC=MONDO:0005153	NT=HeLa;AC=EFO:0001185	CVCL_0030	HeLa	30Y6M	female	not applicable	not available	NT=Dulbecco's Modified Eagle Medium;AC=NCIT:C185409	not applicable	not determined	live	NT=single cell;AC=PRIDE:0000897	FACS	UBb_20201126_106	1	88	run 384	proteomic profiling by mass spectrometry	NT=timsTOF Pro;AC=MS:1003005	NT=label free sample;AC=MS:1002038	NT=Oxidation;AC=UNIMOD:35;TA=M;MT=Variable	NT=Acetyl;AC=UNIMOD:1;PP=Protein N-term;MT=Variable	not applicable	NT=Trypsin;AC=MS:1001251	NT=Lys-C;AC=MS:1001309	Data-independent acquisition	NT=collision-induced dissociation;AC=MS:1000133	not available	not available	not applicable	not applicable	unsynchronized_culture_2	1	1	20201126_TIMS04_Evo07_SA_ADB_1cell_HeLa_UB_106_S2-C10_1_5117.d	v1.1.0	NT=ms-proteomics;VV=v1.1.0	NT=human;VV=v1.1.0	NT=cell-lines;VV=v1.1.0	NT=single-cell;VV=v1.0.0	not determined
HeLa_SC_UBb_20201126_107	NT=Homo sapiens;AC=NCBITaxon:9606	NT=uterine cervix;AC=UBERON:0000002	NT=epithelial cell;AC=CL:0000066	NT=cervical adenocarcinoma;AC=MONDO:0005153	NT=HeLa;AC=EFO:0001185	CVCL_0030	HeLa	30Y6M	female	not applicable	not available	NT=Dulbecco's Modified Eagle Medium;AC=NCIT:C185409	not applicable	not determined	live	NT=single cell;AC=PRIDE:0000897	FACS	UBb_20201126_107	1	89	run 385	proteomic profiling by mass spectrometry	NT=timsTOF Pro;AC=MS:1003005	NT=label free sample;AC=MS:1002038	NT=Oxidation;AC=UNIMOD:35;TA=M;MT=Variable	NT=Acetyl;AC=UNIMOD:1;PP=Protein N-term;MT=Variable	not applicable	NT=Trypsin;AC=MS:1001251	NT=Lys-C;AC=MS:1001309	Data-independent acquisition	NT=collision-induced dissociation;AC=MS:1000133	not available	not available	not applicable	not applicable	unsynchronized_culture_2	1	1	20201126_TIMS04_Evo07_SA_ADB_1cell_HeLa_UB_107_S2-C11_1_5118.d	v1.1.0	NT=ms-proteomics;VV=v1.1.0	NT=human;VV=v1.1.0	NT=cell-lines;VV=v1.1.0	NT=single-cell;VV=v1.0.0	not determined
HeLa_SC_UBb_20201126_110	NT=Homo sapiens;AC=NCBITaxon:9606	NT=uterine cervix;AC=UBERON:0000002	NT=epithelial cell;AC=CL:0000066	NT=cervical adenocarcinoma;AC=MONDO:0005153	NT=HeLa;AC=EFO:0001185	CVCL_0030	HeLa	30Y6M	female	not applicable	not available	NT=Dulbecco's Modified Eagle Medium;AC=NCIT:C185409	not applicable	not determined	live	NT=single cell;AC=PRIDE:0000897	FACS	UBb_20201126_110	1	90	run 386	proteomic profiling by mass spectrometry	NT=timsTOF Pro;AC=MS:1003005	NT=label free sample;AC=MS:1002038	NT=Oxidation;AC=UNIMOD:35;TA=M;MT=Variable	NT=Acetyl;AC=UNIMOD:1;PP=Protein N-term;MT=Variable	not applicable	NT=Trypsin;AC=MS:1001251	NT=Lys-C;AC=MS:1001309	Data-independent acquisition	NT=collision-induced dissociation;AC=MS:1000133	not available	not available	not applicable	not applicable	unsynchronized_culture_2	1	1	20201126_TIMS04_Evo07_SA_ADB_1cell_HeLa_UB_110_S2-D2_1_5121.d	v1.1.0	NT=ms-proteomics;VV=v1.1.0	NT=human;VV=v1.1.0	NT=cell-lines;VV=v1.1.0	NT=single-cell;VV=v1.0.0	not determined
HeLa_SC_UBb_20201126_111	NT=Homo sapiens;AC=NCBITaxon:9606	NT=uterine cervix;AC=UBERON:0000002	NT=epithelial cell;AC=CL:0000066	NT=cervical adenocarcinoma;AC=MONDO:0005153	NT=HeLa;AC=EFO:0001185	CVCL_0030	HeLa	30Y6M	female	not applicable	not available	NT=Dulbecco's Modified Eagle Medium;AC=NCIT:C185409	not applicable	not determined	live	NT=single cell;AC=PRIDE:0000897	FACS	UBb_20201126_111	1	91	run 387	proteomic profiling by mass spectrometry	NT=timsTOF Pro;AC=MS:1003005	NT=label free sample;AC=MS:1002038	NT=Oxidation;AC=UNIMOD:35;TA=M;MT=Variable	NT=Acetyl;AC=UNIMOD:1;PP=Protein N-term;MT=Variable	not applicable	NT=Trypsin;AC=MS:1001251	NT=Lys-C;AC=MS:1001309	Data-independent acquisition	NT=collision-induced dissociation;AC=MS:1000133	not available	not available	not applicable	not applicable	unsynchronized_culture_2	1	1	20201126_TIMS04_Evo07_SA_ADB_1cell_HeLa_UB_111_S2-D3_1_5122.d	v1.1.0	NT=ms-proteomics;VV=v1.1.0	NT=human;VV=v1.1.0	NT=cell-lines;VV=v1.1.0	NT=single-cell;VV=v1.0.0	not determined
HeLa_SC_UBb_20201126_112	NT=Homo sapiens;AC=NCBITaxon:9606	NT=uterine cervix;AC=UBERON:0000002	NT=epithelial cell;AC=CL:0000066	NT=cervical adenocarcinoma;AC=MONDO:0005153	NT=HeLa;AC=EFO:0001185	CVCL_0030	HeLa	30Y6M	female	not applicable	not available	NT=Dulbecco's Modified Eagle Medium;AC=NCIT:C185409	not applicable	not determined	live	NT=single cell;AC=PRIDE:0000897	FACS	UBb_20201126_112	1	92	run 388	proteomic profiling by mass spectrometry	NT=timsTOF Pro;AC=MS:1003005	NT=label free sample;AC=MS:1002038	NT=Oxidation;AC=UNIMOD:35;TA=M;MT=Variable	NT=Acetyl;AC=UNIMOD:1;PP=Protein N-term;MT=Variable	not applicable	NT=Trypsin;AC=MS:1001251	NT=Lys-C;AC=MS:1001309	Data-independent acquisition	NT=collision-induced dissociation;AC=MS:1000133	not available	not available	not applicable	not applicable	unsynchronized_culture_2	1	1	20201126_TIMS04_Evo07_SA_ADB_1cell_HeLa_UB_112_S2-D4_1_5123.d	v1.1.0	NT=ms-proteomics;VV=v1.1.0	NT=human;VV=v1.1.0	NT=cell-lines;VV=v1.1.0	NT=single-cell;VV=v1.0.0	not determined
HeLa_SC_UBb_20201126_113	NT=Homo sapiens;AC=NCBITaxon:9606	NT=uterine cervix;AC=UBERON:0000002	NT=epithelial cell;AC=CL:0000066	NT=cervical adenocarcinoma;AC=MONDO:0005153	NT=HeLa;AC=EFO:0001185	CVCL_0030	HeLa	30Y6M	female	not applicable	not available	NT=Dulbecco's Modified Eagle Medium;AC=NCIT:C185409	not applicable	not determined	live	NT=single cell;AC=PRIDE:0000897	FACS	UBb_20201126_113	1	93	run 389	proteomic profiling by mass spectrometry	NT=timsTOF Pro;AC=MS:1003005	NT=label free sample;AC=MS:1002038	NT=Oxidation;AC=UNIMOD:35;TA=M;MT=Variable	NT=Acetyl;AC=UNIMOD:1;PP=Protein N-term;MT=Variable	not applicable	NT=Trypsin;AC=MS:1001251	NT=Lys-C;AC=MS:1001309	Data-independent acquisition	NT=collision-induced dissociation;AC=MS:1000133	not available	not available	not applicable	not applicable	unsynchronized_culture_2	1	1	20201126_TIMS04_Evo07_SA_ADB_1cell_HeLa_UB_113_S2-D5_1_5124.d	v1.1.0	NT=ms-proteomics;VV=v1.1.0	NT=human;VV=v1.1.0	NT=cell-lines;VV=v1.1.0	NT=single-cell;VV=v1.0.0	not determined
HeLa_SC_UBb_20201126_115	NT=Homo sapiens;AC=NCBITaxon:9606	NT=uterine cervix;AC=UBERON:0000002	NT=epithelial cell;AC=CL:0000066	NT=cervical adenocarcinoma;AC=MONDO:0005153	NT=HeLa;AC=EFO:0001185	CVCL_0030	HeLa	30Y6M	female	not applicable	not available	NT=Dulbecco's Modified Eagle Medium;AC=NCIT:C185409	not applicable	not determined	live	NT=single cell;AC=PRIDE:0000897	FACS	UBb_20201126_115	1	94	run 390	proteomic profiling by mass spectrometry	NT=timsTOF Pro;AC=MS:1003005	NT=label free sample;AC=MS:1002038	NT=Oxidation;AC=UNIMOD:35;TA=M;MT=Variable	NT=Acetyl;AC=UNIMOD:1;PP=Protein N-term;MT=Variable	not applicable	NT=Trypsin;AC=MS:1001251	NT=Lys-C;AC=MS:1001309	Data-independent acquisition	NT=collision-induced dissociation;AC=MS:1000133	not available	not available	not applicable	not applicable	unsynchronized_culture_2	1	1	20201126_TIMS04_Evo07_SA_ADB_1cell_HeLa_UB_115_S2-D7_1_5126.d	v1.1.0	NT=ms-proteomics;VV=v1.1.0	NT=human;VV=v1.1.0	NT=cell-lines;VV=v1.1.0	NT=single-cell;VV=v1.0.0	not determined
HeLa_SC_UBb_20201126_116	NT=Homo sapiens;AC=NCBITaxon:9606	NT=uterine cervix;AC=UBERON:0000002	NT=epithelial cell;AC=CL:0000066	NT=cervical adenocarcinoma;AC=MONDO:0005153	NT=HeLa;AC=EFO:0001185	CVCL_0030	HeLa	30Y6M	female	not applicable	not available	NT=Dulbecco's Modified Eagle Medium;AC=NCIT:C185409	not applicable	not determined	live	NT=single cell;AC=PRIDE:0000897	FACS	UBb_20201126_116	1	95	run 391	proteomic profiling by mass spectrometry	NT=timsTOF Pro;AC=MS:1003005	NT=label free sample;AC=MS:1002038	NT=Oxidation;AC=UNIMOD:35;TA=M;MT=Variable	NT=Acetyl;AC=UNIMOD:1;PP=Protein N-term;MT=Variable	not applicable	NT=Trypsin;AC=MS:1001251	NT=Lys-C;AC=MS:1001309	Data-independent acquisition	NT=collision-induced dissociation;AC=MS:1000133	not available	not available	not applicable	not applicable	unsynchronized_culture_2	1	1	20201126_TIMS04_Evo07_SA_ADB_1cell_HeLa_UB_116_S2-D8_1_5127.d	v1.1.0	NT=ms-proteomics;VV=v1.1.0	NT=human;VV=v1.1.0	NT=cell-lines;VV=v1.1.0	NT=single-cell;VV=v1.0.0	not determined
HeLa_SC_UBb_20201126_117	NT=Homo sapiens;AC=NCBITaxon:9606	NT=uterine cervix;AC=UBERON:0000002	NT=epithelial cell;AC=CL:0000066	NT=cervical adenocarcinoma;AC=MONDO:0005153	NT=HeLa;AC=EFO:0001185	CVCL_0030	HeLa	30Y6M	female	not applicable	not available	NT=Dulbecco's Modified Eagle Medium;AC=NCIT:C185409	not applicable	not determined	live	NT=single cell;AC=PRIDE:0000897	FACS	UBb_20201126_117	1	96	run 392	proteomic profiling by mass spectrometry	NT=timsTOF Pro;AC=MS:1003005	NT=label free sample;AC=MS:1002038	NT=Oxidation;AC=UNIMOD:35;TA=M;MT=Variable	NT=Acetyl;AC=UNIMOD:1;PP=Protein N-term;MT=Variable	not applicable	NT=Trypsin;AC=MS:1001251	NT=Lys-C;AC=MS:1001309	Data-independent acquisition	NT=collision-induced dissociation;AC=MS:1000133	not available	not available	not applicable	not applicable	unsynchronized_culture_2	1	1	20201126_TIMS04_Evo07_SA_ADB_1cell_HeLa_UB_117_S2-D9_1_5128.d	v1.1.0	NT=ms-proteomics;VV=v1.1.0	NT=human;VV=v1.1.0	NT=cell-lines;VV=v1.1.0	NT=single-cell;VV=v1.0.0	not determined
HeLa_SC_UBb_20201126_118	NT=Homo sapiens;AC=NCBITaxon:9606	NT=uterine cervix;AC=UBERON:0000002	NT=epithelial cell;AC=CL:0000066	NT=cervical adenocarcinoma;AC=MONDO:0005153	NT=HeLa;AC=EFO:0001185	CVCL_0030	HeLa	30Y6M	female	not applicable	not available	NT=Dulbecco's Modified Eagle Medium;AC=NCIT:C185409	not applicable	not determined	live	NT=single cell;AC=PRIDE:0000897	FACS	UBb_20201126_118	1	97	run 393	proteomic profiling by mass spectrometry	NT=timsTOF Pro;AC=MS:1003005	NT=label free sample;AC=MS:1002038	NT=Oxidation;AC=UNIMOD:35;TA=M;MT=Variable	NT=Acetyl;AC=UNIMOD:1;PP=Protein N-term;MT=Variable	not applicable	NT=Trypsin;AC=MS:1001251	NT=Lys-C;AC=MS:1001309	Data-independent acquisition	NT=collision-induced dissociation;AC=MS:1000133	not available	not available	not applicable	not applicable	unsynchronized_culture_2	1	1	20201126_TIMS04_Evo07_SA_ADB_1cell_HeLa_UB_118_S2-D10_1_5129.d	v1.1.0	NT=ms-proteomics;VV=v1.1.0	NT=human;VV=v1.1.0	NT=cell-lines;VV=v1.1.0	NT=single-cell;VV=v1.0.0	not determined
HeLa_SC_UBb_20201126_119	NT=Homo sapiens;AC=NCBITaxon:9606	NT=uterine cervix;AC=UBERON:0000002	NT=epithelial cell;AC=CL:0000066	NT=cervical adenocarcinoma;AC=MONDO:0005153	NT=HeLa;AC=EFO:0001185	CVCL_0030	HeLa	30Y6M	female	not applicable	not available	NT=Dulbecco's Modified Eagle Medium;AC=NCIT:C185409	not applicable	not determined	live	NT=single cell;AC=PRIDE:0000897	FACS	UBb_20201126_119	1	98	run 394	proteomic profiling by mass spectrometry	NT=timsTOF Pro;AC=MS:1003005	NT=label free sample;AC=MS:1002038	NT=Oxidation;AC=UNIMOD:35;TA=M;MT=Variable	NT=Acetyl;AC=UNIMOD:1;PP=Protein N-term;MT=Variable	not applicable	NT=Trypsin;AC=MS:1001251	NT=Lys-C;AC=MS:1001309	Data-independent acquisition	NT=collision-induced dissociation;AC=MS:1000133	not available	not available	not applicable	not applicable	unsynchronized_culture_2	1	1	20201126_TIMS04_Evo07_SA_ADB_1cell_HeLa_UB_119_S2-D11_1_5130.d	v1.1.0	NT=ms-proteomics;VV=v1.1.0	NT=human;VV=v1.1.0	NT=cell-lines;VV=v1.1.0	NT=single-cell;VV=v1.0.0	not determined
HeLa_SC_UBb_20201126_121	NT=Homo sapiens;AC=NCBITaxon:9606	NT=uterine cervix;AC=UBERON:0000002	NT=epithelial cell;AC=CL:0000066	NT=cervical adenocarcinoma;AC=MONDO:0005153	NT=HeLa;AC=EFO:0001185	CVCL_0030	HeLa	30Y6M	female	not applicable	not available	NT=Dulbecco's Modified Eagle Medium;AC=NCIT:C185409	not applicable	not determined	live	NT=single cell;AC=PRIDE:0000897	FACS	UBb_20201126_121	1	99	run 395	proteomic profiling by mass spectrometry	NT=timsTOF Pro;AC=MS:1003005	NT=label free sample;AC=MS:1002038	NT=Oxidation;AC=UNIMOD:35;TA=M;MT=Variable	NT=Acetyl;AC=UNIMOD:1;PP=Protein N-term;MT=Variable	not applicable	NT=Trypsin;AC=MS:1001251	NT=Lys-C;AC=MS:1001309	Data-independent acquisition	NT=collision-induced dissociation;AC=MS:1000133	not available	not available	not applicable	not applicable	unsynchronized_culture_2	1	1	20201126_TIMS04_Evo07_SA_ADB_1cell_HeLa_UB_121_S2-E1_1_5132.d	v1.1.0	NT=ms-proteomics;VV=v1.1.0	NT=human;VV=v1.1.0	NT=cell-lines;VV=v1.1.0	NT=single-cell;VV=v1.0.0	not determined
HeLa_SC_UBb_20201126_122	NT=Homo sapiens;AC=NCBITaxon:9606	NT=uterine cervix;AC=UBERON:0000002	NT=epithelial cell;AC=CL:0000066	NT=cervical adenocarcinoma;AC=MONDO:0005153	NT=HeLa;AC=EFO:0001185	CVCL_0030	HeLa	30Y6M	female	not applicable	not available	NT=Dulbecco's Modified Eagle Medium;AC=NCIT:C185409	not applicable	not determined	live	NT=single cell;AC=PRIDE:0000897	FACS	UBb_20201126_122	1	100	run 396	proteomic profiling by mass spectrometry	NT=timsTOF Pro;AC=MS:1003005	NT=label free sample;AC=MS:1002038	NT=Oxidation;AC=UNIMOD:35;TA=M;MT=Variable	NT=Acetyl;AC=UNIMOD:1;PP=Protein N-term;MT=Variable	not applicable	NT=Trypsin;AC=MS:1001251	NT=Lys-C;AC=MS:1001309	Data-independent acquisition	NT=collision-induced dissociation;AC=MS:1000133	not available	not available	not applicable	not applicable	unsynchronized_culture_2	1	1	20201126_TIMS04_Evo07_SA_ADB_1cell_HeLa_UB_122_S2-E2_1_5133.d	v1.1.0	NT=ms-proteomics;VV=v1.1.0	NT=human;VV=v1.1.0	NT=cell-lines;VV=v1.1.0	NT=single-cell;VV=v1.0.0	not determined
HeLa_SC_UBb_20201126_123	NT=Homo sapiens;AC=NCBITaxon:9606	NT=uterine cervix;AC=UBERON:0000002	NT=epithelial cell;AC=CL:0000066	NT=cervical adenocarcinoma;AC=MONDO:0005153	NT=HeLa;AC=EFO:0001185	CVCL_0030	HeLa	30Y6M	female	not applicable	not available	NT=Dulbecco's Modified Eagle Medium;AC=NCIT:C185409	not applicable	not determined	live	NT=single cell;AC=PRIDE:0000897	FACS	UBb_20201126_123	1	101	run 397	proteomic profiling by mass spectrometry	NT=timsTOF Pro;AC=MS:1003005	NT=label free sample;AC=MS:1002038	NT=Oxidation;AC=UNIMOD:35;TA=M;MT=Variable	NT=Acetyl;AC=UNIMOD:1;PP=Protein N-term;MT=Variable	not applicable	NT=Trypsin;AC=MS:1001251	NT=Lys-C;AC=MS:1001309	Data-independent acquisition	NT=collision-induced dissociation;AC=MS:1000133	not available	not available	not applicable	not applicable	unsynchronized_culture_2	1	1	20201126_TIMS04_Evo07_SA_ADB_1cell_HeLa_UB_123_S2-E3_1_5134.d	v1.1.0	NT=ms-proteomics;VV=v1.1.0	NT=human;VV=v1.1.0	NT=cell-lines;VV=v1.1.0	NT=single-cell;VV=v1.0.0	not determined
HeLa_SC_UBb_20201126_124	NT=Homo sapiens;AC=NCBITaxon:9606	NT=uterine cervix;AC=UBERON:0000002	NT=epithelial cell;AC=CL:0000066	NT=cervical adenocarcinoma;AC=MONDO:0005153	NT=HeLa;AC=EFO:0001185	CVCL_0030	HeLa	30Y6M	female	not applicable	not available	NT=Dulbecco's Modified Eagle Medium;AC=NCIT:C185409	not applicable	not determined	live	NT=single cell;AC=PRIDE:0000897	FACS	UBb_20201126_124	1	102	run 398	proteomic profiling by mass spectrometry	NT=timsTOF Pro;AC=MS:1003005	NT=label free sample;AC=MS:1002038	NT=Oxidation;AC=UNIMOD:35;TA=M;MT=Variable	NT=Acetyl;AC=UNIMOD:1;PP=Protein N-term;MT=Variable	not applicable	NT=Trypsin;AC=MS:1001251	NT=Lys-C;AC=MS:1001309	Data-independent acquisition	NT=collision-induced dissociation;AC=MS:1000133	not available	not available	not applicable	not applicable	unsynchronized_culture_2	1	1	20201126_TIMS04_Evo07_SA_ADB_1cell_HeLa_UB_124_S2-E4_1_5135.d	v1.1.0	NT=ms-proteomics;VV=v1.1.0	NT=human;VV=v1.1.0	NT=cell-lines;VV=v1.1.0	NT=single-cell;VV=v1.0.0	not determined
HeLa_SC_UBb_20201126_125	NT=Homo sapiens;AC=NCBITaxon:9606	NT=uterine cervix;AC=UBERON:0000002	NT=epithelial cell;AC=CL:0000066	NT=cervical adenocarcinoma;AC=MONDO:0005153	NT=HeLa;AC=EFO:0001185	CVCL_0030	HeLa	30Y6M	female	not applicable	not available	NT=Dulbecco's Modified Eagle Medium;AC=NCIT:C185409	not applicable	not determined	live	NT=single cell;AC=PRIDE:0000897	FACS	UBb_20201126_125	1	103	run 399	proteomic profiling by mass spectrometry	NT=timsTOF Pro;AC=MS:1003005	NT=label free sample;AC=MS:1002038	NT=Oxidation;AC=UNIMOD:35;TA=M;MT=Variable	NT=Acetyl;AC=UNIMOD:1;PP=Protein N-term;MT=Variable	not applicable	NT=Trypsin;AC=MS:1001251	NT=Lys-C;AC=MS:1001309	Data-independent acquisition	NT=collision-induced dissociation;AC=MS:1000133	not available	not available	not applicable	not applicable	unsynchronized_culture_2	1	1	20201126_TIMS04_Evo07_SA_ADB_1cell_HeLa_UB_125_S2-E5_1_5136.d	v1.1.0	NT=ms-proteomics;VV=v1.1.0	NT=human;VV=v1.1.0	NT=cell-lines;VV=v1.1.0	NT=single-cell;VV=v1.0.0	not determined
HeLa_SC_UBb_20201126_126	NT=Homo sapiens;AC=NCBITaxon:9606	NT=uterine cervix;AC=UBERON:0000002	NT=epithelial cell;AC=CL:0000066	NT=cervical adenocarcinoma;AC=MONDO:0005153	NT=HeLa;AC=EFO:0001185	CVCL_0030	HeLa	30Y6M	female	not applicable	not available	NT=Dulbecco's Modified Eagle Medium;AC=NCIT:C185409	not applicable	not determined	live	NT=single cell;AC=PRIDE:0000897	FACS	UBb_20201126_126	1	104	run 400	proteomic profiling by mass spectrometry	NT=timsTOF Pro;AC=MS:1003005	NT=label free sample;AC=MS:1002038	NT=Oxidation;AC=UNIMOD:35;TA=M;MT=Variable	NT=Acetyl;AC=UNIMOD:1;PP=Protein N-term;MT=Variable	not applicable	NT=Trypsin;AC=MS:1001251	NT=Lys-C;AC=MS:1001309	Data-independent acquisition	NT=collision-induced dissociation;AC=MS:1000133	not available	not available	not applicable	not applicable	unsynchronized_culture_2	1	1	20201126_TIMS04_Evo07_SA_ADB_1cell_HeLa_UB_126_S2-E6_1_5137.d	v1.1.0	NT=ms-proteomics;VV=v1.1.0	NT=human;VV=v1.1.0	NT=cell-lines;VV=v1.1.0	NT=single-cell;VV=v1.0.0	not determined
HeLa_SC_UBb_20201126_127	NT=Homo sapiens;AC=NCBITaxon:9606	NT=uterine cervix;AC=UBERON:0000002	NT=epithelial cell;AC=CL:0000066	NT=cervical adenocarcinoma;AC=MONDO:0005153	NT=HeLa;AC=EFO:0001185	CVCL_0030	HeLa	30Y6M	female	not applicable	not available	NT=Dulbecco's Modified Eagle Medium;AC=NCIT:C185409	not applicable	not determined	live	NT=single cell;AC=PRIDE:0000897	FACS	UBb_20201126_127	1	105	run 401	proteomic profiling by mass spectrometry	NT=timsTOF Pro;AC=MS:1003005	NT=label free sample;AC=MS:1002038	NT=Oxidation;AC=UNIMOD:35;TA=M;MT=Variable	NT=Acetyl;AC=UNIMOD:1;PP=Protein N-term;MT=Variable	not applicable	NT=Trypsin;AC=MS:1001251	NT=Lys-C;AC=MS:1001309	Data-independent acquisition	NT=collision-induced dissociation;AC=MS:1000133	not available	not available	not applicable	not applicable	unsynchronized_culture_2	1	1	20201126_TIMS04_Evo07_SA_ADB_1cell_HeLa_UB_127_S2-E7_1_5138.d	v1.1.0	NT=ms-proteomics;VV=v1.1.0	NT=human;VV=v1.1.0	NT=cell-lines;VV=v1.1.0	NT=single-cell;VV=v1.0.0	not determined
HeLa_SC_UBb_20201126_128	NT=Homo sapiens;AC=NCBITaxon:9606	NT=uterine cervix;AC=UBERON:0000002	NT=epithelial cell;AC=CL:0000066	NT=cervical adenocarcinoma;AC=MONDO:0005153	NT=HeLa;AC=EFO:0001185	CVCL_0030	HeLa	30Y6M	female	not applicable	not available	NT=Dulbecco's Modified Eagle Medium;AC=NCIT:C185409	not applicable	not determined	live	NT=single cell;AC=PRIDE:0000897	FACS	UBb_20201126_128	1	106	run 402	proteomic profiling by mass spectrometry	NT=timsTOF Pro;AC=MS:1003005	NT=label free sample;AC=MS:1002038	NT=Oxidation;AC=UNIMOD:35;TA=M;MT=Variable	NT=Acetyl;AC=UNIMOD:1;PP=Protein N-term;MT=Variable	not applicable	NT=Trypsin;AC=MS:1001251	NT=Lys-C;AC=MS:1001309	Data-independent acquisition	NT=collision-induced dissociation;AC=MS:1000133	not available	not available	not applicable	not applicable	unsynchronized_culture_2	1	1	20201126_TIMS04_Evo07_SA_ADB_1cell_HeLa_UB_128_S2-E8_1_5139.d	v1.1.0	NT=ms-proteomics;VV=v1.1.0	NT=human;VV=v1.1.0	NT=cell-lines;VV=v1.1.0	NT=single-cell;VV=v1.0.0	not determined
HeLa_SC_UBb_20201126_129	NT=Homo sapiens;AC=NCBITaxon:9606	NT=uterine cervix;AC=UBERON:0000002	NT=epithelial cell;AC=CL:0000066	NT=cervical adenocarcinoma;AC=MONDO:0005153	NT=HeLa;AC=EFO:0001185	CVCL_0030	HeLa	30Y6M	female	not applicable	not available	NT=Dulbecco's Modified Eagle Medium;AC=NCIT:C185409	not applicable	not determined	live	NT=single cell;AC=PRIDE:0000897	FACS	UBb_20201126_129	1	107	run 403	proteomic profiling by mass spectrometry	NT=timsTOF Pro;AC=MS:1003005	NT=label free sample;AC=MS:1002038	NT=Oxidation;AC=UNIMOD:35;TA=M;MT=Variable	NT=Acetyl;AC=UNIMOD:1;PP=Protein N-term;MT=Variable	not applicable	NT=Trypsin;AC=MS:1001251	NT=Lys-C;AC=MS:1001309	Data-independent acquisition	NT=collision-induced dissociation;AC=MS:1000133	not available	not available	not applicable	not applicable	unsynchronized_culture_2	1	1	20201126_TIMS04_Evo07_SA_ADB_1cell_HeLa_UB_129_S2-E9_1_5140.d	v1.1.0	NT=ms-proteomics;VV=v1.1.0	NT=human;VV=v1.1.0	NT=cell-lines;VV=v1.1.0	NT=single-cell;VV=v1.0.0	not determined
HeLa_SC_UBb_20201126_130	NT=Homo sapiens;AC=NCBITaxon:9606	NT=uterine cervix;AC=UBERON:0000002	NT=epithelial cell;AC=CL:0000066	NT=cervical adenocarcinoma;AC=MONDO:0005153	NT=HeLa;AC=EFO:0001185	CVCL_0030	HeLa	30Y6M	female	not applicable	not available	NT=Dulbecco's Modified Eagle Medium;AC=NCIT:C185409	not applicable	not determined	live	NT=single cell;AC=PRIDE:0000897	FACS	UBb_20201126_130	1	108	run 404	proteomic profiling by mass spectrometry	NT=timsTOF Pro;AC=MS:1003005	NT=label free sample;AC=MS:1002038	NT=Oxidation;AC=UNIMOD:35;TA=M;MT=Variable	NT=Acetyl;AC=UNIMOD:1;PP=Protein N-term;MT=Variable	not applicable	NT=Trypsin;AC=MS:1001251	NT=Lys-C;AC=MS:1001309	Data-independent acquisition	NT=collision-induced dissociation;AC=MS:1000133	not available	not available	not applicable	not applicable	unsynchronized_culture_2	1	1	20201126_TIMS04_Evo07_SA_ADB_1cell_HeLa_UB_130_S2-E10_1_5141.d	v1.1.0	NT=ms-proteomics;VV=v1.1.0	NT=human;VV=v1.1.0	NT=cell-lines;VV=v1.1.0	NT=single-cell;VV=v1.0.0	not determined
HeLa_SC_UBb_20201126_131	NT=Homo sapiens;AC=NCBITaxon:9606	NT=uterine cervix;AC=UBERON:0000002	NT=epithelial cell;AC=CL:0000066	NT=cervical adenocarcinoma;AC=MONDO:0005153	NT=HeLa;AC=EFO:0001185	CVCL_0030	HeLa	30Y6M	female	not applicable	not available	NT=Dulbecco's Modified Eagle Medium;AC=NCIT:C185409	not applicable	not determined	live	NT=single cell;AC=PRIDE:0000897	FACS	UBb_20201126_131	1	109	run 405	proteomic profiling by mass spectrometry	NT=timsTOF Pro;AC=MS:1003005	NT=label free sample;AC=MS:1002038	NT=Oxidation;AC=UNIMOD:35;TA=M;MT=Variable	NT=Acetyl;AC=UNIMOD:1;PP=Protein N-term;MT=Variable	not applicable	NT=Trypsin;AC=MS:1001251	NT=Lys-C;AC=MS:1001309	Data-independent acquisition	NT=collision-induced dissociation;AC=MS:1000133	not available	not available	not applicable	not applicable	unsynchronized_culture_2	1	1	20201126_TIMS04_Evo07_SA_ADB_1cell_HeLa_UB_131_S2-E11_1_5142.d	v1.1.0	NT=ms-proteomics;VV=v1.1.0	NT=human;VV=v1.1.0	NT=cell-lines;VV=v1.1.0	NT=single-cell;VV=v1.0.0	not determined
HeLa_SC_UBb_20201126_134	NT=Homo sapiens;AC=NCBITaxon:9606	NT=uterine cervix;AC=UBERON:0000002	NT=epithelial cell;AC=CL:0000066	NT=cervical adenocarcinoma;AC=MONDO:0005153	NT=HeLa;AC=EFO:0001185	CVCL_0030	HeLa	30Y6M	female	not applicable	not available	NT=Dulbecco's Modified Eagle Medium;AC=NCIT:C185409	not applicable	not determined	live	NT=single cell;AC=PRIDE:0000897	FACS	UBb_20201126_134	1	110	run 406	proteomic profiling by mass spectrometry	NT=timsTOF Pro;AC=MS:1003005	NT=label free sample;AC=MS:1002038	NT=Oxidation;AC=UNIMOD:35;TA=M;MT=Variable	NT=Acetyl;AC=UNIMOD:1;PP=Protein N-term;MT=Variable	not applicable	NT=Trypsin;AC=MS:1001251	NT=Lys-C;AC=MS:1001309	Data-independent acquisition	NT=collision-induced dissociation;AC=MS:1000133	not available	not available	not applicable	not applicable	unsynchronized_culture_2	1	1	20201126_TIMS04_Evo07_SA_ADB_1cell_HeLa_UB_134_S2-F2_1_5145.d	v1.1.0	NT=ms-proteomics;VV=v1.1.0	NT=human;VV=v1.1.0	NT=cell-lines;VV=v1.1.0	NT=single-cell;VV=v1.0.0	not determined
HeLa_SC_UBb_20201126_135	NT=Homo sapiens;AC=NCBITaxon:9606	NT=uterine cervix;AC=UBERON:0000002	NT=epithelial cell;AC=CL:0000066	NT=cervical adenocarcinoma;AC=MONDO:0005153	NT=HeLa;AC=EFO:0001185	CVCL_0030	HeLa	30Y6M	female	not applicable	not available	NT=Dulbecco's Modified Eagle Medium;AC=NCIT:C185409	not applicable	not determined	live	NT=single cell;AC=PRIDE:0000897	FACS	UBb_20201126_135	1	111	run 407	proteomic profiling by mass spectrometry	NT=timsTOF Pro;AC=MS:1003005	NT=label free sample;AC=MS:1002038	NT=Oxidation;AC=UNIMOD:35;TA=M;MT=Variable	NT=Acetyl;AC=UNIMOD:1;PP=Protein N-term;MT=Variable	not applicable	NT=Trypsin;AC=MS:1001251	NT=Lys-C;AC=MS:1001309	Data-independent acquisition	NT=collision-induced dissociation;AC=MS:1000133	not available	not available	not applicable	not applicable	unsynchronized_culture_2	1	1	20201126_TIMS04_Evo07_SA_ADB_1cell_HeLa_UB_135_S2-F3_1_5146.d	v1.1.0	NT=ms-proteomics;VV=v1.1.0	NT=human;VV=v1.1.0	NT=cell-lines;VV=v1.1.0	NT=single-cell;VV=v1.0.0	not determined
HeLa_SC_UBb_20201126_136	NT=Homo sapiens;AC=NCBITaxon:9606	NT=uterine cervix;AC=UBERON:0000002	NT=epithelial cell;AC=CL:0000066	NT=cervical adenocarcinoma;AC=MONDO:0005153	NT=HeLa;AC=EFO:0001185	CVCL_0030	HeLa	30Y6M	female	not applicable	not available	NT=Dulbecco's Modified Eagle Medium;AC=NCIT:C185409	not applicable	not determined	live	NT=single cell;AC=PRIDE:0000897	FACS	UBb_20201126_136	1	112	run 408	proteomic profiling by mass spectrometry	NT=timsTOF Pro;AC=MS:1003005	NT=label free sample;AC=MS:1002038	NT=Oxidation;AC=UNIMOD:35;TA=M;MT=Variable	NT=Acetyl;AC=UNIMOD:1;PP=Protein N-term;MT=Variable	not applicable	NT=Trypsin;AC=MS:1001251	NT=Lys-C;AC=MS:1001309	Data-independent acquisition	NT=collision-induced dissociation;AC=MS:1000133	not available	not available	not applicable	not applicable	unsynchronized_culture_2	1	1	20201126_TIMS04_Evo07_SA_ADB_1cell_HeLa_UB_136_S2-F4_1_5147.d	v1.1.0	NT=ms-proteomics;VV=v1.1.0	NT=human;VV=v1.1.0	NT=cell-lines;VV=v1.1.0	NT=single-cell;VV=v1.0.0	not determined
HeLa_SC_UBb_20201126_137	NT=Homo sapiens;AC=NCBITaxon:9606	NT=uterine cervix;AC=UBERON:0000002	NT=epithelial cell;AC=CL:0000066	NT=cervical adenocarcinoma;AC=MONDO:0005153	NT=HeLa;AC=EFO:0001185	CVCL_0030	HeLa	30Y6M	female	not applicable	not available	NT=Dulbecco's Modified Eagle Medium;AC=NCIT:C185409	not applicable	not determined	live	NT=single cell;AC=PRIDE:0000897	FACS	UBb_20201126_137	1	113	run 409	proteomic profiling by mass spectrometry	NT=timsTOF Pro;AC=MS:1003005	NT=label free sample;AC=MS:1002038	NT=Oxidation;AC=UNIMOD:35;TA=M;MT=Variable	NT=Acetyl;AC=UNIMOD:1;PP=Protein N-term;MT=Variable	not applicable	NT=Trypsin;AC=MS:1001251	NT=Lys-C;AC=MS:1001309	Data-independent acquisition	NT=collision-induced dissociation;AC=MS:1000133	not available	not available	not applicable	not applicable	unsynchronized_culture_2	1	1	20201126_TIMS04_Evo07_SA_ADB_1cell_HeLa_UB_137_S2-F5_1_5148.d	v1.1.0	NT=ms-proteomics;VV=v1.1.0	NT=human;VV=v1.1.0	NT=cell-lines;VV=v1.1.0	NT=single-cell;VV=v1.0.0	not determined
HeLa_SC_UBb_20201126_138	NT=Homo sapiens;AC=NCBITaxon:9606	NT=uterine cervix;AC=UBERON:0000002	NT=epithelial cell;AC=CL:0000066	NT=cervical adenocarcinoma;AC=MONDO:0005153	NT=HeLa;AC=EFO:0001185	CVCL_0030	HeLa	30Y6M	female	not applicable	not available	NT=Dulbecco's Modified Eagle Medium;AC=NCIT:C185409	not applicable	not determined	live	NT=single cell;AC=PRIDE:0000897	FACS	UBb_20201126_138	1	114	run 410	proteomic profiling by mass spectrometry	NT=timsTOF Pro;AC=MS:1003005	NT=label free sample;AC=MS:1002038	NT=Oxidation;AC=UNIMOD:35;TA=M;MT=Variable	NT=Acetyl;AC=UNIMOD:1;PP=Protein N-term;MT=Variable	not applicable	NT=Trypsin;AC=MS:1001251	NT=Lys-C;AC=MS:1001309	Data-independent acquisition	NT=collision-induced dissociation;AC=MS:1000133	not available	not available	not applicable	not applicable	unsynchronized_culture_2	1	1	20201126_TIMS04_Evo07_SA_ADB_1cell_HeLa_UB_138_S2-F6_1_5149.d	v1.1.0	NT=ms-proteomics;VV=v1.1.0	NT=human;VV=v1.1.0	NT=cell-lines;VV=v1.1.0	NT=single-cell;VV=v1.0.0	not determined
HeLa_SC_UBb_20201126_139	NT=Homo sapiens;AC=NCBITaxon:9606	NT=uterine cervix;AC=UBERON:0000002	NT=epithelial cell;AC=CL:0000066	NT=cervical adenocarcinoma;AC=MONDO:0005153	NT=HeLa;AC=EFO:0001185	CVCL_0030	HeLa	30Y6M	female	not applicable	not available	NT=Dulbecco's Modified Eagle Medium;AC=NCIT:C185409	not applicable	not determined	live	NT=single cell;AC=PRIDE:0000897	FACS	UBb_20201126_139	1	115	run 411	proteomic profiling by mass spectrometry	NT=timsTOF Pro;AC=MS:1003005	NT=label free sample;AC=MS:1002038	NT=Oxidation;AC=UNIMOD:35;TA=M;MT=Variable	NT=Acetyl;AC=UNIMOD:1;PP=Protein N-term;MT=Variable	not applicable	NT=Trypsin;AC=MS:1001251	NT=Lys-C;AC=MS:1001309	Data-independent acquisition	NT=collision-induced dissociation;AC=MS:1000133	not available	not available	not applicable	not applicable	unsynchronized_culture_2	1	1	20201126_TIMS04_Evo07_SA_ADB_1cell_HeLa_UB_139_S2-F7_1_5150.d	v1.1.0	NT=ms-proteomics;VV=v1.1.0	NT=human;VV=v1.1.0	NT=cell-lines;VV=v1.1.0	NT=single-cell;VV=v1.0.0	not determined
HeLa_SC_UBb_20201126_140	NT=Homo sapiens;AC=NCBITaxon:9606	NT=uterine cervix;AC=UBERON:0000002	NT=epithelial cell;AC=CL:0000066	NT=cervical adenocarcinoma;AC=MONDO:0005153	NT=HeLa;AC=EFO:0001185	CVCL_0030	HeLa	30Y6M	female	not applicable	not available	NT=Dulbecco's Modified Eagle Medium;AC=NCIT:C185409	not applicable	not determined	live	NT=single cell;AC=PRIDE:0000897	FACS	UBb_20201126_140	1	116	run 412	proteomic profiling by mass spectrometry	NT=timsTOF Pro;AC=MS:1003005	NT=label free sample;AC=MS:1002038	NT=Oxidation;AC=UNIMOD:35;TA=M;MT=Variable	NT=Acetyl;AC=UNIMOD:1;PP=Protein N-term;MT=Variable	not applicable	NT=Trypsin;AC=MS:1001251	NT=Lys-C;AC=MS:1001309	Data-independent acquisition	NT=collision-induced dissociation;AC=MS:1000133	not available	not available	not applicable	not applicable	unsynchronized_culture_2	1	1	20201126_TIMS04_Evo07_SA_ADB_1cell_HeLa_UB_140_S2-F8_1_5151.d	v1.1.0	NT=ms-proteomics;VV=v1.1.0	NT=human;VV=v1.1.0	NT=cell-lines;VV=v1.1.0	NT=single-cell;VV=v1.0.0	not determined
HeLa_SC_UBb_20201126_141	NT=Homo sapiens;AC=NCBITaxon:9606	NT=uterine cervix;AC=UBERON:0000002	NT=epithelial cell;AC=CL:0000066	NT=cervical adenocarcinoma;AC=MONDO:0005153	NT=HeLa;AC=EFO:0001185	CVCL_0030	HeLa	30Y6M	female	not applicable	not available	NT=Dulbecco's Modified Eagle Medium;AC=NCIT:C185409	not applicable	not determined	live	NT=single cell;AC=PRIDE:0000897	FACS	UBb_20201126_141	1	117	run 413	proteomic profiling by mass spectrometry	NT=timsTOF Pro;AC=MS:1003005	NT=label free sample;AC=MS:1002038	NT=Oxidation;AC=UNIMOD:35;TA=M;MT=Variable	NT=Acetyl;AC=UNIMOD:1;PP=Protein N-term;MT=Variable	not applicable	NT=Trypsin;AC=MS:1001251	NT=Lys-C;AC=MS:1001309	Data-independent acquisition	NT=collision-induced dissociation;AC=MS:1000133	not available	not available	not applicable	not applicable	unsynchronized_culture_2	1	1	20201126_TIMS04_Evo07_SA_ADB_1cell_HeLa_UB_141_S2-F9_1_5152.d	v1.1.0	NT=ms-proteomics;VV=v1.1.0	NT=human;VV=v1.1.0	NT=cell-lines;VV=v1.1.0	NT=single-cell;VV=v1.0.0	not determined
HeLa_SC_UBb_20201126_142	NT=Homo sapiens;AC=NCBITaxon:9606	NT=uterine cervix;AC=UBERON:0000002	NT=epithelial cell;AC=CL:0000066	NT=cervical adenocarcinoma;AC=MONDO:0005153	NT=HeLa;AC=EFO:0001185	CVCL_0030	HeLa	30Y6M	female	not applicable	not available	NT=Dulbecco's Modified Eagle Medium;AC=NCIT:C185409	not applicable	not determined	live	NT=single cell;AC=PRIDE:0000897	FACS	UBb_20201126_142	1	118	run 414	proteomic profiling by mass spectrometry	NT=timsTOF Pro;AC=MS:1003005	NT=label free sample;AC=MS:1002038	NT=Oxidation;AC=UNIMOD:35;TA=M;MT=Variable	NT=Acetyl;AC=UNIMOD:1;PP=Protein N-term;MT=Variable	not applicable	NT=Trypsin;AC=MS:1001251	NT=Lys-C;AC=MS:1001309	Data-independent acquisition	NT=collision-induced dissociation;AC=MS:1000133	not available	not available	not applicable	not applicable	unsynchronized_culture_2	1	1	20201126_TIMS04_Evo07_SA_ADB_1cell_HeLa_UB_142_S2-F10_1_5153.d	v1.1.0	NT=ms-proteomics;VV=v1.1.0	NT=human;VV=v1.1.0	NT=cell-lines;VV=v1.1.0	NT=single-cell;VV=v1.0.0	not determined
HeLa_SC_UBb_20201126_143	NT=Homo sapiens;AC=NCBITaxon:9606	NT=uterine cervix;AC=UBERON:0000002	NT=epithelial cell;AC=CL:0000066	NT=cervical adenocarcinoma;AC=MONDO:0005153	NT=HeLa;AC=EFO:0001185	CVCL_0030	HeLa	30Y6M	female	not applicable	not available	NT=Dulbecco's Modified Eagle Medium;AC=NCIT:C185409	not applicable	not determined	live	NT=single cell;AC=PRIDE:0000897	FACS	UBb_20201126_143	1	119	run 415	proteomic profiling by mass spectrometry	NT=timsTOF Pro;AC=MS:1003005	NT=label free sample;AC=MS:1002038	NT=Oxidation;AC=UNIMOD:35;TA=M;MT=Variable	NT=Acetyl;AC=UNIMOD:1;PP=Protein N-term;MT=Variable	not applicable	NT=Trypsin;AC=MS:1001251	NT=Lys-C;AC=MS:1001309	Data-independent acquisition	NT=collision-induced dissociation;AC=MS:1000133	not available	not available	not applicable	not applicable	unsynchronized_culture_2	1	1	20201126_TIMS04_Evo07_SA_ADB_1cell_HeLa_UB_143_S2-F11_1_5154.d	v1.1.0	NT=ms-proteomics;VV=v1.1.0	NT=human;VV=v1.1.0	NT=cell-lines;VV=v1.1.0	NT=single-cell;VV=v1.0.0	not determined
HeLa_SC_UBb_20201126_146	NT=Homo sapiens;AC=NCBITaxon:9606	NT=uterine cervix;AC=UBERON:0000002	NT=epithelial cell;AC=CL:0000066	NT=cervical adenocarcinoma;AC=MONDO:0005153	NT=HeLa;AC=EFO:0001185	CVCL_0030	HeLa	30Y6M	female	not applicable	not available	NT=Dulbecco's Modified Eagle Medium;AC=NCIT:C185409	not applicable	not determined	live	NT=single cell;AC=PRIDE:0000897	FACS	UBb_20201126_146	1	120	run 416	proteomic profiling by mass spectrometry	NT=timsTOF Pro;AC=MS:1003005	NT=label free sample;AC=MS:1002038	NT=Oxidation;AC=UNIMOD:35;TA=M;MT=Variable	NT=Acetyl;AC=UNIMOD:1;PP=Protein N-term;MT=Variable	not applicable	NT=Trypsin;AC=MS:1001251	NT=Lys-C;AC=MS:1001309	Data-independent acquisition	NT=collision-induced dissociation;AC=MS:1000133	not available	not available	not applicable	not applicable	unsynchronized_culture_2	1	1	20201126_TIMS04_Evo07_SA_ADB_1cell_HeLa_UB_146_S2-G2_1_5157.d	v1.1.0	NT=ms-proteomics;VV=v1.1.0	NT=human;VV=v1.1.0	NT=cell-lines;VV=v1.1.0	NT=single-cell;VV=v1.0.0	not determined
HeLa_SC_UBb_20201126_147	NT=Homo sapiens;AC=NCBITaxon:9606	NT=uterine cervix;AC=UBERON:0000002	NT=epithelial cell;AC=CL:0000066	NT=cervical adenocarcinoma;AC=MONDO:0005153	NT=HeLa;AC=EFO:0001185	CVCL_0030	HeLa	30Y6M	female	not applicable	not available	NT=Dulbecco's Modified Eagle Medium;AC=NCIT:C185409	not applicable	not determined	live	NT=single cell;AC=PRIDE:0000897	FACS	UBb_20201126_147	1	121	run 417	proteomic profiling by mass spectrometry	NT=timsTOF Pro;AC=MS:1003005	NT=label free sample;AC=MS:1002038	NT=Oxidation;AC=UNIMOD:35;TA=M;MT=Variable	NT=Acetyl;AC=UNIMOD:1;PP=Protein N-term;MT=Variable	not applicable	NT=Trypsin;AC=MS:1001251	NT=Lys-C;AC=MS:1001309	Data-independent acquisition	NT=collision-induced dissociation;AC=MS:1000133	not available	not available	not applicable	not applicable	unsynchronized_culture_2	1	1	20201126_TIMS04_Evo07_SA_ADB_1cell_HeLa_UB_147_S2-G3_1_5158.d	v1.1.0	NT=ms-proteomics;VV=v1.1.0	NT=human;VV=v1.1.0	NT=cell-lines;VV=v1.1.0	NT=single-cell;VV=v1.0.0	not determined
HeLa_SC_UBb_20201126_148	NT=Homo sapiens;AC=NCBITaxon:9606	NT=uterine cervix;AC=UBERON:0000002	NT=epithelial cell;AC=CL:0000066	NT=cervical adenocarcinoma;AC=MONDO:0005153	NT=HeLa;AC=EFO:0001185	CVCL_0030	HeLa	30Y6M	female	not applicable	not available	NT=Dulbecco's Modified Eagle Medium;AC=NCIT:C185409	not applicable	not determined	live	NT=single cell;AC=PRIDE:0000897	FACS	UBb_20201126_148	1	122	run 418	proteomic profiling by mass spectrometry	NT=timsTOF Pro;AC=MS:1003005	NT=label free sample;AC=MS:1002038	NT=Oxidation;AC=UNIMOD:35;TA=M;MT=Variable	NT=Acetyl;AC=UNIMOD:1;PP=Protein N-term;MT=Variable	not applicable	NT=Trypsin;AC=MS:1001251	NT=Lys-C;AC=MS:1001309	Data-independent acquisition	NT=collision-induced dissociation;AC=MS:1000133	not available	not available	not applicable	not applicable	unsynchronized_culture_2	1	1	20201126_TIMS04_Evo07_SA_ADB_1cell_HeLa_UB_148_S2-G4_1_5159.d	v1.1.0	NT=ms-proteomics;VV=v1.1.0	NT=human;VV=v1.1.0	NT=cell-lines;VV=v1.1.0	NT=single-cell;VV=v1.0.0	not determined
HeLa_SC_UBb_20201126_149	NT=Homo sapiens;AC=NCBITaxon:9606	NT=uterine cervix;AC=UBERON:0000002	NT=epithelial cell;AC=CL:0000066	NT=cervical adenocarcinoma;AC=MONDO:0005153	NT=HeLa;AC=EFO:0001185	CVCL_0030	HeLa	30Y6M	female	not applicable	not available	NT=Dulbecco's Modified Eagle Medium;AC=NCIT:C185409	not applicable	not determined	live	NT=single cell;AC=PRIDE:0000897	FACS	UBb_20201126_149	1	123	run 419	proteomic profiling by mass spectrometry	NT=timsTOF Pro;AC=MS:1003005	NT=label free sample;AC=MS:1002038	NT=Oxidation;AC=UNIMOD:35;TA=M;MT=Variable	NT=Acetyl;AC=UNIMOD:1;PP=Protein N-term;MT=Variable	not applicable	NT=Trypsin;AC=MS:1001251	NT=Lys-C;AC=MS:1001309	Data-independent acquisition	NT=collision-induced dissociation;AC=MS:1000133	not available	not available	not applicable	not applicable	unsynchronized_culture_2	1	1	20201126_TIMS04_Evo07_SA_ADB_1cell_HeLa_UB_149_S2-G5_1_5160.d	v1.1.0	NT=ms-proteomics;VV=v1.1.0	NT=human;VV=v1.1.0	NT=cell-lines;VV=v1.1.0	NT=single-cell;VV=v1.0.0	not determined
HeLa_SC_UBb_20201126_150	NT=Homo sapiens;AC=NCBITaxon:9606	NT=uterine cervix;AC=UBERON:0000002	NT=epithelial cell;AC=CL:0000066	NT=cervical adenocarcinoma;AC=MONDO:0005153	NT=HeLa;AC=EFO:0001185	CVCL_0030	HeLa	30Y6M	female	not applicable	not available	NT=Dulbecco's Modified Eagle Medium;AC=NCIT:C185409	not applicable	not determined	live	NT=single cell;AC=PRIDE:0000897	FACS	UBb_20201126_150	1	124	run 420	proteomic profiling by mass spectrometry	NT=timsTOF Pro;AC=MS:1003005	NT=label free sample;AC=MS:1002038	NT=Oxidation;AC=UNIMOD:35;TA=M;MT=Variable	NT=Acetyl;AC=UNIMOD:1;PP=Protein N-term;MT=Variable	not applicable	NT=Trypsin;AC=MS:1001251	NT=Lys-C;AC=MS:1001309	Data-independent acquisition	NT=collision-induced dissociation;AC=MS:1000133	not available	not available	not applicable	not applicable	unsynchronized_culture_2	1	1	20201126_TIMS04_Evo07_SA_ADB_1cell_HeLa_UB_150_S2-G6_1_5161.d	v1.1.0	NT=ms-proteomics;VV=v1.1.0	NT=human;VV=v1.1.0	NT=cell-lines;VV=v1.1.0	NT=single-cell;VV=v1.0.0	not determined
HeLa_SC_UBb_20201126_151	NT=Homo sapiens;AC=NCBITaxon:9606	NT=uterine cervix;AC=UBERON:0000002	NT=epithelial cell;AC=CL:0000066	NT=cervical adenocarcinoma;AC=MONDO:0005153	NT=HeLa;AC=EFO:0001185	CVCL_0030	HeLa	30Y6M	female	not applicable	not available	NT=Dulbecco's Modified Eagle Medium;AC=NCIT:C185409	not applicable	not determined	live	NT=single cell;AC=PRIDE:0000897	FACS	UBb_20201126_151	1	125	run 421	proteomic profiling by mass spectrometry	NT=timsTOF Pro;AC=MS:1003005	NT=label free sample;AC=MS:1002038	NT=Oxidation;AC=UNIMOD:35;TA=M;MT=Variable	NT=Acetyl;AC=UNIMOD:1;PP=Protein N-term;MT=Variable	not applicable	NT=Trypsin;AC=MS:1001251	NT=Lys-C;AC=MS:1001309	Data-independent acquisition	NT=collision-induced dissociation;AC=MS:1000133	not available	not available	not applicable	not applicable	unsynchronized_culture_2	1	1	20201126_TIMS04_Evo07_SA_ADB_1cell_HeLa_UB_151_S2-G7_1_5162.d	v1.1.0	NT=ms-proteomics;VV=v1.1.0	NT=human;VV=v1.1.0	NT=cell-lines;VV=v1.1.0	NT=single-cell;VV=v1.0.0	not determined
HeLa_SC_UBb_20201126_152	NT=Homo sapiens;AC=NCBITaxon:9606	NT=uterine cervix;AC=UBERON:0000002	NT=epithelial cell;AC=CL:0000066	NT=cervical adenocarcinoma;AC=MONDO:0005153	NT=HeLa;AC=EFO:0001185	CVCL_0030	HeLa	30Y6M	female	not applicable	not available	NT=Dulbecco's Modified Eagle Medium;AC=NCIT:C185409	not applicable	not determined	live	NT=single cell;AC=PRIDE:0000897	FACS	UBb_20201126_152	1	126	run 422	proteomic profiling by mass spectrometry	NT=timsTOF Pro;AC=MS:1003005	NT=label free sample;AC=MS:1002038	NT=Oxidation;AC=UNIMOD:35;TA=M;MT=Variable	NT=Acetyl;AC=UNIMOD:1;PP=Protein N-term;MT=Variable	not applicable	NT=Trypsin;AC=MS:1001251	NT=Lys-C;AC=MS:1001309	Data-independent acquisition	NT=collision-induced dissociation;AC=MS:1000133	not available	not available	not applicable	not applicable	unsynchronized_culture_2	1	1	20201126_TIMS04_Evo07_SA_ADB_1cell_HeLa_UB_152_S2-G8_1_5163.d	v1.1.0	NT=ms-proteomics;VV=v1.1.0	NT=human;VV=v1.1.0	NT=cell-lines;VV=v1.1.0	NT=single-cell;VV=v1.0.0	not determined
HeLa_SC_UBb_20201126_153	NT=Homo sapiens;AC=NCBITaxon:9606	NT=uterine cervix;AC=UBERON:0000002	NT=epithelial cell;AC=CL:0000066	NT=cervical adenocarcinoma;AC=MONDO:0005153	NT=HeLa;AC=EFO:0001185	CVCL_0030	HeLa	30Y6M	female	not applicable	not available	NT=Dulbecco's Modified Eagle Medium;AC=NCIT:C185409	not applicable	not determined	live	NT=single cell;AC=PRIDE:0000897	FACS	UBb_20201126_153	1	127	run 423	proteomic profiling by mass spectrometry	NT=timsTOF Pro;AC=MS:1003005	NT=label free sample;AC=MS:1002038	NT=Oxidation;AC=UNIMOD:35;TA=M;MT=Variable	NT=Acetyl;AC=UNIMOD:1;PP=Protein N-term;MT=Variable	not applicable	NT=Trypsin;AC=MS:1001251	NT=Lys-C;AC=MS:1001309	Data-independent acquisition	NT=collision-induced dissociation;AC=MS:1000133	not available	not available	not applicable	not applicable	unsynchronized_culture_2	1	1	20201126_TIMS04_Evo07_SA_ADB_1cell_HeLa_UB_153_S2-G9_1_5164.d	v1.1.0	NT=ms-proteomics;VV=v1.1.0	NT=human;VV=v1.1.0	NT=cell-lines;VV=v1.1.0	NT=single-cell;VV=v1.0.0	not determined
HeLa_SC_UBb_20201126_154	NT=Homo sapiens;AC=NCBITaxon:9606	NT=uterine cervix;AC=UBERON:0000002	NT=epithelial cell;AC=CL:0000066	NT=cervical adenocarcinoma;AC=MONDO:0005153	NT=HeLa;AC=EFO:0001185	CVCL_0030	HeLa	30Y6M	female	not applicable	not available	NT=Dulbecco's Modified Eagle Medium;AC=NCIT:C185409	not applicable	not determined	live	NT=single cell;AC=PRIDE:0000897	FACS	UBb_20201126_154	1	128	run 424	proteomic profiling by mass spectrometry	NT=timsTOF Pro;AC=MS:1003005	NT=label free sample;AC=MS:1002038	NT=Oxidation;AC=UNIMOD:35;TA=M;MT=Variable	NT=Acetyl;AC=UNIMOD:1;PP=Protein N-term;MT=Variable	not applicable	NT=Trypsin;AC=MS:1001251	NT=Lys-C;AC=MS:1001309	Data-independent acquisition	NT=collision-induced dissociation;AC=MS:1000133	not available	not available	not applicable	not applicable	unsynchronized_culture_2	1	1	20201126_TIMS04_Evo07_SA_ADB_1cell_HeLa_UB_154_S2-G10_1_5165.d	v1.1.0	NT=ms-proteomics;VV=v1.1.0	NT=human;VV=v1.1.0	NT=cell-lines;VV=v1.1.0	NT=single-cell;VV=v1.0.0	not determined
HeLa_SC_UBb_20201126_155	NT=Homo sapiens;AC=NCBITaxon:9606	NT=uterine cervix;AC=UBERON:0000002	NT=epithelial cell;AC=CL:0000066	NT=cervical adenocarcinoma;AC=MONDO:0005153	NT=HeLa;AC=EFO:0001185	CVCL_0030	HeLa	30Y6M	female	not applicable	not available	NT=Dulbecco's Modified Eagle Medium;AC=NCIT:C185409	not applicable	not determined	live	NT=single cell;AC=PRIDE:0000897	FACS	UBb_20201126_155	1	129	run 425	proteomic profiling by mass spectrometry	NT=timsTOF Pro;AC=MS:1003005	NT=label free sample;AC=MS:1002038	NT=Oxidation;AC=UNIMOD:35;TA=M;MT=Variable	NT=Acetyl;AC=UNIMOD:1;PP=Protein N-term;MT=Variable	not applicable	NT=Trypsin;AC=MS:1001251	NT=Lys-C;AC=MS:1001309	Data-independent acquisition	NT=collision-induced dissociation;AC=MS:1000133	not available	not available	not applicable	not applicable	unsynchronized_culture_2	1	1	20201126_TIMS04_Evo07_SA_ADB_1cell_HeLa_UB_155_S2-G11_1_5166.d	v1.1.0	NT=ms-proteomics;VV=v1.1.0	NT=human;VV=v1.1.0	NT=cell-lines;VV=v1.1.0	NT=single-cell;VV=v1.0.0	not determined
HeLa_SC_UBb_20201126_157	NT=Homo sapiens;AC=NCBITaxon:9606	NT=uterine cervix;AC=UBERON:0000002	NT=epithelial cell;AC=CL:0000066	NT=cervical adenocarcinoma;AC=MONDO:0005153	NT=HeLa;AC=EFO:0001185	CVCL_0030	HeLa	30Y6M	female	not applicable	not available	NT=Dulbecco's Modified Eagle Medium;AC=NCIT:C185409	not applicable	not determined	live	NT=single cell;AC=PRIDE:0000897	FACS	UBb_20201126_157	1	130	run 426	proteomic profiling by mass spectrometry	NT=timsTOF Pro;AC=MS:1003005	NT=label free sample;AC=MS:1002038	NT=Oxidation;AC=UNIMOD:35;TA=M;MT=Variable	NT=Acetyl;AC=UNIMOD:1;PP=Protein N-term;MT=Variable	not applicable	NT=Trypsin;AC=MS:1001251	NT=Lys-C;AC=MS:1001309	Data-independent acquisition	NT=collision-induced dissociation;AC=MS:1000133	not available	not available	not applicable	not applicable	unsynchronized_culture_2	1	1	20201126_TIMS04_Evo07_SA_ADB_1cell_HeLa_UB_157_S2-H1_1_5168.d	v1.1.0	NT=ms-proteomics;VV=v1.1.0	NT=human;VV=v1.1.0	NT=cell-lines;VV=v1.1.0	NT=single-cell;VV=v1.0.0	not determined
HeLa_SC_UBb_20201126_158	NT=Homo sapiens;AC=NCBITaxon:9606	NT=uterine cervix;AC=UBERON:0000002	NT=epithelial cell;AC=CL:0000066	NT=cervical adenocarcinoma;AC=MONDO:0005153	NT=HeLa;AC=EFO:0001185	CVCL_0030	HeLa	30Y6M	female	not applicable	not available	NT=Dulbecco's Modified Eagle Medium;AC=NCIT:C185409	not applicable	not determined	live	NT=single cell;AC=PRIDE:0000897	FACS	UBb_20201126_158	1	131	run 427	proteomic profiling by mass spectrometry	NT=timsTOF Pro;AC=MS:1003005	NT=label free sample;AC=MS:1002038	NT=Oxidation;AC=UNIMOD:35;TA=M;MT=Variable	NT=Acetyl;AC=UNIMOD:1;PP=Protein N-term;MT=Variable	not applicable	NT=Trypsin;AC=MS:1001251	NT=Lys-C;AC=MS:1001309	Data-independent acquisition	NT=collision-induced dissociation;AC=MS:1000133	not available	not available	not applicable	not applicable	unsynchronized_culture_2	1	1	20201126_TIMS04_Evo07_SA_ADB_1cell_HeLa_UB_158_S2-H2_1_5169.d	v1.1.0	NT=ms-proteomics;VV=v1.1.0	NT=human;VV=v1.1.0	NT=cell-lines;VV=v1.1.0	NT=single-cell;VV=v1.0.0	not determined
HeLa_SC_UBb_20201126_161	NT=Homo sapiens;AC=NCBITaxon:9606	NT=uterine cervix;AC=UBERON:0000002	NT=epithelial cell;AC=CL:0000066	NT=cervical adenocarcinoma;AC=MONDO:0005153	NT=HeLa;AC=EFO:0001185	CVCL_0030	HeLa	30Y6M	female	not applicable	not available	NT=Dulbecco's Modified Eagle Medium;AC=NCIT:C185409	not applicable	not determined	live	NT=single cell;AC=PRIDE:0000897	FACS	UBb_20201126_161	1	132	run 428	proteomic profiling by mass spectrometry	NT=timsTOF Pro;AC=MS:1003005	NT=label free sample;AC=MS:1002038	NT=Oxidation;AC=UNIMOD:35;TA=M;MT=Variable	NT=Acetyl;AC=UNIMOD:1;PP=Protein N-term;MT=Variable	not applicable	NT=Trypsin;AC=MS:1001251	NT=Lys-C;AC=MS:1001309	Data-independent acquisition	NT=collision-induced dissociation;AC=MS:1000133	not available	not available	not applicable	not applicable	unsynchronized_culture_2	1	1	20201126_TIMS04_Evo07_SA_ADB_1cell_HeLa_UB_161_S2-H5_1_5172.d	v1.1.0	NT=ms-proteomics;VV=v1.1.0	NT=human;VV=v1.1.0	NT=cell-lines;VV=v1.1.0	NT=single-cell;VV=v1.0.0	not determined
HeLa_SC_UBb_20201126_162	NT=Homo sapiens;AC=NCBITaxon:9606	NT=uterine cervix;AC=UBERON:0000002	NT=epithelial cell;AC=CL:0000066	NT=cervical adenocarcinoma;AC=MONDO:0005153	NT=HeLa;AC=EFO:0001185	CVCL_0030	HeLa	30Y6M	female	not applicable	not available	NT=Dulbecco's Modified Eagle Medium;AC=NCIT:C185409	not applicable	not determined	live	NT=single cell;AC=PRIDE:0000897	FACS	UBb_20201126_162	1	133	run 429	proteomic profiling by mass spectrometry	NT=timsTOF Pro;AC=MS:1003005	NT=label free sample;AC=MS:1002038	NT=Oxidation;AC=UNIMOD:35;TA=M;MT=Variable	NT=Acetyl;AC=UNIMOD:1;PP=Protein N-term;MT=Variable	not applicable	NT=Trypsin;AC=MS:1001251	NT=Lys-C;AC=MS:1001309	Data-independent acquisition	NT=collision-induced dissociation;AC=MS:1000133	not available	not available	not applicable	not applicable	unsynchronized_culture_2	1	1	20201126_TIMS04_Evo07_SA_ADB_1cell_HeLa_UB_162_S2-H6_1_5173.d	v1.1.0	NT=ms-proteomics;VV=v1.1.0	NT=human;VV=v1.1.0	NT=cell-lines;VV=v1.1.0	NT=single-cell;VV=v1.0.0	not determined
HeLa_SC_UBb_20201126_163	NT=Homo sapiens;AC=NCBITaxon:9606	NT=uterine cervix;AC=UBERON:0000002	NT=epithelial cell;AC=CL:0000066	NT=cervical adenocarcinoma;AC=MONDO:0005153	NT=HeLa;AC=EFO:0001185	CVCL_0030	HeLa	30Y6M	female	not applicable	not available	NT=Dulbecco's Modified Eagle Medium;AC=NCIT:C185409	not applicable	not determined	live	NT=single cell;AC=PRIDE:0000897	FACS	UBb_20201126_163	1	134	run 430	proteomic profiling by mass spectrometry	NT=timsTOF Pro;AC=MS:1003005	NT=label free sample;AC=MS:1002038	NT=Oxidation;AC=UNIMOD:35;TA=M;MT=Variable	NT=Acetyl;AC=UNIMOD:1;PP=Protein N-term;MT=Variable	not applicable	NT=Trypsin;AC=MS:1001251	NT=Lys-C;AC=MS:1001309	Data-independent acquisition	NT=collision-induced dissociation;AC=MS:1000133	not available	not available	not applicable	not applicable	unsynchronized_culture_2	1	1	20201126_TIMS04_Evo07_SA_ADB_1cell_HeLa_UB_163_S2-H7_1_5174.d	v1.1.0	NT=ms-proteomics;VV=v1.1.0	NT=human;VV=v1.1.0	NT=cell-lines;VV=v1.1.0	NT=single-cell;VV=v1.0.0	not determined
HeLa_SC_UBb_20201126_164	NT=Homo sapiens;AC=NCBITaxon:9606	NT=uterine cervix;AC=UBERON:0000002	NT=epithelial cell;AC=CL:0000066	NT=cervical adenocarcinoma;AC=MONDO:0005153	NT=HeLa;AC=EFO:0001185	CVCL_0030	HeLa	30Y6M	female	not applicable	not available	NT=Dulbecco's Modified Eagle Medium;AC=NCIT:C185409	not applicable	not determined	live	NT=single cell;AC=PRIDE:0000897	FACS	UBb_20201126_164	1	135	run 431	proteomic profiling by mass spectrometry	NT=timsTOF Pro;AC=MS:1003005	NT=label free sample;AC=MS:1002038	NT=Oxidation;AC=UNIMOD:35;TA=M;MT=Variable	NT=Acetyl;AC=UNIMOD:1;PP=Protein N-term;MT=Variable	not applicable	NT=Trypsin;AC=MS:1001251	NT=Lys-C;AC=MS:1001309	Data-independent acquisition	NT=collision-induced dissociation;AC=MS:1000133	not available	not available	not applicable	not applicable	unsynchronized_culture_2	1	1	20201126_TIMS04_Evo07_SA_ADB_1cell_HeLa_UB_164_S2-H8_1_5175.d	v1.1.0	NT=ms-proteomics;VV=v1.1.0	NT=human;VV=v1.1.0	NT=cell-lines;VV=v1.1.0	NT=single-cell;VV=v1.0.0	not determined
HeLa_SC_UBb_20201126_165	NT=Homo sapiens;AC=NCBITaxon:9606	NT=uterine cervix;AC=UBERON:0000002	NT=epithelial cell;AC=CL:0000066	NT=cervical adenocarcinoma;AC=MONDO:0005153	NT=HeLa;AC=EFO:0001185	CVCL_0030	HeLa	30Y6M	female	not applicable	not available	NT=Dulbecco's Modified Eagle Medium;AC=NCIT:C185409	not applicable	not determined	live	NT=single cell;AC=PRIDE:0000897	FACS	UBb_20201126_165	1	136	run 432	proteomic profiling by mass spectrometry	NT=timsTOF Pro;AC=MS:1003005	NT=label free sample;AC=MS:1002038	NT=Oxidation;AC=UNIMOD:35;TA=M;MT=Variable	NT=Acetyl;AC=UNIMOD:1;PP=Protein N-term;MT=Variable	not applicable	NT=Trypsin;AC=MS:1001251	NT=Lys-C;AC=MS:1001309	Data-independent acquisition	NT=collision-induced dissociation;AC=MS:1000133	not available	not available	not applicable	not applicable	unsynchronized_culture_2	1	1	20201126_TIMS04_Evo07_SA_ADB_1cell_HeLa_UB_165_S2-H9_1_5176.d	v1.1.0	NT=ms-proteomics;VV=v1.1.0	NT=human;VV=v1.1.0	NT=cell-lines;VV=v1.1.0	NT=single-cell;VV=v1.0.0	not determined
HeLa_SC_UBb_20201126_166	NT=Homo sapiens;AC=NCBITaxon:9606	NT=uterine cervix;AC=UBERON:0000002	NT=epithelial cell;AC=CL:0000066	NT=cervical adenocarcinoma;AC=MONDO:0005153	NT=HeLa;AC=EFO:0001185	CVCL_0030	HeLa	30Y6M	female	not applicable	not available	NT=Dulbecco's Modified Eagle Medium;AC=NCIT:C185409	not applicable	not determined	live	NT=single cell;AC=PRIDE:0000897	FACS	UBb_20201126_166	1	137	run 433	proteomic profiling by mass spectrometry	NT=timsTOF Pro;AC=MS:1003005	NT=label free sample;AC=MS:1002038	NT=Oxidation;AC=UNIMOD:35;TA=M;MT=Variable	NT=Acetyl;AC=UNIMOD:1;PP=Protein N-term;MT=Variable	not applicable	NT=Trypsin;AC=MS:1001251	NT=Lys-C;AC=MS:1001309	Data-independent acquisition	NT=collision-induced dissociation;AC=MS:1000133	not available	not available	not applicable	not applicable	unsynchronized_culture_2	1	1	20201126_TIMS04_Evo07_SA_ADB_1cell_HeLa_UB_166_S2-H10_1_5177.d	v1.1.0	NT=ms-proteomics;VV=v1.1.0	NT=human;VV=v1.1.0	NT=cell-lines;VV=v1.1.0	NT=single-cell;VV=v1.0.0	not determined
HeLa_SC_UBb_20201126_167	NT=Homo sapiens;AC=NCBITaxon:9606	NT=uterine cervix;AC=UBERON:0000002	NT=epithelial cell;AC=CL:0000066	NT=cervical adenocarcinoma;AC=MONDO:0005153	NT=HeLa;AC=EFO:0001185	CVCL_0030	HeLa	30Y6M	female	not applicable	not available	NT=Dulbecco's Modified Eagle Medium;AC=NCIT:C185409	not applicable	not determined	live	NT=single cell;AC=PRIDE:0000897	FACS	UBb_20201126_167	1	138	run 434	proteomic profiling by mass spectrometry	NT=timsTOF Pro;AC=MS:1003005	NT=label free sample;AC=MS:1002038	NT=Oxidation;AC=UNIMOD:35;TA=M;MT=Variable	NT=Acetyl;AC=UNIMOD:1;PP=Protein N-term;MT=Variable	not applicable	NT=Trypsin;AC=MS:1001251	NT=Lys-C;AC=MS:1001309	Data-independent acquisition	NT=collision-induced dissociation;AC=MS:1000133	not available	not available	not applicable	not applicable	unsynchronized_culture_2	1	1	20201126_TIMS04_Evo07_SA_ADB_1cell_HeLa_UB_167_S2-H11_1_5178.d	v1.1.0	NT=ms-proteomics;VV=v1.1.0	NT=human;VV=v1.1.0	NT=cell-lines;VV=v1.1.0	NT=single-cell;VV=v1.0.0	not determined
HeLa_bulk_digest_library	NT=Homo sapiens;AC=NCBITaxon:9606	NT=uterine cervix;AC=UBERON:0000002	NT=epithelial cell;AC=CL:0000066	NT=cervical adenocarcinoma;AC=MONDO:0005153	NT=HeLa;AC=EFO:0001185	CVCL_0030	HeLa	30Y6M	female	not applicable	not available	NT=Dulbecco's Modified Eagle Medium;AC=NCIT:C185409	not applicable	not applicable	not applicable	NT=Quality Control Sample;AC=PRIDE:0000544	not applicable	not applicable	not applicable	1	run 435	proteomic profiling by mass spectrometry	NT=timsTOF Pro;AC=MS:1003005	NT=label free sample;AC=MS:1002038	NT=Oxidation;AC=UNIMOD:35;TA=M;MT=Variable	NT=Acetyl;AC=UNIMOD:1;PP=Protein N-term;MT=Variable	not applicable	NT=Trypsin;AC=MS:1001251	NT=Lys-C;AC=MS:1001309	Data-dependent acquisition	NT=collision-induced dissociation;AC=MS:1000133	not available	40 ppm	not applicable	not applicable	not available	1	1	20200124_TIMS04_SA_ADB_HeLa_Fraction01_1024.d	v1.1.0	NT=ms-proteomics;VV=v1.1.0	NT=human;VV=v1.1.0	NT=cell-lines;VV=v1.1.0	NT=single-cell;VV=v1.0.0	not applicable
HeLa_bulk_digest_library	NT=Homo sapiens;AC=NCBITaxon:9606	NT=uterine cervix;AC=UBERON:0000002	NT=epithelial cell;AC=CL:0000066	NT=cervical adenocarcinoma;AC=MONDO:0005153	NT=HeLa;AC=EFO:0001185	CVCL_0030	HeLa	30Y6M	female	not applicable	not available	NT=Dulbecco's Modified Eagle Medium;AC=NCIT:C185409	not applicable	not applicable	not applicable	NT=Quality Control Sample;AC=PRIDE:0000544	not applicable	not applicable	not applicable	1	run 436	proteomic profiling by mass spectrometry	NT=timsTOF Pro;AC=MS:1003005	NT=label free sample;AC=MS:1002038	NT=Oxidation;AC=UNIMOD:35;TA=M;MT=Variable	NT=Acetyl;AC=UNIMOD:1;PP=Protein N-term;MT=Variable	not applicable	NT=Trypsin;AC=MS:1001251	NT=Lys-C;AC=MS:1001309	Data-dependent acquisition	NT=collision-induced dissociation;AC=MS:1000133	not available	40 ppm	not applicable	not applicable	not available	2	1	20200124_TIMS04_SA_ADB_HeLa_Fraction02_1025.d	v1.1.0	NT=ms-proteomics;VV=v1.1.0	NT=human;VV=v1.1.0	NT=cell-lines;VV=v1.1.0	NT=single-cell;VV=v1.0.0	not applicable
HeLa_bulk_digest_library	NT=Homo sapiens;AC=NCBITaxon:9606	NT=uterine cervix;AC=UBERON:0000002	NT=epithelial cell;AC=CL:0000066	NT=cervical adenocarcinoma;AC=MONDO:0005153	NT=HeLa;AC=EFO:0001185	CVCL_0030	HeLa	30Y6M	female	not applicable	not available	NT=Dulbecco's Modified Eagle Medium;AC=NCIT:C185409	not applicable	not applicable	not applicable	NT=Quality Control Sample;AC=PRIDE:0000544	not applicable	not applicable	not applicable	1	run 437	proteomic profiling by mass spectrometry	NT=timsTOF Pro;AC=MS:1003005	NT=label free sample;AC=MS:1002038	NT=Oxidation;AC=UNIMOD:35;TA=M;MT=Variable	NT=Acetyl;AC=UNIMOD:1;PP=Protein N-term;MT=Variable	not applicable	NT=Trypsin;AC=MS:1001251	NT=Lys-C;AC=MS:1001309	Data-dependent acquisition	NT=collision-induced dissociation;AC=MS:1000133	not available	40 ppm	not applicable	not applicable	not available	3	1	20200124_TIMS04_SA_ADB_HeLa_Fraction03_1026.d	v1.1.0	NT=ms-proteomics;VV=v1.1.0	NT=human;VV=v1.1.0	NT=cell-lines;VV=v1.1.0	NT=single-cell;VV=v1.0.0	not applicable
HeLa_bulk_digest_library	NT=Homo sapiens;AC=NCBITaxon:9606	NT=uterine cervix;AC=UBERON:0000002	NT=epithelial cell;AC=CL:0000066	NT=cervical adenocarcinoma;AC=MONDO:0005153	NT=HeLa;AC=EFO:0001185	CVCL_0030	HeLa	30Y6M	female	not applicable	not available	NT=Dulbecco's Modified Eagle Medium;AC=NCIT:C185409	not applicable	not applicable	not applicable	NT=Quality Control Sample;AC=PRIDE:0000544	not applicable	not applicable	not applicable	1	run 438	proteomic profiling by mass spectrometry	NT=timsTOF Pro;AC=MS:1003005	NT=label free sample;AC=MS:1002038	NT=Oxidation;AC=UNIMOD:35;TA=M;MT=Variable	NT=Acetyl;AC=UNIMOD:1;PP=Protein N-term;MT=Variable	not applicable	NT=Trypsin;AC=MS:1001251	NT=Lys-C;AC=MS:1001309	Data-dependent acquisition	NT=collision-induced dissociation;AC=MS:1000133	not available	40 ppm	not applicable	not applicable	not available	4	1	20200124_TIMS04_SA_ADB_HeLa_Fraction04_1027.d	v1.1.0	NT=ms-proteomics;VV=v1.1.0	NT=human;VV=v1.1.0	NT=cell-lines;VV=v1.1.0	NT=single-cell;VV=v1.0.0	not applicable
HeLa_bulk_digest_library	NT=Homo sapiens;AC=NCBITaxon:9606	NT=uterine cervix;AC=UBERON:0000002	NT=epithelial cell;AC=CL:0000066	NT=cervical adenocarcinoma;AC=MONDO:0005153	NT=HeLa;AC=EFO:0001185	CVCL_0030	HeLa	30Y6M	female	not applicable	not available	NT=Dulbecco's Modified Eagle Medium;AC=NCIT:C185409	not applicable	not applicable	not applicable	NT=Quality Control Sample;AC=PRIDE:0000544	not applicable	not applicable	not applicable	1	run 439	proteomic profiling by mass spectrometry	NT=timsTOF Pro;AC=MS:1003005	NT=label free sample;AC=MS:1002038	NT=Oxidation;AC=UNIMOD:35;TA=M;MT=Variable	NT=Acetyl;AC=UNIMOD:1;PP=Protein N-term;MT=Variable	not applicable	NT=Trypsin;AC=MS:1001251	NT=Lys-C;AC=MS:1001309	Data-dependent acquisition	NT=collision-induced dissociation;AC=MS:1000133	not available	40 ppm	not applicable	not applicable	not available	5	1	20200124_TIMS04_SA_ADB_HeLa_Fraction05_1028.d	v1.1.0	NT=ms-proteomics;VV=v1.1.0	NT=human;VV=v1.1.0	NT=cell-lines;VV=v1.1.0	NT=single-cell;VV=v1.0.0	not applicable
HeLa_bulk_digest_library	NT=Homo sapiens;AC=NCBITaxon:9606	NT=uterine cervix;AC=UBERON:0000002	NT=epithelial cell;AC=CL:0000066	NT=cervical adenocarcinoma;AC=MONDO:0005153	NT=HeLa;AC=EFO:0001185	CVCL_0030	HeLa	30Y6M	female	not applicable	not available	NT=Dulbecco's Modified Eagle Medium;AC=NCIT:C185409	not applicable	not applicable	not applicable	NT=Quality Control Sample;AC=PRIDE:0000544	not applicable	not applicable	not applicable	1	run 440	proteomic profiling by mass spectrometry	NT=timsTOF Pro;AC=MS:1003005	NT=label free sample;AC=MS:1002038	NT=Oxidation;AC=UNIMOD:35;TA=M;MT=Variable	NT=Acetyl;AC=UNIMOD:1;PP=Protein N-term;MT=Variable	not applicable	NT=Trypsin;AC=MS:1001251	NT=Lys-C;AC=MS:1001309	Data-dependent acquisition	NT=collision-induced dissociation;AC=MS:1000133	not available	40 ppm	not applicable	not applicable	not available	6	1	20200124_TIMS04_SA_ADB_HeLa_Fraction06_1029.d	v1.1.0	NT=ms-proteomics;VV=v1.1.0	NT=human;VV=v1.1.0	NT=cell-lines;VV=v1.1.0	NT=single-cell;VV=v1.0.0	not applicable
HeLa_bulk_digest_library	NT=Homo sapiens;AC=NCBITaxon:9606	NT=uterine cervix;AC=UBERON:0000002	NT=epithelial cell;AC=CL:0000066	NT=cervical adenocarcinoma;AC=MONDO:0005153	NT=HeLa;AC=EFO:0001185	CVCL_0030	HeLa	30Y6M	female	not applicable	not available	NT=Dulbecco's Modified Eagle Medium;AC=NCIT:C185409	not applicable	not applicable	not applicable	NT=Quality Control Sample;AC=PRIDE:0000544	not applicable	not applicable	not applicable	1	run 441	proteomic profiling by mass spectrometry	NT=timsTOF Pro;AC=MS:1003005	NT=label free sample;AC=MS:1002038	NT=Oxidation;AC=UNIMOD:35;TA=M;MT=Variable	NT=Acetyl;AC=UNIMOD:1;PP=Protein N-term;MT=Variable	not applicable	NT=Trypsin;AC=MS:1001251	NT=Lys-C;AC=MS:1001309	Data-dependent acquisition	NT=collision-induced dissociation;AC=MS:1000133	not available	40 ppm	not applicable	not applicable	not available	7	1	20200124_TIMS04_SA_ADB_HeLa_Fraction07_1030.d	v1.1.0	NT=ms-proteomics;VV=v1.1.0	NT=human;VV=v1.1.0	NT=cell-lines;VV=v1.1.0	NT=single-cell;VV=v1.0.0	not applicable
HeLa_bulk_digest_library	NT=Homo sapiens;AC=NCBITaxon:9606	NT=uterine cervix;AC=UBERON:0000002	NT=epithelial cell;AC=CL:0000066	NT=cervical adenocarcinoma;AC=MONDO:0005153	NT=HeLa;AC=EFO:0001185	CVCL_0030	HeLa	30Y6M	female	not applicable	not available	NT=Dulbecco's Modified Eagle Medium;AC=NCIT:C185409	not applicable	not applicable	not applicable	NT=Quality Control Sample;AC=PRIDE:0000544	not applicable	not applicable	not applicable	1	run 442	proteomic profiling by mass spectrometry	NT=timsTOF Pro;AC=MS:1003005	NT=label free sample;AC=MS:1002038	NT=Oxidation;AC=UNIMOD:35;TA=M;MT=Variable	NT=Acetyl;AC=UNIMOD:1;PP=Protein N-term;MT=Variable	not applicable	NT=Trypsin;AC=MS:1001251	NT=Lys-C;AC=MS:1001309	Data-dependent acquisition	NT=collision-induced dissociation;AC=MS:1000133	not available	40 ppm	not applicable	not applicable	not available	8	1	20200124_TIMS04_SA_ADB_HeLa_Fraction08_1031.d	v1.1.0	NT=ms-proteomics;VV=v1.1.0	NT=human;VV=v1.1.0	NT=cell-lines;VV=v1.1.0	NT=single-cell;VV=v1.0.0	not applicable
HeLa_bulk_digest_library	NT=Homo sapiens;AC=NCBITaxon:9606	NT=uterine cervix;AC=UBERON:0000002	NT=epithelial cell;AC=CL:0000066	NT=cervical adenocarcinoma;AC=MONDO:0005153	NT=HeLa;AC=EFO:0001185	CVCL_0030	HeLa	30Y6M	female	not applicable	not available	NT=Dulbecco's Modified Eagle Medium;AC=NCIT:C185409	not applicable	not applicable	not applicable	NT=Quality Control Sample;AC=PRIDE:0000544	not applicable	not applicable	not applicable	1	run 443	proteomic profiling by mass spectrometry	NT=timsTOF Pro;AC=MS:1003005	NT=label free sample;AC=MS:1002038	NT=Oxidation;AC=UNIMOD:35;TA=M;MT=Variable	NT=Acetyl;AC=UNIMOD:1;PP=Protein N-term;MT=Variable	not applicable	NT=Trypsin;AC=MS:1001251	NT=Lys-C;AC=MS:1001309	Data-dependent acquisition	NT=collision-induced dissociation;AC=MS:1000133	not available	40 ppm	not applicable	not applicable	not available	9	1	20200124_TIMS04_SA_ADB_HeLa_Fraction09_1032.d	v1.1.0	NT=ms-proteomics;VV=v1.1.0	NT=human;VV=v1.1.0	NT=cell-lines;VV=v1.1.0	NT=single-cell;VV=v1.0.0	not applicable
HeLa_bulk_digest_library	NT=Homo sapiens;AC=NCBITaxon:9606	NT=uterine cervix;AC=UBERON:0000002	NT=epithelial cell;AC=CL:0000066	NT=cervical adenocarcinoma;AC=MONDO:0005153	NT=HeLa;AC=EFO:0001185	CVCL_0030	HeLa	30Y6M	female	not applicable	not available	NT=Dulbecco's Modified Eagle Medium;AC=NCIT:C185409	not applicable	not applicable	not applicable	NT=Quality Control Sample;AC=PRIDE:0000544	not applicable	not applicable	not applicable	1	run 444	proteomic profiling by mass spectrometry	NT=timsTOF Pro;AC=MS:1003005	NT=label free sample;AC=MS:1002038	NT=Oxidation;AC=UNIMOD:35;TA=M;MT=Variable	NT=Acetyl;AC=UNIMOD:1;PP=Protein N-term;MT=Variable	not applicable	NT=Trypsin;AC=MS:1001251	NT=Lys-C;AC=MS:1001309	Data-dependent acquisition	NT=collision-induced dissociation;AC=MS:1000133	not available	40 ppm	not applicable	not applicable	not available	10	1	20200124_TIMS04_SA_ADB_HeLa_Fraction10_1033.d	v1.1.0	NT=ms-proteomics;VV=v1.1.0	NT=human;VV=v1.1.0	NT=cell-lines;VV=v1.1.0	NT=single-cell;VV=v1.0.0	not applicable
HeLa_bulk_digest_library	NT=Homo sapiens;AC=NCBITaxon:9606	NT=uterine cervix;AC=UBERON:0000002	NT=epithelial cell;AC=CL:0000066	NT=cervical adenocarcinoma;AC=MONDO:0005153	NT=HeLa;AC=EFO:0001185	CVCL_0030	HeLa	30Y6M	female	not applicable	not available	NT=Dulbecco's Modified Eagle Medium;AC=NCIT:C185409	not applicable	not applicable	not applicable	NT=Quality Control Sample;AC=PRIDE:0000544	not applicable	not applicable	not applicable	1	run 445	proteomic profiling by mass spectrometry	NT=timsTOF Pro;AC=MS:1003005	NT=label free sample;AC=MS:1002038	NT=Oxidation;AC=UNIMOD:35;TA=M;MT=Variable	NT=Acetyl;AC=UNIMOD:1;PP=Protein N-term;MT=Variable	not applicable	NT=Trypsin;AC=MS:1001251	NT=Lys-C;AC=MS:1001309	Data-dependent acquisition	NT=collision-induced dissociation;AC=MS:1000133	not available	40 ppm	not applicable	not applicable	not available	11	1	20200124_TIMS04_SA_ADB_HeLa_Fraction11_1034.d	v1.1.0	NT=ms-proteomics;VV=v1.1.0	NT=human;VV=v1.1.0	NT=cell-lines;VV=v1.1.0	NT=single-cell;VV=v1.0.0	not applicable
HeLa_bulk_digest_library	NT=Homo sapiens;AC=NCBITaxon:9606	NT=uterine cervix;AC=UBERON:0000002	NT=epithelial cell;AC=CL:0000066	NT=cervical adenocarcinoma;AC=MONDO:0005153	NT=HeLa;AC=EFO:0001185	CVCL_0030	HeLa	30Y6M	female	not applicable	not available	NT=Dulbecco's Modified Eagle Medium;AC=NCIT:C185409	not applicable	not applicable	not applicable	NT=Quality Control Sample;AC=PRIDE:0000544	not applicable	not applicable	not applicable	1	run 446	proteomic profiling by mass spectrometry	NT=timsTOF Pro;AC=MS:1003005	NT=label free sample;AC=MS:1002038	NT=Oxidation;AC=UNIMOD:35;TA=M;MT=Variable	NT=Acetyl;AC=UNIMOD:1;PP=Protein N-term;MT=Variable	not applicable	NT=Trypsin;AC=MS:1001251	NT=Lys-C;AC=MS:1001309	Data-dependent acquisition	NT=collision-induced dissociation;AC=MS:1000133	not available	40 ppm	not applicable	not applicable	not available	12	1	20200124_TIMS04_SA_ADB_HeLa_Fraction12_1035.d	v1.1.0	NT=ms-proteomics;VV=v1.1.0	NT=human;VV=v1.1.0	NT=cell-lines;VV=v1.1.0	NT=single-cell;VV=v1.0.0	not applicable
HeLa_bulk_digest_library	NT=Homo sapiens;AC=NCBITaxon:9606	NT=uterine cervix;AC=UBERON:0000002	NT=epithelial cell;AC=CL:0000066	NT=cervical adenocarcinoma;AC=MONDO:0005153	NT=HeLa;AC=EFO:0001185	CVCL_0030	HeLa	30Y6M	female	not applicable	not available	NT=Dulbecco's Modified Eagle Medium;AC=NCIT:C185409	not applicable	not applicable	not applicable	NT=Quality Control Sample;AC=PRIDE:0000544	not applicable	not applicable	not applicable	1	run 447	proteomic profiling by mass spectrometry	NT=timsTOF Pro;AC=MS:1003005	NT=label free sample;AC=MS:1002038	NT=Oxidation;AC=UNIMOD:35;TA=M;MT=Variable	NT=Acetyl;AC=UNIMOD:1;PP=Protein N-term;MT=Variable	not applicable	NT=Trypsin;AC=MS:1001251	NT=Lys-C;AC=MS:1001309	Data-dependent acquisition	NT=collision-induced dissociation;AC=MS:1000133	not available	40 ppm	not applicable	not applicable	not available	13	1	20200124_TIMS04_SA_ADB_HeLa_Fraction13_1036.d	v1.1.0	NT=ms-proteomics;VV=v1.1.0	NT=human;VV=v1.1.0	NT=cell-lines;VV=v1.1.0	NT=single-cell;VV=v1.0.0	not applicable
HeLa_bulk_digest_library	NT=Homo sapiens;AC=NCBITaxon:9606	NT=uterine cervix;AC=UBERON:0000002	NT=epithelial cell;AC=CL:0000066	NT=cervical adenocarcinoma;AC=MONDO:0005153	NT=HeLa;AC=EFO:0001185	CVCL_0030	HeLa	30Y6M	female	not applicable	not available	NT=Dulbecco's Modified Eagle Medium;AC=NCIT:C185409	not applicable	not applicable	not applicable	NT=Quality Control Sample;AC=PRIDE:0000544	not applicable	not applicable	not applicable	1	run 448	proteomic profiling by mass spectrometry	NT=timsTOF Pro;AC=MS:1003005	NT=label free sample;AC=MS:1002038	NT=Oxidation;AC=UNIMOD:35;TA=M;MT=Variable	NT=Acetyl;AC=UNIMOD:1;PP=Protein N-term;MT=Variable	not applicable	NT=Trypsin;AC=MS:1001251	NT=Lys-C;AC=MS:1001309	Data-dependent acquisition	NT=collision-induced dissociation;AC=MS:1000133	not available	40 ppm	not applicable	not applicable	not available	14	1	20200124_TIMS04_SA_ADB_HeLa_Fraction14_1037.d	v1.1.0	NT=ms-proteomics;VV=v1.1.0	NT=human;VV=v1.1.0	NT=cell-lines;VV=v1.1.0	NT=single-cell;VV=v1.0.0	not applicable
HeLa_bulk_digest_library	NT=Homo sapiens;AC=NCBITaxon:9606	NT=uterine cervix;AC=UBERON:0000002	NT=epithelial cell;AC=CL:0000066	NT=cervical adenocarcinoma;AC=MONDO:0005153	NT=HeLa;AC=EFO:0001185	CVCL_0030	HeLa	30Y6M	female	not applicable	not available	NT=Dulbecco's Modified Eagle Medium;AC=NCIT:C185409	not applicable	not applicable	not applicable	NT=Quality Control Sample;AC=PRIDE:0000544	not applicable	not applicable	not applicable	1	run 449	proteomic profiling by mass spectrometry	NT=timsTOF Pro;AC=MS:1003005	NT=label free sample;AC=MS:1002038	NT=Oxidation;AC=UNIMOD:35;TA=M;MT=Variable	NT=Acetyl;AC=UNIMOD:1;PP=Protein N-term;MT=Variable	not applicable	NT=Trypsin;AC=MS:1001251	NT=Lys-C;AC=MS:1001309	Data-dependent acquisition	NT=collision-induced dissociation;AC=MS:1000133	not available	40 ppm	not applicable	not applicable	not available	15	1	20200124_TIMS04_SA_ADB_HeLa_Fraction15_1038.d	v1.1.0	NT=ms-proteomics;VV=v1.1.0	NT=human;VV=v1.1.0	NT=cell-lines;VV=v1.1.0	NT=single-cell;VV=v1.0.0	not applicable
HeLa_bulk_digest_library	NT=Homo sapiens;AC=NCBITaxon:9606	NT=uterine cervix;AC=UBERON:0000002	NT=epithelial cell;AC=CL:0000066	NT=cervical adenocarcinoma;AC=MONDO:0005153	NT=HeLa;AC=EFO:0001185	CVCL_0030	HeLa	30Y6M	female	not applicable	not available	NT=Dulbecco's Modified Eagle Medium;AC=NCIT:C185409	not applicable	not applicable	not applicable	NT=Quality Control Sample;AC=PRIDE:0000544	not applicable	not applicable	not applicable	1	run 450	proteomic profiling by mass spectrometry	NT=timsTOF Pro;AC=MS:1003005	NT=label free sample;AC=MS:1002038	NT=Oxidation;AC=UNIMOD:35;TA=M;MT=Variable	NT=Acetyl;AC=UNIMOD:1;PP=Protein N-term;MT=Variable	not applicable	NT=Trypsin;AC=MS:1001251	NT=Lys-C;AC=MS:1001309	Data-dependent acquisition	NT=collision-induced dissociation;AC=MS:1000133	not available	40 ppm	not applicable	not applicable	not available	16	1	20200124_TIMS04_SA_ADB_HeLa_Fraction16_1039.d	v1.1.0	NT=ms-proteomics;VV=v1.1.0	NT=human;VV=v1.1.0	NT=cell-lines;VV=v1.1.0	NT=single-cell;VV=v1.0.0	not applicable
HeLa_bulk_digest_library	NT=Homo sapiens;AC=NCBITaxon:9606	NT=uterine cervix;AC=UBERON:0000002	NT=epithelial cell;AC=CL:0000066	NT=cervical adenocarcinoma;AC=MONDO:0005153	NT=HeLa;AC=EFO:0001185	CVCL_0030	HeLa	30Y6M	female	not applicable	not available	NT=Dulbecco's Modified Eagle Medium;AC=NCIT:C185409	not applicable	not applicable	not applicable	NT=Quality Control Sample;AC=PRIDE:0000544	not applicable	not applicable	not applicable	1	run 451	proteomic profiling by mass spectrometry	NT=timsTOF Pro;AC=MS:1003005	NT=label free sample;AC=MS:1002038	NT=Oxidation;AC=UNIMOD:35;TA=M;MT=Variable	NT=Acetyl;AC=UNIMOD:1;PP=Protein N-term;MT=Variable	not applicable	NT=Trypsin;AC=MS:1001251	NT=Lys-C;AC=MS:1001309	Data-dependent acquisition	NT=collision-induced dissociation;AC=MS:1000133	not available	40 ppm	not applicable	not applicable	not available	17	1	20200124_TIMS04_SA_ADB_HeLa_Fraction17_1040.d	v1.1.0	NT=ms-proteomics;VV=v1.1.0	NT=human;VV=v1.1.0	NT=cell-lines;VV=v1.1.0	NT=single-cell;VV=v1.0.0	not applicable
HeLa_bulk_digest_library	NT=Homo sapiens;AC=NCBITaxon:9606	NT=uterine cervix;AC=UBERON:0000002	NT=epithelial cell;AC=CL:0000066	NT=cervical adenocarcinoma;AC=MONDO:0005153	NT=HeLa;AC=EFO:0001185	CVCL_0030	HeLa	30Y6M	female	not applicable	not available	NT=Dulbecco's Modified Eagle Medium;AC=NCIT:C185409	not applicable	not applicable	not applicable	NT=Quality Control Sample;AC=PRIDE:0000544	not applicable	not applicable	not applicable	1	run 452	proteomic profiling by mass spectrometry	NT=timsTOF Pro;AC=MS:1003005	NT=label free sample;AC=MS:1002038	NT=Oxidation;AC=UNIMOD:35;TA=M;MT=Variable	NT=Acetyl;AC=UNIMOD:1;PP=Protein N-term;MT=Variable	not applicable	NT=Trypsin;AC=MS:1001251	NT=Lys-C;AC=MS:1001309	Data-dependent acquisition	NT=collision-induced dissociation;AC=MS:1000133	not available	40 ppm	not applicable	not applicable	not available	18	1	20200124_TIMS04_SA_ADB_HeLa_Fraction18_1041.d	v1.1.0	NT=ms-proteomics;VV=v1.1.0	NT=human;VV=v1.1.0	NT=cell-lines;VV=v1.1.0	NT=single-cell;VV=v1.0.0	not applicable
HeLa_bulk_digest_library	NT=Homo sapiens;AC=NCBITaxon:9606	NT=uterine cervix;AC=UBERON:0000002	NT=epithelial cell;AC=CL:0000066	NT=cervical adenocarcinoma;AC=MONDO:0005153	NT=HeLa;AC=EFO:0001185	CVCL_0030	HeLa	30Y6M	female	not applicable	not available	NT=Dulbecco's Modified Eagle Medium;AC=NCIT:C185409	not applicable	not applicable	not applicable	NT=Quality Control Sample;AC=PRIDE:0000544	not applicable	not applicable	not applicable	1	run 453	proteomic profiling by mass spectrometry	NT=timsTOF Pro;AC=MS:1003005	NT=label free sample;AC=MS:1002038	NT=Oxidation;AC=UNIMOD:35;TA=M;MT=Variable	NT=Acetyl;AC=UNIMOD:1;PP=Protein N-term;MT=Variable	not applicable	NT=Trypsin;AC=MS:1001251	NT=Lys-C;AC=MS:1001309	Data-dependent acquisition	NT=collision-induced dissociation;AC=MS:1000133	not available	40 ppm	not applicable	not applicable	not available	19	1	20200124_TIMS04_SA_ADB_HeLa_Fraction19_1042.d	v1.1.0	NT=ms-proteomics;VV=v1.1.0	NT=human;VV=v1.1.0	NT=cell-lines;VV=v1.1.0	NT=single-cell;VV=v1.0.0	not applicable
HeLa_bulk_digest_library	NT=Homo sapiens;AC=NCBITaxon:9606	NT=uterine cervix;AC=UBERON:0000002	NT=epithelial cell;AC=CL:0000066	NT=cervical adenocarcinoma;AC=MONDO:0005153	NT=HeLa;AC=EFO:0001185	CVCL_0030	HeLa	30Y6M	female	not applicable	not available	NT=Dulbecco's Modified Eagle Medium;AC=NCIT:C185409	not applicable	not applicable	not applicable	NT=Quality Control Sample;AC=PRIDE:0000544	not applicable	not applicable	not applicable	1	run 454	proteomic profiling by mass spectrometry	NT=timsTOF Pro;AC=MS:1003005	NT=label free sample;AC=MS:1002038	NT=Oxidation;AC=UNIMOD:35;TA=M;MT=Variable	NT=Acetyl;AC=UNIMOD:1;PP=Protein N-term;MT=Variable	not applicable	NT=Trypsin;AC=MS:1001251	NT=Lys-C;AC=MS:1001309	Data-dependent acquisition	NT=collision-induced dissociation;AC=MS:1000133	not available	40 ppm	not applicable	not applicable	not available	20	1	20200124_TIMS04_SA_ADB_HeLa_Fraction20_1043.d	v1.1.0	NT=ms-proteomics;VV=v1.1.0	NT=human;VV=v1.1.0	NT=cell-lines;VV=v1.1.0	NT=single-cell;VV=v1.0.0	not applicable
HeLa_bulk_digest_library	NT=Homo sapiens;AC=NCBITaxon:9606	NT=uterine cervix;AC=UBERON:0000002	NT=epithelial cell;AC=CL:0000066	NT=cervical adenocarcinoma;AC=MONDO:0005153	NT=HeLa;AC=EFO:0001185	CVCL_0030	HeLa	30Y6M	female	not applicable	not available	NT=Dulbecco's Modified Eagle Medium;AC=NCIT:C185409	not applicable	not applicable	not applicable	NT=Quality Control Sample;AC=PRIDE:0000544	not applicable	not applicable	not applicable	1	run 455	proteomic profiling by mass spectrometry	NT=timsTOF Pro;AC=MS:1003005	NT=label free sample;AC=MS:1002038	NT=Oxidation;AC=UNIMOD:35;TA=M;MT=Variable	NT=Acetyl;AC=UNIMOD:1;PP=Protein N-term;MT=Variable	not applicable	NT=Trypsin;AC=MS:1001251	NT=Lys-C;AC=MS:1001309	Data-dependent acquisition	NT=collision-induced dissociation;AC=MS:1000133	not available	40 ppm	not applicable	not applicable	not available	21	1	20200124_TIMS04_SA_ADB_HeLa_Fraction21_1044.d	v1.1.0	NT=ms-proteomics;VV=v1.1.0	NT=human;VV=v1.1.0	NT=cell-lines;VV=v1.1.0	NT=single-cell;VV=v1.0.0	not applicable
HeLa_bulk_digest_library	NT=Homo sapiens;AC=NCBITaxon:9606	NT=uterine cervix;AC=UBERON:0000002	NT=epithelial cell;AC=CL:0000066	NT=cervical adenocarcinoma;AC=MONDO:0005153	NT=HeLa;AC=EFO:0001185	CVCL_0030	HeLa	30Y6M	female	not applicable	not available	NT=Dulbecco's Modified Eagle Medium;AC=NCIT:C185409	not applicable	not applicable	not applicable	NT=Quality Control Sample;AC=PRIDE:0000544	not applicable	not applicable	not applicable	1	run 456	proteomic profiling by mass spectrometry	NT=timsTOF Pro;AC=MS:1003005	NT=label free sample;AC=MS:1002038	NT=Oxidation;AC=UNIMOD:35;TA=M;MT=Variable	NT=Acetyl;AC=UNIMOD:1;PP=Protein N-term;MT=Variable	not applicable	NT=Trypsin;AC=MS:1001251	NT=Lys-C;AC=MS:1001309	Data-dependent acquisition	NT=collision-induced dissociation;AC=MS:1000133	not available	40 ppm	not applicable	not applicable	not available	22	1	20200124_TIMS04_SA_ADB_HeLa_Fraction22_1045.d	v1.1.0	NT=ms-proteomics;VV=v1.1.0	NT=human;VV=v1.1.0	NT=cell-lines;VV=v1.1.0	NT=single-cell;VV=v1.0.0	not applicable
HeLa_bulk_digest_library	NT=Homo sapiens;AC=NCBITaxon:9606	NT=uterine cervix;AC=UBERON:0000002	NT=epithelial cell;AC=CL:0000066	NT=cervical adenocarcinoma;AC=MONDO:0005153	NT=HeLa;AC=EFO:0001185	CVCL_0030	HeLa	30Y6M	female	not applicable	not available	NT=Dulbecco's Modified Eagle Medium;AC=NCIT:C185409	not applicable	not applicable	not applicable	NT=Quality Control Sample;AC=PRIDE:0000544	not applicable	not applicable	not applicable	1	run 457	proteomic profiling by mass spectrometry	NT=timsTOF Pro;AC=MS:1003005	NT=label free sample;AC=MS:1002038	NT=Oxidation;AC=UNIMOD:35;TA=M;MT=Variable	NT=Acetyl;AC=UNIMOD:1;PP=Protein N-term;MT=Variable	not applicable	NT=Trypsin;AC=MS:1001251	NT=Lys-C;AC=MS:1001309	Data-dependent acquisition	NT=collision-induced dissociation;AC=MS:1000133	not available	40 ppm	not applicable	not applicable	not available	23	1	20200124_TIMS04_SA_ADB_HeLa_Fraction23_1046.d	v1.1.0	NT=ms-proteomics;VV=v1.1.0	NT=human;VV=v1.1.0	NT=cell-lines;VV=v1.1.0	NT=single-cell;VV=v1.0.0	not applicable
HeLa_bulk_digest_library	NT=Homo sapiens;AC=NCBITaxon:9606	NT=uterine cervix;AC=UBERON:0000002	NT=epithelial cell;AC=CL:0000066	NT=cervical adenocarcinoma;AC=MONDO:0005153	NT=HeLa;AC=EFO:0001185	CVCL_0030	HeLa	30Y6M	female	not applicable	not available	NT=Dulbecco's Modified Eagle Medium;AC=NCIT:C185409	not applicable	not applicable	not applicable	NT=Quality Control Sample;AC=PRIDE:0000544	not applicable	not applicable	not applicable	1	run 458	proteomic profiling by mass spectrometry	NT=timsTOF Pro;AC=MS:1003005	NT=label free sample;AC=MS:1002038	NT=Oxidation;AC=UNIMOD:35;TA=M;MT=Variable	NT=Acetyl;AC=UNIMOD:1;PP=Protein N-term;MT=Variable	not applicable	NT=Trypsin;AC=MS:1001251	NT=Lys-C;AC=MS:1001309	Data-dependent acquisition	NT=collision-induced dissociation;AC=MS:1000133	not available	40 ppm	not applicable	not applicable	not available	24	1	20200124_TIMS04_SA_ADB_HeLa_Fraction24_1047.d	v1.1.0	NT=ms-proteomics;VV=v1.1.0	NT=human;VV=v1.1.0	NT=cell-lines;VV=v1.1.0	NT=single-cell;VV=v1.0.0	not applicable
HeLa_FACS_1cell_1209	NT=Homo sapiens;AC=NCBITaxon:9606	NT=uterine cervix;AC=UBERON:0000002	NT=epithelial cell;AC=CL:0000066	NT=cervical adenocarcinoma;AC=MONDO:0005153	NT=HeLa;AC=EFO:0001185	CVCL_0030	HeLa	30Y6M	female	not applicable	not available	NT=Dulbecco's Modified Eagle Medium;AC=NCIT:C185409	not applicable	not determined	live	NT=single cell;AC=PRIDE:0000897	FACS	CC_1cell_1209	1	1	run 459	proteomic profiling by mass spectrometry	NT=timsTOF Pro;AC=MS:1003005	NT=label free sample;AC=MS:1002038	NT=Oxidation;AC=UNIMOD:35;TA=M;MT=Variable	NT=Acetyl;AC=UNIMOD:1;PP=Protein N-term;MT=Variable	not applicable	NT=Trypsin;AC=MS:1001251	NT=Lys-C;AC=MS:1001309	Data-dependent acquisition	NT=collision-induced dissociation;AC=MS:1000133	not available	40 ppm	not applicable	not applicable	not available	1	1	20200213_TIMS04_SA_ADB_1cell_01_1209.d	v1.1.0	NT=ms-proteomics;VV=v1.1.0	NT=human;VV=v1.1.0	NT=cell-lines;VV=v1.1.0	NT=single-cell;VV=v1.0.0	not determined
HeLa_FACS_1cell_1220	NT=Homo sapiens;AC=NCBITaxon:9606	NT=uterine cervix;AC=UBERON:0000002	NT=epithelial cell;AC=CL:0000066	NT=cervical adenocarcinoma;AC=MONDO:0005153	NT=HeLa;AC=EFO:0001185	CVCL_0030	HeLa	30Y6M	female	not applicable	not available	NT=Dulbecco's Modified Eagle Medium;AC=NCIT:C185409	not applicable	not determined	live	NT=single cell;AC=PRIDE:0000897	FACS	CC_1cell_1220	1	2	run 460	proteomic profiling by mass spectrometry	NT=timsTOF Pro;AC=MS:1003005	NT=label free sample;AC=MS:1002038	NT=Oxidation;AC=UNIMOD:35;TA=M;MT=Variable	NT=Acetyl;AC=UNIMOD:1;PP=Protein N-term;MT=Variable	not applicable	NT=Trypsin;AC=MS:1001251	NT=Lys-C;AC=MS:1001309	Data-dependent acquisition	NT=collision-induced dissociation;AC=MS:1000133	not available	40 ppm	not applicable	not applicable	not available	1	1	20200213_TIMS04_SA_ADB_1cell_01_1220.d	v1.1.0	NT=ms-proteomics;VV=v1.1.0	NT=human;VV=v1.1.0	NT=cell-lines;VV=v1.1.0	NT=single-cell;VV=v1.0.0	not determined
HeLa_FACS_1cell_1234	NT=Homo sapiens;AC=NCBITaxon:9606	NT=uterine cervix;AC=UBERON:0000002	NT=epithelial cell;AC=CL:0000066	NT=cervical adenocarcinoma;AC=MONDO:0005153	NT=HeLa;AC=EFO:0001185	CVCL_0030	HeLa	30Y6M	female	not applicable	not available	NT=Dulbecco's Modified Eagle Medium;AC=NCIT:C185409	not applicable	not determined	live	NT=single cell;AC=PRIDE:0000897	FACS	CC_1cell_1234	1	3	run 461	proteomic profiling by mass spectrometry	NT=timsTOF Pro;AC=MS:1003005	NT=label free sample;AC=MS:1002038	NT=Oxidation;AC=UNIMOD:35;TA=M;MT=Variable	NT=Acetyl;AC=UNIMOD:1;PP=Protein N-term;MT=Variable	not applicable	NT=Trypsin;AC=MS:1001251	NT=Lys-C;AC=MS:1001309	Data-dependent acquisition	NT=collision-induced dissociation;AC=MS:1000133	not available	40 ppm	not applicable	not applicable	not available	1	1	20200213_TIMS04_SA_ADB_1cell_02_1234.d	v1.1.0	NT=ms-proteomics;VV=v1.1.0	NT=human;VV=v1.1.0	NT=cell-lines;VV=v1.1.0	NT=single-cell;VV=v1.0.0	not determined
HeLa_FACS_1cell_1248	NT=Homo sapiens;AC=NCBITaxon:9606	NT=uterine cervix;AC=UBERON:0000002	NT=epithelial cell;AC=CL:0000066	NT=cervical adenocarcinoma;AC=MONDO:0005153	NT=HeLa;AC=EFO:0001185	CVCL_0030	HeLa	30Y6M	female	not applicable	not available	NT=Dulbecco's Modified Eagle Medium;AC=NCIT:C185409	not applicable	not determined	live	NT=single cell;AC=PRIDE:0000897	FACS	CC_1cell_1248	1	4	run 462	proteomic profiling by mass spectrometry	NT=timsTOF Pro;AC=MS:1003005	NT=label free sample;AC=MS:1002038	NT=Oxidation;AC=UNIMOD:35;TA=M;MT=Variable	NT=Acetyl;AC=UNIMOD:1;PP=Protein N-term;MT=Variable	not applicable	NT=Trypsin;AC=MS:1001251	NT=Lys-C;AC=MS:1001309	Data-dependent acquisition	NT=collision-induced dissociation;AC=MS:1000133	not available	40 ppm	not applicable	not applicable	not available	1	1	20200213_TIMS04_SA_ADB_1cell_03_1248.d	v1.1.0	NT=ms-proteomics;VV=v1.1.0	NT=human;VV=v1.1.0	NT=cell-lines;VV=v1.1.0	NT=single-cell;VV=v1.0.0	not determined
HeLa_FACS_2cell_1221	NT=Homo sapiens;AC=NCBITaxon:9606	NT=uterine cervix;AC=UBERON:0000002	NT=epithelial cell;AC=CL:0000066	NT=cervical adenocarcinoma;AC=MONDO:0005153	NT=HeLa;AC=EFO:0001185	CVCL_0030	HeLa	30Y6M	female	not applicable	not available	NT=Dulbecco's Modified Eagle Medium;AC=NCIT:C185409	not applicable	not determined	live	NT=Quality Control Sample;AC=PRIDE:0000544	FACS	not applicable	2	1	run 463	proteomic profiling by mass spectrometry	NT=timsTOF Pro;AC=MS:1003005	NT=label free sample;AC=MS:1002038	NT=Oxidation;AC=UNIMOD:35;TA=M;MT=Variable	NT=Acetyl;AC=UNIMOD:1;PP=Protein N-term;MT=Variable	not applicable	NT=Trypsin;AC=MS:1001251	NT=Lys-C;AC=MS:1001309	Data-dependent acquisition	NT=collision-induced dissociation;AC=MS:1000133	not available	40 ppm	not applicable	not applicable	not available	1	1	20200213_TIMS04_SA_ADB_2cell_01_1221.d	v1.1.0	NT=ms-proteomics;VV=v1.1.0	NT=human;VV=v1.1.0	NT=cell-lines;VV=v1.1.0	NT=single-cell;VV=v1.0.0	not determined
HeLa_FACS_2cell_1235	NT=Homo sapiens;AC=NCBITaxon:9606	NT=uterine cervix;AC=UBERON:0000002	NT=epithelial cell;AC=CL:0000066	NT=cervical adenocarcinoma;AC=MONDO:0005153	NT=HeLa;AC=EFO:0001185	CVCL_0030	HeLa	30Y6M	female	not applicable	not available	NT=Dulbecco's Modified Eagle Medium;AC=NCIT:C185409	not applicable	not determined	live	NT=Quality Control Sample;AC=PRIDE:0000544	FACS	not applicable	2	2	run 464	proteomic profiling by mass spectrometry	NT=timsTOF Pro;AC=MS:1003005	NT=label free sample;AC=MS:1002038	NT=Oxidation;AC=UNIMOD:35;TA=M;MT=Variable	NT=Acetyl;AC=UNIMOD:1;PP=Protein N-term;MT=Variable	not applicable	NT=Trypsin;AC=MS:1001251	NT=Lys-C;AC=MS:1001309	Data-dependent acquisition	NT=collision-induced dissociation;AC=MS:1000133	not available	40 ppm	not applicable	not applicable	not available	1	1	20200213_TIMS04_SA_ADB_2cell_02_1235.d	v1.1.0	NT=ms-proteomics;VV=v1.1.0	NT=human;VV=v1.1.0	NT=cell-lines;VV=v1.1.0	NT=single-cell;VV=v1.0.0	not determined
HeLa_FACS_2cell_1249	NT=Homo sapiens;AC=NCBITaxon:9606	NT=uterine cervix;AC=UBERON:0000002	NT=epithelial cell;AC=CL:0000066	NT=cervical adenocarcinoma;AC=MONDO:0005153	NT=HeLa;AC=EFO:0001185	CVCL_0030	HeLa	30Y6M	female	not applicable	not available	NT=Dulbecco's Modified Eagle Medium;AC=NCIT:C185409	not applicable	not determined	live	NT=Quality Control Sample;AC=PRIDE:0000544	FACS	not applicable	2	3	run 465	proteomic profiling by mass spectrometry	NT=timsTOF Pro;AC=MS:1003005	NT=label free sample;AC=MS:1002038	NT=Oxidation;AC=UNIMOD:35;TA=M;MT=Variable	NT=Acetyl;AC=UNIMOD:1;PP=Protein N-term;MT=Variable	not applicable	NT=Trypsin;AC=MS:1001251	NT=Lys-C;AC=MS:1001309	Data-dependent acquisition	NT=collision-induced dissociation;AC=MS:1000133	not available	40 ppm	not applicable	not applicable	not available	1	1	20200213_TIMS04_SA_ADB_2cell_03_1249.d	v1.1.0	NT=ms-proteomics;VV=v1.1.0	NT=human;VV=v1.1.0	NT=cell-lines;VV=v1.1.0	NT=single-cell;VV=v1.0.0	not determined
HeLa_FACS_2cell_1263	NT=Homo sapiens;AC=NCBITaxon:9606	NT=uterine cervix;AC=UBERON:0000002	NT=epithelial cell;AC=CL:0000066	NT=cervical adenocarcinoma;AC=MONDO:0005153	NT=HeLa;AC=EFO:0001185	CVCL_0030	HeLa	30Y6M	female	not applicable	not available	NT=Dulbecco's Modified Eagle Medium;AC=NCIT:C185409	not applicable	not determined	live	NT=Quality Control Sample;AC=PRIDE:0000544	FACS	not applicable	2	4	run 466	proteomic profiling by mass spectrometry	NT=timsTOF Pro;AC=MS:1003005	NT=label free sample;AC=MS:1002038	NT=Oxidation;AC=UNIMOD:35;TA=M;MT=Variable	NT=Acetyl;AC=UNIMOD:1;PP=Protein N-term;MT=Variable	not applicable	NT=Trypsin;AC=MS:1001251	NT=Lys-C;AC=MS:1001309	Data-dependent acquisition	NT=collision-induced dissociation;AC=MS:1000133	not available	40 ppm	not applicable	not applicable	not available	1	1	20200213_TIMS04_SA_ADB_2cell_04_1263.d	v1.1.0	NT=ms-proteomics;VV=v1.1.0	NT=human;VV=v1.1.0	NT=cell-lines;VV=v1.1.0	NT=single-cell;VV=v1.0.0	not determined
HeLa_FACS_3cell_1203	NT=Homo sapiens;AC=NCBITaxon:9606	NT=uterine cervix;AC=UBERON:0000002	NT=epithelial cell;AC=CL:0000066	NT=cervical adenocarcinoma;AC=MONDO:0005153	NT=HeLa;AC=EFO:0001185	CVCL_0030	HeLa	30Y6M	female	not applicable	not available	NT=Dulbecco's Modified Eagle Medium;AC=NCIT:C185409	not applicable	not determined	live	NT=Quality Control Sample;AC=PRIDE:0000544	FACS	not applicable	3	1	run 467	proteomic profiling by mass spectrometry	NT=timsTOF Pro;AC=MS:1003005	NT=label free sample;AC=MS:1002038	NT=Oxidation;AC=UNIMOD:35;TA=M;MT=Variable	NT=Acetyl;AC=UNIMOD:1;PP=Protein N-term;MT=Variable	not applicable	NT=Trypsin;AC=MS:1001251	NT=Lys-C;AC=MS:1001309	Data-dependent acquisition	NT=collision-induced dissociation;AC=MS:1000133	not available	40 ppm	not applicable	not applicable	not available	1	1	20200213_TIMS04_SA_ADB_3cell_01_1203.d	v1.1.0	NT=ms-proteomics;VV=v1.1.0	NT=human;VV=v1.1.0	NT=cell-lines;VV=v1.1.0	NT=single-cell;VV=v1.0.0	not determined
HeLa_FACS_3cell_1222	NT=Homo sapiens;AC=NCBITaxon:9606	NT=uterine cervix;AC=UBERON:0000002	NT=epithelial cell;AC=CL:0000066	NT=cervical adenocarcinoma;AC=MONDO:0005153	NT=HeLa;AC=EFO:0001185	CVCL_0030	HeLa	30Y6M	female	not applicable	not available	NT=Dulbecco's Modified Eagle Medium;AC=NCIT:C185409	not applicable	not determined	live	NT=Quality Control Sample;AC=PRIDE:0000544	FACS	not applicable	3	2	run 468	proteomic profiling by mass spectrometry	NT=timsTOF Pro;AC=MS:1003005	NT=label free sample;AC=MS:1002038	NT=Oxidation;AC=UNIMOD:35;TA=M;MT=Variable	NT=Acetyl;AC=UNIMOD:1;PP=Protein N-term;MT=Variable	not applicable	NT=Trypsin;AC=MS:1001251	NT=Lys-C;AC=MS:1001309	Data-dependent acquisition	NT=collision-induced dissociation;AC=MS:1000133	not available	40 ppm	not applicable	not applicable	not available	1	1	20200213_TIMS04_SA_ADB_3cell_01_1222.d	v1.1.0	NT=ms-proteomics;VV=v1.1.0	NT=human;VV=v1.1.0	NT=cell-lines;VV=v1.1.0	NT=single-cell;VV=v1.0.0	not determined
HeLa_FACS_3cell_1236	NT=Homo sapiens;AC=NCBITaxon:9606	NT=uterine cervix;AC=UBERON:0000002	NT=epithelial cell;AC=CL:0000066	NT=cervical adenocarcinoma;AC=MONDO:0005153	NT=HeLa;AC=EFO:0001185	CVCL_0030	HeLa	30Y6M	female	not applicable	not available	NT=Dulbecco's Modified Eagle Medium;AC=NCIT:C185409	not applicable	not determined	live	NT=Quality Control Sample;AC=PRIDE:0000544	FACS	not applicable	3	3	run 469	proteomic profiling by mass spectrometry	NT=timsTOF Pro;AC=MS:1003005	NT=label free sample;AC=MS:1002038	NT=Oxidation;AC=UNIMOD:35;TA=M;MT=Variable	NT=Acetyl;AC=UNIMOD:1;PP=Protein N-term;MT=Variable	not applicable	NT=Trypsin;AC=MS:1001251	NT=Lys-C;AC=MS:1001309	Data-dependent acquisition	NT=collision-induced dissociation;AC=MS:1000133	not available	40 ppm	not applicable	not applicable	not available	1	1	20200213_TIMS04_SA_ADB_3cell_02_1236.d	v1.1.0	NT=ms-proteomics;VV=v1.1.0	NT=human;VV=v1.1.0	NT=cell-lines;VV=v1.1.0	NT=single-cell;VV=v1.0.0	not determined
HeLa_FACS_3cell_1264	NT=Homo sapiens;AC=NCBITaxon:9606	NT=uterine cervix;AC=UBERON:0000002	NT=epithelial cell;AC=CL:0000066	NT=cervical adenocarcinoma;AC=MONDO:0005153	NT=HeLa;AC=EFO:0001185	CVCL_0030	HeLa	30Y6M	female	not applicable	not available	NT=Dulbecco's Modified Eagle Medium;AC=NCIT:C185409	not applicable	not determined	live	NT=Quality Control Sample;AC=PRIDE:0000544	FACS	not applicable	3	4	run 470	proteomic profiling by mass spectrometry	NT=timsTOF Pro;AC=MS:1003005	NT=label free sample;AC=MS:1002038	NT=Oxidation;AC=UNIMOD:35;TA=M;MT=Variable	NT=Acetyl;AC=UNIMOD:1;PP=Protein N-term;MT=Variable	not applicable	NT=Trypsin;AC=MS:1001251	NT=Lys-C;AC=MS:1001309	Data-dependent acquisition	NT=collision-induced dissociation;AC=MS:1000133	not available	40 ppm	not applicable	not applicable	not available	1	1	20200213_TIMS04_SA_ADB_3cell_04_1264.d	v1.1.0	NT=ms-proteomics;VV=v1.1.0	NT=human;VV=v1.1.0	NT=cell-lines;VV=v1.1.0	NT=single-cell;VV=v1.0.0	not determined
HeLa_FACS_4cell_1223	NT=Homo sapiens;AC=NCBITaxon:9606	NT=uterine cervix;AC=UBERON:0000002	NT=epithelial cell;AC=CL:0000066	NT=cervical adenocarcinoma;AC=MONDO:0005153	NT=HeLa;AC=EFO:0001185	CVCL_0030	HeLa	30Y6M	female	not applicable	not available	NT=Dulbecco's Modified Eagle Medium;AC=NCIT:C185409	not applicable	not determined	live	NT=Quality Control Sample;AC=PRIDE:0000544	FACS	not applicable	4	1	run 471	proteomic profiling by mass spectrometry	NT=timsTOF Pro;AC=MS:1003005	NT=label free sample;AC=MS:1002038	NT=Oxidation;AC=UNIMOD:35;TA=M;MT=Variable	NT=Acetyl;AC=UNIMOD:1;PP=Protein N-term;MT=Variable	not applicable	NT=Trypsin;AC=MS:1001251	NT=Lys-C;AC=MS:1001309	Data-dependent acquisition	NT=collision-induced dissociation;AC=MS:1000133	not available	40 ppm	not applicable	not applicable	not available	1	1	20200213_TIMS04_SA_ADB_4cell_01_1223.d	v1.1.0	NT=ms-proteomics;VV=v1.1.0	NT=human;VV=v1.1.0	NT=cell-lines;VV=v1.1.0	NT=single-cell;VV=v1.0.0	not determined
HeLa_FACS_4cell_1237	NT=Homo sapiens;AC=NCBITaxon:9606	NT=uterine cervix;AC=UBERON:0000002	NT=epithelial cell;AC=CL:0000066	NT=cervical adenocarcinoma;AC=MONDO:0005153	NT=HeLa;AC=EFO:0001185	CVCL_0030	HeLa	30Y6M	female	not applicable	not available	NT=Dulbecco's Modified Eagle Medium;AC=NCIT:C185409	not applicable	not determined	live	NT=Quality Control Sample;AC=PRIDE:0000544	FACS	not applicable	4	2	run 472	proteomic profiling by mass spectrometry	NT=timsTOF Pro;AC=MS:1003005	NT=label free sample;AC=MS:1002038	NT=Oxidation;AC=UNIMOD:35;TA=M;MT=Variable	NT=Acetyl;AC=UNIMOD:1;PP=Protein N-term;MT=Variable	not applicable	NT=Trypsin;AC=MS:1001251	NT=Lys-C;AC=MS:1001309	Data-dependent acquisition	NT=collision-induced dissociation;AC=MS:1000133	not available	40 ppm	not applicable	not applicable	not available	1	1	20200213_TIMS04_SA_ADB_4cell_02_1237.d	v1.1.0	NT=ms-proteomics;VV=v1.1.0	NT=human;VV=v1.1.0	NT=cell-lines;VV=v1.1.0	NT=single-cell;VV=v1.0.0	not determined
HeLa_FACS_4cell_1265	NT=Homo sapiens;AC=NCBITaxon:9606	NT=uterine cervix;AC=UBERON:0000002	NT=epithelial cell;AC=CL:0000066	NT=cervical adenocarcinoma;AC=MONDO:0005153	NT=HeLa;AC=EFO:0001185	CVCL_0030	HeLa	30Y6M	female	not applicable	not available	NT=Dulbecco's Modified Eagle Medium;AC=NCIT:C185409	not applicable	not determined	live	NT=Quality Control Sample;AC=PRIDE:0000544	FACS	not applicable	4	3	run 473	proteomic profiling by mass spectrometry	NT=timsTOF Pro;AC=MS:1003005	NT=label free sample;AC=MS:1002038	NT=Oxidation;AC=UNIMOD:35;TA=M;MT=Variable	NT=Acetyl;AC=UNIMOD:1;PP=Protein N-term;MT=Variable	not applicable	NT=Trypsin;AC=MS:1001251	NT=Lys-C;AC=MS:1001309	Data-dependent acquisition	NT=collision-induced dissociation;AC=MS:1000133	not available	40 ppm	not applicable	not applicable	not available	1	1	20200213_TIMS04_SA_ADB_4cell_04_1265.d	v1.1.0	NT=ms-proteomics;VV=v1.1.0	NT=human;VV=v1.1.0	NT=cell-lines;VV=v1.1.0	NT=single-cell;VV=v1.0.0	not determined
HeLa_FACS_4cell_1279	NT=Homo sapiens;AC=NCBITaxon:9606	NT=uterine cervix;AC=UBERON:0000002	NT=epithelial cell;AC=CL:0000066	NT=cervical adenocarcinoma;AC=MONDO:0005153	NT=HeLa;AC=EFO:0001185	CVCL_0030	HeLa	30Y6M	female	not applicable	not available	NT=Dulbecco's Modified Eagle Medium;AC=NCIT:C185409	not applicable	not determined	live	NT=Quality Control Sample;AC=PRIDE:0000544	FACS	not applicable	4	4	run 474	proteomic profiling by mass spectrometry	NT=timsTOF Pro;AC=MS:1003005	NT=label free sample;AC=MS:1002038	NT=Oxidation;AC=UNIMOD:35;TA=M;MT=Variable	NT=Acetyl;AC=UNIMOD:1;PP=Protein N-term;MT=Variable	not applicable	NT=Trypsin;AC=MS:1001251	NT=Lys-C;AC=MS:1001309	Data-dependent acquisition	NT=collision-induced dissociation;AC=MS:1000133	not available	40 ppm	not applicable	not applicable	not available	1	1	20200213_TIMS04_SA_ADB_4cell_05_1279.d	v1.1.0	NT=ms-proteomics;VV=v1.1.0	NT=human;VV=v1.1.0	NT=cell-lines;VV=v1.1.0	NT=single-cell;VV=v1.0.0	not determined
HeLa_FACS_5cell_1224	NT=Homo sapiens;AC=NCBITaxon:9606	NT=uterine cervix;AC=UBERON:0000002	NT=epithelial cell;AC=CL:0000066	NT=cervical adenocarcinoma;AC=MONDO:0005153	NT=HeLa;AC=EFO:0001185	CVCL_0030	HeLa	30Y6M	female	not applicable	not available	NT=Dulbecco's Modified Eagle Medium;AC=NCIT:C185409	not applicable	not determined	live	NT=Quality Control Sample;AC=PRIDE:0000544	FACS	not applicable	5	1	run 475	proteomic profiling by mass spectrometry	NT=timsTOF Pro;AC=MS:1003005	NT=label free sample;AC=MS:1002038	NT=Oxidation;AC=UNIMOD:35;TA=M;MT=Variable	NT=Acetyl;AC=UNIMOD:1;PP=Protein N-term;MT=Variable	not applicable	NT=Trypsin;AC=MS:1001251	NT=Lys-C;AC=MS:1001309	Data-dependent acquisition	NT=collision-induced dissociation;AC=MS:1000133	not available	40 ppm	not applicable	not applicable	not available	1	1	20200213_TIMS04_SA_ADB_5cell_01_1224.d	v1.1.0	NT=ms-proteomics;VV=v1.1.0	NT=human;VV=v1.1.0	NT=cell-lines;VV=v1.1.0	NT=single-cell;VV=v1.0.0	not determined
HeLa_FACS_5cell_1238	NT=Homo sapiens;AC=NCBITaxon:9606	NT=uterine cervix;AC=UBERON:0000002	NT=epithelial cell;AC=CL:0000066	NT=cervical adenocarcinoma;AC=MONDO:0005153	NT=HeLa;AC=EFO:0001185	CVCL_0030	HeLa	30Y6M	female	not applicable	not available	NT=Dulbecco's Modified Eagle Medium;AC=NCIT:C185409	not applicable	not determined	live	NT=Quality Control Sample;AC=PRIDE:0000544	FACS	not applicable	5	2	run 476	proteomic profiling by mass spectrometry	NT=timsTOF Pro;AC=MS:1003005	NT=label free sample;AC=MS:1002038	NT=Oxidation;AC=UNIMOD:35;TA=M;MT=Variable	NT=Acetyl;AC=UNIMOD:1;PP=Protein N-term;MT=Variable	not applicable	NT=Trypsin;AC=MS:1001251	NT=Lys-C;AC=MS:1001309	Data-dependent acquisition	NT=collision-induced dissociation;AC=MS:1000133	not available	40 ppm	not applicable	not applicable	not available	1	1	20200213_TIMS04_SA_ADB_5cell_02_1238.d	v1.1.0	NT=ms-proteomics;VV=v1.1.0	NT=human;VV=v1.1.0	NT=cell-lines;VV=v1.1.0	NT=single-cell;VV=v1.0.0	not determined
HeLa_FACS_5cell_1252	NT=Homo sapiens;AC=NCBITaxon:9606	NT=uterine cervix;AC=UBERON:0000002	NT=epithelial cell;AC=CL:0000066	NT=cervical adenocarcinoma;AC=MONDO:0005153	NT=HeLa;AC=EFO:0001185	CVCL_0030	HeLa	30Y6M	female	not applicable	not available	NT=Dulbecco's Modified Eagle Medium;AC=NCIT:C185409	not applicable	not determined	live	NT=Quality Control Sample;AC=PRIDE:0000544	FACS	not applicable	5	3	run 477	proteomic profiling by mass spectrometry	NT=timsTOF Pro;AC=MS:1003005	NT=label free sample;AC=MS:1002038	NT=Oxidation;AC=UNIMOD:35;TA=M;MT=Variable	NT=Acetyl;AC=UNIMOD:1;PP=Protein N-term;MT=Variable	not applicable	NT=Trypsin;AC=MS:1001251	NT=Lys-C;AC=MS:1001309	Data-dependent acquisition	NT=collision-induced dissociation;AC=MS:1000133	not available	40 ppm	not applicable	not applicable	not available	1	1	20200213_TIMS04_SA_ADB_5cell_03_1252.d	v1.1.0	NT=ms-proteomics;VV=v1.1.0	NT=human;VV=v1.1.0	NT=cell-lines;VV=v1.1.0	NT=single-cell;VV=v1.0.0	not determined
HeLa_FACS_5cell_1266	NT=Homo sapiens;AC=NCBITaxon:9606	NT=uterine cervix;AC=UBERON:0000002	NT=epithelial cell;AC=CL:0000066	NT=cervical adenocarcinoma;AC=MONDO:0005153	NT=HeLa;AC=EFO:0001185	CVCL_0030	HeLa	30Y6M	female	not applicable	not available	NT=Dulbecco's Modified Eagle Medium;AC=NCIT:C185409	not applicable	not determined	live	NT=Quality Control Sample;AC=PRIDE:0000544	FACS	not applicable	5	4	run 478	proteomic profiling by mass spectrometry	NT=timsTOF Pro;AC=MS:1003005	NT=label free sample;AC=MS:1002038	NT=Oxidation;AC=UNIMOD:35;TA=M;MT=Variable	NT=Acetyl;AC=UNIMOD:1;PP=Protein N-term;MT=Variable	not applicable	NT=Trypsin;AC=MS:1001251	NT=Lys-C;AC=MS:1001309	Data-dependent acquisition	NT=collision-induced dissociation;AC=MS:1000133	not available	40 ppm	not applicable	not applicable	not available	1	1	20200213_TIMS04_SA_ADB_5cell_04_1266.d	v1.1.0	NT=ms-proteomics;VV=v1.1.0	NT=human;VV=v1.1.0	NT=cell-lines;VV=v1.1.0	NT=single-cell;VV=v1.0.0	not determined
HeLa_FACS_6cell_1225	NT=Homo sapiens;AC=NCBITaxon:9606	NT=uterine cervix;AC=UBERON:0000002	NT=epithelial cell;AC=CL:0000066	NT=cervical adenocarcinoma;AC=MONDO:0005153	NT=HeLa;AC=EFO:0001185	CVCL_0030	HeLa	30Y6M	female	not applicable	not available	NT=Dulbecco's Modified Eagle Medium;AC=NCIT:C185409	not applicable	not determined	live	NT=Quality Control Sample;AC=PRIDE:0000544	FACS	not applicable	6	1	run 479	proteomic profiling by mass spectrometry	NT=timsTOF Pro;AC=MS:1003005	NT=label free sample;AC=MS:1002038	NT=Oxidation;AC=UNIMOD:35;TA=M;MT=Variable	NT=Acetyl;AC=UNIMOD:1;PP=Protein N-term;MT=Variable	not applicable	NT=Trypsin;AC=MS:1001251	NT=Lys-C;AC=MS:1001309	Data-dependent acquisition	NT=collision-induced dissociation;AC=MS:1000133	not available	40 ppm	not applicable	not applicable	not available	1	1	20200213_TIMS04_SA_ADB_6cell_01_1225.d	v1.1.0	NT=ms-proteomics;VV=v1.1.0	NT=human;VV=v1.1.0	NT=cell-lines;VV=v1.1.0	NT=single-cell;VV=v1.0.0	not determined
HeLa_FACS_6cell_1239	NT=Homo sapiens;AC=NCBITaxon:9606	NT=uterine cervix;AC=UBERON:0000002	NT=epithelial cell;AC=CL:0000066	NT=cervical adenocarcinoma;AC=MONDO:0005153	NT=HeLa;AC=EFO:0001185	CVCL_0030	HeLa	30Y6M	female	not applicable	not available	NT=Dulbecco's Modified Eagle Medium;AC=NCIT:C185409	not applicable	not determined	live	NT=Quality Control Sample;AC=PRIDE:0000544	FACS	not applicable	6	2	run 480	proteomic profiling by mass spectrometry	NT=timsTOF Pro;AC=MS:1003005	NT=label free sample;AC=MS:1002038	NT=Oxidation;AC=UNIMOD:35;TA=M;MT=Variable	NT=Acetyl;AC=UNIMOD:1;PP=Protein N-term;MT=Variable	not applicable	NT=Trypsin;AC=MS:1001251	NT=Lys-C;AC=MS:1001309	Data-dependent acquisition	NT=collision-induced dissociation;AC=MS:1000133	not available	40 ppm	not applicable	not applicable	not available	1	1	20200213_TIMS04_SA_ADB_6cell_02_1239.d	v1.1.0	NT=ms-proteomics;VV=v1.1.0	NT=human;VV=v1.1.0	NT=cell-lines;VV=v1.1.0	NT=single-cell;VV=v1.0.0	not determined
HeLa_FACS_6cell_1253	NT=Homo sapiens;AC=NCBITaxon:9606	NT=uterine cervix;AC=UBERON:0000002	NT=epithelial cell;AC=CL:0000066	NT=cervical adenocarcinoma;AC=MONDO:0005153	NT=HeLa;AC=EFO:0001185	CVCL_0030	HeLa	30Y6M	female	not applicable	not available	NT=Dulbecco's Modified Eagle Medium;AC=NCIT:C185409	not applicable	not determined	live	NT=Quality Control Sample;AC=PRIDE:0000544	FACS	not applicable	6	3	run 481	proteomic profiling by mass spectrometry	NT=timsTOF Pro;AC=MS:1003005	NT=label free sample;AC=MS:1002038	NT=Oxidation;AC=UNIMOD:35;TA=M;MT=Variable	NT=Acetyl;AC=UNIMOD:1;PP=Protein N-term;MT=Variable	not applicable	NT=Trypsin;AC=MS:1001251	NT=Lys-C;AC=MS:1001309	Data-dependent acquisition	NT=collision-induced dissociation;AC=MS:1000133	not available	40 ppm	not applicable	not applicable	not available	1	1	20200213_TIMS04_SA_ADB_6cell_03_1253.d	v1.1.0	NT=ms-proteomics;VV=v1.1.0	NT=human;VV=v1.1.0	NT=cell-lines;VV=v1.1.0	NT=single-cell;VV=v1.0.0	not determined
HeLa_FACS_6cell_1267	NT=Homo sapiens;AC=NCBITaxon:9606	NT=uterine cervix;AC=UBERON:0000002	NT=epithelial cell;AC=CL:0000066	NT=cervical adenocarcinoma;AC=MONDO:0005153	NT=HeLa;AC=EFO:0001185	CVCL_0030	HeLa	30Y6M	female	not applicable	not available	NT=Dulbecco's Modified Eagle Medium;AC=NCIT:C185409	not applicable	not determined	live	NT=Quality Control Sample;AC=PRIDE:0000544	FACS	not applicable	6	4	run 482	proteomic profiling by mass spectrometry	NT=timsTOF Pro;AC=MS:1003005	NT=label free sample;AC=MS:1002038	NT=Oxidation;AC=UNIMOD:35;TA=M;MT=Variable	NT=Acetyl;AC=UNIMOD:1;PP=Protein N-term;MT=Variable	not applicable	NT=Trypsin;AC=MS:1001251	NT=Lys-C;AC=MS:1001309	Data-dependent acquisition	NT=collision-induced dissociation;AC=MS:1000133	not available	40 ppm	not applicable	not applicable	not available	1	1	20200213_TIMS04_SA_ADB_6cell_04_1267.d	v1.1.0	NT=ms-proteomics;VV=v1.1.0	NT=human;VV=v1.1.0	NT=cell-lines;VV=v1.1.0	NT=single-cell;VV=v1.0.0	not determined
HeLa_bulk_digest_0.8ng	NT=Homo sapiens;AC=NCBITaxon:9606	NT=uterine cervix;AC=UBERON:0000002	NT=epithelial cell;AC=CL:0000066	NT=cervical adenocarcinoma;AC=MONDO:0005153	NT=HeLa;AC=EFO:0001185	CVCL_0030	HeLa	30Y6M	female	not applicable	not available	NT=Dulbecco's Modified Eagle Medium;AC=NCIT:C185409	not applicable	not applicable	not applicable	NT=Quality Control Sample;AC=PRIDE:0000544	not applicable	not applicable	not applicable	1	run 483	proteomic profiling by mass spectrometry	NT=timsTOF Pro;AC=MS:1003005	NT=label free sample;AC=MS:1002038	NT=Oxidation;AC=UNIMOD:35;TA=M;MT=Variable	NT=Acetyl;AC=UNIMOD:1;PP=Protein N-term;MT=Variable	NT=Carbamidomethyl;AC=UNIMOD:4;TA=C;MT=Fixed	NT=Trypsin;AC=MS:1001251	NT=Lys-C;AC=MS:1001309	Data-dependent acquisition	NT=collision-induced dissociation;AC=MS:1000133	not available	40 ppm	not applicable	not applicable	not available	1	1	20180921_TIMS2_12-2_AnBr_SA_0_8ng_HeLa_50cm_60min_100ms_20kTV_11CT_1_D2_01_3016.d	v1.1.0	NT=ms-proteomics;VV=v1.1.0	NT=human;VV=v1.1.0	NT=cell-lines;VV=v1.1.0	NT=single-cell;VV=v1.0.0	not applicable
HeLa_bulk_digest_0.8ng	NT=Homo sapiens;AC=NCBITaxon:9606	NT=uterine cervix;AC=UBERON:0000002	NT=epithelial cell;AC=CL:0000066	NT=cervical adenocarcinoma;AC=MONDO:0005153	NT=HeLa;AC=EFO:0001185	CVCL_0030	HeLa	30Y6M	female	not applicable	not available	NT=Dulbecco's Modified Eagle Medium;AC=NCIT:C185409	not applicable	not applicable	not applicable	NT=Quality Control Sample;AC=PRIDE:0000544	not applicable	not applicable	not applicable	1	run 484	proteomic profiling by mass spectrometry	NT=timsTOF Pro;AC=MS:1003005	NT=label free sample;AC=MS:1002038	NT=Oxidation;AC=UNIMOD:35;TA=M;MT=Variable	NT=Acetyl;AC=UNIMOD:1;PP=Protein N-term;MT=Variable	NT=Carbamidomethyl;AC=UNIMOD:4;TA=C;MT=Fixed	NT=Trypsin;AC=MS:1001251	NT=Lys-C;AC=MS:1001309	Data-dependent acquisition	NT=collision-induced dissociation;AC=MS:1000133	not available	40 ppm	not applicable	not applicable	not available	1	2	20180921_TIMS2_12-2_AnBr_SA_0_8ng_HeLa_50cm_60min_100ms_20kTV_11CT_2_D2_01_3017.d	v1.1.0	NT=ms-proteomics;VV=v1.1.0	NT=human;VV=v1.1.0	NT=cell-lines;VV=v1.1.0	NT=single-cell;VV=v1.0.0	not applicable
HeLa_bulk_digest_12.5ng	NT=Homo sapiens;AC=NCBITaxon:9606	NT=uterine cervix;AC=UBERON:0000002	NT=epithelial cell;AC=CL:0000066	NT=cervical adenocarcinoma;AC=MONDO:0005153	NT=HeLa;AC=EFO:0001185	CVCL_0030	HeLa	30Y6M	female	not applicable	not available	NT=Dulbecco's Modified Eagle Medium;AC=NCIT:C185409	not applicable	not applicable	not applicable	NT=Quality Control Sample;AC=PRIDE:0000544	not applicable	not applicable	not applicable	1	run 485	proteomic profiling by mass spectrometry	NT=timsTOF Pro;AC=MS:1003005	NT=label free sample;AC=MS:1002038	NT=Oxidation;AC=UNIMOD:35;TA=M;MT=Variable	NT=Acetyl;AC=UNIMOD:1;PP=Protein N-term;MT=Variable	NT=Carbamidomethyl;AC=UNIMOD:4;TA=C;MT=Fixed	NT=Trypsin;AC=MS:1001251	NT=Lys-C;AC=MS:1001309	Data-dependent acquisition	NT=collision-induced dissociation;AC=MS:1000133	not available	40 ppm	not applicable	not applicable	not available	1	1	20180921_TIMS2_12-2_AnBr_SA_12_5ng_HeLa_50cm_60min_100ms_20kTV_11CT_1_D6_01_3024.d	v1.1.0	NT=ms-proteomics;VV=v1.1.0	NT=human;VV=v1.1.0	NT=cell-lines;VV=v1.1.0	NT=single-cell;VV=v1.0.0	not applicable
HeLa_bulk_digest_12.5ng	NT=Homo sapiens;AC=NCBITaxon:9606	NT=uterine cervix;AC=UBERON:0000002	NT=epithelial cell;AC=CL:0000066	NT=cervical adenocarcinoma;AC=MONDO:0005153	NT=HeLa;AC=EFO:0001185	CVCL_0030	HeLa	30Y6M	female	not applicable	not available	NT=Dulbecco's Modified Eagle Medium;AC=NCIT:C185409	not applicable	not applicable	not applicable	NT=Quality Control Sample;AC=PRIDE:0000544	not applicable	not applicable	not applicable	1	run 486	proteomic profiling by mass spectrometry	NT=timsTOF Pro;AC=MS:1003005	NT=label free sample;AC=MS:1002038	NT=Oxidation;AC=UNIMOD:35;TA=M;MT=Variable	NT=Acetyl;AC=UNIMOD:1;PP=Protein N-term;MT=Variable	NT=Carbamidomethyl;AC=UNIMOD:4;TA=C;MT=Fixed	NT=Trypsin;AC=MS:1001251	NT=Lys-C;AC=MS:1001309	Data-dependent acquisition	NT=collision-induced dissociation;AC=MS:1000133	not available	40 ppm	not applicable	not applicable	not available	1	2	20180921_TIMS2_12-2_AnBr_SA_12_5ng_HeLa_50cm_60min_100ms_20kTV_11CT_2_D6_01_3025.d	v1.1.0	NT=ms-proteomics;VV=v1.1.0	NT=human;VV=v1.1.0	NT=cell-lines;VV=v1.1.0	NT=single-cell;VV=v1.0.0	not applicable
HeLa_bulk_digest_1.6ng	NT=Homo sapiens;AC=NCBITaxon:9606	NT=uterine cervix;AC=UBERON:0000002	NT=epithelial cell;AC=CL:0000066	NT=cervical adenocarcinoma;AC=MONDO:0005153	NT=HeLa;AC=EFO:0001185	CVCL_0030	HeLa	30Y6M	female	not applicable	not available	NT=Dulbecco's Modified Eagle Medium;AC=NCIT:C185409	not applicable	not applicable	not applicable	NT=Quality Control Sample;AC=PRIDE:0000544	not applicable	not applicable	not applicable	1	run 487	proteomic profiling by mass spectrometry	NT=timsTOF Pro;AC=MS:1003005	NT=label free sample;AC=MS:1002038	NT=Oxidation;AC=UNIMOD:35;TA=M;MT=Variable	NT=Acetyl;AC=UNIMOD:1;PP=Protein N-term;MT=Variable	NT=Carbamidomethyl;AC=UNIMOD:4;TA=C;MT=Fixed	NT=Trypsin;AC=MS:1001251	NT=Lys-C;AC=MS:1001309	Data-dependent acquisition	NT=collision-induced dissociation;AC=MS:1000133	not available	40 ppm	not applicable	not applicable	not available	1	1	20180921_TIMS2_12-2_AnBr_SA_1_6ng_HeLa_50cm_60min_100ms_20kTV_11CT_1_D3_01_3018.d	v1.1.0	NT=ms-proteomics;VV=v1.1.0	NT=human;VV=v1.1.0	NT=cell-lines;VV=v1.1.0	NT=single-cell;VV=v1.0.0	not applicable
HeLa_bulk_digest_1.6ng	NT=Homo sapiens;AC=NCBITaxon:9606	NT=uterine cervix;AC=UBERON:0000002	NT=epithelial cell;AC=CL:0000066	NT=cervical adenocarcinoma;AC=MONDO:0005153	NT=HeLa;AC=EFO:0001185	CVCL_0030	HeLa	30Y6M	female	not applicable	not available	NT=Dulbecco's Modified Eagle Medium;AC=NCIT:C185409	not applicable	not applicable	not applicable	NT=Quality Control Sample;AC=PRIDE:0000544	not applicable	not applicable	not applicable	1	run 488	proteomic profiling by mass spectrometry	NT=timsTOF Pro;AC=MS:1003005	NT=label free sample;AC=MS:1002038	NT=Oxidation;AC=UNIMOD:35;TA=M;MT=Variable	NT=Acetyl;AC=UNIMOD:1;PP=Protein N-term;MT=Variable	NT=Carbamidomethyl;AC=UNIMOD:4;TA=C;MT=Fixed	NT=Trypsin;AC=MS:1001251	NT=Lys-C;AC=MS:1001309	Data-dependent acquisition	NT=collision-induced dissociation;AC=MS:1000133	not available	40 ppm	not applicable	not applicable	not available	1	2	20180921_TIMS2_12-2_AnBr_SA_1_6ng_HeLa_50cm_60min_100ms_20kTV_11CT_2_D3_01_3019.d	v1.1.0	NT=ms-proteomics;VV=v1.1.0	NT=human;VV=v1.1.0	NT=cell-lines;VV=v1.1.0	NT=single-cell;VV=v1.0.0	not applicable
HeLa_bulk_digest_25ng	NT=Homo sapiens;AC=NCBITaxon:9606	NT=uterine cervix;AC=UBERON:0000002	NT=epithelial cell;AC=CL:0000066	NT=cervical adenocarcinoma;AC=MONDO:0005153	NT=HeLa;AC=EFO:0001185	CVCL_0030	HeLa	30Y6M	female	not applicable	not available	NT=Dulbecco's Modified Eagle Medium;AC=NCIT:C185409	not applicable	not applicable	not applicable	NT=Quality Control Sample;AC=PRIDE:0000544	not applicable	not applicable	not applicable	1	run 489	proteomic profiling by mass spectrometry	NT=timsTOF Pro;AC=MS:1003005	NT=label free sample;AC=MS:1002038	NT=Oxidation;AC=UNIMOD:35;TA=M;MT=Variable	NT=Acetyl;AC=UNIMOD:1;PP=Protein N-term;MT=Variable	NT=Carbamidomethyl;AC=UNIMOD:4;TA=C;MT=Fixed	NT=Trypsin;AC=MS:1001251	NT=Lys-C;AC=MS:1001309	Data-dependent acquisition	NT=collision-induced dissociation;AC=MS:1000133	not available	40 ppm	not applicable	not applicable	not available	1	1	20180921_TIMS2_12-2_AnBr_SA_25ng_HeLa_50cm_60min_100ms_20kTV_11CT_1_D7_01_3026.d	v1.1.0	NT=ms-proteomics;VV=v1.1.0	NT=human;VV=v1.1.0	NT=cell-lines;VV=v1.1.0	NT=single-cell;VV=v1.0.0	not applicable
HeLa_bulk_digest_25ng	NT=Homo sapiens;AC=NCBITaxon:9606	NT=uterine cervix;AC=UBERON:0000002	NT=epithelial cell;AC=CL:0000066	NT=cervical adenocarcinoma;AC=MONDO:0005153	NT=HeLa;AC=EFO:0001185	CVCL_0030	HeLa	30Y6M	female	not applicable	not available	NT=Dulbecco's Modified Eagle Medium;AC=NCIT:C185409	not applicable	not applicable	not applicable	NT=Quality Control Sample;AC=PRIDE:0000544	not applicable	not applicable	not applicable	1	run 490	proteomic profiling by mass spectrometry	NT=timsTOF Pro;AC=MS:1003005	NT=label free sample;AC=MS:1002038	NT=Oxidation;AC=UNIMOD:35;TA=M;MT=Variable	NT=Acetyl;AC=UNIMOD:1;PP=Protein N-term;MT=Variable	NT=Carbamidomethyl;AC=UNIMOD:4;TA=C;MT=Fixed	NT=Trypsin;AC=MS:1001251	NT=Lys-C;AC=MS:1001309	Data-dependent acquisition	NT=collision-induced dissociation;AC=MS:1000133	not available	40 ppm	not applicable	not applicable	not available	1	2	20180921_TIMS2_12-2_AnBr_SA_25ng_HeLa_50cm_60min_100ms_20kTV_11CT_2_D7_01_3027.d	v1.1.0	NT=ms-proteomics;VV=v1.1.0	NT=human;VV=v1.1.0	NT=cell-lines;VV=v1.1.0	NT=single-cell;VV=v1.0.0	not applicable
HeLa_bulk_digest_3.1ng	NT=Homo sapiens;AC=NCBITaxon:9606	NT=uterine cervix;AC=UBERON:0000002	NT=epithelial cell;AC=CL:0000066	NT=cervical adenocarcinoma;AC=MONDO:0005153	NT=HeLa;AC=EFO:0001185	CVCL_0030	HeLa	30Y6M	female	not applicable	not available	NT=Dulbecco's Modified Eagle Medium;AC=NCIT:C185409	not applicable	not applicable	not applicable	NT=Quality Control Sample;AC=PRIDE:0000544	not applicable	not applicable	not applicable	1	run 491	proteomic profiling by mass spectrometry	NT=timsTOF Pro;AC=MS:1003005	NT=label free sample;AC=MS:1002038	NT=Oxidation;AC=UNIMOD:35;TA=M;MT=Variable	NT=Acetyl;AC=UNIMOD:1;PP=Protein N-term;MT=Variable	NT=Carbamidomethyl;AC=UNIMOD:4;TA=C;MT=Fixed	NT=Trypsin;AC=MS:1001251	NT=Lys-C;AC=MS:1001309	Data-dependent acquisition	NT=collision-induced dissociation;AC=MS:1000133	not available	40 ppm	not applicable	not applicable	not available	1	1	20180921_TIMS2_12-2_AnBr_SA_3_1ng_HeLa_50cm_60min_100ms_20kTV_11CT_1_D4_01_3020.d	v1.1.0	NT=ms-proteomics;VV=v1.1.0	NT=human;VV=v1.1.0	NT=cell-lines;VV=v1.1.0	NT=single-cell;VV=v1.0.0	not applicable
HeLa_bulk_digest_3.1ng	NT=Homo sapiens;AC=NCBITaxon:9606	NT=uterine cervix;AC=UBERON:0000002	NT=epithelial cell;AC=CL:0000066	NT=cervical adenocarcinoma;AC=MONDO:0005153	NT=HeLa;AC=EFO:0001185	CVCL_0030	HeLa	30Y6M	female	not applicable	not available	NT=Dulbecco's Modified Eagle Medium;AC=NCIT:C185409	not applicable	not applicable	not applicable	NT=Quality Control Sample;AC=PRIDE:0000544	not applicable	not applicable	not applicable	1	run 492	proteomic profiling by mass spectrometry	NT=timsTOF Pro;AC=MS:1003005	NT=label free sample;AC=MS:1002038	NT=Oxidation;AC=UNIMOD:35;TA=M;MT=Variable	NT=Acetyl;AC=UNIMOD:1;PP=Protein N-term;MT=Variable	NT=Carbamidomethyl;AC=UNIMOD:4;TA=C;MT=Fixed	NT=Trypsin;AC=MS:1001251	NT=Lys-C;AC=MS:1001309	Data-dependent acquisition	NT=collision-induced dissociation;AC=MS:1000133	not available	40 ppm	not applicable	not applicable	not available	1	2	20180921_TIMS2_12-2_AnBr_SA_3_1ng_HeLa_50cm_60min_100ms_20kTV_11CT_2_D4_01_3021.d	v1.1.0	NT=ms-proteomics;VV=v1.1.0	NT=human;VV=v1.1.0	NT=cell-lines;VV=v1.1.0	NT=single-cell;VV=v1.0.0	not applicable
HeLa_bulk_digest_6.2ng	NT=Homo sapiens;AC=NCBITaxon:9606	NT=uterine cervix;AC=UBERON:0000002	NT=epithelial cell;AC=CL:0000066	NT=cervical adenocarcinoma;AC=MONDO:0005153	NT=HeLa;AC=EFO:0001185	CVCL_0030	HeLa	30Y6M	female	not applicable	not available	NT=Dulbecco's Modified Eagle Medium;AC=NCIT:C185409	not applicable	not applicable	not applicable	NT=Quality Control Sample;AC=PRIDE:0000544	not applicable	not applicable	not applicable	1	run 493	proteomic profiling by mass spectrometry	NT=timsTOF Pro;AC=MS:1003005	NT=label free sample;AC=MS:1002038	NT=Oxidation;AC=UNIMOD:35;TA=M;MT=Variable	NT=Acetyl;AC=UNIMOD:1;PP=Protein N-term;MT=Variable	NT=Carbamidomethyl;AC=UNIMOD:4;TA=C;MT=Fixed	NT=Trypsin;AC=MS:1001251	NT=Lys-C;AC=MS:1001309	Data-dependent acquisition	NT=collision-induced dissociation;AC=MS:1000133	not available	40 ppm	not applicable	not applicable	not available	1	1	20180921_TIMS2_12-2_AnBr_SA_6_2ng_HeLa_50cm_60min_100ms_20kTV_11CT_1_D5_01_3022.d	v1.1.0	NT=ms-proteomics;VV=v1.1.0	NT=human;VV=v1.1.0	NT=cell-lines;VV=v1.1.0	NT=single-cell;VV=v1.0.0	not applicable
HeLa_bulk_digest_6.2ng	NT=Homo sapiens;AC=NCBITaxon:9606	NT=uterine cervix;AC=UBERON:0000002	NT=epithelial cell;AC=CL:0000066	NT=cervical adenocarcinoma;AC=MONDO:0005153	NT=HeLa;AC=EFO:0001185	CVCL_0030	HeLa	30Y6M	female	not applicable	not available	NT=Dulbecco's Modified Eagle Medium;AC=NCIT:C185409	not applicable	not applicable	not applicable	NT=Quality Control Sample;AC=PRIDE:0000544	not applicable	not applicable	not applicable	1	run 494	proteomic profiling by mass spectrometry	NT=timsTOF Pro;AC=MS:1003005	NT=label free sample;AC=MS:1002038	NT=Oxidation;AC=UNIMOD:35;TA=M;MT=Variable	NT=Acetyl;AC=UNIMOD:1;PP=Protein N-term;MT=Variable	NT=Carbamidomethyl;AC=UNIMOD:4;TA=C;MT=Fixed	NT=Trypsin;AC=MS:1001251	NT=Lys-C;AC=MS:1001309	Data-dependent acquisition	NT=collision-induced dissociation;AC=MS:1000133	not available	40 ppm	not applicable	not applicable	not available	1	2	20180921_TIMS2_12-2_AnBr_SA_6_2ng_HeLa_50cm_60min_100ms_20kTV_11CT_2_D5_01_3023.d	v1.1.0	NT=ms-proteomics;VV=v1.1.0	NT=human;VV=v1.1.0	NT=cell-lines;VV=v1.1.0	NT=single-cell;VV=v1.0.0	not applicable
HeLa_bulk_digest_1ng_diaPASEF	NT=Homo sapiens;AC=NCBITaxon:9606	NT=uterine cervix;AC=UBERON:0000002	NT=epithelial cell;AC=CL:0000066	NT=cervical adenocarcinoma;AC=MONDO:0005153	NT=HeLa;AC=EFO:0001185	CVCL_0030	HeLa	30Y6M	female	not applicable	not available	NT=Dulbecco's Modified Eagle Medium;AC=NCIT:C185409	not applicable	not applicable	not applicable	NT=Quality Control Sample;AC=PRIDE:0000544	not applicable	not applicable	not applicable	1	run 495	proteomic profiling by mass spectrometry	NT=timsTOF Pro;AC=MS:1003005	NT=label free sample;AC=MS:1002038	not available	not available	not available	NT=Trypsin;AC=MS:1001251	NT=Lys-C;AC=MS:1001309	Data-independent acquisition	NT=collision-induced dissociation;AC=MS:1000133	not available	not available	not applicable	not applicable	not available	1	1	20200827_TIMS04_EVO07_AnBr_1ng_dia_rep01_400s_30min_S1-D1_1_2944.d	v1.1.0	NT=ms-proteomics;VV=v1.1.0	NT=human;VV=v1.1.0	NT=cell-lines;VV=v1.1.0	NT=single-cell;VV=v1.0.0	not applicable
HeLa_bulk_digest_1ng_diaPASEF	NT=Homo sapiens;AC=NCBITaxon:9606	NT=uterine cervix;AC=UBERON:0000002	NT=epithelial cell;AC=CL:0000066	NT=cervical adenocarcinoma;AC=MONDO:0005153	NT=HeLa;AC=EFO:0001185	CVCL_0030	HeLa	30Y6M	female	not applicable	not available	NT=Dulbecco's Modified Eagle Medium;AC=NCIT:C185409	not applicable	not applicable	not applicable	NT=Quality Control Sample;AC=PRIDE:0000544	not applicable	not applicable	not applicable	1	run 496	proteomic profiling by mass spectrometry	NT=timsTOF Pro;AC=MS:1003005	NT=label free sample;AC=MS:1002038	not available	not available	not available	NT=Trypsin;AC=MS:1001251	NT=Lys-C;AC=MS:1001309	Data-independent acquisition	NT=collision-induced dissociation;AC=MS:1000133	not available	not available	not applicable	not applicable	not available	1	2	20200827_TIMS04_EVO07_AnBr_1ng_dia_rep01_400s_30min_S1-D2_1_2945.d	v1.1.0	NT=ms-proteomics;VV=v1.1.0	NT=human;VV=v1.1.0	NT=cell-lines;VV=v1.1.0	NT=single-cell;VV=v1.0.0	not applicable
HeLa_bulk_digest_1ng_diaPASEF	NT=Homo sapiens;AC=NCBITaxon:9606	NT=uterine cervix;AC=UBERON:0000002	NT=epithelial cell;AC=CL:0000066	NT=cervical adenocarcinoma;AC=MONDO:0005153	NT=HeLa;AC=EFO:0001185	CVCL_0030	HeLa	30Y6M	female	not applicable	not available	NT=Dulbecco's Modified Eagle Medium;AC=NCIT:C185409	not applicable	not applicable	not applicable	NT=Quality Control Sample;AC=PRIDE:0000544	not applicable	not applicable	not applicable	1	run 497	proteomic profiling by mass spectrometry	NT=timsTOF Pro;AC=MS:1003005	NT=label free sample;AC=MS:1002038	not available	not available	not available	NT=Trypsin;AC=MS:1001251	NT=Lys-C;AC=MS:1001309	Data-independent acquisition	NT=collision-induced dissociation;AC=MS:1000133	not available	not available	not applicable	not applicable	not available	1	3	20200827_TIMS04_EVO07_AnBr_1ng_dia_rep01_400s_30min_S1-D3_1_2946.d	v1.1.0	NT=ms-proteomics;VV=v1.1.0	NT=human;VV=v1.1.0	NT=cell-lines;VV=v1.1.0	NT=single-cell;VV=v1.0.0	not applicable
HeLa_bulk_digest_1ng_diaPASEF	NT=Homo sapiens;AC=NCBITaxon:9606	NT=uterine cervix;AC=UBERON:0000002	NT=epithelial cell;AC=CL:0000066	NT=cervical adenocarcinoma;AC=MONDO:0005153	NT=HeLa;AC=EFO:0001185	CVCL_0030	HeLa	30Y6M	female	not applicable	not available	NT=Dulbecco's Modified Eagle Medium;AC=NCIT:C185409	not applicable	not applicable	not applicable	NT=Quality Control Sample;AC=PRIDE:0000544	not applicable	not applicable	not applicable	1	run 498	proteomic profiling by mass spectrometry	NT=timsTOF Pro;AC=MS:1003005	NT=label free sample;AC=MS:1002038	not available	not available	not available	NT=Trypsin;AC=MS:1001251	NT=Lys-C;AC=MS:1001309	Data-independent acquisition	NT=collision-induced dissociation;AC=MS:1000133	not available	not available	not applicable	not applicable	not available	1	4	20200827_TIMS04_EVO07_AnBr_1ng_dia_rep02_400s_30min_S1-D4_1_2947.d	v1.1.0	NT=ms-proteomics;VV=v1.1.0	NT=human;VV=v1.1.0	NT=cell-lines;VV=v1.1.0	NT=single-cell;VV=v1.0.0	not applicable
HeLa_bulk_digest_1ng_diaPASEF	NT=Homo sapiens;AC=NCBITaxon:9606	NT=uterine cervix;AC=UBERON:0000002	NT=epithelial cell;AC=CL:0000066	NT=cervical adenocarcinoma;AC=MONDO:0005153	NT=HeLa;AC=EFO:0001185	CVCL_0030	HeLa	30Y6M	female	not applicable	not available	NT=Dulbecco's Modified Eagle Medium;AC=NCIT:C185409	not applicable	not applicable	not applicable	NT=Quality Control Sample;AC=PRIDE:0000544	not applicable	not applicable	not applicable	1	run 499	proteomic profiling by mass spectrometry	NT=timsTOF Pro;AC=MS:1003005	NT=label free sample;AC=MS:1002038	not available	not available	not available	NT=Trypsin;AC=MS:1001251	NT=Lys-C;AC=MS:1001309	Data-independent acquisition	NT=collision-induced dissociation;AC=MS:1000133	not available	not available	not applicable	not applicable	not available	1	5	20200827_TIMS04_EVO07_AnBr_1ng_dia_rep02_400s_30min_S1-D5_1_2948.d	v1.1.0	NT=ms-proteomics;VV=v1.1.0	NT=human;VV=v1.1.0	NT=cell-lines;VV=v1.1.0	NT=single-cell;VV=v1.0.0	not applicable
HeLa_bulk_digest_1ng_diaPASEF	NT=Homo sapiens;AC=NCBITaxon:9606	NT=uterine cervix;AC=UBERON:0000002	NT=epithelial cell;AC=CL:0000066	NT=cervical adenocarcinoma;AC=MONDO:0005153	NT=HeLa;AC=EFO:0001185	CVCL_0030	HeLa	30Y6M	female	not applicable	not available	NT=Dulbecco's Modified Eagle Medium;AC=NCIT:C185409	not applicable	not applicable	not applicable	NT=Quality Control Sample;AC=PRIDE:0000544	not applicable	not applicable	not applicable	1	run 500	proteomic profiling by mass spectrometry	NT=timsTOF Pro;AC=MS:1003005	NT=label free sample;AC=MS:1002038	not available	not available	not available	NT=Trypsin;AC=MS:1001251	NT=Lys-C;AC=MS:1001309	Data-independent acquisition	NT=collision-induced dissociation;AC=MS:1000133	not available	not available	not applicable	not applicable	not available	1	6	20200827_TIMS04_EVO07_AnBr_1ng_dia_rep02_400s_30min_S1-D6_1_2949.d	v1.1.0	NT=ms-proteomics;VV=v1.1.0	NT=human;VV=v1.1.0	NT=cell-lines;VV=v1.1.0	NT=single-cell;VV=v1.0.0	not applicable
HeLa_bulk_digest_1ng_diaPASEF	NT=Homo sapiens;AC=NCBITaxon:9606	NT=uterine cervix;AC=UBERON:0000002	NT=epithelial cell;AC=CL:0000066	NT=cervical adenocarcinoma;AC=MONDO:0005153	NT=HeLa;AC=EFO:0001185	CVCL_0030	HeLa	30Y6M	female	not applicable	not available	NT=Dulbecco's Modified Eagle Medium;AC=NCIT:C185409	not applicable	not applicable	not applicable	NT=Quality Control Sample;AC=PRIDE:0000544	not applicable	not applicable	not applicable	1	run 501	proteomic profiling by mass spectrometry	NT=timsTOF Pro;AC=MS:1003005	NT=label free sample;AC=MS:1002038	not available	not available	not available	NT=Trypsin;AC=MS:1001251	NT=Lys-C;AC=MS:1001309	Data-independent acquisition	NT=collision-induced dissociation;AC=MS:1000133	not available	not available	not applicable	not applicable	not available	1	7	20200827_TIMS04_EVO07_AnBr_1ng_dia_rep03_400s_30min_S1-D7_1_2950.d	v1.1.0	NT=ms-proteomics;VV=v1.1.0	NT=human;VV=v1.1.0	NT=cell-lines;VV=v1.1.0	NT=single-cell;VV=v1.0.0	not applicable
HeLa_bulk_digest_1ng_diaPASEF	NT=Homo sapiens;AC=NCBITaxon:9606	NT=uterine cervix;AC=UBERON:0000002	NT=epithelial cell;AC=CL:0000066	NT=cervical adenocarcinoma;AC=MONDO:0005153	NT=HeLa;AC=EFO:0001185	CVCL_0030	HeLa	30Y6M	female	not applicable	not available	NT=Dulbecco's Modified Eagle Medium;AC=NCIT:C185409	not applicable	not applicable	not applicable	NT=Quality Control Sample;AC=PRIDE:0000544	not applicable	not applicable	not applicable	1	run 502	proteomic profiling by mass spectrometry	NT=timsTOF Pro;AC=MS:1003005	NT=label free sample;AC=MS:1002038	not available	not available	not available	NT=Trypsin;AC=MS:1001251	NT=Lys-C;AC=MS:1001309	Data-independent acquisition	NT=collision-induced dissociation;AC=MS:1000133	not available	not available	not applicable	not applicable	not available	1	8	20200827_TIMS04_EVO07_AnBr_1ng_dia_rep03_400s_30min_S1-D8_1_2951.d	v1.1.0	NT=ms-proteomics;VV=v1.1.0	NT=human;VV=v1.1.0	NT=cell-lines;VV=v1.1.0	NT=single-cell;VV=v1.0.0	not applicable
HeLa_bulk_digest_1ng_diaPASEF	NT=Homo sapiens;AC=NCBITaxon:9606	NT=uterine cervix;AC=UBERON:0000002	NT=epithelial cell;AC=CL:0000066	NT=cervical adenocarcinoma;AC=MONDO:0005153	NT=HeLa;AC=EFO:0001185	CVCL_0030	HeLa	30Y6M	female	not applicable	not available	NT=Dulbecco's Modified Eagle Medium;AC=NCIT:C185409	not applicable	not applicable	not applicable	NT=Quality Control Sample;AC=PRIDE:0000544	not applicable	not applicable	not applicable	1	run 503	proteomic profiling by mass spectrometry	NT=timsTOF Pro;AC=MS:1003005	NT=label free sample;AC=MS:1002038	not available	not available	not available	NT=Trypsin;AC=MS:1001251	NT=Lys-C;AC=MS:1001309	Data-independent acquisition	NT=collision-induced dissociation;AC=MS:1000133	not available	not available	not applicable	not applicable	not available	1	9	20200827_TIMS04_EVO07_AnBr_1ng_dia_rep03_400s_30min_S1-D9_1_2952.d	v1.1.0	NT=ms-proteomics;VV=v1.1.0	NT=human;VV=v1.1.0	NT=cell-lines;VV=v1.1.0	NT=single-cell;VV=v1.0.0	not applicable
HeLa_bulk_digest_1ng_diaPASEF	NT=Homo sapiens;AC=NCBITaxon:9606	NT=uterine cervix;AC=UBERON:0000002	NT=epithelial cell;AC=CL:0000066	NT=cervical adenocarcinoma;AC=MONDO:0005153	NT=HeLa;AC=EFO:0001185	CVCL_0030	HeLa	30Y6M	female	not applicable	not available	NT=Dulbecco's Modified Eagle Medium;AC=NCIT:C185409	not applicable	not applicable	not applicable	NT=Quality Control Sample;AC=PRIDE:0000544	not applicable	not applicable	not applicable	1	run 504	proteomic profiling by mass spectrometry	NT=timsTOF Pro;AC=MS:1003005	NT=label free sample;AC=MS:1002038	not available	not available	not available	NT=Trypsin;AC=MS:1001251	NT=Lys-C;AC=MS:1001309	Data-independent acquisition	NT=collision-induced dissociation;AC=MS:1000133	not available	not available	not applicable	not applicable	not available	1	10	20200827_TIMS04_EVO07_AnBr_1ng_dia_rep04_400s_30min_S1-D10_1_2953.d	v1.1.0	NT=ms-proteomics;VV=v1.1.0	NT=human;VV=v1.1.0	NT=cell-lines;VV=v1.1.0	NT=single-cell;VV=v1.0.0	not applicable
HeLa_bulk_digest_1ng_diaPASEF	NT=Homo sapiens;AC=NCBITaxon:9606	NT=uterine cervix;AC=UBERON:0000002	NT=epithelial cell;AC=CL:0000066	NT=cervical adenocarcinoma;AC=MONDO:0005153	NT=HeLa;AC=EFO:0001185	CVCL_0030	HeLa	30Y6M	female	not applicable	not available	NT=Dulbecco's Modified Eagle Medium;AC=NCIT:C185409	not applicable	not applicable	not applicable	NT=Quality Control Sample;AC=PRIDE:0000544	not applicable	not applicable	not applicable	1	run 505	proteomic profiling by mass spectrometry	NT=timsTOF Pro;AC=MS:1003005	NT=label free sample;AC=MS:1002038	not available	not available	not available	NT=Trypsin;AC=MS:1001251	NT=Lys-C;AC=MS:1001309	Data-independent acquisition	NT=collision-induced dissociation;AC=MS:1000133	not available	not available	not applicable	not applicable	not available	1	11	20200827_TIMS04_EVO07_AnBr_1ng_dia_rep04_400s_30min_S1-D11_1_2954.d	v1.1.0	NT=ms-proteomics;VV=v1.1.0	NT=human;VV=v1.1.0	NT=cell-lines;VV=v1.1.0	NT=single-cell;VV=v1.0.0	not applicable
HeLa_bulk_digest_1ng_diaPASEF	NT=Homo sapiens;AC=NCBITaxon:9606	NT=uterine cervix;AC=UBERON:0000002	NT=epithelial cell;AC=CL:0000066	NT=cervical adenocarcinoma;AC=MONDO:0005153	NT=HeLa;AC=EFO:0001185	CVCL_0030	HeLa	30Y6M	female	not applicable	not available	NT=Dulbecco's Modified Eagle Medium;AC=NCIT:C185409	not applicable	not applicable	not applicable	NT=Quality Control Sample;AC=PRIDE:0000544	not applicable	not applicable	not applicable	1	run 506	proteomic profiling by mass spectrometry	NT=timsTOF Pro;AC=MS:1003005	NT=label free sample;AC=MS:1002038	not available	not available	not available	NT=Trypsin;AC=MS:1001251	NT=Lys-C;AC=MS:1001309	Data-independent acquisition	NT=collision-induced dissociation;AC=MS:1000133	not available	not available	not applicable	not applicable	not available	1	12	20200827_TIMS04_EVO07_AnBr_1ng_dia_rep04_400s_30min_S1-D12_1_2955.d	v1.1.0	NT=ms-proteomics;VV=v1.1.0	NT=human;VV=v1.1.0	NT=cell-lines;VV=v1.1.0	NT=single-cell;VV=v1.0.0	not applicable
HeLa_bulk_digest_1ng_diaPASEF	NT=Homo sapiens;AC=NCBITaxon:9606	NT=uterine cervix;AC=UBERON:0000002	NT=epithelial cell;AC=CL:0000066	NT=cervical adenocarcinoma;AC=MONDO:0005153	NT=HeLa;AC=EFO:0001185	CVCL_0030	HeLa	30Y6M	female	not applicable	not available	NT=Dulbecco's Modified Eagle Medium;AC=NCIT:C185409	not applicable	not applicable	not applicable	NT=Quality Control Sample;AC=PRIDE:0000544	not applicable	not applicable	not applicable	1	run 507	proteomic profiling by mass spectrometry	NT=timsTOF Pro;AC=MS:1003005	NT=label free sample;AC=MS:1002038	not available	not available	not available	NT=Trypsin;AC=MS:1001251	NT=Lys-C;AC=MS:1001309	Data-independent acquisition	NT=collision-induced dissociation;AC=MS:1000133	not available	not available	not applicable	not applicable	not available	1	13	20200827_TIMS04_EVO07_AnBr_1ng_dia_rep05_400s_30min_S1-E1_1_2956.d	v1.1.0	NT=ms-proteomics;VV=v1.1.0	NT=human;VV=v1.1.0	NT=cell-lines;VV=v1.1.0	NT=single-cell;VV=v1.0.0	not applicable
HeLa_bulk_digest_1ng_diaPASEF	NT=Homo sapiens;AC=NCBITaxon:9606	NT=uterine cervix;AC=UBERON:0000002	NT=epithelial cell;AC=CL:0000066	NT=cervical adenocarcinoma;AC=MONDO:0005153	NT=HeLa;AC=EFO:0001185	CVCL_0030	HeLa	30Y6M	female	not applicable	not available	NT=Dulbecco's Modified Eagle Medium;AC=NCIT:C185409	not applicable	not applicable	not applicable	NT=Quality Control Sample;AC=PRIDE:0000544	not applicable	not applicable	not applicable	1	run 508	proteomic profiling by mass spectrometry	NT=timsTOF Pro;AC=MS:1003005	NT=label free sample;AC=MS:1002038	not available	not available	not available	NT=Trypsin;AC=MS:1001251	NT=Lys-C;AC=MS:1001309	Data-independent acquisition	NT=collision-induced dissociation;AC=MS:1000133	not available	not available	not applicable	not applicable	not available	1	14	20200827_TIMS04_EVO07_AnBr_1ng_dia_rep05_400s_30min_S1-E2_1_2957.d	v1.1.0	NT=ms-proteomics;VV=v1.1.0	NT=human;VV=v1.1.0	NT=cell-lines;VV=v1.1.0	NT=single-cell;VV=v1.0.0	not applicable
HeLa_bulk_digest_1ng_diaPASEF	NT=Homo sapiens;AC=NCBITaxon:9606	NT=uterine cervix;AC=UBERON:0000002	NT=epithelial cell;AC=CL:0000066	NT=cervical adenocarcinoma;AC=MONDO:0005153	NT=HeLa;AC=EFO:0001185	CVCL_0030	HeLa	30Y6M	female	not applicable	not available	NT=Dulbecco's Modified Eagle Medium;AC=NCIT:C185409	not applicable	not applicable	not applicable	NT=Quality Control Sample;AC=PRIDE:0000544	not applicable	not applicable	not applicable	1	run 509	proteomic profiling by mass spectrometry	NT=timsTOF Pro;AC=MS:1003005	NT=label free sample;AC=MS:1002038	not available	not available	not available	NT=Trypsin;AC=MS:1001251	NT=Lys-C;AC=MS:1001309	Data-independent acquisition	NT=collision-induced dissociation;AC=MS:1000133	not available	not available	not applicable	not applicable	not available	1	15	20200827_TIMS04_EVO07_AnBr_1ng_dia_rep05_400s_30min_S1-E3_1_2958.d	v1.1.0	NT=ms-proteomics;VV=v1.1.0	NT=human;VV=v1.1.0	NT=cell-lines;VV=v1.1.0	NT=single-cell;VV=v1.0.0	not applicable
HeLa_bulk_digest_1ng_LC_benchmark	NT=Homo sapiens;AC=NCBITaxon:9606	NT=uterine cervix;AC=UBERON:0000002	NT=epithelial cell;AC=CL:0000066	NT=cervical adenocarcinoma;AC=MONDO:0005153	NT=HeLa;AC=EFO:0001185	CVCL_0030	HeLa	30Y6M	female	not applicable	not available	NT=Dulbecco's Modified Eagle Medium;AC=NCIT:C185409	not applicable	not applicable	not applicable	NT=Quality Control Sample;AC=PRIDE:0000544	not applicable	not applicable	not applicable	1	run 510	proteomic profiling by mass spectrometry	NT=timsTOF Pro;AC=MS:1003005	NT=label free sample;AC=MS:1002038	not available	not available	not available	NT=Trypsin;AC=MS:1001251	NT=Lys-C;AC=MS:1001309	Data-dependent acquisition	NT=collision-induced dissociation;AC=MS:1000133	not available	not available	not applicable	not applicable	not available	1	1	20201119_TIMS02_EVO06_MCT_hf21min_1ng_DDA_03_S5-C3_1_4711.d	v1.1.0	NT=ms-proteomics;VV=v1.1.0	NT=human;VV=v1.1.0	NT=cell-lines;VV=v1.1.0	NT=single-cell;VV=v1.0.0	not applicable
HeLa_bulk_digest_1ng_LC_benchmark	NT=Homo sapiens;AC=NCBITaxon:9606	NT=uterine cervix;AC=UBERON:0000002	NT=epithelial cell;AC=CL:0000066	NT=cervical adenocarcinoma;AC=MONDO:0005153	NT=HeLa;AC=EFO:0001185	CVCL_0030	HeLa	30Y6M	female	not applicable	not available	NT=Dulbecco's Modified Eagle Medium;AC=NCIT:C185409	not applicable	not applicable	not applicable	NT=Quality Control Sample;AC=PRIDE:0000544	not applicable	not applicable	not applicable	1	run 511	proteomic profiling by mass spectrometry	NT=timsTOF Pro;AC=MS:1003005	NT=label free sample;AC=MS:1002038	not available	not available	not available	NT=Trypsin;AC=MS:1001251	NT=Lys-C;AC=MS:1001309	Data-dependent acquisition	NT=collision-induced dissociation;AC=MS:1000133	not available	not available	not applicable	not applicable	not available	1	2	20201119_TIMS02_EVO06_MCT_hf21min_1ng_DDA_04_S5-C4_1_4712.d	v1.1.0	NT=ms-proteomics;VV=v1.1.0	NT=human;VV=v1.1.0	NT=cell-lines;VV=v1.1.0	NT=single-cell;VV=v1.0.0	not applicable
HeLa_bulk_digest_1ng_LC_benchmark	NT=Homo sapiens;AC=NCBITaxon:9606	NT=uterine cervix;AC=UBERON:0000002	NT=epithelial cell;AC=CL:0000066	NT=cervical adenocarcinoma;AC=MONDO:0005153	NT=HeLa;AC=EFO:0001185	CVCL_0030	HeLa	30Y6M	female	not applicable	not available	NT=Dulbecco's Modified Eagle Medium;AC=NCIT:C185409	not applicable	not applicable	not applicable	NT=Quality Control Sample;AC=PRIDE:0000544	not applicable	not applicable	not applicable	1	run 512	proteomic profiling by mass spectrometry	NT=timsTOF Pro;AC=MS:1003005	NT=label free sample;AC=MS:1002038	not available	not available	not available	NT=Trypsin;AC=MS:1001251	NT=Lys-C;AC=MS:1001309	Data-dependent acquisition	NT=collision-induced dissociation;AC=MS:1000133	not available	not available	not applicable	not applicable	not available	1	3	20201119_TIMS02_EVO06_MCT_nf30min_1ng_DDA_02_S5-C6_1_4727.d	v1.1.0	NT=ms-proteomics;VV=v1.1.0	NT=human;VV=v1.1.0	NT=cell-lines;VV=v1.1.0	NT=single-cell;VV=v1.0.0	not applicable
HeLa_bulk_digest_1ng_LC_benchmark	NT=Homo sapiens;AC=NCBITaxon:9606	NT=uterine cervix;AC=UBERON:0000002	NT=epithelial cell;AC=CL:0000066	NT=cervical adenocarcinoma;AC=MONDO:0005153	NT=HeLa;AC=EFO:0001185	CVCL_0030	HeLa	30Y6M	female	not applicable	not available	NT=Dulbecco's Modified Eagle Medium;AC=NCIT:C185409	not applicable	not applicable	not applicable	NT=Quality Control Sample;AC=PRIDE:0000544	not applicable	not applicable	not applicable	1	run 513	proteomic profiling by mass spectrometry	NT=timsTOF Pro;AC=MS:1003005	NT=label free sample;AC=MS:1002038	not available	not available	not available	NT=Trypsin;AC=MS:1001251	NT=Lys-C;AC=MS:1001309	Data-dependent acquisition	NT=collision-induced dissociation;AC=MS:1000133	not available	not available	not applicable	not applicable	not available	1	4	20201119_TIMS02_EVO06_MCT_nf30min_1ng_DDA_03_S5-C7_1_4728.d	v1.1.0	NT=ms-proteomics;VV=v1.1.0	NT=human;VV=v1.1.0	NT=cell-lines;VV=v1.1.0	NT=single-cell;VV=v1.0.0	not applicable
HeLa_bulk_digest_5ng	NT=Homo sapiens;AC=NCBITaxon:9606	NT=uterine cervix;AC=UBERON:0000002	NT=epithelial cell;AC=CL:0000066	NT=cervical adenocarcinoma;AC=MONDO:0005153	NT=HeLa;AC=EFO:0001185	CVCL_0030	HeLa	30Y6M	female	not applicable	not available	NT=Dulbecco's Modified Eagle Medium;AC=NCIT:C185409	not applicable	not applicable	not applicable	NT=Quality Control Sample;AC=PRIDE:0000544	not applicable	not applicable	not applicable	1	run 514	proteomic profiling by mass spectrometry	NT=timsTOF Pro;AC=MS:1003005	NT=label free sample;AC=MS:1002038	NT=Oxidation;AC=UNIMOD:35;TA=M;MT=Variable	NT=Acetyl;AC=UNIMOD:1;PP=Protein N-term;MT=Variable	NT=Carbamidomethyl;AC=UNIMOD:4;TA=C;MT=Fixed	NT=Trypsin;AC=MS:1001251	NT=Lys-C;AC=MS:1001309	Data-dependent acquisition	NT=collision-induced dissociation;AC=MS:1000133	not available	40 ppm	not applicable	not applicable	not available	1	1	20210119_TIMS05_ADB_SA_5ng_HeLa_06_H2_1_3577.d	v1.1.0	NT=ms-proteomics;VV=v1.1.0	NT=human;VV=v1.1.0	NT=cell-lines;VV=v1.1.0	NT=single-cell;VV=v1.0.0	not applicable
HeLa_bulk_digest_5ng	NT=Homo sapiens;AC=NCBITaxon:9606	NT=uterine cervix;AC=UBERON:0000002	NT=epithelial cell;AC=CL:0000066	NT=cervical adenocarcinoma;AC=MONDO:0005153	NT=HeLa;AC=EFO:0001185	CVCL_0030	HeLa	30Y6M	female	not applicable	not available	NT=Dulbecco's Modified Eagle Medium;AC=NCIT:C185409	not applicable	not applicable	not applicable	NT=Quality Control Sample;AC=PRIDE:0000544	not applicable	not applicable	not applicable	1	run 515	proteomic profiling by mass spectrometry	NT=timsTOF Pro;AC=MS:1003005	NT=label free sample;AC=MS:1002038	NT=Oxidation;AC=UNIMOD:35;TA=M;MT=Variable	NT=Acetyl;AC=UNIMOD:1;PP=Protein N-term;MT=Variable	NT=Carbamidomethyl;AC=UNIMOD:4;TA=C;MT=Fixed	NT=Trypsin;AC=MS:1001251	NT=Lys-C;AC=MS:1001309	Data-dependent acquisition	NT=collision-induced dissociation;AC=MS:1000133	not available	40 ppm	not applicable	not applicable	not available	1	2	20210126_TIMS04_SA_ADB_5ng_HeLa_DDA_02_H2_1_5441.d	v1.1.0	NT=ms-proteomics;VV=v1.1.0	NT=human;VV=v1.1.0	NT=cell-lines;VV=v1.1.0	NT=single-cell;VV=v1.0.0	not applicable
