source name	characteristics[organism]	characteristics[organism part]	characteristics[cell type]	characteristics[disease]	characteristics[cell line]	characteristics[cellosaurus accession]	characteristics[cellosaurus name]	characteristics[age]	characteristics[sex]	characteristics[treatment]	characteristics[sample type]	characteristics[single cell isolation protocol]	characteristics[cell identifier]	characteristics[cells per well]	characteristics[biological replicate]	assay name	technology type	comment[instrument]	comment[label]	comment[modification parameters]	comment[cleavage agent details]	comment[dissociation method]	comment[precursor mass tolerance]	comment[fragment mass tolerance]	comment[proteomics data acquisition method]	comment[dia method]	comment[scan window lower limit]	comment[scan window upper limit]	comment[isolation window width]	comment[fraction identifier]	comment[technical replicate]	comment[data file]	comment[sdrf version]	comment[sdrf template]	comment[sdrf template]	comment[sdrf template]	comment[sdrf template]	comment[sdrf template]	factor value[treatment]
U2OS_SC_IFNy_20230626_01_A7	NT=Homo sapiens;AC=NCBITaxon:9606	NT=tibia;AC=UBERON:0000979	NT=epithelial cell;AC=CL:0000066	NT=osteosarcoma;AC=MONDO:0009807	NT=U-2 OS;AC=CLO:0009454	CVCL_0042	U2OS	15Y	female	NT=Recombinant Interferon Gamma;AC=NCIT:C583	single cell	FACS	01_A7	1	1	run 1	proteomic profiling by mass spectrometry	NT=timsTOF Pro;AC=MS:1003005	NT=label free sample;AC=MS:1002038	not applicable	NT=Trypsin;AC=MS:1001251	NT=collision-induced dissociation;AC=MS:1000133	15 ppm	15 ppm	Data-independent acquisition	diaPASEF	475	1000	25	1	1	20230626_KK_SC_IFNy_01_A7_1_14074.mzML	v1.1.0	NT=ms-proteomics;VV=v1.1.0	NT=human;VV=v1.1.0	NT=cell-lines;VV=v1.1.0	NT=single-cell;VV=v1.0.0	NT=dia-acquisition;VV=v1.1.0	NT=Recombinant Interferon Gamma;AC=NCIT:C583
U2OS_SC_IFNy_20230626_02_B7	NT=Homo sapiens;AC=NCBITaxon:9606	NT=tibia;AC=UBERON:0000979	NT=epithelial cell;AC=CL:0000066	NT=osteosarcoma;AC=MONDO:0009807	NT=U-2 OS;AC=CLO:0009454	CVCL_0042	U2OS	15Y	female	NT=Recombinant Interferon Gamma;AC=NCIT:C583	single cell	FACS	02_B7	1	2	run 2	proteomic profiling by mass spectrometry	NT=timsTOF Pro;AC=MS:1003005	NT=label free sample;AC=MS:1002038	not applicable	NT=Trypsin;AC=MS:1001251	NT=collision-induced dissociation;AC=MS:1000133	15 ppm	15 ppm	Data-independent acquisition	diaPASEF	475	1000	25	1	1	20230626_KK_SC_IFNy_02_B7_1_14075.mzML	v1.1.0	NT=ms-proteomics;VV=v1.1.0	NT=human;VV=v1.1.0	NT=cell-lines;VV=v1.1.0	NT=single-cell;VV=v1.0.0	NT=dia-acquisition;VV=v1.1.0	NT=Recombinant Interferon Gamma;AC=NCIT:C583
U2OS_SC_IFNy_20230626_03_C7	NT=Homo sapiens;AC=NCBITaxon:9606	NT=tibia;AC=UBERON:0000979	NT=epithelial cell;AC=CL:0000066	NT=osteosarcoma;AC=MONDO:0009807	NT=U-2 OS;AC=CLO:0009454	CVCL_0042	U2OS	15Y	female	NT=Recombinant Interferon Gamma;AC=NCIT:C583	single cell	FACS	03_C7	1	3	run 3	proteomic profiling by mass spectrometry	NT=timsTOF Pro;AC=MS:1003005	NT=label free sample;AC=MS:1002038	not applicable	NT=Trypsin;AC=MS:1001251	NT=collision-induced dissociation;AC=MS:1000133	15 ppm	15 ppm	Data-independent acquisition	diaPASEF	475	1000	25	1	1	20230626_KK_SC_IFNy_03_C7_1_14076.mzML	v1.1.0	NT=ms-proteomics;VV=v1.1.0	NT=human;VV=v1.1.0	NT=cell-lines;VV=v1.1.0	NT=single-cell;VV=v1.0.0	NT=dia-acquisition;VV=v1.1.0	NT=Recombinant Interferon Gamma;AC=NCIT:C583
U2OS_SC_IFNy_20230626_04_D7	NT=Homo sapiens;AC=NCBITaxon:9606	NT=tibia;AC=UBERON:0000979	NT=epithelial cell;AC=CL:0000066	NT=osteosarcoma;AC=MONDO:0009807	NT=U-2 OS;AC=CLO:0009454	CVCL_0042	U2OS	15Y	female	NT=Recombinant Interferon Gamma;AC=NCIT:C583	single cell	FACS	04_D7	1	4	run 4	proteomic profiling by mass spectrometry	NT=timsTOF Pro;AC=MS:1003005	NT=label free sample;AC=MS:1002038	not applicable	NT=Trypsin;AC=MS:1001251	NT=collision-induced dissociation;AC=MS:1000133	15 ppm	15 ppm	Data-independent acquisition	diaPASEF	475	1000	25	1	1	20230626_KK_SC_IFNy_04_D7_1_14077.mzML	v1.1.0	NT=ms-proteomics;VV=v1.1.0	NT=human;VV=v1.1.0	NT=cell-lines;VV=v1.1.0	NT=single-cell;VV=v1.0.0	NT=dia-acquisition;VV=v1.1.0	NT=Recombinant Interferon Gamma;AC=NCIT:C583
U2OS_SC_IFNy_20230626_05_E7	NT=Homo sapiens;AC=NCBITaxon:9606	NT=tibia;AC=UBERON:0000979	NT=epithelial cell;AC=CL:0000066	NT=osteosarcoma;AC=MONDO:0009807	NT=U-2 OS;AC=CLO:0009454	CVCL_0042	U2OS	15Y	female	NT=Recombinant Interferon Gamma;AC=NCIT:C583	single cell	FACS	05_E7	1	5	run 5	proteomic profiling by mass spectrometry	NT=timsTOF Pro;AC=MS:1003005	NT=label free sample;AC=MS:1002038	not applicable	NT=Trypsin;AC=MS:1001251	NT=collision-induced dissociation;AC=MS:1000133	15 ppm	15 ppm	Data-independent acquisition	diaPASEF	475	1000	25	1	1	20230626_KK_SC_IFNy_05_E7_1_14078.mzML	v1.1.0	NT=ms-proteomics;VV=v1.1.0	NT=human;VV=v1.1.0	NT=cell-lines;VV=v1.1.0	NT=single-cell;VV=v1.0.0	NT=dia-acquisition;VV=v1.1.0	NT=Recombinant Interferon Gamma;AC=NCIT:C583
U2OS_SC_IFNy_20230626_06_F7	NT=Homo sapiens;AC=NCBITaxon:9606	NT=tibia;AC=UBERON:0000979	NT=epithelial cell;AC=CL:0000066	NT=osteosarcoma;AC=MONDO:0009807	NT=U-2 OS;AC=CLO:0009454	CVCL_0042	U2OS	15Y	female	NT=Recombinant Interferon Gamma;AC=NCIT:C583	single cell	FACS	06_F7	1	6	run 6	proteomic profiling by mass spectrometry	NT=timsTOF Pro;AC=MS:1003005	NT=label free sample;AC=MS:1002038	not applicable	NT=Trypsin;AC=MS:1001251	NT=collision-induced dissociation;AC=MS:1000133	15 ppm	15 ppm	Data-independent acquisition	diaPASEF	475	1000	25	1	1	20230626_KK_SC_IFNy_06_F7_1_14079.mzML	v1.1.0	NT=ms-proteomics;VV=v1.1.0	NT=human;VV=v1.1.0	NT=cell-lines;VV=v1.1.0	NT=single-cell;VV=v1.0.0	NT=dia-acquisition;VV=v1.1.0	NT=Recombinant Interferon Gamma;AC=NCIT:C583
U2OS_SC_IFNy_20230626_07_G7	NT=Homo sapiens;AC=NCBITaxon:9606	NT=tibia;AC=UBERON:0000979	NT=epithelial cell;AC=CL:0000066	NT=osteosarcoma;AC=MONDO:0009807	NT=U-2 OS;AC=CLO:0009454	CVCL_0042	U2OS	15Y	female	NT=Recombinant Interferon Gamma;AC=NCIT:C583	single cell	FACS	07_G7	1	7	run 7	proteomic profiling by mass spectrometry	NT=timsTOF Pro;AC=MS:1003005	NT=label free sample;AC=MS:1002038	not applicable	NT=Trypsin;AC=MS:1001251	NT=collision-induced dissociation;AC=MS:1000133	15 ppm	15 ppm	Data-independent acquisition	diaPASEF	475	1000	25	1	1	20230626_KK_SC_IFNy_07_G7_1_14080.mzML	v1.1.0	NT=ms-proteomics;VV=v1.1.0	NT=human;VV=v1.1.0	NT=cell-lines;VV=v1.1.0	NT=single-cell;VV=v1.0.0	NT=dia-acquisition;VV=v1.1.0	NT=Recombinant Interferon Gamma;AC=NCIT:C583
U2OS_SC_IFNy_20230626_09_A8	NT=Homo sapiens;AC=NCBITaxon:9606	NT=tibia;AC=UBERON:0000979	NT=epithelial cell;AC=CL:0000066	NT=osteosarcoma;AC=MONDO:0009807	NT=U-2 OS;AC=CLO:0009454	CVCL_0042	U2OS	15Y	female	NT=Recombinant Interferon Gamma;AC=NCIT:C583	single cell	FACS	09_A8	1	8	run 8	proteomic profiling by mass spectrometry	NT=timsTOF Pro;AC=MS:1003005	NT=label free sample;AC=MS:1002038	not applicable	NT=Trypsin;AC=MS:1001251	NT=collision-induced dissociation;AC=MS:1000133	15 ppm	15 ppm	Data-independent acquisition	diaPASEF	475	1000	25	1	1	20230626_KK_SC_IFNy_09_A8_1_14083.mzML	v1.1.0	NT=ms-proteomics;VV=v1.1.0	NT=human;VV=v1.1.0	NT=cell-lines;VV=v1.1.0	NT=single-cell;VV=v1.0.0	NT=dia-acquisition;VV=v1.1.0	NT=Recombinant Interferon Gamma;AC=NCIT:C583
U2OS_SC_IFNy_20230626_10_B8	NT=Homo sapiens;AC=NCBITaxon:9606	NT=tibia;AC=UBERON:0000979	NT=epithelial cell;AC=CL:0000066	NT=osteosarcoma;AC=MONDO:0009807	NT=U-2 OS;AC=CLO:0009454	CVCL_0042	U2OS	15Y	female	NT=Recombinant Interferon Gamma;AC=NCIT:C583	single cell	FACS	10_B8	1	9	run 9	proteomic profiling by mass spectrometry	NT=timsTOF Pro;AC=MS:1003005	NT=label free sample;AC=MS:1002038	not applicable	NT=Trypsin;AC=MS:1001251	NT=collision-induced dissociation;AC=MS:1000133	15 ppm	15 ppm	Data-independent acquisition	diaPASEF	475	1000	25	1	1	20230626_KK_SC_IFNy_10_B8_1_14084.mzML	v1.1.0	NT=ms-proteomics;VV=v1.1.0	NT=human;VV=v1.1.0	NT=cell-lines;VV=v1.1.0	NT=single-cell;VV=v1.0.0	NT=dia-acquisition;VV=v1.1.0	NT=Recombinant Interferon Gamma;AC=NCIT:C583
U2OS_SC_IFNy_20230626_11_A6	NT=Homo sapiens;AC=NCBITaxon:9606	NT=tibia;AC=UBERON:0000979	NT=epithelial cell;AC=CL:0000066	NT=osteosarcoma;AC=MONDO:0009807	NT=U-2 OS;AC=CLO:0009454	CVCL_0042	U2OS	15Y	female	NT=Recombinant Interferon Gamma;AC=NCIT:C583	single cell	FACS	11_A6	1	10	run 10	proteomic profiling by mass spectrometry	NT=timsTOF Pro;AC=MS:1003005	NT=label free sample;AC=MS:1002038	not applicable	NT=Trypsin;AC=MS:1001251	NT=collision-induced dissociation;AC=MS:1000133	15 ppm	15 ppm	Data-independent acquisition	diaPASEF	475	1000	25	1	1	20230626_KK_SC_IFNy_11_A6_1_14089.mzML	v1.1.0	NT=ms-proteomics;VV=v1.1.0	NT=human;VV=v1.1.0	NT=cell-lines;VV=v1.1.0	NT=single-cell;VV=v1.0.0	NT=dia-acquisition;VV=v1.1.0	NT=Recombinant Interferon Gamma;AC=NCIT:C583
U2OS_SC_IFNy_20230626_12_B6	NT=Homo sapiens;AC=NCBITaxon:9606	NT=tibia;AC=UBERON:0000979	NT=epithelial cell;AC=CL:0000066	NT=osteosarcoma;AC=MONDO:0009807	NT=U-2 OS;AC=CLO:0009454	CVCL_0042	U2OS	15Y	female	NT=Recombinant Interferon Gamma;AC=NCIT:C583	single cell	FACS	12_B6	1	11	run 11	proteomic profiling by mass spectrometry	NT=timsTOF Pro;AC=MS:1003005	NT=label free sample;AC=MS:1002038	not applicable	NT=Trypsin;AC=MS:1001251	NT=collision-induced dissociation;AC=MS:1000133	15 ppm	15 ppm	Data-independent acquisition	diaPASEF	475	1000	25	1	1	20230626_KK_SC_IFNy_12_B6_1_14090.mzML	v1.1.0	NT=ms-proteomics;VV=v1.1.0	NT=human;VV=v1.1.0	NT=cell-lines;VV=v1.1.0	NT=single-cell;VV=v1.0.0	NT=dia-acquisition;VV=v1.1.0	NT=Recombinant Interferon Gamma;AC=NCIT:C583
U2OS_SC_IFNy_20230626_13_C6	NT=Homo sapiens;AC=NCBITaxon:9606	NT=tibia;AC=UBERON:0000979	NT=epithelial cell;AC=CL:0000066	NT=osteosarcoma;AC=MONDO:0009807	NT=U-2 OS;AC=CLO:0009454	CVCL_0042	U2OS	15Y	female	NT=Recombinant Interferon Gamma;AC=NCIT:C583	single cell	FACS	13_C6	1	12	run 12	proteomic profiling by mass spectrometry	NT=timsTOF Pro;AC=MS:1003005	NT=label free sample;AC=MS:1002038	not applicable	NT=Trypsin;AC=MS:1001251	NT=collision-induced dissociation;AC=MS:1000133	15 ppm	15 ppm	Data-independent acquisition	diaPASEF	475	1000	25	1	1	20230626_KK_SC_IFNy_13_C6_1_14091.mzML	v1.1.0	NT=ms-proteomics;VV=v1.1.0	NT=human;VV=v1.1.0	NT=cell-lines;VV=v1.1.0	NT=single-cell;VV=v1.0.0	NT=dia-acquisition;VV=v1.1.0	NT=Recombinant Interferon Gamma;AC=NCIT:C583
U2OS_SC_IFNy_20230626_14_D6	NT=Homo sapiens;AC=NCBITaxon:9606	NT=tibia;AC=UBERON:0000979	NT=epithelial cell;AC=CL:0000066	NT=osteosarcoma;AC=MONDO:0009807	NT=U-2 OS;AC=CLO:0009454	CVCL_0042	U2OS	15Y	female	NT=Recombinant Interferon Gamma;AC=NCIT:C583	single cell	FACS	14_D6	1	13	run 13	proteomic profiling by mass spectrometry	NT=timsTOF Pro;AC=MS:1003005	NT=label free sample;AC=MS:1002038	not applicable	NT=Trypsin;AC=MS:1001251	NT=collision-induced dissociation;AC=MS:1000133	15 ppm	15 ppm	Data-independent acquisition	diaPASEF	475	1000	25	1	1	20230626_KK_SC_IFNy_14_D6_1_14092.mzML	v1.1.0	NT=ms-proteomics;VV=v1.1.0	NT=human;VV=v1.1.0	NT=cell-lines;VV=v1.1.0	NT=single-cell;VV=v1.0.0	NT=dia-acquisition;VV=v1.1.0	NT=Recombinant Interferon Gamma;AC=NCIT:C583
U2OS_SC_IFNy_20230626_15_E6	NT=Homo sapiens;AC=NCBITaxon:9606	NT=tibia;AC=UBERON:0000979	NT=epithelial cell;AC=CL:0000066	NT=osteosarcoma;AC=MONDO:0009807	NT=U-2 OS;AC=CLO:0009454	CVCL_0042	U2OS	15Y	female	NT=Recombinant Interferon Gamma;AC=NCIT:C583	single cell	FACS	15_E6	1	14	run 14	proteomic profiling by mass spectrometry	NT=timsTOF Pro;AC=MS:1003005	NT=label free sample;AC=MS:1002038	not applicable	NT=Trypsin;AC=MS:1001251	NT=collision-induced dissociation;AC=MS:1000133	15 ppm	15 ppm	Data-independent acquisition	diaPASEF	475	1000	25	1	1	20230626_KK_SC_IFNy_15_E6_1_14093.mzML	v1.1.0	NT=ms-proteomics;VV=v1.1.0	NT=human;VV=v1.1.0	NT=cell-lines;VV=v1.1.0	NT=single-cell;VV=v1.0.0	NT=dia-acquisition;VV=v1.1.0	NT=Recombinant Interferon Gamma;AC=NCIT:C583
U2OS_SC_IFNy_20230626_16_F6	NT=Homo sapiens;AC=NCBITaxon:9606	NT=tibia;AC=UBERON:0000979	NT=epithelial cell;AC=CL:0000066	NT=osteosarcoma;AC=MONDO:0009807	NT=U-2 OS;AC=CLO:0009454	CVCL_0042	U2OS	15Y	female	NT=Recombinant Interferon Gamma;AC=NCIT:C583	single cell	FACS	16_F6	1	15	run 15	proteomic profiling by mass spectrometry	NT=timsTOF Pro;AC=MS:1003005	NT=label free sample;AC=MS:1002038	not applicable	NT=Trypsin;AC=MS:1001251	NT=collision-induced dissociation;AC=MS:1000133	15 ppm	15 ppm	Data-independent acquisition	diaPASEF	475	1000	25	1	1	20230626_KK_SC_IFNy_16_F6_1_14094.mzML	v1.1.0	NT=ms-proteomics;VV=v1.1.0	NT=human;VV=v1.1.0	NT=cell-lines;VV=v1.1.0	NT=single-cell;VV=v1.0.0	NT=dia-acquisition;VV=v1.1.0	NT=Recombinant Interferon Gamma;AC=NCIT:C583
U2OS_SC_IFNy_20230626_17_G6	NT=Homo sapiens;AC=NCBITaxon:9606	NT=tibia;AC=UBERON:0000979	NT=epithelial cell;AC=CL:0000066	NT=osteosarcoma;AC=MONDO:0009807	NT=U-2 OS;AC=CLO:0009454	CVCL_0042	U2OS	15Y	female	NT=Recombinant Interferon Gamma;AC=NCIT:C583	single cell	FACS	17_G6	1	16	run 16	proteomic profiling by mass spectrometry	NT=timsTOF Pro;AC=MS:1003005	NT=label free sample;AC=MS:1002038	not applicable	NT=Trypsin;AC=MS:1001251	NT=collision-induced dissociation;AC=MS:1000133	15 ppm	15 ppm	Data-independent acquisition	diaPASEF	475	1000	25	1	1	20230626_KK_SC_IFNy_17_G6_1_14095.mzML	v1.1.0	NT=ms-proteomics;VV=v1.1.0	NT=human;VV=v1.1.0	NT=cell-lines;VV=v1.1.0	NT=single-cell;VV=v1.0.0	NT=dia-acquisition;VV=v1.1.0	NT=Recombinant Interferon Gamma;AC=NCIT:C583
U2OS_SC_IFNy_20230626_19_A7	NT=Homo sapiens;AC=NCBITaxon:9606	NT=tibia;AC=UBERON:0000979	NT=epithelial cell;AC=CL:0000066	NT=osteosarcoma;AC=MONDO:0009807	NT=U-2 OS;AC=CLO:0009454	CVCL_0042	U2OS	15Y	female	NT=Recombinant Interferon Gamma;AC=NCIT:C583	single cell	FACS	19_A7	1	17	run 17	proteomic profiling by mass spectrometry	NT=timsTOF Pro;AC=MS:1003005	NT=label free sample;AC=MS:1002038	not applicable	NT=Trypsin;AC=MS:1001251	NT=collision-induced dissociation;AC=MS:1000133	15 ppm	15 ppm	Data-independent acquisition	diaPASEF	475	1000	25	1	1	20230626_KK_SC_IFNy_19_A7_1_14107.mzML	v1.1.0	NT=ms-proteomics;VV=v1.1.0	NT=human;VV=v1.1.0	NT=cell-lines;VV=v1.1.0	NT=single-cell;VV=v1.0.0	NT=dia-acquisition;VV=v1.1.0	NT=Recombinant Interferon Gamma;AC=NCIT:C583
U2OS_SC_IFNy_20230626_20_B7	NT=Homo sapiens;AC=NCBITaxon:9606	NT=tibia;AC=UBERON:0000979	NT=epithelial cell;AC=CL:0000066	NT=osteosarcoma;AC=MONDO:0009807	NT=U-2 OS;AC=CLO:0009454	CVCL_0042	U2OS	15Y	female	NT=Recombinant Interferon Gamma;AC=NCIT:C583	single cell	FACS	20_B7	1	18	run 18	proteomic profiling by mass spectrometry	NT=timsTOF Pro;AC=MS:1003005	NT=label free sample;AC=MS:1002038	not applicable	NT=Trypsin;AC=MS:1001251	NT=collision-induced dissociation;AC=MS:1000133	15 ppm	15 ppm	Data-independent acquisition	diaPASEF	475	1000	25	1	1	20230626_KK_SC_IFNy_20_B7_1_14108.mzML	v1.1.0	NT=ms-proteomics;VV=v1.1.0	NT=human;VV=v1.1.0	NT=cell-lines;VV=v1.1.0	NT=single-cell;VV=v1.0.0	NT=dia-acquisition;VV=v1.1.0	NT=Recombinant Interferon Gamma;AC=NCIT:C583
U2OS_SC_IFNy_20230626_21_C7	NT=Homo sapiens;AC=NCBITaxon:9606	NT=tibia;AC=UBERON:0000979	NT=epithelial cell;AC=CL:0000066	NT=osteosarcoma;AC=MONDO:0009807	NT=U-2 OS;AC=CLO:0009454	CVCL_0042	U2OS	15Y	female	NT=Recombinant Interferon Gamma;AC=NCIT:C583	single cell	FACS	21_C7	1	19	run 19	proteomic profiling by mass spectrometry	NT=timsTOF Pro;AC=MS:1003005	NT=label free sample;AC=MS:1002038	not applicable	NT=Trypsin;AC=MS:1001251	NT=collision-induced dissociation;AC=MS:1000133	15 ppm	15 ppm	Data-independent acquisition	diaPASEF	475	1000	25	1	1	20230626_KK_SC_IFNy_21_C7_1_14109.mzML	v1.1.0	NT=ms-proteomics;VV=v1.1.0	NT=human;VV=v1.1.0	NT=cell-lines;VV=v1.1.0	NT=single-cell;VV=v1.0.0	NT=dia-acquisition;VV=v1.1.0	NT=Recombinant Interferon Gamma;AC=NCIT:C583
U2OS_SC_IFNy_20230626_22_D7	NT=Homo sapiens;AC=NCBITaxon:9606	NT=tibia;AC=UBERON:0000979	NT=epithelial cell;AC=CL:0000066	NT=osteosarcoma;AC=MONDO:0009807	NT=U-2 OS;AC=CLO:0009454	CVCL_0042	U2OS	15Y	female	NT=Recombinant Interferon Gamma;AC=NCIT:C583	single cell	FACS	22_D7	1	20	run 20	proteomic profiling by mass spectrometry	NT=timsTOF Pro;AC=MS:1003005	NT=label free sample;AC=MS:1002038	not applicable	NT=Trypsin;AC=MS:1001251	NT=collision-induced dissociation;AC=MS:1000133	15 ppm	15 ppm	Data-independent acquisition	diaPASEF	475	1000	25	1	1	20230626_KK_SC_IFNy_22_D7_1_14110.mzML	v1.1.0	NT=ms-proteomics;VV=v1.1.0	NT=human;VV=v1.1.0	NT=cell-lines;VV=v1.1.0	NT=single-cell;VV=v1.0.0	NT=dia-acquisition;VV=v1.1.0	NT=Recombinant Interferon Gamma;AC=NCIT:C583
U2OS_SC_IFNy_20230626_23_E7	NT=Homo sapiens;AC=NCBITaxon:9606	NT=tibia;AC=UBERON:0000979	NT=epithelial cell;AC=CL:0000066	NT=osteosarcoma;AC=MONDO:0009807	NT=U-2 OS;AC=CLO:0009454	CVCL_0042	U2OS	15Y	female	NT=Recombinant Interferon Gamma;AC=NCIT:C583	single cell	FACS	23_E7	1	21	run 21	proteomic profiling by mass spectrometry	NT=timsTOF Pro;AC=MS:1003005	NT=label free sample;AC=MS:1002038	not applicable	NT=Trypsin;AC=MS:1001251	NT=collision-induced dissociation;AC=MS:1000133	15 ppm	15 ppm	Data-independent acquisition	diaPASEF	475	1000	25	1	1	20230626_KK_SC_IFNy_23_E7_1_14111.mzML	v1.1.0	NT=ms-proteomics;VV=v1.1.0	NT=human;VV=v1.1.0	NT=cell-lines;VV=v1.1.0	NT=single-cell;VV=v1.0.0	NT=dia-acquisition;VV=v1.1.0	NT=Recombinant Interferon Gamma;AC=NCIT:C583
U2OS_SC_IFNy_20230626_24_F7	NT=Homo sapiens;AC=NCBITaxon:9606	NT=tibia;AC=UBERON:0000979	NT=epithelial cell;AC=CL:0000066	NT=osteosarcoma;AC=MONDO:0009807	NT=U-2 OS;AC=CLO:0009454	CVCL_0042	U2OS	15Y	female	NT=Recombinant Interferon Gamma;AC=NCIT:C583	single cell	FACS	24_F7	1	22	run 22	proteomic profiling by mass spectrometry	NT=timsTOF Pro;AC=MS:1003005	NT=label free sample;AC=MS:1002038	not applicable	NT=Trypsin;AC=MS:1001251	NT=collision-induced dissociation;AC=MS:1000133	15 ppm	15 ppm	Data-independent acquisition	diaPASEF	475	1000	25	1	1	20230626_KK_SC_IFNy_24_F7_1_14112.mzML	v1.1.0	NT=ms-proteomics;VV=v1.1.0	NT=human;VV=v1.1.0	NT=cell-lines;VV=v1.1.0	NT=single-cell;VV=v1.0.0	NT=dia-acquisition;VV=v1.1.0	NT=Recombinant Interferon Gamma;AC=NCIT:C583
U2OS_SC_IFNy_20230626_25_G7	NT=Homo sapiens;AC=NCBITaxon:9606	NT=tibia;AC=UBERON:0000979	NT=epithelial cell;AC=CL:0000066	NT=osteosarcoma;AC=MONDO:0009807	NT=U-2 OS;AC=CLO:0009454	CVCL_0042	U2OS	15Y	female	NT=Recombinant Interferon Gamma;AC=NCIT:C583	single cell	FACS	25_G7	1	23	run 23	proteomic profiling by mass spectrometry	NT=timsTOF Pro;AC=MS:1003005	NT=label free sample;AC=MS:1002038	not applicable	NT=Trypsin;AC=MS:1001251	NT=collision-induced dissociation;AC=MS:1000133	15 ppm	15 ppm	Data-independent acquisition	diaPASEF	475	1000	25	1	1	20230626_KK_SC_IFNy_25_G7_1_14113.mzML	v1.1.0	NT=ms-proteomics;VV=v1.1.0	NT=human;VV=v1.1.0	NT=cell-lines;VV=v1.1.0	NT=single-cell;VV=v1.0.0	NT=dia-acquisition;VV=v1.1.0	NT=Recombinant Interferon Gamma;AC=NCIT:C583
U2OS_SC_IFNy_20230626_27_A8	NT=Homo sapiens;AC=NCBITaxon:9606	NT=tibia;AC=UBERON:0000979	NT=epithelial cell;AC=CL:0000066	NT=osteosarcoma;AC=MONDO:0009807	NT=U-2 OS;AC=CLO:0009454	CVCL_0042	U2OS	15Y	female	NT=Recombinant Interferon Gamma;AC=NCIT:C583	single cell	FACS	27_A8	1	24	run 24	proteomic profiling by mass spectrometry	NT=timsTOF Pro;AC=MS:1003005	NT=label free sample;AC=MS:1002038	not applicable	NT=Trypsin;AC=MS:1001251	NT=collision-induced dissociation;AC=MS:1000133	15 ppm	15 ppm	Data-independent acquisition	diaPASEF	475	1000	25	1	1	20230626_KK_SC_IFNy_27_A8_1_14125.mzML	v1.1.0	NT=ms-proteomics;VV=v1.1.0	NT=human;VV=v1.1.0	NT=cell-lines;VV=v1.1.0	NT=single-cell;VV=v1.0.0	NT=dia-acquisition;VV=v1.1.0	NT=Recombinant Interferon Gamma;AC=NCIT:C583
U2OS_SC_IFNy_20230626_28_B8	NT=Homo sapiens;AC=NCBITaxon:9606	NT=tibia;AC=UBERON:0000979	NT=epithelial cell;AC=CL:0000066	NT=osteosarcoma;AC=MONDO:0009807	NT=U-2 OS;AC=CLO:0009454	CVCL_0042	U2OS	15Y	female	NT=Recombinant Interferon Gamma;AC=NCIT:C583	single cell	FACS	28_B8	1	25	run 25	proteomic profiling by mass spectrometry	NT=timsTOF Pro;AC=MS:1003005	NT=label free sample;AC=MS:1002038	not applicable	NT=Trypsin;AC=MS:1001251	NT=collision-induced dissociation;AC=MS:1000133	15 ppm	15 ppm	Data-independent acquisition	diaPASEF	475	1000	25	1	1	20230626_KK_SC_IFNy_28_B8_1_14126.mzML	v1.1.0	NT=ms-proteomics;VV=v1.1.0	NT=human;VV=v1.1.0	NT=cell-lines;VV=v1.1.0	NT=single-cell;VV=v1.0.0	NT=dia-acquisition;VV=v1.1.0	NT=Recombinant Interferon Gamma;AC=NCIT:C583
U2OS_SC_IFNy_20230626_29_C8	NT=Homo sapiens;AC=NCBITaxon:9606	NT=tibia;AC=UBERON:0000979	NT=epithelial cell;AC=CL:0000066	NT=osteosarcoma;AC=MONDO:0009807	NT=U-2 OS;AC=CLO:0009454	CVCL_0042	U2OS	15Y	female	NT=Recombinant Interferon Gamma;AC=NCIT:C583	single cell	FACS	29_C8	1	26	run 26	proteomic profiling by mass spectrometry	NT=timsTOF Pro;AC=MS:1003005	NT=label free sample;AC=MS:1002038	not applicable	NT=Trypsin;AC=MS:1001251	NT=collision-induced dissociation;AC=MS:1000133	15 ppm	15 ppm	Data-independent acquisition	diaPASEF	475	1000	25	1	1	20230626_KK_SC_IFNy_29_C8_1_14127.mzML	v1.1.0	NT=ms-proteomics;VV=v1.1.0	NT=human;VV=v1.1.0	NT=cell-lines;VV=v1.1.0	NT=single-cell;VV=v1.0.0	NT=dia-acquisition;VV=v1.1.0	NT=Recombinant Interferon Gamma;AC=NCIT:C583
U2OS_SC_IFNy_20230626_30_D8	NT=Homo sapiens;AC=NCBITaxon:9606	NT=tibia;AC=UBERON:0000979	NT=epithelial cell;AC=CL:0000066	NT=osteosarcoma;AC=MONDO:0009807	NT=U-2 OS;AC=CLO:0009454	CVCL_0042	U2OS	15Y	female	NT=Recombinant Interferon Gamma;AC=NCIT:C583	single cell	FACS	30_D8	1	27	run 27	proteomic profiling by mass spectrometry	NT=timsTOF Pro;AC=MS:1003005	NT=label free sample;AC=MS:1002038	not applicable	NT=Trypsin;AC=MS:1001251	NT=collision-induced dissociation;AC=MS:1000133	15 ppm	15 ppm	Data-independent acquisition	diaPASEF	475	1000	25	1	1	20230626_KK_SC_IFNy_30_D8_1_14128.mzML	v1.1.0	NT=ms-proteomics;VV=v1.1.0	NT=human;VV=v1.1.0	NT=cell-lines;VV=v1.1.0	NT=single-cell;VV=v1.0.0	NT=dia-acquisition;VV=v1.1.0	NT=Recombinant Interferon Gamma;AC=NCIT:C583
U2OS_SC_IFNy_20230626_31_E8	NT=Homo sapiens;AC=NCBITaxon:9606	NT=tibia;AC=UBERON:0000979	NT=epithelial cell;AC=CL:0000066	NT=osteosarcoma;AC=MONDO:0009807	NT=U-2 OS;AC=CLO:0009454	CVCL_0042	U2OS	15Y	female	NT=Recombinant Interferon Gamma;AC=NCIT:C583	single cell	FACS	31_E8	1	28	run 28	proteomic profiling by mass spectrometry	NT=timsTOF Pro;AC=MS:1003005	NT=label free sample;AC=MS:1002038	not applicable	NT=Trypsin;AC=MS:1001251	NT=collision-induced dissociation;AC=MS:1000133	15 ppm	15 ppm	Data-independent acquisition	diaPASEF	475	1000	25	1	1	20230626_KK_SC_IFNy_31_E8_1_14129.mzML	v1.1.0	NT=ms-proteomics;VV=v1.1.0	NT=human;VV=v1.1.0	NT=cell-lines;VV=v1.1.0	NT=single-cell;VV=v1.0.0	NT=dia-acquisition;VV=v1.1.0	NT=Recombinant Interferon Gamma;AC=NCIT:C583
U2OS_SC_IFNy_20230626_32_F8	NT=Homo sapiens;AC=NCBITaxon:9606	NT=tibia;AC=UBERON:0000979	NT=epithelial cell;AC=CL:0000066	NT=osteosarcoma;AC=MONDO:0009807	NT=U-2 OS;AC=CLO:0009454	CVCL_0042	U2OS	15Y	female	NT=Recombinant Interferon Gamma;AC=NCIT:C583	single cell	FACS	32_F8	1	29	run 29	proteomic profiling by mass spectrometry	NT=timsTOF Pro;AC=MS:1003005	NT=label free sample;AC=MS:1002038	not applicable	NT=Trypsin;AC=MS:1001251	NT=collision-induced dissociation;AC=MS:1000133	15 ppm	15 ppm	Data-independent acquisition	diaPASEF	475	1000	25	1	1	20230626_KK_SC_IFNy_32_F8_1_14130.mzML	v1.1.0	NT=ms-proteomics;VV=v1.1.0	NT=human;VV=v1.1.0	NT=cell-lines;VV=v1.1.0	NT=single-cell;VV=v1.0.0	NT=dia-acquisition;VV=v1.1.0	NT=Recombinant Interferon Gamma;AC=NCIT:C583
U2OS_SC_IFNy_20230626_33_G8	NT=Homo sapiens;AC=NCBITaxon:9606	NT=tibia;AC=UBERON:0000979	NT=epithelial cell;AC=CL:0000066	NT=osteosarcoma;AC=MONDO:0009807	NT=U-2 OS;AC=CLO:0009454	CVCL_0042	U2OS	15Y	female	NT=Recombinant Interferon Gamma;AC=NCIT:C583	single cell	FACS	33_G8	1	30	run 30	proteomic profiling by mass spectrometry	NT=timsTOF Pro;AC=MS:1003005	NT=label free sample;AC=MS:1002038	not applicable	NT=Trypsin;AC=MS:1001251	NT=collision-induced dissociation;AC=MS:1000133	15 ppm	15 ppm	Data-independent acquisition	diaPASEF	475	1000	25	1	1	20230626_KK_SC_IFNy_33_G8_1_14131.mzML	v1.1.0	NT=ms-proteomics;VV=v1.1.0	NT=human;VV=v1.1.0	NT=cell-lines;VV=v1.1.0	NT=single-cell;VV=v1.0.0	NT=dia-acquisition;VV=v1.1.0	NT=Recombinant Interferon Gamma;AC=NCIT:C583
U2OS_SC_IFNy_20230626_35_A9	NT=Homo sapiens;AC=NCBITaxon:9606	NT=tibia;AC=UBERON:0000979	NT=epithelial cell;AC=CL:0000066	NT=osteosarcoma;AC=MONDO:0009807	NT=U-2 OS;AC=CLO:0009454	CVCL_0042	U2OS	15Y	female	NT=Recombinant Interferon Gamma;AC=NCIT:C583	single cell	FACS	35_A9	1	31	run 31	proteomic profiling by mass spectrometry	NT=timsTOF Pro;AC=MS:1003005	NT=label free sample;AC=MS:1002038	not applicable	NT=Trypsin;AC=MS:1001251	NT=collision-induced dissociation;AC=MS:1000133	15 ppm	15 ppm	Data-independent acquisition	diaPASEF	475	1000	25	1	1	20230626_KK_SC_IFNy_35_A9_1_14143.mzML	v1.1.0	NT=ms-proteomics;VV=v1.1.0	NT=human;VV=v1.1.0	NT=cell-lines;VV=v1.1.0	NT=single-cell;VV=v1.0.0	NT=dia-acquisition;VV=v1.1.0	NT=Recombinant Interferon Gamma;AC=NCIT:C583
U2OS_SC_IFNy_20230626_36_B9	NT=Homo sapiens;AC=NCBITaxon:9606	NT=tibia;AC=UBERON:0000979	NT=epithelial cell;AC=CL:0000066	NT=osteosarcoma;AC=MONDO:0009807	NT=U-2 OS;AC=CLO:0009454	CVCL_0042	U2OS	15Y	female	NT=Recombinant Interferon Gamma;AC=NCIT:C583	single cell	FACS	36_B9	1	32	run 32	proteomic profiling by mass spectrometry	NT=timsTOF Pro;AC=MS:1003005	NT=label free sample;AC=MS:1002038	not applicable	NT=Trypsin;AC=MS:1001251	NT=collision-induced dissociation;AC=MS:1000133	15 ppm	15 ppm	Data-independent acquisition	diaPASEF	475	1000	25	1	1	20230626_KK_SC_IFNy_36_B9_1_14144.mzML	v1.1.0	NT=ms-proteomics;VV=v1.1.0	NT=human;VV=v1.1.0	NT=cell-lines;VV=v1.1.0	NT=single-cell;VV=v1.0.0	NT=dia-acquisition;VV=v1.1.0	NT=Recombinant Interferon Gamma;AC=NCIT:C583
U2OS_SC_IFNy_20230626_37_C9	NT=Homo sapiens;AC=NCBITaxon:9606	NT=tibia;AC=UBERON:0000979	NT=epithelial cell;AC=CL:0000066	NT=osteosarcoma;AC=MONDO:0009807	NT=U-2 OS;AC=CLO:0009454	CVCL_0042	U2OS	15Y	female	NT=Recombinant Interferon Gamma;AC=NCIT:C583	single cell	FACS	37_C9	1	33	run 33	proteomic profiling by mass spectrometry	NT=timsTOF Pro;AC=MS:1003005	NT=label free sample;AC=MS:1002038	not applicable	NT=Trypsin;AC=MS:1001251	NT=collision-induced dissociation;AC=MS:1000133	15 ppm	15 ppm	Data-independent acquisition	diaPASEF	475	1000	25	1	1	20230626_KK_SC_IFNy_37_C9_1_14145.mzML	v1.1.0	NT=ms-proteomics;VV=v1.1.0	NT=human;VV=v1.1.0	NT=cell-lines;VV=v1.1.0	NT=single-cell;VV=v1.0.0	NT=dia-acquisition;VV=v1.1.0	NT=Recombinant Interferon Gamma;AC=NCIT:C583
U2OS_SC_IFNy_20230626_38_D9	NT=Homo sapiens;AC=NCBITaxon:9606	NT=tibia;AC=UBERON:0000979	NT=epithelial cell;AC=CL:0000066	NT=osteosarcoma;AC=MONDO:0009807	NT=U-2 OS;AC=CLO:0009454	CVCL_0042	U2OS	15Y	female	NT=Recombinant Interferon Gamma;AC=NCIT:C583	single cell	FACS	38_D9	1	34	run 34	proteomic profiling by mass spectrometry	NT=timsTOF Pro;AC=MS:1003005	NT=label free sample;AC=MS:1002038	not applicable	NT=Trypsin;AC=MS:1001251	NT=collision-induced dissociation;AC=MS:1000133	15 ppm	15 ppm	Data-independent acquisition	diaPASEF	475	1000	25	1	1	20230626_KK_SC_IFNy_38_D9_1_14146.mzML	v1.1.0	NT=ms-proteomics;VV=v1.1.0	NT=human;VV=v1.1.0	NT=cell-lines;VV=v1.1.0	NT=single-cell;VV=v1.0.0	NT=dia-acquisition;VV=v1.1.0	NT=Recombinant Interferon Gamma;AC=NCIT:C583
U2OS_SC_IFNy_20230626_39_E9	NT=Homo sapiens;AC=NCBITaxon:9606	NT=tibia;AC=UBERON:0000979	NT=epithelial cell;AC=CL:0000066	NT=osteosarcoma;AC=MONDO:0009807	NT=U-2 OS;AC=CLO:0009454	CVCL_0042	U2OS	15Y	female	NT=Recombinant Interferon Gamma;AC=NCIT:C583	single cell	FACS	39_E9	1	35	run 35	proteomic profiling by mass spectrometry	NT=timsTOF Pro;AC=MS:1003005	NT=label free sample;AC=MS:1002038	not applicable	NT=Trypsin;AC=MS:1001251	NT=collision-induced dissociation;AC=MS:1000133	15 ppm	15 ppm	Data-independent acquisition	diaPASEF	475	1000	25	1	1	20230626_KK_SC_IFNy_39_E9_1_14147.mzML	v1.1.0	NT=ms-proteomics;VV=v1.1.0	NT=human;VV=v1.1.0	NT=cell-lines;VV=v1.1.0	NT=single-cell;VV=v1.0.0	NT=dia-acquisition;VV=v1.1.0	NT=Recombinant Interferon Gamma;AC=NCIT:C583
U2OS_SC_IFNy_20230626_40_F9	NT=Homo sapiens;AC=NCBITaxon:9606	NT=tibia;AC=UBERON:0000979	NT=epithelial cell;AC=CL:0000066	NT=osteosarcoma;AC=MONDO:0009807	NT=U-2 OS;AC=CLO:0009454	CVCL_0042	U2OS	15Y	female	NT=Recombinant Interferon Gamma;AC=NCIT:C583	single cell	FACS	40_F9	1	36	run 36	proteomic profiling by mass spectrometry	NT=timsTOF Pro;AC=MS:1003005	NT=label free sample;AC=MS:1002038	not applicable	NT=Trypsin;AC=MS:1001251	NT=collision-induced dissociation;AC=MS:1000133	15 ppm	15 ppm	Data-independent acquisition	diaPASEF	475	1000	25	1	1	20230626_KK_SC_IFNy_40_F9_1_14148.mzML	v1.1.0	NT=ms-proteomics;VV=v1.1.0	NT=human;VV=v1.1.0	NT=cell-lines;VV=v1.1.0	NT=single-cell;VV=v1.0.0	NT=dia-acquisition;VV=v1.1.0	NT=Recombinant Interferon Gamma;AC=NCIT:C583
U2OS_SC_IFNy_20230626_41_G9	NT=Homo sapiens;AC=NCBITaxon:9606	NT=tibia;AC=UBERON:0000979	NT=epithelial cell;AC=CL:0000066	NT=osteosarcoma;AC=MONDO:0009807	NT=U-2 OS;AC=CLO:0009454	CVCL_0042	U2OS	15Y	female	NT=Recombinant Interferon Gamma;AC=NCIT:C583	single cell	FACS	41_G9	1	37	run 37	proteomic profiling by mass spectrometry	NT=timsTOF Pro;AC=MS:1003005	NT=label free sample;AC=MS:1002038	not applicable	NT=Trypsin;AC=MS:1001251	NT=collision-induced dissociation;AC=MS:1000133	15 ppm	15 ppm	Data-independent acquisition	diaPASEF	475	1000	25	1	1	20230626_KK_SC_IFNy_41_G9_1_14149.mzML	v1.1.0	NT=ms-proteomics;VV=v1.1.0	NT=human;VV=v1.1.0	NT=cell-lines;VV=v1.1.0	NT=single-cell;VV=v1.0.0	NT=dia-acquisition;VV=v1.1.0	NT=Recombinant Interferon Gamma;AC=NCIT:C583
U2OS_SC_IFNy_20230626_42_H9	NT=Homo sapiens;AC=NCBITaxon:9606	NT=tibia;AC=UBERON:0000979	NT=epithelial cell;AC=CL:0000066	NT=osteosarcoma;AC=MONDO:0009807	NT=U-2 OS;AC=CLO:0009454	CVCL_0042	U2OS	15Y	female	NT=Recombinant Interferon Gamma;AC=NCIT:C583	single cell	FACS	42_H9	1	38	run 38	proteomic profiling by mass spectrometry	NT=timsTOF Pro;AC=MS:1003005	NT=label free sample;AC=MS:1002038	not applicable	NT=Trypsin;AC=MS:1001251	NT=collision-induced dissociation;AC=MS:1000133	15 ppm	15 ppm	Data-independent acquisition	diaPASEF	475	1000	25	1	1	20230626_KK_SC_IFNy_42_H9_1_14150.mzML	v1.1.0	NT=ms-proteomics;VV=v1.1.0	NT=human;VV=v1.1.0	NT=cell-lines;VV=v1.1.0	NT=single-cell;VV=v1.0.0	NT=dia-acquisition;VV=v1.1.0	NT=Recombinant Interferon Gamma;AC=NCIT:C583
U2OS_SC_IFNy_20230626_43_A10	NT=Homo sapiens;AC=NCBITaxon:9606	NT=tibia;AC=UBERON:0000979	NT=epithelial cell;AC=CL:0000066	NT=osteosarcoma;AC=MONDO:0009807	NT=U-2 OS;AC=CLO:0009454	CVCL_0042	U2OS	15Y	female	NT=Recombinant Interferon Gamma;AC=NCIT:C583	single cell	FACS	43_A10	1	39	run 39	proteomic profiling by mass spectrometry	NT=timsTOF Pro;AC=MS:1003005	NT=label free sample;AC=MS:1002038	not applicable	NT=Trypsin;AC=MS:1001251	NT=collision-induced dissociation;AC=MS:1000133	15 ppm	15 ppm	Data-independent acquisition	diaPASEF	475	1000	25	1	1	20230626_KK_SC_IFNy_43_A10_1_14161.mzML	v1.1.0	NT=ms-proteomics;VV=v1.1.0	NT=human;VV=v1.1.0	NT=cell-lines;VV=v1.1.0	NT=single-cell;VV=v1.0.0	NT=dia-acquisition;VV=v1.1.0	NT=Recombinant Interferon Gamma;AC=NCIT:C583
U2OS_SC_IFNy_20230626_44_B10	NT=Homo sapiens;AC=NCBITaxon:9606	NT=tibia;AC=UBERON:0000979	NT=epithelial cell;AC=CL:0000066	NT=osteosarcoma;AC=MONDO:0009807	NT=U-2 OS;AC=CLO:0009454	CVCL_0042	U2OS	15Y	female	NT=Recombinant Interferon Gamma;AC=NCIT:C583	single cell	FACS	44_B10	1	40	run 40	proteomic profiling by mass spectrometry	NT=timsTOF Pro;AC=MS:1003005	NT=label free sample;AC=MS:1002038	not applicable	NT=Trypsin;AC=MS:1001251	NT=collision-induced dissociation;AC=MS:1000133	15 ppm	15 ppm	Data-independent acquisition	diaPASEF	475	1000	25	1	1	20230626_KK_SC_IFNy_44_B10_1_14162.mzML	v1.1.0	NT=ms-proteomics;VV=v1.1.0	NT=human;VV=v1.1.0	NT=cell-lines;VV=v1.1.0	NT=single-cell;VV=v1.0.0	NT=dia-acquisition;VV=v1.1.0	NT=Recombinant Interferon Gamma;AC=NCIT:C583
U2OS_SC_IFNy_20230626_45_C10	NT=Homo sapiens;AC=NCBITaxon:9606	NT=tibia;AC=UBERON:0000979	NT=epithelial cell;AC=CL:0000066	NT=osteosarcoma;AC=MONDO:0009807	NT=U-2 OS;AC=CLO:0009454	CVCL_0042	U2OS	15Y	female	NT=Recombinant Interferon Gamma;AC=NCIT:C583	single cell	FACS	45_C10	1	41	run 41	proteomic profiling by mass spectrometry	NT=timsTOF Pro;AC=MS:1003005	NT=label free sample;AC=MS:1002038	not applicable	NT=Trypsin;AC=MS:1001251	NT=collision-induced dissociation;AC=MS:1000133	15 ppm	15 ppm	Data-independent acquisition	diaPASEF	475	1000	25	1	1	20230626_KK_SC_IFNy_45_C10_1_14163.mzML	v1.1.0	NT=ms-proteomics;VV=v1.1.0	NT=human;VV=v1.1.0	NT=cell-lines;VV=v1.1.0	NT=single-cell;VV=v1.0.0	NT=dia-acquisition;VV=v1.1.0	NT=Recombinant Interferon Gamma;AC=NCIT:C583
U2OS_SC_IFNy_20230626_46_D10	NT=Homo sapiens;AC=NCBITaxon:9606	NT=tibia;AC=UBERON:0000979	NT=epithelial cell;AC=CL:0000066	NT=osteosarcoma;AC=MONDO:0009807	NT=U-2 OS;AC=CLO:0009454	CVCL_0042	U2OS	15Y	female	NT=Recombinant Interferon Gamma;AC=NCIT:C583	single cell	FACS	46_D10	1	42	run 42	proteomic profiling by mass spectrometry	NT=timsTOF Pro;AC=MS:1003005	NT=label free sample;AC=MS:1002038	not applicable	NT=Trypsin;AC=MS:1001251	NT=collision-induced dissociation;AC=MS:1000133	15 ppm	15 ppm	Data-independent acquisition	diaPASEF	475	1000	25	1	1	20230626_KK_SC_IFNy_46_D10_1_14164.mzML	v1.1.0	NT=ms-proteomics;VV=v1.1.0	NT=human;VV=v1.1.0	NT=cell-lines;VV=v1.1.0	NT=single-cell;VV=v1.0.0	NT=dia-acquisition;VV=v1.1.0	NT=Recombinant Interferon Gamma;AC=NCIT:C583
U2OS_SC_IFNy_20230626_47_E10	NT=Homo sapiens;AC=NCBITaxon:9606	NT=tibia;AC=UBERON:0000979	NT=epithelial cell;AC=CL:0000066	NT=osteosarcoma;AC=MONDO:0009807	NT=U-2 OS;AC=CLO:0009454	CVCL_0042	U2OS	15Y	female	NT=Recombinant Interferon Gamma;AC=NCIT:C583	single cell	FACS	47_E10	1	43	run 43	proteomic profiling by mass spectrometry	NT=timsTOF Pro;AC=MS:1003005	NT=label free sample;AC=MS:1002038	not applicable	NT=Trypsin;AC=MS:1001251	NT=collision-induced dissociation;AC=MS:1000133	15 ppm	15 ppm	Data-independent acquisition	diaPASEF	475	1000	25	1	1	20230626_KK_SC_IFNy_47_E10_1_14165.mzML	v1.1.0	NT=ms-proteomics;VV=v1.1.0	NT=human;VV=v1.1.0	NT=cell-lines;VV=v1.1.0	NT=single-cell;VV=v1.0.0	NT=dia-acquisition;VV=v1.1.0	NT=Recombinant Interferon Gamma;AC=NCIT:C583
U2OS_SC_IFNy_20230626_49_G10	NT=Homo sapiens;AC=NCBITaxon:9606	NT=tibia;AC=UBERON:0000979	NT=epithelial cell;AC=CL:0000066	NT=osteosarcoma;AC=MONDO:0009807	NT=U-2 OS;AC=CLO:0009454	CVCL_0042	U2OS	15Y	female	NT=Recombinant Interferon Gamma;AC=NCIT:C583	single cell	FACS	49_G10	1	44	run 44	proteomic profiling by mass spectrometry	NT=timsTOF Pro;AC=MS:1003005	NT=label free sample;AC=MS:1002038	not applicable	NT=Trypsin;AC=MS:1001251	NT=collision-induced dissociation;AC=MS:1000133	15 ppm	15 ppm	Data-independent acquisition	diaPASEF	475	1000	25	1	1	20230626_KK_SC_IFNy_49_G10_1_14167.mzML	v1.1.0	NT=ms-proteomics;VV=v1.1.0	NT=human;VV=v1.1.0	NT=cell-lines;VV=v1.1.0	NT=single-cell;VV=v1.0.0	NT=dia-acquisition;VV=v1.1.0	NT=Recombinant Interferon Gamma;AC=NCIT:C583
U2OS_SC_control_20230626_01_A6	NT=Homo sapiens;AC=NCBITaxon:9606	NT=tibia;AC=UBERON:0000979	NT=epithelial cell;AC=CL:0000066	NT=osteosarcoma;AC=MONDO:0009807	NT=U-2 OS;AC=CLO:0009454	CVCL_0042	U2OS	15Y	female	not applicable	single cell	FACS	01_A6	1	1	run 45	proteomic profiling by mass spectrometry	NT=timsTOF Pro;AC=MS:1003005	NT=label free sample;AC=MS:1002038	not applicable	NT=Trypsin;AC=MS:1001251	NT=collision-induced dissociation;AC=MS:1000133	15 ppm	15 ppm	Data-independent acquisition	diaPASEF	475	1000	25	1	1	20230626_KK_SC_control_01_A6_1_14065.mzML	v1.1.0	NT=ms-proteomics;VV=v1.1.0	NT=human;VV=v1.1.0	NT=cell-lines;VV=v1.1.0	NT=single-cell;VV=v1.0.0	NT=dia-acquisition;VV=v1.1.0	not applicable
U2OS_SC_control_20230626_02_B6	NT=Homo sapiens;AC=NCBITaxon:9606	NT=tibia;AC=UBERON:0000979	NT=epithelial cell;AC=CL:0000066	NT=osteosarcoma;AC=MONDO:0009807	NT=U-2 OS;AC=CLO:0009454	CVCL_0042	U2OS	15Y	female	not applicable	single cell	FACS	02_B6	1	2	run 46	proteomic profiling by mass spectrometry	NT=timsTOF Pro;AC=MS:1003005	NT=label free sample;AC=MS:1002038	not applicable	NT=Trypsin;AC=MS:1001251	NT=collision-induced dissociation;AC=MS:1000133	15 ppm	15 ppm	Data-independent acquisition	diaPASEF	475	1000	25	1	1	20230626_KK_SC_control_02_B6_1_14066.mzML	v1.1.0	NT=ms-proteomics;VV=v1.1.0	NT=human;VV=v1.1.0	NT=cell-lines;VV=v1.1.0	NT=single-cell;VV=v1.0.0	NT=dia-acquisition;VV=v1.1.0	not applicable
U2OS_SC_control_20230626_03_C6	NT=Homo sapiens;AC=NCBITaxon:9606	NT=tibia;AC=UBERON:0000979	NT=epithelial cell;AC=CL:0000066	NT=osteosarcoma;AC=MONDO:0009807	NT=U-2 OS;AC=CLO:0009454	CVCL_0042	U2OS	15Y	female	not applicable	single cell	FACS	03_C6	1	3	run 47	proteomic profiling by mass spectrometry	NT=timsTOF Pro;AC=MS:1003005	NT=label free sample;AC=MS:1002038	not applicable	NT=Trypsin;AC=MS:1001251	NT=collision-induced dissociation;AC=MS:1000133	15 ppm	15 ppm	Data-independent acquisition	diaPASEF	475	1000	25	1	1	20230626_KK_SC_control_03_C6_1_14067.mzML	v1.1.0	NT=ms-proteomics;VV=v1.1.0	NT=human;VV=v1.1.0	NT=cell-lines;VV=v1.1.0	NT=single-cell;VV=v1.0.0	NT=dia-acquisition;VV=v1.1.0	not applicable
U2OS_SC_control_20230626_04_D6	NT=Homo sapiens;AC=NCBITaxon:9606	NT=tibia;AC=UBERON:0000979	NT=epithelial cell;AC=CL:0000066	NT=osteosarcoma;AC=MONDO:0009807	NT=U-2 OS;AC=CLO:0009454	CVCL_0042	U2OS	15Y	female	not applicable	single cell	FACS	04_D6	1	4	run 48	proteomic profiling by mass spectrometry	NT=timsTOF Pro;AC=MS:1003005	NT=label free sample;AC=MS:1002038	not applicable	NT=Trypsin;AC=MS:1001251	NT=collision-induced dissociation;AC=MS:1000133	15 ppm	15 ppm	Data-independent acquisition	diaPASEF	475	1000	25	1	1	20230626_KK_SC_control_04_D6_1_14068.mzML	v1.1.0	NT=ms-proteomics;VV=v1.1.0	NT=human;VV=v1.1.0	NT=cell-lines;VV=v1.1.0	NT=single-cell;VV=v1.0.0	NT=dia-acquisition;VV=v1.1.0	not applicable
U2OS_SC_control_20230626_05_E6	NT=Homo sapiens;AC=NCBITaxon:9606	NT=tibia;AC=UBERON:0000979	NT=epithelial cell;AC=CL:0000066	NT=osteosarcoma;AC=MONDO:0009807	NT=U-2 OS;AC=CLO:0009454	CVCL_0042	U2OS	15Y	female	not applicable	single cell	FACS	05_E6	1	5	run 49	proteomic profiling by mass spectrometry	NT=timsTOF Pro;AC=MS:1003005	NT=label free sample;AC=MS:1002038	not applicable	NT=Trypsin;AC=MS:1001251	NT=collision-induced dissociation;AC=MS:1000133	15 ppm	15 ppm	Data-independent acquisition	diaPASEF	475	1000	25	1	1	20230626_KK_SC_control_05_E6_1_14069.mzML	v1.1.0	NT=ms-proteomics;VV=v1.1.0	NT=human;VV=v1.1.0	NT=cell-lines;VV=v1.1.0	NT=single-cell;VV=v1.0.0	NT=dia-acquisition;VV=v1.1.0	not applicable
U2OS_SC_control_20230626_06_F6	NT=Homo sapiens;AC=NCBITaxon:9606	NT=tibia;AC=UBERON:0000979	NT=epithelial cell;AC=CL:0000066	NT=osteosarcoma;AC=MONDO:0009807	NT=U-2 OS;AC=CLO:0009454	CVCL_0042	U2OS	15Y	female	not applicable	single cell	FACS	06_F6	1	6	run 50	proteomic profiling by mass spectrometry	NT=timsTOF Pro;AC=MS:1003005	NT=label free sample;AC=MS:1002038	not applicable	NT=Trypsin;AC=MS:1001251	NT=collision-induced dissociation;AC=MS:1000133	15 ppm	15 ppm	Data-independent acquisition	diaPASEF	475	1000	25	1	1	20230626_KK_SC_control_06_F6_1_14070.mzML	v1.1.0	NT=ms-proteomics;VV=v1.1.0	NT=human;VV=v1.1.0	NT=cell-lines;VV=v1.1.0	NT=single-cell;VV=v1.0.0	NT=dia-acquisition;VV=v1.1.0	not applicable
U2OS_SC_control_20230626_07_G6	NT=Homo sapiens;AC=NCBITaxon:9606	NT=tibia;AC=UBERON:0000979	NT=epithelial cell;AC=CL:0000066	NT=osteosarcoma;AC=MONDO:0009807	NT=U-2 OS;AC=CLO:0009454	CVCL_0042	U2OS	15Y	female	not applicable	single cell	FACS	07_G6	1	7	run 51	proteomic profiling by mass spectrometry	NT=timsTOF Pro;AC=MS:1003005	NT=label free sample;AC=MS:1002038	not applicable	NT=Trypsin;AC=MS:1001251	NT=collision-induced dissociation;AC=MS:1000133	15 ppm	15 ppm	Data-independent acquisition	diaPASEF	475	1000	25	1	1	20230626_KK_SC_control_07_G6_1_14071.mzML	v1.1.0	NT=ms-proteomics;VV=v1.1.0	NT=human;VV=v1.1.0	NT=cell-lines;VV=v1.1.0	NT=single-cell;VV=v1.0.0	NT=dia-acquisition;VV=v1.1.0	not applicable
U2OS_SC_control_20230626_09_A5	NT=Homo sapiens;AC=NCBITaxon:9606	NT=tibia;AC=UBERON:0000979	NT=epithelial cell;AC=CL:0000066	NT=osteosarcoma;AC=MONDO:0009807	NT=U-2 OS;AC=CLO:0009454	CVCL_0042	U2OS	15Y	female	not applicable	single cell	FACS	09_A5	1	8	run 52	proteomic profiling by mass spectrometry	NT=timsTOF Pro;AC=MS:1003005	NT=label free sample;AC=MS:1002038	not applicable	NT=Trypsin;AC=MS:1001251	NT=collision-induced dissociation;AC=MS:1000133	15 ppm	15 ppm	Data-independent acquisition	diaPASEF	475	1000	25	1	1	20230626_KK_SC_control_09_A5_1_14086.mzML	v1.1.0	NT=ms-proteomics;VV=v1.1.0	NT=human;VV=v1.1.0	NT=cell-lines;VV=v1.1.0	NT=single-cell;VV=v1.0.0	NT=dia-acquisition;VV=v1.1.0	not applicable
U2OS_SC_control_20230626_10_B5	NT=Homo sapiens;AC=NCBITaxon:9606	NT=tibia;AC=UBERON:0000979	NT=epithelial cell;AC=CL:0000066	NT=osteosarcoma;AC=MONDO:0009807	NT=U-2 OS;AC=CLO:0009454	CVCL_0042	U2OS	15Y	female	not applicable	single cell	FACS	10_B5	1	9	run 53	proteomic profiling by mass spectrometry	NT=timsTOF Pro;AC=MS:1003005	NT=label free sample;AC=MS:1002038	not applicable	NT=Trypsin;AC=MS:1001251	NT=collision-induced dissociation;AC=MS:1000133	15 ppm	15 ppm	Data-independent acquisition	diaPASEF	475	1000	25	1	1	20230626_KK_SC_control_10_B5_1_14087.mzML	v1.1.0	NT=ms-proteomics;VV=v1.1.0	NT=human;VV=v1.1.0	NT=cell-lines;VV=v1.1.0	NT=single-cell;VV=v1.0.0	NT=dia-acquisition;VV=v1.1.0	not applicable
U2OS_SC_control_20230626_11_A5	NT=Homo sapiens;AC=NCBITaxon:9606	NT=tibia;AC=UBERON:0000979	NT=epithelial cell;AC=CL:0000066	NT=osteosarcoma;AC=MONDO:0009807	NT=U-2 OS;AC=CLO:0009454	CVCL_0042	U2OS	15Y	female	not applicable	single cell	FACS	11_A5	1	10	run 54	proteomic profiling by mass spectrometry	NT=timsTOF Pro;AC=MS:1003005	NT=label free sample;AC=MS:1002038	not applicable	NT=Trypsin;AC=MS:1001251	NT=collision-induced dissociation;AC=MS:1000133	15 ppm	15 ppm	Data-independent acquisition	diaPASEF	475	1000	25	1	1	20230626_KK_SC_control_11_A5_1_14098.mzML	v1.1.0	NT=ms-proteomics;VV=v1.1.0	NT=human;VV=v1.1.0	NT=cell-lines;VV=v1.1.0	NT=single-cell;VV=v1.0.0	NT=dia-acquisition;VV=v1.1.0	not applicable
U2OS_SC_control_20230626_12_B5	NT=Homo sapiens;AC=NCBITaxon:9606	NT=tibia;AC=UBERON:0000979	NT=epithelial cell;AC=CL:0000066	NT=osteosarcoma;AC=MONDO:0009807	NT=U-2 OS;AC=CLO:0009454	CVCL_0042	U2OS	15Y	female	not applicable	single cell	FACS	12_B5	1	11	run 55	proteomic profiling by mass spectrometry	NT=timsTOF Pro;AC=MS:1003005	NT=label free sample;AC=MS:1002038	not applicable	NT=Trypsin;AC=MS:1001251	NT=collision-induced dissociation;AC=MS:1000133	15 ppm	15 ppm	Data-independent acquisition	diaPASEF	475	1000	25	1	1	20230626_KK_SC_control_12_B5_1_14099.mzML	v1.1.0	NT=ms-proteomics;VV=v1.1.0	NT=human;VV=v1.1.0	NT=cell-lines;VV=v1.1.0	NT=single-cell;VV=v1.0.0	NT=dia-acquisition;VV=v1.1.0	not applicable
U2OS_SC_control_20230626_13_C5	NT=Homo sapiens;AC=NCBITaxon:9606	NT=tibia;AC=UBERON:0000979	NT=epithelial cell;AC=CL:0000066	NT=osteosarcoma;AC=MONDO:0009807	NT=U-2 OS;AC=CLO:0009454	CVCL_0042	U2OS	15Y	female	not applicable	single cell	FACS	13_C5	1	12	run 56	proteomic profiling by mass spectrometry	NT=timsTOF Pro;AC=MS:1003005	NT=label free sample;AC=MS:1002038	not applicable	NT=Trypsin;AC=MS:1001251	NT=collision-induced dissociation;AC=MS:1000133	15 ppm	15 ppm	Data-independent acquisition	diaPASEF	475	1000	25	1	1	20230626_KK_SC_control_13_C5_1_14100.mzML	v1.1.0	NT=ms-proteomics;VV=v1.1.0	NT=human;VV=v1.1.0	NT=cell-lines;VV=v1.1.0	NT=single-cell;VV=v1.0.0	NT=dia-acquisition;VV=v1.1.0	not applicable
U2OS_SC_control_20230626_14_D5	NT=Homo sapiens;AC=NCBITaxon:9606	NT=tibia;AC=UBERON:0000979	NT=epithelial cell;AC=CL:0000066	NT=osteosarcoma;AC=MONDO:0009807	NT=U-2 OS;AC=CLO:0009454	CVCL_0042	U2OS	15Y	female	not applicable	single cell	FACS	14_D5	1	13	run 57	proteomic profiling by mass spectrometry	NT=timsTOF Pro;AC=MS:1003005	NT=label free sample;AC=MS:1002038	not applicable	NT=Trypsin;AC=MS:1001251	NT=collision-induced dissociation;AC=MS:1000133	15 ppm	15 ppm	Data-independent acquisition	diaPASEF	475	1000	25	1	1	20230626_KK_SC_control_14_D5_1_14101.mzML	v1.1.0	NT=ms-proteomics;VV=v1.1.0	NT=human;VV=v1.1.0	NT=cell-lines;VV=v1.1.0	NT=single-cell;VV=v1.0.0	NT=dia-acquisition;VV=v1.1.0	not applicable
U2OS_SC_control_20230626_15_E5	NT=Homo sapiens;AC=NCBITaxon:9606	NT=tibia;AC=UBERON:0000979	NT=epithelial cell;AC=CL:0000066	NT=osteosarcoma;AC=MONDO:0009807	NT=U-2 OS;AC=CLO:0009454	CVCL_0042	U2OS	15Y	female	not applicable	single cell	FACS	15_E5	1	14	run 58	proteomic profiling by mass spectrometry	NT=timsTOF Pro;AC=MS:1003005	NT=label free sample;AC=MS:1002038	not applicable	NT=Trypsin;AC=MS:1001251	NT=collision-induced dissociation;AC=MS:1000133	15 ppm	15 ppm	Data-independent acquisition	diaPASEF	475	1000	25	1	1	20230626_KK_SC_control_15_E5_1_14102.mzML	v1.1.0	NT=ms-proteomics;VV=v1.1.0	NT=human;VV=v1.1.0	NT=cell-lines;VV=v1.1.0	NT=single-cell;VV=v1.0.0	NT=dia-acquisition;VV=v1.1.0	not applicable
U2OS_SC_control_20230626_16_F5	NT=Homo sapiens;AC=NCBITaxon:9606	NT=tibia;AC=UBERON:0000979	NT=epithelial cell;AC=CL:0000066	NT=osteosarcoma;AC=MONDO:0009807	NT=U-2 OS;AC=CLO:0009454	CVCL_0042	U2OS	15Y	female	not applicable	single cell	FACS	16_F5	1	15	run 59	proteomic profiling by mass spectrometry	NT=timsTOF Pro;AC=MS:1003005	NT=label free sample;AC=MS:1002038	not applicable	NT=Trypsin;AC=MS:1001251	NT=collision-induced dissociation;AC=MS:1000133	15 ppm	15 ppm	Data-independent acquisition	diaPASEF	475	1000	25	1	1	20230626_KK_SC_control_16_F5_1_14103.mzML	v1.1.0	NT=ms-proteomics;VV=v1.1.0	NT=human;VV=v1.1.0	NT=cell-lines;VV=v1.1.0	NT=single-cell;VV=v1.0.0	NT=dia-acquisition;VV=v1.1.0	not applicable
U2OS_SC_control_20230626_17_G5	NT=Homo sapiens;AC=NCBITaxon:9606	NT=tibia;AC=UBERON:0000979	NT=epithelial cell;AC=CL:0000066	NT=osteosarcoma;AC=MONDO:0009807	NT=U-2 OS;AC=CLO:0009454	CVCL_0042	U2OS	15Y	female	not applicable	single cell	FACS	17_G5	1	16	run 60	proteomic profiling by mass spectrometry	NT=timsTOF Pro;AC=MS:1003005	NT=label free sample;AC=MS:1002038	not applicable	NT=Trypsin;AC=MS:1001251	NT=collision-induced dissociation;AC=MS:1000133	15 ppm	15 ppm	Data-independent acquisition	diaPASEF	475	1000	25	1	1	20230626_KK_SC_control_17_G5_1_14104.mzML	v1.1.0	NT=ms-proteomics;VV=v1.1.0	NT=human;VV=v1.1.0	NT=cell-lines;VV=v1.1.0	NT=single-cell;VV=v1.0.0	NT=dia-acquisition;VV=v1.1.0	not applicable
U2OS_SC_control_20230626_19_A4	NT=Homo sapiens;AC=NCBITaxon:9606	NT=tibia;AC=UBERON:0000979	NT=epithelial cell;AC=CL:0000066	NT=osteosarcoma;AC=MONDO:0009807	NT=U-2 OS;AC=CLO:0009454	CVCL_0042	U2OS	15Y	female	not applicable	single cell	FACS	19_A4	1	17	run 61	proteomic profiling by mass spectrometry	NT=timsTOF Pro;AC=MS:1003005	NT=label free sample;AC=MS:1002038	not applicable	NT=Trypsin;AC=MS:1001251	NT=collision-induced dissociation;AC=MS:1000133	15 ppm	15 ppm	Data-independent acquisition	diaPASEF	475	1000	25	1	1	20230626_KK_SC_control_19_A4_1_14116.mzML	v1.1.0	NT=ms-proteomics;VV=v1.1.0	NT=human;VV=v1.1.0	NT=cell-lines;VV=v1.1.0	NT=single-cell;VV=v1.0.0	NT=dia-acquisition;VV=v1.1.0	not applicable
U2OS_SC_control_20230626_20_B4	NT=Homo sapiens;AC=NCBITaxon:9606	NT=tibia;AC=UBERON:0000979	NT=epithelial cell;AC=CL:0000066	NT=osteosarcoma;AC=MONDO:0009807	NT=U-2 OS;AC=CLO:0009454	CVCL_0042	U2OS	15Y	female	not applicable	single cell	FACS	20_B4	1	18	run 62	proteomic profiling by mass spectrometry	NT=timsTOF Pro;AC=MS:1003005	NT=label free sample;AC=MS:1002038	not applicable	NT=Trypsin;AC=MS:1001251	NT=collision-induced dissociation;AC=MS:1000133	15 ppm	15 ppm	Data-independent acquisition	diaPASEF	475	1000	25	1	1	20230626_KK_SC_control_20_B4_1_14117.mzML	v1.1.0	NT=ms-proteomics;VV=v1.1.0	NT=human;VV=v1.1.0	NT=cell-lines;VV=v1.1.0	NT=single-cell;VV=v1.0.0	NT=dia-acquisition;VV=v1.1.0	not applicable
U2OS_SC_control_20230626_21_C4	NT=Homo sapiens;AC=NCBITaxon:9606	NT=tibia;AC=UBERON:0000979	NT=epithelial cell;AC=CL:0000066	NT=osteosarcoma;AC=MONDO:0009807	NT=U-2 OS;AC=CLO:0009454	CVCL_0042	U2OS	15Y	female	not applicable	single cell	FACS	21_C4	1	19	run 63	proteomic profiling by mass spectrometry	NT=timsTOF Pro;AC=MS:1003005	NT=label free sample;AC=MS:1002038	not applicable	NT=Trypsin;AC=MS:1001251	NT=collision-induced dissociation;AC=MS:1000133	15 ppm	15 ppm	Data-independent acquisition	diaPASEF	475	1000	25	1	1	20230626_KK_SC_control_21_C4_1_14118.mzML	v1.1.0	NT=ms-proteomics;VV=v1.1.0	NT=human;VV=v1.1.0	NT=cell-lines;VV=v1.1.0	NT=single-cell;VV=v1.0.0	NT=dia-acquisition;VV=v1.1.0	not applicable
U2OS_SC_control_20230626_22_D4	NT=Homo sapiens;AC=NCBITaxon:9606	NT=tibia;AC=UBERON:0000979	NT=epithelial cell;AC=CL:0000066	NT=osteosarcoma;AC=MONDO:0009807	NT=U-2 OS;AC=CLO:0009454	CVCL_0042	U2OS	15Y	female	not applicable	single cell	FACS	22_D4	1	20	run 64	proteomic profiling by mass spectrometry	NT=timsTOF Pro;AC=MS:1003005	NT=label free sample;AC=MS:1002038	not applicable	NT=Trypsin;AC=MS:1001251	NT=collision-induced dissociation;AC=MS:1000133	15 ppm	15 ppm	Data-independent acquisition	diaPASEF	475	1000	25	1	1	20230626_KK_SC_control_22_D4_1_14119.mzML	v1.1.0	NT=ms-proteomics;VV=v1.1.0	NT=human;VV=v1.1.0	NT=cell-lines;VV=v1.1.0	NT=single-cell;VV=v1.0.0	NT=dia-acquisition;VV=v1.1.0	not applicable
U2OS_SC_control_20230626_23_E4	NT=Homo sapiens;AC=NCBITaxon:9606	NT=tibia;AC=UBERON:0000979	NT=epithelial cell;AC=CL:0000066	NT=osteosarcoma;AC=MONDO:0009807	NT=U-2 OS;AC=CLO:0009454	CVCL_0042	U2OS	15Y	female	not applicable	single cell	FACS	23_E4	1	21	run 65	proteomic profiling by mass spectrometry	NT=timsTOF Pro;AC=MS:1003005	NT=label free sample;AC=MS:1002038	not applicable	NT=Trypsin;AC=MS:1001251	NT=collision-induced dissociation;AC=MS:1000133	15 ppm	15 ppm	Data-independent acquisition	diaPASEF	475	1000	25	1	1	20230626_KK_SC_control_23_E4_1_14120.mzML	v1.1.0	NT=ms-proteomics;VV=v1.1.0	NT=human;VV=v1.1.0	NT=cell-lines;VV=v1.1.0	NT=single-cell;VV=v1.0.0	NT=dia-acquisition;VV=v1.1.0	not applicable
U2OS_SC_control_20230626_24_F4	NT=Homo sapiens;AC=NCBITaxon:9606	NT=tibia;AC=UBERON:0000979	NT=epithelial cell;AC=CL:0000066	NT=osteosarcoma;AC=MONDO:0009807	NT=U-2 OS;AC=CLO:0009454	CVCL_0042	U2OS	15Y	female	not applicable	single cell	FACS	24_F4	1	22	run 66	proteomic profiling by mass spectrometry	NT=timsTOF Pro;AC=MS:1003005	NT=label free sample;AC=MS:1002038	not applicable	NT=Trypsin;AC=MS:1001251	NT=collision-induced dissociation;AC=MS:1000133	15 ppm	15 ppm	Data-independent acquisition	diaPASEF	475	1000	25	1	1	20230626_KK_SC_control_24_F4_1_14121.mzML	v1.1.0	NT=ms-proteomics;VV=v1.1.0	NT=human;VV=v1.1.0	NT=cell-lines;VV=v1.1.0	NT=single-cell;VV=v1.0.0	NT=dia-acquisition;VV=v1.1.0	not applicable
U2OS_SC_control_20230626_25_G4	NT=Homo sapiens;AC=NCBITaxon:9606	NT=tibia;AC=UBERON:0000979	NT=epithelial cell;AC=CL:0000066	NT=osteosarcoma;AC=MONDO:0009807	NT=U-2 OS;AC=CLO:0009454	CVCL_0042	U2OS	15Y	female	not applicable	single cell	FACS	25_G4	1	23	run 67	proteomic profiling by mass spectrometry	NT=timsTOF Pro;AC=MS:1003005	NT=label free sample;AC=MS:1002038	not applicable	NT=Trypsin;AC=MS:1001251	NT=collision-induced dissociation;AC=MS:1000133	15 ppm	15 ppm	Data-independent acquisition	diaPASEF	475	1000	25	1	1	20230626_KK_SC_control_25_G4_1_14122.mzML	v1.1.0	NT=ms-proteomics;VV=v1.1.0	NT=human;VV=v1.1.0	NT=cell-lines;VV=v1.1.0	NT=single-cell;VV=v1.0.0	NT=dia-acquisition;VV=v1.1.0	not applicable
U2OS_SC_control_20230626_26_H4	NT=Homo sapiens;AC=NCBITaxon:9606	NT=tibia;AC=UBERON:0000979	NT=epithelial cell;AC=CL:0000066	NT=osteosarcoma;AC=MONDO:0009807	NT=U-2 OS;AC=CLO:0009454	CVCL_0042	U2OS	15Y	female	not applicable	single cell	FACS	26_H4	1	24	run 68	proteomic profiling by mass spectrometry	NT=timsTOF Pro;AC=MS:1003005	NT=label free sample;AC=MS:1002038	not applicable	NT=Trypsin;AC=MS:1001251	NT=collision-induced dissociation;AC=MS:1000133	15 ppm	15 ppm	Data-independent acquisition	diaPASEF	475	1000	25	1	1	20230626_KK_SC_control_26_H4_1_14123.mzML	v1.1.0	NT=ms-proteomics;VV=v1.1.0	NT=human;VV=v1.1.0	NT=cell-lines;VV=v1.1.0	NT=single-cell;VV=v1.0.0	NT=dia-acquisition;VV=v1.1.0	not applicable
U2OS_SC_control_20230626_28_B3	NT=Homo sapiens;AC=NCBITaxon:9606	NT=tibia;AC=UBERON:0000979	NT=epithelial cell;AC=CL:0000066	NT=osteosarcoma;AC=MONDO:0009807	NT=U-2 OS;AC=CLO:0009454	CVCL_0042	U2OS	15Y	female	not applicable	single cell	FACS	28_B3	1	25	run 69	proteomic profiling by mass spectrometry	NT=timsTOF Pro;AC=MS:1003005	NT=label free sample;AC=MS:1002038	not applicable	NT=Trypsin;AC=MS:1001251	NT=collision-induced dissociation;AC=MS:1000133	15 ppm	15 ppm	Data-independent acquisition	diaPASEF	475	1000	25	1	1	20230626_KK_SC_control_28_B3_1_14135.mzML	v1.1.0	NT=ms-proteomics;VV=v1.1.0	NT=human;VV=v1.1.0	NT=cell-lines;VV=v1.1.0	NT=single-cell;VV=v1.0.0	NT=dia-acquisition;VV=v1.1.0	not applicable
U2OS_SC_control_20230626_29_C3	NT=Homo sapiens;AC=NCBITaxon:9606	NT=tibia;AC=UBERON:0000979	NT=epithelial cell;AC=CL:0000066	NT=osteosarcoma;AC=MONDO:0009807	NT=U-2 OS;AC=CLO:0009454	CVCL_0042	U2OS	15Y	female	not applicable	single cell	FACS	29_C3	1	26	run 70	proteomic profiling by mass spectrometry	NT=timsTOF Pro;AC=MS:1003005	NT=label free sample;AC=MS:1002038	not applicable	NT=Trypsin;AC=MS:1001251	NT=collision-induced dissociation;AC=MS:1000133	15 ppm	15 ppm	Data-independent acquisition	diaPASEF	475	1000	25	1	1	20230626_KK_SC_control_29_C3_1_14136.mzML	v1.1.0	NT=ms-proteomics;VV=v1.1.0	NT=human;VV=v1.1.0	NT=cell-lines;VV=v1.1.0	NT=single-cell;VV=v1.0.0	NT=dia-acquisition;VV=v1.1.0	not applicable
U2OS_SC_control_20230626_30_D3	NT=Homo sapiens;AC=NCBITaxon:9606	NT=tibia;AC=UBERON:0000979	NT=epithelial cell;AC=CL:0000066	NT=osteosarcoma;AC=MONDO:0009807	NT=U-2 OS;AC=CLO:0009454	CVCL_0042	U2OS	15Y	female	not applicable	single cell	FACS	30_D3	1	27	run 71	proteomic profiling by mass spectrometry	NT=timsTOF Pro;AC=MS:1003005	NT=label free sample;AC=MS:1002038	not applicable	NT=Trypsin;AC=MS:1001251	NT=collision-induced dissociation;AC=MS:1000133	15 ppm	15 ppm	Data-independent acquisition	diaPASEF	475	1000	25	1	1	20230626_KK_SC_control_30_D3_1_14137.mzML	v1.1.0	NT=ms-proteomics;VV=v1.1.0	NT=human;VV=v1.1.0	NT=cell-lines;VV=v1.1.0	NT=single-cell;VV=v1.0.0	NT=dia-acquisition;VV=v1.1.0	not applicable
U2OS_SC_control_20230626_31_E3	NT=Homo sapiens;AC=NCBITaxon:9606	NT=tibia;AC=UBERON:0000979	NT=epithelial cell;AC=CL:0000066	NT=osteosarcoma;AC=MONDO:0009807	NT=U-2 OS;AC=CLO:0009454	CVCL_0042	U2OS	15Y	female	not applicable	single cell	FACS	31_E3	1	28	run 72	proteomic profiling by mass spectrometry	NT=timsTOF Pro;AC=MS:1003005	NT=label free sample;AC=MS:1002038	not applicable	NT=Trypsin;AC=MS:1001251	NT=collision-induced dissociation;AC=MS:1000133	15 ppm	15 ppm	Data-independent acquisition	diaPASEF	475	1000	25	1	1	20230626_KK_SC_control_31_E3_1_14138.mzML	v1.1.0	NT=ms-proteomics;VV=v1.1.0	NT=human;VV=v1.1.0	NT=cell-lines;VV=v1.1.0	NT=single-cell;VV=v1.0.0	NT=dia-acquisition;VV=v1.1.0	not applicable
U2OS_SC_control_20230626_32_F3	NT=Homo sapiens;AC=NCBITaxon:9606	NT=tibia;AC=UBERON:0000979	NT=epithelial cell;AC=CL:0000066	NT=osteosarcoma;AC=MONDO:0009807	NT=U-2 OS;AC=CLO:0009454	CVCL_0042	U2OS	15Y	female	not applicable	single cell	FACS	32_F3	1	29	run 73	proteomic profiling by mass spectrometry	NT=timsTOF Pro;AC=MS:1003005	NT=label free sample;AC=MS:1002038	not applicable	NT=Trypsin;AC=MS:1001251	NT=collision-induced dissociation;AC=MS:1000133	15 ppm	15 ppm	Data-independent acquisition	diaPASEF	475	1000	25	1	1	20230626_KK_SC_control_32_F3_1_14139.mzML	v1.1.0	NT=ms-proteomics;VV=v1.1.0	NT=human;VV=v1.1.0	NT=cell-lines;VV=v1.1.0	NT=single-cell;VV=v1.0.0	NT=dia-acquisition;VV=v1.1.0	not applicable
U2OS_SC_control_20230626_33_G3	NT=Homo sapiens;AC=NCBITaxon:9606	NT=tibia;AC=UBERON:0000979	NT=epithelial cell;AC=CL:0000066	NT=osteosarcoma;AC=MONDO:0009807	NT=U-2 OS;AC=CLO:0009454	CVCL_0042	U2OS	15Y	female	not applicable	single cell	FACS	33_G3	1	30	run 74	proteomic profiling by mass spectrometry	NT=timsTOF Pro;AC=MS:1003005	NT=label free sample;AC=MS:1002038	not applicable	NT=Trypsin;AC=MS:1001251	NT=collision-induced dissociation;AC=MS:1000133	15 ppm	15 ppm	Data-independent acquisition	diaPASEF	475	1000	25	1	1	20230626_KK_SC_control_33_G3_1_14140.mzML	v1.1.0	NT=ms-proteomics;VV=v1.1.0	NT=human;VV=v1.1.0	NT=cell-lines;VV=v1.1.0	NT=single-cell;VV=v1.0.0	NT=dia-acquisition;VV=v1.1.0	not applicable
U2OS_SC_control_20230626_35_A2	NT=Homo sapiens;AC=NCBITaxon:9606	NT=tibia;AC=UBERON:0000979	NT=epithelial cell;AC=CL:0000066	NT=osteosarcoma;AC=MONDO:0009807	NT=U-2 OS;AC=CLO:0009454	CVCL_0042	U2OS	15Y	female	not applicable	single cell	FACS	35_A2	1	31	run 75	proteomic profiling by mass spectrometry	NT=timsTOF Pro;AC=MS:1003005	NT=label free sample;AC=MS:1002038	not applicable	NT=Trypsin;AC=MS:1001251	NT=collision-induced dissociation;AC=MS:1000133	15 ppm	15 ppm	Data-independent acquisition	diaPASEF	475	1000	25	1	1	20230626_KK_SC_control_35_A2_1_14152.mzML	v1.1.0	NT=ms-proteomics;VV=v1.1.0	NT=human;VV=v1.1.0	NT=cell-lines;VV=v1.1.0	NT=single-cell;VV=v1.0.0	NT=dia-acquisition;VV=v1.1.0	not applicable
U2OS_SC_control_20230626_36_B2	NT=Homo sapiens;AC=NCBITaxon:9606	NT=tibia;AC=UBERON:0000979	NT=epithelial cell;AC=CL:0000066	NT=osteosarcoma;AC=MONDO:0009807	NT=U-2 OS;AC=CLO:0009454	CVCL_0042	U2OS	15Y	female	not applicable	single cell	FACS	36_B2	1	32	run 76	proteomic profiling by mass spectrometry	NT=timsTOF Pro;AC=MS:1003005	NT=label free sample;AC=MS:1002038	not applicable	NT=Trypsin;AC=MS:1001251	NT=collision-induced dissociation;AC=MS:1000133	15 ppm	15 ppm	Data-independent acquisition	diaPASEF	475	1000	25	1	1	20230626_KK_SC_control_36_B2_1_14153.mzML	v1.1.0	NT=ms-proteomics;VV=v1.1.0	NT=human;VV=v1.1.0	NT=cell-lines;VV=v1.1.0	NT=single-cell;VV=v1.0.0	NT=dia-acquisition;VV=v1.1.0	not applicable
U2OS_SC_control_20230626_37_C2	NT=Homo sapiens;AC=NCBITaxon:9606	NT=tibia;AC=UBERON:0000979	NT=epithelial cell;AC=CL:0000066	NT=osteosarcoma;AC=MONDO:0009807	NT=U-2 OS;AC=CLO:0009454	CVCL_0042	U2OS	15Y	female	not applicable	single cell	FACS	37_C2	1	33	run 77	proteomic profiling by mass spectrometry	NT=timsTOF Pro;AC=MS:1003005	NT=label free sample;AC=MS:1002038	not applicable	NT=Trypsin;AC=MS:1001251	NT=collision-induced dissociation;AC=MS:1000133	15 ppm	15 ppm	Data-independent acquisition	diaPASEF	475	1000	25	1	1	20230626_KK_SC_control_37_C2_1_14154.mzML	v1.1.0	NT=ms-proteomics;VV=v1.1.0	NT=human;VV=v1.1.0	NT=cell-lines;VV=v1.1.0	NT=single-cell;VV=v1.0.0	NT=dia-acquisition;VV=v1.1.0	not applicable
U2OS_SC_control_20230626_38_D2	NT=Homo sapiens;AC=NCBITaxon:9606	NT=tibia;AC=UBERON:0000979	NT=epithelial cell;AC=CL:0000066	NT=osteosarcoma;AC=MONDO:0009807	NT=U-2 OS;AC=CLO:0009454	CVCL_0042	U2OS	15Y	female	not applicable	single cell	FACS	38_D2	1	34	run 78	proteomic profiling by mass spectrometry	NT=timsTOF Pro;AC=MS:1003005	NT=label free sample;AC=MS:1002038	not applicable	NT=Trypsin;AC=MS:1001251	NT=collision-induced dissociation;AC=MS:1000133	15 ppm	15 ppm	Data-independent acquisition	diaPASEF	475	1000	25	1	1	20230626_KK_SC_control_38_D2_1_14155.mzML	v1.1.0	NT=ms-proteomics;VV=v1.1.0	NT=human;VV=v1.1.0	NT=cell-lines;VV=v1.1.0	NT=single-cell;VV=v1.0.0	NT=dia-acquisition;VV=v1.1.0	not applicable
U2OS_SC_control_20230626_39_E2	NT=Homo sapiens;AC=NCBITaxon:9606	NT=tibia;AC=UBERON:0000979	NT=epithelial cell;AC=CL:0000066	NT=osteosarcoma;AC=MONDO:0009807	NT=U-2 OS;AC=CLO:0009454	CVCL_0042	U2OS	15Y	female	not applicable	single cell	FACS	39_E2	1	35	run 79	proteomic profiling by mass spectrometry	NT=timsTOF Pro;AC=MS:1003005	NT=label free sample;AC=MS:1002038	not applicable	NT=Trypsin;AC=MS:1001251	NT=collision-induced dissociation;AC=MS:1000133	15 ppm	15 ppm	Data-independent acquisition	diaPASEF	475	1000	25	1	1	20230626_KK_SC_control_39_E2_1_14156.mzML	v1.1.0	NT=ms-proteomics;VV=v1.1.0	NT=human;VV=v1.1.0	NT=cell-lines;VV=v1.1.0	NT=single-cell;VV=v1.0.0	NT=dia-acquisition;VV=v1.1.0	not applicable
U2OS_SC_control_20230626_40_F2	NT=Homo sapiens;AC=NCBITaxon:9606	NT=tibia;AC=UBERON:0000979	NT=epithelial cell;AC=CL:0000066	NT=osteosarcoma;AC=MONDO:0009807	NT=U-2 OS;AC=CLO:0009454	CVCL_0042	U2OS	15Y	female	not applicable	single cell	FACS	40_F2	1	36	run 80	proteomic profiling by mass spectrometry	NT=timsTOF Pro;AC=MS:1003005	NT=label free sample;AC=MS:1002038	not applicable	NT=Trypsin;AC=MS:1001251	NT=collision-induced dissociation;AC=MS:1000133	15 ppm	15 ppm	Data-independent acquisition	diaPASEF	475	1000	25	1	1	20230626_KK_SC_control_40_F2_1_14157.mzML	v1.1.0	NT=ms-proteomics;VV=v1.1.0	NT=human;VV=v1.1.0	NT=cell-lines;VV=v1.1.0	NT=single-cell;VV=v1.0.0	NT=dia-acquisition;VV=v1.1.0	not applicable
U2OS_SC_control_20230626_41_G2	NT=Homo sapiens;AC=NCBITaxon:9606	NT=tibia;AC=UBERON:0000979	NT=epithelial cell;AC=CL:0000066	NT=osteosarcoma;AC=MONDO:0009807	NT=U-2 OS;AC=CLO:0009454	CVCL_0042	U2OS	15Y	female	not applicable	single cell	FACS	41_G2	1	37	run 81	proteomic profiling by mass spectrometry	NT=timsTOF Pro;AC=MS:1003005	NT=label free sample;AC=MS:1002038	not applicable	NT=Trypsin;AC=MS:1001251	NT=collision-induced dissociation;AC=MS:1000133	15 ppm	15 ppm	Data-independent acquisition	diaPASEF	475	1000	25	1	1	20230626_KK_SC_control_41_G2_1_14158.mzML	v1.1.0	NT=ms-proteomics;VV=v1.1.0	NT=human;VV=v1.1.0	NT=cell-lines;VV=v1.1.0	NT=single-cell;VV=v1.0.0	NT=dia-acquisition;VV=v1.1.0	not applicable
U2OS_SC_control_20230626_43_A1	NT=Homo sapiens;AC=NCBITaxon:9606	NT=tibia;AC=UBERON:0000979	NT=epithelial cell;AC=CL:0000066	NT=osteosarcoma;AC=MONDO:0009807	NT=U-2 OS;AC=CLO:0009454	CVCL_0042	U2OS	15Y	female	not applicable	single cell	FACS	43_A1	1	38	run 82	proteomic profiling by mass spectrometry	NT=timsTOF Pro;AC=MS:1003005	NT=label free sample;AC=MS:1002038	not applicable	NT=Trypsin;AC=MS:1001251	NT=collision-induced dissociation;AC=MS:1000133	15 ppm	15 ppm	Data-independent acquisition	diaPASEF	475	1000	25	1	1	20230626_KK_SC_control_43_A1_1_14170.mzML	v1.1.0	NT=ms-proteomics;VV=v1.1.0	NT=human;VV=v1.1.0	NT=cell-lines;VV=v1.1.0	NT=single-cell;VV=v1.0.0	NT=dia-acquisition;VV=v1.1.0	not applicable
U2OS_SC_control_20230626_44_B1	NT=Homo sapiens;AC=NCBITaxon:9606	NT=tibia;AC=UBERON:0000979	NT=epithelial cell;AC=CL:0000066	NT=osteosarcoma;AC=MONDO:0009807	NT=U-2 OS;AC=CLO:0009454	CVCL_0042	U2OS	15Y	female	not applicable	single cell	FACS	44_B1	1	39	run 83	proteomic profiling by mass spectrometry	NT=timsTOF Pro;AC=MS:1003005	NT=label free sample;AC=MS:1002038	not applicable	NT=Trypsin;AC=MS:1001251	NT=collision-induced dissociation;AC=MS:1000133	15 ppm	15 ppm	Data-independent acquisition	diaPASEF	475	1000	25	1	1	20230626_KK_SC_control_44_B1_1_14171.mzML	v1.1.0	NT=ms-proteomics;VV=v1.1.0	NT=human;VV=v1.1.0	NT=cell-lines;VV=v1.1.0	NT=single-cell;VV=v1.0.0	NT=dia-acquisition;VV=v1.1.0	not applicable
U2OS_SC_control_20230626_45_C1	NT=Homo sapiens;AC=NCBITaxon:9606	NT=tibia;AC=UBERON:0000979	NT=epithelial cell;AC=CL:0000066	NT=osteosarcoma;AC=MONDO:0009807	NT=U-2 OS;AC=CLO:0009454	CVCL_0042	U2OS	15Y	female	not applicable	single cell	FACS	45_C1	1	40	run 84	proteomic profiling by mass spectrometry	NT=timsTOF Pro;AC=MS:1003005	NT=label free sample;AC=MS:1002038	not applicable	NT=Trypsin;AC=MS:1001251	NT=collision-induced dissociation;AC=MS:1000133	15 ppm	15 ppm	Data-independent acquisition	diaPASEF	475	1000	25	1	1	20230626_KK_SC_control_45_C1_1_14172.mzML	v1.1.0	NT=ms-proteomics;VV=v1.1.0	NT=human;VV=v1.1.0	NT=cell-lines;VV=v1.1.0	NT=single-cell;VV=v1.0.0	NT=dia-acquisition;VV=v1.1.0	not applicable
U2OS_SC_control_20230626_46_D1	NT=Homo sapiens;AC=NCBITaxon:9606	NT=tibia;AC=UBERON:0000979	NT=epithelial cell;AC=CL:0000066	NT=osteosarcoma;AC=MONDO:0009807	NT=U-2 OS;AC=CLO:0009454	CVCL_0042	U2OS	15Y	female	not applicable	single cell	FACS	46_D1	1	41	run 85	proteomic profiling by mass spectrometry	NT=timsTOF Pro;AC=MS:1003005	NT=label free sample;AC=MS:1002038	not applicable	NT=Trypsin;AC=MS:1001251	NT=collision-induced dissociation;AC=MS:1000133	15 ppm	15 ppm	Data-independent acquisition	diaPASEF	475	1000	25	1	1	20230626_KK_SC_control_46_D1_1_14173.mzML	v1.1.0	NT=ms-proteomics;VV=v1.1.0	NT=human;VV=v1.1.0	NT=cell-lines;VV=v1.1.0	NT=single-cell;VV=v1.0.0	NT=dia-acquisition;VV=v1.1.0	not applicable
U2OS_SC_control_20230626_47_E1	NT=Homo sapiens;AC=NCBITaxon:9606	NT=tibia;AC=UBERON:0000979	NT=epithelial cell;AC=CL:0000066	NT=osteosarcoma;AC=MONDO:0009807	NT=U-2 OS;AC=CLO:0009454	CVCL_0042	U2OS	15Y	female	not applicable	single cell	FACS	47_E1	1	42	run 86	proteomic profiling by mass spectrometry	NT=timsTOF Pro;AC=MS:1003005	NT=label free sample;AC=MS:1002038	not applicable	NT=Trypsin;AC=MS:1001251	NT=collision-induced dissociation;AC=MS:1000133	15 ppm	15 ppm	Data-independent acquisition	diaPASEF	475	1000	25	1	1	20230626_KK_SC_control_47_E1_1_14174.mzML	v1.1.0	NT=ms-proteomics;VV=v1.1.0	NT=human;VV=v1.1.0	NT=cell-lines;VV=v1.1.0	NT=single-cell;VV=v1.0.0	NT=dia-acquisition;VV=v1.1.0	not applicable
U2OS_SC_control_20230626_48_F1	NT=Homo sapiens;AC=NCBITaxon:9606	NT=tibia;AC=UBERON:0000979	NT=epithelial cell;AC=CL:0000066	NT=osteosarcoma;AC=MONDO:0009807	NT=U-2 OS;AC=CLO:0009454	CVCL_0042	U2OS	15Y	female	not applicable	single cell	FACS	48_F1	1	43	run 87	proteomic profiling by mass spectrometry	NT=timsTOF Pro;AC=MS:1003005	NT=label free sample;AC=MS:1002038	not applicable	NT=Trypsin;AC=MS:1001251	NT=collision-induced dissociation;AC=MS:1000133	15 ppm	15 ppm	Data-independent acquisition	diaPASEF	475	1000	25	1	1	20230626_KK_SC_control_48_F1_1_14175.mzML	v1.1.0	NT=ms-proteomics;VV=v1.1.0	NT=human;VV=v1.1.0	NT=cell-lines;VV=v1.1.0	NT=single-cell;VV=v1.0.0	NT=dia-acquisition;VV=v1.1.0	not applicable
U2OS_SC_control_20230626_49_G1	NT=Homo sapiens;AC=NCBITaxon:9606	NT=tibia;AC=UBERON:0000979	NT=epithelial cell;AC=CL:0000066	NT=osteosarcoma;AC=MONDO:0009807	NT=U-2 OS;AC=CLO:0009454	CVCL_0042	U2OS	15Y	female	not applicable	single cell	FACS	49_G1	1	44	run 88	proteomic profiling by mass spectrometry	NT=timsTOF Pro;AC=MS:1003005	NT=label free sample;AC=MS:1002038	not applicable	NT=Trypsin;AC=MS:1001251	NT=collision-induced dissociation;AC=MS:1000133	15 ppm	15 ppm	Data-independent acquisition	diaPASEF	475	1000	25	1	1	20230626_KK_SC_control_49_G1_1_14176.mzML	v1.1.0	NT=ms-proteomics;VV=v1.1.0	NT=human;VV=v1.1.0	NT=cell-lines;VV=v1.1.0	NT=single-cell;VV=v1.0.0	NT=dia-acquisition;VV=v1.1.0	not applicable
U2OS_10SC_IFNy_20230629_01_A12	NT=Homo sapiens;AC=NCBITaxon:9606	NT=tibia;AC=UBERON:0000979	NT=epithelial cell;AC=CL:0000066	NT=osteosarcoma;AC=MONDO:0009807	NT=U-2 OS;AC=CLO:0009454	CVCL_0042	U2OS	15Y	female	NT=Recombinant Interferon Gamma;AC=NCIT:C583	not available	FACS	not applicable	10	1	run 89	proteomic profiling by mass spectrometry	NT=timsTOF Pro;AC=MS:1003005	NT=label free sample;AC=MS:1002038	not applicable	NT=Trypsin;AC=MS:1001251	NT=collision-induced dissociation;AC=MS:1000133	15 ppm	15 ppm	Data-independent acquisition	diaPASEF	475	1000	25	1	1	20230629_KK_10SC_IFNy_01_A12_1_14179.mzML	v1.1.0	NT=ms-proteomics;VV=v1.1.0	NT=human;VV=v1.1.0	NT=cell-lines;VV=v1.1.0	NT=single-cell;VV=v1.0.0	NT=dia-acquisition;VV=v1.1.0	NT=Recombinant Interferon Gamma;AC=NCIT:C583
U2OS_10SC_IFNy_20230629_02_B12	NT=Homo sapiens;AC=NCBITaxon:9606	NT=tibia;AC=UBERON:0000979	NT=epithelial cell;AC=CL:0000066	NT=osteosarcoma;AC=MONDO:0009807	NT=U-2 OS;AC=CLO:0009454	CVCL_0042	U2OS	15Y	female	NT=Recombinant Interferon Gamma;AC=NCIT:C583	not available	FACS	not applicable	10	2	run 90	proteomic profiling by mass spectrometry	NT=timsTOF Pro;AC=MS:1003005	NT=label free sample;AC=MS:1002038	not applicable	NT=Trypsin;AC=MS:1001251	NT=collision-induced dissociation;AC=MS:1000133	15 ppm	15 ppm	Data-independent acquisition	diaPASEF	475	1000	25	1	1	20230629_KK_10SC_IFNy_02_B12_1_14180.mzML	v1.1.0	NT=ms-proteomics;VV=v1.1.0	NT=human;VV=v1.1.0	NT=cell-lines;VV=v1.1.0	NT=single-cell;VV=v1.0.0	NT=dia-acquisition;VV=v1.1.0	NT=Recombinant Interferon Gamma;AC=NCIT:C583
U2OS_10SC_IFNy_20230629_03_C12	NT=Homo sapiens;AC=NCBITaxon:9606	NT=tibia;AC=UBERON:0000979	NT=epithelial cell;AC=CL:0000066	NT=osteosarcoma;AC=MONDO:0009807	NT=U-2 OS;AC=CLO:0009454	CVCL_0042	U2OS	15Y	female	NT=Recombinant Interferon Gamma;AC=NCIT:C583	not available	FACS	not applicable	10	3	run 91	proteomic profiling by mass spectrometry	NT=timsTOF Pro;AC=MS:1003005	NT=label free sample;AC=MS:1002038	not applicable	NT=Trypsin;AC=MS:1001251	NT=collision-induced dissociation;AC=MS:1000133	15 ppm	15 ppm	Data-independent acquisition	diaPASEF	475	1000	25	1	1	20230629_KK_10SC_IFNy_03_C12_1_14182.mzML	v1.1.0	NT=ms-proteomics;VV=v1.1.0	NT=human;VV=v1.1.0	NT=cell-lines;VV=v1.1.0	NT=single-cell;VV=v1.0.0	NT=dia-acquisition;VV=v1.1.0	NT=Recombinant Interferon Gamma;AC=NCIT:C583
U2OS_10SC_IFNy_20230629_04_D12	NT=Homo sapiens;AC=NCBITaxon:9606	NT=tibia;AC=UBERON:0000979	NT=epithelial cell;AC=CL:0000066	NT=osteosarcoma;AC=MONDO:0009807	NT=U-2 OS;AC=CLO:0009454	CVCL_0042	U2OS	15Y	female	NT=Recombinant Interferon Gamma;AC=NCIT:C583	not available	FACS	not applicable	10	4	run 92	proteomic profiling by mass spectrometry	NT=timsTOF Pro;AC=MS:1003005	NT=label free sample;AC=MS:1002038	not applicable	NT=Trypsin;AC=MS:1001251	NT=collision-induced dissociation;AC=MS:1000133	15 ppm	15 ppm	Data-independent acquisition	diaPASEF	475	1000	25	1	1	20230629_KK_10SC_IFNy_04_D12_1_14183.mzML	v1.1.0	NT=ms-proteomics;VV=v1.1.0	NT=human;VV=v1.1.0	NT=cell-lines;VV=v1.1.0	NT=single-cell;VV=v1.0.0	NT=dia-acquisition;VV=v1.1.0	NT=Recombinant Interferon Gamma;AC=NCIT:C583
U2OS_10SC_IFNy_20230629_05_E12	NT=Homo sapiens;AC=NCBITaxon:9606	NT=tibia;AC=UBERON:0000979	NT=epithelial cell;AC=CL:0000066	NT=osteosarcoma;AC=MONDO:0009807	NT=U-2 OS;AC=CLO:0009454	CVCL_0042	U2OS	15Y	female	NT=Recombinant Interferon Gamma;AC=NCIT:C583	not available	FACS	not applicable	10	5	run 93	proteomic profiling by mass spectrometry	NT=timsTOF Pro;AC=MS:1003005	NT=label free sample;AC=MS:1002038	not applicable	NT=Trypsin;AC=MS:1001251	NT=collision-induced dissociation;AC=MS:1000133	15 ppm	15 ppm	Data-independent acquisition	diaPASEF	475	1000	25	1	1	20230629_KK_10SC_IFNy_05_E12_1_14191.mzML	v1.1.0	NT=ms-proteomics;VV=v1.1.0	NT=human;VV=v1.1.0	NT=cell-lines;VV=v1.1.0	NT=single-cell;VV=v1.0.0	NT=dia-acquisition;VV=v1.1.0	NT=Recombinant Interferon Gamma;AC=NCIT:C583
U2OS_10SC_IFNy_20230629_06_F12	NT=Homo sapiens;AC=NCBITaxon:9606	NT=tibia;AC=UBERON:0000979	NT=epithelial cell;AC=CL:0000066	NT=osteosarcoma;AC=MONDO:0009807	NT=U-2 OS;AC=CLO:0009454	CVCL_0042	U2OS	15Y	female	NT=Recombinant Interferon Gamma;AC=NCIT:C583	not available	FACS	not applicable	10	6	run 94	proteomic profiling by mass spectrometry	NT=timsTOF Pro;AC=MS:1003005	NT=label free sample;AC=MS:1002038	not applicable	NT=Trypsin;AC=MS:1001251	NT=collision-induced dissociation;AC=MS:1000133	15 ppm	15 ppm	Data-independent acquisition	diaPASEF	475	1000	25	1	1	20230629_KK_10SC_IFNy_06_F12_1_14192.mzML	v1.1.0	NT=ms-proteomics;VV=v1.1.0	NT=human;VV=v1.1.0	NT=cell-lines;VV=v1.1.0	NT=single-cell;VV=v1.0.0	NT=dia-acquisition;VV=v1.1.0	NT=Recombinant Interferon Gamma;AC=NCIT:C583
U2OS_10SC_IFNy_20230629_07_G12	NT=Homo sapiens;AC=NCBITaxon:9606	NT=tibia;AC=UBERON:0000979	NT=epithelial cell;AC=CL:0000066	NT=osteosarcoma;AC=MONDO:0009807	NT=U-2 OS;AC=CLO:0009454	CVCL_0042	U2OS	15Y	female	NT=Recombinant Interferon Gamma;AC=NCIT:C583	not available	FACS	not applicable	10	7	run 95	proteomic profiling by mass spectrometry	NT=timsTOF Pro;AC=MS:1003005	NT=label free sample;AC=MS:1002038	not applicable	NT=Trypsin;AC=MS:1001251	NT=collision-induced dissociation;AC=MS:1000133	15 ppm	15 ppm	Data-independent acquisition	diaPASEF	475	1000	25	1	1	20230629_KK_10SC_IFNy_07_G12_1_14194.mzML	v1.1.0	NT=ms-proteomics;VV=v1.1.0	NT=human;VV=v1.1.0	NT=cell-lines;VV=v1.1.0	NT=single-cell;VV=v1.0.0	NT=dia-acquisition;VV=v1.1.0	NT=Recombinant Interferon Gamma;AC=NCIT:C583
U2OS_10SC_IFNy_20230629_08_H12	NT=Homo sapiens;AC=NCBITaxon:9606	NT=tibia;AC=UBERON:0000979	NT=epithelial cell;AC=CL:0000066	NT=osteosarcoma;AC=MONDO:0009807	NT=U-2 OS;AC=CLO:0009454	CVCL_0042	U2OS	15Y	female	NT=Recombinant Interferon Gamma;AC=NCIT:C583	not available	FACS	not applicable	10	8	run 96	proteomic profiling by mass spectrometry	NT=timsTOF Pro;AC=MS:1003005	NT=label free sample;AC=MS:1002038	not applicable	NT=Trypsin;AC=MS:1001251	NT=collision-induced dissociation;AC=MS:1000133	15 ppm	15 ppm	Data-independent acquisition	diaPASEF	475	1000	25	1	1	20230629_KK_10SC_IFNy_08_H12_1_14195.mzML	v1.1.0	NT=ms-proteomics;VV=v1.1.0	NT=human;VV=v1.1.0	NT=cell-lines;VV=v1.1.0	NT=single-cell;VV=v1.0.0	NT=dia-acquisition;VV=v1.1.0	NT=Recombinant Interferon Gamma;AC=NCIT:C583
U2OS_10SC_control_20230629_01_A11	NT=Homo sapiens;AC=NCBITaxon:9606	NT=tibia;AC=UBERON:0000979	NT=epithelial cell;AC=CL:0000066	NT=osteosarcoma;AC=MONDO:0009807	NT=U-2 OS;AC=CLO:0009454	CVCL_0042	U2OS	15Y	female	not applicable	not available	FACS	not applicable	10	1	run 97	proteomic profiling by mass spectrometry	NT=timsTOF Pro;AC=MS:1003005	NT=label free sample;AC=MS:1002038	not applicable	NT=Trypsin;AC=MS:1001251	NT=collision-induced dissociation;AC=MS:1000133	15 ppm	15 ppm	Data-independent acquisition	diaPASEF	475	1000	25	1	1	20230629_KK_10SC_control_01_A11_1_14185.mzML	v1.1.0	NT=ms-proteomics;VV=v1.1.0	NT=human;VV=v1.1.0	NT=cell-lines;VV=v1.1.0	NT=single-cell;VV=v1.0.0	NT=dia-acquisition;VV=v1.1.0	not applicable
U2OS_10SC_control_20230629_02_B11	NT=Homo sapiens;AC=NCBITaxon:9606	NT=tibia;AC=UBERON:0000979	NT=epithelial cell;AC=CL:0000066	NT=osteosarcoma;AC=MONDO:0009807	NT=U-2 OS;AC=CLO:0009454	CVCL_0042	U2OS	15Y	female	not applicable	not available	FACS	not applicable	10	2	run 98	proteomic profiling by mass spectrometry	NT=timsTOF Pro;AC=MS:1003005	NT=label free sample;AC=MS:1002038	not applicable	NT=Trypsin;AC=MS:1001251	NT=collision-induced dissociation;AC=MS:1000133	15 ppm	15 ppm	Data-independent acquisition	diaPASEF	475	1000	25	1	1	20230629_KK_10SC_control_02_B11_1_14186.mzML	v1.1.0	NT=ms-proteomics;VV=v1.1.0	NT=human;VV=v1.1.0	NT=cell-lines;VV=v1.1.0	NT=single-cell;VV=v1.0.0	NT=dia-acquisition;VV=v1.1.0	not applicable
U2OS_10SC_control_20230629_03_C11	NT=Homo sapiens;AC=NCBITaxon:9606	NT=tibia;AC=UBERON:0000979	NT=epithelial cell;AC=CL:0000066	NT=osteosarcoma;AC=MONDO:0009807	NT=U-2 OS;AC=CLO:0009454	CVCL_0042	U2OS	15Y	female	not applicable	not available	FACS	not applicable	10	3	run 99	proteomic profiling by mass spectrometry	NT=timsTOF Pro;AC=MS:1003005	NT=label free sample;AC=MS:1002038	not applicable	NT=Trypsin;AC=MS:1001251	NT=collision-induced dissociation;AC=MS:1000133	15 ppm	15 ppm	Data-independent acquisition	diaPASEF	475	1000	25	1	1	20230629_KK_10SC_control_03_C11_1_14188.mzML	v1.1.0	NT=ms-proteomics;VV=v1.1.0	NT=human;VV=v1.1.0	NT=cell-lines;VV=v1.1.0	NT=single-cell;VV=v1.0.0	NT=dia-acquisition;VV=v1.1.0	not applicable
U2OS_10SC_control_20230629_04_D11	NT=Homo sapiens;AC=NCBITaxon:9606	NT=tibia;AC=UBERON:0000979	NT=epithelial cell;AC=CL:0000066	NT=osteosarcoma;AC=MONDO:0009807	NT=U-2 OS;AC=CLO:0009454	CVCL_0042	U2OS	15Y	female	not applicable	not available	FACS	not applicable	10	4	run 100	proteomic profiling by mass spectrometry	NT=timsTOF Pro;AC=MS:1003005	NT=label free sample;AC=MS:1002038	not applicable	NT=Trypsin;AC=MS:1001251	NT=collision-induced dissociation;AC=MS:1000133	15 ppm	15 ppm	Data-independent acquisition	diaPASEF	475	1000	25	1	1	20230629_KK_10SC_control_04_D11_1_14189.mzML	v1.1.0	NT=ms-proteomics;VV=v1.1.0	NT=human;VV=v1.1.0	NT=cell-lines;VV=v1.1.0	NT=single-cell;VV=v1.0.0	NT=dia-acquisition;VV=v1.1.0	not applicable
U2OS_10SC_control_20230629_05_E11	NT=Homo sapiens;AC=NCBITaxon:9606	NT=tibia;AC=UBERON:0000979	NT=epithelial cell;AC=CL:0000066	NT=osteosarcoma;AC=MONDO:0009807	NT=U-2 OS;AC=CLO:0009454	CVCL_0042	U2OS	15Y	female	not applicable	not available	FACS	not applicable	10	5	run 101	proteomic profiling by mass spectrometry	NT=timsTOF Pro;AC=MS:1003005	NT=label free sample;AC=MS:1002038	not applicable	NT=Trypsin;AC=MS:1001251	NT=collision-induced dissociation;AC=MS:1000133	15 ppm	15 ppm	Data-independent acquisition	diaPASEF	475	1000	25	1	1	20230629_KK_10SC_control_05_E11_1_14197.mzML	v1.1.0	NT=ms-proteomics;VV=v1.1.0	NT=human;VV=v1.1.0	NT=cell-lines;VV=v1.1.0	NT=single-cell;VV=v1.0.0	NT=dia-acquisition;VV=v1.1.0	not applicable
U2OS_10SC_control_20230629_06_F11	NT=Homo sapiens;AC=NCBITaxon:9606	NT=tibia;AC=UBERON:0000979	NT=epithelial cell;AC=CL:0000066	NT=osteosarcoma;AC=MONDO:0009807	NT=U-2 OS;AC=CLO:0009454	CVCL_0042	U2OS	15Y	female	not applicable	not available	FACS	not applicable	10	6	run 102	proteomic profiling by mass spectrometry	NT=timsTOF Pro;AC=MS:1003005	NT=label free sample;AC=MS:1002038	not applicable	NT=Trypsin;AC=MS:1001251	NT=collision-induced dissociation;AC=MS:1000133	15 ppm	15 ppm	Data-independent acquisition	diaPASEF	475	1000	25	1	1	20230629_KK_10SC_control_06_F11_1_14198.mzML	v1.1.0	NT=ms-proteomics;VV=v1.1.0	NT=human;VV=v1.1.0	NT=cell-lines;VV=v1.1.0	NT=single-cell;VV=v1.0.0	NT=dia-acquisition;VV=v1.1.0	not applicable
U2OS_10SC_control_20230629_07_G11	NT=Homo sapiens;AC=NCBITaxon:9606	NT=tibia;AC=UBERON:0000979	NT=epithelial cell;AC=CL:0000066	NT=osteosarcoma;AC=MONDO:0009807	NT=U-2 OS;AC=CLO:0009454	CVCL_0042	U2OS	15Y	female	not applicable	not available	FACS	not applicable	10	7	run 103	proteomic profiling by mass spectrometry	NT=timsTOF Pro;AC=MS:1003005	NT=label free sample;AC=MS:1002038	not applicable	NT=Trypsin;AC=MS:1001251	NT=collision-induced dissociation;AC=MS:1000133	15 ppm	15 ppm	Data-independent acquisition	diaPASEF	475	1000	25	1	1	20230629_KK_10SC_control_07_G11_1_14200.mzML	v1.1.0	NT=ms-proteomics;VV=v1.1.0	NT=human;VV=v1.1.0	NT=cell-lines;VV=v1.1.0	NT=single-cell;VV=v1.0.0	NT=dia-acquisition;VV=v1.1.0	not applicable
U2OS_10SC_control_20230629_08_H11	NT=Homo sapiens;AC=NCBITaxon:9606	NT=tibia;AC=UBERON:0000979	NT=epithelial cell;AC=CL:0000066	NT=osteosarcoma;AC=MONDO:0009807	NT=U-2 OS;AC=CLO:0009454	CVCL_0042	U2OS	15Y	female	not applicable	not available	FACS	not applicable	10	8	run 104	proteomic profiling by mass spectrometry	NT=timsTOF Pro;AC=MS:1003005	NT=label free sample;AC=MS:1002038	not applicable	NT=Trypsin;AC=MS:1001251	NT=collision-induced dissociation;AC=MS:1000133	15 ppm	15 ppm	Data-independent acquisition	diaPASEF	475	1000	25	1	1	20230629_KK_10SC_control_08_H11_1_14201.mzML	v1.1.0	NT=ms-proteomics;VV=v1.1.0	NT=human;VV=v1.1.0	NT=cell-lines;VV=v1.1.0	NT=single-cell;VV=v1.0.0	NT=dia-acquisition;VV=v1.1.0	not applicable
U2OS_SC_IFNy_20230630_51_A7	NT=Homo sapiens;AC=NCBITaxon:9606	NT=tibia;AC=UBERON:0000979	NT=epithelial cell;AC=CL:0000066	NT=osteosarcoma;AC=MONDO:0009807	NT=U-2 OS;AC=CLO:0009454	CVCL_0042	U2OS	15Y	female	NT=Recombinant Interferon Gamma;AC=NCIT:C583	single cell	FACS	51_A7	1	45	run 105	proteomic profiling by mass spectrometry	NT=timsTOF Pro;AC=MS:1003005	NT=label free sample;AC=MS:1002038	not applicable	NT=Trypsin;AC=MS:1001251	NT=collision-induced dissociation;AC=MS:1000133	15 ppm	15 ppm	Data-independent acquisition	diaPASEF	475	1000	25	1	1	20230630_KK_SC_IFNy_51_A7_1_14204.mzML	v1.1.0	NT=ms-proteomics;VV=v1.1.0	NT=human;VV=v1.1.0	NT=cell-lines;VV=v1.1.0	NT=single-cell;VV=v1.0.0	NT=dia-acquisition;VV=v1.1.0	NT=Recombinant Interferon Gamma;AC=NCIT:C583
U2OS_SC_IFNy_20230630_52_B7	NT=Homo sapiens;AC=NCBITaxon:9606	NT=tibia;AC=UBERON:0000979	NT=epithelial cell;AC=CL:0000066	NT=osteosarcoma;AC=MONDO:0009807	NT=U-2 OS;AC=CLO:0009454	CVCL_0042	U2OS	15Y	female	NT=Recombinant Interferon Gamma;AC=NCIT:C583	single cell	FACS	52_B7	1	46	run 106	proteomic profiling by mass spectrometry	NT=timsTOF Pro;AC=MS:1003005	NT=label free sample;AC=MS:1002038	not applicable	NT=Trypsin;AC=MS:1001251	NT=collision-induced dissociation;AC=MS:1000133	15 ppm	15 ppm	Data-independent acquisition	diaPASEF	475	1000	25	1	1	20230630_KK_SC_IFNy_52_B7_1_14205.mzML	v1.1.0	NT=ms-proteomics;VV=v1.1.0	NT=human;VV=v1.1.0	NT=cell-lines;VV=v1.1.0	NT=single-cell;VV=v1.0.0	NT=dia-acquisition;VV=v1.1.0	NT=Recombinant Interferon Gamma;AC=NCIT:C583
U2OS_SC_IFNy_20230630_53_C7	NT=Homo sapiens;AC=NCBITaxon:9606	NT=tibia;AC=UBERON:0000979	NT=epithelial cell;AC=CL:0000066	NT=osteosarcoma;AC=MONDO:0009807	NT=U-2 OS;AC=CLO:0009454	CVCL_0042	U2OS	15Y	female	NT=Recombinant Interferon Gamma;AC=NCIT:C583	single cell	FACS	53_C7	1	47	run 107	proteomic profiling by mass spectrometry	NT=timsTOF Pro;AC=MS:1003005	NT=label free sample;AC=MS:1002038	not applicable	NT=Trypsin;AC=MS:1001251	NT=collision-induced dissociation;AC=MS:1000133	15 ppm	15 ppm	Data-independent acquisition	diaPASEF	475	1000	25	1	1	20230630_KK_SC_IFNy_53_C7_1_14206.mzML	v1.1.0	NT=ms-proteomics;VV=v1.1.0	NT=human;VV=v1.1.0	NT=cell-lines;VV=v1.1.0	NT=single-cell;VV=v1.0.0	NT=dia-acquisition;VV=v1.1.0	NT=Recombinant Interferon Gamma;AC=NCIT:C583
U2OS_SC_IFNy_20230630_54_D7	NT=Homo sapiens;AC=NCBITaxon:9606	NT=tibia;AC=UBERON:0000979	NT=epithelial cell;AC=CL:0000066	NT=osteosarcoma;AC=MONDO:0009807	NT=U-2 OS;AC=CLO:0009454	CVCL_0042	U2OS	15Y	female	NT=Recombinant Interferon Gamma;AC=NCIT:C583	single cell	FACS	54_D7	1	48	run 108	proteomic profiling by mass spectrometry	NT=timsTOF Pro;AC=MS:1003005	NT=label free sample;AC=MS:1002038	not applicable	NT=Trypsin;AC=MS:1001251	NT=collision-induced dissociation;AC=MS:1000133	15 ppm	15 ppm	Data-independent acquisition	diaPASEF	475	1000	25	1	1	20230630_KK_SC_IFNy_54_D7_1_14207.mzML	v1.1.0	NT=ms-proteomics;VV=v1.1.0	NT=human;VV=v1.1.0	NT=cell-lines;VV=v1.1.0	NT=single-cell;VV=v1.0.0	NT=dia-acquisition;VV=v1.1.0	NT=Recombinant Interferon Gamma;AC=NCIT:C583
U2OS_SC_IFNy_20230630_55_E7	NT=Homo sapiens;AC=NCBITaxon:9606	NT=tibia;AC=UBERON:0000979	NT=epithelial cell;AC=CL:0000066	NT=osteosarcoma;AC=MONDO:0009807	NT=U-2 OS;AC=CLO:0009454	CVCL_0042	U2OS	15Y	female	NT=Recombinant Interferon Gamma;AC=NCIT:C583	single cell	FACS	55_E7	1	49	run 109	proteomic profiling by mass spectrometry	NT=timsTOF Pro;AC=MS:1003005	NT=label free sample;AC=MS:1002038	not applicable	NT=Trypsin;AC=MS:1001251	NT=collision-induced dissociation;AC=MS:1000133	15 ppm	15 ppm	Data-independent acquisition	diaPASEF	475	1000	25	1	1	20230630_KK_SC_IFNy_55_E7_1_14208.mzML	v1.1.0	NT=ms-proteomics;VV=v1.1.0	NT=human;VV=v1.1.0	NT=cell-lines;VV=v1.1.0	NT=single-cell;VV=v1.0.0	NT=dia-acquisition;VV=v1.1.0	NT=Recombinant Interferon Gamma;AC=NCIT:C583
U2OS_SC_IFNy_20230630_56_F7	NT=Homo sapiens;AC=NCBITaxon:9606	NT=tibia;AC=UBERON:0000979	NT=epithelial cell;AC=CL:0000066	NT=osteosarcoma;AC=MONDO:0009807	NT=U-2 OS;AC=CLO:0009454	CVCL_0042	U2OS	15Y	female	NT=Recombinant Interferon Gamma;AC=NCIT:C583	single cell	FACS	56_F7	1	50	run 110	proteomic profiling by mass spectrometry	NT=timsTOF Pro;AC=MS:1003005	NT=label free sample;AC=MS:1002038	not applicable	NT=Trypsin;AC=MS:1001251	NT=collision-induced dissociation;AC=MS:1000133	15 ppm	15 ppm	Data-independent acquisition	diaPASEF	475	1000	25	1	1	20230630_KK_SC_IFNy_56_F7_1_14209.mzML	v1.1.0	NT=ms-proteomics;VV=v1.1.0	NT=human;VV=v1.1.0	NT=cell-lines;VV=v1.1.0	NT=single-cell;VV=v1.0.0	NT=dia-acquisition;VV=v1.1.0	NT=Recombinant Interferon Gamma;AC=NCIT:C583
U2OS_SC_IFNy_20230630_57_G7	NT=Homo sapiens;AC=NCBITaxon:9606	NT=tibia;AC=UBERON:0000979	NT=epithelial cell;AC=CL:0000066	NT=osteosarcoma;AC=MONDO:0009807	NT=U-2 OS;AC=CLO:0009454	CVCL_0042	U2OS	15Y	female	NT=Recombinant Interferon Gamma;AC=NCIT:C583	single cell	FACS	57_G7	1	51	run 111	proteomic profiling by mass spectrometry	NT=timsTOF Pro;AC=MS:1003005	NT=label free sample;AC=MS:1002038	not applicable	NT=Trypsin;AC=MS:1001251	NT=collision-induced dissociation;AC=MS:1000133	15 ppm	15 ppm	Data-independent acquisition	diaPASEF	475	1000	25	1	1	20230630_KK_SC_IFNy_57_G7_1_14210.mzML	v1.1.0	NT=ms-proteomics;VV=v1.1.0	NT=human;VV=v1.1.0	NT=cell-lines;VV=v1.1.0	NT=single-cell;VV=v1.0.0	NT=dia-acquisition;VV=v1.1.0	NT=Recombinant Interferon Gamma;AC=NCIT:C583
U2OS_SC_IFNy_20230630_58_H7	NT=Homo sapiens;AC=NCBITaxon:9606	NT=tibia;AC=UBERON:0000979	NT=epithelial cell;AC=CL:0000066	NT=osteosarcoma;AC=MONDO:0009807	NT=U-2 OS;AC=CLO:0009454	CVCL_0042	U2OS	15Y	female	NT=Recombinant Interferon Gamma;AC=NCIT:C583	single cell	FACS	58_H7	1	52	run 112	proteomic profiling by mass spectrometry	NT=timsTOF Pro;AC=MS:1003005	NT=label free sample;AC=MS:1002038	not applicable	NT=Trypsin;AC=MS:1001251	NT=collision-induced dissociation;AC=MS:1000133	15 ppm	15 ppm	Data-independent acquisition	diaPASEF	475	1000	25	1	1	20230630_KK_SC_IFNy_58_H7_1_14211.mzML	v1.1.0	NT=ms-proteomics;VV=v1.1.0	NT=human;VV=v1.1.0	NT=cell-lines;VV=v1.1.0	NT=single-cell;VV=v1.0.0	NT=dia-acquisition;VV=v1.1.0	NT=Recombinant Interferon Gamma;AC=NCIT:C583
U2OS_SC_IFNy_20230630_59_A8	NT=Homo sapiens;AC=NCBITaxon:9606	NT=tibia;AC=UBERON:0000979	NT=epithelial cell;AC=CL:0000066	NT=osteosarcoma;AC=MONDO:0009807	NT=U-2 OS;AC=CLO:0009454	CVCL_0042	U2OS	15Y	female	NT=Recombinant Interferon Gamma;AC=NCIT:C583	single cell	FACS	59_A8	1	53	run 113	proteomic profiling by mass spectrometry	NT=timsTOF Pro;AC=MS:1003005	NT=label free sample;AC=MS:1002038	not applicable	NT=Trypsin;AC=MS:1001251	NT=collision-induced dissociation;AC=MS:1000133	15 ppm	15 ppm	Data-independent acquisition	diaPASEF	475	1000	25	1	1	20230630_KK_SC_IFNy_59_A8_1_14222.mzML	v1.1.0	NT=ms-proteomics;VV=v1.1.0	NT=human;VV=v1.1.0	NT=cell-lines;VV=v1.1.0	NT=single-cell;VV=v1.0.0	NT=dia-acquisition;VV=v1.1.0	NT=Recombinant Interferon Gamma;AC=NCIT:C583
U2OS_SC_IFNy_20230630_60_B8	NT=Homo sapiens;AC=NCBITaxon:9606	NT=tibia;AC=UBERON:0000979	NT=epithelial cell;AC=CL:0000066	NT=osteosarcoma;AC=MONDO:0009807	NT=U-2 OS;AC=CLO:0009454	CVCL_0042	U2OS	15Y	female	NT=Recombinant Interferon Gamma;AC=NCIT:C583	single cell	FACS	60_B8	1	54	run 114	proteomic profiling by mass spectrometry	NT=timsTOF Pro;AC=MS:1003005	NT=label free sample;AC=MS:1002038	not applicable	NT=Trypsin;AC=MS:1001251	NT=collision-induced dissociation;AC=MS:1000133	15 ppm	15 ppm	Data-independent acquisition	diaPASEF	475	1000	25	1	1	20230630_KK_SC_IFNy_60_B8_1_14223.mzML	v1.1.0	NT=ms-proteomics;VV=v1.1.0	NT=human;VV=v1.1.0	NT=cell-lines;VV=v1.1.0	NT=single-cell;VV=v1.0.0	NT=dia-acquisition;VV=v1.1.0	NT=Recombinant Interferon Gamma;AC=NCIT:C583
U2OS_SC_IFNy_20230630_61_C8	NT=Homo sapiens;AC=NCBITaxon:9606	NT=tibia;AC=UBERON:0000979	NT=epithelial cell;AC=CL:0000066	NT=osteosarcoma;AC=MONDO:0009807	NT=U-2 OS;AC=CLO:0009454	CVCL_0042	U2OS	15Y	female	NT=Recombinant Interferon Gamma;AC=NCIT:C583	single cell	FACS	61_C8	1	55	run 115	proteomic profiling by mass spectrometry	NT=timsTOF Pro;AC=MS:1003005	NT=label free sample;AC=MS:1002038	not applicable	NT=Trypsin;AC=MS:1001251	NT=collision-induced dissociation;AC=MS:1000133	15 ppm	15 ppm	Data-independent acquisition	diaPASEF	475	1000	25	1	1	20230630_KK_SC_IFNy_61_C8_1_14224.mzML	v1.1.0	NT=ms-proteomics;VV=v1.1.0	NT=human;VV=v1.1.0	NT=cell-lines;VV=v1.1.0	NT=single-cell;VV=v1.0.0	NT=dia-acquisition;VV=v1.1.0	NT=Recombinant Interferon Gamma;AC=NCIT:C583
U2OS_SC_IFNy_20230630_62_D8	NT=Homo sapiens;AC=NCBITaxon:9606	NT=tibia;AC=UBERON:0000979	NT=epithelial cell;AC=CL:0000066	NT=osteosarcoma;AC=MONDO:0009807	NT=U-2 OS;AC=CLO:0009454	CVCL_0042	U2OS	15Y	female	NT=Recombinant Interferon Gamma;AC=NCIT:C583	single cell	FACS	62_D8	1	56	run 116	proteomic profiling by mass spectrometry	NT=timsTOF Pro;AC=MS:1003005	NT=label free sample;AC=MS:1002038	not applicable	NT=Trypsin;AC=MS:1001251	NT=collision-induced dissociation;AC=MS:1000133	15 ppm	15 ppm	Data-independent acquisition	diaPASEF	475	1000	25	1	1	20230630_KK_SC_IFNy_62_D8_1_14225.mzML	v1.1.0	NT=ms-proteomics;VV=v1.1.0	NT=human;VV=v1.1.0	NT=cell-lines;VV=v1.1.0	NT=single-cell;VV=v1.0.0	NT=dia-acquisition;VV=v1.1.0	NT=Recombinant Interferon Gamma;AC=NCIT:C583
U2OS_SC_IFNy_20230630_63_E8	NT=Homo sapiens;AC=NCBITaxon:9606	NT=tibia;AC=UBERON:0000979	NT=epithelial cell;AC=CL:0000066	NT=osteosarcoma;AC=MONDO:0009807	NT=U-2 OS;AC=CLO:0009454	CVCL_0042	U2OS	15Y	female	NT=Recombinant Interferon Gamma;AC=NCIT:C583	single cell	FACS	63_E8	1	57	run 117	proteomic profiling by mass spectrometry	NT=timsTOF Pro;AC=MS:1003005	NT=label free sample;AC=MS:1002038	not applicable	NT=Trypsin;AC=MS:1001251	NT=collision-induced dissociation;AC=MS:1000133	15 ppm	15 ppm	Data-independent acquisition	diaPASEF	475	1000	25	1	1	20230630_KK_SC_IFNy_63_E8_1_14226.mzML	v1.1.0	NT=ms-proteomics;VV=v1.1.0	NT=human;VV=v1.1.0	NT=cell-lines;VV=v1.1.0	NT=single-cell;VV=v1.0.0	NT=dia-acquisition;VV=v1.1.0	NT=Recombinant Interferon Gamma;AC=NCIT:C583
U2OS_SC_IFNy_20230630_64_F8	NT=Homo sapiens;AC=NCBITaxon:9606	NT=tibia;AC=UBERON:0000979	NT=epithelial cell;AC=CL:0000066	NT=osteosarcoma;AC=MONDO:0009807	NT=U-2 OS;AC=CLO:0009454	CVCL_0042	U2OS	15Y	female	NT=Recombinant Interferon Gamma;AC=NCIT:C583	single cell	FACS	64_F8	1	58	run 118	proteomic profiling by mass spectrometry	NT=timsTOF Pro;AC=MS:1003005	NT=label free sample;AC=MS:1002038	not applicable	NT=Trypsin;AC=MS:1001251	NT=collision-induced dissociation;AC=MS:1000133	15 ppm	15 ppm	Data-independent acquisition	diaPASEF	475	1000	25	1	1	20230630_KK_SC_IFNy_64_F8_1_14227.mzML	v1.1.0	NT=ms-proteomics;VV=v1.1.0	NT=human;VV=v1.1.0	NT=cell-lines;VV=v1.1.0	NT=single-cell;VV=v1.0.0	NT=dia-acquisition;VV=v1.1.0	NT=Recombinant Interferon Gamma;AC=NCIT:C583
U2OS_SC_IFNy_20230630_65_G8	NT=Homo sapiens;AC=NCBITaxon:9606	NT=tibia;AC=UBERON:0000979	NT=epithelial cell;AC=CL:0000066	NT=osteosarcoma;AC=MONDO:0009807	NT=U-2 OS;AC=CLO:0009454	CVCL_0042	U2OS	15Y	female	NT=Recombinant Interferon Gamma;AC=NCIT:C583	single cell	FACS	65_G8	1	59	run 119	proteomic profiling by mass spectrometry	NT=timsTOF Pro;AC=MS:1003005	NT=label free sample;AC=MS:1002038	not applicable	NT=Trypsin;AC=MS:1001251	NT=collision-induced dissociation;AC=MS:1000133	15 ppm	15 ppm	Data-independent acquisition	diaPASEF	475	1000	25	1	1	20230630_KK_SC_IFNy_65_G8_1_14228.mzML	v1.1.0	NT=ms-proteomics;VV=v1.1.0	NT=human;VV=v1.1.0	NT=cell-lines;VV=v1.1.0	NT=single-cell;VV=v1.0.0	NT=dia-acquisition;VV=v1.1.0	NT=Recombinant Interferon Gamma;AC=NCIT:C583
U2OS_SC_IFNy_20230630_67_A9	NT=Homo sapiens;AC=NCBITaxon:9606	NT=tibia;AC=UBERON:0000979	NT=epithelial cell;AC=CL:0000066	NT=osteosarcoma;AC=MONDO:0009807	NT=U-2 OS;AC=CLO:0009454	CVCL_0042	U2OS	15Y	female	NT=Recombinant Interferon Gamma;AC=NCIT:C583	single cell	FACS	67_A9	1	60	run 120	proteomic profiling by mass spectrometry	NT=timsTOF Pro;AC=MS:1003005	NT=label free sample;AC=MS:1002038	not applicable	NT=Trypsin;AC=MS:1001251	NT=collision-induced dissociation;AC=MS:1000133	15 ppm	15 ppm	Data-independent acquisition	diaPASEF	475	1000	25	1	1	20230630_KK_SC_IFNy_67_A9_1_14240.mzML	v1.1.0	NT=ms-proteomics;VV=v1.1.0	NT=human;VV=v1.1.0	NT=cell-lines;VV=v1.1.0	NT=single-cell;VV=v1.0.0	NT=dia-acquisition;VV=v1.1.0	NT=Recombinant Interferon Gamma;AC=NCIT:C583
U2OS_SC_IFNy_20230630_68_B9	NT=Homo sapiens;AC=NCBITaxon:9606	NT=tibia;AC=UBERON:0000979	NT=epithelial cell;AC=CL:0000066	NT=osteosarcoma;AC=MONDO:0009807	NT=U-2 OS;AC=CLO:0009454	CVCL_0042	U2OS	15Y	female	NT=Recombinant Interferon Gamma;AC=NCIT:C583	single cell	FACS	68_B9	1	61	run 121	proteomic profiling by mass spectrometry	NT=timsTOF Pro;AC=MS:1003005	NT=label free sample;AC=MS:1002038	not applicable	NT=Trypsin;AC=MS:1001251	NT=collision-induced dissociation;AC=MS:1000133	15 ppm	15 ppm	Data-independent acquisition	diaPASEF	475	1000	25	1	1	20230630_KK_SC_IFNy_68_B9_1_14241.mzML	v1.1.0	NT=ms-proteomics;VV=v1.1.0	NT=human;VV=v1.1.0	NT=cell-lines;VV=v1.1.0	NT=single-cell;VV=v1.0.0	NT=dia-acquisition;VV=v1.1.0	NT=Recombinant Interferon Gamma;AC=NCIT:C583
U2OS_SC_IFNy_20230630_69_C9	NT=Homo sapiens;AC=NCBITaxon:9606	NT=tibia;AC=UBERON:0000979	NT=epithelial cell;AC=CL:0000066	NT=osteosarcoma;AC=MONDO:0009807	NT=U-2 OS;AC=CLO:0009454	CVCL_0042	U2OS	15Y	female	NT=Recombinant Interferon Gamma;AC=NCIT:C583	single cell	FACS	69_C9	1	62	run 122	proteomic profiling by mass spectrometry	NT=timsTOF Pro;AC=MS:1003005	NT=label free sample;AC=MS:1002038	not applicable	NT=Trypsin;AC=MS:1001251	NT=collision-induced dissociation;AC=MS:1000133	15 ppm	15 ppm	Data-independent acquisition	diaPASEF	475	1000	25	1	1	20230630_KK_SC_IFNy_69_C9_1_14242.mzML	v1.1.0	NT=ms-proteomics;VV=v1.1.0	NT=human;VV=v1.1.0	NT=cell-lines;VV=v1.1.0	NT=single-cell;VV=v1.0.0	NT=dia-acquisition;VV=v1.1.0	NT=Recombinant Interferon Gamma;AC=NCIT:C583
U2OS_SC_IFNy_20230630_70_D9	NT=Homo sapiens;AC=NCBITaxon:9606	NT=tibia;AC=UBERON:0000979	NT=epithelial cell;AC=CL:0000066	NT=osteosarcoma;AC=MONDO:0009807	NT=U-2 OS;AC=CLO:0009454	CVCL_0042	U2OS	15Y	female	NT=Recombinant Interferon Gamma;AC=NCIT:C583	single cell	FACS	70_D9	1	63	run 123	proteomic profiling by mass spectrometry	NT=timsTOF Pro;AC=MS:1003005	NT=label free sample;AC=MS:1002038	not applicable	NT=Trypsin;AC=MS:1001251	NT=collision-induced dissociation;AC=MS:1000133	15 ppm	15 ppm	Data-independent acquisition	diaPASEF	475	1000	25	1	1	20230630_KK_SC_IFNy_70_D9_1_14243.mzML	v1.1.0	NT=ms-proteomics;VV=v1.1.0	NT=human;VV=v1.1.0	NT=cell-lines;VV=v1.1.0	NT=single-cell;VV=v1.0.0	NT=dia-acquisition;VV=v1.1.0	NT=Recombinant Interferon Gamma;AC=NCIT:C583
U2OS_SC_IFNy_20230630_71_E9	NT=Homo sapiens;AC=NCBITaxon:9606	NT=tibia;AC=UBERON:0000979	NT=epithelial cell;AC=CL:0000066	NT=osteosarcoma;AC=MONDO:0009807	NT=U-2 OS;AC=CLO:0009454	CVCL_0042	U2OS	15Y	female	NT=Recombinant Interferon Gamma;AC=NCIT:C583	single cell	FACS	71_E9	1	64	run 124	proteomic profiling by mass spectrometry	NT=timsTOF Pro;AC=MS:1003005	NT=label free sample;AC=MS:1002038	not applicable	NT=Trypsin;AC=MS:1001251	NT=collision-induced dissociation;AC=MS:1000133	15 ppm	15 ppm	Data-independent acquisition	diaPASEF	475	1000	25	1	1	20230630_KK_SC_IFNy_71_E9_1_14244.mzML	v1.1.0	NT=ms-proteomics;VV=v1.1.0	NT=human;VV=v1.1.0	NT=cell-lines;VV=v1.1.0	NT=single-cell;VV=v1.0.0	NT=dia-acquisition;VV=v1.1.0	NT=Recombinant Interferon Gamma;AC=NCIT:C583
U2OS_SC_IFNy_20230630_72_F9	NT=Homo sapiens;AC=NCBITaxon:9606	NT=tibia;AC=UBERON:0000979	NT=epithelial cell;AC=CL:0000066	NT=osteosarcoma;AC=MONDO:0009807	NT=U-2 OS;AC=CLO:0009454	CVCL_0042	U2OS	15Y	female	NT=Recombinant Interferon Gamma;AC=NCIT:C583	single cell	FACS	72_F9	1	65	run 125	proteomic profiling by mass spectrometry	NT=timsTOF Pro;AC=MS:1003005	NT=label free sample;AC=MS:1002038	not applicable	NT=Trypsin;AC=MS:1001251	NT=collision-induced dissociation;AC=MS:1000133	15 ppm	15 ppm	Data-independent acquisition	diaPASEF	475	1000	25	1	1	20230630_KK_SC_IFNy_72_F9_1_14245.mzML	v1.1.0	NT=ms-proteomics;VV=v1.1.0	NT=human;VV=v1.1.0	NT=cell-lines;VV=v1.1.0	NT=single-cell;VV=v1.0.0	NT=dia-acquisition;VV=v1.1.0	NT=Recombinant Interferon Gamma;AC=NCIT:C583
U2OS_SC_IFNy_20230630_73_G9	NT=Homo sapiens;AC=NCBITaxon:9606	NT=tibia;AC=UBERON:0000979	NT=epithelial cell;AC=CL:0000066	NT=osteosarcoma;AC=MONDO:0009807	NT=U-2 OS;AC=CLO:0009454	CVCL_0042	U2OS	15Y	female	NT=Recombinant Interferon Gamma;AC=NCIT:C583	single cell	FACS	73_G9	1	66	run 126	proteomic profiling by mass spectrometry	NT=timsTOF Pro;AC=MS:1003005	NT=label free sample;AC=MS:1002038	not applicable	NT=Trypsin;AC=MS:1001251	NT=collision-induced dissociation;AC=MS:1000133	15 ppm	15 ppm	Data-independent acquisition	diaPASEF	475	1000	25	1	1	20230630_KK_SC_IFNy_73_G9_1_14246.mzML	v1.1.0	NT=ms-proteomics;VV=v1.1.0	NT=human;VV=v1.1.0	NT=cell-lines;VV=v1.1.0	NT=single-cell;VV=v1.0.0	NT=dia-acquisition;VV=v1.1.0	NT=Recombinant Interferon Gamma;AC=NCIT:C583
U2OS_SC_IFNy_20230630_75_A10	NT=Homo sapiens;AC=NCBITaxon:9606	NT=tibia;AC=UBERON:0000979	NT=epithelial cell;AC=CL:0000066	NT=osteosarcoma;AC=MONDO:0009807	NT=U-2 OS;AC=CLO:0009454	CVCL_0042	U2OS	15Y	female	NT=Recombinant Interferon Gamma;AC=NCIT:C583	single cell	FACS	75_A10	1	67	run 127	proteomic profiling by mass spectrometry	NT=timsTOF Pro;AC=MS:1003005	NT=label free sample;AC=MS:1002038	not applicable	NT=Trypsin;AC=MS:1001251	NT=collision-induced dissociation;AC=MS:1000133	15 ppm	15 ppm	Data-independent acquisition	diaPASEF	475	1000	25	1	1	20230630_KK_SC_IFNy_75_A10_1_14258.mzML	v1.1.0	NT=ms-proteomics;VV=v1.1.0	NT=human;VV=v1.1.0	NT=cell-lines;VV=v1.1.0	NT=single-cell;VV=v1.0.0	NT=dia-acquisition;VV=v1.1.0	NT=Recombinant Interferon Gamma;AC=NCIT:C583
U2OS_SC_IFNy_20230630_76_B10	NT=Homo sapiens;AC=NCBITaxon:9606	NT=tibia;AC=UBERON:0000979	NT=epithelial cell;AC=CL:0000066	NT=osteosarcoma;AC=MONDO:0009807	NT=U-2 OS;AC=CLO:0009454	CVCL_0042	U2OS	15Y	female	NT=Recombinant Interferon Gamma;AC=NCIT:C583	single cell	FACS	76_B10	1	68	run 128	proteomic profiling by mass spectrometry	NT=timsTOF Pro;AC=MS:1003005	NT=label free sample;AC=MS:1002038	not applicable	NT=Trypsin;AC=MS:1001251	NT=collision-induced dissociation;AC=MS:1000133	15 ppm	15 ppm	Data-independent acquisition	diaPASEF	475	1000	25	1	1	20230630_KK_SC_IFNy_76_B10_1_14259.mzML	v1.1.0	NT=ms-proteomics;VV=v1.1.0	NT=human;VV=v1.1.0	NT=cell-lines;VV=v1.1.0	NT=single-cell;VV=v1.0.0	NT=dia-acquisition;VV=v1.1.0	NT=Recombinant Interferon Gamma;AC=NCIT:C583
U2OS_SC_IFNy_20230630_77_C10	NT=Homo sapiens;AC=NCBITaxon:9606	NT=tibia;AC=UBERON:0000979	NT=epithelial cell;AC=CL:0000066	NT=osteosarcoma;AC=MONDO:0009807	NT=U-2 OS;AC=CLO:0009454	CVCL_0042	U2OS	15Y	female	NT=Recombinant Interferon Gamma;AC=NCIT:C583	single cell	FACS	77_C10	1	69	run 129	proteomic profiling by mass spectrometry	NT=timsTOF Pro;AC=MS:1003005	NT=label free sample;AC=MS:1002038	not applicable	NT=Trypsin;AC=MS:1001251	NT=collision-induced dissociation;AC=MS:1000133	15 ppm	15 ppm	Data-independent acquisition	diaPASEF	475	1000	25	1	1	20230630_KK_SC_IFNy_77_C10_1_14260.mzML	v1.1.0	NT=ms-proteomics;VV=v1.1.0	NT=human;VV=v1.1.0	NT=cell-lines;VV=v1.1.0	NT=single-cell;VV=v1.0.0	NT=dia-acquisition;VV=v1.1.0	NT=Recombinant Interferon Gamma;AC=NCIT:C583
U2OS_SC_IFNy_20230630_78_D10	NT=Homo sapiens;AC=NCBITaxon:9606	NT=tibia;AC=UBERON:0000979	NT=epithelial cell;AC=CL:0000066	NT=osteosarcoma;AC=MONDO:0009807	NT=U-2 OS;AC=CLO:0009454	CVCL_0042	U2OS	15Y	female	NT=Recombinant Interferon Gamma;AC=NCIT:C583	single cell	FACS	78_D10	1	70	run 130	proteomic profiling by mass spectrometry	NT=timsTOF Pro;AC=MS:1003005	NT=label free sample;AC=MS:1002038	not applicable	NT=Trypsin;AC=MS:1001251	NT=collision-induced dissociation;AC=MS:1000133	15 ppm	15 ppm	Data-independent acquisition	diaPASEF	475	1000	25	1	1	20230630_KK_SC_IFNy_78_D10_1_14261.mzML	v1.1.0	NT=ms-proteomics;VV=v1.1.0	NT=human;VV=v1.1.0	NT=cell-lines;VV=v1.1.0	NT=single-cell;VV=v1.0.0	NT=dia-acquisition;VV=v1.1.0	NT=Recombinant Interferon Gamma;AC=NCIT:C583
U2OS_SC_IFNy_20230630_79_E10	NT=Homo sapiens;AC=NCBITaxon:9606	NT=tibia;AC=UBERON:0000979	NT=epithelial cell;AC=CL:0000066	NT=osteosarcoma;AC=MONDO:0009807	NT=U-2 OS;AC=CLO:0009454	CVCL_0042	U2OS	15Y	female	NT=Recombinant Interferon Gamma;AC=NCIT:C583	single cell	FACS	79_E10	1	71	run 131	proteomic profiling by mass spectrometry	NT=timsTOF Pro;AC=MS:1003005	NT=label free sample;AC=MS:1002038	not applicable	NT=Trypsin;AC=MS:1001251	NT=collision-induced dissociation;AC=MS:1000133	15 ppm	15 ppm	Data-independent acquisition	diaPASEF	475	1000	25	1	1	20230630_KK_SC_IFNy_79_E10_1_14262.mzML	v1.1.0	NT=ms-proteomics;VV=v1.1.0	NT=human;VV=v1.1.0	NT=cell-lines;VV=v1.1.0	NT=single-cell;VV=v1.0.0	NT=dia-acquisition;VV=v1.1.0	NT=Recombinant Interferon Gamma;AC=NCIT:C583
U2OS_SC_IFNy_20230630_81_G10	NT=Homo sapiens;AC=NCBITaxon:9606	NT=tibia;AC=UBERON:0000979	NT=epithelial cell;AC=CL:0000066	NT=osteosarcoma;AC=MONDO:0009807	NT=U-2 OS;AC=CLO:0009454	CVCL_0042	U2OS	15Y	female	NT=Recombinant Interferon Gamma;AC=NCIT:C583	single cell	FACS	81_G10	1	72	run 132	proteomic profiling by mass spectrometry	NT=timsTOF Pro;AC=MS:1003005	NT=label free sample;AC=MS:1002038	not applicable	NT=Trypsin;AC=MS:1001251	NT=collision-induced dissociation;AC=MS:1000133	15 ppm	15 ppm	Data-independent acquisition	diaPASEF	475	1000	25	1	1	20230630_KK_SC_IFNy_81_G10_1_14264.mzML	v1.1.0	NT=ms-proteomics;VV=v1.1.0	NT=human;VV=v1.1.0	NT=cell-lines;VV=v1.1.0	NT=single-cell;VV=v1.0.0	NT=dia-acquisition;VV=v1.1.0	NT=Recombinant Interferon Gamma;AC=NCIT:C583
U2OS_SC_control_20230630_51_A6	NT=Homo sapiens;AC=NCBITaxon:9606	NT=tibia;AC=UBERON:0000979	NT=epithelial cell;AC=CL:0000066	NT=osteosarcoma;AC=MONDO:0009807	NT=U-2 OS;AC=CLO:0009454	CVCL_0042	U2OS	15Y	female	not applicable	single cell	FACS	51_A6	1	45	run 133	proteomic profiling by mass spectrometry	NT=timsTOF Pro;AC=MS:1003005	NT=label free sample;AC=MS:1002038	not applicable	NT=Trypsin;AC=MS:1001251	NT=collision-induced dissociation;AC=MS:1000133	15 ppm	15 ppm	Data-independent acquisition	diaPASEF	475	1000	25	1	1	20230630_KK_SC_control_51_A6_1_14213.mzML	v1.1.0	NT=ms-proteomics;VV=v1.1.0	NT=human;VV=v1.1.0	NT=cell-lines;VV=v1.1.0	NT=single-cell;VV=v1.0.0	NT=dia-acquisition;VV=v1.1.0	not applicable
U2OS_SC_control_20230630_52_B6	NT=Homo sapiens;AC=NCBITaxon:9606	NT=tibia;AC=UBERON:0000979	NT=epithelial cell;AC=CL:0000066	NT=osteosarcoma;AC=MONDO:0009807	NT=U-2 OS;AC=CLO:0009454	CVCL_0042	U2OS	15Y	female	not applicable	single cell	FACS	52_B6	1	46	run 134	proteomic profiling by mass spectrometry	NT=timsTOF Pro;AC=MS:1003005	NT=label free sample;AC=MS:1002038	not applicable	NT=Trypsin;AC=MS:1001251	NT=collision-induced dissociation;AC=MS:1000133	15 ppm	15 ppm	Data-independent acquisition	diaPASEF	475	1000	25	1	1	20230630_KK_SC_control_52_B6_1_14214.mzML	v1.1.0	NT=ms-proteomics;VV=v1.1.0	NT=human;VV=v1.1.0	NT=cell-lines;VV=v1.1.0	NT=single-cell;VV=v1.0.0	NT=dia-acquisition;VV=v1.1.0	not applicable
U2OS_SC_control_20230630_53_C6	NT=Homo sapiens;AC=NCBITaxon:9606	NT=tibia;AC=UBERON:0000979	NT=epithelial cell;AC=CL:0000066	NT=osteosarcoma;AC=MONDO:0009807	NT=U-2 OS;AC=CLO:0009454	CVCL_0042	U2OS	15Y	female	not applicable	single cell	FACS	53_C6	1	47	run 135	proteomic profiling by mass spectrometry	NT=timsTOF Pro;AC=MS:1003005	NT=label free sample;AC=MS:1002038	not applicable	NT=Trypsin;AC=MS:1001251	NT=collision-induced dissociation;AC=MS:1000133	15 ppm	15 ppm	Data-independent acquisition	diaPASEF	475	1000	25	1	1	20230630_KK_SC_control_53_C6_1_14215.mzML	v1.1.0	NT=ms-proteomics;VV=v1.1.0	NT=human;VV=v1.1.0	NT=cell-lines;VV=v1.1.0	NT=single-cell;VV=v1.0.0	NT=dia-acquisition;VV=v1.1.0	not applicable
U2OS_SC_control_20230630_54_D6	NT=Homo sapiens;AC=NCBITaxon:9606	NT=tibia;AC=UBERON:0000979	NT=epithelial cell;AC=CL:0000066	NT=osteosarcoma;AC=MONDO:0009807	NT=U-2 OS;AC=CLO:0009454	CVCL_0042	U2OS	15Y	female	not applicable	single cell	FACS	54_D6	1	48	run 136	proteomic profiling by mass spectrometry	NT=timsTOF Pro;AC=MS:1003005	NT=label free sample;AC=MS:1002038	not applicable	NT=Trypsin;AC=MS:1001251	NT=collision-induced dissociation;AC=MS:1000133	15 ppm	15 ppm	Data-independent acquisition	diaPASEF	475	1000	25	1	1	20230630_KK_SC_control_54_D6_1_14216.mzML	v1.1.0	NT=ms-proteomics;VV=v1.1.0	NT=human;VV=v1.1.0	NT=cell-lines;VV=v1.1.0	NT=single-cell;VV=v1.0.0	NT=dia-acquisition;VV=v1.1.0	not applicable
U2OS_SC_control_20230630_56_F6	NT=Homo sapiens;AC=NCBITaxon:9606	NT=tibia;AC=UBERON:0000979	NT=epithelial cell;AC=CL:0000066	NT=osteosarcoma;AC=MONDO:0009807	NT=U-2 OS;AC=CLO:0009454	CVCL_0042	U2OS	15Y	female	not applicable	single cell	FACS	56_F6	1	49	run 137	proteomic profiling by mass spectrometry	NT=timsTOF Pro;AC=MS:1003005	NT=label free sample;AC=MS:1002038	not applicable	NT=Trypsin;AC=MS:1001251	NT=collision-induced dissociation;AC=MS:1000133	15 ppm	15 ppm	Data-independent acquisition	diaPASEF	475	1000	25	1	1	20230630_KK_SC_control_56_F6_1_14218.mzML	v1.1.0	NT=ms-proteomics;VV=v1.1.0	NT=human;VV=v1.1.0	NT=cell-lines;VV=v1.1.0	NT=single-cell;VV=v1.0.0	NT=dia-acquisition;VV=v1.1.0	not applicable
U2OS_SC_control_20230630_58_H6	NT=Homo sapiens;AC=NCBITaxon:9606	NT=tibia;AC=UBERON:0000979	NT=epithelial cell;AC=CL:0000066	NT=osteosarcoma;AC=MONDO:0009807	NT=U-2 OS;AC=CLO:0009454	CVCL_0042	U2OS	15Y	female	not applicable	single cell	FACS	58_H6	1	50	run 138	proteomic profiling by mass spectrometry	NT=timsTOF Pro;AC=MS:1003005	NT=label free sample;AC=MS:1002038	not applicable	NT=Trypsin;AC=MS:1001251	NT=collision-induced dissociation;AC=MS:1000133	15 ppm	15 ppm	Data-independent acquisition	diaPASEF	475	1000	25	1	1	20230630_KK_SC_control_58_H6_1_14220.mzML	v1.1.0	NT=ms-proteomics;VV=v1.1.0	NT=human;VV=v1.1.0	NT=cell-lines;VV=v1.1.0	NT=single-cell;VV=v1.0.0	NT=dia-acquisition;VV=v1.1.0	not applicable
U2OS_SC_control_20230630_59_A5	NT=Homo sapiens;AC=NCBITaxon:9606	NT=tibia;AC=UBERON:0000979	NT=epithelial cell;AC=CL:0000066	NT=osteosarcoma;AC=MONDO:0009807	NT=U-2 OS;AC=CLO:0009454	CVCL_0042	U2OS	15Y	female	not applicable	single cell	FACS	59_A5	1	51	run 139	proteomic profiling by mass spectrometry	NT=timsTOF Pro;AC=MS:1003005	NT=label free sample;AC=MS:1002038	not applicable	NT=Trypsin;AC=MS:1001251	NT=collision-induced dissociation;AC=MS:1000133	15 ppm	15 ppm	Data-independent acquisition	diaPASEF	475	1000	25	1	1	20230630_KK_SC_control_59_A5_1_14231.mzML	v1.1.0	NT=ms-proteomics;VV=v1.1.0	NT=human;VV=v1.1.0	NT=cell-lines;VV=v1.1.0	NT=single-cell;VV=v1.0.0	NT=dia-acquisition;VV=v1.1.0	not applicable
U2OS_SC_control_20230630_60_B5	NT=Homo sapiens;AC=NCBITaxon:9606	NT=tibia;AC=UBERON:0000979	NT=epithelial cell;AC=CL:0000066	NT=osteosarcoma;AC=MONDO:0009807	NT=U-2 OS;AC=CLO:0009454	CVCL_0042	U2OS	15Y	female	not applicable	single cell	FACS	60_B5	1	52	run 140	proteomic profiling by mass spectrometry	NT=timsTOF Pro;AC=MS:1003005	NT=label free sample;AC=MS:1002038	not applicable	NT=Trypsin;AC=MS:1001251	NT=collision-induced dissociation;AC=MS:1000133	15 ppm	15 ppm	Data-independent acquisition	diaPASEF	475	1000	25	1	1	20230630_KK_SC_control_60_B5_1_14232.mzML	v1.1.0	NT=ms-proteomics;VV=v1.1.0	NT=human;VV=v1.1.0	NT=cell-lines;VV=v1.1.0	NT=single-cell;VV=v1.0.0	NT=dia-acquisition;VV=v1.1.0	not applicable
U2OS_SC_control_20230630_61_C5	NT=Homo sapiens;AC=NCBITaxon:9606	NT=tibia;AC=UBERON:0000979	NT=epithelial cell;AC=CL:0000066	NT=osteosarcoma;AC=MONDO:0009807	NT=U-2 OS;AC=CLO:0009454	CVCL_0042	U2OS	15Y	female	not applicable	single cell	FACS	61_C5	1	53	run 141	proteomic profiling by mass spectrometry	NT=timsTOF Pro;AC=MS:1003005	NT=label free sample;AC=MS:1002038	not applicable	NT=Trypsin;AC=MS:1001251	NT=collision-induced dissociation;AC=MS:1000133	15 ppm	15 ppm	Data-independent acquisition	diaPASEF	475	1000	25	1	1	20230630_KK_SC_control_61_C5_1_14233.mzML	v1.1.0	NT=ms-proteomics;VV=v1.1.0	NT=human;VV=v1.1.0	NT=cell-lines;VV=v1.1.0	NT=single-cell;VV=v1.0.0	NT=dia-acquisition;VV=v1.1.0	not applicable
U2OS_SC_control_20230630_62_D5	NT=Homo sapiens;AC=NCBITaxon:9606	NT=tibia;AC=UBERON:0000979	NT=epithelial cell;AC=CL:0000066	NT=osteosarcoma;AC=MONDO:0009807	NT=U-2 OS;AC=CLO:0009454	CVCL_0042	U2OS	15Y	female	not applicable	single cell	FACS	62_D5	1	54	run 142	proteomic profiling by mass spectrometry	NT=timsTOF Pro;AC=MS:1003005	NT=label free sample;AC=MS:1002038	not applicable	NT=Trypsin;AC=MS:1001251	NT=collision-induced dissociation;AC=MS:1000133	15 ppm	15 ppm	Data-independent acquisition	diaPASEF	475	1000	25	1	1	20230630_KK_SC_control_62_D5_1_14234.mzML	v1.1.0	NT=ms-proteomics;VV=v1.1.0	NT=human;VV=v1.1.0	NT=cell-lines;VV=v1.1.0	NT=single-cell;VV=v1.0.0	NT=dia-acquisition;VV=v1.1.0	not applicable
U2OS_SC_control_20230630_63_E5	NT=Homo sapiens;AC=NCBITaxon:9606	NT=tibia;AC=UBERON:0000979	NT=epithelial cell;AC=CL:0000066	NT=osteosarcoma;AC=MONDO:0009807	NT=U-2 OS;AC=CLO:0009454	CVCL_0042	U2OS	15Y	female	not applicable	single cell	FACS	63_E5	1	55	run 143	proteomic profiling by mass spectrometry	NT=timsTOF Pro;AC=MS:1003005	NT=label free sample;AC=MS:1002038	not applicable	NT=Trypsin;AC=MS:1001251	NT=collision-induced dissociation;AC=MS:1000133	15 ppm	15 ppm	Data-independent acquisition	diaPASEF	475	1000	25	1	1	20230630_KK_SC_control_63_E5_1_14235.mzML	v1.1.0	NT=ms-proteomics;VV=v1.1.0	NT=human;VV=v1.1.0	NT=cell-lines;VV=v1.1.0	NT=single-cell;VV=v1.0.0	NT=dia-acquisition;VV=v1.1.0	not applicable
U2OS_SC_control_20230630_64_F5	NT=Homo sapiens;AC=NCBITaxon:9606	NT=tibia;AC=UBERON:0000979	NT=epithelial cell;AC=CL:0000066	NT=osteosarcoma;AC=MONDO:0009807	NT=U-2 OS;AC=CLO:0009454	CVCL_0042	U2OS	15Y	female	not applicable	single cell	FACS	64_F5	1	56	run 144	proteomic profiling by mass spectrometry	NT=timsTOF Pro;AC=MS:1003005	NT=label free sample;AC=MS:1002038	not applicable	NT=Trypsin;AC=MS:1001251	NT=collision-induced dissociation;AC=MS:1000133	15 ppm	15 ppm	Data-independent acquisition	diaPASEF	475	1000	25	1	1	20230630_KK_SC_control_64_F5_1_14236.mzML	v1.1.0	NT=ms-proteomics;VV=v1.1.0	NT=human;VV=v1.1.0	NT=cell-lines;VV=v1.1.0	NT=single-cell;VV=v1.0.0	NT=dia-acquisition;VV=v1.1.0	not applicable
U2OS_SC_control_20230630_65_G5	NT=Homo sapiens;AC=NCBITaxon:9606	NT=tibia;AC=UBERON:0000979	NT=epithelial cell;AC=CL:0000066	NT=osteosarcoma;AC=MONDO:0009807	NT=U-2 OS;AC=CLO:0009454	CVCL_0042	U2OS	15Y	female	not applicable	single cell	FACS	65_G5	1	57	run 145	proteomic profiling by mass spectrometry	NT=timsTOF Pro;AC=MS:1003005	NT=label free sample;AC=MS:1002038	not applicable	NT=Trypsin;AC=MS:1001251	NT=collision-induced dissociation;AC=MS:1000133	15 ppm	15 ppm	Data-independent acquisition	diaPASEF	475	1000	25	1	1	20230630_KK_SC_control_65_G5_1_14237.mzML	v1.1.0	NT=ms-proteomics;VV=v1.1.0	NT=human;VV=v1.1.0	NT=cell-lines;VV=v1.1.0	NT=single-cell;VV=v1.0.0	NT=dia-acquisition;VV=v1.1.0	not applicable
U2OS_SC_control_20230630_67_A4	NT=Homo sapiens;AC=NCBITaxon:9606	NT=tibia;AC=UBERON:0000979	NT=epithelial cell;AC=CL:0000066	NT=osteosarcoma;AC=MONDO:0009807	NT=U-2 OS;AC=CLO:0009454	CVCL_0042	U2OS	15Y	female	not applicable	single cell	FACS	67_A4	1	58	run 146	proteomic profiling by mass spectrometry	NT=timsTOF Pro;AC=MS:1003005	NT=label free sample;AC=MS:1002038	not applicable	NT=Trypsin;AC=MS:1001251	NT=collision-induced dissociation;AC=MS:1000133	15 ppm	15 ppm	Data-independent acquisition	diaPASEF	475	1000	25	1	1	20230630_KK_SC_control_67_A4_1_14249.mzML	v1.1.0	NT=ms-proteomics;VV=v1.1.0	NT=human;VV=v1.1.0	NT=cell-lines;VV=v1.1.0	NT=single-cell;VV=v1.0.0	NT=dia-acquisition;VV=v1.1.0	not applicable
U2OS_SC_control_20230630_68_B4	NT=Homo sapiens;AC=NCBITaxon:9606	NT=tibia;AC=UBERON:0000979	NT=epithelial cell;AC=CL:0000066	NT=osteosarcoma;AC=MONDO:0009807	NT=U-2 OS;AC=CLO:0009454	CVCL_0042	U2OS	15Y	female	not applicable	single cell	FACS	68_B4	1	59	run 147	proteomic profiling by mass spectrometry	NT=timsTOF Pro;AC=MS:1003005	NT=label free sample;AC=MS:1002038	not applicable	NT=Trypsin;AC=MS:1001251	NT=collision-induced dissociation;AC=MS:1000133	15 ppm	15 ppm	Data-independent acquisition	diaPASEF	475	1000	25	1	1	20230630_KK_SC_control_68_B4_1_14250.mzML	v1.1.0	NT=ms-proteomics;VV=v1.1.0	NT=human;VV=v1.1.0	NT=cell-lines;VV=v1.1.0	NT=single-cell;VV=v1.0.0	NT=dia-acquisition;VV=v1.1.0	not applicable
U2OS_SC_control_20230630_69_C4	NT=Homo sapiens;AC=NCBITaxon:9606	NT=tibia;AC=UBERON:0000979	NT=epithelial cell;AC=CL:0000066	NT=osteosarcoma;AC=MONDO:0009807	NT=U-2 OS;AC=CLO:0009454	CVCL_0042	U2OS	15Y	female	not applicable	single cell	FACS	69_C4	1	60	run 148	proteomic profiling by mass spectrometry	NT=timsTOF Pro;AC=MS:1003005	NT=label free sample;AC=MS:1002038	not applicable	NT=Trypsin;AC=MS:1001251	NT=collision-induced dissociation;AC=MS:1000133	15 ppm	15 ppm	Data-independent acquisition	diaPASEF	475	1000	25	1	1	20230630_KK_SC_control_69_C4_1_14251.mzML	v1.1.0	NT=ms-proteomics;VV=v1.1.0	NT=human;VV=v1.1.0	NT=cell-lines;VV=v1.1.0	NT=single-cell;VV=v1.0.0	NT=dia-acquisition;VV=v1.1.0	not applicable
U2OS_SC_control_20230630_70_D4	NT=Homo sapiens;AC=NCBITaxon:9606	NT=tibia;AC=UBERON:0000979	NT=epithelial cell;AC=CL:0000066	NT=osteosarcoma;AC=MONDO:0009807	NT=U-2 OS;AC=CLO:0009454	CVCL_0042	U2OS	15Y	female	not applicable	single cell	FACS	70_D4	1	61	run 149	proteomic profiling by mass spectrometry	NT=timsTOF Pro;AC=MS:1003005	NT=label free sample;AC=MS:1002038	not applicable	NT=Trypsin;AC=MS:1001251	NT=collision-induced dissociation;AC=MS:1000133	15 ppm	15 ppm	Data-independent acquisition	diaPASEF	475	1000	25	1	1	20230630_KK_SC_control_70_D4_1_14252.mzML	v1.1.0	NT=ms-proteomics;VV=v1.1.0	NT=human;VV=v1.1.0	NT=cell-lines;VV=v1.1.0	NT=single-cell;VV=v1.0.0	NT=dia-acquisition;VV=v1.1.0	not applicable
U2OS_SC_control_20230630_71_E4	NT=Homo sapiens;AC=NCBITaxon:9606	NT=tibia;AC=UBERON:0000979	NT=epithelial cell;AC=CL:0000066	NT=osteosarcoma;AC=MONDO:0009807	NT=U-2 OS;AC=CLO:0009454	CVCL_0042	U2OS	15Y	female	not applicable	single cell	FACS	71_E4	1	62	run 150	proteomic profiling by mass spectrometry	NT=timsTOF Pro;AC=MS:1003005	NT=label free sample;AC=MS:1002038	not applicable	NT=Trypsin;AC=MS:1001251	NT=collision-induced dissociation;AC=MS:1000133	15 ppm	15 ppm	Data-independent acquisition	diaPASEF	475	1000	25	1	1	20230630_KK_SC_control_71_E4_1_14253.mzML	v1.1.0	NT=ms-proteomics;VV=v1.1.0	NT=human;VV=v1.1.0	NT=cell-lines;VV=v1.1.0	NT=single-cell;VV=v1.0.0	NT=dia-acquisition;VV=v1.1.0	not applicable
U2OS_SC_control_20230630_72_F4	NT=Homo sapiens;AC=NCBITaxon:9606	NT=tibia;AC=UBERON:0000979	NT=epithelial cell;AC=CL:0000066	NT=osteosarcoma;AC=MONDO:0009807	NT=U-2 OS;AC=CLO:0009454	CVCL_0042	U2OS	15Y	female	not applicable	single cell	FACS	72_F4	1	63	run 151	proteomic profiling by mass spectrometry	NT=timsTOF Pro;AC=MS:1003005	NT=label free sample;AC=MS:1002038	not applicable	NT=Trypsin;AC=MS:1001251	NT=collision-induced dissociation;AC=MS:1000133	15 ppm	15 ppm	Data-independent acquisition	diaPASEF	475	1000	25	1	1	20230630_KK_SC_control_72_F4_1_14254.mzML	v1.1.0	NT=ms-proteomics;VV=v1.1.0	NT=human;VV=v1.1.0	NT=cell-lines;VV=v1.1.0	NT=single-cell;VV=v1.0.0	NT=dia-acquisition;VV=v1.1.0	not applicable
U2OS_SC_control_20230630_73_G4	NT=Homo sapiens;AC=NCBITaxon:9606	NT=tibia;AC=UBERON:0000979	NT=epithelial cell;AC=CL:0000066	NT=osteosarcoma;AC=MONDO:0009807	NT=U-2 OS;AC=CLO:0009454	CVCL_0042	U2OS	15Y	female	not applicable	single cell	FACS	73_G4	1	64	run 152	proteomic profiling by mass spectrometry	NT=timsTOF Pro;AC=MS:1003005	NT=label free sample;AC=MS:1002038	not applicable	NT=Trypsin;AC=MS:1001251	NT=collision-induced dissociation;AC=MS:1000133	15 ppm	15 ppm	Data-independent acquisition	diaPASEF	475	1000	25	1	1	20230630_KK_SC_control_73_G4_1_14255.mzML	v1.1.0	NT=ms-proteomics;VV=v1.1.0	NT=human;VV=v1.1.0	NT=cell-lines;VV=v1.1.0	NT=single-cell;VV=v1.0.0	NT=dia-acquisition;VV=v1.1.0	not applicable
U2OS_SC_control_20230630_75_A3	NT=Homo sapiens;AC=NCBITaxon:9606	NT=tibia;AC=UBERON:0000979	NT=epithelial cell;AC=CL:0000066	NT=osteosarcoma;AC=MONDO:0009807	NT=U-2 OS;AC=CLO:0009454	CVCL_0042	U2OS	15Y	female	not applicable	single cell	FACS	75_A3	1	65	run 153	proteomic profiling by mass spectrometry	NT=timsTOF Pro;AC=MS:1003005	NT=label free sample;AC=MS:1002038	not applicable	NT=Trypsin;AC=MS:1001251	NT=collision-induced dissociation;AC=MS:1000133	15 ppm	15 ppm	Data-independent acquisition	diaPASEF	475	1000	25	1	1	20230630_KK_SC_control_75_A3_1_14267.mzML	v1.1.0	NT=ms-proteomics;VV=v1.1.0	NT=human;VV=v1.1.0	NT=cell-lines;VV=v1.1.0	NT=single-cell;VV=v1.0.0	NT=dia-acquisition;VV=v1.1.0	not applicable
U2OS_SC_control_20230630_76_B3	NT=Homo sapiens;AC=NCBITaxon:9606	NT=tibia;AC=UBERON:0000979	NT=epithelial cell;AC=CL:0000066	NT=osteosarcoma;AC=MONDO:0009807	NT=U-2 OS;AC=CLO:0009454	CVCL_0042	U2OS	15Y	female	not applicable	single cell	FACS	76_B3	1	66	run 154	proteomic profiling by mass spectrometry	NT=timsTOF Pro;AC=MS:1003005	NT=label free sample;AC=MS:1002038	not applicable	NT=Trypsin;AC=MS:1001251	NT=collision-induced dissociation;AC=MS:1000133	15 ppm	15 ppm	Data-independent acquisition	diaPASEF	475	1000	25	1	1	20230630_KK_SC_control_76_B3_1_14268.mzML	v1.1.0	NT=ms-proteomics;VV=v1.1.0	NT=human;VV=v1.1.0	NT=cell-lines;VV=v1.1.0	NT=single-cell;VV=v1.0.0	NT=dia-acquisition;VV=v1.1.0	not applicable
U2OS_SC_control_20230630_77_C3	NT=Homo sapiens;AC=NCBITaxon:9606	NT=tibia;AC=UBERON:0000979	NT=epithelial cell;AC=CL:0000066	NT=osteosarcoma;AC=MONDO:0009807	NT=U-2 OS;AC=CLO:0009454	CVCL_0042	U2OS	15Y	female	not applicable	single cell	FACS	77_C3	1	67	run 155	proteomic profiling by mass spectrometry	NT=timsTOF Pro;AC=MS:1003005	NT=label free sample;AC=MS:1002038	not applicable	NT=Trypsin;AC=MS:1001251	NT=collision-induced dissociation;AC=MS:1000133	15 ppm	15 ppm	Data-independent acquisition	diaPASEF	475	1000	25	1	1	20230630_KK_SC_control_77_C3_1_14269.mzML	v1.1.0	NT=ms-proteomics;VV=v1.1.0	NT=human;VV=v1.1.0	NT=cell-lines;VV=v1.1.0	NT=single-cell;VV=v1.0.0	NT=dia-acquisition;VV=v1.1.0	not applicable
U2OS_SC_control_20230630_78_D3	NT=Homo sapiens;AC=NCBITaxon:9606	NT=tibia;AC=UBERON:0000979	NT=epithelial cell;AC=CL:0000066	NT=osteosarcoma;AC=MONDO:0009807	NT=U-2 OS;AC=CLO:0009454	CVCL_0042	U2OS	15Y	female	not applicable	single cell	FACS	78_D3	1	68	run 156	proteomic profiling by mass spectrometry	NT=timsTOF Pro;AC=MS:1003005	NT=label free sample;AC=MS:1002038	not applicable	NT=Trypsin;AC=MS:1001251	NT=collision-induced dissociation;AC=MS:1000133	15 ppm	15 ppm	Data-independent acquisition	diaPASEF	475	1000	25	1	1	20230630_KK_SC_control_78_D3_1_14270.mzML	v1.1.0	NT=ms-proteomics;VV=v1.1.0	NT=human;VV=v1.1.0	NT=cell-lines;VV=v1.1.0	NT=single-cell;VV=v1.0.0	NT=dia-acquisition;VV=v1.1.0	not applicable
U2OS_SC_control_20230630_79_E3	NT=Homo sapiens;AC=NCBITaxon:9606	NT=tibia;AC=UBERON:0000979	NT=epithelial cell;AC=CL:0000066	NT=osteosarcoma;AC=MONDO:0009807	NT=U-2 OS;AC=CLO:0009454	CVCL_0042	U2OS	15Y	female	not applicable	single cell	FACS	79_E3	1	69	run 157	proteomic profiling by mass spectrometry	NT=timsTOF Pro;AC=MS:1003005	NT=label free sample;AC=MS:1002038	not applicable	NT=Trypsin;AC=MS:1001251	NT=collision-induced dissociation;AC=MS:1000133	15 ppm	15 ppm	Data-independent acquisition	diaPASEF	475	1000	25	1	1	20230630_KK_SC_control_79_E3_1_14271.mzML	v1.1.0	NT=ms-proteomics;VV=v1.1.0	NT=human;VV=v1.1.0	NT=cell-lines;VV=v1.1.0	NT=single-cell;VV=v1.0.0	NT=dia-acquisition;VV=v1.1.0	not applicable
U2OS_SC_control_20230630_80_A10	NT=Homo sapiens;AC=NCBITaxon:9606	NT=tibia;AC=UBERON:0000979	NT=epithelial cell;AC=CL:0000066	NT=osteosarcoma;AC=MONDO:0009807	NT=U-2 OS;AC=CLO:0009454	CVCL_0042	U2OS	15Y	female	not applicable	single cell	FACS	80_A10	1	70	run 158	proteomic profiling by mass spectrometry	NT=timsTOF Pro;AC=MS:1003005	NT=label free sample;AC=MS:1002038	not applicable	NT=Trypsin;AC=MS:1001251	NT=collision-induced dissociation;AC=MS:1000133	15 ppm	15 ppm	Data-independent acquisition	diaPASEF	475	1000	25	1	1	20230630_KK_SC_control_80_A10_1_14272.mzML	v1.1.0	NT=ms-proteomics;VV=v1.1.0	NT=human;VV=v1.1.0	NT=cell-lines;VV=v1.1.0	NT=single-cell;VV=v1.0.0	NT=dia-acquisition;VV=v1.1.0	not applicable
U2OS_SC_control_20230630_82_C10	NT=Homo sapiens;AC=NCBITaxon:9606	NT=tibia;AC=UBERON:0000979	NT=epithelial cell;AC=CL:0000066	NT=osteosarcoma;AC=MONDO:0009807	NT=U-2 OS;AC=CLO:0009454	CVCL_0042	U2OS	15Y	female	not applicable	single cell	FACS	82_C10	1	71	run 159	proteomic profiling by mass spectrometry	NT=timsTOF Pro;AC=MS:1003005	NT=label free sample;AC=MS:1002038	not applicable	NT=Trypsin;AC=MS:1001251	NT=collision-induced dissociation;AC=MS:1000133	15 ppm	15 ppm	Data-independent acquisition	diaPASEF	475	1000	25	1	1	20230630_KK_SC_control_82_C10_1_14274.mzML	v1.1.0	NT=ms-proteomics;VV=v1.1.0	NT=human;VV=v1.1.0	NT=cell-lines;VV=v1.1.0	NT=single-cell;VV=v1.0.0	NT=dia-acquisition;VV=v1.1.0	not applicable
