source name	characteristics[organism]	characteristics[organism part]	characteristics[disease]	characteristics[cell type]	characteristics[cell line]	characteristics[cellosaurus accession]	characteristics[cellosaurus name]	characteristics[treatment]	characteristics[sample type]	characteristics[single cell isolation protocol]	characteristics[cell identifier]	characteristics[cells per well]	characteristics[biological replicate]	assay name	technology type	comment[proteomics data acquisition method]	comment[instrument]	comment[label]	comment[cleavage agent details]	comment[modification parameters]	comment[reduction reagent]	comment[alkylation reagent]	comment[dissociation method]	comment[precursor mass tolerance]	comment[fragment mass tolerance]	comment[collision energy]	comment[scan window lower limit]	comment[scan window upper limit]	comment[isolation window width]	comment[dia method]	comment[fraction identifier]	comment[technical replicate]	comment[data file]	comment[sdrf version]	comment[sdrf template]	comment[sdrf template]	comment[sdrf template]	comment[sdrf template]	comment[sdrf annotation tool]	factor value[treatment]
CTRL_SC_10_S1-b4_1_1833	NT=Homo sapiens;AC=NCBITaxon:9606	NT=colon;AC=UBERON:0001155	NT=colorectal carcinoma;AC=MONDO:0024331	NT=epithelial cell;AC=CL:0000066	NT=RKO;AC=CLO:0008825	CVCL_0504	RKO	sgControl (non-targeting sgRNA)	NT=single cell;AC=PRIDE:0000897	cellenONE	CTRL_SC_10_S1-b4_1_1833	1	1	run 1	proteomic profiling by mass spectrometry	data-independent acquisition	NT=timsTOF SCP;AC=MS:1003231	NT=label free sample;AC=MS:1002038	NT=Trypsin;AC=MS:1001251	not applicable	not applicable	not applicable	NT=collision-induced dissociation;AC=MS:1000133	not available	not available	not available	not available	not available	not available	diaPASEF	1	1	CTRL_SC_10_S1-b4_1_1833.d	v1.1.0	NT=ms-proteomics;VV=v1.1.0	NT=single-cell;VV=v1.0.0	NT=dia-acquisition;VV=v1.1.0	NT=cell-lines;VV=v1.1.0	manual curation	sgControl (non-targeting sgRNA)
CTRL_SC_11_S1-b5_1_1834	NT=Homo sapiens;AC=NCBITaxon:9606	NT=colon;AC=UBERON:0001155	NT=colorectal carcinoma;AC=MONDO:0024331	NT=epithelial cell;AC=CL:0000066	NT=RKO;AC=CLO:0008825	CVCL_0504	RKO	sgControl (non-targeting sgRNA)	NT=single cell;AC=PRIDE:0000897	cellenONE	CTRL_SC_11_S1-b5_1_1834	1	2	run 2	proteomic profiling by mass spectrometry	data-independent acquisition	NT=timsTOF SCP;AC=MS:1003231	NT=label free sample;AC=MS:1002038	NT=Trypsin;AC=MS:1001251	not applicable	not applicable	not applicable	NT=collision-induced dissociation;AC=MS:1000133	not available	not available	not available	not available	not available	not available	diaPASEF	1	1	CTRL_SC_11_S1-b5_1_1834.d	v1.1.0	NT=ms-proteomics;VV=v1.1.0	NT=single-cell;VV=v1.0.0	NT=dia-acquisition;VV=v1.1.0	NT=cell-lines;VV=v1.1.0	manual curation	sgControl (non-targeting sgRNA)
CTRL_SC_12_S1-b6_1_1835	NT=Homo sapiens;AC=NCBITaxon:9606	NT=colon;AC=UBERON:0001155	NT=colorectal carcinoma;AC=MONDO:0024331	NT=epithelial cell;AC=CL:0000066	NT=RKO;AC=CLO:0008825	CVCL_0504	RKO	sgControl (non-targeting sgRNA)	NT=single cell;AC=PRIDE:0000897	cellenONE	CTRL_SC_12_S1-b6_1_1835	1	3	run 3	proteomic profiling by mass spectrometry	data-independent acquisition	NT=timsTOF SCP;AC=MS:1003231	NT=label free sample;AC=MS:1002038	NT=Trypsin;AC=MS:1001251	not applicable	not applicable	not applicable	NT=collision-induced dissociation;AC=MS:1000133	not available	not available	not available	not available	not available	not available	diaPASEF	1	1	CTRL_SC_12_S1-b6_1_1835.d	v1.1.0	NT=ms-proteomics;VV=v1.1.0	NT=single-cell;VV=v1.0.0	NT=dia-acquisition;VV=v1.1.0	NT=cell-lines;VV=v1.1.0	manual curation	sgControl (non-targeting sgRNA)
CTRL_SC_13_S1-c1_1_1842	NT=Homo sapiens;AC=NCBITaxon:9606	NT=colon;AC=UBERON:0001155	NT=colorectal carcinoma;AC=MONDO:0024331	NT=epithelial cell;AC=CL:0000066	NT=RKO;AC=CLO:0008825	CVCL_0504	RKO	sgControl (non-targeting sgRNA)	NT=single cell;AC=PRIDE:0000897	cellenONE	CTRL_SC_13_S1-c1_1_1842	1	4	run 4	proteomic profiling by mass spectrometry	data-independent acquisition	NT=timsTOF SCP;AC=MS:1003231	NT=label free sample;AC=MS:1002038	NT=Trypsin;AC=MS:1001251	not applicable	not applicable	not applicable	NT=collision-induced dissociation;AC=MS:1000133	not available	not available	not available	not available	not available	not available	diaPASEF	1	1	CTRL_SC_13_S1-c1_1_1842.d	v1.1.0	NT=ms-proteomics;VV=v1.1.0	NT=single-cell;VV=v1.0.0	NT=dia-acquisition;VV=v1.1.0	NT=cell-lines;VV=v1.1.0	manual curation	sgControl (non-targeting sgRNA)
CTRL_SC_14_S1-c2_1_1843	NT=Homo sapiens;AC=NCBITaxon:9606	NT=colon;AC=UBERON:0001155	NT=colorectal carcinoma;AC=MONDO:0024331	NT=epithelial cell;AC=CL:0000066	NT=RKO;AC=CLO:0008825	CVCL_0504	RKO	sgControl (non-targeting sgRNA)	NT=single cell;AC=PRIDE:0000897	cellenONE	CTRL_SC_14_S1-c2_1_1843	1	5	run 5	proteomic profiling by mass spectrometry	data-independent acquisition	NT=timsTOF SCP;AC=MS:1003231	NT=label free sample;AC=MS:1002038	NT=Trypsin;AC=MS:1001251	not applicable	not applicable	not applicable	NT=collision-induced dissociation;AC=MS:1000133	not available	not available	not available	not available	not available	not available	diaPASEF	1	1	CTRL_SC_14_S1-c2_1_1843.d	v1.1.0	NT=ms-proteomics;VV=v1.1.0	NT=single-cell;VV=v1.0.0	NT=dia-acquisition;VV=v1.1.0	NT=cell-lines;VV=v1.1.0	manual curation	sgControl (non-targeting sgRNA)
CTRL_SC_15_S1-c3_1_1844	NT=Homo sapiens;AC=NCBITaxon:9606	NT=colon;AC=UBERON:0001155	NT=colorectal carcinoma;AC=MONDO:0024331	NT=epithelial cell;AC=CL:0000066	NT=RKO;AC=CLO:0008825	CVCL_0504	RKO	sgControl (non-targeting sgRNA)	NT=single cell;AC=PRIDE:0000897	cellenONE	CTRL_SC_15_S1-c3_1_1844	1	6	run 6	proteomic profiling by mass spectrometry	data-independent acquisition	NT=timsTOF SCP;AC=MS:1003231	NT=label free sample;AC=MS:1002038	NT=Trypsin;AC=MS:1001251	not applicable	not applicable	not applicable	NT=collision-induced dissociation;AC=MS:1000133	not available	not available	not available	not available	not available	not available	diaPASEF	1	1	CTRL_SC_15_S1-c3_1_1844.d	v1.1.0	NT=ms-proteomics;VV=v1.1.0	NT=single-cell;VV=v1.0.0	NT=dia-acquisition;VV=v1.1.0	NT=cell-lines;VV=v1.1.0	manual curation	sgControl (non-targeting sgRNA)
CTRL_SC_16_S1-c4_1_1845	NT=Homo sapiens;AC=NCBITaxon:9606	NT=colon;AC=UBERON:0001155	NT=colorectal carcinoma;AC=MONDO:0024331	NT=epithelial cell;AC=CL:0000066	NT=RKO;AC=CLO:0008825	CVCL_0504	RKO	sgControl (non-targeting sgRNA)	NT=single cell;AC=PRIDE:0000897	cellenONE	CTRL_SC_16_S1-c4_1_1845	1	7	run 7	proteomic profiling by mass spectrometry	data-independent acquisition	NT=timsTOF SCP;AC=MS:1003231	NT=label free sample;AC=MS:1002038	NT=Trypsin;AC=MS:1001251	not applicable	not applicable	not applicable	NT=collision-induced dissociation;AC=MS:1000133	not available	not available	not available	not available	not available	not available	diaPASEF	1	1	CTRL_SC_16_S1-c4_1_1845.d	v1.1.0	NT=ms-proteomics;VV=v1.1.0	NT=single-cell;VV=v1.0.0	NT=dia-acquisition;VV=v1.1.0	NT=cell-lines;VV=v1.1.0	manual curation	sgControl (non-targeting sgRNA)
CTRL_SC_17_S1-c5_1_1846	NT=Homo sapiens;AC=NCBITaxon:9606	NT=colon;AC=UBERON:0001155	NT=colorectal carcinoma;AC=MONDO:0024331	NT=epithelial cell;AC=CL:0000066	NT=RKO;AC=CLO:0008825	CVCL_0504	RKO	sgControl (non-targeting sgRNA)	NT=single cell;AC=PRIDE:0000897	cellenONE	CTRL_SC_17_S1-c5_1_1846	1	8	run 8	proteomic profiling by mass spectrometry	data-independent acquisition	NT=timsTOF SCP;AC=MS:1003231	NT=label free sample;AC=MS:1002038	NT=Trypsin;AC=MS:1001251	not applicable	not applicable	not applicable	NT=collision-induced dissociation;AC=MS:1000133	not available	not available	not available	not available	not available	not available	diaPASEF	1	1	CTRL_SC_17_S1-c5_1_1846.d	v1.1.0	NT=ms-proteomics;VV=v1.1.0	NT=single-cell;VV=v1.0.0	NT=dia-acquisition;VV=v1.1.0	NT=cell-lines;VV=v1.1.0	manual curation	sgControl (non-targeting sgRNA)
CTRL_SC_18_S1-c6_1_1847	NT=Homo sapiens;AC=NCBITaxon:9606	NT=colon;AC=UBERON:0001155	NT=colorectal carcinoma;AC=MONDO:0024331	NT=epithelial cell;AC=CL:0000066	NT=RKO;AC=CLO:0008825	CVCL_0504	RKO	sgControl (non-targeting sgRNA)	NT=single cell;AC=PRIDE:0000897	cellenONE	CTRL_SC_18_S1-c6_1_1847	1	9	run 9	proteomic profiling by mass spectrometry	data-independent acquisition	NT=timsTOF SCP;AC=MS:1003231	NT=label free sample;AC=MS:1002038	NT=Trypsin;AC=MS:1001251	not applicable	not applicable	not applicable	NT=collision-induced dissociation;AC=MS:1000133	not available	not available	not available	not available	not available	not available	diaPASEF	1	1	CTRL_SC_18_S1-c6_1_1847.d	v1.1.0	NT=ms-proteomics;VV=v1.1.0	NT=single-cell;VV=v1.0.0	NT=dia-acquisition;VV=v1.1.0	NT=cell-lines;VV=v1.1.0	manual curation	sgControl (non-targeting sgRNA)
CTRL_SC_19_S1-d3_1_1856	NT=Homo sapiens;AC=NCBITaxon:9606	NT=colon;AC=UBERON:0001155	NT=colorectal carcinoma;AC=MONDO:0024331	NT=epithelial cell;AC=CL:0000066	NT=RKO;AC=CLO:0008825	CVCL_0504	RKO	sgControl (non-targeting sgRNA)	NT=single cell;AC=PRIDE:0000897	cellenONE	CTRL_SC_19_S1-d3_1_1856	1	10	run 10	proteomic profiling by mass spectrometry	data-independent acquisition	NT=timsTOF SCP;AC=MS:1003231	NT=label free sample;AC=MS:1002038	NT=Trypsin;AC=MS:1001251	not applicable	not applicable	not applicable	NT=collision-induced dissociation;AC=MS:1000133	not available	not available	not available	not available	not available	not available	diaPASEF	1	1	CTRL_SC_19_S1-d3_1_1856.d	v1.1.0	NT=ms-proteomics;VV=v1.1.0	NT=single-cell;VV=v1.0.0	NT=dia-acquisition;VV=v1.1.0	NT=cell-lines;VV=v1.1.0	manual curation	sgControl (non-targeting sgRNA)
CTRL_SC_1_S1-a1_1_1818	NT=Homo sapiens;AC=NCBITaxon:9606	NT=colon;AC=UBERON:0001155	NT=colorectal carcinoma;AC=MONDO:0024331	NT=epithelial cell;AC=CL:0000066	NT=RKO;AC=CLO:0008825	CVCL_0504	RKO	sgControl (non-targeting sgRNA)	NT=single cell;AC=PRIDE:0000897	cellenONE	CTRL_SC_1_S1-a1_1_1818	1	11	run 11	proteomic profiling by mass spectrometry	data-independent acquisition	NT=timsTOF SCP;AC=MS:1003231	NT=label free sample;AC=MS:1002038	NT=Trypsin;AC=MS:1001251	not applicable	not applicable	not applicable	NT=collision-induced dissociation;AC=MS:1000133	not available	not available	not available	not available	not available	not available	diaPASEF	1	1	CTRL_SC_1_S1-a1_1_1818.d	v1.1.0	NT=ms-proteomics;VV=v1.1.0	NT=single-cell;VV=v1.0.0	NT=dia-acquisition;VV=v1.1.0	NT=cell-lines;VV=v1.1.0	manual curation	sgControl (non-targeting sgRNA)
CTRL_SC_20_S1-d4_1_1857	NT=Homo sapiens;AC=NCBITaxon:9606	NT=colon;AC=UBERON:0001155	NT=colorectal carcinoma;AC=MONDO:0024331	NT=epithelial cell;AC=CL:0000066	NT=RKO;AC=CLO:0008825	CVCL_0504	RKO	sgControl (non-targeting sgRNA)	NT=single cell;AC=PRIDE:0000897	cellenONE	CTRL_SC_20_S1-d4_1_1857	1	12	run 12	proteomic profiling by mass spectrometry	data-independent acquisition	NT=timsTOF SCP;AC=MS:1003231	NT=label free sample;AC=MS:1002038	NT=Trypsin;AC=MS:1001251	not applicable	not applicable	not applicable	NT=collision-induced dissociation;AC=MS:1000133	not available	not available	not available	not available	not available	not available	diaPASEF	1	1	CTRL_SC_20_S1-d4_1_1857.d	v1.1.0	NT=ms-proteomics;VV=v1.1.0	NT=single-cell;VV=v1.0.0	NT=dia-acquisition;VV=v1.1.0	NT=cell-lines;VV=v1.1.0	manual curation	sgControl (non-targeting sgRNA)
CTRL_SC_21_S1-d5_1_1858	NT=Homo sapiens;AC=NCBITaxon:9606	NT=colon;AC=UBERON:0001155	NT=colorectal carcinoma;AC=MONDO:0024331	NT=epithelial cell;AC=CL:0000066	NT=RKO;AC=CLO:0008825	CVCL_0504	RKO	sgControl (non-targeting sgRNA)	NT=single cell;AC=PRIDE:0000897	cellenONE	CTRL_SC_21_S1-d5_1_1858	1	13	run 13	proteomic profiling by mass spectrometry	data-independent acquisition	NT=timsTOF SCP;AC=MS:1003231	NT=label free sample;AC=MS:1002038	NT=Trypsin;AC=MS:1001251	not applicable	not applicable	not applicable	NT=collision-induced dissociation;AC=MS:1000133	not available	not available	not available	not available	not available	not available	diaPASEF	1	1	CTRL_SC_21_S1-d5_1_1858.d	v1.1.0	NT=ms-proteomics;VV=v1.1.0	NT=single-cell;VV=v1.0.0	NT=dia-acquisition;VV=v1.1.0	NT=cell-lines;VV=v1.1.0	manual curation	sgControl (non-targeting sgRNA)
CTRL_SC_22_S1-d6_1_1861	NT=Homo sapiens;AC=NCBITaxon:9606	NT=colon;AC=UBERON:0001155	NT=colorectal carcinoma;AC=MONDO:0024331	NT=epithelial cell;AC=CL:0000066	NT=RKO;AC=CLO:0008825	CVCL_0504	RKO	sgControl (non-targeting sgRNA)	NT=single cell;AC=PRIDE:0000897	cellenONE	CTRL_SC_22_S1-d6_1_1861	1	14	run 14	proteomic profiling by mass spectrometry	data-independent acquisition	NT=timsTOF SCP;AC=MS:1003231	NT=label free sample;AC=MS:1002038	NT=Trypsin;AC=MS:1001251	not applicable	not applicable	not applicable	NT=collision-induced dissociation;AC=MS:1000133	not available	not available	not available	not available	not available	not available	diaPASEF	1	1	CTRL_SC_22_S1-d6_1_1861.d	v1.1.0	NT=ms-proteomics;VV=v1.1.0	NT=single-cell;VV=v1.0.0	NT=dia-acquisition;VV=v1.1.0	NT=cell-lines;VV=v1.1.0	manual curation	sgControl (non-targeting sgRNA)
CTRL_SC_23_S1-e3_1_1870	NT=Homo sapiens;AC=NCBITaxon:9606	NT=colon;AC=UBERON:0001155	NT=colorectal carcinoma;AC=MONDO:0024331	NT=epithelial cell;AC=CL:0000066	NT=RKO;AC=CLO:0008825	CVCL_0504	RKO	sgControl (non-targeting sgRNA)	NT=single cell;AC=PRIDE:0000897	cellenONE	CTRL_SC_23_S1-e3_1_1870	1	15	run 15	proteomic profiling by mass spectrometry	data-independent acquisition	NT=timsTOF SCP;AC=MS:1003231	NT=label free sample;AC=MS:1002038	NT=Trypsin;AC=MS:1001251	not applicable	not applicable	not applicable	NT=collision-induced dissociation;AC=MS:1000133	not available	not available	not available	not available	not available	not available	diaPASEF	1	1	CTRL_SC_23_S1-e3_1_1870.d	v1.1.0	NT=ms-proteomics;VV=v1.1.0	NT=single-cell;VV=v1.0.0	NT=dia-acquisition;VV=v1.1.0	NT=cell-lines;VV=v1.1.0	manual curation	sgControl (non-targeting sgRNA)
CTRL_SC_24_S1-e4_1_1871	NT=Homo sapiens;AC=NCBITaxon:9606	NT=colon;AC=UBERON:0001155	NT=colorectal carcinoma;AC=MONDO:0024331	NT=epithelial cell;AC=CL:0000066	NT=RKO;AC=CLO:0008825	CVCL_0504	RKO	sgControl (non-targeting sgRNA)	NT=single cell;AC=PRIDE:0000897	cellenONE	CTRL_SC_24_S1-e4_1_1871	1	16	run 16	proteomic profiling by mass spectrometry	data-independent acquisition	NT=timsTOF SCP;AC=MS:1003231	NT=label free sample;AC=MS:1002038	NT=Trypsin;AC=MS:1001251	not applicable	not applicable	not applicable	NT=collision-induced dissociation;AC=MS:1000133	not available	not available	not available	not available	not available	not available	diaPASEF	1	1	CTRL_SC_24_S1-e4_1_1871.d	v1.1.0	NT=ms-proteomics;VV=v1.1.0	NT=single-cell;VV=v1.0.0	NT=dia-acquisition;VV=v1.1.0	NT=cell-lines;VV=v1.1.0	manual curation	sgControl (non-targeting sgRNA)
CTRL_SC_25_S1-e5_1_1872	NT=Homo sapiens;AC=NCBITaxon:9606	NT=colon;AC=UBERON:0001155	NT=colorectal carcinoma;AC=MONDO:0024331	NT=epithelial cell;AC=CL:0000066	NT=RKO;AC=CLO:0008825	CVCL_0504	RKO	sgControl (non-targeting sgRNA)	NT=single cell;AC=PRIDE:0000897	cellenONE	CTRL_SC_25_S1-e5_1_1872	1	17	run 17	proteomic profiling by mass spectrometry	data-independent acquisition	NT=timsTOF SCP;AC=MS:1003231	NT=label free sample;AC=MS:1002038	NT=Trypsin;AC=MS:1001251	not applicable	not applicable	not applicable	NT=collision-induced dissociation;AC=MS:1000133	not available	not available	not available	not available	not available	not available	diaPASEF	1	1	CTRL_SC_25_S1-e5_1_1872.d	v1.1.0	NT=ms-proteomics;VV=v1.1.0	NT=single-cell;VV=v1.0.0	NT=dia-acquisition;VV=v1.1.0	NT=cell-lines;VV=v1.1.0	manual curation	sgControl (non-targeting sgRNA)
CTRL_SC_26_S1-e6_1_1873	NT=Homo sapiens;AC=NCBITaxon:9606	NT=colon;AC=UBERON:0001155	NT=colorectal carcinoma;AC=MONDO:0024331	NT=epithelial cell;AC=CL:0000066	NT=RKO;AC=CLO:0008825	CVCL_0504	RKO	sgControl (non-targeting sgRNA)	NT=single cell;AC=PRIDE:0000897	cellenONE	CTRL_SC_26_S1-e6_1_1873	1	18	run 18	proteomic profiling by mass spectrometry	data-independent acquisition	NT=timsTOF SCP;AC=MS:1003231	NT=label free sample;AC=MS:1002038	NT=Trypsin;AC=MS:1001251	not applicable	not applicable	not applicable	NT=collision-induced dissociation;AC=MS:1000133	not available	not available	not available	not available	not available	not available	diaPASEF	1	1	CTRL_SC_26_S1-e6_1_1873.d	v1.1.0	NT=ms-proteomics;VV=v1.1.0	NT=single-cell;VV=v1.0.0	NT=dia-acquisition;VV=v1.1.0	NT=cell-lines;VV=v1.1.0	manual curation	sgControl (non-targeting sgRNA)
CTRL_SC_27_S1-f3_1_1882	NT=Homo sapiens;AC=NCBITaxon:9606	NT=colon;AC=UBERON:0001155	NT=colorectal carcinoma;AC=MONDO:0024331	NT=epithelial cell;AC=CL:0000066	NT=RKO;AC=CLO:0008825	CVCL_0504	RKO	sgControl (non-targeting sgRNA)	NT=single cell;AC=PRIDE:0000897	cellenONE	CTRL_SC_27_S1-f3_1_1882	1	19	run 19	proteomic profiling by mass spectrometry	data-independent acquisition	NT=timsTOF SCP;AC=MS:1003231	NT=label free sample;AC=MS:1002038	NT=Trypsin;AC=MS:1001251	not applicable	not applicable	not applicable	NT=collision-induced dissociation;AC=MS:1000133	not available	not available	not available	not available	not available	not available	diaPASEF	1	1	CTRL_SC_27_S1-f3_1_1882.d	v1.1.0	NT=ms-proteomics;VV=v1.1.0	NT=single-cell;VV=v1.0.0	NT=dia-acquisition;VV=v1.1.0	NT=cell-lines;VV=v1.1.0	manual curation	sgControl (non-targeting sgRNA)
CTRL_SC_28_S1-f4_1_1883	NT=Homo sapiens;AC=NCBITaxon:9606	NT=colon;AC=UBERON:0001155	NT=colorectal carcinoma;AC=MONDO:0024331	NT=epithelial cell;AC=CL:0000066	NT=RKO;AC=CLO:0008825	CVCL_0504	RKO	sgControl (non-targeting sgRNA)	NT=single cell;AC=PRIDE:0000897	cellenONE	CTRL_SC_28_S1-f4_1_1883	1	20	run 20	proteomic profiling by mass spectrometry	data-independent acquisition	NT=timsTOF SCP;AC=MS:1003231	NT=label free sample;AC=MS:1002038	NT=Trypsin;AC=MS:1001251	not applicable	not applicable	not applicable	NT=collision-induced dissociation;AC=MS:1000133	not available	not available	not available	not available	not available	not available	diaPASEF	1	1	CTRL_SC_28_S1-f4_1_1883.d	v1.1.0	NT=ms-proteomics;VV=v1.1.0	NT=single-cell;VV=v1.0.0	NT=dia-acquisition;VV=v1.1.0	NT=cell-lines;VV=v1.1.0	manual curation	sgControl (non-targeting sgRNA)
CTRL_SC_29_S1-f5_1_1884	NT=Homo sapiens;AC=NCBITaxon:9606	NT=colon;AC=UBERON:0001155	NT=colorectal carcinoma;AC=MONDO:0024331	NT=epithelial cell;AC=CL:0000066	NT=RKO;AC=CLO:0008825	CVCL_0504	RKO	sgControl (non-targeting sgRNA)	NT=single cell;AC=PRIDE:0000897	cellenONE	CTRL_SC_29_S1-f5_1_1884	1	21	run 21	proteomic profiling by mass spectrometry	data-independent acquisition	NT=timsTOF SCP;AC=MS:1003231	NT=label free sample;AC=MS:1002038	NT=Trypsin;AC=MS:1001251	not applicable	not applicable	not applicable	NT=collision-induced dissociation;AC=MS:1000133	not available	not available	not available	not available	not available	not available	diaPASEF	1	1	CTRL_SC_29_S1-f5_1_1884.d	v1.1.0	NT=ms-proteomics;VV=v1.1.0	NT=single-cell;VV=v1.0.0	NT=dia-acquisition;VV=v1.1.0	NT=cell-lines;VV=v1.1.0	manual curation	sgControl (non-targeting sgRNA)
CTRL_SC_2_S1-a2_1_1819	NT=Homo sapiens;AC=NCBITaxon:9606	NT=colon;AC=UBERON:0001155	NT=colorectal carcinoma;AC=MONDO:0024331	NT=epithelial cell;AC=CL:0000066	NT=RKO;AC=CLO:0008825	CVCL_0504	RKO	sgControl (non-targeting sgRNA)	NT=single cell;AC=PRIDE:0000897	cellenONE	CTRL_SC_2_S1-a2_1_1819	1	22	run 22	proteomic profiling by mass spectrometry	data-independent acquisition	NT=timsTOF SCP;AC=MS:1003231	NT=label free sample;AC=MS:1002038	NT=Trypsin;AC=MS:1001251	not applicable	not applicable	not applicable	NT=collision-induced dissociation;AC=MS:1000133	not available	not available	not available	not available	not available	not available	diaPASEF	1	1	CTRL_SC_2_S1-a2_1_1819.d	v1.1.0	NT=ms-proteomics;VV=v1.1.0	NT=single-cell;VV=v1.0.0	NT=dia-acquisition;VV=v1.1.0	NT=cell-lines;VV=v1.1.0	manual curation	sgControl (non-targeting sgRNA)
CTRL_SC_30_S1-f6_1_1885	NT=Homo sapiens;AC=NCBITaxon:9606	NT=colon;AC=UBERON:0001155	NT=colorectal carcinoma;AC=MONDO:0024331	NT=epithelial cell;AC=CL:0000066	NT=RKO;AC=CLO:0008825	CVCL_0504	RKO	sgControl (non-targeting sgRNA)	NT=single cell;AC=PRIDE:0000897	cellenONE	CTRL_SC_30_S1-f6_1_1885	1	23	run 23	proteomic profiling by mass spectrometry	data-independent acquisition	NT=timsTOF SCP;AC=MS:1003231	NT=label free sample;AC=MS:1002038	NT=Trypsin;AC=MS:1001251	not applicable	not applicable	not applicable	NT=collision-induced dissociation;AC=MS:1000133	not available	not available	not available	not available	not available	not available	diaPASEF	1	1	CTRL_SC_30_S1-f6_1_1885.d	v1.1.0	NT=ms-proteomics;VV=v1.1.0	NT=single-cell;VV=v1.0.0	NT=dia-acquisition;VV=v1.1.0	NT=cell-lines;VV=v1.1.0	manual curation	sgControl (non-targeting sgRNA)
CTRL_SC_31_S1-g2_1_1893	NT=Homo sapiens;AC=NCBITaxon:9606	NT=colon;AC=UBERON:0001155	NT=colorectal carcinoma;AC=MONDO:0024331	NT=epithelial cell;AC=CL:0000066	NT=RKO;AC=CLO:0008825	CVCL_0504	RKO	sgControl (non-targeting sgRNA)	NT=single cell;AC=PRIDE:0000897	cellenONE	CTRL_SC_31_S1-g2_1_1893	1	24	run 24	proteomic profiling by mass spectrometry	data-independent acquisition	NT=timsTOF SCP;AC=MS:1003231	NT=label free sample;AC=MS:1002038	NT=Trypsin;AC=MS:1001251	not applicable	not applicable	not applicable	NT=collision-induced dissociation;AC=MS:1000133	not available	not available	not available	not available	not available	not available	diaPASEF	1	1	CTRL_SC_31_S1-g2_1_1893.d	v1.1.0	NT=ms-proteomics;VV=v1.1.0	NT=single-cell;VV=v1.0.0	NT=dia-acquisition;VV=v1.1.0	NT=cell-lines;VV=v1.1.0	manual curation	sgControl (non-targeting sgRNA)
CTRL_SC_32_S1-g3_1_1894	NT=Homo sapiens;AC=NCBITaxon:9606	NT=colon;AC=UBERON:0001155	NT=colorectal carcinoma;AC=MONDO:0024331	NT=epithelial cell;AC=CL:0000066	NT=RKO;AC=CLO:0008825	CVCL_0504	RKO	sgControl (non-targeting sgRNA)	NT=single cell;AC=PRIDE:0000897	cellenONE	CTRL_SC_32_S1-g3_1_1894	1	25	run 25	proteomic profiling by mass spectrometry	data-independent acquisition	NT=timsTOF SCP;AC=MS:1003231	NT=label free sample;AC=MS:1002038	NT=Trypsin;AC=MS:1001251	not applicable	not applicable	not applicable	NT=collision-induced dissociation;AC=MS:1000133	not available	not available	not available	not available	not available	not available	diaPASEF	1	1	CTRL_SC_32_S1-g3_1_1894.d	v1.1.0	NT=ms-proteomics;VV=v1.1.0	NT=single-cell;VV=v1.0.0	NT=dia-acquisition;VV=v1.1.0	NT=cell-lines;VV=v1.1.0	manual curation	sgControl (non-targeting sgRNA)
CTRL_SC_33_S1-g4_1_1895	NT=Homo sapiens;AC=NCBITaxon:9606	NT=colon;AC=UBERON:0001155	NT=colorectal carcinoma;AC=MONDO:0024331	NT=epithelial cell;AC=CL:0000066	NT=RKO;AC=CLO:0008825	CVCL_0504	RKO	sgControl (non-targeting sgRNA)	NT=single cell;AC=PRIDE:0000897	cellenONE	CTRL_SC_33_S1-g4_1_1895	1	26	run 26	proteomic profiling by mass spectrometry	data-independent acquisition	NT=timsTOF SCP;AC=MS:1003231	NT=label free sample;AC=MS:1002038	NT=Trypsin;AC=MS:1001251	not applicable	not applicable	not applicable	NT=collision-induced dissociation;AC=MS:1000133	not available	not available	not available	not available	not available	not available	diaPASEF	1	1	CTRL_SC_33_S1-g4_1_1895.d	v1.1.0	NT=ms-proteomics;VV=v1.1.0	NT=single-cell;VV=v1.0.0	NT=dia-acquisition;VV=v1.1.0	NT=cell-lines;VV=v1.1.0	manual curation	sgControl (non-targeting sgRNA)
CTRL_SC_34_S1-g5_1_1896	NT=Homo sapiens;AC=NCBITaxon:9606	NT=colon;AC=UBERON:0001155	NT=colorectal carcinoma;AC=MONDO:0024331	NT=epithelial cell;AC=CL:0000066	NT=RKO;AC=CLO:0008825	CVCL_0504	RKO	sgControl (non-targeting sgRNA)	NT=single cell;AC=PRIDE:0000897	cellenONE	CTRL_SC_34_S1-g5_1_1896	1	27	run 27	proteomic profiling by mass spectrometry	data-independent acquisition	NT=timsTOF SCP;AC=MS:1003231	NT=label free sample;AC=MS:1002038	NT=Trypsin;AC=MS:1001251	not applicable	not applicable	not applicable	NT=collision-induced dissociation;AC=MS:1000133	not available	not available	not available	not available	not available	not available	diaPASEF	1	1	CTRL_SC_34_S1-g5_1_1896.d	v1.1.0	NT=ms-proteomics;VV=v1.1.0	NT=single-cell;VV=v1.0.0	NT=dia-acquisition;VV=v1.1.0	NT=cell-lines;VV=v1.1.0	manual curation	sgControl (non-targeting sgRNA)
CTRL_SC_35_S1-g6_1_1897	NT=Homo sapiens;AC=NCBITaxon:9606	NT=colon;AC=UBERON:0001155	NT=colorectal carcinoma;AC=MONDO:0024331	NT=epithelial cell;AC=CL:0000066	NT=RKO;AC=CLO:0008825	CVCL_0504	RKO	sgControl (non-targeting sgRNA)	NT=single cell;AC=PRIDE:0000897	cellenONE	CTRL_SC_35_S1-g6_1_1897	1	28	run 28	proteomic profiling by mass spectrometry	data-independent acquisition	NT=timsTOF SCP;AC=MS:1003231	NT=label free sample;AC=MS:1002038	NT=Trypsin;AC=MS:1001251	not applicable	not applicable	not applicable	NT=collision-induced dissociation;AC=MS:1000133	not available	not available	not available	not available	not available	not available	diaPASEF	1	1	CTRL_SC_35_S1-g6_1_1897.d	v1.1.0	NT=ms-proteomics;VV=v1.1.0	NT=single-cell;VV=v1.0.0	NT=dia-acquisition;VV=v1.1.0	NT=cell-lines;VV=v1.1.0	manual curation	sgControl (non-targeting sgRNA)
CTRL_SC_36_S1-h3_1_1906	NT=Homo sapiens;AC=NCBITaxon:9606	NT=colon;AC=UBERON:0001155	NT=colorectal carcinoma;AC=MONDO:0024331	NT=epithelial cell;AC=CL:0000066	NT=RKO;AC=CLO:0008825	CVCL_0504	RKO	sgControl (non-targeting sgRNA)	NT=single cell;AC=PRIDE:0000897	cellenONE	CTRL_SC_36_S1-h3_1_1906	1	29	run 29	proteomic profiling by mass spectrometry	data-independent acquisition	NT=timsTOF SCP;AC=MS:1003231	NT=label free sample;AC=MS:1002038	NT=Trypsin;AC=MS:1001251	not applicable	not applicable	not applicable	NT=collision-induced dissociation;AC=MS:1000133	not available	not available	not available	not available	not available	not available	diaPASEF	1	1	CTRL_SC_36_S1-h3_1_1906.d	v1.1.0	NT=ms-proteomics;VV=v1.1.0	NT=single-cell;VV=v1.0.0	NT=dia-acquisition;VV=v1.1.0	NT=cell-lines;VV=v1.1.0	manual curation	sgControl (non-targeting sgRNA)
CTRL_SC_37_S1-h4_1_1907	NT=Homo sapiens;AC=NCBITaxon:9606	NT=colon;AC=UBERON:0001155	NT=colorectal carcinoma;AC=MONDO:0024331	NT=epithelial cell;AC=CL:0000066	NT=RKO;AC=CLO:0008825	CVCL_0504	RKO	sgControl (non-targeting sgRNA)	NT=single cell;AC=PRIDE:0000897	cellenONE	CTRL_SC_37_S1-h4_1_1907	1	30	run 30	proteomic profiling by mass spectrometry	data-independent acquisition	NT=timsTOF SCP;AC=MS:1003231	NT=label free sample;AC=MS:1002038	NT=Trypsin;AC=MS:1001251	not applicable	not applicable	not applicable	NT=collision-induced dissociation;AC=MS:1000133	not available	not available	not available	not available	not available	not available	diaPASEF	1	1	CTRL_SC_37_S1-h4_1_1907.d	v1.1.0	NT=ms-proteomics;VV=v1.1.0	NT=single-cell;VV=v1.0.0	NT=dia-acquisition;VV=v1.1.0	NT=cell-lines;VV=v1.1.0	manual curation	sgControl (non-targeting sgRNA)
CTRL_SC_38_S1-h5_1_1908	NT=Homo sapiens;AC=NCBITaxon:9606	NT=colon;AC=UBERON:0001155	NT=colorectal carcinoma;AC=MONDO:0024331	NT=epithelial cell;AC=CL:0000066	NT=RKO;AC=CLO:0008825	CVCL_0504	RKO	sgControl (non-targeting sgRNA)	NT=single cell;AC=PRIDE:0000897	cellenONE	CTRL_SC_38_S1-h5_1_1908	1	31	run 31	proteomic profiling by mass spectrometry	data-independent acquisition	NT=timsTOF SCP;AC=MS:1003231	NT=label free sample;AC=MS:1002038	NT=Trypsin;AC=MS:1001251	not applicable	not applicable	not applicable	NT=collision-induced dissociation;AC=MS:1000133	not available	not available	not available	not available	not available	not available	diaPASEF	1	1	CTRL_SC_38_S1-h5_1_1908.d	v1.1.0	NT=ms-proteomics;VV=v1.1.0	NT=single-cell;VV=v1.0.0	NT=dia-acquisition;VV=v1.1.0	NT=cell-lines;VV=v1.1.0	manual curation	sgControl (non-targeting sgRNA)
CTRL_SC_39_S1-h6_1_1909	NT=Homo sapiens;AC=NCBITaxon:9606	NT=colon;AC=UBERON:0001155	NT=colorectal carcinoma;AC=MONDO:0024331	NT=epithelial cell;AC=CL:0000066	NT=RKO;AC=CLO:0008825	CVCL_0504	RKO	sgControl (non-targeting sgRNA)	NT=single cell;AC=PRIDE:0000897	cellenONE	CTRL_SC_39_S1-h6_1_1909	1	32	run 32	proteomic profiling by mass spectrometry	data-independent acquisition	NT=timsTOF SCP;AC=MS:1003231	NT=label free sample;AC=MS:1002038	NT=Trypsin;AC=MS:1001251	not applicable	not applicable	not applicable	NT=collision-induced dissociation;AC=MS:1000133	not available	not available	not available	not available	not available	not available	diaPASEF	1	1	CTRL_SC_39_S1-h6_1_1909.d	v1.1.0	NT=ms-proteomics;VV=v1.1.0	NT=single-cell;VV=v1.0.0	NT=dia-acquisition;VV=v1.1.0	NT=cell-lines;VV=v1.1.0	manual curation	sgControl (non-targeting sgRNA)
CTRL_SC_3_S1-a3_1_1820	NT=Homo sapiens;AC=NCBITaxon:9606	NT=colon;AC=UBERON:0001155	NT=colorectal carcinoma;AC=MONDO:0024331	NT=epithelial cell;AC=CL:0000066	NT=RKO;AC=CLO:0008825	CVCL_0504	RKO	sgControl (non-targeting sgRNA)	NT=single cell;AC=PRIDE:0000897	cellenONE	CTRL_SC_3_S1-a3_1_1820	1	33	run 33	proteomic profiling by mass spectrometry	data-independent acquisition	NT=timsTOF SCP;AC=MS:1003231	NT=label free sample;AC=MS:1002038	NT=Trypsin;AC=MS:1001251	not applicable	not applicable	not applicable	NT=collision-induced dissociation;AC=MS:1000133	not available	not available	not available	not available	not available	not available	diaPASEF	1	1	CTRL_SC_3_S1-a3_1_1820.d	v1.1.0	NT=ms-proteomics;VV=v1.1.0	NT=single-cell;VV=v1.0.0	NT=dia-acquisition;VV=v1.1.0	NT=cell-lines;VV=v1.1.0	manual curation	sgControl (non-targeting sgRNA)
CTRL_SC_4_S1-a4_1_1821	NT=Homo sapiens;AC=NCBITaxon:9606	NT=colon;AC=UBERON:0001155	NT=colorectal carcinoma;AC=MONDO:0024331	NT=epithelial cell;AC=CL:0000066	NT=RKO;AC=CLO:0008825	CVCL_0504	RKO	sgControl (non-targeting sgRNA)	NT=single cell;AC=PRIDE:0000897	cellenONE	CTRL_SC_4_S1-a4_1_1821	1	34	run 34	proteomic profiling by mass spectrometry	data-independent acquisition	NT=timsTOF SCP;AC=MS:1003231	NT=label free sample;AC=MS:1002038	NT=Trypsin;AC=MS:1001251	not applicable	not applicable	not applicable	NT=collision-induced dissociation;AC=MS:1000133	not available	not available	not available	not available	not available	not available	diaPASEF	1	1	CTRL_SC_4_S1-a4_1_1821.d	v1.1.0	NT=ms-proteomics;VV=v1.1.0	NT=single-cell;VV=v1.0.0	NT=dia-acquisition;VV=v1.1.0	NT=cell-lines;VV=v1.1.0	manual curation	sgControl (non-targeting sgRNA)
CTRL_SC_5_S1-a5_1_1822	NT=Homo sapiens;AC=NCBITaxon:9606	NT=colon;AC=UBERON:0001155	NT=colorectal carcinoma;AC=MONDO:0024331	NT=epithelial cell;AC=CL:0000066	NT=RKO;AC=CLO:0008825	CVCL_0504	RKO	sgControl (non-targeting sgRNA)	NT=single cell;AC=PRIDE:0000897	cellenONE	CTRL_SC_5_S1-a5_1_1822	1	35	run 35	proteomic profiling by mass spectrometry	data-independent acquisition	NT=timsTOF SCP;AC=MS:1003231	NT=label free sample;AC=MS:1002038	NT=Trypsin;AC=MS:1001251	not applicable	not applicable	not applicable	NT=collision-induced dissociation;AC=MS:1000133	not available	not available	not available	not available	not available	not available	diaPASEF	1	1	CTRL_SC_5_S1-a5_1_1822.d	v1.1.0	NT=ms-proteomics;VV=v1.1.0	NT=single-cell;VV=v1.0.0	NT=dia-acquisition;VV=v1.1.0	NT=cell-lines;VV=v1.1.0	manual curation	sgControl (non-targeting sgRNA)
CTRL_SC_6_S1-a6_1_1823	NT=Homo sapiens;AC=NCBITaxon:9606	NT=colon;AC=UBERON:0001155	NT=colorectal carcinoma;AC=MONDO:0024331	NT=epithelial cell;AC=CL:0000066	NT=RKO;AC=CLO:0008825	CVCL_0504	RKO	sgControl (non-targeting sgRNA)	NT=single cell;AC=PRIDE:0000897	cellenONE	CTRL_SC_6_S1-a6_1_1823	1	36	run 36	proteomic profiling by mass spectrometry	data-independent acquisition	NT=timsTOF SCP;AC=MS:1003231	NT=label free sample;AC=MS:1002038	NT=Trypsin;AC=MS:1001251	not applicable	not applicable	not applicable	NT=collision-induced dissociation;AC=MS:1000133	not available	not available	not available	not available	not available	not available	diaPASEF	1	1	CTRL_SC_6_S1-a6_1_1823.d	v1.1.0	NT=ms-proteomics;VV=v1.1.0	NT=single-cell;VV=v1.0.0	NT=dia-acquisition;VV=v1.1.0	NT=cell-lines;VV=v1.1.0	manual curation	sgControl (non-targeting sgRNA)
CTRL_SC_7_S1-b1_1_1830	NT=Homo sapiens;AC=NCBITaxon:9606	NT=colon;AC=UBERON:0001155	NT=colorectal carcinoma;AC=MONDO:0024331	NT=epithelial cell;AC=CL:0000066	NT=RKO;AC=CLO:0008825	CVCL_0504	RKO	sgControl (non-targeting sgRNA)	NT=single cell;AC=PRIDE:0000897	cellenONE	CTRL_SC_7_S1-b1_1_1830	1	37	run 37	proteomic profiling by mass spectrometry	data-independent acquisition	NT=timsTOF SCP;AC=MS:1003231	NT=label free sample;AC=MS:1002038	NT=Trypsin;AC=MS:1001251	not applicable	not applicable	not applicable	NT=collision-induced dissociation;AC=MS:1000133	not available	not available	not available	not available	not available	not available	diaPASEF	1	1	CTRL_SC_7_S1-b1_1_1830.d	v1.1.0	NT=ms-proteomics;VV=v1.1.0	NT=single-cell;VV=v1.0.0	NT=dia-acquisition;VV=v1.1.0	NT=cell-lines;VV=v1.1.0	manual curation	sgControl (non-targeting sgRNA)
CTRL_SC_8_S1-b2_1_1831	NT=Homo sapiens;AC=NCBITaxon:9606	NT=colon;AC=UBERON:0001155	NT=colorectal carcinoma;AC=MONDO:0024331	NT=epithelial cell;AC=CL:0000066	NT=RKO;AC=CLO:0008825	CVCL_0504	RKO	sgControl (non-targeting sgRNA)	NT=single cell;AC=PRIDE:0000897	cellenONE	CTRL_SC_8_S1-b2_1_1831	1	38	run 38	proteomic profiling by mass spectrometry	data-independent acquisition	NT=timsTOF SCP;AC=MS:1003231	NT=label free sample;AC=MS:1002038	NT=Trypsin;AC=MS:1001251	not applicable	not applicable	not applicable	NT=collision-induced dissociation;AC=MS:1000133	not available	not available	not available	not available	not available	not available	diaPASEF	1	1	CTRL_SC_8_S1-b2_1_1831.d	v1.1.0	NT=ms-proteomics;VV=v1.1.0	NT=single-cell;VV=v1.0.0	NT=dia-acquisition;VV=v1.1.0	NT=cell-lines;VV=v1.1.0	manual curation	sgControl (non-targeting sgRNA)
CTRL_SC_9_S1-b3_1_1832	NT=Homo sapiens;AC=NCBITaxon:9606	NT=colon;AC=UBERON:0001155	NT=colorectal carcinoma;AC=MONDO:0024331	NT=epithelial cell;AC=CL:0000066	NT=RKO;AC=CLO:0008825	CVCL_0504	RKO	sgControl (non-targeting sgRNA)	NT=single cell;AC=PRIDE:0000897	cellenONE	CTRL_SC_9_S1-b3_1_1832	1	39	run 39	proteomic profiling by mass spectrometry	data-independent acquisition	NT=timsTOF SCP;AC=MS:1003231	NT=label free sample;AC=MS:1002038	NT=Trypsin;AC=MS:1001251	not applicable	not applicable	not applicable	NT=collision-induced dissociation;AC=MS:1000133	not available	not available	not available	not available	not available	not available	diaPASEF	1	1	CTRL_SC_9_S1-b3_1_1832.d	v1.1.0	NT=ms-proteomics;VV=v1.1.0	NT=single-cell;VV=v1.0.0	NT=dia-acquisition;VV=v1.1.0	NT=cell-lines;VV=v1.1.0	manual curation	sgControl (non-targeting sgRNA)
KO_SC_10_S1-b10_1_1839	NT=Homo sapiens;AC=NCBITaxon:9606	NT=colon;AC=UBERON:0001155	NT=colorectal carcinoma;AC=MONDO:0024331	NT=epithelial cell;AC=CL:0000066	NT=RKO;AC=CLO:0008825	CVCL_0504	RKO	sgGSTP1 knockout	NT=single cell;AC=PRIDE:0000897	cellenONE	KO_SC_10_S1-b10_1_1839	1	40	run 40	proteomic profiling by mass spectrometry	data-independent acquisition	NT=timsTOF SCP;AC=MS:1003231	NT=label free sample;AC=MS:1002038	NT=Trypsin;AC=MS:1001251	not applicable	not applicable	not applicable	NT=collision-induced dissociation;AC=MS:1000133	not available	not available	not available	not available	not available	not available	diaPASEF	1	1	KO_SC_10_S1-b10_1_1839.d	v1.1.0	NT=ms-proteomics;VV=v1.1.0	NT=single-cell;VV=v1.0.0	NT=dia-acquisition;VV=v1.1.0	NT=cell-lines;VV=v1.1.0	manual curation	sgGSTP1 knockout
KO_SC_11_S1-b11_1_1840	NT=Homo sapiens;AC=NCBITaxon:9606	NT=colon;AC=UBERON:0001155	NT=colorectal carcinoma;AC=MONDO:0024331	NT=epithelial cell;AC=CL:0000066	NT=RKO;AC=CLO:0008825	CVCL_0504	RKO	sgGSTP1 knockout	NT=single cell;AC=PRIDE:0000897	cellenONE	KO_SC_11_S1-b11_1_1840	1	41	run 41	proteomic profiling by mass spectrometry	data-independent acquisition	NT=timsTOF SCP;AC=MS:1003231	NT=label free sample;AC=MS:1002038	NT=Trypsin;AC=MS:1001251	not applicable	not applicable	not applicable	NT=collision-induced dissociation;AC=MS:1000133	not available	not available	not available	not available	not available	not available	diaPASEF	1	1	KO_SC_11_S1-b11_1_1840.d	v1.1.0	NT=ms-proteomics;VV=v1.1.0	NT=single-cell;VV=v1.0.0	NT=dia-acquisition;VV=v1.1.0	NT=cell-lines;VV=v1.1.0	manual curation	sgGSTP1 knockout
KO_SC_12_S1-b12_1_1841	NT=Homo sapiens;AC=NCBITaxon:9606	NT=colon;AC=UBERON:0001155	NT=colorectal carcinoma;AC=MONDO:0024331	NT=epithelial cell;AC=CL:0000066	NT=RKO;AC=CLO:0008825	CVCL_0504	RKO	sgGSTP1 knockout	NT=single cell;AC=PRIDE:0000897	cellenONE	KO_SC_12_S1-b12_1_1841	1	42	run 42	proteomic profiling by mass spectrometry	data-independent acquisition	NT=timsTOF SCP;AC=MS:1003231	NT=label free sample;AC=MS:1002038	NT=Trypsin;AC=MS:1001251	not applicable	not applicable	not applicable	NT=collision-induced dissociation;AC=MS:1000133	not available	not available	not available	not available	not available	not available	diaPASEF	1	1	KO_SC_12_S1-b12_1_1841.d	v1.1.0	NT=ms-proteomics;VV=v1.1.0	NT=single-cell;VV=v1.0.0	NT=dia-acquisition;VV=v1.1.0	NT=cell-lines;VV=v1.1.0	manual curation	sgGSTP1 knockout
KO_SC_13_S1-c7_1_1848	NT=Homo sapiens;AC=NCBITaxon:9606	NT=colon;AC=UBERON:0001155	NT=colorectal carcinoma;AC=MONDO:0024331	NT=epithelial cell;AC=CL:0000066	NT=RKO;AC=CLO:0008825	CVCL_0504	RKO	sgGSTP1 knockout	NT=single cell;AC=PRIDE:0000897	cellenONE	KO_SC_13_S1-c7_1_1848	1	43	run 43	proteomic profiling by mass spectrometry	data-independent acquisition	NT=timsTOF SCP;AC=MS:1003231	NT=label free sample;AC=MS:1002038	NT=Trypsin;AC=MS:1001251	not applicable	not applicable	not applicable	NT=collision-induced dissociation;AC=MS:1000133	not available	not available	not available	not available	not available	not available	diaPASEF	1	1	KO_SC_13_S1-c7_1_1848.d	v1.1.0	NT=ms-proteomics;VV=v1.1.0	NT=single-cell;VV=v1.0.0	NT=dia-acquisition;VV=v1.1.0	NT=cell-lines;VV=v1.1.0	manual curation	sgGSTP1 knockout
KO_SC_14_S1-c8_1_1849	NT=Homo sapiens;AC=NCBITaxon:9606	NT=colon;AC=UBERON:0001155	NT=colorectal carcinoma;AC=MONDO:0024331	NT=epithelial cell;AC=CL:0000066	NT=RKO;AC=CLO:0008825	CVCL_0504	RKO	sgGSTP1 knockout	NT=single cell;AC=PRIDE:0000897	cellenONE	KO_SC_14_S1-c8_1_1849	1	44	run 44	proteomic profiling by mass spectrometry	data-independent acquisition	NT=timsTOF SCP;AC=MS:1003231	NT=label free sample;AC=MS:1002038	NT=Trypsin;AC=MS:1001251	not applicable	not applicable	not applicable	NT=collision-induced dissociation;AC=MS:1000133	not available	not available	not available	not available	not available	not available	diaPASEF	1	1	KO_SC_14_S1-c8_1_1849.d	v1.1.0	NT=ms-proteomics;VV=v1.1.0	NT=single-cell;VV=v1.0.0	NT=dia-acquisition;VV=v1.1.0	NT=cell-lines;VV=v1.1.0	manual curation	sgGSTP1 knockout
KO_SC_15_S1-c9_1_1850	NT=Homo sapiens;AC=NCBITaxon:9606	NT=colon;AC=UBERON:0001155	NT=colorectal carcinoma;AC=MONDO:0024331	NT=epithelial cell;AC=CL:0000066	NT=RKO;AC=CLO:0008825	CVCL_0504	RKO	sgGSTP1 knockout	NT=single cell;AC=PRIDE:0000897	cellenONE	KO_SC_15_S1-c9_1_1850	1	45	run 45	proteomic profiling by mass spectrometry	data-independent acquisition	NT=timsTOF SCP;AC=MS:1003231	NT=label free sample;AC=MS:1002038	NT=Trypsin;AC=MS:1001251	not applicable	not applicable	not applicable	NT=collision-induced dissociation;AC=MS:1000133	not available	not available	not available	not available	not available	not available	diaPASEF	1	1	KO_SC_15_S1-c9_1_1850.d	v1.1.0	NT=ms-proteomics;VV=v1.1.0	NT=single-cell;VV=v1.0.0	NT=dia-acquisition;VV=v1.1.0	NT=cell-lines;VV=v1.1.0	manual curation	sgGSTP1 knockout
KO_SC_16_S1-c10_1_1851	NT=Homo sapiens;AC=NCBITaxon:9606	NT=colon;AC=UBERON:0001155	NT=colorectal carcinoma;AC=MONDO:0024331	NT=epithelial cell;AC=CL:0000066	NT=RKO;AC=CLO:0008825	CVCL_0504	RKO	sgGSTP1 knockout	NT=single cell;AC=PRIDE:0000897	cellenONE	KO_SC_16_S1-c10_1_1851	1	46	run 46	proteomic profiling by mass spectrometry	data-independent acquisition	NT=timsTOF SCP;AC=MS:1003231	NT=label free sample;AC=MS:1002038	NT=Trypsin;AC=MS:1001251	not applicable	not applicable	not applicable	NT=collision-induced dissociation;AC=MS:1000133	not available	not available	not available	not available	not available	not available	diaPASEF	1	1	KO_SC_16_S1-c10_1_1851.d	v1.1.0	NT=ms-proteomics;VV=v1.1.0	NT=single-cell;VV=v1.0.0	NT=dia-acquisition;VV=v1.1.0	NT=cell-lines;VV=v1.1.0	manual curation	sgGSTP1 knockout
KO_SC_17_S1-c11_1_1852	NT=Homo sapiens;AC=NCBITaxon:9606	NT=colon;AC=UBERON:0001155	NT=colorectal carcinoma;AC=MONDO:0024331	NT=epithelial cell;AC=CL:0000066	NT=RKO;AC=CLO:0008825	CVCL_0504	RKO	sgGSTP1 knockout	NT=single cell;AC=PRIDE:0000897	cellenONE	KO_SC_17_S1-c11_1_1852	1	47	run 47	proteomic profiling by mass spectrometry	data-independent acquisition	NT=timsTOF SCP;AC=MS:1003231	NT=label free sample;AC=MS:1002038	NT=Trypsin;AC=MS:1001251	not applicable	not applicable	not applicable	NT=collision-induced dissociation;AC=MS:1000133	not available	not available	not available	not available	not available	not available	diaPASEF	1	1	KO_SC_17_S1-c11_1_1852.d	v1.1.0	NT=ms-proteomics;VV=v1.1.0	NT=single-cell;VV=v1.0.0	NT=dia-acquisition;VV=v1.1.0	NT=cell-lines;VV=v1.1.0	manual curation	sgGSTP1 knockout
KO_SC_18_S1-c12_1_1853	NT=Homo sapiens;AC=NCBITaxon:9606	NT=colon;AC=UBERON:0001155	NT=colorectal carcinoma;AC=MONDO:0024331	NT=epithelial cell;AC=CL:0000066	NT=RKO;AC=CLO:0008825	CVCL_0504	RKO	sgGSTP1 knockout	NT=single cell;AC=PRIDE:0000897	cellenONE	KO_SC_18_S1-c12_1_1853	1	48	run 48	proteomic profiling by mass spectrometry	data-independent acquisition	NT=timsTOF SCP;AC=MS:1003231	NT=label free sample;AC=MS:1002038	NT=Trypsin;AC=MS:1001251	not applicable	not applicable	not applicable	NT=collision-induced dissociation;AC=MS:1000133	not available	not available	not available	not available	not available	not available	diaPASEF	1	1	KO_SC_18_S1-c12_1_1853.d	v1.1.0	NT=ms-proteomics;VV=v1.1.0	NT=single-cell;VV=v1.0.0	NT=dia-acquisition;VV=v1.1.0	NT=cell-lines;VV=v1.1.0	manual curation	sgGSTP1 knockout
KO_SC_19_S1-d7_1_1862	NT=Homo sapiens;AC=NCBITaxon:9606	NT=colon;AC=UBERON:0001155	NT=colorectal carcinoma;AC=MONDO:0024331	NT=epithelial cell;AC=CL:0000066	NT=RKO;AC=CLO:0008825	CVCL_0504	RKO	sgGSTP1 knockout	NT=single cell;AC=PRIDE:0000897	cellenONE	KO_SC_19_S1-d7_1_1862	1	49	run 49	proteomic profiling by mass spectrometry	data-independent acquisition	NT=timsTOF SCP;AC=MS:1003231	NT=label free sample;AC=MS:1002038	NT=Trypsin;AC=MS:1001251	not applicable	not applicable	not applicable	NT=collision-induced dissociation;AC=MS:1000133	not available	not available	not available	not available	not available	not available	diaPASEF	1	1	KO_SC_19_S1-d7_1_1862.d	v1.1.0	NT=ms-proteomics;VV=v1.1.0	NT=single-cell;VV=v1.0.0	NT=dia-acquisition;VV=v1.1.0	NT=cell-lines;VV=v1.1.0	manual curation	sgGSTP1 knockout
KO_SC_1_S1-a7_1_1824	NT=Homo sapiens;AC=NCBITaxon:9606	NT=colon;AC=UBERON:0001155	NT=colorectal carcinoma;AC=MONDO:0024331	NT=epithelial cell;AC=CL:0000066	NT=RKO;AC=CLO:0008825	CVCL_0504	RKO	sgGSTP1 knockout	NT=single cell;AC=PRIDE:0000897	cellenONE	KO_SC_1_S1-a7_1_1824	1	50	run 50	proteomic profiling by mass spectrometry	data-independent acquisition	NT=timsTOF SCP;AC=MS:1003231	NT=label free sample;AC=MS:1002038	NT=Trypsin;AC=MS:1001251	not applicable	not applicable	not applicable	NT=collision-induced dissociation;AC=MS:1000133	not available	not available	not available	not available	not available	not available	diaPASEF	1	1	KO_SC_1_S1-a7_1_1824.d	v1.1.0	NT=ms-proteomics;VV=v1.1.0	NT=single-cell;VV=v1.0.0	NT=dia-acquisition;VV=v1.1.0	NT=cell-lines;VV=v1.1.0	manual curation	sgGSTP1 knockout
KO_SC_20_S1-d8_1_1863	NT=Homo sapiens;AC=NCBITaxon:9606	NT=colon;AC=UBERON:0001155	NT=colorectal carcinoma;AC=MONDO:0024331	NT=epithelial cell;AC=CL:0000066	NT=RKO;AC=CLO:0008825	CVCL_0504	RKO	sgGSTP1 knockout	NT=single cell;AC=PRIDE:0000897	cellenONE	KO_SC_20_S1-d8_1_1863	1	51	run 51	proteomic profiling by mass spectrometry	data-independent acquisition	NT=timsTOF SCP;AC=MS:1003231	NT=label free sample;AC=MS:1002038	NT=Trypsin;AC=MS:1001251	not applicable	not applicable	not applicable	NT=collision-induced dissociation;AC=MS:1000133	not available	not available	not available	not available	not available	not available	diaPASEF	1	1	KO_SC_20_S1-d8_1_1863.d	v1.1.0	NT=ms-proteomics;VV=v1.1.0	NT=single-cell;VV=v1.0.0	NT=dia-acquisition;VV=v1.1.0	NT=cell-lines;VV=v1.1.0	manual curation	sgGSTP1 knockout
KO_SC_21_S1-d9_1_1864	NT=Homo sapiens;AC=NCBITaxon:9606	NT=colon;AC=UBERON:0001155	NT=colorectal carcinoma;AC=MONDO:0024331	NT=epithelial cell;AC=CL:0000066	NT=RKO;AC=CLO:0008825	CVCL_0504	RKO	sgGSTP1 knockout	NT=single cell;AC=PRIDE:0000897	cellenONE	KO_SC_21_S1-d9_1_1864	1	52	run 52	proteomic profiling by mass spectrometry	data-independent acquisition	NT=timsTOF SCP;AC=MS:1003231	NT=label free sample;AC=MS:1002038	NT=Trypsin;AC=MS:1001251	not applicable	not applicable	not applicable	NT=collision-induced dissociation;AC=MS:1000133	not available	not available	not available	not available	not available	not available	diaPASEF	1	1	KO_SC_21_S1-d9_1_1864.d	v1.1.0	NT=ms-proteomics;VV=v1.1.0	NT=single-cell;VV=v1.0.0	NT=dia-acquisition;VV=v1.1.0	NT=cell-lines;VV=v1.1.0	manual curation	sgGSTP1 knockout
KO_SC_22_S1-d10_1_1865	NT=Homo sapiens;AC=NCBITaxon:9606	NT=colon;AC=UBERON:0001155	NT=colorectal carcinoma;AC=MONDO:0024331	NT=epithelial cell;AC=CL:0000066	NT=RKO;AC=CLO:0008825	CVCL_0504	RKO	sgGSTP1 knockout	NT=single cell;AC=PRIDE:0000897	cellenONE	KO_SC_22_S1-d10_1_1865	1	53	run 53	proteomic profiling by mass spectrometry	data-independent acquisition	NT=timsTOF SCP;AC=MS:1003231	NT=label free sample;AC=MS:1002038	NT=Trypsin;AC=MS:1001251	not applicable	not applicable	not applicable	NT=collision-induced dissociation;AC=MS:1000133	not available	not available	not available	not available	not available	not available	diaPASEF	1	1	KO_SC_22_S1-d10_1_1865.d	v1.1.0	NT=ms-proteomics;VV=v1.1.0	NT=single-cell;VV=v1.0.0	NT=dia-acquisition;VV=v1.1.0	NT=cell-lines;VV=v1.1.0	manual curation	sgGSTP1 knockout
KO_SC_23_S1-e7_1_1874	NT=Homo sapiens;AC=NCBITaxon:9606	NT=colon;AC=UBERON:0001155	NT=colorectal carcinoma;AC=MONDO:0024331	NT=epithelial cell;AC=CL:0000066	NT=RKO;AC=CLO:0008825	CVCL_0504	RKO	sgGSTP1 knockout	NT=single cell;AC=PRIDE:0000897	cellenONE	KO_SC_23_S1-e7_1_1874	1	54	run 54	proteomic profiling by mass spectrometry	data-independent acquisition	NT=timsTOF SCP;AC=MS:1003231	NT=label free sample;AC=MS:1002038	NT=Trypsin;AC=MS:1001251	not applicable	not applicable	not applicable	NT=collision-induced dissociation;AC=MS:1000133	not available	not available	not available	not available	not available	not available	diaPASEF	1	1	KO_SC_23_S1-e7_1_1874.d	v1.1.0	NT=ms-proteomics;VV=v1.1.0	NT=single-cell;VV=v1.0.0	NT=dia-acquisition;VV=v1.1.0	NT=cell-lines;VV=v1.1.0	manual curation	sgGSTP1 knockout
KO_SC_24_S1-e8_1_1875	NT=Homo sapiens;AC=NCBITaxon:9606	NT=colon;AC=UBERON:0001155	NT=colorectal carcinoma;AC=MONDO:0024331	NT=epithelial cell;AC=CL:0000066	NT=RKO;AC=CLO:0008825	CVCL_0504	RKO	sgGSTP1 knockout	NT=single cell;AC=PRIDE:0000897	cellenONE	KO_SC_24_S1-e8_1_1875	1	55	run 55	proteomic profiling by mass spectrometry	data-independent acquisition	NT=timsTOF SCP;AC=MS:1003231	NT=label free sample;AC=MS:1002038	NT=Trypsin;AC=MS:1001251	not applicable	not applicable	not applicable	NT=collision-induced dissociation;AC=MS:1000133	not available	not available	not available	not available	not available	not available	diaPASEF	1	1	KO_SC_24_S1-e8_1_1875.d	v1.1.0	NT=ms-proteomics;VV=v1.1.0	NT=single-cell;VV=v1.0.0	NT=dia-acquisition;VV=v1.1.0	NT=cell-lines;VV=v1.1.0	manual curation	sgGSTP1 knockout
KO_SC_25_S1-e9_1_1876	NT=Homo sapiens;AC=NCBITaxon:9606	NT=colon;AC=UBERON:0001155	NT=colorectal carcinoma;AC=MONDO:0024331	NT=epithelial cell;AC=CL:0000066	NT=RKO;AC=CLO:0008825	CVCL_0504	RKO	sgGSTP1 knockout	NT=single cell;AC=PRIDE:0000897	cellenONE	KO_SC_25_S1-e9_1_1876	1	56	run 56	proteomic profiling by mass spectrometry	data-independent acquisition	NT=timsTOF SCP;AC=MS:1003231	NT=label free sample;AC=MS:1002038	NT=Trypsin;AC=MS:1001251	not applicable	not applicable	not applicable	NT=collision-induced dissociation;AC=MS:1000133	not available	not available	not available	not available	not available	not available	diaPASEF	1	1	KO_SC_25_S1-e9_1_1876.d	v1.1.0	NT=ms-proteomics;VV=v1.1.0	NT=single-cell;VV=v1.0.0	NT=dia-acquisition;VV=v1.1.0	NT=cell-lines;VV=v1.1.0	manual curation	sgGSTP1 knockout
KO_SC_26_S1-e10_1_1877	NT=Homo sapiens;AC=NCBITaxon:9606	NT=colon;AC=UBERON:0001155	NT=colorectal carcinoma;AC=MONDO:0024331	NT=epithelial cell;AC=CL:0000066	NT=RKO;AC=CLO:0008825	CVCL_0504	RKO	sgGSTP1 knockout	NT=single cell;AC=PRIDE:0000897	cellenONE	KO_SC_26_S1-e10_1_1877	1	57	run 57	proteomic profiling by mass spectrometry	data-independent acquisition	NT=timsTOF SCP;AC=MS:1003231	NT=label free sample;AC=MS:1002038	NT=Trypsin;AC=MS:1001251	not applicable	not applicable	not applicable	NT=collision-induced dissociation;AC=MS:1000133	not available	not available	not available	not available	not available	not available	diaPASEF	1	1	KO_SC_26_S1-e10_1_1877.d	v1.1.0	NT=ms-proteomics;VV=v1.1.0	NT=single-cell;VV=v1.0.0	NT=dia-acquisition;VV=v1.1.0	NT=cell-lines;VV=v1.1.0	manual curation	sgGSTP1 knockout
KO_SC_27_S1-f7_1_1886	NT=Homo sapiens;AC=NCBITaxon:9606	NT=colon;AC=UBERON:0001155	NT=colorectal carcinoma;AC=MONDO:0024331	NT=epithelial cell;AC=CL:0000066	NT=RKO;AC=CLO:0008825	CVCL_0504	RKO	sgGSTP1 knockout	NT=single cell;AC=PRIDE:0000897	cellenONE	KO_SC_27_S1-f7_1_1886	1	58	run 58	proteomic profiling by mass spectrometry	data-independent acquisition	NT=timsTOF SCP;AC=MS:1003231	NT=label free sample;AC=MS:1002038	NT=Trypsin;AC=MS:1001251	not applicable	not applicable	not applicable	NT=collision-induced dissociation;AC=MS:1000133	not available	not available	not available	not available	not available	not available	diaPASEF	1	1	KO_SC_27_S1-f7_1_1886.d	v1.1.0	NT=ms-proteomics;VV=v1.1.0	NT=single-cell;VV=v1.0.0	NT=dia-acquisition;VV=v1.1.0	NT=cell-lines;VV=v1.1.0	manual curation	sgGSTP1 knockout
KO_SC_28_S1-f8_1_1887	NT=Homo sapiens;AC=NCBITaxon:9606	NT=colon;AC=UBERON:0001155	NT=colorectal carcinoma;AC=MONDO:0024331	NT=epithelial cell;AC=CL:0000066	NT=RKO;AC=CLO:0008825	CVCL_0504	RKO	sgGSTP1 knockout	NT=single cell;AC=PRIDE:0000897	cellenONE	KO_SC_28_S1-f8_1_1887	1	59	run 59	proteomic profiling by mass spectrometry	data-independent acquisition	NT=timsTOF SCP;AC=MS:1003231	NT=label free sample;AC=MS:1002038	NT=Trypsin;AC=MS:1001251	not applicable	not applicable	not applicable	NT=collision-induced dissociation;AC=MS:1000133	not available	not available	not available	not available	not available	not available	diaPASEF	1	1	KO_SC_28_S1-f8_1_1887.d	v1.1.0	NT=ms-proteomics;VV=v1.1.0	NT=single-cell;VV=v1.0.0	NT=dia-acquisition;VV=v1.1.0	NT=cell-lines;VV=v1.1.0	manual curation	sgGSTP1 knockout
KO_SC_29_S1-f9_1_1888	NT=Homo sapiens;AC=NCBITaxon:9606	NT=colon;AC=UBERON:0001155	NT=colorectal carcinoma;AC=MONDO:0024331	NT=epithelial cell;AC=CL:0000066	NT=RKO;AC=CLO:0008825	CVCL_0504	RKO	sgGSTP1 knockout	NT=single cell;AC=PRIDE:0000897	cellenONE	KO_SC_29_S1-f9_1_1888	1	60	run 60	proteomic profiling by mass spectrometry	data-independent acquisition	NT=timsTOF SCP;AC=MS:1003231	NT=label free sample;AC=MS:1002038	NT=Trypsin;AC=MS:1001251	not applicable	not applicable	not applicable	NT=collision-induced dissociation;AC=MS:1000133	not available	not available	not available	not available	not available	not available	diaPASEF	1	1	KO_SC_29_S1-f9_1_1888.d	v1.1.0	NT=ms-proteomics;VV=v1.1.0	NT=single-cell;VV=v1.0.0	NT=dia-acquisition;VV=v1.1.0	NT=cell-lines;VV=v1.1.0	manual curation	sgGSTP1 knockout
KO_SC_2_S1-a8_1_1825	NT=Homo sapiens;AC=NCBITaxon:9606	NT=colon;AC=UBERON:0001155	NT=colorectal carcinoma;AC=MONDO:0024331	NT=epithelial cell;AC=CL:0000066	NT=RKO;AC=CLO:0008825	CVCL_0504	RKO	sgGSTP1 knockout	NT=single cell;AC=PRIDE:0000897	cellenONE	KO_SC_2_S1-a8_1_1825	1	61	run 61	proteomic profiling by mass spectrometry	data-independent acquisition	NT=timsTOF SCP;AC=MS:1003231	NT=label free sample;AC=MS:1002038	NT=Trypsin;AC=MS:1001251	not applicable	not applicable	not applicable	NT=collision-induced dissociation;AC=MS:1000133	not available	not available	not available	not available	not available	not available	diaPASEF	1	1	KO_SC_2_S1-a8_1_1825.d	v1.1.0	NT=ms-proteomics;VV=v1.1.0	NT=single-cell;VV=v1.0.0	NT=dia-acquisition;VV=v1.1.0	NT=cell-lines;VV=v1.1.0	manual curation	sgGSTP1 knockout
KO_SC_30_S1-f10_1_1889	NT=Homo sapiens;AC=NCBITaxon:9606	NT=colon;AC=UBERON:0001155	NT=colorectal carcinoma;AC=MONDO:0024331	NT=epithelial cell;AC=CL:0000066	NT=RKO;AC=CLO:0008825	CVCL_0504	RKO	sgGSTP1 knockout	NT=single cell;AC=PRIDE:0000897	cellenONE	KO_SC_30_S1-f10_1_1889	1	62	run 62	proteomic profiling by mass spectrometry	data-independent acquisition	NT=timsTOF SCP;AC=MS:1003231	NT=label free sample;AC=MS:1002038	NT=Trypsin;AC=MS:1001251	not applicable	not applicable	not applicable	NT=collision-induced dissociation;AC=MS:1000133	not available	not available	not available	not available	not available	not available	diaPASEF	1	1	KO_SC_30_S1-f10_1_1889.d	v1.1.0	NT=ms-proteomics;VV=v1.1.0	NT=single-cell;VV=v1.0.0	NT=dia-acquisition;VV=v1.1.0	NT=cell-lines;VV=v1.1.0	manual curation	sgGSTP1 knockout
KO_SC_31_S1-g7_1_1898	NT=Homo sapiens;AC=NCBITaxon:9606	NT=colon;AC=UBERON:0001155	NT=colorectal carcinoma;AC=MONDO:0024331	NT=epithelial cell;AC=CL:0000066	NT=RKO;AC=CLO:0008825	CVCL_0504	RKO	sgGSTP1 knockout	NT=single cell;AC=PRIDE:0000897	cellenONE	KO_SC_31_S1-g7_1_1898	1	63	run 63	proteomic profiling by mass spectrometry	data-independent acquisition	NT=timsTOF SCP;AC=MS:1003231	NT=label free sample;AC=MS:1002038	NT=Trypsin;AC=MS:1001251	not applicable	not applicable	not applicable	NT=collision-induced dissociation;AC=MS:1000133	not available	not available	not available	not available	not available	not available	diaPASEF	1	1	KO_SC_31_S1-g7_1_1898.d	v1.1.0	NT=ms-proteomics;VV=v1.1.0	NT=single-cell;VV=v1.0.0	NT=dia-acquisition;VV=v1.1.0	NT=cell-lines;VV=v1.1.0	manual curation	sgGSTP1 knockout
KO_SC_32_S1-g8_1_1899	NT=Homo sapiens;AC=NCBITaxon:9606	NT=colon;AC=UBERON:0001155	NT=colorectal carcinoma;AC=MONDO:0024331	NT=epithelial cell;AC=CL:0000066	NT=RKO;AC=CLO:0008825	CVCL_0504	RKO	sgGSTP1 knockout	NT=single cell;AC=PRIDE:0000897	cellenONE	KO_SC_32_S1-g8_1_1899	1	64	run 64	proteomic profiling by mass spectrometry	data-independent acquisition	NT=timsTOF SCP;AC=MS:1003231	NT=label free sample;AC=MS:1002038	NT=Trypsin;AC=MS:1001251	not applicable	not applicable	not applicable	NT=collision-induced dissociation;AC=MS:1000133	not available	not available	not available	not available	not available	not available	diaPASEF	1	1	KO_SC_32_S1-g8_1_1899.d	v1.1.0	NT=ms-proteomics;VV=v1.1.0	NT=single-cell;VV=v1.0.0	NT=dia-acquisition;VV=v1.1.0	NT=cell-lines;VV=v1.1.0	manual curation	sgGSTP1 knockout
KO_SC_33_S1-g9_1_1900	NT=Homo sapiens;AC=NCBITaxon:9606	NT=colon;AC=UBERON:0001155	NT=colorectal carcinoma;AC=MONDO:0024331	NT=epithelial cell;AC=CL:0000066	NT=RKO;AC=CLO:0008825	CVCL_0504	RKO	sgGSTP1 knockout	NT=single cell;AC=PRIDE:0000897	cellenONE	KO_SC_33_S1-g9_1_1900	1	65	run 65	proteomic profiling by mass spectrometry	data-independent acquisition	NT=timsTOF SCP;AC=MS:1003231	NT=label free sample;AC=MS:1002038	NT=Trypsin;AC=MS:1001251	not applicable	not applicable	not applicable	NT=collision-induced dissociation;AC=MS:1000133	not available	not available	not available	not available	not available	not available	diaPASEF	1	1	KO_SC_33_S1-g9_1_1900.d	v1.1.0	NT=ms-proteomics;VV=v1.1.0	NT=single-cell;VV=v1.0.0	NT=dia-acquisition;VV=v1.1.0	NT=cell-lines;VV=v1.1.0	manual curation	sgGSTP1 knockout
KO_SC_34_S1-g10_1_1901	NT=Homo sapiens;AC=NCBITaxon:9606	NT=colon;AC=UBERON:0001155	NT=colorectal carcinoma;AC=MONDO:0024331	NT=epithelial cell;AC=CL:0000066	NT=RKO;AC=CLO:0008825	CVCL_0504	RKO	sgGSTP1 knockout	NT=single cell;AC=PRIDE:0000897	cellenONE	KO_SC_34_S1-g10_1_1901	1	66	run 66	proteomic profiling by mass spectrometry	data-independent acquisition	NT=timsTOF SCP;AC=MS:1003231	NT=label free sample;AC=MS:1002038	NT=Trypsin;AC=MS:1001251	not applicable	not applicable	not applicable	NT=collision-induced dissociation;AC=MS:1000133	not available	not available	not available	not available	not available	not available	diaPASEF	1	1	KO_SC_34_S1-g10_1_1901.d	v1.1.0	NT=ms-proteomics;VV=v1.1.0	NT=single-cell;VV=v1.0.0	NT=dia-acquisition;VV=v1.1.0	NT=cell-lines;VV=v1.1.0	manual curation	sgGSTP1 knockout
KO_SC_35_S1-g11_1_1902	NT=Homo sapiens;AC=NCBITaxon:9606	NT=colon;AC=UBERON:0001155	NT=colorectal carcinoma;AC=MONDO:0024331	NT=epithelial cell;AC=CL:0000066	NT=RKO;AC=CLO:0008825	CVCL_0504	RKO	sgGSTP1 knockout	NT=single cell;AC=PRIDE:0000897	cellenONE	KO_SC_35_S1-g11_1_1902	1	67	run 67	proteomic profiling by mass spectrometry	data-independent acquisition	NT=timsTOF SCP;AC=MS:1003231	NT=label free sample;AC=MS:1002038	NT=Trypsin;AC=MS:1001251	not applicable	not applicable	not applicable	NT=collision-induced dissociation;AC=MS:1000133	not available	not available	not available	not available	not available	not available	diaPASEF	1	1	KO_SC_35_S1-g11_1_1902.d	v1.1.0	NT=ms-proteomics;VV=v1.1.0	NT=single-cell;VV=v1.0.0	NT=dia-acquisition;VV=v1.1.0	NT=cell-lines;VV=v1.1.0	manual curation	sgGSTP1 knockout
KO_SC_36_S1-h7_1_1910	NT=Homo sapiens;AC=NCBITaxon:9606	NT=colon;AC=UBERON:0001155	NT=colorectal carcinoma;AC=MONDO:0024331	NT=epithelial cell;AC=CL:0000066	NT=RKO;AC=CLO:0008825	CVCL_0504	RKO	sgGSTP1 knockout	NT=single cell;AC=PRIDE:0000897	cellenONE	KO_SC_36_S1-h7_1_1910	1	68	run 68	proteomic profiling by mass spectrometry	data-independent acquisition	NT=timsTOF SCP;AC=MS:1003231	NT=label free sample;AC=MS:1002038	NT=Trypsin;AC=MS:1001251	not applicable	not applicable	not applicable	NT=collision-induced dissociation;AC=MS:1000133	not available	not available	not available	not available	not available	not available	diaPASEF	1	1	KO_SC_36_S1-h7_1_1910.d	v1.1.0	NT=ms-proteomics;VV=v1.1.0	NT=single-cell;VV=v1.0.0	NT=dia-acquisition;VV=v1.1.0	NT=cell-lines;VV=v1.1.0	manual curation	sgGSTP1 knockout
KO_SC_37_S1-h8_1_1911	NT=Homo sapiens;AC=NCBITaxon:9606	NT=colon;AC=UBERON:0001155	NT=colorectal carcinoma;AC=MONDO:0024331	NT=epithelial cell;AC=CL:0000066	NT=RKO;AC=CLO:0008825	CVCL_0504	RKO	sgGSTP1 knockout	NT=single cell;AC=PRIDE:0000897	cellenONE	KO_SC_37_S1-h8_1_1911	1	69	run 69	proteomic profiling by mass spectrometry	data-independent acquisition	NT=timsTOF SCP;AC=MS:1003231	NT=label free sample;AC=MS:1002038	NT=Trypsin;AC=MS:1001251	not applicable	not applicable	not applicable	NT=collision-induced dissociation;AC=MS:1000133	not available	not available	not available	not available	not available	not available	diaPASEF	1	1	KO_SC_37_S1-h8_1_1911.d	v1.1.0	NT=ms-proteomics;VV=v1.1.0	NT=single-cell;VV=v1.0.0	NT=dia-acquisition;VV=v1.1.0	NT=cell-lines;VV=v1.1.0	manual curation	sgGSTP1 knockout
KO_SC_38_S1-h9_1_1912	NT=Homo sapiens;AC=NCBITaxon:9606	NT=colon;AC=UBERON:0001155	NT=colorectal carcinoma;AC=MONDO:0024331	NT=epithelial cell;AC=CL:0000066	NT=RKO;AC=CLO:0008825	CVCL_0504	RKO	sgGSTP1 knockout	NT=single cell;AC=PRIDE:0000897	cellenONE	KO_SC_38_S1-h9_1_1912	1	70	run 70	proteomic profiling by mass spectrometry	data-independent acquisition	NT=timsTOF SCP;AC=MS:1003231	NT=label free sample;AC=MS:1002038	NT=Trypsin;AC=MS:1001251	not applicable	not applicable	not applicable	NT=collision-induced dissociation;AC=MS:1000133	not available	not available	not available	not available	not available	not available	diaPASEF	1	1	KO_SC_38_S1-h9_1_1912.d	v1.1.0	NT=ms-proteomics;VV=v1.1.0	NT=single-cell;VV=v1.0.0	NT=dia-acquisition;VV=v1.1.0	NT=cell-lines;VV=v1.1.0	manual curation	sgGSTP1 knockout
KO_SC_39_S1-h10_1_1913	NT=Homo sapiens;AC=NCBITaxon:9606	NT=colon;AC=UBERON:0001155	NT=colorectal carcinoma;AC=MONDO:0024331	NT=epithelial cell;AC=CL:0000066	NT=RKO;AC=CLO:0008825	CVCL_0504	RKO	sgGSTP1 knockout	NT=single cell;AC=PRIDE:0000897	cellenONE	KO_SC_39_S1-h10_1_1913	1	71	run 71	proteomic profiling by mass spectrometry	data-independent acquisition	NT=timsTOF SCP;AC=MS:1003231	NT=label free sample;AC=MS:1002038	NT=Trypsin;AC=MS:1001251	not applicable	not applicable	not applicable	NT=collision-induced dissociation;AC=MS:1000133	not available	not available	not available	not available	not available	not available	diaPASEF	1	1	KO_SC_39_S1-h10_1_1913.d	v1.1.0	NT=ms-proteomics;VV=v1.1.0	NT=single-cell;VV=v1.0.0	NT=dia-acquisition;VV=v1.1.0	NT=cell-lines;VV=v1.1.0	manual curation	sgGSTP1 knockout
KO_SC_3_S1-a9_1_1826	NT=Homo sapiens;AC=NCBITaxon:9606	NT=colon;AC=UBERON:0001155	NT=colorectal carcinoma;AC=MONDO:0024331	NT=epithelial cell;AC=CL:0000066	NT=RKO;AC=CLO:0008825	CVCL_0504	RKO	sgGSTP1 knockout	NT=single cell;AC=PRIDE:0000897	cellenONE	KO_SC_3_S1-a9_1_1826	1	72	run 72	proteomic profiling by mass spectrometry	data-independent acquisition	NT=timsTOF SCP;AC=MS:1003231	NT=label free sample;AC=MS:1002038	NT=Trypsin;AC=MS:1001251	not applicable	not applicable	not applicable	NT=collision-induced dissociation;AC=MS:1000133	not available	not available	not available	not available	not available	not available	diaPASEF	1	1	KO_SC_3_S1-a9_1_1826.d	v1.1.0	NT=ms-proteomics;VV=v1.1.0	NT=single-cell;VV=v1.0.0	NT=dia-acquisition;VV=v1.1.0	NT=cell-lines;VV=v1.1.0	manual curation	sgGSTP1 knockout
KO_SC_4_S1-a10_1_1827	NT=Homo sapiens;AC=NCBITaxon:9606	NT=colon;AC=UBERON:0001155	NT=colorectal carcinoma;AC=MONDO:0024331	NT=epithelial cell;AC=CL:0000066	NT=RKO;AC=CLO:0008825	CVCL_0504	RKO	sgGSTP1 knockout	NT=single cell;AC=PRIDE:0000897	cellenONE	KO_SC_4_S1-a10_1_1827	1	73	run 73	proteomic profiling by mass spectrometry	data-independent acquisition	NT=timsTOF SCP;AC=MS:1003231	NT=label free sample;AC=MS:1002038	NT=Trypsin;AC=MS:1001251	not applicable	not applicable	not applicable	NT=collision-induced dissociation;AC=MS:1000133	not available	not available	not available	not available	not available	not available	diaPASEF	1	1	KO_SC_4_S1-a10_1_1827.d	v1.1.0	NT=ms-proteomics;VV=v1.1.0	NT=single-cell;VV=v1.0.0	NT=dia-acquisition;VV=v1.1.0	NT=cell-lines;VV=v1.1.0	manual curation	sgGSTP1 knockout
KO_SC_5_S1-a11_1_1828	NT=Homo sapiens;AC=NCBITaxon:9606	NT=colon;AC=UBERON:0001155	NT=colorectal carcinoma;AC=MONDO:0024331	NT=epithelial cell;AC=CL:0000066	NT=RKO;AC=CLO:0008825	CVCL_0504	RKO	sgGSTP1 knockout	NT=single cell;AC=PRIDE:0000897	cellenONE	KO_SC_5_S1-a11_1_1828	1	74	run 74	proteomic profiling by mass spectrometry	data-independent acquisition	NT=timsTOF SCP;AC=MS:1003231	NT=label free sample;AC=MS:1002038	NT=Trypsin;AC=MS:1001251	not applicable	not applicable	not applicable	NT=collision-induced dissociation;AC=MS:1000133	not available	not available	not available	not available	not available	not available	diaPASEF	1	1	KO_SC_5_S1-a11_1_1828.d	v1.1.0	NT=ms-proteomics;VV=v1.1.0	NT=single-cell;VV=v1.0.0	NT=dia-acquisition;VV=v1.1.0	NT=cell-lines;VV=v1.1.0	manual curation	sgGSTP1 knockout
KO_SC_6_S1-a12_1_1829	NT=Homo sapiens;AC=NCBITaxon:9606	NT=colon;AC=UBERON:0001155	NT=colorectal carcinoma;AC=MONDO:0024331	NT=epithelial cell;AC=CL:0000066	NT=RKO;AC=CLO:0008825	CVCL_0504	RKO	sgGSTP1 knockout	NT=single cell;AC=PRIDE:0000897	cellenONE	KO_SC_6_S1-a12_1_1829	1	75	run 75	proteomic profiling by mass spectrometry	data-independent acquisition	NT=timsTOF SCP;AC=MS:1003231	NT=label free sample;AC=MS:1002038	NT=Trypsin;AC=MS:1001251	not applicable	not applicable	not applicable	NT=collision-induced dissociation;AC=MS:1000133	not available	not available	not available	not available	not available	not available	diaPASEF	1	1	KO_SC_6_S1-a12_1_1829.d	v1.1.0	NT=ms-proteomics;VV=v1.1.0	NT=single-cell;VV=v1.0.0	NT=dia-acquisition;VV=v1.1.0	NT=cell-lines;VV=v1.1.0	manual curation	sgGSTP1 knockout
KO_SC_7_S1-b7_1_1836	NT=Homo sapiens;AC=NCBITaxon:9606	NT=colon;AC=UBERON:0001155	NT=colorectal carcinoma;AC=MONDO:0024331	NT=epithelial cell;AC=CL:0000066	NT=RKO;AC=CLO:0008825	CVCL_0504	RKO	sgGSTP1 knockout	NT=single cell;AC=PRIDE:0000897	cellenONE	KO_SC_7_S1-b7_1_1836	1	76	run 76	proteomic profiling by mass spectrometry	data-independent acquisition	NT=timsTOF SCP;AC=MS:1003231	NT=label free sample;AC=MS:1002038	NT=Trypsin;AC=MS:1001251	not applicable	not applicable	not applicable	NT=collision-induced dissociation;AC=MS:1000133	not available	not available	not available	not available	not available	not available	diaPASEF	1	1	KO_SC_7_S1-b7_1_1836.d	v1.1.0	NT=ms-proteomics;VV=v1.1.0	NT=single-cell;VV=v1.0.0	NT=dia-acquisition;VV=v1.1.0	NT=cell-lines;VV=v1.1.0	manual curation	sgGSTP1 knockout
KO_SC_8_S1-b8_1_1837	NT=Homo sapiens;AC=NCBITaxon:9606	NT=colon;AC=UBERON:0001155	NT=colorectal carcinoma;AC=MONDO:0024331	NT=epithelial cell;AC=CL:0000066	NT=RKO;AC=CLO:0008825	CVCL_0504	RKO	sgGSTP1 knockout	NT=single cell;AC=PRIDE:0000897	cellenONE	KO_SC_8_S1-b8_1_1837	1	77	run 77	proteomic profiling by mass spectrometry	data-independent acquisition	NT=timsTOF SCP;AC=MS:1003231	NT=label free sample;AC=MS:1002038	NT=Trypsin;AC=MS:1001251	not applicable	not applicable	not applicable	NT=collision-induced dissociation;AC=MS:1000133	not available	not available	not available	not available	not available	not available	diaPASEF	1	1	KO_SC_8_S1-b8_1_1837.d	v1.1.0	NT=ms-proteomics;VV=v1.1.0	NT=single-cell;VV=v1.0.0	NT=dia-acquisition;VV=v1.1.0	NT=cell-lines;VV=v1.1.0	manual curation	sgGSTP1 knockout
KO_SC_9_S1-b9_1_1838	NT=Homo sapiens;AC=NCBITaxon:9606	NT=colon;AC=UBERON:0001155	NT=colorectal carcinoma;AC=MONDO:0024331	NT=epithelial cell;AC=CL:0000066	NT=RKO;AC=CLO:0008825	CVCL_0504	RKO	sgGSTP1 knockout	NT=single cell;AC=PRIDE:0000897	cellenONE	KO_SC_9_S1-b9_1_1838	1	78	run 78	proteomic profiling by mass spectrometry	data-independent acquisition	NT=timsTOF SCP;AC=MS:1003231	NT=label free sample;AC=MS:1002038	NT=Trypsin;AC=MS:1001251	not applicable	not applicable	not applicable	NT=collision-induced dissociation;AC=MS:1000133	not available	not available	not available	not available	not available	not available	diaPASEF	1	1	KO_SC_9_S1-b9_1_1838.d	v1.1.0	NT=ms-proteomics;VV=v1.1.0	NT=single-cell;VV=v1.0.0	NT=dia-acquisition;VV=v1.1.0	NT=cell-lines;VV=v1.1.0	manual curation	sgGSTP1 knockout
RKO_Frozen_10DMSO_SC_10_s1-c10_1_3518	NT=Homo sapiens;AC=NCBITaxon:9606	NT=colon;AC=UBERON:0001155	NT=colorectal carcinoma;AC=MONDO:0024331	NT=epithelial cell;AC=CL:0000066	NT=RKO;AC=CLO:0008825	CVCL_0504	RKO	cryopreservation, 10% DMSO in FBS, 24 h at -80C	NT=single cell;AC=PRIDE:0000897	cellenONE	RKO_Frozen_10DMSO_SC_10_s1-c10_1_3518	1	79	run 79	proteomic profiling by mass spectrometry	data-independent acquisition	NT=timsTOF SCP;AC=MS:1003231	NT=label free sample;AC=MS:1002038	NT=Trypsin;AC=MS:1001251	not applicable	not applicable	not applicable	NT=collision-induced dissociation;AC=MS:1000133	not available	not available	not available	not available	not available	not available	diaPASEF	1	1	RKO_Frozen_10DMSO_SC_10_s1-c10_1_3518.d	v1.1.0	NT=ms-proteomics;VV=v1.1.0	NT=single-cell;VV=v1.0.0	NT=dia-acquisition;VV=v1.1.0	NT=cell-lines;VV=v1.1.0	manual curation	cryopreservation, 10% DMSO in FBS, 24 h at -80C
RKO_Frozen_10DMSO_SC_11_s1-c11_1_3519	NT=Homo sapiens;AC=NCBITaxon:9606	NT=colon;AC=UBERON:0001155	NT=colorectal carcinoma;AC=MONDO:0024331	NT=epithelial cell;AC=CL:0000066	NT=RKO;AC=CLO:0008825	CVCL_0504	RKO	cryopreservation, 10% DMSO in FBS, 24 h at -80C	NT=single cell;AC=PRIDE:0000897	cellenONE	RKO_Frozen_10DMSO_SC_11_s1-c11_1_3519	1	80	run 80	proteomic profiling by mass spectrometry	data-independent acquisition	NT=timsTOF SCP;AC=MS:1003231	NT=label free sample;AC=MS:1002038	NT=Trypsin;AC=MS:1001251	not applicable	not applicable	not applicable	NT=collision-induced dissociation;AC=MS:1000133	not available	not available	not available	not available	not available	not available	diaPASEF	1	1	RKO_Frozen_10DMSO_SC_11_s1-c11_1_3519.d	v1.1.0	NT=ms-proteomics;VV=v1.1.0	NT=single-cell;VV=v1.0.0	NT=dia-acquisition;VV=v1.1.0	NT=cell-lines;VV=v1.1.0	manual curation	cryopreservation, 10% DMSO in FBS, 24 h at -80C
RKO_Frozen_10DMSO_SC_12_s1-c12_1_3520	NT=Homo sapiens;AC=NCBITaxon:9606	NT=colon;AC=UBERON:0001155	NT=colorectal carcinoma;AC=MONDO:0024331	NT=epithelial cell;AC=CL:0000066	NT=RKO;AC=CLO:0008825	CVCL_0504	RKO	cryopreservation, 10% DMSO in FBS, 24 h at -80C	NT=single cell;AC=PRIDE:0000897	cellenONE	RKO_Frozen_10DMSO_SC_12_s1-c12_1_3520	1	81	run 81	proteomic profiling by mass spectrometry	data-independent acquisition	NT=timsTOF SCP;AC=MS:1003231	NT=label free sample;AC=MS:1002038	NT=Trypsin;AC=MS:1001251	not applicable	not applicable	not applicable	NT=collision-induced dissociation;AC=MS:1000133	not available	not available	not available	not available	not available	not available	diaPASEF	1	1	RKO_Frozen_10DMSO_SC_12_s1-c12_1_3520.d	v1.1.0	NT=ms-proteomics;VV=v1.1.0	NT=single-cell;VV=v1.0.0	NT=dia-acquisition;VV=v1.1.0	NT=cell-lines;VV=v1.1.0	manual curation	cryopreservation, 10% DMSO in FBS, 24 h at -80C
RKO_Frozen_10DMSO_SC_13_s1-d1_1_3521	NT=Homo sapiens;AC=NCBITaxon:9606	NT=colon;AC=UBERON:0001155	NT=colorectal carcinoma;AC=MONDO:0024331	NT=epithelial cell;AC=CL:0000066	NT=RKO;AC=CLO:0008825	CVCL_0504	RKO	cryopreservation, 10% DMSO in FBS, 24 h at -80C	NT=single cell;AC=PRIDE:0000897	cellenONE	RKO_Frozen_10DMSO_SC_13_s1-d1_1_3521	1	82	run 82	proteomic profiling by mass spectrometry	data-independent acquisition	NT=timsTOF SCP;AC=MS:1003231	NT=label free sample;AC=MS:1002038	NT=Trypsin;AC=MS:1001251	not applicable	not applicable	not applicable	NT=collision-induced dissociation;AC=MS:1000133	not available	not available	not available	not available	not available	not available	diaPASEF	1	1	RKO_Frozen_10DMSO_SC_13_s1-d1_1_3521.d	v1.1.0	NT=ms-proteomics;VV=v1.1.0	NT=single-cell;VV=v1.0.0	NT=dia-acquisition;VV=v1.1.0	NT=cell-lines;VV=v1.1.0	manual curation	cryopreservation, 10% DMSO in FBS, 24 h at -80C
RKO_Frozen_10DMSO_SC_14_s1-d2_1_3522	NT=Homo sapiens;AC=NCBITaxon:9606	NT=colon;AC=UBERON:0001155	NT=colorectal carcinoma;AC=MONDO:0024331	NT=epithelial cell;AC=CL:0000066	NT=RKO;AC=CLO:0008825	CVCL_0504	RKO	cryopreservation, 10% DMSO in FBS, 24 h at -80C	NT=single cell;AC=PRIDE:0000897	cellenONE	RKO_Frozen_10DMSO_SC_14_s1-d2_1_3522	1	83	run 83	proteomic profiling by mass spectrometry	data-independent acquisition	NT=timsTOF SCP;AC=MS:1003231	NT=label free sample;AC=MS:1002038	NT=Trypsin;AC=MS:1001251	not applicable	not applicable	not applicable	NT=collision-induced dissociation;AC=MS:1000133	not available	not available	not available	not available	not available	not available	diaPASEF	1	1	RKO_Frozen_10DMSO_SC_14_s1-d2_1_3522.d	v1.1.0	NT=ms-proteomics;VV=v1.1.0	NT=single-cell;VV=v1.0.0	NT=dia-acquisition;VV=v1.1.0	NT=cell-lines;VV=v1.1.0	manual curation	cryopreservation, 10% DMSO in FBS, 24 h at -80C
RKO_Frozen_10DMSO_SC_15_s1-d3_1_3523	NT=Homo sapiens;AC=NCBITaxon:9606	NT=colon;AC=UBERON:0001155	NT=colorectal carcinoma;AC=MONDO:0024331	NT=epithelial cell;AC=CL:0000066	NT=RKO;AC=CLO:0008825	CVCL_0504	RKO	cryopreservation, 10% DMSO in FBS, 24 h at -80C	NT=single cell;AC=PRIDE:0000897	cellenONE	RKO_Frozen_10DMSO_SC_15_s1-d3_1_3523	1	84	run 84	proteomic profiling by mass spectrometry	data-independent acquisition	NT=timsTOF SCP;AC=MS:1003231	NT=label free sample;AC=MS:1002038	NT=Trypsin;AC=MS:1001251	not applicable	not applicable	not applicable	NT=collision-induced dissociation;AC=MS:1000133	not available	not available	not available	not available	not available	not available	diaPASEF	1	1	RKO_Frozen_10DMSO_SC_15_s1-d3_1_3523.d	v1.1.0	NT=ms-proteomics;VV=v1.1.0	NT=single-cell;VV=v1.0.0	NT=dia-acquisition;VV=v1.1.0	NT=cell-lines;VV=v1.1.0	manual curation	cryopreservation, 10% DMSO in FBS, 24 h at -80C
RKO_Frozen_10DMSO_SC_16_s1-d4_1_3524	NT=Homo sapiens;AC=NCBITaxon:9606	NT=colon;AC=UBERON:0001155	NT=colorectal carcinoma;AC=MONDO:0024331	NT=epithelial cell;AC=CL:0000066	NT=RKO;AC=CLO:0008825	CVCL_0504	RKO	cryopreservation, 10% DMSO in FBS, 24 h at -80C	NT=single cell;AC=PRIDE:0000897	cellenONE	RKO_Frozen_10DMSO_SC_16_s1-d4_1_3524	1	85	run 85	proteomic profiling by mass spectrometry	data-independent acquisition	NT=timsTOF SCP;AC=MS:1003231	NT=label free sample;AC=MS:1002038	NT=Trypsin;AC=MS:1001251	not applicable	not applicable	not applicable	NT=collision-induced dissociation;AC=MS:1000133	not available	not available	not available	not available	not available	not available	diaPASEF	1	1	RKO_Frozen_10DMSO_SC_16_s1-d4_1_3524.d	v1.1.0	NT=ms-proteomics;VV=v1.1.0	NT=single-cell;VV=v1.0.0	NT=dia-acquisition;VV=v1.1.0	NT=cell-lines;VV=v1.1.0	manual curation	cryopreservation, 10% DMSO in FBS, 24 h at -80C
RKO_Frozen_10DMSO_SC_17_s1-d5_1_3525	NT=Homo sapiens;AC=NCBITaxon:9606	NT=colon;AC=UBERON:0001155	NT=colorectal carcinoma;AC=MONDO:0024331	NT=epithelial cell;AC=CL:0000066	NT=RKO;AC=CLO:0008825	CVCL_0504	RKO	cryopreservation, 10% DMSO in FBS, 24 h at -80C	NT=single cell;AC=PRIDE:0000897	cellenONE	RKO_Frozen_10DMSO_SC_17_s1-d5_1_3525	1	86	run 86	proteomic profiling by mass spectrometry	data-independent acquisition	NT=timsTOF SCP;AC=MS:1003231	NT=label free sample;AC=MS:1002038	NT=Trypsin;AC=MS:1001251	not applicable	not applicable	not applicable	NT=collision-induced dissociation;AC=MS:1000133	not available	not available	not available	not available	not available	not available	diaPASEF	1	1	RKO_Frozen_10DMSO_SC_17_s1-d5_1_3525.d	v1.1.0	NT=ms-proteomics;VV=v1.1.0	NT=single-cell;VV=v1.0.0	NT=dia-acquisition;VV=v1.1.0	NT=cell-lines;VV=v1.1.0	manual curation	cryopreservation, 10% DMSO in FBS, 24 h at -80C
RKO_Frozen_10DMSO_SC_18_s1-d6_1_3526	NT=Homo sapiens;AC=NCBITaxon:9606	NT=colon;AC=UBERON:0001155	NT=colorectal carcinoma;AC=MONDO:0024331	NT=epithelial cell;AC=CL:0000066	NT=RKO;AC=CLO:0008825	CVCL_0504	RKO	cryopreservation, 10% DMSO in FBS, 24 h at -80C	NT=single cell;AC=PRIDE:0000897	cellenONE	RKO_Frozen_10DMSO_SC_18_s1-d6_1_3526	1	87	run 87	proteomic profiling by mass spectrometry	data-independent acquisition	NT=timsTOF SCP;AC=MS:1003231	NT=label free sample;AC=MS:1002038	NT=Trypsin;AC=MS:1001251	not applicable	not applicable	not applicable	NT=collision-induced dissociation;AC=MS:1000133	not available	not available	not available	not available	not available	not available	diaPASEF	1	1	RKO_Frozen_10DMSO_SC_18_s1-d6_1_3526.d	v1.1.0	NT=ms-proteomics;VV=v1.1.0	NT=single-cell;VV=v1.0.0	NT=dia-acquisition;VV=v1.1.0	NT=cell-lines;VV=v1.1.0	manual curation	cryopreservation, 10% DMSO in FBS, 24 h at -80C
RKO_Frozen_10DMSO_SC_19_s1-d7_1_3527	NT=Homo sapiens;AC=NCBITaxon:9606	NT=colon;AC=UBERON:0001155	NT=colorectal carcinoma;AC=MONDO:0024331	NT=epithelial cell;AC=CL:0000066	NT=RKO;AC=CLO:0008825	CVCL_0504	RKO	cryopreservation, 10% DMSO in FBS, 24 h at -80C	NT=single cell;AC=PRIDE:0000897	cellenONE	RKO_Frozen_10DMSO_SC_19_s1-d7_1_3527	1	88	run 88	proteomic profiling by mass spectrometry	data-independent acquisition	NT=timsTOF SCP;AC=MS:1003231	NT=label free sample;AC=MS:1002038	NT=Trypsin;AC=MS:1001251	not applicable	not applicable	not applicable	NT=collision-induced dissociation;AC=MS:1000133	not available	not available	not available	not available	not available	not available	diaPASEF	1	1	RKO_Frozen_10DMSO_SC_19_s1-d7_1_3527.d	v1.1.0	NT=ms-proteomics;VV=v1.1.0	NT=single-cell;VV=v1.0.0	NT=dia-acquisition;VV=v1.1.0	NT=cell-lines;VV=v1.1.0	manual curation	cryopreservation, 10% DMSO in FBS, 24 h at -80C
RKO_Frozen_10DMSO_SC_1_s1-c1_1_3509	NT=Homo sapiens;AC=NCBITaxon:9606	NT=colon;AC=UBERON:0001155	NT=colorectal carcinoma;AC=MONDO:0024331	NT=epithelial cell;AC=CL:0000066	NT=RKO;AC=CLO:0008825	CVCL_0504	RKO	cryopreservation, 10% DMSO in FBS, 24 h at -80C	NT=single cell;AC=PRIDE:0000897	cellenONE	RKO_Frozen_10DMSO_SC_1_s1-c1_1_3509	1	89	run 89	proteomic profiling by mass spectrometry	data-independent acquisition	NT=timsTOF SCP;AC=MS:1003231	NT=label free sample;AC=MS:1002038	NT=Trypsin;AC=MS:1001251	not applicable	not applicable	not applicable	NT=collision-induced dissociation;AC=MS:1000133	not available	not available	not available	not available	not available	not available	diaPASEF	1	1	RKO_Frozen_10DMSO_SC_1_s1-c1_1_3509.d	v1.1.0	NT=ms-proteomics;VV=v1.1.0	NT=single-cell;VV=v1.0.0	NT=dia-acquisition;VV=v1.1.0	NT=cell-lines;VV=v1.1.0	manual curation	cryopreservation, 10% DMSO in FBS, 24 h at -80C
RKO_Frozen_10DMSO_SC_20_s1-d8_1_3528	NT=Homo sapiens;AC=NCBITaxon:9606	NT=colon;AC=UBERON:0001155	NT=colorectal carcinoma;AC=MONDO:0024331	NT=epithelial cell;AC=CL:0000066	NT=RKO;AC=CLO:0008825	CVCL_0504	RKO	cryopreservation, 10% DMSO in FBS, 24 h at -80C	NT=single cell;AC=PRIDE:0000897	cellenONE	RKO_Frozen_10DMSO_SC_20_s1-d8_1_3528	1	90	run 90	proteomic profiling by mass spectrometry	data-independent acquisition	NT=timsTOF SCP;AC=MS:1003231	NT=label free sample;AC=MS:1002038	NT=Trypsin;AC=MS:1001251	not applicable	not applicable	not applicable	NT=collision-induced dissociation;AC=MS:1000133	not available	not available	not available	not available	not available	not available	diaPASEF	1	1	RKO_Frozen_10DMSO_SC_20_s1-d8_1_3528.d	v1.1.0	NT=ms-proteomics;VV=v1.1.0	NT=single-cell;VV=v1.0.0	NT=dia-acquisition;VV=v1.1.0	NT=cell-lines;VV=v1.1.0	manual curation	cryopreservation, 10% DMSO in FBS, 24 h at -80C
RKO_Frozen_10DMSO_SC_21_s1-d9_1_3529	NT=Homo sapiens;AC=NCBITaxon:9606	NT=colon;AC=UBERON:0001155	NT=colorectal carcinoma;AC=MONDO:0024331	NT=epithelial cell;AC=CL:0000066	NT=RKO;AC=CLO:0008825	CVCL_0504	RKO	cryopreservation, 10% DMSO in FBS, 24 h at -80C	NT=single cell;AC=PRIDE:0000897	cellenONE	RKO_Frozen_10DMSO_SC_21_s1-d9_1_3529	1	91	run 91	proteomic profiling by mass spectrometry	data-independent acquisition	NT=timsTOF SCP;AC=MS:1003231	NT=label free sample;AC=MS:1002038	NT=Trypsin;AC=MS:1001251	not applicable	not applicable	not applicable	NT=collision-induced dissociation;AC=MS:1000133	not available	not available	not available	not available	not available	not available	diaPASEF	1	1	RKO_Frozen_10DMSO_SC_21_s1-d9_1_3529.d	v1.1.0	NT=ms-proteomics;VV=v1.1.0	NT=single-cell;VV=v1.0.0	NT=dia-acquisition;VV=v1.1.0	NT=cell-lines;VV=v1.1.0	manual curation	cryopreservation, 10% DMSO in FBS, 24 h at -80C
RKO_Frozen_10DMSO_SC_22_s1-d10_1_3530	NT=Homo sapiens;AC=NCBITaxon:9606	NT=colon;AC=UBERON:0001155	NT=colorectal carcinoma;AC=MONDO:0024331	NT=epithelial cell;AC=CL:0000066	NT=RKO;AC=CLO:0008825	CVCL_0504	RKO	cryopreservation, 10% DMSO in FBS, 24 h at -80C	NT=single cell;AC=PRIDE:0000897	cellenONE	RKO_Frozen_10DMSO_SC_22_s1-d10_1_3530	1	92	run 92	proteomic profiling by mass spectrometry	data-independent acquisition	NT=timsTOF SCP;AC=MS:1003231	NT=label free sample;AC=MS:1002038	NT=Trypsin;AC=MS:1001251	not applicable	not applicable	not applicable	NT=collision-induced dissociation;AC=MS:1000133	not available	not available	not available	not available	not available	not available	diaPASEF	1	1	RKO_Frozen_10DMSO_SC_22_s1-d10_1_3530.d	v1.1.0	NT=ms-proteomics;VV=v1.1.0	NT=single-cell;VV=v1.0.0	NT=dia-acquisition;VV=v1.1.0	NT=cell-lines;VV=v1.1.0	manual curation	cryopreservation, 10% DMSO in FBS, 24 h at -80C
RKO_Frozen_10DMSO_SC_23_s1-d11_1_3531	NT=Homo sapiens;AC=NCBITaxon:9606	NT=colon;AC=UBERON:0001155	NT=colorectal carcinoma;AC=MONDO:0024331	NT=epithelial cell;AC=CL:0000066	NT=RKO;AC=CLO:0008825	CVCL_0504	RKO	cryopreservation, 10% DMSO in FBS, 24 h at -80C	NT=single cell;AC=PRIDE:0000897	cellenONE	RKO_Frozen_10DMSO_SC_23_s1-d11_1_3531	1	93	run 93	proteomic profiling by mass spectrometry	data-independent acquisition	NT=timsTOF SCP;AC=MS:1003231	NT=label free sample;AC=MS:1002038	NT=Trypsin;AC=MS:1001251	not applicable	not applicable	not applicable	NT=collision-induced dissociation;AC=MS:1000133	not available	not available	not available	not available	not available	not available	diaPASEF	1	1	RKO_Frozen_10DMSO_SC_23_s1-d11_1_3531.d	v1.1.0	NT=ms-proteomics;VV=v1.1.0	NT=single-cell;VV=v1.0.0	NT=dia-acquisition;VV=v1.1.0	NT=cell-lines;VV=v1.1.0	manual curation	cryopreservation, 10% DMSO in FBS, 24 h at -80C
RKO_Frozen_10DMSO_SC_2_s1-c2_1_3510	NT=Homo sapiens;AC=NCBITaxon:9606	NT=colon;AC=UBERON:0001155	NT=colorectal carcinoma;AC=MONDO:0024331	NT=epithelial cell;AC=CL:0000066	NT=RKO;AC=CLO:0008825	CVCL_0504	RKO	cryopreservation, 10% DMSO in FBS, 24 h at -80C	NT=single cell;AC=PRIDE:0000897	cellenONE	RKO_Frozen_10DMSO_SC_2_s1-c2_1_3510	1	94	run 94	proteomic profiling by mass spectrometry	data-independent acquisition	NT=timsTOF SCP;AC=MS:1003231	NT=label free sample;AC=MS:1002038	NT=Trypsin;AC=MS:1001251	not applicable	not applicable	not applicable	NT=collision-induced dissociation;AC=MS:1000133	not available	not available	not available	not available	not available	not available	diaPASEF	1	1	RKO_Frozen_10DMSO_SC_2_s1-c2_1_3510.d	v1.1.0	NT=ms-proteomics;VV=v1.1.0	NT=single-cell;VV=v1.0.0	NT=dia-acquisition;VV=v1.1.0	NT=cell-lines;VV=v1.1.0	manual curation	cryopreservation, 10% DMSO in FBS, 24 h at -80C
RKO_Frozen_10DMSO_SC_3_s1-c3_1_3511	NT=Homo sapiens;AC=NCBITaxon:9606	NT=colon;AC=UBERON:0001155	NT=colorectal carcinoma;AC=MONDO:0024331	NT=epithelial cell;AC=CL:0000066	NT=RKO;AC=CLO:0008825	CVCL_0504	RKO	cryopreservation, 10% DMSO in FBS, 24 h at -80C	NT=single cell;AC=PRIDE:0000897	cellenONE	RKO_Frozen_10DMSO_SC_3_s1-c3_1_3511	1	95	run 95	proteomic profiling by mass spectrometry	data-independent acquisition	NT=timsTOF SCP;AC=MS:1003231	NT=label free sample;AC=MS:1002038	NT=Trypsin;AC=MS:1001251	not applicable	not applicable	not applicable	NT=collision-induced dissociation;AC=MS:1000133	not available	not available	not available	not available	not available	not available	diaPASEF	1	1	RKO_Frozen_10DMSO_SC_3_s1-c3_1_3511.d	v1.1.0	NT=ms-proteomics;VV=v1.1.0	NT=single-cell;VV=v1.0.0	NT=dia-acquisition;VV=v1.1.0	NT=cell-lines;VV=v1.1.0	manual curation	cryopreservation, 10% DMSO in FBS, 24 h at -80C
RKO_Frozen_10DMSO_SC_4_s1-c4_1_3512	NT=Homo sapiens;AC=NCBITaxon:9606	NT=colon;AC=UBERON:0001155	NT=colorectal carcinoma;AC=MONDO:0024331	NT=epithelial cell;AC=CL:0000066	NT=RKO;AC=CLO:0008825	CVCL_0504	RKO	cryopreservation, 10% DMSO in FBS, 24 h at -80C	NT=single cell;AC=PRIDE:0000897	cellenONE	RKO_Frozen_10DMSO_SC_4_s1-c4_1_3512	1	96	run 96	proteomic profiling by mass spectrometry	data-independent acquisition	NT=timsTOF SCP;AC=MS:1003231	NT=label free sample;AC=MS:1002038	NT=Trypsin;AC=MS:1001251	not applicable	not applicable	not applicable	NT=collision-induced dissociation;AC=MS:1000133	not available	not available	not available	not available	not available	not available	diaPASEF	1	1	RKO_Frozen_10DMSO_SC_4_s1-c4_1_3512.d	v1.1.0	NT=ms-proteomics;VV=v1.1.0	NT=single-cell;VV=v1.0.0	NT=dia-acquisition;VV=v1.1.0	NT=cell-lines;VV=v1.1.0	manual curation	cryopreservation, 10% DMSO in FBS, 24 h at -80C
RKO_Frozen_10DMSO_SC_5_s1-c5_1_3513	NT=Homo sapiens;AC=NCBITaxon:9606	NT=colon;AC=UBERON:0001155	NT=colorectal carcinoma;AC=MONDO:0024331	NT=epithelial cell;AC=CL:0000066	NT=RKO;AC=CLO:0008825	CVCL_0504	RKO	cryopreservation, 10% DMSO in FBS, 24 h at -80C	NT=single cell;AC=PRIDE:0000897	cellenONE	RKO_Frozen_10DMSO_SC_5_s1-c5_1_3513	1	97	run 97	proteomic profiling by mass spectrometry	data-independent acquisition	NT=timsTOF SCP;AC=MS:1003231	NT=label free sample;AC=MS:1002038	NT=Trypsin;AC=MS:1001251	not applicable	not applicable	not applicable	NT=collision-induced dissociation;AC=MS:1000133	not available	not available	not available	not available	not available	not available	diaPASEF	1	1	RKO_Frozen_10DMSO_SC_5_s1-c5_1_3513.d	v1.1.0	NT=ms-proteomics;VV=v1.1.0	NT=single-cell;VV=v1.0.0	NT=dia-acquisition;VV=v1.1.0	NT=cell-lines;VV=v1.1.0	manual curation	cryopreservation, 10% DMSO in FBS, 24 h at -80C
RKO_Frozen_10DMSO_SC_6_s1-c6_1_3514	NT=Homo sapiens;AC=NCBITaxon:9606	NT=colon;AC=UBERON:0001155	NT=colorectal carcinoma;AC=MONDO:0024331	NT=epithelial cell;AC=CL:0000066	NT=RKO;AC=CLO:0008825	CVCL_0504	RKO	cryopreservation, 10% DMSO in FBS, 24 h at -80C	NT=single cell;AC=PRIDE:0000897	cellenONE	RKO_Frozen_10DMSO_SC_6_s1-c6_1_3514	1	98	run 98	proteomic profiling by mass spectrometry	data-independent acquisition	NT=timsTOF SCP;AC=MS:1003231	NT=label free sample;AC=MS:1002038	NT=Trypsin;AC=MS:1001251	not applicable	not applicable	not applicable	NT=collision-induced dissociation;AC=MS:1000133	not available	not available	not available	not available	not available	not available	diaPASEF	1	1	RKO_Frozen_10DMSO_SC_6_s1-c6_1_3514.d	v1.1.0	NT=ms-proteomics;VV=v1.1.0	NT=single-cell;VV=v1.0.0	NT=dia-acquisition;VV=v1.1.0	NT=cell-lines;VV=v1.1.0	manual curation	cryopreservation, 10% DMSO in FBS, 24 h at -80C
RKO_Frozen_10DMSO_SC_7_s1-c7_1_3515	NT=Homo sapiens;AC=NCBITaxon:9606	NT=colon;AC=UBERON:0001155	NT=colorectal carcinoma;AC=MONDO:0024331	NT=epithelial cell;AC=CL:0000066	NT=RKO;AC=CLO:0008825	CVCL_0504	RKO	cryopreservation, 10% DMSO in FBS, 24 h at -80C	NT=single cell;AC=PRIDE:0000897	cellenONE	RKO_Frozen_10DMSO_SC_7_s1-c7_1_3515	1	99	run 99	proteomic profiling by mass spectrometry	data-independent acquisition	NT=timsTOF SCP;AC=MS:1003231	NT=label free sample;AC=MS:1002038	NT=Trypsin;AC=MS:1001251	not applicable	not applicable	not applicable	NT=collision-induced dissociation;AC=MS:1000133	not available	not available	not available	not available	not available	not available	diaPASEF	1	1	RKO_Frozen_10DMSO_SC_7_s1-c7_1_3515.d	v1.1.0	NT=ms-proteomics;VV=v1.1.0	NT=single-cell;VV=v1.0.0	NT=dia-acquisition;VV=v1.1.0	NT=cell-lines;VV=v1.1.0	manual curation	cryopreservation, 10% DMSO in FBS, 24 h at -80C
RKO_Frozen_10DMSO_SC_8_s1-c8_1_3516	NT=Homo sapiens;AC=NCBITaxon:9606	NT=colon;AC=UBERON:0001155	NT=colorectal carcinoma;AC=MONDO:0024331	NT=epithelial cell;AC=CL:0000066	NT=RKO;AC=CLO:0008825	CVCL_0504	RKO	cryopreservation, 10% DMSO in FBS, 24 h at -80C	NT=single cell;AC=PRIDE:0000897	cellenONE	RKO_Frozen_10DMSO_SC_8_s1-c8_1_3516	1	100	run 100	proteomic profiling by mass spectrometry	data-independent acquisition	NT=timsTOF SCP;AC=MS:1003231	NT=label free sample;AC=MS:1002038	NT=Trypsin;AC=MS:1001251	not applicable	not applicable	not applicable	NT=collision-induced dissociation;AC=MS:1000133	not available	not available	not available	not available	not available	not available	diaPASEF	1	1	RKO_Frozen_10DMSO_SC_8_s1-c8_1_3516.d	v1.1.0	NT=ms-proteomics;VV=v1.1.0	NT=single-cell;VV=v1.0.0	NT=dia-acquisition;VV=v1.1.0	NT=cell-lines;VV=v1.1.0	manual curation	cryopreservation, 10% DMSO in FBS, 24 h at -80C
RKO_Frozen_10DMSO_SC_9_s1-c9_1_3517	NT=Homo sapiens;AC=NCBITaxon:9606	NT=colon;AC=UBERON:0001155	NT=colorectal carcinoma;AC=MONDO:0024331	NT=epithelial cell;AC=CL:0000066	NT=RKO;AC=CLO:0008825	CVCL_0504	RKO	cryopreservation, 10% DMSO in FBS, 24 h at -80C	NT=single cell;AC=PRIDE:0000897	cellenONE	RKO_Frozen_10DMSO_SC_9_s1-c9_1_3517	1	101	run 101	proteomic profiling by mass spectrometry	data-independent acquisition	NT=timsTOF SCP;AC=MS:1003231	NT=label free sample;AC=MS:1002038	NT=Trypsin;AC=MS:1001251	not applicable	not applicable	not applicable	NT=collision-induced dissociation;AC=MS:1000133	not available	not available	not available	not available	not available	not available	diaPASEF	1	1	RKO_Frozen_10DMSO_SC_9_s1-c9_1_3517.d	v1.1.0	NT=ms-proteomics;VV=v1.1.0	NT=single-cell;VV=v1.0.0	NT=dia-acquisition;VV=v1.1.0	NT=cell-lines;VV=v1.1.0	manual curation	cryopreservation, 10% DMSO in FBS, 24 h at -80C
RKO_Frozen_20DMSO_SC_10_s1-e10_1_3542	NT=Homo sapiens;AC=NCBITaxon:9606	NT=colon;AC=UBERON:0001155	NT=colorectal carcinoma;AC=MONDO:0024331	NT=epithelial cell;AC=CL:0000066	NT=RKO;AC=CLO:0008825	CVCL_0504	RKO	cryopreservation, 20% DMSO in FBS, 24 h at -80C	NT=single cell;AC=PRIDE:0000897	cellenONE	RKO_Frozen_20DMSO_SC_10_s1-e10_1_3542	1	102	run 102	proteomic profiling by mass spectrometry	data-independent acquisition	NT=timsTOF SCP;AC=MS:1003231	NT=label free sample;AC=MS:1002038	NT=Trypsin;AC=MS:1001251	not applicable	not applicable	not applicable	NT=collision-induced dissociation;AC=MS:1000133	not available	not available	not available	not available	not available	not available	diaPASEF	1	1	RKO_Frozen_20DMSO_SC_10_s1-e10_1_3542.d	v1.1.0	NT=ms-proteomics;VV=v1.1.0	NT=single-cell;VV=v1.0.0	NT=dia-acquisition;VV=v1.1.0	NT=cell-lines;VV=v1.1.0	manual curation	cryopreservation, 20% DMSO in FBS, 24 h at -80C
RKO_Frozen_20DMSO_SC_11_s1-e11_1_3543	NT=Homo sapiens;AC=NCBITaxon:9606	NT=colon;AC=UBERON:0001155	NT=colorectal carcinoma;AC=MONDO:0024331	NT=epithelial cell;AC=CL:0000066	NT=RKO;AC=CLO:0008825	CVCL_0504	RKO	cryopreservation, 20% DMSO in FBS, 24 h at -80C	NT=single cell;AC=PRIDE:0000897	cellenONE	RKO_Frozen_20DMSO_SC_11_s1-e11_1_3543	1	103	run 103	proteomic profiling by mass spectrometry	data-independent acquisition	NT=timsTOF SCP;AC=MS:1003231	NT=label free sample;AC=MS:1002038	NT=Trypsin;AC=MS:1001251	not applicable	not applicable	not applicable	NT=collision-induced dissociation;AC=MS:1000133	not available	not available	not available	not available	not available	not available	diaPASEF	1	1	RKO_Frozen_20DMSO_SC_11_s1-e11_1_3543.d	v1.1.0	NT=ms-proteomics;VV=v1.1.0	NT=single-cell;VV=v1.0.0	NT=dia-acquisition;VV=v1.1.0	NT=cell-lines;VV=v1.1.0	manual curation	cryopreservation, 20% DMSO in FBS, 24 h at -80C
RKO_Frozen_20DMSO_SC_12_s1-e12_1_3544	NT=Homo sapiens;AC=NCBITaxon:9606	NT=colon;AC=UBERON:0001155	NT=colorectal carcinoma;AC=MONDO:0024331	NT=epithelial cell;AC=CL:0000066	NT=RKO;AC=CLO:0008825	CVCL_0504	RKO	cryopreservation, 20% DMSO in FBS, 24 h at -80C	NT=single cell;AC=PRIDE:0000897	cellenONE	RKO_Frozen_20DMSO_SC_12_s1-e12_1_3544	1	104	run 104	proteomic profiling by mass spectrometry	data-independent acquisition	NT=timsTOF SCP;AC=MS:1003231	NT=label free sample;AC=MS:1002038	NT=Trypsin;AC=MS:1001251	not applicable	not applicable	not applicable	NT=collision-induced dissociation;AC=MS:1000133	not available	not available	not available	not available	not available	not available	diaPASEF	1	1	RKO_Frozen_20DMSO_SC_12_s1-e12_1_3544.d	v1.1.0	NT=ms-proteomics;VV=v1.1.0	NT=single-cell;VV=v1.0.0	NT=dia-acquisition;VV=v1.1.0	NT=cell-lines;VV=v1.1.0	manual curation	cryopreservation, 20% DMSO in FBS, 24 h at -80C
RKO_Frozen_20DMSO_SC_13_s1-f1_1_3545	NT=Homo sapiens;AC=NCBITaxon:9606	NT=colon;AC=UBERON:0001155	NT=colorectal carcinoma;AC=MONDO:0024331	NT=epithelial cell;AC=CL:0000066	NT=RKO;AC=CLO:0008825	CVCL_0504	RKO	cryopreservation, 20% DMSO in FBS, 24 h at -80C	NT=single cell;AC=PRIDE:0000897	cellenONE	RKO_Frozen_20DMSO_SC_13_s1-f1_1_3545	1	105	run 105	proteomic profiling by mass spectrometry	data-independent acquisition	NT=timsTOF SCP;AC=MS:1003231	NT=label free sample;AC=MS:1002038	NT=Trypsin;AC=MS:1001251	not applicable	not applicable	not applicable	NT=collision-induced dissociation;AC=MS:1000133	not available	not available	not available	not available	not available	not available	diaPASEF	1	1	RKO_Frozen_20DMSO_SC_13_s1-f1_1_3545.d	v1.1.0	NT=ms-proteomics;VV=v1.1.0	NT=single-cell;VV=v1.0.0	NT=dia-acquisition;VV=v1.1.0	NT=cell-lines;VV=v1.1.0	manual curation	cryopreservation, 20% DMSO in FBS, 24 h at -80C
RKO_Frozen_20DMSO_SC_14_s1-f2_1_3546	NT=Homo sapiens;AC=NCBITaxon:9606	NT=colon;AC=UBERON:0001155	NT=colorectal carcinoma;AC=MONDO:0024331	NT=epithelial cell;AC=CL:0000066	NT=RKO;AC=CLO:0008825	CVCL_0504	RKO	cryopreservation, 20% DMSO in FBS, 24 h at -80C	NT=single cell;AC=PRIDE:0000897	cellenONE	RKO_Frozen_20DMSO_SC_14_s1-f2_1_3546	1	106	run 106	proteomic profiling by mass spectrometry	data-independent acquisition	NT=timsTOF SCP;AC=MS:1003231	NT=label free sample;AC=MS:1002038	NT=Trypsin;AC=MS:1001251	not applicable	not applicable	not applicable	NT=collision-induced dissociation;AC=MS:1000133	not available	not available	not available	not available	not available	not available	diaPASEF	1	1	RKO_Frozen_20DMSO_SC_14_s1-f2_1_3546.d	v1.1.0	NT=ms-proteomics;VV=v1.1.0	NT=single-cell;VV=v1.0.0	NT=dia-acquisition;VV=v1.1.0	NT=cell-lines;VV=v1.1.0	manual curation	cryopreservation, 20% DMSO in FBS, 24 h at -80C
RKO_Frozen_20DMSO_SC_15_s1-f3_1_3547	NT=Homo sapiens;AC=NCBITaxon:9606	NT=colon;AC=UBERON:0001155	NT=colorectal carcinoma;AC=MONDO:0024331	NT=epithelial cell;AC=CL:0000066	NT=RKO;AC=CLO:0008825	CVCL_0504	RKO	cryopreservation, 20% DMSO in FBS, 24 h at -80C	NT=single cell;AC=PRIDE:0000897	cellenONE	RKO_Frozen_20DMSO_SC_15_s1-f3_1_3547	1	107	run 107	proteomic profiling by mass spectrometry	data-independent acquisition	NT=timsTOF SCP;AC=MS:1003231	NT=label free sample;AC=MS:1002038	NT=Trypsin;AC=MS:1001251	not applicable	not applicable	not applicable	NT=collision-induced dissociation;AC=MS:1000133	not available	not available	not available	not available	not available	not available	diaPASEF	1	1	RKO_Frozen_20DMSO_SC_15_s1-f3_1_3547.d	v1.1.0	NT=ms-proteomics;VV=v1.1.0	NT=single-cell;VV=v1.0.0	NT=dia-acquisition;VV=v1.1.0	NT=cell-lines;VV=v1.1.0	manual curation	cryopreservation, 20% DMSO in FBS, 24 h at -80C
RKO_Frozen_20DMSO_SC_16_s1-f4_1_3548	NT=Homo sapiens;AC=NCBITaxon:9606	NT=colon;AC=UBERON:0001155	NT=colorectal carcinoma;AC=MONDO:0024331	NT=epithelial cell;AC=CL:0000066	NT=RKO;AC=CLO:0008825	CVCL_0504	RKO	cryopreservation, 20% DMSO in FBS, 24 h at -80C	NT=single cell;AC=PRIDE:0000897	cellenONE	RKO_Frozen_20DMSO_SC_16_s1-f4_1_3548	1	108	run 108	proteomic profiling by mass spectrometry	data-independent acquisition	NT=timsTOF SCP;AC=MS:1003231	NT=label free sample;AC=MS:1002038	NT=Trypsin;AC=MS:1001251	not applicable	not applicable	not applicable	NT=collision-induced dissociation;AC=MS:1000133	not available	not available	not available	not available	not available	not available	diaPASEF	1	1	RKO_Frozen_20DMSO_SC_16_s1-f4_1_3548.d	v1.1.0	NT=ms-proteomics;VV=v1.1.0	NT=single-cell;VV=v1.0.0	NT=dia-acquisition;VV=v1.1.0	NT=cell-lines;VV=v1.1.0	manual curation	cryopreservation, 20% DMSO in FBS, 24 h at -80C
RKO_Frozen_20DMSO_SC_17_s1-f5_1_3549	NT=Homo sapiens;AC=NCBITaxon:9606	NT=colon;AC=UBERON:0001155	NT=colorectal carcinoma;AC=MONDO:0024331	NT=epithelial cell;AC=CL:0000066	NT=RKO;AC=CLO:0008825	CVCL_0504	RKO	cryopreservation, 20% DMSO in FBS, 24 h at -80C	NT=single cell;AC=PRIDE:0000897	cellenONE	RKO_Frozen_20DMSO_SC_17_s1-f5_1_3549	1	109	run 109	proteomic profiling by mass spectrometry	data-independent acquisition	NT=timsTOF SCP;AC=MS:1003231	NT=label free sample;AC=MS:1002038	NT=Trypsin;AC=MS:1001251	not applicable	not applicable	not applicable	NT=collision-induced dissociation;AC=MS:1000133	not available	not available	not available	not available	not available	not available	diaPASEF	1	1	RKO_Frozen_20DMSO_SC_17_s1-f5_1_3549.d	v1.1.0	NT=ms-proteomics;VV=v1.1.0	NT=single-cell;VV=v1.0.0	NT=dia-acquisition;VV=v1.1.0	NT=cell-lines;VV=v1.1.0	manual curation	cryopreservation, 20% DMSO in FBS, 24 h at -80C
RKO_Frozen_20DMSO_SC_18_s1-f6_1_3550	NT=Homo sapiens;AC=NCBITaxon:9606	NT=colon;AC=UBERON:0001155	NT=colorectal carcinoma;AC=MONDO:0024331	NT=epithelial cell;AC=CL:0000066	NT=RKO;AC=CLO:0008825	CVCL_0504	RKO	cryopreservation, 20% DMSO in FBS, 24 h at -80C	NT=single cell;AC=PRIDE:0000897	cellenONE	RKO_Frozen_20DMSO_SC_18_s1-f6_1_3550	1	110	run 110	proteomic profiling by mass spectrometry	data-independent acquisition	NT=timsTOF SCP;AC=MS:1003231	NT=label free sample;AC=MS:1002038	NT=Trypsin;AC=MS:1001251	not applicable	not applicable	not applicable	NT=collision-induced dissociation;AC=MS:1000133	not available	not available	not available	not available	not available	not available	diaPASEF	1	1	RKO_Frozen_20DMSO_SC_18_s1-f6_1_3550.d	v1.1.0	NT=ms-proteomics;VV=v1.1.0	NT=single-cell;VV=v1.0.0	NT=dia-acquisition;VV=v1.1.0	NT=cell-lines;VV=v1.1.0	manual curation	cryopreservation, 20% DMSO in FBS, 24 h at -80C
RKO_Frozen_20DMSO_SC_19_s1-f7_1_3551	NT=Homo sapiens;AC=NCBITaxon:9606	NT=colon;AC=UBERON:0001155	NT=colorectal carcinoma;AC=MONDO:0024331	NT=epithelial cell;AC=CL:0000066	NT=RKO;AC=CLO:0008825	CVCL_0504	RKO	cryopreservation, 20% DMSO in FBS, 24 h at -80C	NT=single cell;AC=PRIDE:0000897	cellenONE	RKO_Frozen_20DMSO_SC_19_s1-f7_1_3551	1	111	run 111	proteomic profiling by mass spectrometry	data-independent acquisition	NT=timsTOF SCP;AC=MS:1003231	NT=label free sample;AC=MS:1002038	NT=Trypsin;AC=MS:1001251	not applicable	not applicable	not applicable	NT=collision-induced dissociation;AC=MS:1000133	not available	not available	not available	not available	not available	not available	diaPASEF	1	1	RKO_Frozen_20DMSO_SC_19_s1-f7_1_3551.d	v1.1.0	NT=ms-proteomics;VV=v1.1.0	NT=single-cell;VV=v1.0.0	NT=dia-acquisition;VV=v1.1.0	NT=cell-lines;VV=v1.1.0	manual curation	cryopreservation, 20% DMSO in FBS, 24 h at -80C
RKO_Frozen_20DMSO_SC_1_s1-e1_1_3533	NT=Homo sapiens;AC=NCBITaxon:9606	NT=colon;AC=UBERON:0001155	NT=colorectal carcinoma;AC=MONDO:0024331	NT=epithelial cell;AC=CL:0000066	NT=RKO;AC=CLO:0008825	CVCL_0504	RKO	cryopreservation, 20% DMSO in FBS, 24 h at -80C	NT=single cell;AC=PRIDE:0000897	cellenONE	RKO_Frozen_20DMSO_SC_1_s1-e1_1_3533	1	112	run 112	proteomic profiling by mass spectrometry	data-independent acquisition	NT=timsTOF SCP;AC=MS:1003231	NT=label free sample;AC=MS:1002038	NT=Trypsin;AC=MS:1001251	not applicable	not applicable	not applicable	NT=collision-induced dissociation;AC=MS:1000133	not available	not available	not available	not available	not available	not available	diaPASEF	1	1	RKO_Frozen_20DMSO_SC_1_s1-e1_1_3533.d	v1.1.0	NT=ms-proteomics;VV=v1.1.0	NT=single-cell;VV=v1.0.0	NT=dia-acquisition;VV=v1.1.0	NT=cell-lines;VV=v1.1.0	manual curation	cryopreservation, 20% DMSO in FBS, 24 h at -80C
RKO_Frozen_20DMSO_SC_20_s1-f8_1_3552	NT=Homo sapiens;AC=NCBITaxon:9606	NT=colon;AC=UBERON:0001155	NT=colorectal carcinoma;AC=MONDO:0024331	NT=epithelial cell;AC=CL:0000066	NT=RKO;AC=CLO:0008825	CVCL_0504	RKO	cryopreservation, 20% DMSO in FBS, 24 h at -80C	NT=single cell;AC=PRIDE:0000897	cellenONE	RKO_Frozen_20DMSO_SC_20_s1-f8_1_3552	1	113	run 113	proteomic profiling by mass spectrometry	data-independent acquisition	NT=timsTOF SCP;AC=MS:1003231	NT=label free sample;AC=MS:1002038	NT=Trypsin;AC=MS:1001251	not applicable	not applicable	not applicable	NT=collision-induced dissociation;AC=MS:1000133	not available	not available	not available	not available	not available	not available	diaPASEF	1	1	RKO_Frozen_20DMSO_SC_20_s1-f8_1_3552.d	v1.1.0	NT=ms-proteomics;VV=v1.1.0	NT=single-cell;VV=v1.0.0	NT=dia-acquisition;VV=v1.1.0	NT=cell-lines;VV=v1.1.0	manual curation	cryopreservation, 20% DMSO in FBS, 24 h at -80C
RKO_Frozen_20DMSO_SC_21_s1-f9_1_3553	NT=Homo sapiens;AC=NCBITaxon:9606	NT=colon;AC=UBERON:0001155	NT=colorectal carcinoma;AC=MONDO:0024331	NT=epithelial cell;AC=CL:0000066	NT=RKO;AC=CLO:0008825	CVCL_0504	RKO	cryopreservation, 20% DMSO in FBS, 24 h at -80C	NT=single cell;AC=PRIDE:0000897	cellenONE	RKO_Frozen_20DMSO_SC_21_s1-f9_1_3553	1	114	run 114	proteomic profiling by mass spectrometry	data-independent acquisition	NT=timsTOF SCP;AC=MS:1003231	NT=label free sample;AC=MS:1002038	NT=Trypsin;AC=MS:1001251	not applicable	not applicable	not applicable	NT=collision-induced dissociation;AC=MS:1000133	not available	not available	not available	not available	not available	not available	diaPASEF	1	1	RKO_Frozen_20DMSO_SC_21_s1-f9_1_3553.d	v1.1.0	NT=ms-proteomics;VV=v1.1.0	NT=single-cell;VV=v1.0.0	NT=dia-acquisition;VV=v1.1.0	NT=cell-lines;VV=v1.1.0	manual curation	cryopreservation, 20% DMSO in FBS, 24 h at -80C
RKO_Frozen_20DMSO_SC_22_s1-f10_1_3554	NT=Homo sapiens;AC=NCBITaxon:9606	NT=colon;AC=UBERON:0001155	NT=colorectal carcinoma;AC=MONDO:0024331	NT=epithelial cell;AC=CL:0000066	NT=RKO;AC=CLO:0008825	CVCL_0504	RKO	cryopreservation, 20% DMSO in FBS, 24 h at -80C	NT=single cell;AC=PRIDE:0000897	cellenONE	RKO_Frozen_20DMSO_SC_22_s1-f10_1_3554	1	115	run 115	proteomic profiling by mass spectrometry	data-independent acquisition	NT=timsTOF SCP;AC=MS:1003231	NT=label free sample;AC=MS:1002038	NT=Trypsin;AC=MS:1001251	not applicable	not applicable	not applicable	NT=collision-induced dissociation;AC=MS:1000133	not available	not available	not available	not available	not available	not available	diaPASEF	1	1	RKO_Frozen_20DMSO_SC_22_s1-f10_1_3554.d	v1.1.0	NT=ms-proteomics;VV=v1.1.0	NT=single-cell;VV=v1.0.0	NT=dia-acquisition;VV=v1.1.0	NT=cell-lines;VV=v1.1.0	manual curation	cryopreservation, 20% DMSO in FBS, 24 h at -80C
RKO_Frozen_20DMSO_SC_23_s1-f11_1_3555	NT=Homo sapiens;AC=NCBITaxon:9606	NT=colon;AC=UBERON:0001155	NT=colorectal carcinoma;AC=MONDO:0024331	NT=epithelial cell;AC=CL:0000066	NT=RKO;AC=CLO:0008825	CVCL_0504	RKO	cryopreservation, 20% DMSO in FBS, 24 h at -80C	NT=single cell;AC=PRIDE:0000897	cellenONE	RKO_Frozen_20DMSO_SC_23_s1-f11_1_3555	1	116	run 116	proteomic profiling by mass spectrometry	data-independent acquisition	NT=timsTOF SCP;AC=MS:1003231	NT=label free sample;AC=MS:1002038	NT=Trypsin;AC=MS:1001251	not applicable	not applicable	not applicable	NT=collision-induced dissociation;AC=MS:1000133	not available	not available	not available	not available	not available	not available	diaPASEF	1	1	RKO_Frozen_20DMSO_SC_23_s1-f11_1_3555.d	v1.1.0	NT=ms-proteomics;VV=v1.1.0	NT=single-cell;VV=v1.0.0	NT=dia-acquisition;VV=v1.1.0	NT=cell-lines;VV=v1.1.0	manual curation	cryopreservation, 20% DMSO in FBS, 24 h at -80C
RKO_Frozen_20DMSO_SC_2_s1-e2_1_3534	NT=Homo sapiens;AC=NCBITaxon:9606	NT=colon;AC=UBERON:0001155	NT=colorectal carcinoma;AC=MONDO:0024331	NT=epithelial cell;AC=CL:0000066	NT=RKO;AC=CLO:0008825	CVCL_0504	RKO	cryopreservation, 20% DMSO in FBS, 24 h at -80C	NT=single cell;AC=PRIDE:0000897	cellenONE	RKO_Frozen_20DMSO_SC_2_s1-e2_1_3534	1	117	run 117	proteomic profiling by mass spectrometry	data-independent acquisition	NT=timsTOF SCP;AC=MS:1003231	NT=label free sample;AC=MS:1002038	NT=Trypsin;AC=MS:1001251	not applicable	not applicable	not applicable	NT=collision-induced dissociation;AC=MS:1000133	not available	not available	not available	not available	not available	not available	diaPASEF	1	1	RKO_Frozen_20DMSO_SC_2_s1-e2_1_3534.d	v1.1.0	NT=ms-proteomics;VV=v1.1.0	NT=single-cell;VV=v1.0.0	NT=dia-acquisition;VV=v1.1.0	NT=cell-lines;VV=v1.1.0	manual curation	cryopreservation, 20% DMSO in FBS, 24 h at -80C
RKO_Frozen_20DMSO_SC_3_s1-e3_1_3535	NT=Homo sapiens;AC=NCBITaxon:9606	NT=colon;AC=UBERON:0001155	NT=colorectal carcinoma;AC=MONDO:0024331	NT=epithelial cell;AC=CL:0000066	NT=RKO;AC=CLO:0008825	CVCL_0504	RKO	cryopreservation, 20% DMSO in FBS, 24 h at -80C	NT=single cell;AC=PRIDE:0000897	cellenONE	RKO_Frozen_20DMSO_SC_3_s1-e3_1_3535	1	118	run 118	proteomic profiling by mass spectrometry	data-independent acquisition	NT=timsTOF SCP;AC=MS:1003231	NT=label free sample;AC=MS:1002038	NT=Trypsin;AC=MS:1001251	not applicable	not applicable	not applicable	NT=collision-induced dissociation;AC=MS:1000133	not available	not available	not available	not available	not available	not available	diaPASEF	1	1	RKO_Frozen_20DMSO_SC_3_s1-e3_1_3535.d	v1.1.0	NT=ms-proteomics;VV=v1.1.0	NT=single-cell;VV=v1.0.0	NT=dia-acquisition;VV=v1.1.0	NT=cell-lines;VV=v1.1.0	manual curation	cryopreservation, 20% DMSO in FBS, 24 h at -80C
RKO_Frozen_20DMSO_SC_4_s1-e4_1_3536	NT=Homo sapiens;AC=NCBITaxon:9606	NT=colon;AC=UBERON:0001155	NT=colorectal carcinoma;AC=MONDO:0024331	NT=epithelial cell;AC=CL:0000066	NT=RKO;AC=CLO:0008825	CVCL_0504	RKO	cryopreservation, 20% DMSO in FBS, 24 h at -80C	NT=single cell;AC=PRIDE:0000897	cellenONE	RKO_Frozen_20DMSO_SC_4_s1-e4_1_3536	1	119	run 119	proteomic profiling by mass spectrometry	data-independent acquisition	NT=timsTOF SCP;AC=MS:1003231	NT=label free sample;AC=MS:1002038	NT=Trypsin;AC=MS:1001251	not applicable	not applicable	not applicable	NT=collision-induced dissociation;AC=MS:1000133	not available	not available	not available	not available	not available	not available	diaPASEF	1	1	RKO_Frozen_20DMSO_SC_4_s1-e4_1_3536.d	v1.1.0	NT=ms-proteomics;VV=v1.1.0	NT=single-cell;VV=v1.0.0	NT=dia-acquisition;VV=v1.1.0	NT=cell-lines;VV=v1.1.0	manual curation	cryopreservation, 20% DMSO in FBS, 24 h at -80C
RKO_Frozen_20DMSO_SC_5_s1-e5_1_3537	NT=Homo sapiens;AC=NCBITaxon:9606	NT=colon;AC=UBERON:0001155	NT=colorectal carcinoma;AC=MONDO:0024331	NT=epithelial cell;AC=CL:0000066	NT=RKO;AC=CLO:0008825	CVCL_0504	RKO	cryopreservation, 20% DMSO in FBS, 24 h at -80C	NT=single cell;AC=PRIDE:0000897	cellenONE	RKO_Frozen_20DMSO_SC_5_s1-e5_1_3537	1	120	run 120	proteomic profiling by mass spectrometry	data-independent acquisition	NT=timsTOF SCP;AC=MS:1003231	NT=label free sample;AC=MS:1002038	NT=Trypsin;AC=MS:1001251	not applicable	not applicable	not applicable	NT=collision-induced dissociation;AC=MS:1000133	not available	not available	not available	not available	not available	not available	diaPASEF	1	1	RKO_Frozen_20DMSO_SC_5_s1-e5_1_3537.d	v1.1.0	NT=ms-proteomics;VV=v1.1.0	NT=single-cell;VV=v1.0.0	NT=dia-acquisition;VV=v1.1.0	NT=cell-lines;VV=v1.1.0	manual curation	cryopreservation, 20% DMSO in FBS, 24 h at -80C
RKO_Frozen_20DMSO_SC_6_s1-e6_1_3538	NT=Homo sapiens;AC=NCBITaxon:9606	NT=colon;AC=UBERON:0001155	NT=colorectal carcinoma;AC=MONDO:0024331	NT=epithelial cell;AC=CL:0000066	NT=RKO;AC=CLO:0008825	CVCL_0504	RKO	cryopreservation, 20% DMSO in FBS, 24 h at -80C	NT=single cell;AC=PRIDE:0000897	cellenONE	RKO_Frozen_20DMSO_SC_6_s1-e6_1_3538	1	121	run 121	proteomic profiling by mass spectrometry	data-independent acquisition	NT=timsTOF SCP;AC=MS:1003231	NT=label free sample;AC=MS:1002038	NT=Trypsin;AC=MS:1001251	not applicable	not applicable	not applicable	NT=collision-induced dissociation;AC=MS:1000133	not available	not available	not available	not available	not available	not available	diaPASEF	1	1	RKO_Frozen_20DMSO_SC_6_s1-e6_1_3538.d	v1.1.0	NT=ms-proteomics;VV=v1.1.0	NT=single-cell;VV=v1.0.0	NT=dia-acquisition;VV=v1.1.0	NT=cell-lines;VV=v1.1.0	manual curation	cryopreservation, 20% DMSO in FBS, 24 h at -80C
RKO_Frozen_20DMSO_SC_7_s1-e7_1_3539	NT=Homo sapiens;AC=NCBITaxon:9606	NT=colon;AC=UBERON:0001155	NT=colorectal carcinoma;AC=MONDO:0024331	NT=epithelial cell;AC=CL:0000066	NT=RKO;AC=CLO:0008825	CVCL_0504	RKO	cryopreservation, 20% DMSO in FBS, 24 h at -80C	NT=single cell;AC=PRIDE:0000897	cellenONE	RKO_Frozen_20DMSO_SC_7_s1-e7_1_3539	1	122	run 122	proteomic profiling by mass spectrometry	data-independent acquisition	NT=timsTOF SCP;AC=MS:1003231	NT=label free sample;AC=MS:1002038	NT=Trypsin;AC=MS:1001251	not applicable	not applicable	not applicable	NT=collision-induced dissociation;AC=MS:1000133	not available	not available	not available	not available	not available	not available	diaPASEF	1	1	RKO_Frozen_20DMSO_SC_7_s1-e7_1_3539.d	v1.1.0	NT=ms-proteomics;VV=v1.1.0	NT=single-cell;VV=v1.0.0	NT=dia-acquisition;VV=v1.1.0	NT=cell-lines;VV=v1.1.0	manual curation	cryopreservation, 20% DMSO in FBS, 24 h at -80C
RKO_Frozen_20DMSO_SC_8_s1-e8_1_3540	NT=Homo sapiens;AC=NCBITaxon:9606	NT=colon;AC=UBERON:0001155	NT=colorectal carcinoma;AC=MONDO:0024331	NT=epithelial cell;AC=CL:0000066	NT=RKO;AC=CLO:0008825	CVCL_0504	RKO	cryopreservation, 20% DMSO in FBS, 24 h at -80C	NT=single cell;AC=PRIDE:0000897	cellenONE	RKO_Frozen_20DMSO_SC_8_s1-e8_1_3540	1	123	run 123	proteomic profiling by mass spectrometry	data-independent acquisition	NT=timsTOF SCP;AC=MS:1003231	NT=label free sample;AC=MS:1002038	NT=Trypsin;AC=MS:1001251	not applicable	not applicable	not applicable	NT=collision-induced dissociation;AC=MS:1000133	not available	not available	not available	not available	not available	not available	diaPASEF	1	1	RKO_Frozen_20DMSO_SC_8_s1-e8_1_3540.d	v1.1.0	NT=ms-proteomics;VV=v1.1.0	NT=single-cell;VV=v1.0.0	NT=dia-acquisition;VV=v1.1.0	NT=cell-lines;VV=v1.1.0	manual curation	cryopreservation, 20% DMSO in FBS, 24 h at -80C
RKO_Frozen_20DMSO_SC_9_s1-e9_1_3541	NT=Homo sapiens;AC=NCBITaxon:9606	NT=colon;AC=UBERON:0001155	NT=colorectal carcinoma;AC=MONDO:0024331	NT=epithelial cell;AC=CL:0000066	NT=RKO;AC=CLO:0008825	CVCL_0504	RKO	cryopreservation, 20% DMSO in FBS, 24 h at -80C	NT=single cell;AC=PRIDE:0000897	cellenONE	RKO_Frozen_20DMSO_SC_9_s1-e9_1_3541	1	124	run 124	proteomic profiling by mass spectrometry	data-independent acquisition	NT=timsTOF SCP;AC=MS:1003231	NT=label free sample;AC=MS:1002038	NT=Trypsin;AC=MS:1001251	not applicable	not applicable	not applicable	NT=collision-induced dissociation;AC=MS:1000133	not available	not available	not available	not available	not available	not available	diaPASEF	1	1	RKO_Frozen_20DMSO_SC_9_s1-e9_1_3541.d	v1.1.0	NT=ms-proteomics;VV=v1.1.0	NT=single-cell;VV=v1.0.0	NT=dia-acquisition;VV=v1.1.0	NT=cell-lines;VV=v1.1.0	manual curation	cryopreservation, 20% DMSO in FBS, 24 h at -80C
RKO_fresh_SC_10_s1-a10_1_3494	NT=Homo sapiens;AC=NCBITaxon:9606	NT=colon;AC=UBERON:0001155	NT=colorectal carcinoma;AC=MONDO:0024331	NT=epithelial cell;AC=CL:0000066	NT=RKO;AC=CLO:0008825	CVCL_0504	RKO	fresh, no preservation	NT=single cell;AC=PRIDE:0000897	cellenONE	RKO_fresh_SC_10_s1-a10_1_3494	1	125	run 125	proteomic profiling by mass spectrometry	data-independent acquisition	NT=timsTOF SCP;AC=MS:1003231	NT=label free sample;AC=MS:1002038	NT=Trypsin;AC=MS:1001251	not applicable	not applicable	not applicable	NT=collision-induced dissociation;AC=MS:1000133	not available	not available	not available	not available	not available	not available	diaPASEF	1	1	RKO_fresh_SC_10_s1-a10_1_3494.d	v1.1.0	NT=ms-proteomics;VV=v1.1.0	NT=single-cell;VV=v1.0.0	NT=dia-acquisition;VV=v1.1.0	NT=cell-lines;VV=v1.1.0	manual curation	fresh, no preservation
RKO_fresh_SC_11_s1-a11_1_3495	NT=Homo sapiens;AC=NCBITaxon:9606	NT=colon;AC=UBERON:0001155	NT=colorectal carcinoma;AC=MONDO:0024331	NT=epithelial cell;AC=CL:0000066	NT=RKO;AC=CLO:0008825	CVCL_0504	RKO	fresh, no preservation	NT=single cell;AC=PRIDE:0000897	cellenONE	RKO_fresh_SC_11_s1-a11_1_3495	1	126	run 126	proteomic profiling by mass spectrometry	data-independent acquisition	NT=timsTOF SCP;AC=MS:1003231	NT=label free sample;AC=MS:1002038	NT=Trypsin;AC=MS:1001251	not applicable	not applicable	not applicable	NT=collision-induced dissociation;AC=MS:1000133	not available	not available	not available	not available	not available	not available	diaPASEF	1	1	RKO_fresh_SC_11_s1-a11_1_3495.d	v1.1.0	NT=ms-proteomics;VV=v1.1.0	NT=single-cell;VV=v1.0.0	NT=dia-acquisition;VV=v1.1.0	NT=cell-lines;VV=v1.1.0	manual curation	fresh, no preservation
RKO_fresh_SC_12_s1-a12_1_3496	NT=Homo sapiens;AC=NCBITaxon:9606	NT=colon;AC=UBERON:0001155	NT=colorectal carcinoma;AC=MONDO:0024331	NT=epithelial cell;AC=CL:0000066	NT=RKO;AC=CLO:0008825	CVCL_0504	RKO	fresh, no preservation	NT=single cell;AC=PRIDE:0000897	cellenONE	RKO_fresh_SC_12_s1-a12_1_3496	1	127	run 127	proteomic profiling by mass spectrometry	data-independent acquisition	NT=timsTOF SCP;AC=MS:1003231	NT=label free sample;AC=MS:1002038	NT=Trypsin;AC=MS:1001251	not applicable	not applicable	not applicable	NT=collision-induced dissociation;AC=MS:1000133	not available	not available	not available	not available	not available	not available	diaPASEF	1	1	RKO_fresh_SC_12_s1-a12_1_3496.d	v1.1.0	NT=ms-proteomics;VV=v1.1.0	NT=single-cell;VV=v1.0.0	NT=dia-acquisition;VV=v1.1.0	NT=cell-lines;VV=v1.1.0	manual curation	fresh, no preservation
RKO_fresh_SC_13_s1-b1_1_3497	NT=Homo sapiens;AC=NCBITaxon:9606	NT=colon;AC=UBERON:0001155	NT=colorectal carcinoma;AC=MONDO:0024331	NT=epithelial cell;AC=CL:0000066	NT=RKO;AC=CLO:0008825	CVCL_0504	RKO	fresh, no preservation	NT=single cell;AC=PRIDE:0000897	cellenONE	RKO_fresh_SC_13_s1-b1_1_3497	1	128	run 128	proteomic profiling by mass spectrometry	data-independent acquisition	NT=timsTOF SCP;AC=MS:1003231	NT=label free sample;AC=MS:1002038	NT=Trypsin;AC=MS:1001251	not applicable	not applicable	not applicable	NT=collision-induced dissociation;AC=MS:1000133	not available	not available	not available	not available	not available	not available	diaPASEF	1	1	RKO_fresh_SC_13_s1-b1_1_3497.d	v1.1.0	NT=ms-proteomics;VV=v1.1.0	NT=single-cell;VV=v1.0.0	NT=dia-acquisition;VV=v1.1.0	NT=cell-lines;VV=v1.1.0	manual curation	fresh, no preservation
RKO_fresh_SC_14_s1-b2_1_3498	NT=Homo sapiens;AC=NCBITaxon:9606	NT=colon;AC=UBERON:0001155	NT=colorectal carcinoma;AC=MONDO:0024331	NT=epithelial cell;AC=CL:0000066	NT=RKO;AC=CLO:0008825	CVCL_0504	RKO	fresh, no preservation	NT=single cell;AC=PRIDE:0000897	cellenONE	RKO_fresh_SC_14_s1-b2_1_3498	1	129	run 129	proteomic profiling by mass spectrometry	data-independent acquisition	NT=timsTOF SCP;AC=MS:1003231	NT=label free sample;AC=MS:1002038	NT=Trypsin;AC=MS:1001251	not applicable	not applicable	not applicable	NT=collision-induced dissociation;AC=MS:1000133	not available	not available	not available	not available	not available	not available	diaPASEF	1	1	RKO_fresh_SC_14_s1-b2_1_3498.d	v1.1.0	NT=ms-proteomics;VV=v1.1.0	NT=single-cell;VV=v1.0.0	NT=dia-acquisition;VV=v1.1.0	NT=cell-lines;VV=v1.1.0	manual curation	fresh, no preservation
RKO_fresh_SC_15_s1-b3_1_3499	NT=Homo sapiens;AC=NCBITaxon:9606	NT=colon;AC=UBERON:0001155	NT=colorectal carcinoma;AC=MONDO:0024331	NT=epithelial cell;AC=CL:0000066	NT=RKO;AC=CLO:0008825	CVCL_0504	RKO	fresh, no preservation	NT=single cell;AC=PRIDE:0000897	cellenONE	RKO_fresh_SC_15_s1-b3_1_3499	1	130	run 130	proteomic profiling by mass spectrometry	data-independent acquisition	NT=timsTOF SCP;AC=MS:1003231	NT=label free sample;AC=MS:1002038	NT=Trypsin;AC=MS:1001251	not applicable	not applicable	not applicable	NT=collision-induced dissociation;AC=MS:1000133	not available	not available	not available	not available	not available	not available	diaPASEF	1	1	RKO_fresh_SC_15_s1-b3_1_3499.d	v1.1.0	NT=ms-proteomics;VV=v1.1.0	NT=single-cell;VV=v1.0.0	NT=dia-acquisition;VV=v1.1.0	NT=cell-lines;VV=v1.1.0	manual curation	fresh, no preservation
RKO_fresh_SC_16_s1-b4_1_3500	NT=Homo sapiens;AC=NCBITaxon:9606	NT=colon;AC=UBERON:0001155	NT=colorectal carcinoma;AC=MONDO:0024331	NT=epithelial cell;AC=CL:0000066	NT=RKO;AC=CLO:0008825	CVCL_0504	RKO	fresh, no preservation	NT=single cell;AC=PRIDE:0000897	cellenONE	RKO_fresh_SC_16_s1-b4_1_3500	1	131	run 131	proteomic profiling by mass spectrometry	data-independent acquisition	NT=timsTOF SCP;AC=MS:1003231	NT=label free sample;AC=MS:1002038	NT=Trypsin;AC=MS:1001251	not applicable	not applicable	not applicable	NT=collision-induced dissociation;AC=MS:1000133	not available	not available	not available	not available	not available	not available	diaPASEF	1	1	RKO_fresh_SC_16_s1-b4_1_3500.d	v1.1.0	NT=ms-proteomics;VV=v1.1.0	NT=single-cell;VV=v1.0.0	NT=dia-acquisition;VV=v1.1.0	NT=cell-lines;VV=v1.1.0	manual curation	fresh, no preservation
RKO_fresh_SC_17_s1-b5_1_3501	NT=Homo sapiens;AC=NCBITaxon:9606	NT=colon;AC=UBERON:0001155	NT=colorectal carcinoma;AC=MONDO:0024331	NT=epithelial cell;AC=CL:0000066	NT=RKO;AC=CLO:0008825	CVCL_0504	RKO	fresh, no preservation	NT=single cell;AC=PRIDE:0000897	cellenONE	RKO_fresh_SC_17_s1-b5_1_3501	1	132	run 132	proteomic profiling by mass spectrometry	data-independent acquisition	NT=timsTOF SCP;AC=MS:1003231	NT=label free sample;AC=MS:1002038	NT=Trypsin;AC=MS:1001251	not applicable	not applicable	not applicable	NT=collision-induced dissociation;AC=MS:1000133	not available	not available	not available	not available	not available	not available	diaPASEF	1	1	RKO_fresh_SC_17_s1-b5_1_3501.d	v1.1.0	NT=ms-proteomics;VV=v1.1.0	NT=single-cell;VV=v1.0.0	NT=dia-acquisition;VV=v1.1.0	NT=cell-lines;VV=v1.1.0	manual curation	fresh, no preservation
RKO_fresh_SC_18_s1-b6_1_3502	NT=Homo sapiens;AC=NCBITaxon:9606	NT=colon;AC=UBERON:0001155	NT=colorectal carcinoma;AC=MONDO:0024331	NT=epithelial cell;AC=CL:0000066	NT=RKO;AC=CLO:0008825	CVCL_0504	RKO	fresh, no preservation	NT=single cell;AC=PRIDE:0000897	cellenONE	RKO_fresh_SC_18_s1-b6_1_3502	1	133	run 133	proteomic profiling by mass spectrometry	data-independent acquisition	NT=timsTOF SCP;AC=MS:1003231	NT=label free sample;AC=MS:1002038	NT=Trypsin;AC=MS:1001251	not applicable	not applicable	not applicable	NT=collision-induced dissociation;AC=MS:1000133	not available	not available	not available	not available	not available	not available	diaPASEF	1	1	RKO_fresh_SC_18_s1-b6_1_3502.d	v1.1.0	NT=ms-proteomics;VV=v1.1.0	NT=single-cell;VV=v1.0.0	NT=dia-acquisition;VV=v1.1.0	NT=cell-lines;VV=v1.1.0	manual curation	fresh, no preservation
RKO_fresh_SC_19_s1-b7_1_3503	NT=Homo sapiens;AC=NCBITaxon:9606	NT=colon;AC=UBERON:0001155	NT=colorectal carcinoma;AC=MONDO:0024331	NT=epithelial cell;AC=CL:0000066	NT=RKO;AC=CLO:0008825	CVCL_0504	RKO	fresh, no preservation	NT=single cell;AC=PRIDE:0000897	cellenONE	RKO_fresh_SC_19_s1-b7_1_3503	1	134	run 134	proteomic profiling by mass spectrometry	data-independent acquisition	NT=timsTOF SCP;AC=MS:1003231	NT=label free sample;AC=MS:1002038	NT=Trypsin;AC=MS:1001251	not applicable	not applicable	not applicable	NT=collision-induced dissociation;AC=MS:1000133	not available	not available	not available	not available	not available	not available	diaPASEF	1	1	RKO_fresh_SC_19_s1-b7_1_3503.d	v1.1.0	NT=ms-proteomics;VV=v1.1.0	NT=single-cell;VV=v1.0.0	NT=dia-acquisition;VV=v1.1.0	NT=cell-lines;VV=v1.1.0	manual curation	fresh, no preservation
RKO_fresh_SC_1_s1-a1_1_3485	NT=Homo sapiens;AC=NCBITaxon:9606	NT=colon;AC=UBERON:0001155	NT=colorectal carcinoma;AC=MONDO:0024331	NT=epithelial cell;AC=CL:0000066	NT=RKO;AC=CLO:0008825	CVCL_0504	RKO	fresh, no preservation	NT=single cell;AC=PRIDE:0000897	cellenONE	RKO_fresh_SC_1_s1-a1_1_3485	1	135	run 135	proteomic profiling by mass spectrometry	data-independent acquisition	NT=timsTOF SCP;AC=MS:1003231	NT=label free sample;AC=MS:1002038	NT=Trypsin;AC=MS:1001251	not applicable	not applicable	not applicable	NT=collision-induced dissociation;AC=MS:1000133	not available	not available	not available	not available	not available	not available	diaPASEF	1	1	RKO_fresh_SC_1_s1-a1_1_3485.d	v1.1.0	NT=ms-proteomics;VV=v1.1.0	NT=single-cell;VV=v1.0.0	NT=dia-acquisition;VV=v1.1.0	NT=cell-lines;VV=v1.1.0	manual curation	fresh, no preservation
RKO_fresh_SC_20_s1-b8_1_3504	NT=Homo sapiens;AC=NCBITaxon:9606	NT=colon;AC=UBERON:0001155	NT=colorectal carcinoma;AC=MONDO:0024331	NT=epithelial cell;AC=CL:0000066	NT=RKO;AC=CLO:0008825	CVCL_0504	RKO	fresh, no preservation	NT=single cell;AC=PRIDE:0000897	cellenONE	RKO_fresh_SC_20_s1-b8_1_3504	1	136	run 136	proteomic profiling by mass spectrometry	data-independent acquisition	NT=timsTOF SCP;AC=MS:1003231	NT=label free sample;AC=MS:1002038	NT=Trypsin;AC=MS:1001251	not applicable	not applicable	not applicable	NT=collision-induced dissociation;AC=MS:1000133	not available	not available	not available	not available	not available	not available	diaPASEF	1	1	RKO_fresh_SC_20_s1-b8_1_3504.d	v1.1.0	NT=ms-proteomics;VV=v1.1.0	NT=single-cell;VV=v1.0.0	NT=dia-acquisition;VV=v1.1.0	NT=cell-lines;VV=v1.1.0	manual curation	fresh, no preservation
RKO_fresh_SC_21_s1-b9_1_3505	NT=Homo sapiens;AC=NCBITaxon:9606	NT=colon;AC=UBERON:0001155	NT=colorectal carcinoma;AC=MONDO:0024331	NT=epithelial cell;AC=CL:0000066	NT=RKO;AC=CLO:0008825	CVCL_0504	RKO	fresh, no preservation	NT=single cell;AC=PRIDE:0000897	cellenONE	RKO_fresh_SC_21_s1-b9_1_3505	1	137	run 137	proteomic profiling by mass spectrometry	data-independent acquisition	NT=timsTOF SCP;AC=MS:1003231	NT=label free sample;AC=MS:1002038	NT=Trypsin;AC=MS:1001251	not applicable	not applicable	not applicable	NT=collision-induced dissociation;AC=MS:1000133	not available	not available	not available	not available	not available	not available	diaPASEF	1	1	RKO_fresh_SC_21_s1-b9_1_3505.d	v1.1.0	NT=ms-proteomics;VV=v1.1.0	NT=single-cell;VV=v1.0.0	NT=dia-acquisition;VV=v1.1.0	NT=cell-lines;VV=v1.1.0	manual curation	fresh, no preservation
RKO_fresh_SC_22_s1-b10_1_3506	NT=Homo sapiens;AC=NCBITaxon:9606	NT=colon;AC=UBERON:0001155	NT=colorectal carcinoma;AC=MONDO:0024331	NT=epithelial cell;AC=CL:0000066	NT=RKO;AC=CLO:0008825	CVCL_0504	RKO	fresh, no preservation	NT=single cell;AC=PRIDE:0000897	cellenONE	RKO_fresh_SC_22_s1-b10_1_3506	1	138	run 138	proteomic profiling by mass spectrometry	data-independent acquisition	NT=timsTOF SCP;AC=MS:1003231	NT=label free sample;AC=MS:1002038	NT=Trypsin;AC=MS:1001251	not applicable	not applicable	not applicable	NT=collision-induced dissociation;AC=MS:1000133	not available	not available	not available	not available	not available	not available	diaPASEF	1	1	RKO_fresh_SC_22_s1-b10_1_3506.d	v1.1.0	NT=ms-proteomics;VV=v1.1.0	NT=single-cell;VV=v1.0.0	NT=dia-acquisition;VV=v1.1.0	NT=cell-lines;VV=v1.1.0	manual curation	fresh, no preservation
RKO_fresh_SC_23_s1-b11_1_3507	NT=Homo sapiens;AC=NCBITaxon:9606	NT=colon;AC=UBERON:0001155	NT=colorectal carcinoma;AC=MONDO:0024331	NT=epithelial cell;AC=CL:0000066	NT=RKO;AC=CLO:0008825	CVCL_0504	RKO	fresh, no preservation	NT=single cell;AC=PRIDE:0000897	cellenONE	RKO_fresh_SC_23_s1-b11_1_3507	1	139	run 139	proteomic profiling by mass spectrometry	data-independent acquisition	NT=timsTOF SCP;AC=MS:1003231	NT=label free sample;AC=MS:1002038	NT=Trypsin;AC=MS:1001251	not applicable	not applicable	not applicable	NT=collision-induced dissociation;AC=MS:1000133	not available	not available	not available	not available	not available	not available	diaPASEF	1	1	RKO_fresh_SC_23_s1-b11_1_3507.d	v1.1.0	NT=ms-proteomics;VV=v1.1.0	NT=single-cell;VV=v1.0.0	NT=dia-acquisition;VV=v1.1.0	NT=cell-lines;VV=v1.1.0	manual curation	fresh, no preservation
RKO_fresh_SC_24_s1-b12_1_3508	NT=Homo sapiens;AC=NCBITaxon:9606	NT=colon;AC=UBERON:0001155	NT=colorectal carcinoma;AC=MONDO:0024331	NT=epithelial cell;AC=CL:0000066	NT=RKO;AC=CLO:0008825	CVCL_0504	RKO	fresh, no preservation	NT=single cell;AC=PRIDE:0000897	cellenONE	RKO_fresh_SC_24_s1-b12_1_3508	1	140	run 140	proteomic profiling by mass spectrometry	data-independent acquisition	NT=timsTOF SCP;AC=MS:1003231	NT=label free sample;AC=MS:1002038	NT=Trypsin;AC=MS:1001251	not applicable	not applicable	not applicable	NT=collision-induced dissociation;AC=MS:1000133	not available	not available	not available	not available	not available	not available	diaPASEF	1	1	RKO_fresh_SC_24_s1-b12_1_3508.d	v1.1.0	NT=ms-proteomics;VV=v1.1.0	NT=single-cell;VV=v1.0.0	NT=dia-acquisition;VV=v1.1.0	NT=cell-lines;VV=v1.1.0	manual curation	fresh, no preservation
RKO_fresh_SC_2_s1-a2_1_3486	NT=Homo sapiens;AC=NCBITaxon:9606	NT=colon;AC=UBERON:0001155	NT=colorectal carcinoma;AC=MONDO:0024331	NT=epithelial cell;AC=CL:0000066	NT=RKO;AC=CLO:0008825	CVCL_0504	RKO	fresh, no preservation	NT=single cell;AC=PRIDE:0000897	cellenONE	RKO_fresh_SC_2_s1-a2_1_3486	1	141	run 141	proteomic profiling by mass spectrometry	data-independent acquisition	NT=timsTOF SCP;AC=MS:1003231	NT=label free sample;AC=MS:1002038	NT=Trypsin;AC=MS:1001251	not applicable	not applicable	not applicable	NT=collision-induced dissociation;AC=MS:1000133	not available	not available	not available	not available	not available	not available	diaPASEF	1	1	RKO_fresh_SC_2_s1-a2_1_3486.d	v1.1.0	NT=ms-proteomics;VV=v1.1.0	NT=single-cell;VV=v1.0.0	NT=dia-acquisition;VV=v1.1.0	NT=cell-lines;VV=v1.1.0	manual curation	fresh, no preservation
RKO_fresh_SC_3_s1-a3_1_3487	NT=Homo sapiens;AC=NCBITaxon:9606	NT=colon;AC=UBERON:0001155	NT=colorectal carcinoma;AC=MONDO:0024331	NT=epithelial cell;AC=CL:0000066	NT=RKO;AC=CLO:0008825	CVCL_0504	RKO	fresh, no preservation	NT=single cell;AC=PRIDE:0000897	cellenONE	RKO_fresh_SC_3_s1-a3_1_3487	1	142	run 142	proteomic profiling by mass spectrometry	data-independent acquisition	NT=timsTOF SCP;AC=MS:1003231	NT=label free sample;AC=MS:1002038	NT=Trypsin;AC=MS:1001251	not applicable	not applicable	not applicable	NT=collision-induced dissociation;AC=MS:1000133	not available	not available	not available	not available	not available	not available	diaPASEF	1	1	RKO_fresh_SC_3_s1-a3_1_3487.d	v1.1.0	NT=ms-proteomics;VV=v1.1.0	NT=single-cell;VV=v1.0.0	NT=dia-acquisition;VV=v1.1.0	NT=cell-lines;VV=v1.1.0	manual curation	fresh, no preservation
RKO_fresh_SC_4_s1-a4_1_3488	NT=Homo sapiens;AC=NCBITaxon:9606	NT=colon;AC=UBERON:0001155	NT=colorectal carcinoma;AC=MONDO:0024331	NT=epithelial cell;AC=CL:0000066	NT=RKO;AC=CLO:0008825	CVCL_0504	RKO	fresh, no preservation	NT=single cell;AC=PRIDE:0000897	cellenONE	RKO_fresh_SC_4_s1-a4_1_3488	1	143	run 143	proteomic profiling by mass spectrometry	data-independent acquisition	NT=timsTOF SCP;AC=MS:1003231	NT=label free sample;AC=MS:1002038	NT=Trypsin;AC=MS:1001251	not applicable	not applicable	not applicable	NT=collision-induced dissociation;AC=MS:1000133	not available	not available	not available	not available	not available	not available	diaPASEF	1	1	RKO_fresh_SC_4_s1-a4_1_3488.d	v1.1.0	NT=ms-proteomics;VV=v1.1.0	NT=single-cell;VV=v1.0.0	NT=dia-acquisition;VV=v1.1.0	NT=cell-lines;VV=v1.1.0	manual curation	fresh, no preservation
RKO_fresh_SC_5_s1-a5_1_3489	NT=Homo sapiens;AC=NCBITaxon:9606	NT=colon;AC=UBERON:0001155	NT=colorectal carcinoma;AC=MONDO:0024331	NT=epithelial cell;AC=CL:0000066	NT=RKO;AC=CLO:0008825	CVCL_0504	RKO	fresh, no preservation	NT=single cell;AC=PRIDE:0000897	cellenONE	RKO_fresh_SC_5_s1-a5_1_3489	1	144	run 144	proteomic profiling by mass spectrometry	data-independent acquisition	NT=timsTOF SCP;AC=MS:1003231	NT=label free sample;AC=MS:1002038	NT=Trypsin;AC=MS:1001251	not applicable	not applicable	not applicable	NT=collision-induced dissociation;AC=MS:1000133	not available	not available	not available	not available	not available	not available	diaPASEF	1	1	RKO_fresh_SC_5_s1-a5_1_3489.d	v1.1.0	NT=ms-proteomics;VV=v1.1.0	NT=single-cell;VV=v1.0.0	NT=dia-acquisition;VV=v1.1.0	NT=cell-lines;VV=v1.1.0	manual curation	fresh, no preservation
RKO_fresh_SC_6_s1-a6_1_3490	NT=Homo sapiens;AC=NCBITaxon:9606	NT=colon;AC=UBERON:0001155	NT=colorectal carcinoma;AC=MONDO:0024331	NT=epithelial cell;AC=CL:0000066	NT=RKO;AC=CLO:0008825	CVCL_0504	RKO	fresh, no preservation	NT=single cell;AC=PRIDE:0000897	cellenONE	RKO_fresh_SC_6_s1-a6_1_3490	1	145	run 145	proteomic profiling by mass spectrometry	data-independent acquisition	NT=timsTOF SCP;AC=MS:1003231	NT=label free sample;AC=MS:1002038	NT=Trypsin;AC=MS:1001251	not applicable	not applicable	not applicable	NT=collision-induced dissociation;AC=MS:1000133	not available	not available	not available	not available	not available	not available	diaPASEF	1	1	RKO_fresh_SC_6_s1-a6_1_3490.d	v1.1.0	NT=ms-proteomics;VV=v1.1.0	NT=single-cell;VV=v1.0.0	NT=dia-acquisition;VV=v1.1.0	NT=cell-lines;VV=v1.1.0	manual curation	fresh, no preservation
RKO_fresh_SC_7_s1-a7_1_3491	NT=Homo sapiens;AC=NCBITaxon:9606	NT=colon;AC=UBERON:0001155	NT=colorectal carcinoma;AC=MONDO:0024331	NT=epithelial cell;AC=CL:0000066	NT=RKO;AC=CLO:0008825	CVCL_0504	RKO	fresh, no preservation	NT=single cell;AC=PRIDE:0000897	cellenONE	RKO_fresh_SC_7_s1-a7_1_3491	1	146	run 146	proteomic profiling by mass spectrometry	data-independent acquisition	NT=timsTOF SCP;AC=MS:1003231	NT=label free sample;AC=MS:1002038	NT=Trypsin;AC=MS:1001251	not applicable	not applicable	not applicable	NT=collision-induced dissociation;AC=MS:1000133	not available	not available	not available	not available	not available	not available	diaPASEF	1	1	RKO_fresh_SC_7_s1-a7_1_3491.d	v1.1.0	NT=ms-proteomics;VV=v1.1.0	NT=single-cell;VV=v1.0.0	NT=dia-acquisition;VV=v1.1.0	NT=cell-lines;VV=v1.1.0	manual curation	fresh, no preservation
RKO_fresh_SC_8_s1-a8_1_3492	NT=Homo sapiens;AC=NCBITaxon:9606	NT=colon;AC=UBERON:0001155	NT=colorectal carcinoma;AC=MONDO:0024331	NT=epithelial cell;AC=CL:0000066	NT=RKO;AC=CLO:0008825	CVCL_0504	RKO	fresh, no preservation	NT=single cell;AC=PRIDE:0000897	cellenONE	RKO_fresh_SC_8_s1-a8_1_3492	1	147	run 147	proteomic profiling by mass spectrometry	data-independent acquisition	NT=timsTOF SCP;AC=MS:1003231	NT=label free sample;AC=MS:1002038	NT=Trypsin;AC=MS:1001251	not applicable	not applicable	not applicable	NT=collision-induced dissociation;AC=MS:1000133	not available	not available	not available	not available	not available	not available	diaPASEF	1	1	RKO_fresh_SC_8_s1-a8_1_3492.d	v1.1.0	NT=ms-proteomics;VV=v1.1.0	NT=single-cell;VV=v1.0.0	NT=dia-acquisition;VV=v1.1.0	NT=cell-lines;VV=v1.1.0	manual curation	fresh, no preservation
RKO_fresh_SC_9_s1-a9_1_3493	NT=Homo sapiens;AC=NCBITaxon:9606	NT=colon;AC=UBERON:0001155	NT=colorectal carcinoma;AC=MONDO:0024331	NT=epithelial cell;AC=CL:0000066	NT=RKO;AC=CLO:0008825	CVCL_0504	RKO	fresh, no preservation	NT=single cell;AC=PRIDE:0000897	cellenONE	RKO_fresh_SC_9_s1-a9_1_3493	1	148	run 148	proteomic profiling by mass spectrometry	data-independent acquisition	NT=timsTOF SCP;AC=MS:1003231	NT=label free sample;AC=MS:1002038	NT=Trypsin;AC=MS:1001251	not applicable	not applicable	not applicable	NT=collision-induced dissociation;AC=MS:1000133	not available	not available	not available	not available	not available	not available	diaPASEF	1	1	RKO_fresh_SC_9_s1-a9_1_3493.d	v1.1.0	NT=ms-proteomics;VV=v1.1.0	NT=single-cell;VV=v1.0.0	NT=dia-acquisition;VV=v1.1.0	NT=cell-lines;VV=v1.1.0	manual curation	fresh, no preservation
Fixed_01_SC_10_s1-c10_1_2188	NT=Homo sapiens;AC=NCBITaxon:9606	NT=breast;AC=UBERON:0000310	NT=breast adenocarcinoma;AC=MONDO:0004988	NT=epithelial cell;AC=CL:0000066	NT=MDA-MB-231;AC=CLO:0007634	CVCL_0062	MDA-MB-231	0.1% paraformaldehyde fixation, 24 h	NT=single cell;AC=PRIDE:0000897	cellenONE	Fixed_01_SC_10_s1-c10_1_2188	1	149	run 149	proteomic profiling by mass spectrometry	data-independent acquisition	NT=timsTOF SCP;AC=MS:1003231	NT=label free sample;AC=MS:1002038	NT=Trypsin;AC=MS:1001251	not applicable	not applicable	not applicable	NT=collision-induced dissociation;AC=MS:1000133	not available	not available	not available	not available	not available	not available	diaPASEF	1	1	Fixed_01_SC_10_s1-c10_1_2188.d	v1.1.0	NT=ms-proteomics;VV=v1.1.0	NT=single-cell;VV=v1.0.0	NT=dia-acquisition;VV=v1.1.0	NT=cell-lines;VV=v1.1.0	manual curation	0.1% paraformaldehyde fixation, 24 h
Fixed_01_SC_11_s1-c11_1_2189	NT=Homo sapiens;AC=NCBITaxon:9606	NT=breast;AC=UBERON:0000310	NT=breast adenocarcinoma;AC=MONDO:0004988	NT=epithelial cell;AC=CL:0000066	NT=MDA-MB-231;AC=CLO:0007634	CVCL_0062	MDA-MB-231	0.1% paraformaldehyde fixation, 24 h	NT=single cell;AC=PRIDE:0000897	cellenONE	Fixed_01_SC_11_s1-c11_1_2189	1	150	run 150	proteomic profiling by mass spectrometry	data-independent acquisition	NT=timsTOF SCP;AC=MS:1003231	NT=label free sample;AC=MS:1002038	NT=Trypsin;AC=MS:1001251	not applicable	not applicable	not applicable	NT=collision-induced dissociation;AC=MS:1000133	not available	not available	not available	not available	not available	not available	diaPASEF	1	1	Fixed_01_SC_11_s1-c11_1_2189.d	v1.1.0	NT=ms-proteomics;VV=v1.1.0	NT=single-cell;VV=v1.0.0	NT=dia-acquisition;VV=v1.1.0	NT=cell-lines;VV=v1.1.0	manual curation	0.1% paraformaldehyde fixation, 24 h
Fixed_01_SC_12_s1-c12_1_2190	NT=Homo sapiens;AC=NCBITaxon:9606	NT=breast;AC=UBERON:0000310	NT=breast adenocarcinoma;AC=MONDO:0004988	NT=epithelial cell;AC=CL:0000066	NT=MDA-MB-231;AC=CLO:0007634	CVCL_0062	MDA-MB-231	0.1% paraformaldehyde fixation, 24 h	NT=single cell;AC=PRIDE:0000897	cellenONE	Fixed_01_SC_12_s1-c12_1_2190	1	151	run 151	proteomic profiling by mass spectrometry	data-independent acquisition	NT=timsTOF SCP;AC=MS:1003231	NT=label free sample;AC=MS:1002038	NT=Trypsin;AC=MS:1001251	not applicable	not applicable	not applicable	NT=collision-induced dissociation;AC=MS:1000133	not available	not available	not available	not available	not available	not available	diaPASEF	1	1	Fixed_01_SC_12_s1-c12_1_2190.d	v1.1.0	NT=ms-proteomics;VV=v1.1.0	NT=single-cell;VV=v1.0.0	NT=dia-acquisition;VV=v1.1.0	NT=cell-lines;VV=v1.1.0	manual curation	0.1% paraformaldehyde fixation, 24 h
Fixed_01_SC_13_s1-d2_1_2192	NT=Homo sapiens;AC=NCBITaxon:9606	NT=breast;AC=UBERON:0000310	NT=breast adenocarcinoma;AC=MONDO:0004988	NT=epithelial cell;AC=CL:0000066	NT=MDA-MB-231;AC=CLO:0007634	CVCL_0062	MDA-MB-231	0.1% paraformaldehyde fixation, 24 h	NT=single cell;AC=PRIDE:0000897	cellenONE	Fixed_01_SC_13_s1-d2_1_2192	1	152	run 152	proteomic profiling by mass spectrometry	data-independent acquisition	NT=timsTOF SCP;AC=MS:1003231	NT=label free sample;AC=MS:1002038	NT=Trypsin;AC=MS:1001251	not applicable	not applicable	not applicable	NT=collision-induced dissociation;AC=MS:1000133	not available	not available	not available	not available	not available	not available	diaPASEF	1	1	Fixed_01_SC_13_s1-d2_1_2192.d	v1.1.0	NT=ms-proteomics;VV=v1.1.0	NT=single-cell;VV=v1.0.0	NT=dia-acquisition;VV=v1.1.0	NT=cell-lines;VV=v1.1.0	manual curation	0.1% paraformaldehyde fixation, 24 h
Fixed_01_SC_14_s1-d3_1_2193	NT=Homo sapiens;AC=NCBITaxon:9606	NT=breast;AC=UBERON:0000310	NT=breast adenocarcinoma;AC=MONDO:0004988	NT=epithelial cell;AC=CL:0000066	NT=MDA-MB-231;AC=CLO:0007634	CVCL_0062	MDA-MB-231	0.1% paraformaldehyde fixation, 24 h	NT=single cell;AC=PRIDE:0000897	cellenONE	Fixed_01_SC_14_s1-d3_1_2193	1	153	run 153	proteomic profiling by mass spectrometry	data-independent acquisition	NT=timsTOF SCP;AC=MS:1003231	NT=label free sample;AC=MS:1002038	NT=Trypsin;AC=MS:1001251	not applicable	not applicable	not applicable	NT=collision-induced dissociation;AC=MS:1000133	not available	not available	not available	not available	not available	not available	diaPASEF	1	1	Fixed_01_SC_14_s1-d3_1_2193.d	v1.1.0	NT=ms-proteomics;VV=v1.1.0	NT=single-cell;VV=v1.0.0	NT=dia-acquisition;VV=v1.1.0	NT=cell-lines;VV=v1.1.0	manual curation	0.1% paraformaldehyde fixation, 24 h
Fixed_01_SC_15_s1-d4_1_2194	NT=Homo sapiens;AC=NCBITaxon:9606	NT=breast;AC=UBERON:0000310	NT=breast adenocarcinoma;AC=MONDO:0004988	NT=epithelial cell;AC=CL:0000066	NT=MDA-MB-231;AC=CLO:0007634	CVCL_0062	MDA-MB-231	0.1% paraformaldehyde fixation, 24 h	NT=single cell;AC=PRIDE:0000897	cellenONE	Fixed_01_SC_15_s1-d4_1_2194	1	154	run 154	proteomic profiling by mass spectrometry	data-independent acquisition	NT=timsTOF SCP;AC=MS:1003231	NT=label free sample;AC=MS:1002038	NT=Trypsin;AC=MS:1001251	not applicable	not applicable	not applicable	NT=collision-induced dissociation;AC=MS:1000133	not available	not available	not available	not available	not available	not available	diaPASEF	1	1	Fixed_01_SC_15_s1-d4_1_2194.d	v1.1.0	NT=ms-proteomics;VV=v1.1.0	NT=single-cell;VV=v1.0.0	NT=dia-acquisition;VV=v1.1.0	NT=cell-lines;VV=v1.1.0	manual curation	0.1% paraformaldehyde fixation, 24 h
Fixed_01_SC_16_s1-d5_1_2195	NT=Homo sapiens;AC=NCBITaxon:9606	NT=breast;AC=UBERON:0000310	NT=breast adenocarcinoma;AC=MONDO:0004988	NT=epithelial cell;AC=CL:0000066	NT=MDA-MB-231;AC=CLO:0007634	CVCL_0062	MDA-MB-231	0.1% paraformaldehyde fixation, 24 h	NT=single cell;AC=PRIDE:0000897	cellenONE	Fixed_01_SC_16_s1-d5_1_2195	1	155	run 155	proteomic profiling by mass spectrometry	data-independent acquisition	NT=timsTOF SCP;AC=MS:1003231	NT=label free sample;AC=MS:1002038	NT=Trypsin;AC=MS:1001251	not applicable	not applicable	not applicable	NT=collision-induced dissociation;AC=MS:1000133	not available	not available	not available	not available	not available	not available	diaPASEF	1	1	Fixed_01_SC_16_s1-d5_1_2195.d	v1.1.0	NT=ms-proteomics;VV=v1.1.0	NT=single-cell;VV=v1.0.0	NT=dia-acquisition;VV=v1.1.0	NT=cell-lines;VV=v1.1.0	manual curation	0.1% paraformaldehyde fixation, 24 h
Fixed_01_SC_17_s1-d6_1_2196	NT=Homo sapiens;AC=NCBITaxon:9606	NT=breast;AC=UBERON:0000310	NT=breast adenocarcinoma;AC=MONDO:0004988	NT=epithelial cell;AC=CL:0000066	NT=MDA-MB-231;AC=CLO:0007634	CVCL_0062	MDA-MB-231	0.1% paraformaldehyde fixation, 24 h	NT=single cell;AC=PRIDE:0000897	cellenONE	Fixed_01_SC_17_s1-d6_1_2196	1	156	run 156	proteomic profiling by mass spectrometry	data-independent acquisition	NT=timsTOF SCP;AC=MS:1003231	NT=label free sample;AC=MS:1002038	NT=Trypsin;AC=MS:1001251	not applicable	not applicable	not applicable	NT=collision-induced dissociation;AC=MS:1000133	not available	not available	not available	not available	not available	not available	diaPASEF	1	1	Fixed_01_SC_17_s1-d6_1_2196.d	v1.1.0	NT=ms-proteomics;VV=v1.1.0	NT=single-cell;VV=v1.0.0	NT=dia-acquisition;VV=v1.1.0	NT=cell-lines;VV=v1.1.0	manual curation	0.1% paraformaldehyde fixation, 24 h
Fixed_01_SC_18_s1-d7_1_2197	NT=Homo sapiens;AC=NCBITaxon:9606	NT=breast;AC=UBERON:0000310	NT=breast adenocarcinoma;AC=MONDO:0004988	NT=epithelial cell;AC=CL:0000066	NT=MDA-MB-231;AC=CLO:0007634	CVCL_0062	MDA-MB-231	0.1% paraformaldehyde fixation, 24 h	NT=single cell;AC=PRIDE:0000897	cellenONE	Fixed_01_SC_18_s1-d7_1_2197	1	157	run 157	proteomic profiling by mass spectrometry	data-independent acquisition	NT=timsTOF SCP;AC=MS:1003231	NT=label free sample;AC=MS:1002038	NT=Trypsin;AC=MS:1001251	not applicable	not applicable	not applicable	NT=collision-induced dissociation;AC=MS:1000133	not available	not available	not available	not available	not available	not available	diaPASEF	1	1	Fixed_01_SC_18_s1-d7_1_2197.d	v1.1.0	NT=ms-proteomics;VV=v1.1.0	NT=single-cell;VV=v1.0.0	NT=dia-acquisition;VV=v1.1.0	NT=cell-lines;VV=v1.1.0	manual curation	0.1% paraformaldehyde fixation, 24 h
Fixed_01_SC_19_s1-d8_1_2198	NT=Homo sapiens;AC=NCBITaxon:9606	NT=breast;AC=UBERON:0000310	NT=breast adenocarcinoma;AC=MONDO:0004988	NT=epithelial cell;AC=CL:0000066	NT=MDA-MB-231;AC=CLO:0007634	CVCL_0062	MDA-MB-231	0.1% paraformaldehyde fixation, 24 h	NT=single cell;AC=PRIDE:0000897	cellenONE	Fixed_01_SC_19_s1-d8_1_2198	1	158	run 158	proteomic profiling by mass spectrometry	data-independent acquisition	NT=timsTOF SCP;AC=MS:1003231	NT=label free sample;AC=MS:1002038	NT=Trypsin;AC=MS:1001251	not applicable	not applicable	not applicable	NT=collision-induced dissociation;AC=MS:1000133	not available	not available	not available	not available	not available	not available	diaPASEF	1	1	Fixed_01_SC_19_s1-d8_1_2198.d	v1.1.0	NT=ms-proteomics;VV=v1.1.0	NT=single-cell;VV=v1.0.0	NT=dia-acquisition;VV=v1.1.0	NT=cell-lines;VV=v1.1.0	manual curation	0.1% paraformaldehyde fixation, 24 h
Fixed_01_SC_1_s1-c1_1_2179	NT=Homo sapiens;AC=NCBITaxon:9606	NT=breast;AC=UBERON:0000310	NT=breast adenocarcinoma;AC=MONDO:0004988	NT=epithelial cell;AC=CL:0000066	NT=MDA-MB-231;AC=CLO:0007634	CVCL_0062	MDA-MB-231	0.1% paraformaldehyde fixation, 24 h	NT=single cell;AC=PRIDE:0000897	cellenONE	Fixed_01_SC_1_s1-c1_1_2179	1	159	run 159	proteomic profiling by mass spectrometry	data-independent acquisition	NT=timsTOF SCP;AC=MS:1003231	NT=label free sample;AC=MS:1002038	NT=Trypsin;AC=MS:1001251	not applicable	not applicable	not applicable	NT=collision-induced dissociation;AC=MS:1000133	not available	not available	not available	not available	not available	not available	diaPASEF	1	1	Fixed_01_SC_1_s1-c1_1_2179.d	v1.1.0	NT=ms-proteomics;VV=v1.1.0	NT=single-cell;VV=v1.0.0	NT=dia-acquisition;VV=v1.1.0	NT=cell-lines;VV=v1.1.0	manual curation	0.1% paraformaldehyde fixation, 24 h
Fixed_01_SC_2_s1-c2_1_2180	NT=Homo sapiens;AC=NCBITaxon:9606	NT=breast;AC=UBERON:0000310	NT=breast adenocarcinoma;AC=MONDO:0004988	NT=epithelial cell;AC=CL:0000066	NT=MDA-MB-231;AC=CLO:0007634	CVCL_0062	MDA-MB-231	0.1% paraformaldehyde fixation, 24 h	NT=single cell;AC=PRIDE:0000897	cellenONE	Fixed_01_SC_2_s1-c2_1_2180	1	160	run 160	proteomic profiling by mass spectrometry	data-independent acquisition	NT=timsTOF SCP;AC=MS:1003231	NT=label free sample;AC=MS:1002038	NT=Trypsin;AC=MS:1001251	not applicable	not applicable	not applicable	NT=collision-induced dissociation;AC=MS:1000133	not available	not available	not available	not available	not available	not available	diaPASEF	1	1	Fixed_01_SC_2_s1-c2_1_2180.d	v1.1.0	NT=ms-proteomics;VV=v1.1.0	NT=single-cell;VV=v1.0.0	NT=dia-acquisition;VV=v1.1.0	NT=cell-lines;VV=v1.1.0	manual curation	0.1% paraformaldehyde fixation, 24 h
Fixed_01_SC_3_s1-c3_1_2181	NT=Homo sapiens;AC=NCBITaxon:9606	NT=breast;AC=UBERON:0000310	NT=breast adenocarcinoma;AC=MONDO:0004988	NT=epithelial cell;AC=CL:0000066	NT=MDA-MB-231;AC=CLO:0007634	CVCL_0062	MDA-MB-231	0.1% paraformaldehyde fixation, 24 h	NT=single cell;AC=PRIDE:0000897	cellenONE	Fixed_01_SC_3_s1-c3_1_2181	1	161	run 161	proteomic profiling by mass spectrometry	data-independent acquisition	NT=timsTOF SCP;AC=MS:1003231	NT=label free sample;AC=MS:1002038	NT=Trypsin;AC=MS:1001251	not applicable	not applicable	not applicable	NT=collision-induced dissociation;AC=MS:1000133	not available	not available	not available	not available	not available	not available	diaPASEF	1	1	Fixed_01_SC_3_s1-c3_1_2181.d	v1.1.0	NT=ms-proteomics;VV=v1.1.0	NT=single-cell;VV=v1.0.0	NT=dia-acquisition;VV=v1.1.0	NT=cell-lines;VV=v1.1.0	manual curation	0.1% paraformaldehyde fixation, 24 h
Fixed_01_SC_4_s1-c4_1_2182	NT=Homo sapiens;AC=NCBITaxon:9606	NT=breast;AC=UBERON:0000310	NT=breast adenocarcinoma;AC=MONDO:0004988	NT=epithelial cell;AC=CL:0000066	NT=MDA-MB-231;AC=CLO:0007634	CVCL_0062	MDA-MB-231	0.1% paraformaldehyde fixation, 24 h	NT=single cell;AC=PRIDE:0000897	cellenONE	Fixed_01_SC_4_s1-c4_1_2182	1	162	run 162	proteomic profiling by mass spectrometry	data-independent acquisition	NT=timsTOF SCP;AC=MS:1003231	NT=label free sample;AC=MS:1002038	NT=Trypsin;AC=MS:1001251	not applicable	not applicable	not applicable	NT=collision-induced dissociation;AC=MS:1000133	not available	not available	not available	not available	not available	not available	diaPASEF	1	1	Fixed_01_SC_4_s1-c4_1_2182.d	v1.1.0	NT=ms-proteomics;VV=v1.1.0	NT=single-cell;VV=v1.0.0	NT=dia-acquisition;VV=v1.1.0	NT=cell-lines;VV=v1.1.0	manual curation	0.1% paraformaldehyde fixation, 24 h
Fixed_01_SC_5_s1-c5_1_2183	NT=Homo sapiens;AC=NCBITaxon:9606	NT=breast;AC=UBERON:0000310	NT=breast adenocarcinoma;AC=MONDO:0004988	NT=epithelial cell;AC=CL:0000066	NT=MDA-MB-231;AC=CLO:0007634	CVCL_0062	MDA-MB-231	0.1% paraformaldehyde fixation, 24 h	NT=single cell;AC=PRIDE:0000897	cellenONE	Fixed_01_SC_5_s1-c5_1_2183	1	163	run 163	proteomic profiling by mass spectrometry	data-independent acquisition	NT=timsTOF SCP;AC=MS:1003231	NT=label free sample;AC=MS:1002038	NT=Trypsin;AC=MS:1001251	not applicable	not applicable	not applicable	NT=collision-induced dissociation;AC=MS:1000133	not available	not available	not available	not available	not available	not available	diaPASEF	1	1	Fixed_01_SC_5_s1-c5_1_2183.d	v1.1.0	NT=ms-proteomics;VV=v1.1.0	NT=single-cell;VV=v1.0.0	NT=dia-acquisition;VV=v1.1.0	NT=cell-lines;VV=v1.1.0	manual curation	0.1% paraformaldehyde fixation, 24 h
Fixed_01_SC_6_s1-c6_1_2184	NT=Homo sapiens;AC=NCBITaxon:9606	NT=breast;AC=UBERON:0000310	NT=breast adenocarcinoma;AC=MONDO:0004988	NT=epithelial cell;AC=CL:0000066	NT=MDA-MB-231;AC=CLO:0007634	CVCL_0062	MDA-MB-231	0.1% paraformaldehyde fixation, 24 h	NT=single cell;AC=PRIDE:0000897	cellenONE	Fixed_01_SC_6_s1-c6_1_2184	1	164	run 164	proteomic profiling by mass spectrometry	data-independent acquisition	NT=timsTOF SCP;AC=MS:1003231	NT=label free sample;AC=MS:1002038	NT=Trypsin;AC=MS:1001251	not applicable	not applicable	not applicable	NT=collision-induced dissociation;AC=MS:1000133	not available	not available	not available	not available	not available	not available	diaPASEF	1	1	Fixed_01_SC_6_s1-c6_1_2184.d	v1.1.0	NT=ms-proteomics;VV=v1.1.0	NT=single-cell;VV=v1.0.0	NT=dia-acquisition;VV=v1.1.0	NT=cell-lines;VV=v1.1.0	manual curation	0.1% paraformaldehyde fixation, 24 h
Fixed_01_SC_7_s1-c7_1_2185	NT=Homo sapiens;AC=NCBITaxon:9606	NT=breast;AC=UBERON:0000310	NT=breast adenocarcinoma;AC=MONDO:0004988	NT=epithelial cell;AC=CL:0000066	NT=MDA-MB-231;AC=CLO:0007634	CVCL_0062	MDA-MB-231	0.1% paraformaldehyde fixation, 24 h	NT=single cell;AC=PRIDE:0000897	cellenONE	Fixed_01_SC_7_s1-c7_1_2185	1	165	run 165	proteomic profiling by mass spectrometry	data-independent acquisition	NT=timsTOF SCP;AC=MS:1003231	NT=label free sample;AC=MS:1002038	NT=Trypsin;AC=MS:1001251	not applicable	not applicable	not applicable	NT=collision-induced dissociation;AC=MS:1000133	not available	not available	not available	not available	not available	not available	diaPASEF	1	1	Fixed_01_SC_7_s1-c7_1_2185.d	v1.1.0	NT=ms-proteomics;VV=v1.1.0	NT=single-cell;VV=v1.0.0	NT=dia-acquisition;VV=v1.1.0	NT=cell-lines;VV=v1.1.0	manual curation	0.1% paraformaldehyde fixation, 24 h
Fixed_01_SC_8_s1-c8_1_2186	NT=Homo sapiens;AC=NCBITaxon:9606	NT=breast;AC=UBERON:0000310	NT=breast adenocarcinoma;AC=MONDO:0004988	NT=epithelial cell;AC=CL:0000066	NT=MDA-MB-231;AC=CLO:0007634	CVCL_0062	MDA-MB-231	0.1% paraformaldehyde fixation, 24 h	NT=single cell;AC=PRIDE:0000897	cellenONE	Fixed_01_SC_8_s1-c8_1_2186	1	166	run 166	proteomic profiling by mass spectrometry	data-independent acquisition	NT=timsTOF SCP;AC=MS:1003231	NT=label free sample;AC=MS:1002038	NT=Trypsin;AC=MS:1001251	not applicable	not applicable	not applicable	NT=collision-induced dissociation;AC=MS:1000133	not available	not available	not available	not available	not available	not available	diaPASEF	1	1	Fixed_01_SC_8_s1-c8_1_2186.d	v1.1.0	NT=ms-proteomics;VV=v1.1.0	NT=single-cell;VV=v1.0.0	NT=dia-acquisition;VV=v1.1.0	NT=cell-lines;VV=v1.1.0	manual curation	0.1% paraformaldehyde fixation, 24 h
Fixed_01_SC_9_s1-c9_1_2187	NT=Homo sapiens;AC=NCBITaxon:9606	NT=breast;AC=UBERON:0000310	NT=breast adenocarcinoma;AC=MONDO:0004988	NT=epithelial cell;AC=CL:0000066	NT=MDA-MB-231;AC=CLO:0007634	CVCL_0062	MDA-MB-231	0.1% paraformaldehyde fixation, 24 h	NT=single cell;AC=PRIDE:0000897	cellenONE	Fixed_01_SC_9_s1-c9_1_2187	1	167	run 167	proteomic profiling by mass spectrometry	data-independent acquisition	NT=timsTOF SCP;AC=MS:1003231	NT=label free sample;AC=MS:1002038	NT=Trypsin;AC=MS:1001251	not applicable	not applicable	not applicable	NT=collision-induced dissociation;AC=MS:1000133	not available	not available	not available	not available	not available	not available	diaPASEF	1	1	Fixed_01_SC_9_s1-c9_1_2187.d	v1.1.0	NT=ms-proteomics;VV=v1.1.0	NT=single-cell;VV=v1.0.0	NT=dia-acquisition;VV=v1.1.0	NT=cell-lines;VV=v1.1.0	manual curation	0.1% paraformaldehyde fixation, 24 h
Fixed_03_SC_10_s1-e10_1_2212	NT=Homo sapiens;AC=NCBITaxon:9606	NT=breast;AC=UBERON:0000310	NT=breast adenocarcinoma;AC=MONDO:0004988	NT=epithelial cell;AC=CL:0000066	NT=MDA-MB-231;AC=CLO:0007634	CVCL_0062	MDA-MB-231	0.3% paraformaldehyde fixation, 24 h	NT=single cell;AC=PRIDE:0000897	cellenONE	Fixed_03_SC_10_s1-e10_1_2212	1	168	run 168	proteomic profiling by mass spectrometry	data-independent acquisition	NT=timsTOF SCP;AC=MS:1003231	NT=label free sample;AC=MS:1002038	NT=Trypsin;AC=MS:1001251	not applicable	not applicable	not applicable	NT=collision-induced dissociation;AC=MS:1000133	not available	not available	not available	not available	not available	not available	diaPASEF	1	1	Fixed_03_SC_10_s1-e10_1_2212.d	v1.1.0	NT=ms-proteomics;VV=v1.1.0	NT=single-cell;VV=v1.0.0	NT=dia-acquisition;VV=v1.1.0	NT=cell-lines;VV=v1.1.0	manual curation	0.3% paraformaldehyde fixation, 24 h
Fixed_03_SC_11_s1-e11_1_2213	NT=Homo sapiens;AC=NCBITaxon:9606	NT=breast;AC=UBERON:0000310	NT=breast adenocarcinoma;AC=MONDO:0004988	NT=epithelial cell;AC=CL:0000066	NT=MDA-MB-231;AC=CLO:0007634	CVCL_0062	MDA-MB-231	0.3% paraformaldehyde fixation, 24 h	NT=single cell;AC=PRIDE:0000897	cellenONE	Fixed_03_SC_11_s1-e11_1_2213	1	169	run 169	proteomic profiling by mass spectrometry	data-independent acquisition	NT=timsTOF SCP;AC=MS:1003231	NT=label free sample;AC=MS:1002038	NT=Trypsin;AC=MS:1001251	not applicable	not applicable	not applicable	NT=collision-induced dissociation;AC=MS:1000133	not available	not available	not available	not available	not available	not available	diaPASEF	1	1	Fixed_03_SC_11_s1-e11_1_2213.d	v1.1.0	NT=ms-proteomics;VV=v1.1.0	NT=single-cell;VV=v1.0.0	NT=dia-acquisition;VV=v1.1.0	NT=cell-lines;VV=v1.1.0	manual curation	0.3% paraformaldehyde fixation, 24 h
Fixed_03_SC_12_s1-e12_1_2214	NT=Homo sapiens;AC=NCBITaxon:9606	NT=breast;AC=UBERON:0000310	NT=breast adenocarcinoma;AC=MONDO:0004988	NT=epithelial cell;AC=CL:0000066	NT=MDA-MB-231;AC=CLO:0007634	CVCL_0062	MDA-MB-231	0.3% paraformaldehyde fixation, 24 h	NT=single cell;AC=PRIDE:0000897	cellenONE	Fixed_03_SC_12_s1-e12_1_2214	1	170	run 170	proteomic profiling by mass spectrometry	data-independent acquisition	NT=timsTOF SCP;AC=MS:1003231	NT=label free sample;AC=MS:1002038	NT=Trypsin;AC=MS:1001251	not applicable	not applicable	not applicable	NT=collision-induced dissociation;AC=MS:1000133	not available	not available	not available	not available	not available	not available	diaPASEF	1	1	Fixed_03_SC_12_s1-e12_1_2214.d	v1.1.0	NT=ms-proteomics;VV=v1.1.0	NT=single-cell;VV=v1.0.0	NT=dia-acquisition;VV=v1.1.0	NT=cell-lines;VV=v1.1.0	manual curation	0.3% paraformaldehyde fixation, 24 h
Fixed_03_SC_13_s1-f2_1_2216	NT=Homo sapiens;AC=NCBITaxon:9606	NT=breast;AC=UBERON:0000310	NT=breast adenocarcinoma;AC=MONDO:0004988	NT=epithelial cell;AC=CL:0000066	NT=MDA-MB-231;AC=CLO:0007634	CVCL_0062	MDA-MB-231	0.3% paraformaldehyde fixation, 24 h	NT=single cell;AC=PRIDE:0000897	cellenONE	Fixed_03_SC_13_s1-f2_1_2216	1	171	run 171	proteomic profiling by mass spectrometry	data-independent acquisition	NT=timsTOF SCP;AC=MS:1003231	NT=label free sample;AC=MS:1002038	NT=Trypsin;AC=MS:1001251	not applicable	not applicable	not applicable	NT=collision-induced dissociation;AC=MS:1000133	not available	not available	not available	not available	not available	not available	diaPASEF	1	1	Fixed_03_SC_13_s1-f2_1_2216.d	v1.1.0	NT=ms-proteomics;VV=v1.1.0	NT=single-cell;VV=v1.0.0	NT=dia-acquisition;VV=v1.1.0	NT=cell-lines;VV=v1.1.0	manual curation	0.3% paraformaldehyde fixation, 24 h
Fixed_03_SC_14_s1-f3_1_2217	NT=Homo sapiens;AC=NCBITaxon:9606	NT=breast;AC=UBERON:0000310	NT=breast adenocarcinoma;AC=MONDO:0004988	NT=epithelial cell;AC=CL:0000066	NT=MDA-MB-231;AC=CLO:0007634	CVCL_0062	MDA-MB-231	0.3% paraformaldehyde fixation, 24 h	NT=single cell;AC=PRIDE:0000897	cellenONE	Fixed_03_SC_14_s1-f3_1_2217	1	172	run 172	proteomic profiling by mass spectrometry	data-independent acquisition	NT=timsTOF SCP;AC=MS:1003231	NT=label free sample;AC=MS:1002038	NT=Trypsin;AC=MS:1001251	not applicable	not applicable	not applicable	NT=collision-induced dissociation;AC=MS:1000133	not available	not available	not available	not available	not available	not available	diaPASEF	1	1	Fixed_03_SC_14_s1-f3_1_2217.d	v1.1.0	NT=ms-proteomics;VV=v1.1.0	NT=single-cell;VV=v1.0.0	NT=dia-acquisition;VV=v1.1.0	NT=cell-lines;VV=v1.1.0	manual curation	0.3% paraformaldehyde fixation, 24 h
Fixed_03_SC_15_s1-f4_1_2218	NT=Homo sapiens;AC=NCBITaxon:9606	NT=breast;AC=UBERON:0000310	NT=breast adenocarcinoma;AC=MONDO:0004988	NT=epithelial cell;AC=CL:0000066	NT=MDA-MB-231;AC=CLO:0007634	CVCL_0062	MDA-MB-231	0.3% paraformaldehyde fixation, 24 h	NT=single cell;AC=PRIDE:0000897	cellenONE	Fixed_03_SC_15_s1-f4_1_2218	1	173	run 173	proteomic profiling by mass spectrometry	data-independent acquisition	NT=timsTOF SCP;AC=MS:1003231	NT=label free sample;AC=MS:1002038	NT=Trypsin;AC=MS:1001251	not applicable	not applicable	not applicable	NT=collision-induced dissociation;AC=MS:1000133	not available	not available	not available	not available	not available	not available	diaPASEF	1	1	Fixed_03_SC_15_s1-f4_1_2218.d	v1.1.0	NT=ms-proteomics;VV=v1.1.0	NT=single-cell;VV=v1.0.0	NT=dia-acquisition;VV=v1.1.0	NT=cell-lines;VV=v1.1.0	manual curation	0.3% paraformaldehyde fixation, 24 h
Fixed_03_SC_16_s1-f5_1_2219	NT=Homo sapiens;AC=NCBITaxon:9606	NT=breast;AC=UBERON:0000310	NT=breast adenocarcinoma;AC=MONDO:0004988	NT=epithelial cell;AC=CL:0000066	NT=MDA-MB-231;AC=CLO:0007634	CVCL_0062	MDA-MB-231	0.3% paraformaldehyde fixation, 24 h	NT=single cell;AC=PRIDE:0000897	cellenONE	Fixed_03_SC_16_s1-f5_1_2219	1	174	run 174	proteomic profiling by mass spectrometry	data-independent acquisition	NT=timsTOF SCP;AC=MS:1003231	NT=label free sample;AC=MS:1002038	NT=Trypsin;AC=MS:1001251	not applicable	not applicable	not applicable	NT=collision-induced dissociation;AC=MS:1000133	not available	not available	not available	not available	not available	not available	diaPASEF	1	1	Fixed_03_SC_16_s1-f5_1_2219.d	v1.1.0	NT=ms-proteomics;VV=v1.1.0	NT=single-cell;VV=v1.0.0	NT=dia-acquisition;VV=v1.1.0	NT=cell-lines;VV=v1.1.0	manual curation	0.3% paraformaldehyde fixation, 24 h
Fixed_03_SC_17_s1-f6_1_2220	NT=Homo sapiens;AC=NCBITaxon:9606	NT=breast;AC=UBERON:0000310	NT=breast adenocarcinoma;AC=MONDO:0004988	NT=epithelial cell;AC=CL:0000066	NT=MDA-MB-231;AC=CLO:0007634	CVCL_0062	MDA-MB-231	0.3% paraformaldehyde fixation, 24 h	NT=single cell;AC=PRIDE:0000897	cellenONE	Fixed_03_SC_17_s1-f6_1_2220	1	175	run 175	proteomic profiling by mass spectrometry	data-independent acquisition	NT=timsTOF SCP;AC=MS:1003231	NT=label free sample;AC=MS:1002038	NT=Trypsin;AC=MS:1001251	not applicable	not applicable	not applicable	NT=collision-induced dissociation;AC=MS:1000133	not available	not available	not available	not available	not available	not available	diaPASEF	1	1	Fixed_03_SC_17_s1-f6_1_2220.d	v1.1.0	NT=ms-proteomics;VV=v1.1.0	NT=single-cell;VV=v1.0.0	NT=dia-acquisition;VV=v1.1.0	NT=cell-lines;VV=v1.1.0	manual curation	0.3% paraformaldehyde fixation, 24 h
Fixed_03_SC_18_s1-f7_1_2221	NT=Homo sapiens;AC=NCBITaxon:9606	NT=breast;AC=UBERON:0000310	NT=breast adenocarcinoma;AC=MONDO:0004988	NT=epithelial cell;AC=CL:0000066	NT=MDA-MB-231;AC=CLO:0007634	CVCL_0062	MDA-MB-231	0.3% paraformaldehyde fixation, 24 h	NT=single cell;AC=PRIDE:0000897	cellenONE	Fixed_03_SC_18_s1-f7_1_2221	1	176	run 176	proteomic profiling by mass spectrometry	data-independent acquisition	NT=timsTOF SCP;AC=MS:1003231	NT=label free sample;AC=MS:1002038	NT=Trypsin;AC=MS:1001251	not applicable	not applicable	not applicable	NT=collision-induced dissociation;AC=MS:1000133	not available	not available	not available	not available	not available	not available	diaPASEF	1	1	Fixed_03_SC_18_s1-f7_1_2221.d	v1.1.0	NT=ms-proteomics;VV=v1.1.0	NT=single-cell;VV=v1.0.0	NT=dia-acquisition;VV=v1.1.0	NT=cell-lines;VV=v1.1.0	manual curation	0.3% paraformaldehyde fixation, 24 h
Fixed_03_SC_19_s1-f8_1_2222	NT=Homo sapiens;AC=NCBITaxon:9606	NT=breast;AC=UBERON:0000310	NT=breast adenocarcinoma;AC=MONDO:0004988	NT=epithelial cell;AC=CL:0000066	NT=MDA-MB-231;AC=CLO:0007634	CVCL_0062	MDA-MB-231	0.3% paraformaldehyde fixation, 24 h	NT=single cell;AC=PRIDE:0000897	cellenONE	Fixed_03_SC_19_s1-f8_1_2222	1	177	run 177	proteomic profiling by mass spectrometry	data-independent acquisition	NT=timsTOF SCP;AC=MS:1003231	NT=label free sample;AC=MS:1002038	NT=Trypsin;AC=MS:1001251	not applicable	not applicable	not applicable	NT=collision-induced dissociation;AC=MS:1000133	not available	not available	not available	not available	not available	not available	diaPASEF	1	1	Fixed_03_SC_19_s1-f8_1_2222.d	v1.1.0	NT=ms-proteomics;VV=v1.1.0	NT=single-cell;VV=v1.0.0	NT=dia-acquisition;VV=v1.1.0	NT=cell-lines;VV=v1.1.0	manual curation	0.3% paraformaldehyde fixation, 24 h
Fixed_03_SC_1_s1-e1_1_2203	NT=Homo sapiens;AC=NCBITaxon:9606	NT=breast;AC=UBERON:0000310	NT=breast adenocarcinoma;AC=MONDO:0004988	NT=epithelial cell;AC=CL:0000066	NT=MDA-MB-231;AC=CLO:0007634	CVCL_0062	MDA-MB-231	0.3% paraformaldehyde fixation, 24 h	NT=single cell;AC=PRIDE:0000897	cellenONE	Fixed_03_SC_1_s1-e1_1_2203	1	178	run 178	proteomic profiling by mass spectrometry	data-independent acquisition	NT=timsTOF SCP;AC=MS:1003231	NT=label free sample;AC=MS:1002038	NT=Trypsin;AC=MS:1001251	not applicable	not applicable	not applicable	NT=collision-induced dissociation;AC=MS:1000133	not available	not available	not available	not available	not available	not available	diaPASEF	1	1	Fixed_03_SC_1_s1-e1_1_2203.d	v1.1.0	NT=ms-proteomics;VV=v1.1.0	NT=single-cell;VV=v1.0.0	NT=dia-acquisition;VV=v1.1.0	NT=cell-lines;VV=v1.1.0	manual curation	0.3% paraformaldehyde fixation, 24 h
Fixed_03_SC_2_s1-e2_1_2204	NT=Homo sapiens;AC=NCBITaxon:9606	NT=breast;AC=UBERON:0000310	NT=breast adenocarcinoma;AC=MONDO:0004988	NT=epithelial cell;AC=CL:0000066	NT=MDA-MB-231;AC=CLO:0007634	CVCL_0062	MDA-MB-231	0.3% paraformaldehyde fixation, 24 h	NT=single cell;AC=PRIDE:0000897	cellenONE	Fixed_03_SC_2_s1-e2_1_2204	1	179	run 179	proteomic profiling by mass spectrometry	data-independent acquisition	NT=timsTOF SCP;AC=MS:1003231	NT=label free sample;AC=MS:1002038	NT=Trypsin;AC=MS:1001251	not applicable	not applicable	not applicable	NT=collision-induced dissociation;AC=MS:1000133	not available	not available	not available	not available	not available	not available	diaPASEF	1	1	Fixed_03_SC_2_s1-e2_1_2204.d	v1.1.0	NT=ms-proteomics;VV=v1.1.0	NT=single-cell;VV=v1.0.0	NT=dia-acquisition;VV=v1.1.0	NT=cell-lines;VV=v1.1.0	manual curation	0.3% paraformaldehyde fixation, 24 h
Fixed_03_SC_3_s1-e3_1_2205	NT=Homo sapiens;AC=NCBITaxon:9606	NT=breast;AC=UBERON:0000310	NT=breast adenocarcinoma;AC=MONDO:0004988	NT=epithelial cell;AC=CL:0000066	NT=MDA-MB-231;AC=CLO:0007634	CVCL_0062	MDA-MB-231	0.3% paraformaldehyde fixation, 24 h	NT=single cell;AC=PRIDE:0000897	cellenONE	Fixed_03_SC_3_s1-e3_1_2205	1	180	run 180	proteomic profiling by mass spectrometry	data-independent acquisition	NT=timsTOF SCP;AC=MS:1003231	NT=label free sample;AC=MS:1002038	NT=Trypsin;AC=MS:1001251	not applicable	not applicable	not applicable	NT=collision-induced dissociation;AC=MS:1000133	not available	not available	not available	not available	not available	not available	diaPASEF	1	1	Fixed_03_SC_3_s1-e3_1_2205.d	v1.1.0	NT=ms-proteomics;VV=v1.1.0	NT=single-cell;VV=v1.0.0	NT=dia-acquisition;VV=v1.1.0	NT=cell-lines;VV=v1.1.0	manual curation	0.3% paraformaldehyde fixation, 24 h
Fixed_03_SC_4_s1-e4_1_2206	NT=Homo sapiens;AC=NCBITaxon:9606	NT=breast;AC=UBERON:0000310	NT=breast adenocarcinoma;AC=MONDO:0004988	NT=epithelial cell;AC=CL:0000066	NT=MDA-MB-231;AC=CLO:0007634	CVCL_0062	MDA-MB-231	0.3% paraformaldehyde fixation, 24 h	NT=single cell;AC=PRIDE:0000897	cellenONE	Fixed_03_SC_4_s1-e4_1_2206	1	181	run 181	proteomic profiling by mass spectrometry	data-independent acquisition	NT=timsTOF SCP;AC=MS:1003231	NT=label free sample;AC=MS:1002038	NT=Trypsin;AC=MS:1001251	not applicable	not applicable	not applicable	NT=collision-induced dissociation;AC=MS:1000133	not available	not available	not available	not available	not available	not available	diaPASEF	1	1	Fixed_03_SC_4_s1-e4_1_2206.d	v1.1.0	NT=ms-proteomics;VV=v1.1.0	NT=single-cell;VV=v1.0.0	NT=dia-acquisition;VV=v1.1.0	NT=cell-lines;VV=v1.1.0	manual curation	0.3% paraformaldehyde fixation, 24 h
Fixed_03_SC_5_s1-e5_1_2207	NT=Homo sapiens;AC=NCBITaxon:9606	NT=breast;AC=UBERON:0000310	NT=breast adenocarcinoma;AC=MONDO:0004988	NT=epithelial cell;AC=CL:0000066	NT=MDA-MB-231;AC=CLO:0007634	CVCL_0062	MDA-MB-231	0.3% paraformaldehyde fixation, 24 h	NT=single cell;AC=PRIDE:0000897	cellenONE	Fixed_03_SC_5_s1-e5_1_2207	1	182	run 182	proteomic profiling by mass spectrometry	data-independent acquisition	NT=timsTOF SCP;AC=MS:1003231	NT=label free sample;AC=MS:1002038	NT=Trypsin;AC=MS:1001251	not applicable	not applicable	not applicable	NT=collision-induced dissociation;AC=MS:1000133	not available	not available	not available	not available	not available	not available	diaPASEF	1	1	Fixed_03_SC_5_s1-e5_1_2207.d	v1.1.0	NT=ms-proteomics;VV=v1.1.0	NT=single-cell;VV=v1.0.0	NT=dia-acquisition;VV=v1.1.0	NT=cell-lines;VV=v1.1.0	manual curation	0.3% paraformaldehyde fixation, 24 h
Fixed_03_SC_6_s1-e6_1_2208	NT=Homo sapiens;AC=NCBITaxon:9606	NT=breast;AC=UBERON:0000310	NT=breast adenocarcinoma;AC=MONDO:0004988	NT=epithelial cell;AC=CL:0000066	NT=MDA-MB-231;AC=CLO:0007634	CVCL_0062	MDA-MB-231	0.3% paraformaldehyde fixation, 24 h	NT=single cell;AC=PRIDE:0000897	cellenONE	Fixed_03_SC_6_s1-e6_1_2208	1	183	run 183	proteomic profiling by mass spectrometry	data-independent acquisition	NT=timsTOF SCP;AC=MS:1003231	NT=label free sample;AC=MS:1002038	NT=Trypsin;AC=MS:1001251	not applicable	not applicable	not applicable	NT=collision-induced dissociation;AC=MS:1000133	not available	not available	not available	not available	not available	not available	diaPASEF	1	1	Fixed_03_SC_6_s1-e6_1_2208.d	v1.1.0	NT=ms-proteomics;VV=v1.1.0	NT=single-cell;VV=v1.0.0	NT=dia-acquisition;VV=v1.1.0	NT=cell-lines;VV=v1.1.0	manual curation	0.3% paraformaldehyde fixation, 24 h
Fixed_03_SC_7_s1-e7_1_2209	NT=Homo sapiens;AC=NCBITaxon:9606	NT=breast;AC=UBERON:0000310	NT=breast adenocarcinoma;AC=MONDO:0004988	NT=epithelial cell;AC=CL:0000066	NT=MDA-MB-231;AC=CLO:0007634	CVCL_0062	MDA-MB-231	0.3% paraformaldehyde fixation, 24 h	NT=single cell;AC=PRIDE:0000897	cellenONE	Fixed_03_SC_7_s1-e7_1_2209	1	184	run 184	proteomic profiling by mass spectrometry	data-independent acquisition	NT=timsTOF SCP;AC=MS:1003231	NT=label free sample;AC=MS:1002038	NT=Trypsin;AC=MS:1001251	not applicable	not applicable	not applicable	NT=collision-induced dissociation;AC=MS:1000133	not available	not available	not available	not available	not available	not available	diaPASEF	1	1	Fixed_03_SC_7_s1-e7_1_2209.d	v1.1.0	NT=ms-proteomics;VV=v1.1.0	NT=single-cell;VV=v1.0.0	NT=dia-acquisition;VV=v1.1.0	NT=cell-lines;VV=v1.1.0	manual curation	0.3% paraformaldehyde fixation, 24 h
Fixed_03_SC_8_s1-e8_1_2210	NT=Homo sapiens;AC=NCBITaxon:9606	NT=breast;AC=UBERON:0000310	NT=breast adenocarcinoma;AC=MONDO:0004988	NT=epithelial cell;AC=CL:0000066	NT=MDA-MB-231;AC=CLO:0007634	CVCL_0062	MDA-MB-231	0.3% paraformaldehyde fixation, 24 h	NT=single cell;AC=PRIDE:0000897	cellenONE	Fixed_03_SC_8_s1-e8_1_2210	1	185	run 185	proteomic profiling by mass spectrometry	data-independent acquisition	NT=timsTOF SCP;AC=MS:1003231	NT=label free sample;AC=MS:1002038	NT=Trypsin;AC=MS:1001251	not applicable	not applicable	not applicable	NT=collision-induced dissociation;AC=MS:1000133	not available	not available	not available	not available	not available	not available	diaPASEF	1	1	Fixed_03_SC_8_s1-e8_1_2210.d	v1.1.0	NT=ms-proteomics;VV=v1.1.0	NT=single-cell;VV=v1.0.0	NT=dia-acquisition;VV=v1.1.0	NT=cell-lines;VV=v1.1.0	manual curation	0.3% paraformaldehyde fixation, 24 h
Fixed_03_SC_9_s1-e9_1_2211	NT=Homo sapiens;AC=NCBITaxon:9606	NT=breast;AC=UBERON:0000310	NT=breast adenocarcinoma;AC=MONDO:0004988	NT=epithelial cell;AC=CL:0000066	NT=MDA-MB-231;AC=CLO:0007634	CVCL_0062	MDA-MB-231	0.3% paraformaldehyde fixation, 24 h	NT=single cell;AC=PRIDE:0000897	cellenONE	Fixed_03_SC_9_s1-e9_1_2211	1	186	run 186	proteomic profiling by mass spectrometry	data-independent acquisition	NT=timsTOF SCP;AC=MS:1003231	NT=label free sample;AC=MS:1002038	NT=Trypsin;AC=MS:1001251	not applicable	not applicable	not applicable	NT=collision-induced dissociation;AC=MS:1000133	not available	not available	not available	not available	not available	not available	diaPASEF	1	1	Fixed_03_SC_9_s1-e9_1_2211.d	v1.1.0	NT=ms-proteomics;VV=v1.1.0	NT=single-cell;VV=v1.0.0	NT=dia-acquisition;VV=v1.1.0	NT=cell-lines;VV=v1.1.0	manual curation	0.3% paraformaldehyde fixation, 24 h
Fixed_1_SC_10_s1-g10_1_2236	NT=Homo sapiens;AC=NCBITaxon:9606	NT=breast;AC=UBERON:0000310	NT=breast adenocarcinoma;AC=MONDO:0004988	NT=epithelial cell;AC=CL:0000066	NT=MDA-MB-231;AC=CLO:0007634	CVCL_0062	MDA-MB-231	1% paraformaldehyde fixation, 24 h	NT=single cell;AC=PRIDE:0000897	cellenONE	Fixed_1_SC_10_s1-g10_1_2236	1	187	run 187	proteomic profiling by mass spectrometry	data-independent acquisition	NT=timsTOF SCP;AC=MS:1003231	NT=label free sample;AC=MS:1002038	NT=Trypsin;AC=MS:1001251	not applicable	not applicable	not applicable	NT=collision-induced dissociation;AC=MS:1000133	not available	not available	not available	not available	not available	not available	diaPASEF	1	1	Fixed_1_SC_10_s1-g10_1_2236.d	v1.1.0	NT=ms-proteomics;VV=v1.1.0	NT=single-cell;VV=v1.0.0	NT=dia-acquisition;VV=v1.1.0	NT=cell-lines;VV=v1.1.0	manual curation	1% paraformaldehyde fixation, 24 h
Fixed_1_SC_11_s1-g11_1_2237	NT=Homo sapiens;AC=NCBITaxon:9606	NT=breast;AC=UBERON:0000310	NT=breast adenocarcinoma;AC=MONDO:0004988	NT=epithelial cell;AC=CL:0000066	NT=MDA-MB-231;AC=CLO:0007634	CVCL_0062	MDA-MB-231	1% paraformaldehyde fixation, 24 h	NT=single cell;AC=PRIDE:0000897	cellenONE	Fixed_1_SC_11_s1-g11_1_2237	1	188	run 188	proteomic profiling by mass spectrometry	data-independent acquisition	NT=timsTOF SCP;AC=MS:1003231	NT=label free sample;AC=MS:1002038	NT=Trypsin;AC=MS:1001251	not applicable	not applicable	not applicable	NT=collision-induced dissociation;AC=MS:1000133	not available	not available	not available	not available	not available	not available	diaPASEF	1	1	Fixed_1_SC_11_s1-g11_1_2237.d	v1.1.0	NT=ms-proteomics;VV=v1.1.0	NT=single-cell;VV=v1.0.0	NT=dia-acquisition;VV=v1.1.0	NT=cell-lines;VV=v1.1.0	manual curation	1% paraformaldehyde fixation, 24 h
Fixed_1_SC_12_s1-g12_1_2238	NT=Homo sapiens;AC=NCBITaxon:9606	NT=breast;AC=UBERON:0000310	NT=breast adenocarcinoma;AC=MONDO:0004988	NT=epithelial cell;AC=CL:0000066	NT=MDA-MB-231;AC=CLO:0007634	CVCL_0062	MDA-MB-231	1% paraformaldehyde fixation, 24 h	NT=single cell;AC=PRIDE:0000897	cellenONE	Fixed_1_SC_12_s1-g12_1_2238	1	189	run 189	proteomic profiling by mass spectrometry	data-independent acquisition	NT=timsTOF SCP;AC=MS:1003231	NT=label free sample;AC=MS:1002038	NT=Trypsin;AC=MS:1001251	not applicable	not applicable	not applicable	NT=collision-induced dissociation;AC=MS:1000133	not available	not available	not available	not available	not available	not available	diaPASEF	1	1	Fixed_1_SC_12_s1-g12_1_2238.d	v1.1.0	NT=ms-proteomics;VV=v1.1.0	NT=single-cell;VV=v1.0.0	NT=dia-acquisition;VV=v1.1.0	NT=cell-lines;VV=v1.1.0	manual curation	1% paraformaldehyde fixation, 24 h
Fixed_1_SC_13_s1-h2_1_2240	NT=Homo sapiens;AC=NCBITaxon:9606	NT=breast;AC=UBERON:0000310	NT=breast adenocarcinoma;AC=MONDO:0004988	NT=epithelial cell;AC=CL:0000066	NT=MDA-MB-231;AC=CLO:0007634	CVCL_0062	MDA-MB-231	1% paraformaldehyde fixation, 24 h	NT=single cell;AC=PRIDE:0000897	cellenONE	Fixed_1_SC_13_s1-h2_1_2240	1	190	run 190	proteomic profiling by mass spectrometry	data-independent acquisition	NT=timsTOF SCP;AC=MS:1003231	NT=label free sample;AC=MS:1002038	NT=Trypsin;AC=MS:1001251	not applicable	not applicable	not applicable	NT=collision-induced dissociation;AC=MS:1000133	not available	not available	not available	not available	not available	not available	diaPASEF	1	1	Fixed_1_SC_13_s1-h2_1_2240.d	v1.1.0	NT=ms-proteomics;VV=v1.1.0	NT=single-cell;VV=v1.0.0	NT=dia-acquisition;VV=v1.1.0	NT=cell-lines;VV=v1.1.0	manual curation	1% paraformaldehyde fixation, 24 h
Fixed_1_SC_14_s1-h3_1_2241	NT=Homo sapiens;AC=NCBITaxon:9606	NT=breast;AC=UBERON:0000310	NT=breast adenocarcinoma;AC=MONDO:0004988	NT=epithelial cell;AC=CL:0000066	NT=MDA-MB-231;AC=CLO:0007634	CVCL_0062	MDA-MB-231	1% paraformaldehyde fixation, 24 h	NT=single cell;AC=PRIDE:0000897	cellenONE	Fixed_1_SC_14_s1-h3_1_2241	1	191	run 191	proteomic profiling by mass spectrometry	data-independent acquisition	NT=timsTOF SCP;AC=MS:1003231	NT=label free sample;AC=MS:1002038	NT=Trypsin;AC=MS:1001251	not applicable	not applicable	not applicable	NT=collision-induced dissociation;AC=MS:1000133	not available	not available	not available	not available	not available	not available	diaPASEF	1	1	Fixed_1_SC_14_s1-h3_1_2241.d	v1.1.0	NT=ms-proteomics;VV=v1.1.0	NT=single-cell;VV=v1.0.0	NT=dia-acquisition;VV=v1.1.0	NT=cell-lines;VV=v1.1.0	manual curation	1% paraformaldehyde fixation, 24 h
Fixed_1_SC_15_s1-h4_1_2242	NT=Homo sapiens;AC=NCBITaxon:9606	NT=breast;AC=UBERON:0000310	NT=breast adenocarcinoma;AC=MONDO:0004988	NT=epithelial cell;AC=CL:0000066	NT=MDA-MB-231;AC=CLO:0007634	CVCL_0062	MDA-MB-231	1% paraformaldehyde fixation, 24 h	NT=single cell;AC=PRIDE:0000897	cellenONE	Fixed_1_SC_15_s1-h4_1_2242	1	192	run 192	proteomic profiling by mass spectrometry	data-independent acquisition	NT=timsTOF SCP;AC=MS:1003231	NT=label free sample;AC=MS:1002038	NT=Trypsin;AC=MS:1001251	not applicable	not applicable	not applicable	NT=collision-induced dissociation;AC=MS:1000133	not available	not available	not available	not available	not available	not available	diaPASEF	1	1	Fixed_1_SC_15_s1-h4_1_2242.d	v1.1.0	NT=ms-proteomics;VV=v1.1.0	NT=single-cell;VV=v1.0.0	NT=dia-acquisition;VV=v1.1.0	NT=cell-lines;VV=v1.1.0	manual curation	1% paraformaldehyde fixation, 24 h
Fixed_1_SC_16_s1-h5_1_2243	NT=Homo sapiens;AC=NCBITaxon:9606	NT=breast;AC=UBERON:0000310	NT=breast adenocarcinoma;AC=MONDO:0004988	NT=epithelial cell;AC=CL:0000066	NT=MDA-MB-231;AC=CLO:0007634	CVCL_0062	MDA-MB-231	1% paraformaldehyde fixation, 24 h	NT=single cell;AC=PRIDE:0000897	cellenONE	Fixed_1_SC_16_s1-h5_1_2243	1	193	run 193	proteomic profiling by mass spectrometry	data-independent acquisition	NT=timsTOF SCP;AC=MS:1003231	NT=label free sample;AC=MS:1002038	NT=Trypsin;AC=MS:1001251	not applicable	not applicable	not applicable	NT=collision-induced dissociation;AC=MS:1000133	not available	not available	not available	not available	not available	not available	diaPASEF	1	1	Fixed_1_SC_16_s1-h5_1_2243.d	v1.1.0	NT=ms-proteomics;VV=v1.1.0	NT=single-cell;VV=v1.0.0	NT=dia-acquisition;VV=v1.1.0	NT=cell-lines;VV=v1.1.0	manual curation	1% paraformaldehyde fixation, 24 h
Fixed_1_SC_17_s1-h6_1_2244	NT=Homo sapiens;AC=NCBITaxon:9606	NT=breast;AC=UBERON:0000310	NT=breast adenocarcinoma;AC=MONDO:0004988	NT=epithelial cell;AC=CL:0000066	NT=MDA-MB-231;AC=CLO:0007634	CVCL_0062	MDA-MB-231	1% paraformaldehyde fixation, 24 h	NT=single cell;AC=PRIDE:0000897	cellenONE	Fixed_1_SC_17_s1-h6_1_2244	1	194	run 194	proteomic profiling by mass spectrometry	data-independent acquisition	NT=timsTOF SCP;AC=MS:1003231	NT=label free sample;AC=MS:1002038	NT=Trypsin;AC=MS:1001251	not applicable	not applicable	not applicable	NT=collision-induced dissociation;AC=MS:1000133	not available	not available	not available	not available	not available	not available	diaPASEF	1	1	Fixed_1_SC_17_s1-h6_1_2244.d	v1.1.0	NT=ms-proteomics;VV=v1.1.0	NT=single-cell;VV=v1.0.0	NT=dia-acquisition;VV=v1.1.0	NT=cell-lines;VV=v1.1.0	manual curation	1% paraformaldehyde fixation, 24 h
Fixed_1_SC_18_s1-h7_1_2245	NT=Homo sapiens;AC=NCBITaxon:9606	NT=breast;AC=UBERON:0000310	NT=breast adenocarcinoma;AC=MONDO:0004988	NT=epithelial cell;AC=CL:0000066	NT=MDA-MB-231;AC=CLO:0007634	CVCL_0062	MDA-MB-231	1% paraformaldehyde fixation, 24 h	NT=single cell;AC=PRIDE:0000897	cellenONE	Fixed_1_SC_18_s1-h7_1_2245	1	195	run 195	proteomic profiling by mass spectrometry	data-independent acquisition	NT=timsTOF SCP;AC=MS:1003231	NT=label free sample;AC=MS:1002038	NT=Trypsin;AC=MS:1001251	not applicable	not applicable	not applicable	NT=collision-induced dissociation;AC=MS:1000133	not available	not available	not available	not available	not available	not available	diaPASEF	1	1	Fixed_1_SC_18_s1-h7_1_2245.d	v1.1.0	NT=ms-proteomics;VV=v1.1.0	NT=single-cell;VV=v1.0.0	NT=dia-acquisition;VV=v1.1.0	NT=cell-lines;VV=v1.1.0	manual curation	1% paraformaldehyde fixation, 24 h
Fixed_1_SC_19_s1-h8_1_2246	NT=Homo sapiens;AC=NCBITaxon:9606	NT=breast;AC=UBERON:0000310	NT=breast adenocarcinoma;AC=MONDO:0004988	NT=epithelial cell;AC=CL:0000066	NT=MDA-MB-231;AC=CLO:0007634	CVCL_0062	MDA-MB-231	1% paraformaldehyde fixation, 24 h	NT=single cell;AC=PRIDE:0000897	cellenONE	Fixed_1_SC_19_s1-h8_1_2246	1	196	run 196	proteomic profiling by mass spectrometry	data-independent acquisition	NT=timsTOF SCP;AC=MS:1003231	NT=label free sample;AC=MS:1002038	NT=Trypsin;AC=MS:1001251	not applicable	not applicable	not applicable	NT=collision-induced dissociation;AC=MS:1000133	not available	not available	not available	not available	not available	not available	diaPASEF	1	1	Fixed_1_SC_19_s1-h8_1_2246.d	v1.1.0	NT=ms-proteomics;VV=v1.1.0	NT=single-cell;VV=v1.0.0	NT=dia-acquisition;VV=v1.1.0	NT=cell-lines;VV=v1.1.0	manual curation	1% paraformaldehyde fixation, 24 h
Fixed_1_SC_1_s1-g1_1_2227	NT=Homo sapiens;AC=NCBITaxon:9606	NT=breast;AC=UBERON:0000310	NT=breast adenocarcinoma;AC=MONDO:0004988	NT=epithelial cell;AC=CL:0000066	NT=MDA-MB-231;AC=CLO:0007634	CVCL_0062	MDA-MB-231	1% paraformaldehyde fixation, 24 h	NT=single cell;AC=PRIDE:0000897	cellenONE	Fixed_1_SC_1_s1-g1_1_2227	1	197	run 197	proteomic profiling by mass spectrometry	data-independent acquisition	NT=timsTOF SCP;AC=MS:1003231	NT=label free sample;AC=MS:1002038	NT=Trypsin;AC=MS:1001251	not applicable	not applicable	not applicable	NT=collision-induced dissociation;AC=MS:1000133	not available	not available	not available	not available	not available	not available	diaPASEF	1	1	Fixed_1_SC_1_s1-g1_1_2227.d	v1.1.0	NT=ms-proteomics;VV=v1.1.0	NT=single-cell;VV=v1.0.0	NT=dia-acquisition;VV=v1.1.0	NT=cell-lines;VV=v1.1.0	manual curation	1% paraformaldehyde fixation, 24 h
Fixed_1_SC_2_s1-g2_1_2228	NT=Homo sapiens;AC=NCBITaxon:9606	NT=breast;AC=UBERON:0000310	NT=breast adenocarcinoma;AC=MONDO:0004988	NT=epithelial cell;AC=CL:0000066	NT=MDA-MB-231;AC=CLO:0007634	CVCL_0062	MDA-MB-231	1% paraformaldehyde fixation, 24 h	NT=single cell;AC=PRIDE:0000897	cellenONE	Fixed_1_SC_2_s1-g2_1_2228	1	198	run 198	proteomic profiling by mass spectrometry	data-independent acquisition	NT=timsTOF SCP;AC=MS:1003231	NT=label free sample;AC=MS:1002038	NT=Trypsin;AC=MS:1001251	not applicable	not applicable	not applicable	NT=collision-induced dissociation;AC=MS:1000133	not available	not available	not available	not available	not available	not available	diaPASEF	1	1	Fixed_1_SC_2_s1-g2_1_2228.d	v1.1.0	NT=ms-proteomics;VV=v1.1.0	NT=single-cell;VV=v1.0.0	NT=dia-acquisition;VV=v1.1.0	NT=cell-lines;VV=v1.1.0	manual curation	1% paraformaldehyde fixation, 24 h
Fixed_1_SC_3_s1-g3_1_2229	NT=Homo sapiens;AC=NCBITaxon:9606	NT=breast;AC=UBERON:0000310	NT=breast adenocarcinoma;AC=MONDO:0004988	NT=epithelial cell;AC=CL:0000066	NT=MDA-MB-231;AC=CLO:0007634	CVCL_0062	MDA-MB-231	1% paraformaldehyde fixation, 24 h	NT=single cell;AC=PRIDE:0000897	cellenONE	Fixed_1_SC_3_s1-g3_1_2229	1	199	run 199	proteomic profiling by mass spectrometry	data-independent acquisition	NT=timsTOF SCP;AC=MS:1003231	NT=label free sample;AC=MS:1002038	NT=Trypsin;AC=MS:1001251	not applicable	not applicable	not applicable	NT=collision-induced dissociation;AC=MS:1000133	not available	not available	not available	not available	not available	not available	diaPASEF	1	1	Fixed_1_SC_3_s1-g3_1_2229.d	v1.1.0	NT=ms-proteomics;VV=v1.1.0	NT=single-cell;VV=v1.0.0	NT=dia-acquisition;VV=v1.1.0	NT=cell-lines;VV=v1.1.0	manual curation	1% paraformaldehyde fixation, 24 h
Fixed_1_SC_4_s1-g4_1_2230	NT=Homo sapiens;AC=NCBITaxon:9606	NT=breast;AC=UBERON:0000310	NT=breast adenocarcinoma;AC=MONDO:0004988	NT=epithelial cell;AC=CL:0000066	NT=MDA-MB-231;AC=CLO:0007634	CVCL_0062	MDA-MB-231	1% paraformaldehyde fixation, 24 h	NT=single cell;AC=PRIDE:0000897	cellenONE	Fixed_1_SC_4_s1-g4_1_2230	1	200	run 200	proteomic profiling by mass spectrometry	data-independent acquisition	NT=timsTOF SCP;AC=MS:1003231	NT=label free sample;AC=MS:1002038	NT=Trypsin;AC=MS:1001251	not applicable	not applicable	not applicable	NT=collision-induced dissociation;AC=MS:1000133	not available	not available	not available	not available	not available	not available	diaPASEF	1	1	Fixed_1_SC_4_s1-g4_1_2230.d	v1.1.0	NT=ms-proteomics;VV=v1.1.0	NT=single-cell;VV=v1.0.0	NT=dia-acquisition;VV=v1.1.0	NT=cell-lines;VV=v1.1.0	manual curation	1% paraformaldehyde fixation, 24 h
Fixed_1_SC_5_s1-g5_1_2231	NT=Homo sapiens;AC=NCBITaxon:9606	NT=breast;AC=UBERON:0000310	NT=breast adenocarcinoma;AC=MONDO:0004988	NT=epithelial cell;AC=CL:0000066	NT=MDA-MB-231;AC=CLO:0007634	CVCL_0062	MDA-MB-231	1% paraformaldehyde fixation, 24 h	NT=single cell;AC=PRIDE:0000897	cellenONE	Fixed_1_SC_5_s1-g5_1_2231	1	201	run 201	proteomic profiling by mass spectrometry	data-independent acquisition	NT=timsTOF SCP;AC=MS:1003231	NT=label free sample;AC=MS:1002038	NT=Trypsin;AC=MS:1001251	not applicable	not applicable	not applicable	NT=collision-induced dissociation;AC=MS:1000133	not available	not available	not available	not available	not available	not available	diaPASEF	1	1	Fixed_1_SC_5_s1-g5_1_2231.d	v1.1.0	NT=ms-proteomics;VV=v1.1.0	NT=single-cell;VV=v1.0.0	NT=dia-acquisition;VV=v1.1.0	NT=cell-lines;VV=v1.1.0	manual curation	1% paraformaldehyde fixation, 24 h
Fixed_1_SC_6_s1-g6_1_2232	NT=Homo sapiens;AC=NCBITaxon:9606	NT=breast;AC=UBERON:0000310	NT=breast adenocarcinoma;AC=MONDO:0004988	NT=epithelial cell;AC=CL:0000066	NT=MDA-MB-231;AC=CLO:0007634	CVCL_0062	MDA-MB-231	1% paraformaldehyde fixation, 24 h	NT=single cell;AC=PRIDE:0000897	cellenONE	Fixed_1_SC_6_s1-g6_1_2232	1	202	run 202	proteomic profiling by mass spectrometry	data-independent acquisition	NT=timsTOF SCP;AC=MS:1003231	NT=label free sample;AC=MS:1002038	NT=Trypsin;AC=MS:1001251	not applicable	not applicable	not applicable	NT=collision-induced dissociation;AC=MS:1000133	not available	not available	not available	not available	not available	not available	diaPASEF	1	1	Fixed_1_SC_6_s1-g6_1_2232.d	v1.1.0	NT=ms-proteomics;VV=v1.1.0	NT=single-cell;VV=v1.0.0	NT=dia-acquisition;VV=v1.1.0	NT=cell-lines;VV=v1.1.0	manual curation	1% paraformaldehyde fixation, 24 h
Fixed_1_SC_7_s1-g7_1_2233	NT=Homo sapiens;AC=NCBITaxon:9606	NT=breast;AC=UBERON:0000310	NT=breast adenocarcinoma;AC=MONDO:0004988	NT=epithelial cell;AC=CL:0000066	NT=MDA-MB-231;AC=CLO:0007634	CVCL_0062	MDA-MB-231	1% paraformaldehyde fixation, 24 h	NT=single cell;AC=PRIDE:0000897	cellenONE	Fixed_1_SC_7_s1-g7_1_2233	1	203	run 203	proteomic profiling by mass spectrometry	data-independent acquisition	NT=timsTOF SCP;AC=MS:1003231	NT=label free sample;AC=MS:1002038	NT=Trypsin;AC=MS:1001251	not applicable	not applicable	not applicable	NT=collision-induced dissociation;AC=MS:1000133	not available	not available	not available	not available	not available	not available	diaPASEF	1	1	Fixed_1_SC_7_s1-g7_1_2233.d	v1.1.0	NT=ms-proteomics;VV=v1.1.0	NT=single-cell;VV=v1.0.0	NT=dia-acquisition;VV=v1.1.0	NT=cell-lines;VV=v1.1.0	manual curation	1% paraformaldehyde fixation, 24 h
Fixed_1_SC_8_s1-g8_1_2234	NT=Homo sapiens;AC=NCBITaxon:9606	NT=breast;AC=UBERON:0000310	NT=breast adenocarcinoma;AC=MONDO:0004988	NT=epithelial cell;AC=CL:0000066	NT=MDA-MB-231;AC=CLO:0007634	CVCL_0062	MDA-MB-231	1% paraformaldehyde fixation, 24 h	NT=single cell;AC=PRIDE:0000897	cellenONE	Fixed_1_SC_8_s1-g8_1_2234	1	204	run 204	proteomic profiling by mass spectrometry	data-independent acquisition	NT=timsTOF SCP;AC=MS:1003231	NT=label free sample;AC=MS:1002038	NT=Trypsin;AC=MS:1001251	not applicable	not applicable	not applicable	NT=collision-induced dissociation;AC=MS:1000133	not available	not available	not available	not available	not available	not available	diaPASEF	1	1	Fixed_1_SC_8_s1-g8_1_2234.d	v1.1.0	NT=ms-proteomics;VV=v1.1.0	NT=single-cell;VV=v1.0.0	NT=dia-acquisition;VV=v1.1.0	NT=cell-lines;VV=v1.1.0	manual curation	1% paraformaldehyde fixation, 24 h
Fixed_1_SC_9_s1-g9_1_2235	NT=Homo sapiens;AC=NCBITaxon:9606	NT=breast;AC=UBERON:0000310	NT=breast adenocarcinoma;AC=MONDO:0004988	NT=epithelial cell;AC=CL:0000066	NT=MDA-MB-231;AC=CLO:0007634	CVCL_0062	MDA-MB-231	1% paraformaldehyde fixation, 24 h	NT=single cell;AC=PRIDE:0000897	cellenONE	Fixed_1_SC_9_s1-g9_1_2235	1	205	run 205	proteomic profiling by mass spectrometry	data-independent acquisition	NT=timsTOF SCP;AC=MS:1003231	NT=label free sample;AC=MS:1002038	NT=Trypsin;AC=MS:1001251	not applicable	not applicable	not applicable	NT=collision-induced dissociation;AC=MS:1000133	not available	not available	not available	not available	not available	not available	diaPASEF	1	1	Fixed_1_SC_9_s1-g9_1_2235.d	v1.1.0	NT=ms-proteomics;VV=v1.1.0	NT=single-cell;VV=v1.0.0	NT=dia-acquisition;VV=v1.1.0	NT=cell-lines;VV=v1.1.0	manual curation	1% paraformaldehyde fixation, 24 h
Fresh_SC_10_s1-a10_1_2164	NT=Homo sapiens;AC=NCBITaxon:9606	NT=breast;AC=UBERON:0000310	NT=breast adenocarcinoma;AC=MONDO:0004988	NT=epithelial cell;AC=CL:0000066	NT=MDA-MB-231;AC=CLO:0007634	CVCL_0062	MDA-MB-231	fresh, no fixation	NT=single cell;AC=PRIDE:0000897	cellenONE	Fresh_SC_10_s1-a10_1_2164	1	206	run 206	proteomic profiling by mass spectrometry	data-independent acquisition	NT=timsTOF SCP;AC=MS:1003231	NT=label free sample;AC=MS:1002038	NT=Trypsin;AC=MS:1001251	not applicable	not applicable	not applicable	NT=collision-induced dissociation;AC=MS:1000133	not available	not available	not available	not available	not available	not available	diaPASEF	1	1	Fresh_SC_10_s1-a10_1_2164.d	v1.1.0	NT=ms-proteomics;VV=v1.1.0	NT=single-cell;VV=v1.0.0	NT=dia-acquisition;VV=v1.1.0	NT=cell-lines;VV=v1.1.0	manual curation	fresh, no fixation
Fresh_SC_11_s1-a11_1_2165	NT=Homo sapiens;AC=NCBITaxon:9606	NT=breast;AC=UBERON:0000310	NT=breast adenocarcinoma;AC=MONDO:0004988	NT=epithelial cell;AC=CL:0000066	NT=MDA-MB-231;AC=CLO:0007634	CVCL_0062	MDA-MB-231	fresh, no fixation	NT=single cell;AC=PRIDE:0000897	cellenONE	Fresh_SC_11_s1-a11_1_2165	1	207	run 207	proteomic profiling by mass spectrometry	data-independent acquisition	NT=timsTOF SCP;AC=MS:1003231	NT=label free sample;AC=MS:1002038	NT=Trypsin;AC=MS:1001251	not applicable	not applicable	not applicable	NT=collision-induced dissociation;AC=MS:1000133	not available	not available	not available	not available	not available	not available	diaPASEF	1	1	Fresh_SC_11_s1-a11_1_2165.d	v1.1.0	NT=ms-proteomics;VV=v1.1.0	NT=single-cell;VV=v1.0.0	NT=dia-acquisition;VV=v1.1.0	NT=cell-lines;VV=v1.1.0	manual curation	fresh, no fixation
Fresh_SC_12_s1-a12_1_2166	NT=Homo sapiens;AC=NCBITaxon:9606	NT=breast;AC=UBERON:0000310	NT=breast adenocarcinoma;AC=MONDO:0004988	NT=epithelial cell;AC=CL:0000066	NT=MDA-MB-231;AC=CLO:0007634	CVCL_0062	MDA-MB-231	fresh, no fixation	NT=single cell;AC=PRIDE:0000897	cellenONE	Fresh_SC_12_s1-a12_1_2166	1	208	run 208	proteomic profiling by mass spectrometry	data-independent acquisition	NT=timsTOF SCP;AC=MS:1003231	NT=label free sample;AC=MS:1002038	NT=Trypsin;AC=MS:1001251	not applicable	not applicable	not applicable	NT=collision-induced dissociation;AC=MS:1000133	not available	not available	not available	not available	not available	not available	diaPASEF	1	1	Fresh_SC_12_s1-a12_1_2166.d	v1.1.0	NT=ms-proteomics;VV=v1.1.0	NT=single-cell;VV=v1.0.0	NT=dia-acquisition;VV=v1.1.0	NT=cell-lines;VV=v1.1.0	manual curation	fresh, no fixation
Fresh_SC_13_s1-b2_1_2168	NT=Homo sapiens;AC=NCBITaxon:9606	NT=breast;AC=UBERON:0000310	NT=breast adenocarcinoma;AC=MONDO:0004988	NT=epithelial cell;AC=CL:0000066	NT=MDA-MB-231;AC=CLO:0007634	CVCL_0062	MDA-MB-231	fresh, no fixation	NT=single cell;AC=PRIDE:0000897	cellenONE	Fresh_SC_13_s1-b2_1_2168	1	209	run 209	proteomic profiling by mass spectrometry	data-independent acquisition	NT=timsTOF SCP;AC=MS:1003231	NT=label free sample;AC=MS:1002038	NT=Trypsin;AC=MS:1001251	not applicable	not applicable	not applicable	NT=collision-induced dissociation;AC=MS:1000133	not available	not available	not available	not available	not available	not available	diaPASEF	1	1	Fresh_SC_13_s1-b2_1_2168.d	v1.1.0	NT=ms-proteomics;VV=v1.1.0	NT=single-cell;VV=v1.0.0	NT=dia-acquisition;VV=v1.1.0	NT=cell-lines;VV=v1.1.0	manual curation	fresh, no fixation
Fresh_SC_14_s1-b3_1_2169	NT=Homo sapiens;AC=NCBITaxon:9606	NT=breast;AC=UBERON:0000310	NT=breast adenocarcinoma;AC=MONDO:0004988	NT=epithelial cell;AC=CL:0000066	NT=MDA-MB-231;AC=CLO:0007634	CVCL_0062	MDA-MB-231	fresh, no fixation	NT=single cell;AC=PRIDE:0000897	cellenONE	Fresh_SC_14_s1-b3_1_2169	1	210	run 210	proteomic profiling by mass spectrometry	data-independent acquisition	NT=timsTOF SCP;AC=MS:1003231	NT=label free sample;AC=MS:1002038	NT=Trypsin;AC=MS:1001251	not applicable	not applicable	not applicable	NT=collision-induced dissociation;AC=MS:1000133	not available	not available	not available	not available	not available	not available	diaPASEF	1	1	Fresh_SC_14_s1-b3_1_2169.d	v1.1.0	NT=ms-proteomics;VV=v1.1.0	NT=single-cell;VV=v1.0.0	NT=dia-acquisition;VV=v1.1.0	NT=cell-lines;VV=v1.1.0	manual curation	fresh, no fixation
Fresh_SC_15_s1-b4_1_2170	NT=Homo sapiens;AC=NCBITaxon:9606	NT=breast;AC=UBERON:0000310	NT=breast adenocarcinoma;AC=MONDO:0004988	NT=epithelial cell;AC=CL:0000066	NT=MDA-MB-231;AC=CLO:0007634	CVCL_0062	MDA-MB-231	fresh, no fixation	NT=single cell;AC=PRIDE:0000897	cellenONE	Fresh_SC_15_s1-b4_1_2170	1	211	run 211	proteomic profiling by mass spectrometry	data-independent acquisition	NT=timsTOF SCP;AC=MS:1003231	NT=label free sample;AC=MS:1002038	NT=Trypsin;AC=MS:1001251	not applicable	not applicable	not applicable	NT=collision-induced dissociation;AC=MS:1000133	not available	not available	not available	not available	not available	not available	diaPASEF	1	1	Fresh_SC_15_s1-b4_1_2170.d	v1.1.0	NT=ms-proteomics;VV=v1.1.0	NT=single-cell;VV=v1.0.0	NT=dia-acquisition;VV=v1.1.0	NT=cell-lines;VV=v1.1.0	manual curation	fresh, no fixation
Fresh_SC_16_s1-b5_1_2171	NT=Homo sapiens;AC=NCBITaxon:9606	NT=breast;AC=UBERON:0000310	NT=breast adenocarcinoma;AC=MONDO:0004988	NT=epithelial cell;AC=CL:0000066	NT=MDA-MB-231;AC=CLO:0007634	CVCL_0062	MDA-MB-231	fresh, no fixation	NT=single cell;AC=PRIDE:0000897	cellenONE	Fresh_SC_16_s1-b5_1_2171	1	212	run 212	proteomic profiling by mass spectrometry	data-independent acquisition	NT=timsTOF SCP;AC=MS:1003231	NT=label free sample;AC=MS:1002038	NT=Trypsin;AC=MS:1001251	not applicable	not applicable	not applicable	NT=collision-induced dissociation;AC=MS:1000133	not available	not available	not available	not available	not available	not available	diaPASEF	1	1	Fresh_SC_16_s1-b5_1_2171.d	v1.1.0	NT=ms-proteomics;VV=v1.1.0	NT=single-cell;VV=v1.0.0	NT=dia-acquisition;VV=v1.1.0	NT=cell-lines;VV=v1.1.0	manual curation	fresh, no fixation
Fresh_SC_17_s1-b6_1_2172	NT=Homo sapiens;AC=NCBITaxon:9606	NT=breast;AC=UBERON:0000310	NT=breast adenocarcinoma;AC=MONDO:0004988	NT=epithelial cell;AC=CL:0000066	NT=MDA-MB-231;AC=CLO:0007634	CVCL_0062	MDA-MB-231	fresh, no fixation	NT=single cell;AC=PRIDE:0000897	cellenONE	Fresh_SC_17_s1-b6_1_2172	1	213	run 213	proteomic profiling by mass spectrometry	data-independent acquisition	NT=timsTOF SCP;AC=MS:1003231	NT=label free sample;AC=MS:1002038	NT=Trypsin;AC=MS:1001251	not applicable	not applicable	not applicable	NT=collision-induced dissociation;AC=MS:1000133	not available	not available	not available	not available	not available	not available	diaPASEF	1	1	Fresh_SC_17_s1-b6_1_2172.d	v1.1.0	NT=ms-proteomics;VV=v1.1.0	NT=single-cell;VV=v1.0.0	NT=dia-acquisition;VV=v1.1.0	NT=cell-lines;VV=v1.1.0	manual curation	fresh, no fixation
Fresh_SC_18_s1-b7_1_2173	NT=Homo sapiens;AC=NCBITaxon:9606	NT=breast;AC=UBERON:0000310	NT=breast adenocarcinoma;AC=MONDO:0004988	NT=epithelial cell;AC=CL:0000066	NT=MDA-MB-231;AC=CLO:0007634	CVCL_0062	MDA-MB-231	fresh, no fixation	NT=single cell;AC=PRIDE:0000897	cellenONE	Fresh_SC_18_s1-b7_1_2173	1	214	run 214	proteomic profiling by mass spectrometry	data-independent acquisition	NT=timsTOF SCP;AC=MS:1003231	NT=label free sample;AC=MS:1002038	NT=Trypsin;AC=MS:1001251	not applicable	not applicable	not applicable	NT=collision-induced dissociation;AC=MS:1000133	not available	not available	not available	not available	not available	not available	diaPASEF	1	1	Fresh_SC_18_s1-b7_1_2173.d	v1.1.0	NT=ms-proteomics;VV=v1.1.0	NT=single-cell;VV=v1.0.0	NT=dia-acquisition;VV=v1.1.0	NT=cell-lines;VV=v1.1.0	manual curation	fresh, no fixation
Fresh_SC_19_s1-b8_1_2174	NT=Homo sapiens;AC=NCBITaxon:9606	NT=breast;AC=UBERON:0000310	NT=breast adenocarcinoma;AC=MONDO:0004988	NT=epithelial cell;AC=CL:0000066	NT=MDA-MB-231;AC=CLO:0007634	CVCL_0062	MDA-MB-231	fresh, no fixation	NT=single cell;AC=PRIDE:0000897	cellenONE	Fresh_SC_19_s1-b8_1_2174	1	215	run 215	proteomic profiling by mass spectrometry	data-independent acquisition	NT=timsTOF SCP;AC=MS:1003231	NT=label free sample;AC=MS:1002038	NT=Trypsin;AC=MS:1001251	not applicable	not applicable	not applicable	NT=collision-induced dissociation;AC=MS:1000133	not available	not available	not available	not available	not available	not available	diaPASEF	1	1	Fresh_SC_19_s1-b8_1_2174.d	v1.1.0	NT=ms-proteomics;VV=v1.1.0	NT=single-cell;VV=v1.0.0	NT=dia-acquisition;VV=v1.1.0	NT=cell-lines;VV=v1.1.0	manual curation	fresh, no fixation
Fresh_SC_1_s1-a1_1_2155	NT=Homo sapiens;AC=NCBITaxon:9606	NT=breast;AC=UBERON:0000310	NT=breast adenocarcinoma;AC=MONDO:0004988	NT=epithelial cell;AC=CL:0000066	NT=MDA-MB-231;AC=CLO:0007634	CVCL_0062	MDA-MB-231	fresh, no fixation	NT=single cell;AC=PRIDE:0000897	cellenONE	Fresh_SC_1_s1-a1_1_2155	1	216	run 216	proteomic profiling by mass spectrometry	data-independent acquisition	NT=timsTOF SCP;AC=MS:1003231	NT=label free sample;AC=MS:1002038	NT=Trypsin;AC=MS:1001251	not applicable	not applicable	not applicable	NT=collision-induced dissociation;AC=MS:1000133	not available	not available	not available	not available	not available	not available	diaPASEF	1	1	Fresh_SC_1_s1-a1_1_2155.d	v1.1.0	NT=ms-proteomics;VV=v1.1.0	NT=single-cell;VV=v1.0.0	NT=dia-acquisition;VV=v1.1.0	NT=cell-lines;VV=v1.1.0	manual curation	fresh, no fixation
Fresh_SC_2_s1-a2_1_2156	NT=Homo sapiens;AC=NCBITaxon:9606	NT=breast;AC=UBERON:0000310	NT=breast adenocarcinoma;AC=MONDO:0004988	NT=epithelial cell;AC=CL:0000066	NT=MDA-MB-231;AC=CLO:0007634	CVCL_0062	MDA-MB-231	fresh, no fixation	NT=single cell;AC=PRIDE:0000897	cellenONE	Fresh_SC_2_s1-a2_1_2156	1	217	run 217	proteomic profiling by mass spectrometry	data-independent acquisition	NT=timsTOF SCP;AC=MS:1003231	NT=label free sample;AC=MS:1002038	NT=Trypsin;AC=MS:1001251	not applicable	not applicable	not applicable	NT=collision-induced dissociation;AC=MS:1000133	not available	not available	not available	not available	not available	not available	diaPASEF	1	1	Fresh_SC_2_s1-a2_1_2156.d	v1.1.0	NT=ms-proteomics;VV=v1.1.0	NT=single-cell;VV=v1.0.0	NT=dia-acquisition;VV=v1.1.0	NT=cell-lines;VV=v1.1.0	manual curation	fresh, no fixation
Fresh_SC_3_s1-a3_1_2157	NT=Homo sapiens;AC=NCBITaxon:9606	NT=breast;AC=UBERON:0000310	NT=breast adenocarcinoma;AC=MONDO:0004988	NT=epithelial cell;AC=CL:0000066	NT=MDA-MB-231;AC=CLO:0007634	CVCL_0062	MDA-MB-231	fresh, no fixation	NT=single cell;AC=PRIDE:0000897	cellenONE	Fresh_SC_3_s1-a3_1_2157	1	218	run 218	proteomic profiling by mass spectrometry	data-independent acquisition	NT=timsTOF SCP;AC=MS:1003231	NT=label free sample;AC=MS:1002038	NT=Trypsin;AC=MS:1001251	not applicable	not applicable	not applicable	NT=collision-induced dissociation;AC=MS:1000133	not available	not available	not available	not available	not available	not available	diaPASEF	1	1	Fresh_SC_3_s1-a3_1_2157.d	v1.1.0	NT=ms-proteomics;VV=v1.1.0	NT=single-cell;VV=v1.0.0	NT=dia-acquisition;VV=v1.1.0	NT=cell-lines;VV=v1.1.0	manual curation	fresh, no fixation
Fresh_SC_4_s1-a4_1_2158	NT=Homo sapiens;AC=NCBITaxon:9606	NT=breast;AC=UBERON:0000310	NT=breast adenocarcinoma;AC=MONDO:0004988	NT=epithelial cell;AC=CL:0000066	NT=MDA-MB-231;AC=CLO:0007634	CVCL_0062	MDA-MB-231	fresh, no fixation	NT=single cell;AC=PRIDE:0000897	cellenONE	Fresh_SC_4_s1-a4_1_2158	1	219	run 219	proteomic profiling by mass spectrometry	data-independent acquisition	NT=timsTOF SCP;AC=MS:1003231	NT=label free sample;AC=MS:1002038	NT=Trypsin;AC=MS:1001251	not applicable	not applicable	not applicable	NT=collision-induced dissociation;AC=MS:1000133	not available	not available	not available	not available	not available	not available	diaPASEF	1	1	Fresh_SC_4_s1-a4_1_2158.d	v1.1.0	NT=ms-proteomics;VV=v1.1.0	NT=single-cell;VV=v1.0.0	NT=dia-acquisition;VV=v1.1.0	NT=cell-lines;VV=v1.1.0	manual curation	fresh, no fixation
Fresh_SC_5_s1-a5_1_2159	NT=Homo sapiens;AC=NCBITaxon:9606	NT=breast;AC=UBERON:0000310	NT=breast adenocarcinoma;AC=MONDO:0004988	NT=epithelial cell;AC=CL:0000066	NT=MDA-MB-231;AC=CLO:0007634	CVCL_0062	MDA-MB-231	fresh, no fixation	NT=single cell;AC=PRIDE:0000897	cellenONE	Fresh_SC_5_s1-a5_1_2159	1	220	run 220	proteomic profiling by mass spectrometry	data-independent acquisition	NT=timsTOF SCP;AC=MS:1003231	NT=label free sample;AC=MS:1002038	NT=Trypsin;AC=MS:1001251	not applicable	not applicable	not applicable	NT=collision-induced dissociation;AC=MS:1000133	not available	not available	not available	not available	not available	not available	diaPASEF	1	1	Fresh_SC_5_s1-a5_1_2159.d	v1.1.0	NT=ms-proteomics;VV=v1.1.0	NT=single-cell;VV=v1.0.0	NT=dia-acquisition;VV=v1.1.0	NT=cell-lines;VV=v1.1.0	manual curation	fresh, no fixation
Fresh_SC_6_s1-a6_1_2160	NT=Homo sapiens;AC=NCBITaxon:9606	NT=breast;AC=UBERON:0000310	NT=breast adenocarcinoma;AC=MONDO:0004988	NT=epithelial cell;AC=CL:0000066	NT=MDA-MB-231;AC=CLO:0007634	CVCL_0062	MDA-MB-231	fresh, no fixation	NT=single cell;AC=PRIDE:0000897	cellenONE	Fresh_SC_6_s1-a6_1_2160	1	221	run 221	proteomic profiling by mass spectrometry	data-independent acquisition	NT=timsTOF SCP;AC=MS:1003231	NT=label free sample;AC=MS:1002038	NT=Trypsin;AC=MS:1001251	not applicable	not applicable	not applicable	NT=collision-induced dissociation;AC=MS:1000133	not available	not available	not available	not available	not available	not available	diaPASEF	1	1	Fresh_SC_6_s1-a6_1_2160.d	v1.1.0	NT=ms-proteomics;VV=v1.1.0	NT=single-cell;VV=v1.0.0	NT=dia-acquisition;VV=v1.1.0	NT=cell-lines;VV=v1.1.0	manual curation	fresh, no fixation
Fresh_SC_7_s1-a7_1_2161	NT=Homo sapiens;AC=NCBITaxon:9606	NT=breast;AC=UBERON:0000310	NT=breast adenocarcinoma;AC=MONDO:0004988	NT=epithelial cell;AC=CL:0000066	NT=MDA-MB-231;AC=CLO:0007634	CVCL_0062	MDA-MB-231	fresh, no fixation	NT=single cell;AC=PRIDE:0000897	cellenONE	Fresh_SC_7_s1-a7_1_2161	1	222	run 222	proteomic profiling by mass spectrometry	data-independent acquisition	NT=timsTOF SCP;AC=MS:1003231	NT=label free sample;AC=MS:1002038	NT=Trypsin;AC=MS:1001251	not applicable	not applicable	not applicable	NT=collision-induced dissociation;AC=MS:1000133	not available	not available	not available	not available	not available	not available	diaPASEF	1	1	Fresh_SC_7_s1-a7_1_2161.d	v1.1.0	NT=ms-proteomics;VV=v1.1.0	NT=single-cell;VV=v1.0.0	NT=dia-acquisition;VV=v1.1.0	NT=cell-lines;VV=v1.1.0	manual curation	fresh, no fixation
Fresh_SC_8_s1-a8_1_2162	NT=Homo sapiens;AC=NCBITaxon:9606	NT=breast;AC=UBERON:0000310	NT=breast adenocarcinoma;AC=MONDO:0004988	NT=epithelial cell;AC=CL:0000066	NT=MDA-MB-231;AC=CLO:0007634	CVCL_0062	MDA-MB-231	fresh, no fixation	NT=single cell;AC=PRIDE:0000897	cellenONE	Fresh_SC_8_s1-a8_1_2162	1	223	run 223	proteomic profiling by mass spectrometry	data-independent acquisition	NT=timsTOF SCP;AC=MS:1003231	NT=label free sample;AC=MS:1002038	NT=Trypsin;AC=MS:1001251	not applicable	not applicable	not applicable	NT=collision-induced dissociation;AC=MS:1000133	not available	not available	not available	not available	not available	not available	diaPASEF	1	1	Fresh_SC_8_s1-a8_1_2162.d	v1.1.0	NT=ms-proteomics;VV=v1.1.0	NT=single-cell;VV=v1.0.0	NT=dia-acquisition;VV=v1.1.0	NT=cell-lines;VV=v1.1.0	manual curation	fresh, no fixation
Fresh_SC_9_s1-a9_1_2163	NT=Homo sapiens;AC=NCBITaxon:9606	NT=breast;AC=UBERON:0000310	NT=breast adenocarcinoma;AC=MONDO:0004988	NT=epithelial cell;AC=CL:0000066	NT=MDA-MB-231;AC=CLO:0007634	CVCL_0062	MDA-MB-231	fresh, no fixation	NT=single cell;AC=PRIDE:0000897	cellenONE	Fresh_SC_9_s1-a9_1_2163	1	224	run 224	proteomic profiling by mass spectrometry	data-independent acquisition	NT=timsTOF SCP;AC=MS:1003231	NT=label free sample;AC=MS:1002038	NT=Trypsin;AC=MS:1001251	not applicable	not applicable	not applicable	NT=collision-induced dissociation;AC=MS:1000133	not available	not available	not available	not available	not available	not available	diaPASEF	1	1	Fresh_SC_9_s1-a9_1_2163.d	v1.1.0	NT=ms-proteomics;VV=v1.1.0	NT=single-cell;VV=v1.0.0	NT=dia-acquisition;VV=v1.1.0	NT=cell-lines;VV=v1.1.0	manual curation	fresh, no fixation
Fixed_01_SC_10_s1-c10_1_2699	NT=Homo sapiens;AC=NCBITaxon:9606	NT=colon;AC=UBERON:0001155	NT=colorectal carcinoma;AC=MONDO:0024331	NT=epithelial cell;AC=CL:0000066	NT=RKO;AC=CLO:0008825	CVCL_0504	RKO	0.1% paraformaldehyde fixation, 20 min	NT=single cell;AC=PRIDE:0000897	cellenONE	Fixed_01_SC_10_s1-c10_1_2699	1	225	run 225	proteomic profiling by mass spectrometry	data-independent acquisition	NT=timsTOF SCP;AC=MS:1003231	NT=label free sample;AC=MS:1002038	NT=Trypsin;AC=MS:1001251	not applicable	not applicable	not applicable	NT=collision-induced dissociation;AC=MS:1000133	not available	not available	not available	not available	not available	not available	diaPASEF	1	1	Fixed_01_SC_10_s1-c10_1_2699.d	v1.1.0	NT=ms-proteomics;VV=v1.1.0	NT=single-cell;VV=v1.0.0	NT=dia-acquisition;VV=v1.1.0	NT=cell-lines;VV=v1.1.0	manual curation	0.1% paraformaldehyde fixation, 20 min
Fixed_01_SC_11_s1-c11_1_2700	NT=Homo sapiens;AC=NCBITaxon:9606	NT=colon;AC=UBERON:0001155	NT=colorectal carcinoma;AC=MONDO:0024331	NT=epithelial cell;AC=CL:0000066	NT=RKO;AC=CLO:0008825	CVCL_0504	RKO	0.1% paraformaldehyde fixation, 20 min	NT=single cell;AC=PRIDE:0000897	cellenONE	Fixed_01_SC_11_s1-c11_1_2700	1	226	run 226	proteomic profiling by mass spectrometry	data-independent acquisition	NT=timsTOF SCP;AC=MS:1003231	NT=label free sample;AC=MS:1002038	NT=Trypsin;AC=MS:1001251	not applicable	not applicable	not applicable	NT=collision-induced dissociation;AC=MS:1000133	not available	not available	not available	not available	not available	not available	diaPASEF	1	1	Fixed_01_SC_11_s1-c11_1_2700.d	v1.1.0	NT=ms-proteomics;VV=v1.1.0	NT=single-cell;VV=v1.0.0	NT=dia-acquisition;VV=v1.1.0	NT=cell-lines;VV=v1.1.0	manual curation	0.1% paraformaldehyde fixation, 20 min
Fixed_01_SC_12_s1-c12_1_2701	NT=Homo sapiens;AC=NCBITaxon:9606	NT=colon;AC=UBERON:0001155	NT=colorectal carcinoma;AC=MONDO:0024331	NT=epithelial cell;AC=CL:0000066	NT=RKO;AC=CLO:0008825	CVCL_0504	RKO	0.1% paraformaldehyde fixation, 20 min	NT=single cell;AC=PRIDE:0000897	cellenONE	Fixed_01_SC_12_s1-c12_1_2701	1	227	run 227	proteomic profiling by mass spectrometry	data-independent acquisition	NT=timsTOF SCP;AC=MS:1003231	NT=label free sample;AC=MS:1002038	NT=Trypsin;AC=MS:1001251	not applicable	not applicable	not applicable	NT=collision-induced dissociation;AC=MS:1000133	not available	not available	not available	not available	not available	not available	diaPASEF	1	1	Fixed_01_SC_12_s1-c12_1_2701.d	v1.1.0	NT=ms-proteomics;VV=v1.1.0	NT=single-cell;VV=v1.0.0	NT=dia-acquisition;VV=v1.1.0	NT=cell-lines;VV=v1.1.0	manual curation	0.1% paraformaldehyde fixation, 20 min
Fixed_01_SC_13_s1-d2_1_2703	NT=Homo sapiens;AC=NCBITaxon:9606	NT=colon;AC=UBERON:0001155	NT=colorectal carcinoma;AC=MONDO:0024331	NT=epithelial cell;AC=CL:0000066	NT=RKO;AC=CLO:0008825	CVCL_0504	RKO	0.1% paraformaldehyde fixation, 20 min	NT=single cell;AC=PRIDE:0000897	cellenONE	Fixed_01_SC_13_s1-d2_1_2703	1	228	run 228	proteomic profiling by mass spectrometry	data-independent acquisition	NT=timsTOF SCP;AC=MS:1003231	NT=label free sample;AC=MS:1002038	NT=Trypsin;AC=MS:1001251	not applicable	not applicable	not applicable	NT=collision-induced dissociation;AC=MS:1000133	not available	not available	not available	not available	not available	not available	diaPASEF	1	1	Fixed_01_SC_13_s1-d2_1_2703.d	v1.1.0	NT=ms-proteomics;VV=v1.1.0	NT=single-cell;VV=v1.0.0	NT=dia-acquisition;VV=v1.1.0	NT=cell-lines;VV=v1.1.0	manual curation	0.1% paraformaldehyde fixation, 20 min
Fixed_01_SC_14_s1-d3_1_2704	NT=Homo sapiens;AC=NCBITaxon:9606	NT=colon;AC=UBERON:0001155	NT=colorectal carcinoma;AC=MONDO:0024331	NT=epithelial cell;AC=CL:0000066	NT=RKO;AC=CLO:0008825	CVCL_0504	RKO	0.1% paraformaldehyde fixation, 20 min	NT=single cell;AC=PRIDE:0000897	cellenONE	Fixed_01_SC_14_s1-d3_1_2704	1	229	run 229	proteomic profiling by mass spectrometry	data-independent acquisition	NT=timsTOF SCP;AC=MS:1003231	NT=label free sample;AC=MS:1002038	NT=Trypsin;AC=MS:1001251	not applicable	not applicable	not applicable	NT=collision-induced dissociation;AC=MS:1000133	not available	not available	not available	not available	not available	not available	diaPASEF	1	1	Fixed_01_SC_14_s1-d3_1_2704.d	v1.1.0	NT=ms-proteomics;VV=v1.1.0	NT=single-cell;VV=v1.0.0	NT=dia-acquisition;VV=v1.1.0	NT=cell-lines;VV=v1.1.0	manual curation	0.1% paraformaldehyde fixation, 20 min
Fixed_01_SC_15_s1-d4_1_2705	NT=Homo sapiens;AC=NCBITaxon:9606	NT=colon;AC=UBERON:0001155	NT=colorectal carcinoma;AC=MONDO:0024331	NT=epithelial cell;AC=CL:0000066	NT=RKO;AC=CLO:0008825	CVCL_0504	RKO	0.1% paraformaldehyde fixation, 20 min	NT=single cell;AC=PRIDE:0000897	cellenONE	Fixed_01_SC_15_s1-d4_1_2705	1	230	run 230	proteomic profiling by mass spectrometry	data-independent acquisition	NT=timsTOF SCP;AC=MS:1003231	NT=label free sample;AC=MS:1002038	NT=Trypsin;AC=MS:1001251	not applicable	not applicable	not applicable	NT=collision-induced dissociation;AC=MS:1000133	not available	not available	not available	not available	not available	not available	diaPASEF	1	1	Fixed_01_SC_15_s1-d4_1_2705.d	v1.1.0	NT=ms-proteomics;VV=v1.1.0	NT=single-cell;VV=v1.0.0	NT=dia-acquisition;VV=v1.1.0	NT=cell-lines;VV=v1.1.0	manual curation	0.1% paraformaldehyde fixation, 20 min
Fixed_01_SC_16_s1-d5_1_2706	NT=Homo sapiens;AC=NCBITaxon:9606	NT=colon;AC=UBERON:0001155	NT=colorectal carcinoma;AC=MONDO:0024331	NT=epithelial cell;AC=CL:0000066	NT=RKO;AC=CLO:0008825	CVCL_0504	RKO	0.1% paraformaldehyde fixation, 20 min	NT=single cell;AC=PRIDE:0000897	cellenONE	Fixed_01_SC_16_s1-d5_1_2706	1	231	run 231	proteomic profiling by mass spectrometry	data-independent acquisition	NT=timsTOF SCP;AC=MS:1003231	NT=label free sample;AC=MS:1002038	NT=Trypsin;AC=MS:1001251	not applicable	not applicable	not applicable	NT=collision-induced dissociation;AC=MS:1000133	not available	not available	not available	not available	not available	not available	diaPASEF	1	1	Fixed_01_SC_16_s1-d5_1_2706.d	v1.1.0	NT=ms-proteomics;VV=v1.1.0	NT=single-cell;VV=v1.0.0	NT=dia-acquisition;VV=v1.1.0	NT=cell-lines;VV=v1.1.0	manual curation	0.1% paraformaldehyde fixation, 20 min
Fixed_01_SC_17_s1-d6_1_2707	NT=Homo sapiens;AC=NCBITaxon:9606	NT=colon;AC=UBERON:0001155	NT=colorectal carcinoma;AC=MONDO:0024331	NT=epithelial cell;AC=CL:0000066	NT=RKO;AC=CLO:0008825	CVCL_0504	RKO	0.1% paraformaldehyde fixation, 20 min	NT=single cell;AC=PRIDE:0000897	cellenONE	Fixed_01_SC_17_s1-d6_1_2707	1	232	run 232	proteomic profiling by mass spectrometry	data-independent acquisition	NT=timsTOF SCP;AC=MS:1003231	NT=label free sample;AC=MS:1002038	NT=Trypsin;AC=MS:1001251	not applicable	not applicable	not applicable	NT=collision-induced dissociation;AC=MS:1000133	not available	not available	not available	not available	not available	not available	diaPASEF	1	1	Fixed_01_SC_17_s1-d6_1_2707.d	v1.1.0	NT=ms-proteomics;VV=v1.1.0	NT=single-cell;VV=v1.0.0	NT=dia-acquisition;VV=v1.1.0	NT=cell-lines;VV=v1.1.0	manual curation	0.1% paraformaldehyde fixation, 20 min
Fixed_01_SC_18_s1-d7_1_2708	NT=Homo sapiens;AC=NCBITaxon:9606	NT=colon;AC=UBERON:0001155	NT=colorectal carcinoma;AC=MONDO:0024331	NT=epithelial cell;AC=CL:0000066	NT=RKO;AC=CLO:0008825	CVCL_0504	RKO	0.1% paraformaldehyde fixation, 20 min	NT=single cell;AC=PRIDE:0000897	cellenONE	Fixed_01_SC_18_s1-d7_1_2708	1	233	run 233	proteomic profiling by mass spectrometry	data-independent acquisition	NT=timsTOF SCP;AC=MS:1003231	NT=label free sample;AC=MS:1002038	NT=Trypsin;AC=MS:1001251	not applicable	not applicable	not applicable	NT=collision-induced dissociation;AC=MS:1000133	not available	not available	not available	not available	not available	not available	diaPASEF	1	1	Fixed_01_SC_18_s1-d7_1_2708.d	v1.1.0	NT=ms-proteomics;VV=v1.1.0	NT=single-cell;VV=v1.0.0	NT=dia-acquisition;VV=v1.1.0	NT=cell-lines;VV=v1.1.0	manual curation	0.1% paraformaldehyde fixation, 20 min
Fixed_01_SC_19_s1-d8_1_2709	NT=Homo sapiens;AC=NCBITaxon:9606	NT=colon;AC=UBERON:0001155	NT=colorectal carcinoma;AC=MONDO:0024331	NT=epithelial cell;AC=CL:0000066	NT=RKO;AC=CLO:0008825	CVCL_0504	RKO	0.1% paraformaldehyde fixation, 20 min	NT=single cell;AC=PRIDE:0000897	cellenONE	Fixed_01_SC_19_s1-d8_1_2709	1	234	run 234	proteomic profiling by mass spectrometry	data-independent acquisition	NT=timsTOF SCP;AC=MS:1003231	NT=label free sample;AC=MS:1002038	NT=Trypsin;AC=MS:1001251	not applicable	not applicable	not applicable	NT=collision-induced dissociation;AC=MS:1000133	not available	not available	not available	not available	not available	not available	diaPASEF	1	1	Fixed_01_SC_19_s1-d8_1_2709.d	v1.1.0	NT=ms-proteomics;VV=v1.1.0	NT=single-cell;VV=v1.0.0	NT=dia-acquisition;VV=v1.1.0	NT=cell-lines;VV=v1.1.0	manual curation	0.1% paraformaldehyde fixation, 20 min
Fixed_01_SC_1_s1-c1_1_2690	NT=Homo sapiens;AC=NCBITaxon:9606	NT=colon;AC=UBERON:0001155	NT=colorectal carcinoma;AC=MONDO:0024331	NT=epithelial cell;AC=CL:0000066	NT=RKO;AC=CLO:0008825	CVCL_0504	RKO	0.1% paraformaldehyde fixation, 20 min	NT=single cell;AC=PRIDE:0000897	cellenONE	Fixed_01_SC_1_s1-c1_1_2690	1	235	run 235	proteomic profiling by mass spectrometry	data-independent acquisition	NT=timsTOF SCP;AC=MS:1003231	NT=label free sample;AC=MS:1002038	NT=Trypsin;AC=MS:1001251	not applicable	not applicable	not applicable	NT=collision-induced dissociation;AC=MS:1000133	not available	not available	not available	not available	not available	not available	diaPASEF	1	1	Fixed_01_SC_1_s1-c1_1_2690.d	v1.1.0	NT=ms-proteomics;VV=v1.1.0	NT=single-cell;VV=v1.0.0	NT=dia-acquisition;VV=v1.1.0	NT=cell-lines;VV=v1.1.0	manual curation	0.1% paraformaldehyde fixation, 20 min
Fixed_01_SC_2_s1-c2_1_2691	NT=Homo sapiens;AC=NCBITaxon:9606	NT=colon;AC=UBERON:0001155	NT=colorectal carcinoma;AC=MONDO:0024331	NT=epithelial cell;AC=CL:0000066	NT=RKO;AC=CLO:0008825	CVCL_0504	RKO	0.1% paraformaldehyde fixation, 20 min	NT=single cell;AC=PRIDE:0000897	cellenONE	Fixed_01_SC_2_s1-c2_1_2691	1	236	run 236	proteomic profiling by mass spectrometry	data-independent acquisition	NT=timsTOF SCP;AC=MS:1003231	NT=label free sample;AC=MS:1002038	NT=Trypsin;AC=MS:1001251	not applicable	not applicable	not applicable	NT=collision-induced dissociation;AC=MS:1000133	not available	not available	not available	not available	not available	not available	diaPASEF	1	1	Fixed_01_SC_2_s1-c2_1_2691.d	v1.1.0	NT=ms-proteomics;VV=v1.1.0	NT=single-cell;VV=v1.0.0	NT=dia-acquisition;VV=v1.1.0	NT=cell-lines;VV=v1.1.0	manual curation	0.1% paraformaldehyde fixation, 20 min
Fixed_01_SC_3_s1-c3_1_2692	NT=Homo sapiens;AC=NCBITaxon:9606	NT=colon;AC=UBERON:0001155	NT=colorectal carcinoma;AC=MONDO:0024331	NT=epithelial cell;AC=CL:0000066	NT=RKO;AC=CLO:0008825	CVCL_0504	RKO	0.1% paraformaldehyde fixation, 20 min	NT=single cell;AC=PRIDE:0000897	cellenONE	Fixed_01_SC_3_s1-c3_1_2692	1	237	run 237	proteomic profiling by mass spectrometry	data-independent acquisition	NT=timsTOF SCP;AC=MS:1003231	NT=label free sample;AC=MS:1002038	NT=Trypsin;AC=MS:1001251	not applicable	not applicable	not applicable	NT=collision-induced dissociation;AC=MS:1000133	not available	not available	not available	not available	not available	not available	diaPASEF	1	1	Fixed_01_SC_3_s1-c3_1_2692.d	v1.1.0	NT=ms-proteomics;VV=v1.1.0	NT=single-cell;VV=v1.0.0	NT=dia-acquisition;VV=v1.1.0	NT=cell-lines;VV=v1.1.0	manual curation	0.1% paraformaldehyde fixation, 20 min
Fixed_01_SC_4_s1-c4_1_2693	NT=Homo sapiens;AC=NCBITaxon:9606	NT=colon;AC=UBERON:0001155	NT=colorectal carcinoma;AC=MONDO:0024331	NT=epithelial cell;AC=CL:0000066	NT=RKO;AC=CLO:0008825	CVCL_0504	RKO	0.1% paraformaldehyde fixation, 20 min	NT=single cell;AC=PRIDE:0000897	cellenONE	Fixed_01_SC_4_s1-c4_1_2693	1	238	run 238	proteomic profiling by mass spectrometry	data-independent acquisition	NT=timsTOF SCP;AC=MS:1003231	NT=label free sample;AC=MS:1002038	NT=Trypsin;AC=MS:1001251	not applicable	not applicable	not applicable	NT=collision-induced dissociation;AC=MS:1000133	not available	not available	not available	not available	not available	not available	diaPASEF	1	1	Fixed_01_SC_4_s1-c4_1_2693.d	v1.1.0	NT=ms-proteomics;VV=v1.1.0	NT=single-cell;VV=v1.0.0	NT=dia-acquisition;VV=v1.1.0	NT=cell-lines;VV=v1.1.0	manual curation	0.1% paraformaldehyde fixation, 20 min
Fixed_01_SC_5_s1-c5_1_2694	NT=Homo sapiens;AC=NCBITaxon:9606	NT=colon;AC=UBERON:0001155	NT=colorectal carcinoma;AC=MONDO:0024331	NT=epithelial cell;AC=CL:0000066	NT=RKO;AC=CLO:0008825	CVCL_0504	RKO	0.1% paraformaldehyde fixation, 20 min	NT=single cell;AC=PRIDE:0000897	cellenONE	Fixed_01_SC_5_s1-c5_1_2694	1	239	run 239	proteomic profiling by mass spectrometry	data-independent acquisition	NT=timsTOF SCP;AC=MS:1003231	NT=label free sample;AC=MS:1002038	NT=Trypsin;AC=MS:1001251	not applicable	not applicable	not applicable	NT=collision-induced dissociation;AC=MS:1000133	not available	not available	not available	not available	not available	not available	diaPASEF	1	1	Fixed_01_SC_5_s1-c5_1_2694.d	v1.1.0	NT=ms-proteomics;VV=v1.1.0	NT=single-cell;VV=v1.0.0	NT=dia-acquisition;VV=v1.1.0	NT=cell-lines;VV=v1.1.0	manual curation	0.1% paraformaldehyde fixation, 20 min
Fixed_01_SC_6_s1-c6_1_2695	NT=Homo sapiens;AC=NCBITaxon:9606	NT=colon;AC=UBERON:0001155	NT=colorectal carcinoma;AC=MONDO:0024331	NT=epithelial cell;AC=CL:0000066	NT=RKO;AC=CLO:0008825	CVCL_0504	RKO	0.1% paraformaldehyde fixation, 20 min	NT=single cell;AC=PRIDE:0000897	cellenONE	Fixed_01_SC_6_s1-c6_1_2695	1	240	run 240	proteomic profiling by mass spectrometry	data-independent acquisition	NT=timsTOF SCP;AC=MS:1003231	NT=label free sample;AC=MS:1002038	NT=Trypsin;AC=MS:1001251	not applicable	not applicable	not applicable	NT=collision-induced dissociation;AC=MS:1000133	not available	not available	not available	not available	not available	not available	diaPASEF	1	1	Fixed_01_SC_6_s1-c6_1_2695.d	v1.1.0	NT=ms-proteomics;VV=v1.1.0	NT=single-cell;VV=v1.0.0	NT=dia-acquisition;VV=v1.1.0	NT=cell-lines;VV=v1.1.0	manual curation	0.1% paraformaldehyde fixation, 20 min
Fixed_01_SC_7_s1-c7_1_2696	NT=Homo sapiens;AC=NCBITaxon:9606	NT=colon;AC=UBERON:0001155	NT=colorectal carcinoma;AC=MONDO:0024331	NT=epithelial cell;AC=CL:0000066	NT=RKO;AC=CLO:0008825	CVCL_0504	RKO	0.1% paraformaldehyde fixation, 20 min	NT=single cell;AC=PRIDE:0000897	cellenONE	Fixed_01_SC_7_s1-c7_1_2696	1	241	run 241	proteomic profiling by mass spectrometry	data-independent acquisition	NT=timsTOF SCP;AC=MS:1003231	NT=label free sample;AC=MS:1002038	NT=Trypsin;AC=MS:1001251	not applicable	not applicable	not applicable	NT=collision-induced dissociation;AC=MS:1000133	not available	not available	not available	not available	not available	not available	diaPASEF	1	1	Fixed_01_SC_7_s1-c7_1_2696.d	v1.1.0	NT=ms-proteomics;VV=v1.1.0	NT=single-cell;VV=v1.0.0	NT=dia-acquisition;VV=v1.1.0	NT=cell-lines;VV=v1.1.0	manual curation	0.1% paraformaldehyde fixation, 20 min
Fixed_01_SC_8_s1-c8_1_2697	NT=Homo sapiens;AC=NCBITaxon:9606	NT=colon;AC=UBERON:0001155	NT=colorectal carcinoma;AC=MONDO:0024331	NT=epithelial cell;AC=CL:0000066	NT=RKO;AC=CLO:0008825	CVCL_0504	RKO	0.1% paraformaldehyde fixation, 20 min	NT=single cell;AC=PRIDE:0000897	cellenONE	Fixed_01_SC_8_s1-c8_1_2697	1	242	run 242	proteomic profiling by mass spectrometry	data-independent acquisition	NT=timsTOF SCP;AC=MS:1003231	NT=label free sample;AC=MS:1002038	NT=Trypsin;AC=MS:1001251	not applicable	not applicable	not applicable	NT=collision-induced dissociation;AC=MS:1000133	not available	not available	not available	not available	not available	not available	diaPASEF	1	1	Fixed_01_SC_8_s1-c8_1_2697.d	v1.1.0	NT=ms-proteomics;VV=v1.1.0	NT=single-cell;VV=v1.0.0	NT=dia-acquisition;VV=v1.1.0	NT=cell-lines;VV=v1.1.0	manual curation	0.1% paraformaldehyde fixation, 20 min
Fixed_01_SC_9_s1-c9_1_2698	NT=Homo sapiens;AC=NCBITaxon:9606	NT=colon;AC=UBERON:0001155	NT=colorectal carcinoma;AC=MONDO:0024331	NT=epithelial cell;AC=CL:0000066	NT=RKO;AC=CLO:0008825	CVCL_0504	RKO	0.1% paraformaldehyde fixation, 20 min	NT=single cell;AC=PRIDE:0000897	cellenONE	Fixed_01_SC_9_s1-c9_1_2698	1	243	run 243	proteomic profiling by mass spectrometry	data-independent acquisition	NT=timsTOF SCP;AC=MS:1003231	NT=label free sample;AC=MS:1002038	NT=Trypsin;AC=MS:1001251	not applicable	not applicable	not applicable	NT=collision-induced dissociation;AC=MS:1000133	not available	not available	not available	not available	not available	not available	diaPASEF	1	1	Fixed_01_SC_9_s1-c9_1_2698.d	v1.1.0	NT=ms-proteomics;VV=v1.1.0	NT=single-cell;VV=v1.0.0	NT=dia-acquisition;VV=v1.1.0	NT=cell-lines;VV=v1.1.0	manual curation	0.1% paraformaldehyde fixation, 20 min
Fixed_03_SC_10_s1-e10_1_2723	NT=Homo sapiens;AC=NCBITaxon:9606	NT=colon;AC=UBERON:0001155	NT=colorectal carcinoma;AC=MONDO:0024331	NT=epithelial cell;AC=CL:0000066	NT=RKO;AC=CLO:0008825	CVCL_0504	RKO	0.3% paraformaldehyde fixation, 20 min	NT=single cell;AC=PRIDE:0000897	cellenONE	Fixed_03_SC_10_s1-e10_1_2723	1	244	run 244	proteomic profiling by mass spectrometry	data-independent acquisition	NT=timsTOF SCP;AC=MS:1003231	NT=label free sample;AC=MS:1002038	NT=Trypsin;AC=MS:1001251	not applicable	not applicable	not applicable	NT=collision-induced dissociation;AC=MS:1000133	not available	not available	not available	not available	not available	not available	diaPASEF	1	1	Fixed_03_SC_10_s1-e10_1_2723.d	v1.1.0	NT=ms-proteomics;VV=v1.1.0	NT=single-cell;VV=v1.0.0	NT=dia-acquisition;VV=v1.1.0	NT=cell-lines;VV=v1.1.0	manual curation	0.3% paraformaldehyde fixation, 20 min
Fixed_03_SC_11_s1-e11_1_2724	NT=Homo sapiens;AC=NCBITaxon:9606	NT=colon;AC=UBERON:0001155	NT=colorectal carcinoma;AC=MONDO:0024331	NT=epithelial cell;AC=CL:0000066	NT=RKO;AC=CLO:0008825	CVCL_0504	RKO	0.3% paraformaldehyde fixation, 20 min	NT=single cell;AC=PRIDE:0000897	cellenONE	Fixed_03_SC_11_s1-e11_1_2724	1	245	run 245	proteomic profiling by mass spectrometry	data-independent acquisition	NT=timsTOF SCP;AC=MS:1003231	NT=label free sample;AC=MS:1002038	NT=Trypsin;AC=MS:1001251	not applicable	not applicable	not applicable	NT=collision-induced dissociation;AC=MS:1000133	not available	not available	not available	not available	not available	not available	diaPASEF	1	1	Fixed_03_SC_11_s1-e11_1_2724.d	v1.1.0	NT=ms-proteomics;VV=v1.1.0	NT=single-cell;VV=v1.0.0	NT=dia-acquisition;VV=v1.1.0	NT=cell-lines;VV=v1.1.0	manual curation	0.3% paraformaldehyde fixation, 20 min
Fixed_03_SC_12_s1-e12_1_2725	NT=Homo sapiens;AC=NCBITaxon:9606	NT=colon;AC=UBERON:0001155	NT=colorectal carcinoma;AC=MONDO:0024331	NT=epithelial cell;AC=CL:0000066	NT=RKO;AC=CLO:0008825	CVCL_0504	RKO	0.3% paraformaldehyde fixation, 20 min	NT=single cell;AC=PRIDE:0000897	cellenONE	Fixed_03_SC_12_s1-e12_1_2725	1	246	run 246	proteomic profiling by mass spectrometry	data-independent acquisition	NT=timsTOF SCP;AC=MS:1003231	NT=label free sample;AC=MS:1002038	NT=Trypsin;AC=MS:1001251	not applicable	not applicable	not applicable	NT=collision-induced dissociation;AC=MS:1000133	not available	not available	not available	not available	not available	not available	diaPASEF	1	1	Fixed_03_SC_12_s1-e12_1_2725.d	v1.1.0	NT=ms-proteomics;VV=v1.1.0	NT=single-cell;VV=v1.0.0	NT=dia-acquisition;VV=v1.1.0	NT=cell-lines;VV=v1.1.0	manual curation	0.3% paraformaldehyde fixation, 20 min
Fixed_03_SC_13_s1-f2_1_2727	NT=Homo sapiens;AC=NCBITaxon:9606	NT=colon;AC=UBERON:0001155	NT=colorectal carcinoma;AC=MONDO:0024331	NT=epithelial cell;AC=CL:0000066	NT=RKO;AC=CLO:0008825	CVCL_0504	RKO	0.3% paraformaldehyde fixation, 20 min	NT=single cell;AC=PRIDE:0000897	cellenONE	Fixed_03_SC_13_s1-f2_1_2727	1	247	run 247	proteomic profiling by mass spectrometry	data-independent acquisition	NT=timsTOF SCP;AC=MS:1003231	NT=label free sample;AC=MS:1002038	NT=Trypsin;AC=MS:1001251	not applicable	not applicable	not applicable	NT=collision-induced dissociation;AC=MS:1000133	not available	not available	not available	not available	not available	not available	diaPASEF	1	1	Fixed_03_SC_13_s1-f2_1_2727.d	v1.1.0	NT=ms-proteomics;VV=v1.1.0	NT=single-cell;VV=v1.0.0	NT=dia-acquisition;VV=v1.1.0	NT=cell-lines;VV=v1.1.0	manual curation	0.3% paraformaldehyde fixation, 20 min
Fixed_03_SC_14_s1-f3_1_2728	NT=Homo sapiens;AC=NCBITaxon:9606	NT=colon;AC=UBERON:0001155	NT=colorectal carcinoma;AC=MONDO:0024331	NT=epithelial cell;AC=CL:0000066	NT=RKO;AC=CLO:0008825	CVCL_0504	RKO	0.3% paraformaldehyde fixation, 20 min	NT=single cell;AC=PRIDE:0000897	cellenONE	Fixed_03_SC_14_s1-f3_1_2728	1	248	run 248	proteomic profiling by mass spectrometry	data-independent acquisition	NT=timsTOF SCP;AC=MS:1003231	NT=label free sample;AC=MS:1002038	NT=Trypsin;AC=MS:1001251	not applicable	not applicable	not applicable	NT=collision-induced dissociation;AC=MS:1000133	not available	not available	not available	not available	not available	not available	diaPASEF	1	1	Fixed_03_SC_14_s1-f3_1_2728.d	v1.1.0	NT=ms-proteomics;VV=v1.1.0	NT=single-cell;VV=v1.0.0	NT=dia-acquisition;VV=v1.1.0	NT=cell-lines;VV=v1.1.0	manual curation	0.3% paraformaldehyde fixation, 20 min
Fixed_03_SC_15_s1-f4_1_2729	NT=Homo sapiens;AC=NCBITaxon:9606	NT=colon;AC=UBERON:0001155	NT=colorectal carcinoma;AC=MONDO:0024331	NT=epithelial cell;AC=CL:0000066	NT=RKO;AC=CLO:0008825	CVCL_0504	RKO	0.3% paraformaldehyde fixation, 20 min	NT=single cell;AC=PRIDE:0000897	cellenONE	Fixed_03_SC_15_s1-f4_1_2729	1	249	run 249	proteomic profiling by mass spectrometry	data-independent acquisition	NT=timsTOF SCP;AC=MS:1003231	NT=label free sample;AC=MS:1002038	NT=Trypsin;AC=MS:1001251	not applicable	not applicable	not applicable	NT=collision-induced dissociation;AC=MS:1000133	not available	not available	not available	not available	not available	not available	diaPASEF	1	1	Fixed_03_SC_15_s1-f4_1_2729.d	v1.1.0	NT=ms-proteomics;VV=v1.1.0	NT=single-cell;VV=v1.0.0	NT=dia-acquisition;VV=v1.1.0	NT=cell-lines;VV=v1.1.0	manual curation	0.3% paraformaldehyde fixation, 20 min
Fixed_03_SC_16_s1-f5_1_2730	NT=Homo sapiens;AC=NCBITaxon:9606	NT=colon;AC=UBERON:0001155	NT=colorectal carcinoma;AC=MONDO:0024331	NT=epithelial cell;AC=CL:0000066	NT=RKO;AC=CLO:0008825	CVCL_0504	RKO	0.3% paraformaldehyde fixation, 20 min	NT=single cell;AC=PRIDE:0000897	cellenONE	Fixed_03_SC_16_s1-f5_1_2730	1	250	run 250	proteomic profiling by mass spectrometry	data-independent acquisition	NT=timsTOF SCP;AC=MS:1003231	NT=label free sample;AC=MS:1002038	NT=Trypsin;AC=MS:1001251	not applicable	not applicable	not applicable	NT=collision-induced dissociation;AC=MS:1000133	not available	not available	not available	not available	not available	not available	diaPASEF	1	1	Fixed_03_SC_16_s1-f5_1_2730.d	v1.1.0	NT=ms-proteomics;VV=v1.1.0	NT=single-cell;VV=v1.0.0	NT=dia-acquisition;VV=v1.1.0	NT=cell-lines;VV=v1.1.0	manual curation	0.3% paraformaldehyde fixation, 20 min
Fixed_03_SC_17_s1-f6_1_2731	NT=Homo sapiens;AC=NCBITaxon:9606	NT=colon;AC=UBERON:0001155	NT=colorectal carcinoma;AC=MONDO:0024331	NT=epithelial cell;AC=CL:0000066	NT=RKO;AC=CLO:0008825	CVCL_0504	RKO	0.3% paraformaldehyde fixation, 20 min	NT=single cell;AC=PRIDE:0000897	cellenONE	Fixed_03_SC_17_s1-f6_1_2731	1	251	run 251	proteomic profiling by mass spectrometry	data-independent acquisition	NT=timsTOF SCP;AC=MS:1003231	NT=label free sample;AC=MS:1002038	NT=Trypsin;AC=MS:1001251	not applicable	not applicable	not applicable	NT=collision-induced dissociation;AC=MS:1000133	not available	not available	not available	not available	not available	not available	diaPASEF	1	1	Fixed_03_SC_17_s1-f6_1_2731.d	v1.1.0	NT=ms-proteomics;VV=v1.1.0	NT=single-cell;VV=v1.0.0	NT=dia-acquisition;VV=v1.1.0	NT=cell-lines;VV=v1.1.0	manual curation	0.3% paraformaldehyde fixation, 20 min
Fixed_03_SC_18_s1-f7_1_2732	NT=Homo sapiens;AC=NCBITaxon:9606	NT=colon;AC=UBERON:0001155	NT=colorectal carcinoma;AC=MONDO:0024331	NT=epithelial cell;AC=CL:0000066	NT=RKO;AC=CLO:0008825	CVCL_0504	RKO	0.3% paraformaldehyde fixation, 20 min	NT=single cell;AC=PRIDE:0000897	cellenONE	Fixed_03_SC_18_s1-f7_1_2732	1	252	run 252	proteomic profiling by mass spectrometry	data-independent acquisition	NT=timsTOF SCP;AC=MS:1003231	NT=label free sample;AC=MS:1002038	NT=Trypsin;AC=MS:1001251	not applicable	not applicable	not applicable	NT=collision-induced dissociation;AC=MS:1000133	not available	not available	not available	not available	not available	not available	diaPASEF	1	1	Fixed_03_SC_18_s1-f7_1_2732.d	v1.1.0	NT=ms-proteomics;VV=v1.1.0	NT=single-cell;VV=v1.0.0	NT=dia-acquisition;VV=v1.1.0	NT=cell-lines;VV=v1.1.0	manual curation	0.3% paraformaldehyde fixation, 20 min
Fixed_03_SC_19_s1-f8_1_2733	NT=Homo sapiens;AC=NCBITaxon:9606	NT=colon;AC=UBERON:0001155	NT=colorectal carcinoma;AC=MONDO:0024331	NT=epithelial cell;AC=CL:0000066	NT=RKO;AC=CLO:0008825	CVCL_0504	RKO	0.3% paraformaldehyde fixation, 20 min	NT=single cell;AC=PRIDE:0000897	cellenONE	Fixed_03_SC_19_s1-f8_1_2733	1	253	run 253	proteomic profiling by mass spectrometry	data-independent acquisition	NT=timsTOF SCP;AC=MS:1003231	NT=label free sample;AC=MS:1002038	NT=Trypsin;AC=MS:1001251	not applicable	not applicable	not applicable	NT=collision-induced dissociation;AC=MS:1000133	not available	not available	not available	not available	not available	not available	diaPASEF	1	1	Fixed_03_SC_19_s1-f8_1_2733.d	v1.1.0	NT=ms-proteomics;VV=v1.1.0	NT=single-cell;VV=v1.0.0	NT=dia-acquisition;VV=v1.1.0	NT=cell-lines;VV=v1.1.0	manual curation	0.3% paraformaldehyde fixation, 20 min
Fixed_03_SC_1_s1-e1_1_2714	NT=Homo sapiens;AC=NCBITaxon:9606	NT=colon;AC=UBERON:0001155	NT=colorectal carcinoma;AC=MONDO:0024331	NT=epithelial cell;AC=CL:0000066	NT=RKO;AC=CLO:0008825	CVCL_0504	RKO	0.3% paraformaldehyde fixation, 20 min	NT=single cell;AC=PRIDE:0000897	cellenONE	Fixed_03_SC_1_s1-e1_1_2714	1	254	run 254	proteomic profiling by mass spectrometry	data-independent acquisition	NT=timsTOF SCP;AC=MS:1003231	NT=label free sample;AC=MS:1002038	NT=Trypsin;AC=MS:1001251	not applicable	not applicable	not applicable	NT=collision-induced dissociation;AC=MS:1000133	not available	not available	not available	not available	not available	not available	diaPASEF	1	1	Fixed_03_SC_1_s1-e1_1_2714.d	v1.1.0	NT=ms-proteomics;VV=v1.1.0	NT=single-cell;VV=v1.0.0	NT=dia-acquisition;VV=v1.1.0	NT=cell-lines;VV=v1.1.0	manual curation	0.3% paraformaldehyde fixation, 20 min
Fixed_03_SC_2_s1-e2_1_2715	NT=Homo sapiens;AC=NCBITaxon:9606	NT=colon;AC=UBERON:0001155	NT=colorectal carcinoma;AC=MONDO:0024331	NT=epithelial cell;AC=CL:0000066	NT=RKO;AC=CLO:0008825	CVCL_0504	RKO	0.3% paraformaldehyde fixation, 20 min	NT=single cell;AC=PRIDE:0000897	cellenONE	Fixed_03_SC_2_s1-e2_1_2715	1	255	run 255	proteomic profiling by mass spectrometry	data-independent acquisition	NT=timsTOF SCP;AC=MS:1003231	NT=label free sample;AC=MS:1002038	NT=Trypsin;AC=MS:1001251	not applicable	not applicable	not applicable	NT=collision-induced dissociation;AC=MS:1000133	not available	not available	not available	not available	not available	not available	diaPASEF	1	1	Fixed_03_SC_2_s1-e2_1_2715.d	v1.1.0	NT=ms-proteomics;VV=v1.1.0	NT=single-cell;VV=v1.0.0	NT=dia-acquisition;VV=v1.1.0	NT=cell-lines;VV=v1.1.0	manual curation	0.3% paraformaldehyde fixation, 20 min
Fixed_03_SC_3_s1-e3_1_2716	NT=Homo sapiens;AC=NCBITaxon:9606	NT=colon;AC=UBERON:0001155	NT=colorectal carcinoma;AC=MONDO:0024331	NT=epithelial cell;AC=CL:0000066	NT=RKO;AC=CLO:0008825	CVCL_0504	RKO	0.3% paraformaldehyde fixation, 20 min	NT=single cell;AC=PRIDE:0000897	cellenONE	Fixed_03_SC_3_s1-e3_1_2716	1	256	run 256	proteomic profiling by mass spectrometry	data-independent acquisition	NT=timsTOF SCP;AC=MS:1003231	NT=label free sample;AC=MS:1002038	NT=Trypsin;AC=MS:1001251	not applicable	not applicable	not applicable	NT=collision-induced dissociation;AC=MS:1000133	not available	not available	not available	not available	not available	not available	diaPASEF	1	1	Fixed_03_SC_3_s1-e3_1_2716.d	v1.1.0	NT=ms-proteomics;VV=v1.1.0	NT=single-cell;VV=v1.0.0	NT=dia-acquisition;VV=v1.1.0	NT=cell-lines;VV=v1.1.0	manual curation	0.3% paraformaldehyde fixation, 20 min
Fixed_03_SC_4_s1-e4_1_2717	NT=Homo sapiens;AC=NCBITaxon:9606	NT=colon;AC=UBERON:0001155	NT=colorectal carcinoma;AC=MONDO:0024331	NT=epithelial cell;AC=CL:0000066	NT=RKO;AC=CLO:0008825	CVCL_0504	RKO	0.3% paraformaldehyde fixation, 20 min	NT=single cell;AC=PRIDE:0000897	cellenONE	Fixed_03_SC_4_s1-e4_1_2717	1	257	run 257	proteomic profiling by mass spectrometry	data-independent acquisition	NT=timsTOF SCP;AC=MS:1003231	NT=label free sample;AC=MS:1002038	NT=Trypsin;AC=MS:1001251	not applicable	not applicable	not applicable	NT=collision-induced dissociation;AC=MS:1000133	not available	not available	not available	not available	not available	not available	diaPASEF	1	1	Fixed_03_SC_4_s1-e4_1_2717.d	v1.1.0	NT=ms-proteomics;VV=v1.1.0	NT=single-cell;VV=v1.0.0	NT=dia-acquisition;VV=v1.1.0	NT=cell-lines;VV=v1.1.0	manual curation	0.3% paraformaldehyde fixation, 20 min
Fixed_03_SC_5_s1-e5_1_2718	NT=Homo sapiens;AC=NCBITaxon:9606	NT=colon;AC=UBERON:0001155	NT=colorectal carcinoma;AC=MONDO:0024331	NT=epithelial cell;AC=CL:0000066	NT=RKO;AC=CLO:0008825	CVCL_0504	RKO	0.3% paraformaldehyde fixation, 20 min	NT=single cell;AC=PRIDE:0000897	cellenONE	Fixed_03_SC_5_s1-e5_1_2718	1	258	run 258	proteomic profiling by mass spectrometry	data-independent acquisition	NT=timsTOF SCP;AC=MS:1003231	NT=label free sample;AC=MS:1002038	NT=Trypsin;AC=MS:1001251	not applicable	not applicable	not applicable	NT=collision-induced dissociation;AC=MS:1000133	not available	not available	not available	not available	not available	not available	diaPASEF	1	1	Fixed_03_SC_5_s1-e5_1_2718.d	v1.1.0	NT=ms-proteomics;VV=v1.1.0	NT=single-cell;VV=v1.0.0	NT=dia-acquisition;VV=v1.1.0	NT=cell-lines;VV=v1.1.0	manual curation	0.3% paraformaldehyde fixation, 20 min
Fixed_03_SC_6_s1-e6_1_2719	NT=Homo sapiens;AC=NCBITaxon:9606	NT=colon;AC=UBERON:0001155	NT=colorectal carcinoma;AC=MONDO:0024331	NT=epithelial cell;AC=CL:0000066	NT=RKO;AC=CLO:0008825	CVCL_0504	RKO	0.3% paraformaldehyde fixation, 20 min	NT=single cell;AC=PRIDE:0000897	cellenONE	Fixed_03_SC_6_s1-e6_1_2719	1	259	run 259	proteomic profiling by mass spectrometry	data-independent acquisition	NT=timsTOF SCP;AC=MS:1003231	NT=label free sample;AC=MS:1002038	NT=Trypsin;AC=MS:1001251	not applicable	not applicable	not applicable	NT=collision-induced dissociation;AC=MS:1000133	not available	not available	not available	not available	not available	not available	diaPASEF	1	1	Fixed_03_SC_6_s1-e6_1_2719.d	v1.1.0	NT=ms-proteomics;VV=v1.1.0	NT=single-cell;VV=v1.0.0	NT=dia-acquisition;VV=v1.1.0	NT=cell-lines;VV=v1.1.0	manual curation	0.3% paraformaldehyde fixation, 20 min
Fixed_03_SC_7_s1-e7_1_2720	NT=Homo sapiens;AC=NCBITaxon:9606	NT=colon;AC=UBERON:0001155	NT=colorectal carcinoma;AC=MONDO:0024331	NT=epithelial cell;AC=CL:0000066	NT=RKO;AC=CLO:0008825	CVCL_0504	RKO	0.3% paraformaldehyde fixation, 20 min	NT=single cell;AC=PRIDE:0000897	cellenONE	Fixed_03_SC_7_s1-e7_1_2720	1	260	run 260	proteomic profiling by mass spectrometry	data-independent acquisition	NT=timsTOF SCP;AC=MS:1003231	NT=label free sample;AC=MS:1002038	NT=Trypsin;AC=MS:1001251	not applicable	not applicable	not applicable	NT=collision-induced dissociation;AC=MS:1000133	not available	not available	not available	not available	not available	not available	diaPASEF	1	1	Fixed_03_SC_7_s1-e7_1_2720.d	v1.1.0	NT=ms-proteomics;VV=v1.1.0	NT=single-cell;VV=v1.0.0	NT=dia-acquisition;VV=v1.1.0	NT=cell-lines;VV=v1.1.0	manual curation	0.3% paraformaldehyde fixation, 20 min
Fixed_03_SC_8_s1-e8_1_2721	NT=Homo sapiens;AC=NCBITaxon:9606	NT=colon;AC=UBERON:0001155	NT=colorectal carcinoma;AC=MONDO:0024331	NT=epithelial cell;AC=CL:0000066	NT=RKO;AC=CLO:0008825	CVCL_0504	RKO	0.3% paraformaldehyde fixation, 20 min	NT=single cell;AC=PRIDE:0000897	cellenONE	Fixed_03_SC_8_s1-e8_1_2721	1	261	run 261	proteomic profiling by mass spectrometry	data-independent acquisition	NT=timsTOF SCP;AC=MS:1003231	NT=label free sample;AC=MS:1002038	NT=Trypsin;AC=MS:1001251	not applicable	not applicable	not applicable	NT=collision-induced dissociation;AC=MS:1000133	not available	not available	not available	not available	not available	not available	diaPASEF	1	1	Fixed_03_SC_8_s1-e8_1_2721.d	v1.1.0	NT=ms-proteomics;VV=v1.1.0	NT=single-cell;VV=v1.0.0	NT=dia-acquisition;VV=v1.1.0	NT=cell-lines;VV=v1.1.0	manual curation	0.3% paraformaldehyde fixation, 20 min
Fixed_03_SC_9_s1-e9_1_2722	NT=Homo sapiens;AC=NCBITaxon:9606	NT=colon;AC=UBERON:0001155	NT=colorectal carcinoma;AC=MONDO:0024331	NT=epithelial cell;AC=CL:0000066	NT=RKO;AC=CLO:0008825	CVCL_0504	RKO	0.3% paraformaldehyde fixation, 20 min	NT=single cell;AC=PRIDE:0000897	cellenONE	Fixed_03_SC_9_s1-e9_1_2722	1	262	run 262	proteomic profiling by mass spectrometry	data-independent acquisition	NT=timsTOF SCP;AC=MS:1003231	NT=label free sample;AC=MS:1002038	NT=Trypsin;AC=MS:1001251	not applicable	not applicable	not applicable	NT=collision-induced dissociation;AC=MS:1000133	not available	not available	not available	not available	not available	not available	diaPASEF	1	1	Fixed_03_SC_9_s1-e9_1_2722.d	v1.1.0	NT=ms-proteomics;VV=v1.1.0	NT=single-cell;VV=v1.0.0	NT=dia-acquisition;VV=v1.1.0	NT=cell-lines;VV=v1.1.0	manual curation	0.3% paraformaldehyde fixation, 20 min
Fixed_1_SC_10_s1-g10_1_2747	NT=Homo sapiens;AC=NCBITaxon:9606	NT=colon;AC=UBERON:0001155	NT=colorectal carcinoma;AC=MONDO:0024331	NT=epithelial cell;AC=CL:0000066	NT=RKO;AC=CLO:0008825	CVCL_0504	RKO	1% paraformaldehyde fixation, 20 min	NT=single cell;AC=PRIDE:0000897	cellenONE	Fixed_1_SC_10_s1-g10_1_2747	1	263	run 263	proteomic profiling by mass spectrometry	data-independent acquisition	NT=timsTOF SCP;AC=MS:1003231	NT=label free sample;AC=MS:1002038	NT=Trypsin;AC=MS:1001251	not applicable	not applicable	not applicable	NT=collision-induced dissociation;AC=MS:1000133	not available	not available	not available	not available	not available	not available	diaPASEF	1	1	Fixed_1_SC_10_s1-g10_1_2747.d	v1.1.0	NT=ms-proteomics;VV=v1.1.0	NT=single-cell;VV=v1.0.0	NT=dia-acquisition;VV=v1.1.0	NT=cell-lines;VV=v1.1.0	manual curation	1% paraformaldehyde fixation, 20 min
Fixed_1_SC_11_s1-g11_1_2748	NT=Homo sapiens;AC=NCBITaxon:9606	NT=colon;AC=UBERON:0001155	NT=colorectal carcinoma;AC=MONDO:0024331	NT=epithelial cell;AC=CL:0000066	NT=RKO;AC=CLO:0008825	CVCL_0504	RKO	1% paraformaldehyde fixation, 20 min	NT=single cell;AC=PRIDE:0000897	cellenONE	Fixed_1_SC_11_s1-g11_1_2748	1	264	run 264	proteomic profiling by mass spectrometry	data-independent acquisition	NT=timsTOF SCP;AC=MS:1003231	NT=label free sample;AC=MS:1002038	NT=Trypsin;AC=MS:1001251	not applicable	not applicable	not applicable	NT=collision-induced dissociation;AC=MS:1000133	not available	not available	not available	not available	not available	not available	diaPASEF	1	1	Fixed_1_SC_11_s1-g11_1_2748.d	v1.1.0	NT=ms-proteomics;VV=v1.1.0	NT=single-cell;VV=v1.0.0	NT=dia-acquisition;VV=v1.1.0	NT=cell-lines;VV=v1.1.0	manual curation	1% paraformaldehyde fixation, 20 min
Fixed_1_SC_12_s1-g12_1_2749	NT=Homo sapiens;AC=NCBITaxon:9606	NT=colon;AC=UBERON:0001155	NT=colorectal carcinoma;AC=MONDO:0024331	NT=epithelial cell;AC=CL:0000066	NT=RKO;AC=CLO:0008825	CVCL_0504	RKO	1% paraformaldehyde fixation, 20 min	NT=single cell;AC=PRIDE:0000897	cellenONE	Fixed_1_SC_12_s1-g12_1_2749	1	265	run 265	proteomic profiling by mass spectrometry	data-independent acquisition	NT=timsTOF SCP;AC=MS:1003231	NT=label free sample;AC=MS:1002038	NT=Trypsin;AC=MS:1001251	not applicable	not applicable	not applicable	NT=collision-induced dissociation;AC=MS:1000133	not available	not available	not available	not available	not available	not available	diaPASEF	1	1	Fixed_1_SC_12_s1-g12_1_2749.d	v1.1.0	NT=ms-proteomics;VV=v1.1.0	NT=single-cell;VV=v1.0.0	NT=dia-acquisition;VV=v1.1.0	NT=cell-lines;VV=v1.1.0	manual curation	1% paraformaldehyde fixation, 20 min
Fixed_1_SC_13_s1-h2_1_2751	NT=Homo sapiens;AC=NCBITaxon:9606	NT=colon;AC=UBERON:0001155	NT=colorectal carcinoma;AC=MONDO:0024331	NT=epithelial cell;AC=CL:0000066	NT=RKO;AC=CLO:0008825	CVCL_0504	RKO	1% paraformaldehyde fixation, 20 min	NT=single cell;AC=PRIDE:0000897	cellenONE	Fixed_1_SC_13_s1-h2_1_2751	1	266	run 266	proteomic profiling by mass spectrometry	data-independent acquisition	NT=timsTOF SCP;AC=MS:1003231	NT=label free sample;AC=MS:1002038	NT=Trypsin;AC=MS:1001251	not applicable	not applicable	not applicable	NT=collision-induced dissociation;AC=MS:1000133	not available	not available	not available	not available	not available	not available	diaPASEF	1	1	Fixed_1_SC_13_s1-h2_1_2751.d	v1.1.0	NT=ms-proteomics;VV=v1.1.0	NT=single-cell;VV=v1.0.0	NT=dia-acquisition;VV=v1.1.0	NT=cell-lines;VV=v1.1.0	manual curation	1% paraformaldehyde fixation, 20 min
Fixed_1_SC_14_s1-h3_1_2752	NT=Homo sapiens;AC=NCBITaxon:9606	NT=colon;AC=UBERON:0001155	NT=colorectal carcinoma;AC=MONDO:0024331	NT=epithelial cell;AC=CL:0000066	NT=RKO;AC=CLO:0008825	CVCL_0504	RKO	1% paraformaldehyde fixation, 20 min	NT=single cell;AC=PRIDE:0000897	cellenONE	Fixed_1_SC_14_s1-h3_1_2752	1	267	run 267	proteomic profiling by mass spectrometry	data-independent acquisition	NT=timsTOF SCP;AC=MS:1003231	NT=label free sample;AC=MS:1002038	NT=Trypsin;AC=MS:1001251	not applicable	not applicable	not applicable	NT=collision-induced dissociation;AC=MS:1000133	not available	not available	not available	not available	not available	not available	diaPASEF	1	1	Fixed_1_SC_14_s1-h3_1_2752.d	v1.1.0	NT=ms-proteomics;VV=v1.1.0	NT=single-cell;VV=v1.0.0	NT=dia-acquisition;VV=v1.1.0	NT=cell-lines;VV=v1.1.0	manual curation	1% paraformaldehyde fixation, 20 min
Fixed_1_SC_15_s1-h4_1_2753	NT=Homo sapiens;AC=NCBITaxon:9606	NT=colon;AC=UBERON:0001155	NT=colorectal carcinoma;AC=MONDO:0024331	NT=epithelial cell;AC=CL:0000066	NT=RKO;AC=CLO:0008825	CVCL_0504	RKO	1% paraformaldehyde fixation, 20 min	NT=single cell;AC=PRIDE:0000897	cellenONE	Fixed_1_SC_15_s1-h4_1_2753	1	268	run 268	proteomic profiling by mass spectrometry	data-independent acquisition	NT=timsTOF SCP;AC=MS:1003231	NT=label free sample;AC=MS:1002038	NT=Trypsin;AC=MS:1001251	not applicable	not applicable	not applicable	NT=collision-induced dissociation;AC=MS:1000133	not available	not available	not available	not available	not available	not available	diaPASEF	1	1	Fixed_1_SC_15_s1-h4_1_2753.d	v1.1.0	NT=ms-proteomics;VV=v1.1.0	NT=single-cell;VV=v1.0.0	NT=dia-acquisition;VV=v1.1.0	NT=cell-lines;VV=v1.1.0	manual curation	1% paraformaldehyde fixation, 20 min
Fixed_1_SC_16_s1-h5_1_2754	NT=Homo sapiens;AC=NCBITaxon:9606	NT=colon;AC=UBERON:0001155	NT=colorectal carcinoma;AC=MONDO:0024331	NT=epithelial cell;AC=CL:0000066	NT=RKO;AC=CLO:0008825	CVCL_0504	RKO	1% paraformaldehyde fixation, 20 min	NT=single cell;AC=PRIDE:0000897	cellenONE	Fixed_1_SC_16_s1-h5_1_2754	1	269	run 269	proteomic profiling by mass spectrometry	data-independent acquisition	NT=timsTOF SCP;AC=MS:1003231	NT=label free sample;AC=MS:1002038	NT=Trypsin;AC=MS:1001251	not applicable	not applicable	not applicable	NT=collision-induced dissociation;AC=MS:1000133	not available	not available	not available	not available	not available	not available	diaPASEF	1	1	Fixed_1_SC_16_s1-h5_1_2754.d	v1.1.0	NT=ms-proteomics;VV=v1.1.0	NT=single-cell;VV=v1.0.0	NT=dia-acquisition;VV=v1.1.0	NT=cell-lines;VV=v1.1.0	manual curation	1% paraformaldehyde fixation, 20 min
Fixed_1_SC_17_s1-h6_1_2755	NT=Homo sapiens;AC=NCBITaxon:9606	NT=colon;AC=UBERON:0001155	NT=colorectal carcinoma;AC=MONDO:0024331	NT=epithelial cell;AC=CL:0000066	NT=RKO;AC=CLO:0008825	CVCL_0504	RKO	1% paraformaldehyde fixation, 20 min	NT=single cell;AC=PRIDE:0000897	cellenONE	Fixed_1_SC_17_s1-h6_1_2755	1	270	run 270	proteomic profiling by mass spectrometry	data-independent acquisition	NT=timsTOF SCP;AC=MS:1003231	NT=label free sample;AC=MS:1002038	NT=Trypsin;AC=MS:1001251	not applicable	not applicable	not applicable	NT=collision-induced dissociation;AC=MS:1000133	not available	not available	not available	not available	not available	not available	diaPASEF	1	1	Fixed_1_SC_17_s1-h6_1_2755.d	v1.1.0	NT=ms-proteomics;VV=v1.1.0	NT=single-cell;VV=v1.0.0	NT=dia-acquisition;VV=v1.1.0	NT=cell-lines;VV=v1.1.0	manual curation	1% paraformaldehyde fixation, 20 min
Fixed_1_SC_18_s1-h7_1_2756	NT=Homo sapiens;AC=NCBITaxon:9606	NT=colon;AC=UBERON:0001155	NT=colorectal carcinoma;AC=MONDO:0024331	NT=epithelial cell;AC=CL:0000066	NT=RKO;AC=CLO:0008825	CVCL_0504	RKO	1% paraformaldehyde fixation, 20 min	NT=single cell;AC=PRIDE:0000897	cellenONE	Fixed_1_SC_18_s1-h7_1_2756	1	271	run 271	proteomic profiling by mass spectrometry	data-independent acquisition	NT=timsTOF SCP;AC=MS:1003231	NT=label free sample;AC=MS:1002038	NT=Trypsin;AC=MS:1001251	not applicable	not applicable	not applicable	NT=collision-induced dissociation;AC=MS:1000133	not available	not available	not available	not available	not available	not available	diaPASEF	1	1	Fixed_1_SC_18_s1-h7_1_2756.d	v1.1.0	NT=ms-proteomics;VV=v1.1.0	NT=single-cell;VV=v1.0.0	NT=dia-acquisition;VV=v1.1.0	NT=cell-lines;VV=v1.1.0	manual curation	1% paraformaldehyde fixation, 20 min
Fixed_1_SC_19_s1-h8_1_2757	NT=Homo sapiens;AC=NCBITaxon:9606	NT=colon;AC=UBERON:0001155	NT=colorectal carcinoma;AC=MONDO:0024331	NT=epithelial cell;AC=CL:0000066	NT=RKO;AC=CLO:0008825	CVCL_0504	RKO	1% paraformaldehyde fixation, 20 min	NT=single cell;AC=PRIDE:0000897	cellenONE	Fixed_1_SC_19_s1-h8_1_2757	1	272	run 272	proteomic profiling by mass spectrometry	data-independent acquisition	NT=timsTOF SCP;AC=MS:1003231	NT=label free sample;AC=MS:1002038	NT=Trypsin;AC=MS:1001251	not applicable	not applicable	not applicable	NT=collision-induced dissociation;AC=MS:1000133	not available	not available	not available	not available	not available	not available	diaPASEF	1	1	Fixed_1_SC_19_s1-h8_1_2757.d	v1.1.0	NT=ms-proteomics;VV=v1.1.0	NT=single-cell;VV=v1.0.0	NT=dia-acquisition;VV=v1.1.0	NT=cell-lines;VV=v1.1.0	manual curation	1% paraformaldehyde fixation, 20 min
Fixed_1_SC_1_s1-g1_1_2738	NT=Homo sapiens;AC=NCBITaxon:9606	NT=colon;AC=UBERON:0001155	NT=colorectal carcinoma;AC=MONDO:0024331	NT=epithelial cell;AC=CL:0000066	NT=RKO;AC=CLO:0008825	CVCL_0504	RKO	1% paraformaldehyde fixation, 20 min	NT=single cell;AC=PRIDE:0000897	cellenONE	Fixed_1_SC_1_s1-g1_1_2738	1	273	run 273	proteomic profiling by mass spectrometry	data-independent acquisition	NT=timsTOF SCP;AC=MS:1003231	NT=label free sample;AC=MS:1002038	NT=Trypsin;AC=MS:1001251	not applicable	not applicable	not applicable	NT=collision-induced dissociation;AC=MS:1000133	not available	not available	not available	not available	not available	not available	diaPASEF	1	1	Fixed_1_SC_1_s1-g1_1_2738.d	v1.1.0	NT=ms-proteomics;VV=v1.1.0	NT=single-cell;VV=v1.0.0	NT=dia-acquisition;VV=v1.1.0	NT=cell-lines;VV=v1.1.0	manual curation	1% paraformaldehyde fixation, 20 min
Fixed_1_SC_2_s1-g2_1_2739	NT=Homo sapiens;AC=NCBITaxon:9606	NT=colon;AC=UBERON:0001155	NT=colorectal carcinoma;AC=MONDO:0024331	NT=epithelial cell;AC=CL:0000066	NT=RKO;AC=CLO:0008825	CVCL_0504	RKO	1% paraformaldehyde fixation, 20 min	NT=single cell;AC=PRIDE:0000897	cellenONE	Fixed_1_SC_2_s1-g2_1_2739	1	274	run 274	proteomic profiling by mass spectrometry	data-independent acquisition	NT=timsTOF SCP;AC=MS:1003231	NT=label free sample;AC=MS:1002038	NT=Trypsin;AC=MS:1001251	not applicable	not applicable	not applicable	NT=collision-induced dissociation;AC=MS:1000133	not available	not available	not available	not available	not available	not available	diaPASEF	1	1	Fixed_1_SC_2_s1-g2_1_2739.d	v1.1.0	NT=ms-proteomics;VV=v1.1.0	NT=single-cell;VV=v1.0.0	NT=dia-acquisition;VV=v1.1.0	NT=cell-lines;VV=v1.1.0	manual curation	1% paraformaldehyde fixation, 20 min
Fixed_1_SC_3_s1-g3_1_2740	NT=Homo sapiens;AC=NCBITaxon:9606	NT=colon;AC=UBERON:0001155	NT=colorectal carcinoma;AC=MONDO:0024331	NT=epithelial cell;AC=CL:0000066	NT=RKO;AC=CLO:0008825	CVCL_0504	RKO	1% paraformaldehyde fixation, 20 min	NT=single cell;AC=PRIDE:0000897	cellenONE	Fixed_1_SC_3_s1-g3_1_2740	1	275	run 275	proteomic profiling by mass spectrometry	data-independent acquisition	NT=timsTOF SCP;AC=MS:1003231	NT=label free sample;AC=MS:1002038	NT=Trypsin;AC=MS:1001251	not applicable	not applicable	not applicable	NT=collision-induced dissociation;AC=MS:1000133	not available	not available	not available	not available	not available	not available	diaPASEF	1	1	Fixed_1_SC_3_s1-g3_1_2740.d	v1.1.0	NT=ms-proteomics;VV=v1.1.0	NT=single-cell;VV=v1.0.0	NT=dia-acquisition;VV=v1.1.0	NT=cell-lines;VV=v1.1.0	manual curation	1% paraformaldehyde fixation, 20 min
Fixed_1_SC_4_s1-g4_1_2741	NT=Homo sapiens;AC=NCBITaxon:9606	NT=colon;AC=UBERON:0001155	NT=colorectal carcinoma;AC=MONDO:0024331	NT=epithelial cell;AC=CL:0000066	NT=RKO;AC=CLO:0008825	CVCL_0504	RKO	1% paraformaldehyde fixation, 20 min	NT=single cell;AC=PRIDE:0000897	cellenONE	Fixed_1_SC_4_s1-g4_1_2741	1	276	run 276	proteomic profiling by mass spectrometry	data-independent acquisition	NT=timsTOF SCP;AC=MS:1003231	NT=label free sample;AC=MS:1002038	NT=Trypsin;AC=MS:1001251	not applicable	not applicable	not applicable	NT=collision-induced dissociation;AC=MS:1000133	not available	not available	not available	not available	not available	not available	diaPASEF	1	1	Fixed_1_SC_4_s1-g4_1_2741.d	v1.1.0	NT=ms-proteomics;VV=v1.1.0	NT=single-cell;VV=v1.0.0	NT=dia-acquisition;VV=v1.1.0	NT=cell-lines;VV=v1.1.0	manual curation	1% paraformaldehyde fixation, 20 min
Fixed_1_SC_5_s1-g5_1_2742	NT=Homo sapiens;AC=NCBITaxon:9606	NT=colon;AC=UBERON:0001155	NT=colorectal carcinoma;AC=MONDO:0024331	NT=epithelial cell;AC=CL:0000066	NT=RKO;AC=CLO:0008825	CVCL_0504	RKO	1% paraformaldehyde fixation, 20 min	NT=single cell;AC=PRIDE:0000897	cellenONE	Fixed_1_SC_5_s1-g5_1_2742	1	277	run 277	proteomic profiling by mass spectrometry	data-independent acquisition	NT=timsTOF SCP;AC=MS:1003231	NT=label free sample;AC=MS:1002038	NT=Trypsin;AC=MS:1001251	not applicable	not applicable	not applicable	NT=collision-induced dissociation;AC=MS:1000133	not available	not available	not available	not available	not available	not available	diaPASEF	1	1	Fixed_1_SC_5_s1-g5_1_2742.d	v1.1.0	NT=ms-proteomics;VV=v1.1.0	NT=single-cell;VV=v1.0.0	NT=dia-acquisition;VV=v1.1.0	NT=cell-lines;VV=v1.1.0	manual curation	1% paraformaldehyde fixation, 20 min
Fixed_1_SC_6_s1-g6_1_2743	NT=Homo sapiens;AC=NCBITaxon:9606	NT=colon;AC=UBERON:0001155	NT=colorectal carcinoma;AC=MONDO:0024331	NT=epithelial cell;AC=CL:0000066	NT=RKO;AC=CLO:0008825	CVCL_0504	RKO	1% paraformaldehyde fixation, 20 min	NT=single cell;AC=PRIDE:0000897	cellenONE	Fixed_1_SC_6_s1-g6_1_2743	1	278	run 278	proteomic profiling by mass spectrometry	data-independent acquisition	NT=timsTOF SCP;AC=MS:1003231	NT=label free sample;AC=MS:1002038	NT=Trypsin;AC=MS:1001251	not applicable	not applicable	not applicable	NT=collision-induced dissociation;AC=MS:1000133	not available	not available	not available	not available	not available	not available	diaPASEF	1	1	Fixed_1_SC_6_s1-g6_1_2743.d	v1.1.0	NT=ms-proteomics;VV=v1.1.0	NT=single-cell;VV=v1.0.0	NT=dia-acquisition;VV=v1.1.0	NT=cell-lines;VV=v1.1.0	manual curation	1% paraformaldehyde fixation, 20 min
Fixed_1_SC_7_s1-g7_1_2744	NT=Homo sapiens;AC=NCBITaxon:9606	NT=colon;AC=UBERON:0001155	NT=colorectal carcinoma;AC=MONDO:0024331	NT=epithelial cell;AC=CL:0000066	NT=RKO;AC=CLO:0008825	CVCL_0504	RKO	1% paraformaldehyde fixation, 20 min	NT=single cell;AC=PRIDE:0000897	cellenONE	Fixed_1_SC_7_s1-g7_1_2744	1	279	run 279	proteomic profiling by mass spectrometry	data-independent acquisition	NT=timsTOF SCP;AC=MS:1003231	NT=label free sample;AC=MS:1002038	NT=Trypsin;AC=MS:1001251	not applicable	not applicable	not applicable	NT=collision-induced dissociation;AC=MS:1000133	not available	not available	not available	not available	not available	not available	diaPASEF	1	1	Fixed_1_SC_7_s1-g7_1_2744.d	v1.1.0	NT=ms-proteomics;VV=v1.1.0	NT=single-cell;VV=v1.0.0	NT=dia-acquisition;VV=v1.1.0	NT=cell-lines;VV=v1.1.0	manual curation	1% paraformaldehyde fixation, 20 min
Fixed_1_SC_8_s1-g8_1_2745	NT=Homo sapiens;AC=NCBITaxon:9606	NT=colon;AC=UBERON:0001155	NT=colorectal carcinoma;AC=MONDO:0024331	NT=epithelial cell;AC=CL:0000066	NT=RKO;AC=CLO:0008825	CVCL_0504	RKO	1% paraformaldehyde fixation, 20 min	NT=single cell;AC=PRIDE:0000897	cellenONE	Fixed_1_SC_8_s1-g8_1_2745	1	280	run 280	proteomic profiling by mass spectrometry	data-independent acquisition	NT=timsTOF SCP;AC=MS:1003231	NT=label free sample;AC=MS:1002038	NT=Trypsin;AC=MS:1001251	not applicable	not applicable	not applicable	NT=collision-induced dissociation;AC=MS:1000133	not available	not available	not available	not available	not available	not available	diaPASEF	1	1	Fixed_1_SC_8_s1-g8_1_2745.d	v1.1.0	NT=ms-proteomics;VV=v1.1.0	NT=single-cell;VV=v1.0.0	NT=dia-acquisition;VV=v1.1.0	NT=cell-lines;VV=v1.1.0	manual curation	1% paraformaldehyde fixation, 20 min
Fixed_1_SC_9_s1-g9_1_2746	NT=Homo sapiens;AC=NCBITaxon:9606	NT=colon;AC=UBERON:0001155	NT=colorectal carcinoma;AC=MONDO:0024331	NT=epithelial cell;AC=CL:0000066	NT=RKO;AC=CLO:0008825	CVCL_0504	RKO	1% paraformaldehyde fixation, 20 min	NT=single cell;AC=PRIDE:0000897	cellenONE	Fixed_1_SC_9_s1-g9_1_2746	1	281	run 281	proteomic profiling by mass spectrometry	data-independent acquisition	NT=timsTOF SCP;AC=MS:1003231	NT=label free sample;AC=MS:1002038	NT=Trypsin;AC=MS:1001251	not applicable	not applicable	not applicable	NT=collision-induced dissociation;AC=MS:1000133	not available	not available	not available	not available	not available	not available	diaPASEF	1	1	Fixed_1_SC_9_s1-g9_1_2746.d	v1.1.0	NT=ms-proteomics;VV=v1.1.0	NT=single-cell;VV=v1.0.0	NT=dia-acquisition;VV=v1.1.0	NT=cell-lines;VV=v1.1.0	manual curation	1% paraformaldehyde fixation, 20 min
Fresh_SC_10_s1-a10_1_2675	NT=Homo sapiens;AC=NCBITaxon:9606	NT=colon;AC=UBERON:0001155	NT=colorectal carcinoma;AC=MONDO:0024331	NT=epithelial cell;AC=CL:0000066	NT=RKO;AC=CLO:0008825	CVCL_0504	RKO	fresh, no fixation	NT=single cell;AC=PRIDE:0000897	cellenONE	Fresh_SC_10_s1-a10_1_2675	1	282	run 282	proteomic profiling by mass spectrometry	data-independent acquisition	NT=timsTOF SCP;AC=MS:1003231	NT=label free sample;AC=MS:1002038	NT=Trypsin;AC=MS:1001251	not applicable	not applicable	not applicable	NT=collision-induced dissociation;AC=MS:1000133	not available	not available	not available	not available	not available	not available	diaPASEF	1	1	Fresh_SC_10_s1-a10_1_2675.d	v1.1.0	NT=ms-proteomics;VV=v1.1.0	NT=single-cell;VV=v1.0.0	NT=dia-acquisition;VV=v1.1.0	NT=cell-lines;VV=v1.1.0	manual curation	fresh, no fixation
Fresh_SC_11_s1-a11_1_2676	NT=Homo sapiens;AC=NCBITaxon:9606	NT=colon;AC=UBERON:0001155	NT=colorectal carcinoma;AC=MONDO:0024331	NT=epithelial cell;AC=CL:0000066	NT=RKO;AC=CLO:0008825	CVCL_0504	RKO	fresh, no fixation	NT=single cell;AC=PRIDE:0000897	cellenONE	Fresh_SC_11_s1-a11_1_2676	1	283	run 283	proteomic profiling by mass spectrometry	data-independent acquisition	NT=timsTOF SCP;AC=MS:1003231	NT=label free sample;AC=MS:1002038	NT=Trypsin;AC=MS:1001251	not applicable	not applicable	not applicable	NT=collision-induced dissociation;AC=MS:1000133	not available	not available	not available	not available	not available	not available	diaPASEF	1	1	Fresh_SC_11_s1-a11_1_2676.d	v1.1.0	NT=ms-proteomics;VV=v1.1.0	NT=single-cell;VV=v1.0.0	NT=dia-acquisition;VV=v1.1.0	NT=cell-lines;VV=v1.1.0	manual curation	fresh, no fixation
Fresh_SC_12_s1-a12_1_2677	NT=Homo sapiens;AC=NCBITaxon:9606	NT=colon;AC=UBERON:0001155	NT=colorectal carcinoma;AC=MONDO:0024331	NT=epithelial cell;AC=CL:0000066	NT=RKO;AC=CLO:0008825	CVCL_0504	RKO	fresh, no fixation	NT=single cell;AC=PRIDE:0000897	cellenONE	Fresh_SC_12_s1-a12_1_2677	1	284	run 284	proteomic profiling by mass spectrometry	data-independent acquisition	NT=timsTOF SCP;AC=MS:1003231	NT=label free sample;AC=MS:1002038	NT=Trypsin;AC=MS:1001251	not applicable	not applicable	not applicable	NT=collision-induced dissociation;AC=MS:1000133	not available	not available	not available	not available	not available	not available	diaPASEF	1	1	Fresh_SC_12_s1-a12_1_2677.d	v1.1.0	NT=ms-proteomics;VV=v1.1.0	NT=single-cell;VV=v1.0.0	NT=dia-acquisition;VV=v1.1.0	NT=cell-lines;VV=v1.1.0	manual curation	fresh, no fixation
Fresh_SC_13_s1-b2_1_2679	NT=Homo sapiens;AC=NCBITaxon:9606	NT=colon;AC=UBERON:0001155	NT=colorectal carcinoma;AC=MONDO:0024331	NT=epithelial cell;AC=CL:0000066	NT=RKO;AC=CLO:0008825	CVCL_0504	RKO	fresh, no fixation	NT=single cell;AC=PRIDE:0000897	cellenONE	Fresh_SC_13_s1-b2_1_2679	1	285	run 285	proteomic profiling by mass spectrometry	data-independent acquisition	NT=timsTOF SCP;AC=MS:1003231	NT=label free sample;AC=MS:1002038	NT=Trypsin;AC=MS:1001251	not applicable	not applicable	not applicable	NT=collision-induced dissociation;AC=MS:1000133	not available	not available	not available	not available	not available	not available	diaPASEF	1	1	Fresh_SC_13_s1-b2_1_2679.d	v1.1.0	NT=ms-proteomics;VV=v1.1.0	NT=single-cell;VV=v1.0.0	NT=dia-acquisition;VV=v1.1.0	NT=cell-lines;VV=v1.1.0	manual curation	fresh, no fixation
Fresh_SC_14_s1-b3_1_2680	NT=Homo sapiens;AC=NCBITaxon:9606	NT=colon;AC=UBERON:0001155	NT=colorectal carcinoma;AC=MONDO:0024331	NT=epithelial cell;AC=CL:0000066	NT=RKO;AC=CLO:0008825	CVCL_0504	RKO	fresh, no fixation	NT=single cell;AC=PRIDE:0000897	cellenONE	Fresh_SC_14_s1-b3_1_2680	1	286	run 286	proteomic profiling by mass spectrometry	data-independent acquisition	NT=timsTOF SCP;AC=MS:1003231	NT=label free sample;AC=MS:1002038	NT=Trypsin;AC=MS:1001251	not applicable	not applicable	not applicable	NT=collision-induced dissociation;AC=MS:1000133	not available	not available	not available	not available	not available	not available	diaPASEF	1	1	Fresh_SC_14_s1-b3_1_2680.d	v1.1.0	NT=ms-proteomics;VV=v1.1.0	NT=single-cell;VV=v1.0.0	NT=dia-acquisition;VV=v1.1.0	NT=cell-lines;VV=v1.1.0	manual curation	fresh, no fixation
Fresh_SC_15_s1-b4_1_2681	NT=Homo sapiens;AC=NCBITaxon:9606	NT=colon;AC=UBERON:0001155	NT=colorectal carcinoma;AC=MONDO:0024331	NT=epithelial cell;AC=CL:0000066	NT=RKO;AC=CLO:0008825	CVCL_0504	RKO	fresh, no fixation	NT=single cell;AC=PRIDE:0000897	cellenONE	Fresh_SC_15_s1-b4_1_2681	1	287	run 287	proteomic profiling by mass spectrometry	data-independent acquisition	NT=timsTOF SCP;AC=MS:1003231	NT=label free sample;AC=MS:1002038	NT=Trypsin;AC=MS:1001251	not applicable	not applicable	not applicable	NT=collision-induced dissociation;AC=MS:1000133	not available	not available	not available	not available	not available	not available	diaPASEF	1	1	Fresh_SC_15_s1-b4_1_2681.d	v1.1.0	NT=ms-proteomics;VV=v1.1.0	NT=single-cell;VV=v1.0.0	NT=dia-acquisition;VV=v1.1.0	NT=cell-lines;VV=v1.1.0	manual curation	fresh, no fixation
Fresh_SC_16_s1-b5_1_2682	NT=Homo sapiens;AC=NCBITaxon:9606	NT=colon;AC=UBERON:0001155	NT=colorectal carcinoma;AC=MONDO:0024331	NT=epithelial cell;AC=CL:0000066	NT=RKO;AC=CLO:0008825	CVCL_0504	RKO	fresh, no fixation	NT=single cell;AC=PRIDE:0000897	cellenONE	Fresh_SC_16_s1-b5_1_2682	1	288	run 288	proteomic profiling by mass spectrometry	data-independent acquisition	NT=timsTOF SCP;AC=MS:1003231	NT=label free sample;AC=MS:1002038	NT=Trypsin;AC=MS:1001251	not applicable	not applicable	not applicable	NT=collision-induced dissociation;AC=MS:1000133	not available	not available	not available	not available	not available	not available	diaPASEF	1	1	Fresh_SC_16_s1-b5_1_2682.d	v1.1.0	NT=ms-proteomics;VV=v1.1.0	NT=single-cell;VV=v1.0.0	NT=dia-acquisition;VV=v1.1.0	NT=cell-lines;VV=v1.1.0	manual curation	fresh, no fixation
Fresh_SC_17_s1-b6_1_2683	NT=Homo sapiens;AC=NCBITaxon:9606	NT=colon;AC=UBERON:0001155	NT=colorectal carcinoma;AC=MONDO:0024331	NT=epithelial cell;AC=CL:0000066	NT=RKO;AC=CLO:0008825	CVCL_0504	RKO	fresh, no fixation	NT=single cell;AC=PRIDE:0000897	cellenONE	Fresh_SC_17_s1-b6_1_2683	1	289	run 289	proteomic profiling by mass spectrometry	data-independent acquisition	NT=timsTOF SCP;AC=MS:1003231	NT=label free sample;AC=MS:1002038	NT=Trypsin;AC=MS:1001251	not applicable	not applicable	not applicable	NT=collision-induced dissociation;AC=MS:1000133	not available	not available	not available	not available	not available	not available	diaPASEF	1	1	Fresh_SC_17_s1-b6_1_2683.d	v1.1.0	NT=ms-proteomics;VV=v1.1.0	NT=single-cell;VV=v1.0.0	NT=dia-acquisition;VV=v1.1.0	NT=cell-lines;VV=v1.1.0	manual curation	fresh, no fixation
Fresh_SC_18_s1-b7_1_2684	NT=Homo sapiens;AC=NCBITaxon:9606	NT=colon;AC=UBERON:0001155	NT=colorectal carcinoma;AC=MONDO:0024331	NT=epithelial cell;AC=CL:0000066	NT=RKO;AC=CLO:0008825	CVCL_0504	RKO	fresh, no fixation	NT=single cell;AC=PRIDE:0000897	cellenONE	Fresh_SC_18_s1-b7_1_2684	1	290	run 290	proteomic profiling by mass spectrometry	data-independent acquisition	NT=timsTOF SCP;AC=MS:1003231	NT=label free sample;AC=MS:1002038	NT=Trypsin;AC=MS:1001251	not applicable	not applicable	not applicable	NT=collision-induced dissociation;AC=MS:1000133	not available	not available	not available	not available	not available	not available	diaPASEF	1	1	Fresh_SC_18_s1-b7_1_2684.d	v1.1.0	NT=ms-proteomics;VV=v1.1.0	NT=single-cell;VV=v1.0.0	NT=dia-acquisition;VV=v1.1.0	NT=cell-lines;VV=v1.1.0	manual curation	fresh, no fixation
Fresh_SC_19_s1-b8_1_2685	NT=Homo sapiens;AC=NCBITaxon:9606	NT=colon;AC=UBERON:0001155	NT=colorectal carcinoma;AC=MONDO:0024331	NT=epithelial cell;AC=CL:0000066	NT=RKO;AC=CLO:0008825	CVCL_0504	RKO	fresh, no fixation	NT=single cell;AC=PRIDE:0000897	cellenONE	Fresh_SC_19_s1-b8_1_2685	1	291	run 291	proteomic profiling by mass spectrometry	data-independent acquisition	NT=timsTOF SCP;AC=MS:1003231	NT=label free sample;AC=MS:1002038	NT=Trypsin;AC=MS:1001251	not applicable	not applicable	not applicable	NT=collision-induced dissociation;AC=MS:1000133	not available	not available	not available	not available	not available	not available	diaPASEF	1	1	Fresh_SC_19_s1-b8_1_2685.d	v1.1.0	NT=ms-proteomics;VV=v1.1.0	NT=single-cell;VV=v1.0.0	NT=dia-acquisition;VV=v1.1.0	NT=cell-lines;VV=v1.1.0	manual curation	fresh, no fixation
Fresh_SC_1_s1-a1_1_2664	NT=Homo sapiens;AC=NCBITaxon:9606	NT=colon;AC=UBERON:0001155	NT=colorectal carcinoma;AC=MONDO:0024331	NT=epithelial cell;AC=CL:0000066	NT=RKO;AC=CLO:0008825	CVCL_0504	RKO	fresh, no fixation	NT=single cell;AC=PRIDE:0000897	cellenONE	Fresh_SC_1_s1-a1_1_2664	1	292	run 292	proteomic profiling by mass spectrometry	data-independent acquisition	NT=timsTOF SCP;AC=MS:1003231	NT=label free sample;AC=MS:1002038	NT=Trypsin;AC=MS:1001251	not applicable	not applicable	not applicable	NT=collision-induced dissociation;AC=MS:1000133	not available	not available	not available	not available	not available	not available	diaPASEF	1	1	Fresh_SC_1_s1-a1_1_2664.d	v1.1.0	NT=ms-proteomics;VV=v1.1.0	NT=single-cell;VV=v1.0.0	NT=dia-acquisition;VV=v1.1.0	NT=cell-lines;VV=v1.1.0	manual curation	fresh, no fixation
Fresh_SC_2_s1-a2_1_2665	NT=Homo sapiens;AC=NCBITaxon:9606	NT=colon;AC=UBERON:0001155	NT=colorectal carcinoma;AC=MONDO:0024331	NT=epithelial cell;AC=CL:0000066	NT=RKO;AC=CLO:0008825	CVCL_0504	RKO	fresh, no fixation	NT=single cell;AC=PRIDE:0000897	cellenONE	Fresh_SC_2_s1-a2_1_2665	1	293	run 293	proteomic profiling by mass spectrometry	data-independent acquisition	NT=timsTOF SCP;AC=MS:1003231	NT=label free sample;AC=MS:1002038	NT=Trypsin;AC=MS:1001251	not applicable	not applicable	not applicable	NT=collision-induced dissociation;AC=MS:1000133	not available	not available	not available	not available	not available	not available	diaPASEF	1	1	Fresh_SC_2_s1-a2_1_2665.d	v1.1.0	NT=ms-proteomics;VV=v1.1.0	NT=single-cell;VV=v1.0.0	NT=dia-acquisition;VV=v1.1.0	NT=cell-lines;VV=v1.1.0	manual curation	fresh, no fixation
Fresh_SC_3_s1-a3_1_2666	NT=Homo sapiens;AC=NCBITaxon:9606	NT=colon;AC=UBERON:0001155	NT=colorectal carcinoma;AC=MONDO:0024331	NT=epithelial cell;AC=CL:0000066	NT=RKO;AC=CLO:0008825	CVCL_0504	RKO	fresh, no fixation	NT=single cell;AC=PRIDE:0000897	cellenONE	Fresh_SC_3_s1-a3_1_2666	1	294	run 294	proteomic profiling by mass spectrometry	data-independent acquisition	NT=timsTOF SCP;AC=MS:1003231	NT=label free sample;AC=MS:1002038	NT=Trypsin;AC=MS:1001251	not applicable	not applicable	not applicable	NT=collision-induced dissociation;AC=MS:1000133	not available	not available	not available	not available	not available	not available	diaPASEF	1	1	Fresh_SC_3_s1-a3_1_2666.d	v1.1.0	NT=ms-proteomics;VV=v1.1.0	NT=single-cell;VV=v1.0.0	NT=dia-acquisition;VV=v1.1.0	NT=cell-lines;VV=v1.1.0	manual curation	fresh, no fixation
Fresh_SC_4_s1-a4_1_2669	NT=Homo sapiens;AC=NCBITaxon:9606	NT=colon;AC=UBERON:0001155	NT=colorectal carcinoma;AC=MONDO:0024331	NT=epithelial cell;AC=CL:0000066	NT=RKO;AC=CLO:0008825	CVCL_0504	RKO	fresh, no fixation	NT=single cell;AC=PRIDE:0000897	cellenONE	Fresh_SC_4_s1-a4_1_2669	1	295	run 295	proteomic profiling by mass spectrometry	data-independent acquisition	NT=timsTOF SCP;AC=MS:1003231	NT=label free sample;AC=MS:1002038	NT=Trypsin;AC=MS:1001251	not applicable	not applicable	not applicable	NT=collision-induced dissociation;AC=MS:1000133	not available	not available	not available	not available	not available	not available	diaPASEF	1	1	Fresh_SC_4_s1-a4_1_2669.d	v1.1.0	NT=ms-proteomics;VV=v1.1.0	NT=single-cell;VV=v1.0.0	NT=dia-acquisition;VV=v1.1.0	NT=cell-lines;VV=v1.1.0	manual curation	fresh, no fixation
Fresh_SC_5_s1-a5_1_2670	NT=Homo sapiens;AC=NCBITaxon:9606	NT=colon;AC=UBERON:0001155	NT=colorectal carcinoma;AC=MONDO:0024331	NT=epithelial cell;AC=CL:0000066	NT=RKO;AC=CLO:0008825	CVCL_0504	RKO	fresh, no fixation	NT=single cell;AC=PRIDE:0000897	cellenONE	Fresh_SC_5_s1-a5_1_2670	1	296	run 296	proteomic profiling by mass spectrometry	data-independent acquisition	NT=timsTOF SCP;AC=MS:1003231	NT=label free sample;AC=MS:1002038	NT=Trypsin;AC=MS:1001251	not applicable	not applicable	not applicable	NT=collision-induced dissociation;AC=MS:1000133	not available	not available	not available	not available	not available	not available	diaPASEF	1	1	Fresh_SC_5_s1-a5_1_2670.d	v1.1.0	NT=ms-proteomics;VV=v1.1.0	NT=single-cell;VV=v1.0.0	NT=dia-acquisition;VV=v1.1.0	NT=cell-lines;VV=v1.1.0	manual curation	fresh, no fixation
Fresh_SC_6_s1-a6_1_2671	NT=Homo sapiens;AC=NCBITaxon:9606	NT=colon;AC=UBERON:0001155	NT=colorectal carcinoma;AC=MONDO:0024331	NT=epithelial cell;AC=CL:0000066	NT=RKO;AC=CLO:0008825	CVCL_0504	RKO	fresh, no fixation	NT=single cell;AC=PRIDE:0000897	cellenONE	Fresh_SC_6_s1-a6_1_2671	1	297	run 297	proteomic profiling by mass spectrometry	data-independent acquisition	NT=timsTOF SCP;AC=MS:1003231	NT=label free sample;AC=MS:1002038	NT=Trypsin;AC=MS:1001251	not applicable	not applicable	not applicable	NT=collision-induced dissociation;AC=MS:1000133	not available	not available	not available	not available	not available	not available	diaPASEF	1	1	Fresh_SC_6_s1-a6_1_2671.d	v1.1.0	NT=ms-proteomics;VV=v1.1.0	NT=single-cell;VV=v1.0.0	NT=dia-acquisition;VV=v1.1.0	NT=cell-lines;VV=v1.1.0	manual curation	fresh, no fixation
Fresh_SC_7_s1-a7_1_2672	NT=Homo sapiens;AC=NCBITaxon:9606	NT=colon;AC=UBERON:0001155	NT=colorectal carcinoma;AC=MONDO:0024331	NT=epithelial cell;AC=CL:0000066	NT=RKO;AC=CLO:0008825	CVCL_0504	RKO	fresh, no fixation	NT=single cell;AC=PRIDE:0000897	cellenONE	Fresh_SC_7_s1-a7_1_2672	1	298	run 298	proteomic profiling by mass spectrometry	data-independent acquisition	NT=timsTOF SCP;AC=MS:1003231	NT=label free sample;AC=MS:1002038	NT=Trypsin;AC=MS:1001251	not applicable	not applicable	not applicable	NT=collision-induced dissociation;AC=MS:1000133	not available	not available	not available	not available	not available	not available	diaPASEF	1	1	Fresh_SC_7_s1-a7_1_2672.d	v1.1.0	NT=ms-proteomics;VV=v1.1.0	NT=single-cell;VV=v1.0.0	NT=dia-acquisition;VV=v1.1.0	NT=cell-lines;VV=v1.1.0	manual curation	fresh, no fixation
Fresh_SC_8_s1-a8_1_2673	NT=Homo sapiens;AC=NCBITaxon:9606	NT=colon;AC=UBERON:0001155	NT=colorectal carcinoma;AC=MONDO:0024331	NT=epithelial cell;AC=CL:0000066	NT=RKO;AC=CLO:0008825	CVCL_0504	RKO	fresh, no fixation	NT=single cell;AC=PRIDE:0000897	cellenONE	Fresh_SC_8_s1-a8_1_2673	1	299	run 299	proteomic profiling by mass spectrometry	data-independent acquisition	NT=timsTOF SCP;AC=MS:1003231	NT=label free sample;AC=MS:1002038	NT=Trypsin;AC=MS:1001251	not applicable	not applicable	not applicable	NT=collision-induced dissociation;AC=MS:1000133	not available	not available	not available	not available	not available	not available	diaPASEF	1	1	Fresh_SC_8_s1-a8_1_2673.d	v1.1.0	NT=ms-proteomics;VV=v1.1.0	NT=single-cell;VV=v1.0.0	NT=dia-acquisition;VV=v1.1.0	NT=cell-lines;VV=v1.1.0	manual curation	fresh, no fixation
Fresh_SC_9_s1-a9_1_2674	NT=Homo sapiens;AC=NCBITaxon:9606	NT=colon;AC=UBERON:0001155	NT=colorectal carcinoma;AC=MONDO:0024331	NT=epithelial cell;AC=CL:0000066	NT=RKO;AC=CLO:0008825	CVCL_0504	RKO	fresh, no fixation	NT=single cell;AC=PRIDE:0000897	cellenONE	Fresh_SC_9_s1-a9_1_2674	1	300	run 300	proteomic profiling by mass spectrometry	data-independent acquisition	NT=timsTOF SCP;AC=MS:1003231	NT=label free sample;AC=MS:1002038	NT=Trypsin;AC=MS:1001251	not applicable	not applicable	not applicable	NT=collision-induced dissociation;AC=MS:1000133	not available	not available	not available	not available	not available	not available	diaPASEF	1	1	Fresh_SC_9_s1-a9_1_2674.d	v1.1.0	NT=ms-proteomics;VV=v1.1.0	NT=single-cell;VV=v1.0.0	NT=dia-acquisition;VV=v1.1.0	NT=cell-lines;VV=v1.1.0	manual curation	fresh, no fixation
PDAC_SC_01_s1-a1_1_4760	NT=Mus musculus;AC=NCBITaxon:10090	NT=pancreas;AC=UBERON:0001264	NT=pancreatic ductal adenocarcinoma;AC=MONDO:0005184	NT=epithelial cell;AC=CL:0000066	KPC	not available	not available	0.1% paraformaldehyde fixation, 20 min	NT=single cell;AC=PRIDE:0000897	cellenONE	PDAC_SC_01_s1-a1_1_4760	1	301	run 301	proteomic profiling by mass spectrometry	data-independent acquisition	NT=timsTOF SCP;AC=MS:1003231	NT=label free sample;AC=MS:1002038	NT=Trypsin;AC=MS:1001251	not applicable	not applicable	not applicable	NT=collision-induced dissociation;AC=MS:1000133	not available	not available	not available	not available	not available	not available	diaPASEF	1	1	PDAC_SC_01_s1-a1_1_4760.d	v1.1.0	NT=ms-proteomics;VV=v1.1.0	NT=single-cell;VV=v1.0.0	NT=dia-acquisition;VV=v1.1.0	NT=cell-lines;VV=v1.1.0	manual curation	0.1% paraformaldehyde fixation, 20 min
PDAC_SC_02_s1-a2_1_4761	NT=Mus musculus;AC=NCBITaxon:10090	NT=pancreas;AC=UBERON:0001264	NT=pancreatic ductal adenocarcinoma;AC=MONDO:0005184	NT=epithelial cell;AC=CL:0000066	KPC	not available	not available	0.1% paraformaldehyde fixation, 20 min	NT=single cell;AC=PRIDE:0000897	cellenONE	PDAC_SC_02_s1-a2_1_4761	1	302	run 302	proteomic profiling by mass spectrometry	data-independent acquisition	NT=timsTOF SCP;AC=MS:1003231	NT=label free sample;AC=MS:1002038	NT=Trypsin;AC=MS:1001251	not applicable	not applicable	not applicable	NT=collision-induced dissociation;AC=MS:1000133	not available	not available	not available	not available	not available	not available	diaPASEF	1	1	PDAC_SC_02_s1-a2_1_4761.d	v1.1.0	NT=ms-proteomics;VV=v1.1.0	NT=single-cell;VV=v1.0.0	NT=dia-acquisition;VV=v1.1.0	NT=cell-lines;VV=v1.1.0	manual curation	0.1% paraformaldehyde fixation, 20 min
PDAC_SC_03_s1-a3_1_4762	NT=Mus musculus;AC=NCBITaxon:10090	NT=pancreas;AC=UBERON:0001264	NT=pancreatic ductal adenocarcinoma;AC=MONDO:0005184	NT=epithelial cell;AC=CL:0000066	KPC	not available	not available	0.1% paraformaldehyde fixation, 20 min	NT=single cell;AC=PRIDE:0000897	cellenONE	PDAC_SC_03_s1-a3_1_4762	1	303	run 303	proteomic profiling by mass spectrometry	data-independent acquisition	NT=timsTOF SCP;AC=MS:1003231	NT=label free sample;AC=MS:1002038	NT=Trypsin;AC=MS:1001251	not applicable	not applicable	not applicable	NT=collision-induced dissociation;AC=MS:1000133	not available	not available	not available	not available	not available	not available	diaPASEF	1	1	PDAC_SC_03_s1-a3_1_4762.d	v1.1.0	NT=ms-proteomics;VV=v1.1.0	NT=single-cell;VV=v1.0.0	NT=dia-acquisition;VV=v1.1.0	NT=cell-lines;VV=v1.1.0	manual curation	0.1% paraformaldehyde fixation, 20 min
PDAC_SC_04_s1-a4_1_4763	NT=Mus musculus;AC=NCBITaxon:10090	NT=pancreas;AC=UBERON:0001264	NT=pancreatic ductal adenocarcinoma;AC=MONDO:0005184	NT=epithelial cell;AC=CL:0000066	KPC	not available	not available	0.1% paraformaldehyde fixation, 20 min	NT=single cell;AC=PRIDE:0000897	cellenONE	PDAC_SC_04_s1-a4_1_4763	1	304	run 304	proteomic profiling by mass spectrometry	data-independent acquisition	NT=timsTOF SCP;AC=MS:1003231	NT=label free sample;AC=MS:1002038	NT=Trypsin;AC=MS:1001251	not applicable	not applicable	not applicable	NT=collision-induced dissociation;AC=MS:1000133	not available	not available	not available	not available	not available	not available	diaPASEF	1	1	PDAC_SC_04_s1-a4_1_4763.d	v1.1.0	NT=ms-proteomics;VV=v1.1.0	NT=single-cell;VV=v1.0.0	NT=dia-acquisition;VV=v1.1.0	NT=cell-lines;VV=v1.1.0	manual curation	0.1% paraformaldehyde fixation, 20 min
PDAC_SC_05_s1-a5_1_4764	NT=Mus musculus;AC=NCBITaxon:10090	NT=pancreas;AC=UBERON:0001264	NT=pancreatic ductal adenocarcinoma;AC=MONDO:0005184	NT=epithelial cell;AC=CL:0000066	KPC	not available	not available	0.1% paraformaldehyde fixation, 20 min	NT=single cell;AC=PRIDE:0000897	cellenONE	PDAC_SC_05_s1-a5_1_4764	1	305	run 305	proteomic profiling by mass spectrometry	data-independent acquisition	NT=timsTOF SCP;AC=MS:1003231	NT=label free sample;AC=MS:1002038	NT=Trypsin;AC=MS:1001251	not applicable	not applicable	not applicable	NT=collision-induced dissociation;AC=MS:1000133	not available	not available	not available	not available	not available	not available	diaPASEF	1	1	PDAC_SC_05_s1-a5_1_4764.d	v1.1.0	NT=ms-proteomics;VV=v1.1.0	NT=single-cell;VV=v1.0.0	NT=dia-acquisition;VV=v1.1.0	NT=cell-lines;VV=v1.1.0	manual curation	0.1% paraformaldehyde fixation, 20 min
PDAC_SC_06_s1-a6_1_4765	NT=Mus musculus;AC=NCBITaxon:10090	NT=pancreas;AC=UBERON:0001264	NT=pancreatic ductal adenocarcinoma;AC=MONDO:0005184	NT=epithelial cell;AC=CL:0000066	KPC	not available	not available	0.1% paraformaldehyde fixation, 20 min	NT=single cell;AC=PRIDE:0000897	cellenONE	PDAC_SC_06_s1-a6_1_4765	1	306	run 306	proteomic profiling by mass spectrometry	data-independent acquisition	NT=timsTOF SCP;AC=MS:1003231	NT=label free sample;AC=MS:1002038	NT=Trypsin;AC=MS:1001251	not applicable	not applicable	not applicable	NT=collision-induced dissociation;AC=MS:1000133	not available	not available	not available	not available	not available	not available	diaPASEF	1	1	PDAC_SC_06_s1-a6_1_4765.d	v1.1.0	NT=ms-proteomics;VV=v1.1.0	NT=single-cell;VV=v1.0.0	NT=dia-acquisition;VV=v1.1.0	NT=cell-lines;VV=v1.1.0	manual curation	0.1% paraformaldehyde fixation, 20 min
PDAC_SC_07_s1-a7_1_4766	NT=Mus musculus;AC=NCBITaxon:10090	NT=pancreas;AC=UBERON:0001264	NT=pancreatic ductal adenocarcinoma;AC=MONDO:0005184	NT=epithelial cell;AC=CL:0000066	KPC	not available	not available	0.1% paraformaldehyde fixation, 20 min	NT=single cell;AC=PRIDE:0000897	cellenONE	PDAC_SC_07_s1-a7_1_4766	1	307	run 307	proteomic profiling by mass spectrometry	data-independent acquisition	NT=timsTOF SCP;AC=MS:1003231	NT=label free sample;AC=MS:1002038	NT=Trypsin;AC=MS:1001251	not applicable	not applicable	not applicable	NT=collision-induced dissociation;AC=MS:1000133	not available	not available	not available	not available	not available	not available	diaPASEF	1	1	PDAC_SC_07_s1-a7_1_4766.d	v1.1.0	NT=ms-proteomics;VV=v1.1.0	NT=single-cell;VV=v1.0.0	NT=dia-acquisition;VV=v1.1.0	NT=cell-lines;VV=v1.1.0	manual curation	0.1% paraformaldehyde fixation, 20 min
PDAC_SC_08_s1-a8_1_4767	NT=Mus musculus;AC=NCBITaxon:10090	NT=pancreas;AC=UBERON:0001264	NT=pancreatic ductal adenocarcinoma;AC=MONDO:0005184	NT=epithelial cell;AC=CL:0000066	KPC	not available	not available	0.1% paraformaldehyde fixation, 20 min	NT=single cell;AC=PRIDE:0000897	cellenONE	PDAC_SC_08_s1-a8_1_4767	1	308	run 308	proteomic profiling by mass spectrometry	data-independent acquisition	NT=timsTOF SCP;AC=MS:1003231	NT=label free sample;AC=MS:1002038	NT=Trypsin;AC=MS:1001251	not applicable	not applicable	not applicable	NT=collision-induced dissociation;AC=MS:1000133	not available	not available	not available	not available	not available	not available	diaPASEF	1	1	PDAC_SC_08_s1-a8_1_4767.d	v1.1.0	NT=ms-proteomics;VV=v1.1.0	NT=single-cell;VV=v1.0.0	NT=dia-acquisition;VV=v1.1.0	NT=cell-lines;VV=v1.1.0	manual curation	0.1% paraformaldehyde fixation, 20 min
PDAC_SC_09_s1-a9_1_4768	NT=Mus musculus;AC=NCBITaxon:10090	NT=pancreas;AC=UBERON:0001264	NT=pancreatic ductal adenocarcinoma;AC=MONDO:0005184	NT=epithelial cell;AC=CL:0000066	KPC	not available	not available	0.1% paraformaldehyde fixation, 20 min	NT=single cell;AC=PRIDE:0000897	cellenONE	PDAC_SC_09_s1-a9_1_4768	1	309	run 309	proteomic profiling by mass spectrometry	data-independent acquisition	NT=timsTOF SCP;AC=MS:1003231	NT=label free sample;AC=MS:1002038	NT=Trypsin;AC=MS:1001251	not applicable	not applicable	not applicable	NT=collision-induced dissociation;AC=MS:1000133	not available	not available	not available	not available	not available	not available	diaPASEF	1	1	PDAC_SC_09_s1-a9_1_4768.d	v1.1.0	NT=ms-proteomics;VV=v1.1.0	NT=single-cell;VV=v1.0.0	NT=dia-acquisition;VV=v1.1.0	NT=cell-lines;VV=v1.1.0	manual curation	0.1% paraformaldehyde fixation, 20 min
PDAC_SC_10_s1-a10_1_4769	NT=Mus musculus;AC=NCBITaxon:10090	NT=pancreas;AC=UBERON:0001264	NT=pancreatic ductal adenocarcinoma;AC=MONDO:0005184	NT=epithelial cell;AC=CL:0000066	KPC	not available	not available	0.1% paraformaldehyde fixation, 20 min	NT=single cell;AC=PRIDE:0000897	cellenONE	PDAC_SC_10_s1-a10_1_4769	1	310	run 310	proteomic profiling by mass spectrometry	data-independent acquisition	NT=timsTOF SCP;AC=MS:1003231	NT=label free sample;AC=MS:1002038	NT=Trypsin;AC=MS:1001251	not applicable	not applicable	not applicable	NT=collision-induced dissociation;AC=MS:1000133	not available	not available	not available	not available	not available	not available	diaPASEF	1	1	PDAC_SC_10_s1-a10_1_4769.d	v1.1.0	NT=ms-proteomics;VV=v1.1.0	NT=single-cell;VV=v1.0.0	NT=dia-acquisition;VV=v1.1.0	NT=cell-lines;VV=v1.1.0	manual curation	0.1% paraformaldehyde fixation, 20 min
PDAC_SC_11_s1-a11_1_4770	NT=Mus musculus;AC=NCBITaxon:10090	NT=pancreas;AC=UBERON:0001264	NT=pancreatic ductal adenocarcinoma;AC=MONDO:0005184	NT=epithelial cell;AC=CL:0000066	KPC	not available	not available	0.1% paraformaldehyde fixation, 20 min	NT=single cell;AC=PRIDE:0000897	cellenONE	PDAC_SC_11_s1-a11_1_4770	1	311	run 311	proteomic profiling by mass spectrometry	data-independent acquisition	NT=timsTOF SCP;AC=MS:1003231	NT=label free sample;AC=MS:1002038	NT=Trypsin;AC=MS:1001251	not applicable	not applicable	not applicable	NT=collision-induced dissociation;AC=MS:1000133	not available	not available	not available	not available	not available	not available	diaPASEF	1	1	PDAC_SC_11_s1-a11_1_4770.d	v1.1.0	NT=ms-proteomics;VV=v1.1.0	NT=single-cell;VV=v1.0.0	NT=dia-acquisition;VV=v1.1.0	NT=cell-lines;VV=v1.1.0	manual curation	0.1% paraformaldehyde fixation, 20 min
PDAC_SC_12_s1-a12_1_4771	NT=Mus musculus;AC=NCBITaxon:10090	NT=pancreas;AC=UBERON:0001264	NT=pancreatic ductal adenocarcinoma;AC=MONDO:0005184	NT=epithelial cell;AC=CL:0000066	KPC	not available	not available	0.1% paraformaldehyde fixation, 20 min	NT=single cell;AC=PRIDE:0000897	cellenONE	PDAC_SC_12_s1-a12_1_4771	1	312	run 312	proteomic profiling by mass spectrometry	data-independent acquisition	NT=timsTOF SCP;AC=MS:1003231	NT=label free sample;AC=MS:1002038	NT=Trypsin;AC=MS:1001251	not applicable	not applicable	not applicable	NT=collision-induced dissociation;AC=MS:1000133	not available	not available	not available	not available	not available	not available	diaPASEF	1	1	PDAC_SC_12_s1-a12_1_4771.d	v1.1.0	NT=ms-proteomics;VV=v1.1.0	NT=single-cell;VV=v1.0.0	NT=dia-acquisition;VV=v1.1.0	NT=cell-lines;VV=v1.1.0	manual curation	0.1% paraformaldehyde fixation, 20 min
PDAC_SC_13_s1-b1_1_4772	NT=Mus musculus;AC=NCBITaxon:10090	NT=pancreas;AC=UBERON:0001264	NT=pancreatic ductal adenocarcinoma;AC=MONDO:0005184	NT=epithelial cell;AC=CL:0000066	KPC	not available	not available	0.1% paraformaldehyde fixation, 20 min	NT=single cell;AC=PRIDE:0000897	cellenONE	PDAC_SC_13_s1-b1_1_4772	1	313	run 313	proteomic profiling by mass spectrometry	data-independent acquisition	NT=timsTOF SCP;AC=MS:1003231	NT=label free sample;AC=MS:1002038	NT=Trypsin;AC=MS:1001251	not applicable	not applicable	not applicable	NT=collision-induced dissociation;AC=MS:1000133	not available	not available	not available	not available	not available	not available	diaPASEF	1	1	PDAC_SC_13_s1-b1_1_4772.d	v1.1.0	NT=ms-proteomics;VV=v1.1.0	NT=single-cell;VV=v1.0.0	NT=dia-acquisition;VV=v1.1.0	NT=cell-lines;VV=v1.1.0	manual curation	0.1% paraformaldehyde fixation, 20 min
PDAC_SC_14_s1-b2_1_4773	NT=Mus musculus;AC=NCBITaxon:10090	NT=pancreas;AC=UBERON:0001264	NT=pancreatic ductal adenocarcinoma;AC=MONDO:0005184	NT=epithelial cell;AC=CL:0000066	KPC	not available	not available	0.1% paraformaldehyde fixation, 20 min	NT=single cell;AC=PRIDE:0000897	cellenONE	PDAC_SC_14_s1-b2_1_4773	1	314	run 314	proteomic profiling by mass spectrometry	data-independent acquisition	NT=timsTOF SCP;AC=MS:1003231	NT=label free sample;AC=MS:1002038	NT=Trypsin;AC=MS:1001251	not applicable	not applicable	not applicable	NT=collision-induced dissociation;AC=MS:1000133	not available	not available	not available	not available	not available	not available	diaPASEF	1	1	PDAC_SC_14_s1-b2_1_4773.d	v1.1.0	NT=ms-proteomics;VV=v1.1.0	NT=single-cell;VV=v1.0.0	NT=dia-acquisition;VV=v1.1.0	NT=cell-lines;VV=v1.1.0	manual curation	0.1% paraformaldehyde fixation, 20 min
PDAC_SC_15_s1-b3_1_4774	NT=Mus musculus;AC=NCBITaxon:10090	NT=pancreas;AC=UBERON:0001264	NT=pancreatic ductal adenocarcinoma;AC=MONDO:0005184	NT=epithelial cell;AC=CL:0000066	KPC	not available	not available	0.1% paraformaldehyde fixation, 20 min	NT=single cell;AC=PRIDE:0000897	cellenONE	PDAC_SC_15_s1-b3_1_4774	1	315	run 315	proteomic profiling by mass spectrometry	data-independent acquisition	NT=timsTOF SCP;AC=MS:1003231	NT=label free sample;AC=MS:1002038	NT=Trypsin;AC=MS:1001251	not applicable	not applicable	not applicable	NT=collision-induced dissociation;AC=MS:1000133	not available	not available	not available	not available	not available	not available	diaPASEF	1	1	PDAC_SC_15_s1-b3_1_4774.d	v1.1.0	NT=ms-proteomics;VV=v1.1.0	NT=single-cell;VV=v1.0.0	NT=dia-acquisition;VV=v1.1.0	NT=cell-lines;VV=v1.1.0	manual curation	0.1% paraformaldehyde fixation, 20 min
PDAC_SC_16_s1-b4_1_4775	NT=Mus musculus;AC=NCBITaxon:10090	NT=pancreas;AC=UBERON:0001264	NT=pancreatic ductal adenocarcinoma;AC=MONDO:0005184	NT=epithelial cell;AC=CL:0000066	KPC	not available	not available	0.1% paraformaldehyde fixation, 20 min	NT=single cell;AC=PRIDE:0000897	cellenONE	PDAC_SC_16_s1-b4_1_4775	1	316	run 316	proteomic profiling by mass spectrometry	data-independent acquisition	NT=timsTOF SCP;AC=MS:1003231	NT=label free sample;AC=MS:1002038	NT=Trypsin;AC=MS:1001251	not applicable	not applicable	not applicable	NT=collision-induced dissociation;AC=MS:1000133	not available	not available	not available	not available	not available	not available	diaPASEF	1	1	PDAC_SC_16_s1-b4_1_4775.d	v1.1.0	NT=ms-proteomics;VV=v1.1.0	NT=single-cell;VV=v1.0.0	NT=dia-acquisition;VV=v1.1.0	NT=cell-lines;VV=v1.1.0	manual curation	0.1% paraformaldehyde fixation, 20 min
PDAC_SC_17_s1-b5_1_4776	NT=Mus musculus;AC=NCBITaxon:10090	NT=pancreas;AC=UBERON:0001264	NT=pancreatic ductal adenocarcinoma;AC=MONDO:0005184	NT=epithelial cell;AC=CL:0000066	KPC	not available	not available	0.1% paraformaldehyde fixation, 20 min	NT=single cell;AC=PRIDE:0000897	cellenONE	PDAC_SC_17_s1-b5_1_4776	1	317	run 317	proteomic profiling by mass spectrometry	data-independent acquisition	NT=timsTOF SCP;AC=MS:1003231	NT=label free sample;AC=MS:1002038	NT=Trypsin;AC=MS:1001251	not applicable	not applicable	not applicable	NT=collision-induced dissociation;AC=MS:1000133	not available	not available	not available	not available	not available	not available	diaPASEF	1	1	PDAC_SC_17_s1-b5_1_4776.d	v1.1.0	NT=ms-proteomics;VV=v1.1.0	NT=single-cell;VV=v1.0.0	NT=dia-acquisition;VV=v1.1.0	NT=cell-lines;VV=v1.1.0	manual curation	0.1% paraformaldehyde fixation, 20 min
PDAC_SC_18_s1-b6_1_4777	NT=Mus musculus;AC=NCBITaxon:10090	NT=pancreas;AC=UBERON:0001264	NT=pancreatic ductal adenocarcinoma;AC=MONDO:0005184	NT=epithelial cell;AC=CL:0000066	KPC	not available	not available	0.1% paraformaldehyde fixation, 20 min	NT=single cell;AC=PRIDE:0000897	cellenONE	PDAC_SC_18_s1-b6_1_4777	1	318	run 318	proteomic profiling by mass spectrometry	data-independent acquisition	NT=timsTOF SCP;AC=MS:1003231	NT=label free sample;AC=MS:1002038	NT=Trypsin;AC=MS:1001251	not applicable	not applicable	not applicable	NT=collision-induced dissociation;AC=MS:1000133	not available	not available	not available	not available	not available	not available	diaPASEF	1	1	PDAC_SC_18_s1-b6_1_4777.d	v1.1.0	NT=ms-proteomics;VV=v1.1.0	NT=single-cell;VV=v1.0.0	NT=dia-acquisition;VV=v1.1.0	NT=cell-lines;VV=v1.1.0	manual curation	0.1% paraformaldehyde fixation, 20 min
PDAC_SC_19_s1-b7_1_4778	NT=Mus musculus;AC=NCBITaxon:10090	NT=pancreas;AC=UBERON:0001264	NT=pancreatic ductal adenocarcinoma;AC=MONDO:0005184	NT=epithelial cell;AC=CL:0000066	KPC	not available	not available	0.1% paraformaldehyde fixation, 20 min	NT=single cell;AC=PRIDE:0000897	cellenONE	PDAC_SC_19_s1-b7_1_4778	1	319	run 319	proteomic profiling by mass spectrometry	data-independent acquisition	NT=timsTOF SCP;AC=MS:1003231	NT=label free sample;AC=MS:1002038	NT=Trypsin;AC=MS:1001251	not applicable	not applicable	not applicable	NT=collision-induced dissociation;AC=MS:1000133	not available	not available	not available	not available	not available	not available	diaPASEF	1	1	PDAC_SC_19_s1-b7_1_4778.d	v1.1.0	NT=ms-proteomics;VV=v1.1.0	NT=single-cell;VV=v1.0.0	NT=dia-acquisition;VV=v1.1.0	NT=cell-lines;VV=v1.1.0	manual curation	0.1% paraformaldehyde fixation, 20 min
PDAC_SC_20_s1-b8_1_4779	NT=Mus musculus;AC=NCBITaxon:10090	NT=pancreas;AC=UBERON:0001264	NT=pancreatic ductal adenocarcinoma;AC=MONDO:0005184	NT=epithelial cell;AC=CL:0000066	KPC	not available	not available	0.1% paraformaldehyde fixation, 20 min	NT=single cell;AC=PRIDE:0000897	cellenONE	PDAC_SC_20_s1-b8_1_4779	1	320	run 320	proteomic profiling by mass spectrometry	data-independent acquisition	NT=timsTOF SCP;AC=MS:1003231	NT=label free sample;AC=MS:1002038	NT=Trypsin;AC=MS:1001251	not applicable	not applicable	not applicable	NT=collision-induced dissociation;AC=MS:1000133	not available	not available	not available	not available	not available	not available	diaPASEF	1	1	PDAC_SC_20_s1-b8_1_4779.d	v1.1.0	NT=ms-proteomics;VV=v1.1.0	NT=single-cell;VV=v1.0.0	NT=dia-acquisition;VV=v1.1.0	NT=cell-lines;VV=v1.1.0	manual curation	0.1% paraformaldehyde fixation, 20 min
PDAC_SC_21_s1-b9_1_4780	NT=Mus musculus;AC=NCBITaxon:10090	NT=pancreas;AC=UBERON:0001264	NT=pancreatic ductal adenocarcinoma;AC=MONDO:0005184	NT=epithelial cell;AC=CL:0000066	KPC	not available	not available	0.1% paraformaldehyde fixation, 20 min	NT=single cell;AC=PRIDE:0000897	cellenONE	PDAC_SC_21_s1-b9_1_4780	1	321	run 321	proteomic profiling by mass spectrometry	data-independent acquisition	NT=timsTOF SCP;AC=MS:1003231	NT=label free sample;AC=MS:1002038	NT=Trypsin;AC=MS:1001251	not applicable	not applicable	not applicable	NT=collision-induced dissociation;AC=MS:1000133	not available	not available	not available	not available	not available	not available	diaPASEF	1	1	PDAC_SC_21_s1-b9_1_4780.d	v1.1.0	NT=ms-proteomics;VV=v1.1.0	NT=single-cell;VV=v1.0.0	NT=dia-acquisition;VV=v1.1.0	NT=cell-lines;VV=v1.1.0	manual curation	0.1% paraformaldehyde fixation, 20 min
PDAC_SC_22_s1-b10_1_4781	NT=Mus musculus;AC=NCBITaxon:10090	NT=pancreas;AC=UBERON:0001264	NT=pancreatic ductal adenocarcinoma;AC=MONDO:0005184	NT=epithelial cell;AC=CL:0000066	KPC	not available	not available	0.1% paraformaldehyde fixation, 20 min	NT=single cell;AC=PRIDE:0000897	cellenONE	PDAC_SC_22_s1-b10_1_4781	1	322	run 322	proteomic profiling by mass spectrometry	data-independent acquisition	NT=timsTOF SCP;AC=MS:1003231	NT=label free sample;AC=MS:1002038	NT=Trypsin;AC=MS:1001251	not applicable	not applicable	not applicable	NT=collision-induced dissociation;AC=MS:1000133	not available	not available	not available	not available	not available	not available	diaPASEF	1	1	PDAC_SC_22_s1-b10_1_4781.d	v1.1.0	NT=ms-proteomics;VV=v1.1.0	NT=single-cell;VV=v1.0.0	NT=dia-acquisition;VV=v1.1.0	NT=cell-lines;VV=v1.1.0	manual curation	0.1% paraformaldehyde fixation, 20 min
PDAC_SC_23_s1-b11_1_4782	NT=Mus musculus;AC=NCBITaxon:10090	NT=pancreas;AC=UBERON:0001264	NT=pancreatic ductal adenocarcinoma;AC=MONDO:0005184	NT=epithelial cell;AC=CL:0000066	KPC	not available	not available	0.1% paraformaldehyde fixation, 20 min	NT=single cell;AC=PRIDE:0000897	cellenONE	PDAC_SC_23_s1-b11_1_4782	1	323	run 323	proteomic profiling by mass spectrometry	data-independent acquisition	NT=timsTOF SCP;AC=MS:1003231	NT=label free sample;AC=MS:1002038	NT=Trypsin;AC=MS:1001251	not applicable	not applicable	not applicable	NT=collision-induced dissociation;AC=MS:1000133	not available	not available	not available	not available	not available	not available	diaPASEF	1	1	PDAC_SC_23_s1-b11_1_4782.d	v1.1.0	NT=ms-proteomics;VV=v1.1.0	NT=single-cell;VV=v1.0.0	NT=dia-acquisition;VV=v1.1.0	NT=cell-lines;VV=v1.1.0	manual curation	0.1% paraformaldehyde fixation, 20 min
PDAC_SC_24_s1-b12_1_4783	NT=Mus musculus;AC=NCBITaxon:10090	NT=pancreas;AC=UBERON:0001264	NT=pancreatic ductal adenocarcinoma;AC=MONDO:0005184	NT=epithelial cell;AC=CL:0000066	KPC	not available	not available	0.1% paraformaldehyde fixation, 20 min	NT=single cell;AC=PRIDE:0000897	cellenONE	PDAC_SC_24_s1-b12_1_4783	1	324	run 324	proteomic profiling by mass spectrometry	data-independent acquisition	NT=timsTOF SCP;AC=MS:1003231	NT=label free sample;AC=MS:1002038	NT=Trypsin;AC=MS:1001251	not applicable	not applicable	not applicable	NT=collision-induced dissociation;AC=MS:1000133	not available	not available	not available	not available	not available	not available	diaPASEF	1	1	PDAC_SC_24_s1-b12_1_4783.d	v1.1.0	NT=ms-proteomics;VV=v1.1.0	NT=single-cell;VV=v1.0.0	NT=dia-acquisition;VV=v1.1.0	NT=cell-lines;VV=v1.1.0	manual curation	0.1% paraformaldehyde fixation, 20 min
PDAC_SC_25_s1-c1_1_4784	NT=Mus musculus;AC=NCBITaxon:10090	NT=pancreas;AC=UBERON:0001264	NT=pancreatic ductal adenocarcinoma;AC=MONDO:0005184	NT=epithelial cell;AC=CL:0000066	KPC	not available	not available	0.1% paraformaldehyde fixation, 20 min	NT=single cell;AC=PRIDE:0000897	cellenONE	PDAC_SC_25_s1-c1_1_4784	1	325	run 325	proteomic profiling by mass spectrometry	data-independent acquisition	NT=timsTOF SCP;AC=MS:1003231	NT=label free sample;AC=MS:1002038	NT=Trypsin;AC=MS:1001251	not applicable	not applicable	not applicable	NT=collision-induced dissociation;AC=MS:1000133	not available	not available	not available	not available	not available	not available	diaPASEF	1	1	PDAC_SC_25_s1-c1_1_4784.d	v1.1.0	NT=ms-proteomics;VV=v1.1.0	NT=single-cell;VV=v1.0.0	NT=dia-acquisition;VV=v1.1.0	NT=cell-lines;VV=v1.1.0	manual curation	0.1% paraformaldehyde fixation, 20 min
PDAC_SC_26_s1-c2_1_4785	NT=Mus musculus;AC=NCBITaxon:10090	NT=pancreas;AC=UBERON:0001264	NT=pancreatic ductal adenocarcinoma;AC=MONDO:0005184	NT=epithelial cell;AC=CL:0000066	KPC	not available	not available	0.1% paraformaldehyde fixation, 20 min	NT=single cell;AC=PRIDE:0000897	cellenONE	PDAC_SC_26_s1-c2_1_4785	1	326	run 326	proteomic profiling by mass spectrometry	data-independent acquisition	NT=timsTOF SCP;AC=MS:1003231	NT=label free sample;AC=MS:1002038	NT=Trypsin;AC=MS:1001251	not applicable	not applicable	not applicable	NT=collision-induced dissociation;AC=MS:1000133	not available	not available	not available	not available	not available	not available	diaPASEF	1	1	PDAC_SC_26_s1-c2_1_4785.d	v1.1.0	NT=ms-proteomics;VV=v1.1.0	NT=single-cell;VV=v1.0.0	NT=dia-acquisition;VV=v1.1.0	NT=cell-lines;VV=v1.1.0	manual curation	0.1% paraformaldehyde fixation, 20 min
PDAC_SC_27_s1-c3_1_4786	NT=Mus musculus;AC=NCBITaxon:10090	NT=pancreas;AC=UBERON:0001264	NT=pancreatic ductal adenocarcinoma;AC=MONDO:0005184	NT=epithelial cell;AC=CL:0000066	KPC	not available	not available	0.1% paraformaldehyde fixation, 20 min	NT=single cell;AC=PRIDE:0000897	cellenONE	PDAC_SC_27_s1-c3_1_4786	1	327	run 327	proteomic profiling by mass spectrometry	data-independent acquisition	NT=timsTOF SCP;AC=MS:1003231	NT=label free sample;AC=MS:1002038	NT=Trypsin;AC=MS:1001251	not applicable	not applicable	not applicable	NT=collision-induced dissociation;AC=MS:1000133	not available	not available	not available	not available	not available	not available	diaPASEF	1	1	PDAC_SC_27_s1-c3_1_4786.d	v1.1.0	NT=ms-proteomics;VV=v1.1.0	NT=single-cell;VV=v1.0.0	NT=dia-acquisition;VV=v1.1.0	NT=cell-lines;VV=v1.1.0	manual curation	0.1% paraformaldehyde fixation, 20 min
PDAC_SC_28_s1-c4_1_4787	NT=Mus musculus;AC=NCBITaxon:10090	NT=pancreas;AC=UBERON:0001264	NT=pancreatic ductal adenocarcinoma;AC=MONDO:0005184	NT=epithelial cell;AC=CL:0000066	KPC	not available	not available	0.1% paraformaldehyde fixation, 20 min	NT=single cell;AC=PRIDE:0000897	cellenONE	PDAC_SC_28_s1-c4_1_4787	1	328	run 328	proteomic profiling by mass spectrometry	data-independent acquisition	NT=timsTOF SCP;AC=MS:1003231	NT=label free sample;AC=MS:1002038	NT=Trypsin;AC=MS:1001251	not applicable	not applicable	not applicable	NT=collision-induced dissociation;AC=MS:1000133	not available	not available	not available	not available	not available	not available	diaPASEF	1	1	PDAC_SC_28_s1-c4_1_4787.d	v1.1.0	NT=ms-proteomics;VV=v1.1.0	NT=single-cell;VV=v1.0.0	NT=dia-acquisition;VV=v1.1.0	NT=cell-lines;VV=v1.1.0	manual curation	0.1% paraformaldehyde fixation, 20 min
PDAC_SC_29_s1-c5_1_4788	NT=Mus musculus;AC=NCBITaxon:10090	NT=pancreas;AC=UBERON:0001264	NT=pancreatic ductal adenocarcinoma;AC=MONDO:0005184	NT=epithelial cell;AC=CL:0000066	KPC	not available	not available	0.1% paraformaldehyde fixation, 20 min	NT=single cell;AC=PRIDE:0000897	cellenONE	PDAC_SC_29_s1-c5_1_4788	1	329	run 329	proteomic profiling by mass spectrometry	data-independent acquisition	NT=timsTOF SCP;AC=MS:1003231	NT=label free sample;AC=MS:1002038	NT=Trypsin;AC=MS:1001251	not applicable	not applicable	not applicable	NT=collision-induced dissociation;AC=MS:1000133	not available	not available	not available	not available	not available	not available	diaPASEF	1	1	PDAC_SC_29_s1-c5_1_4788.d	v1.1.0	NT=ms-proteomics;VV=v1.1.0	NT=single-cell;VV=v1.0.0	NT=dia-acquisition;VV=v1.1.0	NT=cell-lines;VV=v1.1.0	manual curation	0.1% paraformaldehyde fixation, 20 min
PDAC_SC_30_s1-c6_1_4789	NT=Mus musculus;AC=NCBITaxon:10090	NT=pancreas;AC=UBERON:0001264	NT=pancreatic ductal adenocarcinoma;AC=MONDO:0005184	NT=epithelial cell;AC=CL:0000066	KPC	not available	not available	0.1% paraformaldehyde fixation, 20 min	NT=single cell;AC=PRIDE:0000897	cellenONE	PDAC_SC_30_s1-c6_1_4789	1	330	run 330	proteomic profiling by mass spectrometry	data-independent acquisition	NT=timsTOF SCP;AC=MS:1003231	NT=label free sample;AC=MS:1002038	NT=Trypsin;AC=MS:1001251	not applicable	not applicable	not applicable	NT=collision-induced dissociation;AC=MS:1000133	not available	not available	not available	not available	not available	not available	diaPASEF	1	1	PDAC_SC_30_s1-c6_1_4789.d	v1.1.0	NT=ms-proteomics;VV=v1.1.0	NT=single-cell;VV=v1.0.0	NT=dia-acquisition;VV=v1.1.0	NT=cell-lines;VV=v1.1.0	manual curation	0.1% paraformaldehyde fixation, 20 min
PDAC_SC_31_s1-c7_1_4790	NT=Mus musculus;AC=NCBITaxon:10090	NT=pancreas;AC=UBERON:0001264	NT=pancreatic ductal adenocarcinoma;AC=MONDO:0005184	NT=epithelial cell;AC=CL:0000066	KPC	not available	not available	0.1% paraformaldehyde fixation, 20 min	NT=single cell;AC=PRIDE:0000897	cellenONE	PDAC_SC_31_s1-c7_1_4790	1	331	run 331	proteomic profiling by mass spectrometry	data-independent acquisition	NT=timsTOF SCP;AC=MS:1003231	NT=label free sample;AC=MS:1002038	NT=Trypsin;AC=MS:1001251	not applicable	not applicable	not applicable	NT=collision-induced dissociation;AC=MS:1000133	not available	not available	not available	not available	not available	not available	diaPASEF	1	1	PDAC_SC_31_s1-c7_1_4790.d	v1.1.0	NT=ms-proteomics;VV=v1.1.0	NT=single-cell;VV=v1.0.0	NT=dia-acquisition;VV=v1.1.0	NT=cell-lines;VV=v1.1.0	manual curation	0.1% paraformaldehyde fixation, 20 min
PDAC_SC_32_s1-c8_1_4791	NT=Mus musculus;AC=NCBITaxon:10090	NT=pancreas;AC=UBERON:0001264	NT=pancreatic ductal adenocarcinoma;AC=MONDO:0005184	NT=epithelial cell;AC=CL:0000066	KPC	not available	not available	0.1% paraformaldehyde fixation, 20 min	NT=single cell;AC=PRIDE:0000897	cellenONE	PDAC_SC_32_s1-c8_1_4791	1	332	run 332	proteomic profiling by mass spectrometry	data-independent acquisition	NT=timsTOF SCP;AC=MS:1003231	NT=label free sample;AC=MS:1002038	NT=Trypsin;AC=MS:1001251	not applicable	not applicable	not applicable	NT=collision-induced dissociation;AC=MS:1000133	not available	not available	not available	not available	not available	not available	diaPASEF	1	1	PDAC_SC_32_s1-c8_1_4791.d	v1.1.0	NT=ms-proteomics;VV=v1.1.0	NT=single-cell;VV=v1.0.0	NT=dia-acquisition;VV=v1.1.0	NT=cell-lines;VV=v1.1.0	manual curation	0.1% paraformaldehyde fixation, 20 min
PDAC_SC_33_s1-c9_1_4792	NT=Mus musculus;AC=NCBITaxon:10090	NT=pancreas;AC=UBERON:0001264	NT=pancreatic ductal adenocarcinoma;AC=MONDO:0005184	NT=epithelial cell;AC=CL:0000066	KPC	not available	not available	0.1% paraformaldehyde fixation, 20 min	NT=single cell;AC=PRIDE:0000897	cellenONE	PDAC_SC_33_s1-c9_1_4792	1	333	run 333	proteomic profiling by mass spectrometry	data-independent acquisition	NT=timsTOF SCP;AC=MS:1003231	NT=label free sample;AC=MS:1002038	NT=Trypsin;AC=MS:1001251	not applicable	not applicable	not applicable	NT=collision-induced dissociation;AC=MS:1000133	not available	not available	not available	not available	not available	not available	diaPASEF	1	1	PDAC_SC_33_s1-c9_1_4792.d	v1.1.0	NT=ms-proteomics;VV=v1.1.0	NT=single-cell;VV=v1.0.0	NT=dia-acquisition;VV=v1.1.0	NT=cell-lines;VV=v1.1.0	manual curation	0.1% paraformaldehyde fixation, 20 min
PDAC_SC_34_s1-c10_1_4793	NT=Mus musculus;AC=NCBITaxon:10090	NT=pancreas;AC=UBERON:0001264	NT=pancreatic ductal adenocarcinoma;AC=MONDO:0005184	NT=epithelial cell;AC=CL:0000066	KPC	not available	not available	0.1% paraformaldehyde fixation, 20 min	NT=single cell;AC=PRIDE:0000897	cellenONE	PDAC_SC_34_s1-c10_1_4793	1	334	run 334	proteomic profiling by mass spectrometry	data-independent acquisition	NT=timsTOF SCP;AC=MS:1003231	NT=label free sample;AC=MS:1002038	NT=Trypsin;AC=MS:1001251	not applicable	not applicable	not applicable	NT=collision-induced dissociation;AC=MS:1000133	not available	not available	not available	not available	not available	not available	diaPASEF	1	1	PDAC_SC_34_s1-c10_1_4793.d	v1.1.0	NT=ms-proteomics;VV=v1.1.0	NT=single-cell;VV=v1.0.0	NT=dia-acquisition;VV=v1.1.0	NT=cell-lines;VV=v1.1.0	manual curation	0.1% paraformaldehyde fixation, 20 min
PDAC_SC_35_s1-c11_1_4794	NT=Mus musculus;AC=NCBITaxon:10090	NT=pancreas;AC=UBERON:0001264	NT=pancreatic ductal adenocarcinoma;AC=MONDO:0005184	NT=epithelial cell;AC=CL:0000066	KPC	not available	not available	0.1% paraformaldehyde fixation, 20 min	NT=single cell;AC=PRIDE:0000897	cellenONE	PDAC_SC_35_s1-c11_1_4794	1	335	run 335	proteomic profiling by mass spectrometry	data-independent acquisition	NT=timsTOF SCP;AC=MS:1003231	NT=label free sample;AC=MS:1002038	NT=Trypsin;AC=MS:1001251	not applicable	not applicable	not applicable	NT=collision-induced dissociation;AC=MS:1000133	not available	not available	not available	not available	not available	not available	diaPASEF	1	1	PDAC_SC_35_s1-c11_1_4794.d	v1.1.0	NT=ms-proteomics;VV=v1.1.0	NT=single-cell;VV=v1.0.0	NT=dia-acquisition;VV=v1.1.0	NT=cell-lines;VV=v1.1.0	manual curation	0.1% paraformaldehyde fixation, 20 min
PDAC_SC_36_s1-c12_1_4795	NT=Mus musculus;AC=NCBITaxon:10090	NT=pancreas;AC=UBERON:0001264	NT=pancreatic ductal adenocarcinoma;AC=MONDO:0005184	NT=epithelial cell;AC=CL:0000066	KPC	not available	not available	0.1% paraformaldehyde fixation, 20 min	NT=single cell;AC=PRIDE:0000897	cellenONE	PDAC_SC_36_s1-c12_1_4795	1	336	run 336	proteomic profiling by mass spectrometry	data-independent acquisition	NT=timsTOF SCP;AC=MS:1003231	NT=label free sample;AC=MS:1002038	NT=Trypsin;AC=MS:1001251	not applicable	not applicable	not applicable	NT=collision-induced dissociation;AC=MS:1000133	not available	not available	not available	not available	not available	not available	diaPASEF	1	1	PDAC_SC_36_s1-c12_1_4795.d	v1.1.0	NT=ms-proteomics;VV=v1.1.0	NT=single-cell;VV=v1.0.0	NT=dia-acquisition;VV=v1.1.0	NT=cell-lines;VV=v1.1.0	manual curation	0.1% paraformaldehyde fixation, 20 min
PDAC_SC_37_s1-d1_1_4796	NT=Mus musculus;AC=NCBITaxon:10090	NT=pancreas;AC=UBERON:0001264	NT=pancreatic ductal adenocarcinoma;AC=MONDO:0005184	NT=epithelial cell;AC=CL:0000066	KPC	not available	not available	0.1% paraformaldehyde fixation, 20 min	NT=single cell;AC=PRIDE:0000897	cellenONE	PDAC_SC_37_s1-d1_1_4796	1	337	run 337	proteomic profiling by mass spectrometry	data-independent acquisition	NT=timsTOF SCP;AC=MS:1003231	NT=label free sample;AC=MS:1002038	NT=Trypsin;AC=MS:1001251	not applicable	not applicable	not applicable	NT=collision-induced dissociation;AC=MS:1000133	not available	not available	not available	not available	not available	not available	diaPASEF	1	1	PDAC_SC_37_s1-d1_1_4796.d	v1.1.0	NT=ms-proteomics;VV=v1.1.0	NT=single-cell;VV=v1.0.0	NT=dia-acquisition;VV=v1.1.0	NT=cell-lines;VV=v1.1.0	manual curation	0.1% paraformaldehyde fixation, 20 min
PDAC_SC_38_s1-d2_1_4797	NT=Mus musculus;AC=NCBITaxon:10090	NT=pancreas;AC=UBERON:0001264	NT=pancreatic ductal adenocarcinoma;AC=MONDO:0005184	NT=epithelial cell;AC=CL:0000066	KPC	not available	not available	0.1% paraformaldehyde fixation, 20 min	NT=single cell;AC=PRIDE:0000897	cellenONE	PDAC_SC_38_s1-d2_1_4797	1	338	run 338	proteomic profiling by mass spectrometry	data-independent acquisition	NT=timsTOF SCP;AC=MS:1003231	NT=label free sample;AC=MS:1002038	NT=Trypsin;AC=MS:1001251	not applicable	not applicable	not applicable	NT=collision-induced dissociation;AC=MS:1000133	not available	not available	not available	not available	not available	not available	diaPASEF	1	1	PDAC_SC_38_s1-d2_1_4797.d	v1.1.0	NT=ms-proteomics;VV=v1.1.0	NT=single-cell;VV=v1.0.0	NT=dia-acquisition;VV=v1.1.0	NT=cell-lines;VV=v1.1.0	manual curation	0.1% paraformaldehyde fixation, 20 min
PDAC_SC_39_s1-d3_1_4798	NT=Mus musculus;AC=NCBITaxon:10090	NT=pancreas;AC=UBERON:0001264	NT=pancreatic ductal adenocarcinoma;AC=MONDO:0005184	NT=epithelial cell;AC=CL:0000066	KPC	not available	not available	0.1% paraformaldehyde fixation, 20 min	NT=single cell;AC=PRIDE:0000897	cellenONE	PDAC_SC_39_s1-d3_1_4798	1	339	run 339	proteomic profiling by mass spectrometry	data-independent acquisition	NT=timsTOF SCP;AC=MS:1003231	NT=label free sample;AC=MS:1002038	NT=Trypsin;AC=MS:1001251	not applicable	not applicable	not applicable	NT=collision-induced dissociation;AC=MS:1000133	not available	not available	not available	not available	not available	not available	diaPASEF	1	1	PDAC_SC_39_s1-d3_1_4798.d	v1.1.0	NT=ms-proteomics;VV=v1.1.0	NT=single-cell;VV=v1.0.0	NT=dia-acquisition;VV=v1.1.0	NT=cell-lines;VV=v1.1.0	manual curation	0.1% paraformaldehyde fixation, 20 min
PDAC_SC_40_s1-d4_1_4799	NT=Mus musculus;AC=NCBITaxon:10090	NT=pancreas;AC=UBERON:0001264	NT=pancreatic ductal adenocarcinoma;AC=MONDO:0005184	NT=epithelial cell;AC=CL:0000066	KPC	not available	not available	0.1% paraformaldehyde fixation, 20 min	NT=single cell;AC=PRIDE:0000897	cellenONE	PDAC_SC_40_s1-d4_1_4799	1	340	run 340	proteomic profiling by mass spectrometry	data-independent acquisition	NT=timsTOF SCP;AC=MS:1003231	NT=label free sample;AC=MS:1002038	NT=Trypsin;AC=MS:1001251	not applicable	not applicable	not applicable	NT=collision-induced dissociation;AC=MS:1000133	not available	not available	not available	not available	not available	not available	diaPASEF	1	1	PDAC_SC_40_s1-d4_1_4799.d	v1.1.0	NT=ms-proteomics;VV=v1.1.0	NT=single-cell;VV=v1.0.0	NT=dia-acquisition;VV=v1.1.0	NT=cell-lines;VV=v1.1.0	manual curation	0.1% paraformaldehyde fixation, 20 min
PDAC_SC_41_s1-d5_1_4800	NT=Mus musculus;AC=NCBITaxon:10090	NT=pancreas;AC=UBERON:0001264	NT=pancreatic ductal adenocarcinoma;AC=MONDO:0005184	NT=epithelial cell;AC=CL:0000066	KPC	not available	not available	0.1% paraformaldehyde fixation, 20 min	NT=single cell;AC=PRIDE:0000897	cellenONE	PDAC_SC_41_s1-d5_1_4800	1	341	run 341	proteomic profiling by mass spectrometry	data-independent acquisition	NT=timsTOF SCP;AC=MS:1003231	NT=label free sample;AC=MS:1002038	NT=Trypsin;AC=MS:1001251	not applicable	not applicable	not applicable	NT=collision-induced dissociation;AC=MS:1000133	not available	not available	not available	not available	not available	not available	diaPASEF	1	1	PDAC_SC_41_s1-d5_1_4800.d	v1.1.0	NT=ms-proteomics;VV=v1.1.0	NT=single-cell;VV=v1.0.0	NT=dia-acquisition;VV=v1.1.0	NT=cell-lines;VV=v1.1.0	manual curation	0.1% paraformaldehyde fixation, 20 min
PDAC_SC_42_s1-d6_1_4801	NT=Mus musculus;AC=NCBITaxon:10090	NT=pancreas;AC=UBERON:0001264	NT=pancreatic ductal adenocarcinoma;AC=MONDO:0005184	NT=epithelial cell;AC=CL:0000066	KPC	not available	not available	0.1% paraformaldehyde fixation, 20 min	NT=single cell;AC=PRIDE:0000897	cellenONE	PDAC_SC_42_s1-d6_1_4801	1	342	run 342	proteomic profiling by mass spectrometry	data-independent acquisition	NT=timsTOF SCP;AC=MS:1003231	NT=label free sample;AC=MS:1002038	NT=Trypsin;AC=MS:1001251	not applicable	not applicable	not applicable	NT=collision-induced dissociation;AC=MS:1000133	not available	not available	not available	not available	not available	not available	diaPASEF	1	1	PDAC_SC_42_s1-d6_1_4801.d	v1.1.0	NT=ms-proteomics;VV=v1.1.0	NT=single-cell;VV=v1.0.0	NT=dia-acquisition;VV=v1.1.0	NT=cell-lines;VV=v1.1.0	manual curation	0.1% paraformaldehyde fixation, 20 min
PDAC_SC_43_s1-d7_1_4802	NT=Mus musculus;AC=NCBITaxon:10090	NT=pancreas;AC=UBERON:0001264	NT=pancreatic ductal adenocarcinoma;AC=MONDO:0005184	NT=epithelial cell;AC=CL:0000066	KPC	not available	not available	0.1% paraformaldehyde fixation, 20 min	NT=single cell;AC=PRIDE:0000897	cellenONE	PDAC_SC_43_s1-d7_1_4802	1	343	run 343	proteomic profiling by mass spectrometry	data-independent acquisition	NT=timsTOF SCP;AC=MS:1003231	NT=label free sample;AC=MS:1002038	NT=Trypsin;AC=MS:1001251	not applicable	not applicable	not applicable	NT=collision-induced dissociation;AC=MS:1000133	not available	not available	not available	not available	not available	not available	diaPASEF	1	1	PDAC_SC_43_s1-d7_1_4802.d	v1.1.0	NT=ms-proteomics;VV=v1.1.0	NT=single-cell;VV=v1.0.0	NT=dia-acquisition;VV=v1.1.0	NT=cell-lines;VV=v1.1.0	manual curation	0.1% paraformaldehyde fixation, 20 min
PDAC_SC_44_s1-d8_1_4803	NT=Mus musculus;AC=NCBITaxon:10090	NT=pancreas;AC=UBERON:0001264	NT=pancreatic ductal adenocarcinoma;AC=MONDO:0005184	NT=epithelial cell;AC=CL:0000066	KPC	not available	not available	0.1% paraformaldehyde fixation, 20 min	NT=single cell;AC=PRIDE:0000897	cellenONE	PDAC_SC_44_s1-d8_1_4803	1	344	run 344	proteomic profiling by mass spectrometry	data-independent acquisition	NT=timsTOF SCP;AC=MS:1003231	NT=label free sample;AC=MS:1002038	NT=Trypsin;AC=MS:1001251	not applicable	not applicable	not applicable	NT=collision-induced dissociation;AC=MS:1000133	not available	not available	not available	not available	not available	not available	diaPASEF	1	1	PDAC_SC_44_s1-d8_1_4803.d	v1.1.0	NT=ms-proteomics;VV=v1.1.0	NT=single-cell;VV=v1.0.0	NT=dia-acquisition;VV=v1.1.0	NT=cell-lines;VV=v1.1.0	manual curation	0.1% paraformaldehyde fixation, 20 min
PDAC_SC_45_s1-d9_1_4804	NT=Mus musculus;AC=NCBITaxon:10090	NT=pancreas;AC=UBERON:0001264	NT=pancreatic ductal adenocarcinoma;AC=MONDO:0005184	NT=epithelial cell;AC=CL:0000066	KPC	not available	not available	0.1% paraformaldehyde fixation, 20 min	NT=single cell;AC=PRIDE:0000897	cellenONE	PDAC_SC_45_s1-d9_1_4804	1	345	run 345	proteomic profiling by mass spectrometry	data-independent acquisition	NT=timsTOF SCP;AC=MS:1003231	NT=label free sample;AC=MS:1002038	NT=Trypsin;AC=MS:1001251	not applicable	not applicable	not applicable	NT=collision-induced dissociation;AC=MS:1000133	not available	not available	not available	not available	not available	not available	diaPASEF	1	1	PDAC_SC_45_s1-d9_1_4804.d	v1.1.0	NT=ms-proteomics;VV=v1.1.0	NT=single-cell;VV=v1.0.0	NT=dia-acquisition;VV=v1.1.0	NT=cell-lines;VV=v1.1.0	manual curation	0.1% paraformaldehyde fixation, 20 min
PDAC_SC_46_s1-d10_1_4805	NT=Mus musculus;AC=NCBITaxon:10090	NT=pancreas;AC=UBERON:0001264	NT=pancreatic ductal adenocarcinoma;AC=MONDO:0005184	NT=epithelial cell;AC=CL:0000066	KPC	not available	not available	0.1% paraformaldehyde fixation, 20 min	NT=single cell;AC=PRIDE:0000897	cellenONE	PDAC_SC_46_s1-d10_1_4805	1	346	run 346	proteomic profiling by mass spectrometry	data-independent acquisition	NT=timsTOF SCP;AC=MS:1003231	NT=label free sample;AC=MS:1002038	NT=Trypsin;AC=MS:1001251	not applicable	not applicable	not applicable	NT=collision-induced dissociation;AC=MS:1000133	not available	not available	not available	not available	not available	not available	diaPASEF	1	1	PDAC_SC_46_s1-d10_1_4805.d	v1.1.0	NT=ms-proteomics;VV=v1.1.0	NT=single-cell;VV=v1.0.0	NT=dia-acquisition;VV=v1.1.0	NT=cell-lines;VV=v1.1.0	manual curation	0.1% paraformaldehyde fixation, 20 min
PDAC_SC_47_s1-d11_1_4806	NT=Mus musculus;AC=NCBITaxon:10090	NT=pancreas;AC=UBERON:0001264	NT=pancreatic ductal adenocarcinoma;AC=MONDO:0005184	NT=epithelial cell;AC=CL:0000066	KPC	not available	not available	0.1% paraformaldehyde fixation, 20 min	NT=single cell;AC=PRIDE:0000897	cellenONE	PDAC_SC_47_s1-d11_1_4806	1	347	run 347	proteomic profiling by mass spectrometry	data-independent acquisition	NT=timsTOF SCP;AC=MS:1003231	NT=label free sample;AC=MS:1002038	NT=Trypsin;AC=MS:1001251	not applicable	not applicable	not applicable	NT=collision-induced dissociation;AC=MS:1000133	not available	not available	not available	not available	not available	not available	diaPASEF	1	1	PDAC_SC_47_s1-d11_1_4806.d	v1.1.0	NT=ms-proteomics;VV=v1.1.0	NT=single-cell;VV=v1.0.0	NT=dia-acquisition;VV=v1.1.0	NT=cell-lines;VV=v1.1.0	manual curation	0.1% paraformaldehyde fixation, 20 min
PDAC_SC_48_s1-d12_1_4807	NT=Mus musculus;AC=NCBITaxon:10090	NT=pancreas;AC=UBERON:0001264	NT=pancreatic ductal adenocarcinoma;AC=MONDO:0005184	NT=epithelial cell;AC=CL:0000066	KPC	not available	not available	0.1% paraformaldehyde fixation, 20 min	NT=single cell;AC=PRIDE:0000897	cellenONE	PDAC_SC_48_s1-d12_1_4807	1	348	run 348	proteomic profiling by mass spectrometry	data-independent acquisition	NT=timsTOF SCP;AC=MS:1003231	NT=label free sample;AC=MS:1002038	NT=Trypsin;AC=MS:1001251	not applicable	not applicable	not applicable	NT=collision-induced dissociation;AC=MS:1000133	not available	not available	not available	not available	not available	not available	diaPASEF	1	1	PDAC_SC_48_s1-d12_1_4807.d	v1.1.0	NT=ms-proteomics;VV=v1.1.0	NT=single-cell;VV=v1.0.0	NT=dia-acquisition;VV=v1.1.0	NT=cell-lines;VV=v1.1.0	manual curation	0.1% paraformaldehyde fixation, 20 min
PDAC_SC_49_s1-e1_1_4808	NT=Mus musculus;AC=NCBITaxon:10090	NT=pancreas;AC=UBERON:0001264	NT=pancreatic ductal adenocarcinoma;AC=MONDO:0005184	NT=epithelial cell;AC=CL:0000066	KPC	not available	not available	0.1% paraformaldehyde fixation, 20 min	NT=single cell;AC=PRIDE:0000897	cellenONE	PDAC_SC_49_s1-e1_1_4808	1	349	run 349	proteomic profiling by mass spectrometry	data-independent acquisition	NT=timsTOF SCP;AC=MS:1003231	NT=label free sample;AC=MS:1002038	NT=Trypsin;AC=MS:1001251	not applicable	not applicable	not applicable	NT=collision-induced dissociation;AC=MS:1000133	not available	not available	not available	not available	not available	not available	diaPASEF	1	1	PDAC_SC_49_s1-e1_1_4808.d	v1.1.0	NT=ms-proteomics;VV=v1.1.0	NT=single-cell;VV=v1.0.0	NT=dia-acquisition;VV=v1.1.0	NT=cell-lines;VV=v1.1.0	manual curation	0.1% paraformaldehyde fixation, 20 min
PDAC_SC_50_s1-e2_1_4809	NT=Mus musculus;AC=NCBITaxon:10090	NT=pancreas;AC=UBERON:0001264	NT=pancreatic ductal adenocarcinoma;AC=MONDO:0005184	NT=epithelial cell;AC=CL:0000066	KPC	not available	not available	0.1% paraformaldehyde fixation, 20 min	NT=single cell;AC=PRIDE:0000897	cellenONE	PDAC_SC_50_s1-e2_1_4809	1	350	run 350	proteomic profiling by mass spectrometry	data-independent acquisition	NT=timsTOF SCP;AC=MS:1003231	NT=label free sample;AC=MS:1002038	NT=Trypsin;AC=MS:1001251	not applicable	not applicable	not applicable	NT=collision-induced dissociation;AC=MS:1000133	not available	not available	not available	not available	not available	not available	diaPASEF	1	1	PDAC_SC_50_s1-e2_1_4809.d	v1.1.0	NT=ms-proteomics;VV=v1.1.0	NT=single-cell;VV=v1.0.0	NT=dia-acquisition;VV=v1.1.0	NT=cell-lines;VV=v1.1.0	manual curation	0.1% paraformaldehyde fixation, 20 min
PDAC_SC_51_s1-e3_1_4810	NT=Mus musculus;AC=NCBITaxon:10090	NT=pancreas;AC=UBERON:0001264	NT=pancreatic ductal adenocarcinoma;AC=MONDO:0005184	NT=epithelial cell;AC=CL:0000066	KPC	not available	not available	0.1% paraformaldehyde fixation, 20 min	NT=single cell;AC=PRIDE:0000897	cellenONE	PDAC_SC_51_s1-e3_1_4810	1	351	run 351	proteomic profiling by mass spectrometry	data-independent acquisition	NT=timsTOF SCP;AC=MS:1003231	NT=label free sample;AC=MS:1002038	NT=Trypsin;AC=MS:1001251	not applicable	not applicable	not applicable	NT=collision-induced dissociation;AC=MS:1000133	not available	not available	not available	not available	not available	not available	diaPASEF	1	1	PDAC_SC_51_s1-e3_1_4810.d	v1.1.0	NT=ms-proteomics;VV=v1.1.0	NT=single-cell;VV=v1.0.0	NT=dia-acquisition;VV=v1.1.0	NT=cell-lines;VV=v1.1.0	manual curation	0.1% paraformaldehyde fixation, 20 min
PDAC_SC_52_s1-e4_1_4811	NT=Mus musculus;AC=NCBITaxon:10090	NT=pancreas;AC=UBERON:0001264	NT=pancreatic ductal adenocarcinoma;AC=MONDO:0005184	NT=epithelial cell;AC=CL:0000066	KPC	not available	not available	0.1% paraformaldehyde fixation, 20 min	NT=single cell;AC=PRIDE:0000897	cellenONE	PDAC_SC_52_s1-e4_1_4811	1	352	run 352	proteomic profiling by mass spectrometry	data-independent acquisition	NT=timsTOF SCP;AC=MS:1003231	NT=label free sample;AC=MS:1002038	NT=Trypsin;AC=MS:1001251	not applicable	not applicable	not applicable	NT=collision-induced dissociation;AC=MS:1000133	not available	not available	not available	not available	not available	not available	diaPASEF	1	1	PDAC_SC_52_s1-e4_1_4811.d	v1.1.0	NT=ms-proteomics;VV=v1.1.0	NT=single-cell;VV=v1.0.0	NT=dia-acquisition;VV=v1.1.0	NT=cell-lines;VV=v1.1.0	manual curation	0.1% paraformaldehyde fixation, 20 min
PDAC_SC_53_s1-e5_1_4812	NT=Mus musculus;AC=NCBITaxon:10090	NT=pancreas;AC=UBERON:0001264	NT=pancreatic ductal adenocarcinoma;AC=MONDO:0005184	NT=epithelial cell;AC=CL:0000066	KPC	not available	not available	0.1% paraformaldehyde fixation, 20 min	NT=single cell;AC=PRIDE:0000897	cellenONE	PDAC_SC_53_s1-e5_1_4812	1	353	run 353	proteomic profiling by mass spectrometry	data-independent acquisition	NT=timsTOF SCP;AC=MS:1003231	NT=label free sample;AC=MS:1002038	NT=Trypsin;AC=MS:1001251	not applicable	not applicable	not applicable	NT=collision-induced dissociation;AC=MS:1000133	not available	not available	not available	not available	not available	not available	diaPASEF	1	1	PDAC_SC_53_s1-e5_1_4812.d	v1.1.0	NT=ms-proteomics;VV=v1.1.0	NT=single-cell;VV=v1.0.0	NT=dia-acquisition;VV=v1.1.0	NT=cell-lines;VV=v1.1.0	manual curation	0.1% paraformaldehyde fixation, 20 min
PDAC_SC_54_s1-e6_1_4813	NT=Mus musculus;AC=NCBITaxon:10090	NT=pancreas;AC=UBERON:0001264	NT=pancreatic ductal adenocarcinoma;AC=MONDO:0005184	NT=epithelial cell;AC=CL:0000066	KPC	not available	not available	0.1% paraformaldehyde fixation, 20 min	NT=single cell;AC=PRIDE:0000897	cellenONE	PDAC_SC_54_s1-e6_1_4813	1	354	run 354	proteomic profiling by mass spectrometry	data-independent acquisition	NT=timsTOF SCP;AC=MS:1003231	NT=label free sample;AC=MS:1002038	NT=Trypsin;AC=MS:1001251	not applicable	not applicable	not applicable	NT=collision-induced dissociation;AC=MS:1000133	not available	not available	not available	not available	not available	not available	diaPASEF	1	1	PDAC_SC_54_s1-e6_1_4813.d	v1.1.0	NT=ms-proteomics;VV=v1.1.0	NT=single-cell;VV=v1.0.0	NT=dia-acquisition;VV=v1.1.0	NT=cell-lines;VV=v1.1.0	manual curation	0.1% paraformaldehyde fixation, 20 min
PDAC_SC_55_s1-e7_1_4814	NT=Mus musculus;AC=NCBITaxon:10090	NT=pancreas;AC=UBERON:0001264	NT=pancreatic ductal adenocarcinoma;AC=MONDO:0005184	NT=epithelial cell;AC=CL:0000066	KPC	not available	not available	0.1% paraformaldehyde fixation, 20 min	NT=single cell;AC=PRIDE:0000897	cellenONE	PDAC_SC_55_s1-e7_1_4814	1	355	run 355	proteomic profiling by mass spectrometry	data-independent acquisition	NT=timsTOF SCP;AC=MS:1003231	NT=label free sample;AC=MS:1002038	NT=Trypsin;AC=MS:1001251	not applicable	not applicable	not applicable	NT=collision-induced dissociation;AC=MS:1000133	not available	not available	not available	not available	not available	not available	diaPASEF	1	1	PDAC_SC_55_s1-e7_1_4814.d	v1.1.0	NT=ms-proteomics;VV=v1.1.0	NT=single-cell;VV=v1.0.0	NT=dia-acquisition;VV=v1.1.0	NT=cell-lines;VV=v1.1.0	manual curation	0.1% paraformaldehyde fixation, 20 min
PDAC_SC_56_s1-e8_1_4815	NT=Mus musculus;AC=NCBITaxon:10090	NT=pancreas;AC=UBERON:0001264	NT=pancreatic ductal adenocarcinoma;AC=MONDO:0005184	NT=epithelial cell;AC=CL:0000066	KPC	not available	not available	0.1% paraformaldehyde fixation, 20 min	NT=single cell;AC=PRIDE:0000897	cellenONE	PDAC_SC_56_s1-e8_1_4815	1	356	run 356	proteomic profiling by mass spectrometry	data-independent acquisition	NT=timsTOF SCP;AC=MS:1003231	NT=label free sample;AC=MS:1002038	NT=Trypsin;AC=MS:1001251	not applicable	not applicable	not applicable	NT=collision-induced dissociation;AC=MS:1000133	not available	not available	not available	not available	not available	not available	diaPASEF	1	1	PDAC_SC_56_s1-e8_1_4815.d	v1.1.0	NT=ms-proteomics;VV=v1.1.0	NT=single-cell;VV=v1.0.0	NT=dia-acquisition;VV=v1.1.0	NT=cell-lines;VV=v1.1.0	manual curation	0.1% paraformaldehyde fixation, 20 min
PDAC_SC_57_s1-e9_1_4816	NT=Mus musculus;AC=NCBITaxon:10090	NT=pancreas;AC=UBERON:0001264	NT=pancreatic ductal adenocarcinoma;AC=MONDO:0005184	NT=epithelial cell;AC=CL:0000066	KPC	not available	not available	0.1% paraformaldehyde fixation, 20 min	NT=single cell;AC=PRIDE:0000897	cellenONE	PDAC_SC_57_s1-e9_1_4816	1	357	run 357	proteomic profiling by mass spectrometry	data-independent acquisition	NT=timsTOF SCP;AC=MS:1003231	NT=label free sample;AC=MS:1002038	NT=Trypsin;AC=MS:1001251	not applicable	not applicable	not applicable	NT=collision-induced dissociation;AC=MS:1000133	not available	not available	not available	not available	not available	not available	diaPASEF	1	1	PDAC_SC_57_s1-e9_1_4816.d	v1.1.0	NT=ms-proteomics;VV=v1.1.0	NT=single-cell;VV=v1.0.0	NT=dia-acquisition;VV=v1.1.0	NT=cell-lines;VV=v1.1.0	manual curation	0.1% paraformaldehyde fixation, 20 min
PDAC_SC_58_s1-e10_1_4817	NT=Mus musculus;AC=NCBITaxon:10090	NT=pancreas;AC=UBERON:0001264	NT=pancreatic ductal adenocarcinoma;AC=MONDO:0005184	NT=epithelial cell;AC=CL:0000066	KPC	not available	not available	0.1% paraformaldehyde fixation, 20 min	NT=single cell;AC=PRIDE:0000897	cellenONE	PDAC_SC_58_s1-e10_1_4817	1	358	run 358	proteomic profiling by mass spectrometry	data-independent acquisition	NT=timsTOF SCP;AC=MS:1003231	NT=label free sample;AC=MS:1002038	NT=Trypsin;AC=MS:1001251	not applicable	not applicable	not applicable	NT=collision-induced dissociation;AC=MS:1000133	not available	not available	not available	not available	not available	not available	diaPASEF	1	1	PDAC_SC_58_s1-e10_1_4817.d	v1.1.0	NT=ms-proteomics;VV=v1.1.0	NT=single-cell;VV=v1.0.0	NT=dia-acquisition;VV=v1.1.0	NT=cell-lines;VV=v1.1.0	manual curation	0.1% paraformaldehyde fixation, 20 min
PDAC_SC_59_s1-e11_1_4818	NT=Mus musculus;AC=NCBITaxon:10090	NT=pancreas;AC=UBERON:0001264	NT=pancreatic ductal adenocarcinoma;AC=MONDO:0005184	NT=epithelial cell;AC=CL:0000066	KPC	not available	not available	0.1% paraformaldehyde fixation, 20 min	NT=single cell;AC=PRIDE:0000897	cellenONE	PDAC_SC_59_s1-e11_1_4818	1	359	run 359	proteomic profiling by mass spectrometry	data-independent acquisition	NT=timsTOF SCP;AC=MS:1003231	NT=label free sample;AC=MS:1002038	NT=Trypsin;AC=MS:1001251	not applicable	not applicable	not applicable	NT=collision-induced dissociation;AC=MS:1000133	not available	not available	not available	not available	not available	not available	diaPASEF	1	1	PDAC_SC_59_s1-e11_1_4818.d	v1.1.0	NT=ms-proteomics;VV=v1.1.0	NT=single-cell;VV=v1.0.0	NT=dia-acquisition;VV=v1.1.0	NT=cell-lines;VV=v1.1.0	manual curation	0.1% paraformaldehyde fixation, 20 min
PDAC_SC_60_s1-e12_1_4819	NT=Mus musculus;AC=NCBITaxon:10090	NT=pancreas;AC=UBERON:0001264	NT=pancreatic ductal adenocarcinoma;AC=MONDO:0005184	NT=epithelial cell;AC=CL:0000066	KPC	not available	not available	0.1% paraformaldehyde fixation, 20 min	NT=single cell;AC=PRIDE:0000897	cellenONE	PDAC_SC_60_s1-e12_1_4819	1	360	run 360	proteomic profiling by mass spectrometry	data-independent acquisition	NT=timsTOF SCP;AC=MS:1003231	NT=label free sample;AC=MS:1002038	NT=Trypsin;AC=MS:1001251	not applicable	not applicable	not applicable	NT=collision-induced dissociation;AC=MS:1000133	not available	not available	not available	not available	not available	not available	diaPASEF	1	1	PDAC_SC_60_s1-e12_1_4819.d	v1.1.0	NT=ms-proteomics;VV=v1.1.0	NT=single-cell;VV=v1.0.0	NT=dia-acquisition;VV=v1.1.0	NT=cell-lines;VV=v1.1.0	manual curation	0.1% paraformaldehyde fixation, 20 min
PDAC_SC_61_s1-f1_1_4820	NT=Mus musculus;AC=NCBITaxon:10090	NT=pancreas;AC=UBERON:0001264	NT=pancreatic ductal adenocarcinoma;AC=MONDO:0005184	NT=epithelial cell;AC=CL:0000066	KPC	not available	not available	0.1% paraformaldehyde fixation, 20 min	NT=single cell;AC=PRIDE:0000897	cellenONE	PDAC_SC_61_s1-f1_1_4820	1	361	run 361	proteomic profiling by mass spectrometry	data-independent acquisition	NT=timsTOF SCP;AC=MS:1003231	NT=label free sample;AC=MS:1002038	NT=Trypsin;AC=MS:1001251	not applicable	not applicable	not applicable	NT=collision-induced dissociation;AC=MS:1000133	not available	not available	not available	not available	not available	not available	diaPASEF	1	1	PDAC_SC_61_s1-f1_1_4820.d	v1.1.0	NT=ms-proteomics;VV=v1.1.0	NT=single-cell;VV=v1.0.0	NT=dia-acquisition;VV=v1.1.0	NT=cell-lines;VV=v1.1.0	manual curation	0.1% paraformaldehyde fixation, 20 min
PDAC_SC_62_s1-f2_1_4821	NT=Mus musculus;AC=NCBITaxon:10090	NT=pancreas;AC=UBERON:0001264	NT=pancreatic ductal adenocarcinoma;AC=MONDO:0005184	NT=epithelial cell;AC=CL:0000066	KPC	not available	not available	0.1% paraformaldehyde fixation, 20 min	NT=single cell;AC=PRIDE:0000897	cellenONE	PDAC_SC_62_s1-f2_1_4821	1	362	run 362	proteomic profiling by mass spectrometry	data-independent acquisition	NT=timsTOF SCP;AC=MS:1003231	NT=label free sample;AC=MS:1002038	NT=Trypsin;AC=MS:1001251	not applicable	not applicable	not applicable	NT=collision-induced dissociation;AC=MS:1000133	not available	not available	not available	not available	not available	not available	diaPASEF	1	1	PDAC_SC_62_s1-f2_1_4821.d	v1.1.0	NT=ms-proteomics;VV=v1.1.0	NT=single-cell;VV=v1.0.0	NT=dia-acquisition;VV=v1.1.0	NT=cell-lines;VV=v1.1.0	manual curation	0.1% paraformaldehyde fixation, 20 min
PDAC_SC_63_s1-f3_1_4822	NT=Mus musculus;AC=NCBITaxon:10090	NT=pancreas;AC=UBERON:0001264	NT=pancreatic ductal adenocarcinoma;AC=MONDO:0005184	NT=epithelial cell;AC=CL:0000066	KPC	not available	not available	0.1% paraformaldehyde fixation, 20 min	NT=single cell;AC=PRIDE:0000897	cellenONE	PDAC_SC_63_s1-f3_1_4822	1	363	run 363	proteomic profiling by mass spectrometry	data-independent acquisition	NT=timsTOF SCP;AC=MS:1003231	NT=label free sample;AC=MS:1002038	NT=Trypsin;AC=MS:1001251	not applicable	not applicable	not applicable	NT=collision-induced dissociation;AC=MS:1000133	not available	not available	not available	not available	not available	not available	diaPASEF	1	1	PDAC_SC_63_s1-f3_1_4822.d	v1.1.0	NT=ms-proteomics;VV=v1.1.0	NT=single-cell;VV=v1.0.0	NT=dia-acquisition;VV=v1.1.0	NT=cell-lines;VV=v1.1.0	manual curation	0.1% paraformaldehyde fixation, 20 min
PDAC_SC_64_s1-f4_1_4823	NT=Mus musculus;AC=NCBITaxon:10090	NT=pancreas;AC=UBERON:0001264	NT=pancreatic ductal adenocarcinoma;AC=MONDO:0005184	NT=epithelial cell;AC=CL:0000066	KPC	not available	not available	0.1% paraformaldehyde fixation, 20 min	NT=single cell;AC=PRIDE:0000897	cellenONE	PDAC_SC_64_s1-f4_1_4823	1	364	run 364	proteomic profiling by mass spectrometry	data-independent acquisition	NT=timsTOF SCP;AC=MS:1003231	NT=label free sample;AC=MS:1002038	NT=Trypsin;AC=MS:1001251	not applicable	not applicable	not applicable	NT=collision-induced dissociation;AC=MS:1000133	not available	not available	not available	not available	not available	not available	diaPASEF	1	1	PDAC_SC_64_s1-f4_1_4823.d	v1.1.0	NT=ms-proteomics;VV=v1.1.0	NT=single-cell;VV=v1.0.0	NT=dia-acquisition;VV=v1.1.0	NT=cell-lines;VV=v1.1.0	manual curation	0.1% paraformaldehyde fixation, 20 min
PDAC_SC_65_s1-f5_1_4824	NT=Mus musculus;AC=NCBITaxon:10090	NT=pancreas;AC=UBERON:0001264	NT=pancreatic ductal adenocarcinoma;AC=MONDO:0005184	NT=epithelial cell;AC=CL:0000066	KPC	not available	not available	0.1% paraformaldehyde fixation, 20 min	NT=single cell;AC=PRIDE:0000897	cellenONE	PDAC_SC_65_s1-f5_1_4824	1	365	run 365	proteomic profiling by mass spectrometry	data-independent acquisition	NT=timsTOF SCP;AC=MS:1003231	NT=label free sample;AC=MS:1002038	NT=Trypsin;AC=MS:1001251	not applicable	not applicable	not applicable	NT=collision-induced dissociation;AC=MS:1000133	not available	not available	not available	not available	not available	not available	diaPASEF	1	1	PDAC_SC_65_s1-f5_1_4824.d	v1.1.0	NT=ms-proteomics;VV=v1.1.0	NT=single-cell;VV=v1.0.0	NT=dia-acquisition;VV=v1.1.0	NT=cell-lines;VV=v1.1.0	manual curation	0.1% paraformaldehyde fixation, 20 min
PDAC_SC_66_s1-f6_1_4825	NT=Mus musculus;AC=NCBITaxon:10090	NT=pancreas;AC=UBERON:0001264	NT=pancreatic ductal adenocarcinoma;AC=MONDO:0005184	NT=epithelial cell;AC=CL:0000066	KPC	not available	not available	0.1% paraformaldehyde fixation, 20 min	NT=single cell;AC=PRIDE:0000897	cellenONE	PDAC_SC_66_s1-f6_1_4825	1	366	run 366	proteomic profiling by mass spectrometry	data-independent acquisition	NT=timsTOF SCP;AC=MS:1003231	NT=label free sample;AC=MS:1002038	NT=Trypsin;AC=MS:1001251	not applicable	not applicable	not applicable	NT=collision-induced dissociation;AC=MS:1000133	not available	not available	not available	not available	not available	not available	diaPASEF	1	1	PDAC_SC_66_s1-f6_1_4825.d	v1.1.0	NT=ms-proteomics;VV=v1.1.0	NT=single-cell;VV=v1.0.0	NT=dia-acquisition;VV=v1.1.0	NT=cell-lines;VV=v1.1.0	manual curation	0.1% paraformaldehyde fixation, 20 min
PDAC_SC_67_s1-f7_1_4826	NT=Mus musculus;AC=NCBITaxon:10090	NT=pancreas;AC=UBERON:0001264	NT=pancreatic ductal adenocarcinoma;AC=MONDO:0005184	NT=epithelial cell;AC=CL:0000066	KPC	not available	not available	0.1% paraformaldehyde fixation, 20 min	NT=single cell;AC=PRIDE:0000897	cellenONE	PDAC_SC_67_s1-f7_1_4826	1	367	run 367	proteomic profiling by mass spectrometry	data-independent acquisition	NT=timsTOF SCP;AC=MS:1003231	NT=label free sample;AC=MS:1002038	NT=Trypsin;AC=MS:1001251	not applicable	not applicable	not applicable	NT=collision-induced dissociation;AC=MS:1000133	not available	not available	not available	not available	not available	not available	diaPASEF	1	1	PDAC_SC_67_s1-f7_1_4826.d	v1.1.0	NT=ms-proteomics;VV=v1.1.0	NT=single-cell;VV=v1.0.0	NT=dia-acquisition;VV=v1.1.0	NT=cell-lines;VV=v1.1.0	manual curation	0.1% paraformaldehyde fixation, 20 min
PDAC_SC_68_s1-f8_1_4827	NT=Mus musculus;AC=NCBITaxon:10090	NT=pancreas;AC=UBERON:0001264	NT=pancreatic ductal adenocarcinoma;AC=MONDO:0005184	NT=epithelial cell;AC=CL:0000066	KPC	not available	not available	0.1% paraformaldehyde fixation, 20 min	NT=single cell;AC=PRIDE:0000897	cellenONE	PDAC_SC_68_s1-f8_1_4827	1	368	run 368	proteomic profiling by mass spectrometry	data-independent acquisition	NT=timsTOF SCP;AC=MS:1003231	NT=label free sample;AC=MS:1002038	NT=Trypsin;AC=MS:1001251	not applicable	not applicable	not applicable	NT=collision-induced dissociation;AC=MS:1000133	not available	not available	not available	not available	not available	not available	diaPASEF	1	1	PDAC_SC_68_s1-f8_1_4827.d	v1.1.0	NT=ms-proteomics;VV=v1.1.0	NT=single-cell;VV=v1.0.0	NT=dia-acquisition;VV=v1.1.0	NT=cell-lines;VV=v1.1.0	manual curation	0.1% paraformaldehyde fixation, 20 min
PDAC_SC_69_s1-f9_1_4828	NT=Mus musculus;AC=NCBITaxon:10090	NT=pancreas;AC=UBERON:0001264	NT=pancreatic ductal adenocarcinoma;AC=MONDO:0005184	NT=epithelial cell;AC=CL:0000066	KPC	not available	not available	0.1% paraformaldehyde fixation, 20 min	NT=single cell;AC=PRIDE:0000897	cellenONE	PDAC_SC_69_s1-f9_1_4828	1	369	run 369	proteomic profiling by mass spectrometry	data-independent acquisition	NT=timsTOF SCP;AC=MS:1003231	NT=label free sample;AC=MS:1002038	NT=Trypsin;AC=MS:1001251	not applicable	not applicable	not applicable	NT=collision-induced dissociation;AC=MS:1000133	not available	not available	not available	not available	not available	not available	diaPASEF	1	1	PDAC_SC_69_s1-f9_1_4828.d	v1.1.0	NT=ms-proteomics;VV=v1.1.0	NT=single-cell;VV=v1.0.0	NT=dia-acquisition;VV=v1.1.0	NT=cell-lines;VV=v1.1.0	manual curation	0.1% paraformaldehyde fixation, 20 min
PDAC_SC_70_s1-f10_1_4829	NT=Mus musculus;AC=NCBITaxon:10090	NT=pancreas;AC=UBERON:0001264	NT=pancreatic ductal adenocarcinoma;AC=MONDO:0005184	NT=epithelial cell;AC=CL:0000066	KPC	not available	not available	0.1% paraformaldehyde fixation, 20 min	NT=single cell;AC=PRIDE:0000897	cellenONE	PDAC_SC_70_s1-f10_1_4829	1	370	run 370	proteomic profiling by mass spectrometry	data-independent acquisition	NT=timsTOF SCP;AC=MS:1003231	NT=label free sample;AC=MS:1002038	NT=Trypsin;AC=MS:1001251	not applicable	not applicable	not applicable	NT=collision-induced dissociation;AC=MS:1000133	not available	not available	not available	not available	not available	not available	diaPASEF	1	1	PDAC_SC_70_s1-f10_1_4829.d	v1.1.0	NT=ms-proteomics;VV=v1.1.0	NT=single-cell;VV=v1.0.0	NT=dia-acquisition;VV=v1.1.0	NT=cell-lines;VV=v1.1.0	manual curation	0.1% paraformaldehyde fixation, 20 min
PDAC_SC_71_s1-f11_1_4830	NT=Mus musculus;AC=NCBITaxon:10090	NT=pancreas;AC=UBERON:0001264	NT=pancreatic ductal adenocarcinoma;AC=MONDO:0005184	NT=epithelial cell;AC=CL:0000066	KPC	not available	not available	0.1% paraformaldehyde fixation, 20 min	NT=single cell;AC=PRIDE:0000897	cellenONE	PDAC_SC_71_s1-f11_1_4830	1	371	run 371	proteomic profiling by mass spectrometry	data-independent acquisition	NT=timsTOF SCP;AC=MS:1003231	NT=label free sample;AC=MS:1002038	NT=Trypsin;AC=MS:1001251	not applicable	not applicable	not applicable	NT=collision-induced dissociation;AC=MS:1000133	not available	not available	not available	not available	not available	not available	diaPASEF	1	1	PDAC_SC_71_s1-f11_1_4830.d	v1.1.0	NT=ms-proteomics;VV=v1.1.0	NT=single-cell;VV=v1.0.0	NT=dia-acquisition;VV=v1.1.0	NT=cell-lines;VV=v1.1.0	manual curation	0.1% paraformaldehyde fixation, 20 min
PDAC_SC_72_s1-f12_1_4831	NT=Mus musculus;AC=NCBITaxon:10090	NT=pancreas;AC=UBERON:0001264	NT=pancreatic ductal adenocarcinoma;AC=MONDO:0005184	NT=epithelial cell;AC=CL:0000066	KPC	not available	not available	0.1% paraformaldehyde fixation, 20 min	NT=single cell;AC=PRIDE:0000897	cellenONE	PDAC_SC_72_s1-f12_1_4831	1	372	run 372	proteomic profiling by mass spectrometry	data-independent acquisition	NT=timsTOF SCP;AC=MS:1003231	NT=label free sample;AC=MS:1002038	NT=Trypsin;AC=MS:1001251	not applicable	not applicable	not applicable	NT=collision-induced dissociation;AC=MS:1000133	not available	not available	not available	not available	not available	not available	diaPASEF	1	1	PDAC_SC_72_s1-f12_1_4831.d	v1.1.0	NT=ms-proteomics;VV=v1.1.0	NT=single-cell;VV=v1.0.0	NT=dia-acquisition;VV=v1.1.0	NT=cell-lines;VV=v1.1.0	manual curation	0.1% paraformaldehyde fixation, 20 min
PDAC_SC_73_s1-g1_1_4832	NT=Mus musculus;AC=NCBITaxon:10090	NT=pancreas;AC=UBERON:0001264	NT=pancreatic ductal adenocarcinoma;AC=MONDO:0005184	NT=epithelial cell;AC=CL:0000066	KPC	not available	not available	0.1% paraformaldehyde fixation, 20 min	NT=single cell;AC=PRIDE:0000897	cellenONE	PDAC_SC_73_s1-g1_1_4832	1	373	run 373	proteomic profiling by mass spectrometry	data-independent acquisition	NT=timsTOF SCP;AC=MS:1003231	NT=label free sample;AC=MS:1002038	NT=Trypsin;AC=MS:1001251	not applicable	not applicable	not applicable	NT=collision-induced dissociation;AC=MS:1000133	not available	not available	not available	not available	not available	not available	diaPASEF	1	1	PDAC_SC_73_s1-g1_1_4832.d	v1.1.0	NT=ms-proteomics;VV=v1.1.0	NT=single-cell;VV=v1.0.0	NT=dia-acquisition;VV=v1.1.0	NT=cell-lines;VV=v1.1.0	manual curation	0.1% paraformaldehyde fixation, 20 min
PDAC_SC_74_s1-g2_1_4833	NT=Mus musculus;AC=NCBITaxon:10090	NT=pancreas;AC=UBERON:0001264	NT=pancreatic ductal adenocarcinoma;AC=MONDO:0005184	NT=epithelial cell;AC=CL:0000066	KPC	not available	not available	0.1% paraformaldehyde fixation, 20 min	NT=single cell;AC=PRIDE:0000897	cellenONE	PDAC_SC_74_s1-g2_1_4833	1	374	run 374	proteomic profiling by mass spectrometry	data-independent acquisition	NT=timsTOF SCP;AC=MS:1003231	NT=label free sample;AC=MS:1002038	NT=Trypsin;AC=MS:1001251	not applicable	not applicable	not applicable	NT=collision-induced dissociation;AC=MS:1000133	not available	not available	not available	not available	not available	not available	diaPASEF	1	1	PDAC_SC_74_s1-g2_1_4833.d	v1.1.0	NT=ms-proteomics;VV=v1.1.0	NT=single-cell;VV=v1.0.0	NT=dia-acquisition;VV=v1.1.0	NT=cell-lines;VV=v1.1.0	manual curation	0.1% paraformaldehyde fixation, 20 min
PDAC_SC_75_s1-g3_1_4834	NT=Mus musculus;AC=NCBITaxon:10090	NT=pancreas;AC=UBERON:0001264	NT=pancreatic ductal adenocarcinoma;AC=MONDO:0005184	NT=epithelial cell;AC=CL:0000066	KPC	not available	not available	0.1% paraformaldehyde fixation, 20 min	NT=single cell;AC=PRIDE:0000897	cellenONE	PDAC_SC_75_s1-g3_1_4834	1	375	run 375	proteomic profiling by mass spectrometry	data-independent acquisition	NT=timsTOF SCP;AC=MS:1003231	NT=label free sample;AC=MS:1002038	NT=Trypsin;AC=MS:1001251	not applicable	not applicable	not applicable	NT=collision-induced dissociation;AC=MS:1000133	not available	not available	not available	not available	not available	not available	diaPASEF	1	1	PDAC_SC_75_s1-g3_1_4834.d	v1.1.0	NT=ms-proteomics;VV=v1.1.0	NT=single-cell;VV=v1.0.0	NT=dia-acquisition;VV=v1.1.0	NT=cell-lines;VV=v1.1.0	manual curation	0.1% paraformaldehyde fixation, 20 min
PDAC_SC_76_s1-g4_1_4835	NT=Mus musculus;AC=NCBITaxon:10090	NT=pancreas;AC=UBERON:0001264	NT=pancreatic ductal adenocarcinoma;AC=MONDO:0005184	NT=epithelial cell;AC=CL:0000066	KPC	not available	not available	0.1% paraformaldehyde fixation, 20 min	NT=single cell;AC=PRIDE:0000897	cellenONE	PDAC_SC_76_s1-g4_1_4835	1	376	run 376	proteomic profiling by mass spectrometry	data-independent acquisition	NT=timsTOF SCP;AC=MS:1003231	NT=label free sample;AC=MS:1002038	NT=Trypsin;AC=MS:1001251	not applicable	not applicable	not applicable	NT=collision-induced dissociation;AC=MS:1000133	not available	not available	not available	not available	not available	not available	diaPASEF	1	1	PDAC_SC_76_s1-g4_1_4835.d	v1.1.0	NT=ms-proteomics;VV=v1.1.0	NT=single-cell;VV=v1.0.0	NT=dia-acquisition;VV=v1.1.0	NT=cell-lines;VV=v1.1.0	manual curation	0.1% paraformaldehyde fixation, 20 min
PDAC_SC_77_s1-g5_1_4836	NT=Mus musculus;AC=NCBITaxon:10090	NT=pancreas;AC=UBERON:0001264	NT=pancreatic ductal adenocarcinoma;AC=MONDO:0005184	NT=epithelial cell;AC=CL:0000066	KPC	not available	not available	0.1% paraformaldehyde fixation, 20 min	NT=single cell;AC=PRIDE:0000897	cellenONE	PDAC_SC_77_s1-g5_1_4836	1	377	run 377	proteomic profiling by mass spectrometry	data-independent acquisition	NT=timsTOF SCP;AC=MS:1003231	NT=label free sample;AC=MS:1002038	NT=Trypsin;AC=MS:1001251	not applicable	not applicable	not applicable	NT=collision-induced dissociation;AC=MS:1000133	not available	not available	not available	not available	not available	not available	diaPASEF	1	1	PDAC_SC_77_s1-g5_1_4836.d	v1.1.0	NT=ms-proteomics;VV=v1.1.0	NT=single-cell;VV=v1.0.0	NT=dia-acquisition;VV=v1.1.0	NT=cell-lines;VV=v1.1.0	manual curation	0.1% paraformaldehyde fixation, 20 min
PDAC_SC_78_s1-g6_1_4837	NT=Mus musculus;AC=NCBITaxon:10090	NT=pancreas;AC=UBERON:0001264	NT=pancreatic ductal adenocarcinoma;AC=MONDO:0005184	NT=epithelial cell;AC=CL:0000066	KPC	not available	not available	0.1% paraformaldehyde fixation, 20 min	NT=single cell;AC=PRIDE:0000897	cellenONE	PDAC_SC_78_s1-g6_1_4837	1	378	run 378	proteomic profiling by mass spectrometry	data-independent acquisition	NT=timsTOF SCP;AC=MS:1003231	NT=label free sample;AC=MS:1002038	NT=Trypsin;AC=MS:1001251	not applicable	not applicable	not applicable	NT=collision-induced dissociation;AC=MS:1000133	not available	not available	not available	not available	not available	not available	diaPASEF	1	1	PDAC_SC_78_s1-g6_1_4837.d	v1.1.0	NT=ms-proteomics;VV=v1.1.0	NT=single-cell;VV=v1.0.0	NT=dia-acquisition;VV=v1.1.0	NT=cell-lines;VV=v1.1.0	manual curation	0.1% paraformaldehyde fixation, 20 min
PDAC_SC_79_s1-g7_1_4838	NT=Mus musculus;AC=NCBITaxon:10090	NT=pancreas;AC=UBERON:0001264	NT=pancreatic ductal adenocarcinoma;AC=MONDO:0005184	NT=epithelial cell;AC=CL:0000066	KPC	not available	not available	0.1% paraformaldehyde fixation, 20 min	NT=single cell;AC=PRIDE:0000897	cellenONE	PDAC_SC_79_s1-g7_1_4838	1	379	run 379	proteomic profiling by mass spectrometry	data-independent acquisition	NT=timsTOF SCP;AC=MS:1003231	NT=label free sample;AC=MS:1002038	NT=Trypsin;AC=MS:1001251	not applicable	not applicable	not applicable	NT=collision-induced dissociation;AC=MS:1000133	not available	not available	not available	not available	not available	not available	diaPASEF	1	1	PDAC_SC_79_s1-g7_1_4838.d	v1.1.0	NT=ms-proteomics;VV=v1.1.0	NT=single-cell;VV=v1.0.0	NT=dia-acquisition;VV=v1.1.0	NT=cell-lines;VV=v1.1.0	manual curation	0.1% paraformaldehyde fixation, 20 min
PDAC_SC_80_s1-g8_1_4839	NT=Mus musculus;AC=NCBITaxon:10090	NT=pancreas;AC=UBERON:0001264	NT=pancreatic ductal adenocarcinoma;AC=MONDO:0005184	NT=epithelial cell;AC=CL:0000066	KPC	not available	not available	0.1% paraformaldehyde fixation, 20 min	NT=single cell;AC=PRIDE:0000897	cellenONE	PDAC_SC_80_s1-g8_1_4839	1	380	run 380	proteomic profiling by mass spectrometry	data-independent acquisition	NT=timsTOF SCP;AC=MS:1003231	NT=label free sample;AC=MS:1002038	NT=Trypsin;AC=MS:1001251	not applicable	not applicable	not applicable	NT=collision-induced dissociation;AC=MS:1000133	not available	not available	not available	not available	not available	not available	diaPASEF	1	1	PDAC_SC_80_s1-g8_1_4839.d	v1.1.0	NT=ms-proteomics;VV=v1.1.0	NT=single-cell;VV=v1.0.0	NT=dia-acquisition;VV=v1.1.0	NT=cell-lines;VV=v1.1.0	manual curation	0.1% paraformaldehyde fixation, 20 min
PDAC_SC_81_s1-g9_1_4840	NT=Mus musculus;AC=NCBITaxon:10090	NT=pancreas;AC=UBERON:0001264	NT=pancreatic ductal adenocarcinoma;AC=MONDO:0005184	NT=epithelial cell;AC=CL:0000066	KPC	not available	not available	0.1% paraformaldehyde fixation, 20 min	NT=single cell;AC=PRIDE:0000897	cellenONE	PDAC_SC_81_s1-g9_1_4840	1	381	run 381	proteomic profiling by mass spectrometry	data-independent acquisition	NT=timsTOF SCP;AC=MS:1003231	NT=label free sample;AC=MS:1002038	NT=Trypsin;AC=MS:1001251	not applicable	not applicable	not applicable	NT=collision-induced dissociation;AC=MS:1000133	not available	not available	not available	not available	not available	not available	diaPASEF	1	1	PDAC_SC_81_s1-g9_1_4840.d	v1.1.0	NT=ms-proteomics;VV=v1.1.0	NT=single-cell;VV=v1.0.0	NT=dia-acquisition;VV=v1.1.0	NT=cell-lines;VV=v1.1.0	manual curation	0.1% paraformaldehyde fixation, 20 min
PDAC_SC_82_s1-g10_1_4841	NT=Mus musculus;AC=NCBITaxon:10090	NT=pancreas;AC=UBERON:0001264	NT=pancreatic ductal adenocarcinoma;AC=MONDO:0005184	NT=epithelial cell;AC=CL:0000066	KPC	not available	not available	0.1% paraformaldehyde fixation, 20 min	NT=single cell;AC=PRIDE:0000897	cellenONE	PDAC_SC_82_s1-g10_1_4841	1	382	run 382	proteomic profiling by mass spectrometry	data-independent acquisition	NT=timsTOF SCP;AC=MS:1003231	NT=label free sample;AC=MS:1002038	NT=Trypsin;AC=MS:1001251	not applicable	not applicable	not applicable	NT=collision-induced dissociation;AC=MS:1000133	not available	not available	not available	not available	not available	not available	diaPASEF	1	1	PDAC_SC_82_s1-g10_1_4841.d	v1.1.0	NT=ms-proteomics;VV=v1.1.0	NT=single-cell;VV=v1.0.0	NT=dia-acquisition;VV=v1.1.0	NT=cell-lines;VV=v1.1.0	manual curation	0.1% paraformaldehyde fixation, 20 min
PDAC_SC_83_s1-g11_1_4842	NT=Mus musculus;AC=NCBITaxon:10090	NT=pancreas;AC=UBERON:0001264	NT=pancreatic ductal adenocarcinoma;AC=MONDO:0005184	NT=epithelial cell;AC=CL:0000066	KPC	not available	not available	0.1% paraformaldehyde fixation, 20 min	NT=single cell;AC=PRIDE:0000897	cellenONE	PDAC_SC_83_s1-g11_1_4842	1	383	run 383	proteomic profiling by mass spectrometry	data-independent acquisition	NT=timsTOF SCP;AC=MS:1003231	NT=label free sample;AC=MS:1002038	NT=Trypsin;AC=MS:1001251	not applicable	not applicable	not applicable	NT=collision-induced dissociation;AC=MS:1000133	not available	not available	not available	not available	not available	not available	diaPASEF	1	1	PDAC_SC_83_s1-g11_1_4842.d	v1.1.0	NT=ms-proteomics;VV=v1.1.0	NT=single-cell;VV=v1.0.0	NT=dia-acquisition;VV=v1.1.0	NT=cell-lines;VV=v1.1.0	manual curation	0.1% paraformaldehyde fixation, 20 min
PDAC_SC_84_s1-g12_1_4843	NT=Mus musculus;AC=NCBITaxon:10090	NT=pancreas;AC=UBERON:0001264	NT=pancreatic ductal adenocarcinoma;AC=MONDO:0005184	NT=epithelial cell;AC=CL:0000066	KPC	not available	not available	0.1% paraformaldehyde fixation, 20 min	NT=single cell;AC=PRIDE:0000897	cellenONE	PDAC_SC_84_s1-g12_1_4843	1	384	run 384	proteomic profiling by mass spectrometry	data-independent acquisition	NT=timsTOF SCP;AC=MS:1003231	NT=label free sample;AC=MS:1002038	NT=Trypsin;AC=MS:1001251	not applicable	not applicable	not applicable	NT=collision-induced dissociation;AC=MS:1000133	not available	not available	not available	not available	not available	not available	diaPASEF	1	1	PDAC_SC_84_s1-g12_1_4843.d	v1.1.0	NT=ms-proteomics;VV=v1.1.0	NT=single-cell;VV=v1.0.0	NT=dia-acquisition;VV=v1.1.0	NT=cell-lines;VV=v1.1.0	manual curation	0.1% paraformaldehyde fixation, 20 min
PDAC_SC_85_s1-h1_1_4844	NT=Mus musculus;AC=NCBITaxon:10090	NT=pancreas;AC=UBERON:0001264	NT=pancreatic ductal adenocarcinoma;AC=MONDO:0005184	NT=epithelial cell;AC=CL:0000066	KPC	not available	not available	0.1% paraformaldehyde fixation, 20 min	NT=single cell;AC=PRIDE:0000897	cellenONE	PDAC_SC_85_s1-h1_1_4844	1	385	run 385	proteomic profiling by mass spectrometry	data-independent acquisition	NT=timsTOF SCP;AC=MS:1003231	NT=label free sample;AC=MS:1002038	NT=Trypsin;AC=MS:1001251	not applicable	not applicable	not applicable	NT=collision-induced dissociation;AC=MS:1000133	not available	not available	not available	not available	not available	not available	diaPASEF	1	1	PDAC_SC_85_s1-h1_1_4844.d	v1.1.0	NT=ms-proteomics;VV=v1.1.0	NT=single-cell;VV=v1.0.0	NT=dia-acquisition;VV=v1.1.0	NT=cell-lines;VV=v1.1.0	manual curation	0.1% paraformaldehyde fixation, 20 min
PDAC_SC_86_s1-h2_1_4845	NT=Mus musculus;AC=NCBITaxon:10090	NT=pancreas;AC=UBERON:0001264	NT=pancreatic ductal adenocarcinoma;AC=MONDO:0005184	NT=epithelial cell;AC=CL:0000066	KPC	not available	not available	0.1% paraformaldehyde fixation, 20 min	NT=single cell;AC=PRIDE:0000897	cellenONE	PDAC_SC_86_s1-h2_1_4845	1	386	run 386	proteomic profiling by mass spectrometry	data-independent acquisition	NT=timsTOF SCP;AC=MS:1003231	NT=label free sample;AC=MS:1002038	NT=Trypsin;AC=MS:1001251	not applicable	not applicable	not applicable	NT=collision-induced dissociation;AC=MS:1000133	not available	not available	not available	not available	not available	not available	diaPASEF	1	1	PDAC_SC_86_s1-h2_1_4845.d	v1.1.0	NT=ms-proteomics;VV=v1.1.0	NT=single-cell;VV=v1.0.0	NT=dia-acquisition;VV=v1.1.0	NT=cell-lines;VV=v1.1.0	manual curation	0.1% paraformaldehyde fixation, 20 min
PDAC_SC_87_s1-h3_1_4846	NT=Mus musculus;AC=NCBITaxon:10090	NT=pancreas;AC=UBERON:0001264	NT=pancreatic ductal adenocarcinoma;AC=MONDO:0005184	NT=epithelial cell;AC=CL:0000066	KPC	not available	not available	0.1% paraformaldehyde fixation, 20 min	NT=single cell;AC=PRIDE:0000897	cellenONE	PDAC_SC_87_s1-h3_1_4846	1	387	run 387	proteomic profiling by mass spectrometry	data-independent acquisition	NT=timsTOF SCP;AC=MS:1003231	NT=label free sample;AC=MS:1002038	NT=Trypsin;AC=MS:1001251	not applicable	not applicable	not applicable	NT=collision-induced dissociation;AC=MS:1000133	not available	not available	not available	not available	not available	not available	diaPASEF	1	1	PDAC_SC_87_s1-h3_1_4846.d	v1.1.0	NT=ms-proteomics;VV=v1.1.0	NT=single-cell;VV=v1.0.0	NT=dia-acquisition;VV=v1.1.0	NT=cell-lines;VV=v1.1.0	manual curation	0.1% paraformaldehyde fixation, 20 min
PDAC_SC_88_s1-h4_1_4847	NT=Mus musculus;AC=NCBITaxon:10090	NT=pancreas;AC=UBERON:0001264	NT=pancreatic ductal adenocarcinoma;AC=MONDO:0005184	NT=epithelial cell;AC=CL:0000066	KPC	not available	not available	0.1% paraformaldehyde fixation, 20 min	NT=single cell;AC=PRIDE:0000897	cellenONE	PDAC_SC_88_s1-h4_1_4847	1	388	run 388	proteomic profiling by mass spectrometry	data-independent acquisition	NT=timsTOF SCP;AC=MS:1003231	NT=label free sample;AC=MS:1002038	NT=Trypsin;AC=MS:1001251	not applicable	not applicable	not applicable	NT=collision-induced dissociation;AC=MS:1000133	not available	not available	not available	not available	not available	not available	diaPASEF	1	1	PDAC_SC_88_s1-h4_1_4847.d	v1.1.0	NT=ms-proteomics;VV=v1.1.0	NT=single-cell;VV=v1.0.0	NT=dia-acquisition;VV=v1.1.0	NT=cell-lines;VV=v1.1.0	manual curation	0.1% paraformaldehyde fixation, 20 min
PDAC_SC_89_s1-h5_1_4848	NT=Mus musculus;AC=NCBITaxon:10090	NT=pancreas;AC=UBERON:0001264	NT=pancreatic ductal adenocarcinoma;AC=MONDO:0005184	NT=epithelial cell;AC=CL:0000066	KPC	not available	not available	0.1% paraformaldehyde fixation, 20 min	NT=single cell;AC=PRIDE:0000897	cellenONE	PDAC_SC_89_s1-h5_1_4848	1	389	run 389	proteomic profiling by mass spectrometry	data-independent acquisition	NT=timsTOF SCP;AC=MS:1003231	NT=label free sample;AC=MS:1002038	NT=Trypsin;AC=MS:1001251	not applicable	not applicable	not applicable	NT=collision-induced dissociation;AC=MS:1000133	not available	not available	not available	not available	not available	not available	diaPASEF	1	1	PDAC_SC_89_s1-h5_1_4848.d	v1.1.0	NT=ms-proteomics;VV=v1.1.0	NT=single-cell;VV=v1.0.0	NT=dia-acquisition;VV=v1.1.0	NT=cell-lines;VV=v1.1.0	manual curation	0.1% paraformaldehyde fixation, 20 min
PDAC_SC_90_s1-h6_1_4849	NT=Mus musculus;AC=NCBITaxon:10090	NT=pancreas;AC=UBERON:0001264	NT=pancreatic ductal adenocarcinoma;AC=MONDO:0005184	NT=epithelial cell;AC=CL:0000066	KPC	not available	not available	0.1% paraformaldehyde fixation, 20 min	NT=single cell;AC=PRIDE:0000897	cellenONE	PDAC_SC_90_s1-h6_1_4849	1	390	run 390	proteomic profiling by mass spectrometry	data-independent acquisition	NT=timsTOF SCP;AC=MS:1003231	NT=label free sample;AC=MS:1002038	NT=Trypsin;AC=MS:1001251	not applicable	not applicable	not applicable	NT=collision-induced dissociation;AC=MS:1000133	not available	not available	not available	not available	not available	not available	diaPASEF	1	1	PDAC_SC_90_s1-h6_1_4849.d	v1.1.0	NT=ms-proteomics;VV=v1.1.0	NT=single-cell;VV=v1.0.0	NT=dia-acquisition;VV=v1.1.0	NT=cell-lines;VV=v1.1.0	manual curation	0.1% paraformaldehyde fixation, 20 min
PDAC_SC_91_s1-h7_1_4850	NT=Mus musculus;AC=NCBITaxon:10090	NT=pancreas;AC=UBERON:0001264	NT=pancreatic ductal adenocarcinoma;AC=MONDO:0005184	NT=epithelial cell;AC=CL:0000066	KPC	not available	not available	0.1% paraformaldehyde fixation, 20 min	NT=single cell;AC=PRIDE:0000897	cellenONE	PDAC_SC_91_s1-h7_1_4850	1	391	run 391	proteomic profiling by mass spectrometry	data-independent acquisition	NT=timsTOF SCP;AC=MS:1003231	NT=label free sample;AC=MS:1002038	NT=Trypsin;AC=MS:1001251	not applicable	not applicable	not applicable	NT=collision-induced dissociation;AC=MS:1000133	not available	not available	not available	not available	not available	not available	diaPASEF	1	1	PDAC_SC_91_s1-h7_1_4850.d	v1.1.0	NT=ms-proteomics;VV=v1.1.0	NT=single-cell;VV=v1.0.0	NT=dia-acquisition;VV=v1.1.0	NT=cell-lines;VV=v1.1.0	manual curation	0.1% paraformaldehyde fixation, 20 min
PDAC_SC_92_s1-h8_1_4851	NT=Mus musculus;AC=NCBITaxon:10090	NT=pancreas;AC=UBERON:0001264	NT=pancreatic ductal adenocarcinoma;AC=MONDO:0005184	NT=epithelial cell;AC=CL:0000066	KPC	not available	not available	0.1% paraformaldehyde fixation, 20 min	NT=single cell;AC=PRIDE:0000897	cellenONE	PDAC_SC_92_s1-h8_1_4851	1	392	run 392	proteomic profiling by mass spectrometry	data-independent acquisition	NT=timsTOF SCP;AC=MS:1003231	NT=label free sample;AC=MS:1002038	NT=Trypsin;AC=MS:1001251	not applicable	not applicable	not applicable	NT=collision-induced dissociation;AC=MS:1000133	not available	not available	not available	not available	not available	not available	diaPASEF	1	1	PDAC_SC_92_s1-h8_1_4851.d	v1.1.0	NT=ms-proteomics;VV=v1.1.0	NT=single-cell;VV=v1.0.0	NT=dia-acquisition;VV=v1.1.0	NT=cell-lines;VV=v1.1.0	manual curation	0.1% paraformaldehyde fixation, 20 min
PDAC_SC_93_s1-h9_1_4852	NT=Mus musculus;AC=NCBITaxon:10090	NT=pancreas;AC=UBERON:0001264	NT=pancreatic ductal adenocarcinoma;AC=MONDO:0005184	NT=epithelial cell;AC=CL:0000066	KPC	not available	not available	0.1% paraformaldehyde fixation, 20 min	NT=single cell;AC=PRIDE:0000897	cellenONE	PDAC_SC_93_s1-h9_1_4852	1	393	run 393	proteomic profiling by mass spectrometry	data-independent acquisition	NT=timsTOF SCP;AC=MS:1003231	NT=label free sample;AC=MS:1002038	NT=Trypsin;AC=MS:1001251	not applicable	not applicable	not applicable	NT=collision-induced dissociation;AC=MS:1000133	not available	not available	not available	not available	not available	not available	diaPASEF	1	1	PDAC_SC_93_s1-h9_1_4852.d	v1.1.0	NT=ms-proteomics;VV=v1.1.0	NT=single-cell;VV=v1.0.0	NT=dia-acquisition;VV=v1.1.0	NT=cell-lines;VV=v1.1.0	manual curation	0.1% paraformaldehyde fixation, 20 min
PDAC_SC_94_s1-h10_1_4853	NT=Mus musculus;AC=NCBITaxon:10090	NT=pancreas;AC=UBERON:0001264	NT=pancreatic ductal adenocarcinoma;AC=MONDO:0005184	NT=epithelial cell;AC=CL:0000066	KPC	not available	not available	0.1% paraformaldehyde fixation, 20 min	NT=single cell;AC=PRIDE:0000897	cellenONE	PDAC_SC_94_s1-h10_1_4853	1	394	run 394	proteomic profiling by mass spectrometry	data-independent acquisition	NT=timsTOF SCP;AC=MS:1003231	NT=label free sample;AC=MS:1002038	NT=Trypsin;AC=MS:1001251	not applicable	not applicable	not applicable	NT=collision-induced dissociation;AC=MS:1000133	not available	not available	not available	not available	not available	not available	diaPASEF	1	1	PDAC_SC_94_s1-h10_1_4853.d	v1.1.0	NT=ms-proteomics;VV=v1.1.0	NT=single-cell;VV=v1.0.0	NT=dia-acquisition;VV=v1.1.0	NT=cell-lines;VV=v1.1.0	manual curation	0.1% paraformaldehyde fixation, 20 min
PDAC_SC_95_s1-h11_1_4854	NT=Mus musculus;AC=NCBITaxon:10090	NT=pancreas;AC=UBERON:0001264	NT=pancreatic ductal adenocarcinoma;AC=MONDO:0005184	NT=epithelial cell;AC=CL:0000066	KPC	not available	not available	0.1% paraformaldehyde fixation, 20 min	NT=single cell;AC=PRIDE:0000897	cellenONE	PDAC_SC_95_s1-h11_1_4854	1	395	run 395	proteomic profiling by mass spectrometry	data-independent acquisition	NT=timsTOF SCP;AC=MS:1003231	NT=label free sample;AC=MS:1002038	NT=Trypsin;AC=MS:1001251	not applicable	not applicable	not applicable	NT=collision-induced dissociation;AC=MS:1000133	not available	not available	not available	not available	not available	not available	diaPASEF	1	1	PDAC_SC_95_s1-h11_1_4854.d	v1.1.0	NT=ms-proteomics;VV=v1.1.0	NT=single-cell;VV=v1.0.0	NT=dia-acquisition;VV=v1.1.0	NT=cell-lines;VV=v1.1.0	manual curation	0.1% paraformaldehyde fixation, 20 min
Acinar_SC_10_s1-a11_1_2443	NT=Mus musculus;AC=NCBITaxon:10090	NT=pancreas;AC=UBERON:0001264	NT=normal;AC=PATO:0000461	NT=pancreatic acinar cell;AC=CL:0002064	not applicable	not applicable	not applicable	0.1% paraformaldehyde fixation, 24 h, with protease inhibitors	NT=single cell;AC=PRIDE:0000897	cellenONE	Acinar_SC_10_s1-a11_1_2443	1	396	run 396	proteomic profiling by mass spectrometry	data-independent acquisition	NT=timsTOF SCP;AC=MS:1003231	NT=label free sample;AC=MS:1002038	NT=Trypsin;AC=MS:1001251	not applicable	not applicable	not applicable	NT=collision-induced dissociation;AC=MS:1000133	not available	not available	not available	not available	not available	not available	diaPASEF	1	1	Acinar_SC_10_s1-a11_1_2443.d	v1.1.0	NT=ms-proteomics;VV=v1.1.0	NT=single-cell;VV=v1.0.0	NT=dia-acquisition;VV=v1.1.0	not available	manual curation	0.1% paraformaldehyde fixation, 24 h, with protease inhibitors
Acinar_SC_11_s1-a12_1_2444	NT=Mus musculus;AC=NCBITaxon:10090	NT=pancreas;AC=UBERON:0001264	NT=normal;AC=PATO:0000461	NT=pancreatic acinar cell;AC=CL:0002064	not applicable	not applicable	not applicable	0.1% paraformaldehyde fixation, 24 h, with protease inhibitors	NT=single cell;AC=PRIDE:0000897	cellenONE	Acinar_SC_11_s1-a12_1_2444	1	397	run 397	proteomic profiling by mass spectrometry	data-independent acquisition	NT=timsTOF SCP;AC=MS:1003231	NT=label free sample;AC=MS:1002038	NT=Trypsin;AC=MS:1001251	not applicable	not applicable	not applicable	NT=collision-induced dissociation;AC=MS:1000133	not available	not available	not available	not available	not available	not available	diaPASEF	1	1	Acinar_SC_11_s1-a12_1_2444.d	v1.1.0	NT=ms-proteomics;VV=v1.1.0	NT=single-cell;VV=v1.0.0	NT=dia-acquisition;VV=v1.1.0	not available	manual curation	0.1% paraformaldehyde fixation, 24 h, with protease inhibitors
Acinar_SC_12_s1-b1_1_2445	NT=Mus musculus;AC=NCBITaxon:10090	NT=pancreas;AC=UBERON:0001264	NT=normal;AC=PATO:0000461	NT=pancreatic acinar cell;AC=CL:0002064	not applicable	not applicable	not applicable	0.1% paraformaldehyde fixation, 24 h, with protease inhibitors	NT=single cell;AC=PRIDE:0000897	cellenONE	Acinar_SC_12_s1-b1_1_2445	1	398	run 398	proteomic profiling by mass spectrometry	data-independent acquisition	NT=timsTOF SCP;AC=MS:1003231	NT=label free sample;AC=MS:1002038	NT=Trypsin;AC=MS:1001251	not applicable	not applicable	not applicable	NT=collision-induced dissociation;AC=MS:1000133	not available	not available	not available	not available	not available	not available	diaPASEF	1	1	Acinar_SC_12_s1-b1_1_2445.d	v1.1.0	NT=ms-proteomics;VV=v1.1.0	NT=single-cell;VV=v1.0.0	NT=dia-acquisition;VV=v1.1.0	not available	manual curation	0.1% paraformaldehyde fixation, 24 h, with protease inhibitors
Acinar_SC_13_s1-b2_1_2446	NT=Mus musculus;AC=NCBITaxon:10090	NT=pancreas;AC=UBERON:0001264	NT=normal;AC=PATO:0000461	NT=pancreatic acinar cell;AC=CL:0002064	not applicable	not applicable	not applicable	0.1% paraformaldehyde fixation, 24 h, with protease inhibitors	NT=single cell;AC=PRIDE:0000897	cellenONE	Acinar_SC_13_s1-b2_1_2446	1	399	run 399	proteomic profiling by mass spectrometry	data-independent acquisition	NT=timsTOF SCP;AC=MS:1003231	NT=label free sample;AC=MS:1002038	NT=Trypsin;AC=MS:1001251	not applicable	not applicable	not applicable	NT=collision-induced dissociation;AC=MS:1000133	not available	not available	not available	not available	not available	not available	diaPASEF	1	1	Acinar_SC_13_s1-b2_1_2446.d	v1.1.0	NT=ms-proteomics;VV=v1.1.0	NT=single-cell;VV=v1.0.0	NT=dia-acquisition;VV=v1.1.0	not available	manual curation	0.1% paraformaldehyde fixation, 24 h, with protease inhibitors
Acinar_SC_14_s1-b3_1_2447	NT=Mus musculus;AC=NCBITaxon:10090	NT=pancreas;AC=UBERON:0001264	NT=normal;AC=PATO:0000461	NT=pancreatic acinar cell;AC=CL:0002064	not applicable	not applicable	not applicable	0.1% paraformaldehyde fixation, 24 h, with protease inhibitors	NT=single cell;AC=PRIDE:0000897	cellenONE	Acinar_SC_14_s1-b3_1_2447	1	400	run 400	proteomic profiling by mass spectrometry	data-independent acquisition	NT=timsTOF SCP;AC=MS:1003231	NT=label free sample;AC=MS:1002038	NT=Trypsin;AC=MS:1001251	not applicable	not applicable	not applicable	NT=collision-induced dissociation;AC=MS:1000133	not available	not available	not available	not available	not available	not available	diaPASEF	1	1	Acinar_SC_14_s1-b3_1_2447.d	v1.1.0	NT=ms-proteomics;VV=v1.1.0	NT=single-cell;VV=v1.0.0	NT=dia-acquisition;VV=v1.1.0	not available	manual curation	0.1% paraformaldehyde fixation, 24 h, with protease inhibitors
Acinar_SC_15_s1-b4_1_2448	NT=Mus musculus;AC=NCBITaxon:10090	NT=pancreas;AC=UBERON:0001264	NT=normal;AC=PATO:0000461	NT=pancreatic acinar cell;AC=CL:0002064	not applicable	not applicable	not applicable	0.1% paraformaldehyde fixation, 24 h, with protease inhibitors	NT=single cell;AC=PRIDE:0000897	cellenONE	Acinar_SC_15_s1-b4_1_2448	1	401	run 401	proteomic profiling by mass spectrometry	data-independent acquisition	NT=timsTOF SCP;AC=MS:1003231	NT=label free sample;AC=MS:1002038	NT=Trypsin;AC=MS:1001251	not applicable	not applicable	not applicable	NT=collision-induced dissociation;AC=MS:1000133	not available	not available	not available	not available	not available	not available	diaPASEF	1	1	Acinar_SC_15_s1-b4_1_2448.d	v1.1.0	NT=ms-proteomics;VV=v1.1.0	NT=single-cell;VV=v1.0.0	NT=dia-acquisition;VV=v1.1.0	not available	manual curation	0.1% paraformaldehyde fixation, 24 h, with protease inhibitors
Acinar_SC_16_s1-b5_1_2449	NT=Mus musculus;AC=NCBITaxon:10090	NT=pancreas;AC=UBERON:0001264	NT=normal;AC=PATO:0000461	NT=pancreatic acinar cell;AC=CL:0002064	not applicable	not applicable	not applicable	0.1% paraformaldehyde fixation, 24 h, with protease inhibitors	NT=single cell;AC=PRIDE:0000897	cellenONE	Acinar_SC_16_s1-b5_1_2449	1	402	run 402	proteomic profiling by mass spectrometry	data-independent acquisition	NT=timsTOF SCP;AC=MS:1003231	NT=label free sample;AC=MS:1002038	NT=Trypsin;AC=MS:1001251	not applicable	not applicable	not applicable	NT=collision-induced dissociation;AC=MS:1000133	not available	not available	not available	not available	not available	not available	diaPASEF	1	1	Acinar_SC_16_s1-b5_1_2449.d	v1.1.0	NT=ms-proteomics;VV=v1.1.0	NT=single-cell;VV=v1.0.0	NT=dia-acquisition;VV=v1.1.0	not available	manual curation	0.1% paraformaldehyde fixation, 24 h, with protease inhibitors
Acinar_SC_17_s1-b6_1_2450	NT=Mus musculus;AC=NCBITaxon:10090	NT=pancreas;AC=UBERON:0001264	NT=normal;AC=PATO:0000461	NT=pancreatic acinar cell;AC=CL:0002064	not applicable	not applicable	not applicable	0.1% paraformaldehyde fixation, 24 h, with protease inhibitors	NT=single cell;AC=PRIDE:0000897	cellenONE	Acinar_SC_17_s1-b6_1_2450	1	403	run 403	proteomic profiling by mass spectrometry	data-independent acquisition	NT=timsTOF SCP;AC=MS:1003231	NT=label free sample;AC=MS:1002038	NT=Trypsin;AC=MS:1001251	not applicable	not applicable	not applicable	NT=collision-induced dissociation;AC=MS:1000133	not available	not available	not available	not available	not available	not available	diaPASEF	1	1	Acinar_SC_17_s1-b6_1_2450.d	v1.1.0	NT=ms-proteomics;VV=v1.1.0	NT=single-cell;VV=v1.0.0	NT=dia-acquisition;VV=v1.1.0	not available	manual curation	0.1% paraformaldehyde fixation, 24 h, with protease inhibitors
Acinar_SC_18_s1-b7_1_2451	NT=Mus musculus;AC=NCBITaxon:10090	NT=pancreas;AC=UBERON:0001264	NT=normal;AC=PATO:0000461	NT=pancreatic acinar cell;AC=CL:0002064	not applicable	not applicable	not applicable	0.1% paraformaldehyde fixation, 24 h, with protease inhibitors	NT=single cell;AC=PRIDE:0000897	cellenONE	Acinar_SC_18_s1-b7_1_2451	1	404	run 404	proteomic profiling by mass spectrometry	data-independent acquisition	NT=timsTOF SCP;AC=MS:1003231	NT=label free sample;AC=MS:1002038	NT=Trypsin;AC=MS:1001251	not applicable	not applicable	not applicable	NT=collision-induced dissociation;AC=MS:1000133	not available	not available	not available	not available	not available	not available	diaPASEF	1	1	Acinar_SC_18_s1-b7_1_2451.d	v1.1.0	NT=ms-proteomics;VV=v1.1.0	NT=single-cell;VV=v1.0.0	NT=dia-acquisition;VV=v1.1.0	not available	manual curation	0.1% paraformaldehyde fixation, 24 h, with protease inhibitors
Acinar_SC_19_s1-b8_1_2452	NT=Mus musculus;AC=NCBITaxon:10090	NT=pancreas;AC=UBERON:0001264	NT=normal;AC=PATO:0000461	NT=pancreatic acinar cell;AC=CL:0002064	not applicable	not applicable	not applicable	0.1% paraformaldehyde fixation, 24 h, with protease inhibitors	NT=single cell;AC=PRIDE:0000897	cellenONE	Acinar_SC_19_s1-b8_1_2452	1	405	run 405	proteomic profiling by mass spectrometry	data-independent acquisition	NT=timsTOF SCP;AC=MS:1003231	NT=label free sample;AC=MS:1002038	NT=Trypsin;AC=MS:1001251	not applicable	not applicable	not applicable	NT=collision-induced dissociation;AC=MS:1000133	not available	not available	not available	not available	not available	not available	diaPASEF	1	1	Acinar_SC_19_s1-b8_1_2452.d	v1.1.0	NT=ms-proteomics;VV=v1.1.0	NT=single-cell;VV=v1.0.0	NT=dia-acquisition;VV=v1.1.0	not available	manual curation	0.1% paraformaldehyde fixation, 24 h, with protease inhibitors
Acinar_SC_1_s1-a2_1_2434	NT=Mus musculus;AC=NCBITaxon:10090	NT=pancreas;AC=UBERON:0001264	NT=normal;AC=PATO:0000461	NT=pancreatic acinar cell;AC=CL:0002064	not applicable	not applicable	not applicable	0.1% paraformaldehyde fixation, 24 h, with protease inhibitors	NT=single cell;AC=PRIDE:0000897	cellenONE	Acinar_SC_1_s1-a2_1_2434	1	406	run 406	proteomic profiling by mass spectrometry	data-independent acquisition	NT=timsTOF SCP;AC=MS:1003231	NT=label free sample;AC=MS:1002038	NT=Trypsin;AC=MS:1001251	not applicable	not applicable	not applicable	NT=collision-induced dissociation;AC=MS:1000133	not available	not available	not available	not available	not available	not available	diaPASEF	1	1	Acinar_SC_1_s1-a2_1_2434.d	v1.1.0	NT=ms-proteomics;VV=v1.1.0	NT=single-cell;VV=v1.0.0	NT=dia-acquisition;VV=v1.1.0	not available	manual curation	0.1% paraformaldehyde fixation, 24 h, with protease inhibitors
Acinar_SC_20_s1-b9_1_2453	NT=Mus musculus;AC=NCBITaxon:10090	NT=pancreas;AC=UBERON:0001264	NT=normal;AC=PATO:0000461	NT=pancreatic acinar cell;AC=CL:0002064	not applicable	not applicable	not applicable	0.1% paraformaldehyde fixation, 24 h, with protease inhibitors	NT=single cell;AC=PRIDE:0000897	cellenONE	Acinar_SC_20_s1-b9_1_2453	1	407	run 407	proteomic profiling by mass spectrometry	data-independent acquisition	NT=timsTOF SCP;AC=MS:1003231	NT=label free sample;AC=MS:1002038	NT=Trypsin;AC=MS:1001251	not applicable	not applicable	not applicable	NT=collision-induced dissociation;AC=MS:1000133	not available	not available	not available	not available	not available	not available	diaPASEF	1	1	Acinar_SC_20_s1-b9_1_2453.d	v1.1.0	NT=ms-proteomics;VV=v1.1.0	NT=single-cell;VV=v1.0.0	NT=dia-acquisition;VV=v1.1.0	not available	manual curation	0.1% paraformaldehyde fixation, 24 h, with protease inhibitors
Acinar_SC_21_s1-b10_1_2454	NT=Mus musculus;AC=NCBITaxon:10090	NT=pancreas;AC=UBERON:0001264	NT=normal;AC=PATO:0000461	NT=pancreatic acinar cell;AC=CL:0002064	not applicable	not applicable	not applicable	0.1% paraformaldehyde fixation, 24 h, with protease inhibitors	NT=single cell;AC=PRIDE:0000897	cellenONE	Acinar_SC_21_s1-b10_1_2454	1	408	run 408	proteomic profiling by mass spectrometry	data-independent acquisition	NT=timsTOF SCP;AC=MS:1003231	NT=label free sample;AC=MS:1002038	NT=Trypsin;AC=MS:1001251	not applicable	not applicable	not applicable	NT=collision-induced dissociation;AC=MS:1000133	not available	not available	not available	not available	not available	not available	diaPASEF	1	1	Acinar_SC_21_s1-b10_1_2454.d	v1.1.0	NT=ms-proteomics;VV=v1.1.0	NT=single-cell;VV=v1.0.0	NT=dia-acquisition;VV=v1.1.0	not available	manual curation	0.1% paraformaldehyde fixation, 24 h, with protease inhibitors
Acinar_SC_22_s1-b11_1_2455	NT=Mus musculus;AC=NCBITaxon:10090	NT=pancreas;AC=UBERON:0001264	NT=normal;AC=PATO:0000461	NT=pancreatic acinar cell;AC=CL:0002064	not applicable	not applicable	not applicable	0.1% paraformaldehyde fixation, 24 h, with protease inhibitors	NT=single cell;AC=PRIDE:0000897	cellenONE	Acinar_SC_22_s1-b11_1_2455	1	409	run 409	proteomic profiling by mass spectrometry	data-independent acquisition	NT=timsTOF SCP;AC=MS:1003231	NT=label free sample;AC=MS:1002038	NT=Trypsin;AC=MS:1001251	not applicable	not applicable	not applicable	NT=collision-induced dissociation;AC=MS:1000133	not available	not available	not available	not available	not available	not available	diaPASEF	1	1	Acinar_SC_22_s1-b11_1_2455.d	v1.1.0	NT=ms-proteomics;VV=v1.1.0	NT=single-cell;VV=v1.0.0	NT=dia-acquisition;VV=v1.1.0	not available	manual curation	0.1% paraformaldehyde fixation, 24 h, with protease inhibitors
Acinar_SC_23_s1-b12_1_2456	NT=Mus musculus;AC=NCBITaxon:10090	NT=pancreas;AC=UBERON:0001264	NT=normal;AC=PATO:0000461	NT=pancreatic acinar cell;AC=CL:0002064	not applicable	not applicable	not applicable	0.1% paraformaldehyde fixation, 24 h, with protease inhibitors	NT=single cell;AC=PRIDE:0000897	cellenONE	Acinar_SC_23_s1-b12_1_2456	1	410	run 410	proteomic profiling by mass spectrometry	data-independent acquisition	NT=timsTOF SCP;AC=MS:1003231	NT=label free sample;AC=MS:1002038	NT=Trypsin;AC=MS:1001251	not applicable	not applicable	not applicable	NT=collision-induced dissociation;AC=MS:1000133	not available	not available	not available	not available	not available	not available	diaPASEF	1	1	Acinar_SC_23_s1-b12_1_2456.d	v1.1.0	NT=ms-proteomics;VV=v1.1.0	NT=single-cell;VV=v1.0.0	NT=dia-acquisition;VV=v1.1.0	not available	manual curation	0.1% paraformaldehyde fixation, 24 h, with protease inhibitors
Acinar_SC_24_s1-c1_1_2457	NT=Mus musculus;AC=NCBITaxon:10090	NT=pancreas;AC=UBERON:0001264	NT=normal;AC=PATO:0000461	NT=pancreatic acinar cell;AC=CL:0002064	not applicable	not applicable	not applicable	0.1% paraformaldehyde fixation, 24 h, with protease inhibitors	NT=single cell;AC=PRIDE:0000897	cellenONE	Acinar_SC_24_s1-c1_1_2457	1	411	run 411	proteomic profiling by mass spectrometry	data-independent acquisition	NT=timsTOF SCP;AC=MS:1003231	NT=label free sample;AC=MS:1002038	NT=Trypsin;AC=MS:1001251	not applicable	not applicable	not applicable	NT=collision-induced dissociation;AC=MS:1000133	not available	not available	not available	not available	not available	not available	diaPASEF	1	1	Acinar_SC_24_s1-c1_1_2457.d	v1.1.0	NT=ms-proteomics;VV=v1.1.0	NT=single-cell;VV=v1.0.0	NT=dia-acquisition;VV=v1.1.0	not available	manual curation	0.1% paraformaldehyde fixation, 24 h, with protease inhibitors
Acinar_SC_25_s1-c2_1_2458	NT=Mus musculus;AC=NCBITaxon:10090	NT=pancreas;AC=UBERON:0001264	NT=normal;AC=PATO:0000461	NT=pancreatic acinar cell;AC=CL:0002064	not applicable	not applicable	not applicable	0.1% paraformaldehyde fixation, 24 h, with protease inhibitors	NT=single cell;AC=PRIDE:0000897	cellenONE	Acinar_SC_25_s1-c2_1_2458	1	412	run 412	proteomic profiling by mass spectrometry	data-independent acquisition	NT=timsTOF SCP;AC=MS:1003231	NT=label free sample;AC=MS:1002038	NT=Trypsin;AC=MS:1001251	not applicable	not applicable	not applicable	NT=collision-induced dissociation;AC=MS:1000133	not available	not available	not available	not available	not available	not available	diaPASEF	1	1	Acinar_SC_25_s1-c2_1_2458.d	v1.1.0	NT=ms-proteomics;VV=v1.1.0	NT=single-cell;VV=v1.0.0	NT=dia-acquisition;VV=v1.1.0	not available	manual curation	0.1% paraformaldehyde fixation, 24 h, with protease inhibitors
Acinar_SC_26_s1-c3_1_2459	NT=Mus musculus;AC=NCBITaxon:10090	NT=pancreas;AC=UBERON:0001264	NT=normal;AC=PATO:0000461	NT=pancreatic acinar cell;AC=CL:0002064	not applicable	not applicable	not applicable	0.1% paraformaldehyde fixation, 24 h, with protease inhibitors	NT=single cell;AC=PRIDE:0000897	cellenONE	Acinar_SC_26_s1-c3_1_2459	1	413	run 413	proteomic profiling by mass spectrometry	data-independent acquisition	NT=timsTOF SCP;AC=MS:1003231	NT=label free sample;AC=MS:1002038	NT=Trypsin;AC=MS:1001251	not applicable	not applicable	not applicable	NT=collision-induced dissociation;AC=MS:1000133	not available	not available	not available	not available	not available	not available	diaPASEF	1	1	Acinar_SC_26_s1-c3_1_2459.d	v1.1.0	NT=ms-proteomics;VV=v1.1.0	NT=single-cell;VV=v1.0.0	NT=dia-acquisition;VV=v1.1.0	not available	manual curation	0.1% paraformaldehyde fixation, 24 h, with protease inhibitors
Acinar_SC_27_s1-c4_1_2460	NT=Mus musculus;AC=NCBITaxon:10090	NT=pancreas;AC=UBERON:0001264	NT=normal;AC=PATO:0000461	NT=pancreatic acinar cell;AC=CL:0002064	not applicable	not applicable	not applicable	0.1% paraformaldehyde fixation, 24 h, with protease inhibitors	NT=single cell;AC=PRIDE:0000897	cellenONE	Acinar_SC_27_s1-c4_1_2460	1	414	run 414	proteomic profiling by mass spectrometry	data-independent acquisition	NT=timsTOF SCP;AC=MS:1003231	NT=label free sample;AC=MS:1002038	NT=Trypsin;AC=MS:1001251	not applicable	not applicable	not applicable	NT=collision-induced dissociation;AC=MS:1000133	not available	not available	not available	not available	not available	not available	diaPASEF	1	1	Acinar_SC_27_s1-c4_1_2460.d	v1.1.0	NT=ms-proteomics;VV=v1.1.0	NT=single-cell;VV=v1.0.0	NT=dia-acquisition;VV=v1.1.0	not available	manual curation	0.1% paraformaldehyde fixation, 24 h, with protease inhibitors
Acinar_SC_28_s1-c5_1_2461	NT=Mus musculus;AC=NCBITaxon:10090	NT=pancreas;AC=UBERON:0001264	NT=normal;AC=PATO:0000461	NT=pancreatic acinar cell;AC=CL:0002064	not applicable	not applicable	not applicable	0.1% paraformaldehyde fixation, 24 h, with protease inhibitors	NT=single cell;AC=PRIDE:0000897	cellenONE	Acinar_SC_28_s1-c5_1_2461	1	415	run 415	proteomic profiling by mass spectrometry	data-independent acquisition	NT=timsTOF SCP;AC=MS:1003231	NT=label free sample;AC=MS:1002038	NT=Trypsin;AC=MS:1001251	not applicable	not applicable	not applicable	NT=collision-induced dissociation;AC=MS:1000133	not available	not available	not available	not available	not available	not available	diaPASEF	1	1	Acinar_SC_28_s1-c5_1_2461.d	v1.1.0	NT=ms-proteomics;VV=v1.1.0	NT=single-cell;VV=v1.0.0	NT=dia-acquisition;VV=v1.1.0	not available	manual curation	0.1% paraformaldehyde fixation, 24 h, with protease inhibitors
Acinar_SC_29_s1-c6_1_2462	NT=Mus musculus;AC=NCBITaxon:10090	NT=pancreas;AC=UBERON:0001264	NT=normal;AC=PATO:0000461	NT=pancreatic acinar cell;AC=CL:0002064	not applicable	not applicable	not applicable	0.1% paraformaldehyde fixation, 24 h, with protease inhibitors	NT=single cell;AC=PRIDE:0000897	cellenONE	Acinar_SC_29_s1-c6_1_2462	1	416	run 416	proteomic profiling by mass spectrometry	data-independent acquisition	NT=timsTOF SCP;AC=MS:1003231	NT=label free sample;AC=MS:1002038	NT=Trypsin;AC=MS:1001251	not applicable	not applicable	not applicable	NT=collision-induced dissociation;AC=MS:1000133	not available	not available	not available	not available	not available	not available	diaPASEF	1	1	Acinar_SC_29_s1-c6_1_2462.d	v1.1.0	NT=ms-proteomics;VV=v1.1.0	NT=single-cell;VV=v1.0.0	NT=dia-acquisition;VV=v1.1.0	not available	manual curation	0.1% paraformaldehyde fixation, 24 h, with protease inhibitors
Acinar_SC_2_s1-a3_1_2435	NT=Mus musculus;AC=NCBITaxon:10090	NT=pancreas;AC=UBERON:0001264	NT=normal;AC=PATO:0000461	NT=pancreatic acinar cell;AC=CL:0002064	not applicable	not applicable	not applicable	0.1% paraformaldehyde fixation, 24 h, with protease inhibitors	NT=single cell;AC=PRIDE:0000897	cellenONE	Acinar_SC_2_s1-a3_1_2435	1	417	run 417	proteomic profiling by mass spectrometry	data-independent acquisition	NT=timsTOF SCP;AC=MS:1003231	NT=label free sample;AC=MS:1002038	NT=Trypsin;AC=MS:1001251	not applicable	not applicable	not applicable	NT=collision-induced dissociation;AC=MS:1000133	not available	not available	not available	not available	not available	not available	diaPASEF	1	1	Acinar_SC_2_s1-a3_1_2435.d	v1.1.0	NT=ms-proteomics;VV=v1.1.0	NT=single-cell;VV=v1.0.0	NT=dia-acquisition;VV=v1.1.0	not available	manual curation	0.1% paraformaldehyde fixation, 24 h, with protease inhibitors
Acinar_SC_30_s1-c7_1_2463	NT=Mus musculus;AC=NCBITaxon:10090	NT=pancreas;AC=UBERON:0001264	NT=normal;AC=PATO:0000461	NT=pancreatic acinar cell;AC=CL:0002064	not applicable	not applicable	not applicable	0.1% paraformaldehyde fixation, 24 h, with protease inhibitors	NT=single cell;AC=PRIDE:0000897	cellenONE	Acinar_SC_30_s1-c7_1_2463	1	418	run 418	proteomic profiling by mass spectrometry	data-independent acquisition	NT=timsTOF SCP;AC=MS:1003231	NT=label free sample;AC=MS:1002038	NT=Trypsin;AC=MS:1001251	not applicable	not applicable	not applicable	NT=collision-induced dissociation;AC=MS:1000133	not available	not available	not available	not available	not available	not available	diaPASEF	1	1	Acinar_SC_30_s1-c7_1_2463.d	v1.1.0	NT=ms-proteomics;VV=v1.1.0	NT=single-cell;VV=v1.0.0	NT=dia-acquisition;VV=v1.1.0	not available	manual curation	0.1% paraformaldehyde fixation, 24 h, with protease inhibitors
Acinar_SC_31_s1-c8_1_2464	NT=Mus musculus;AC=NCBITaxon:10090	NT=pancreas;AC=UBERON:0001264	NT=normal;AC=PATO:0000461	NT=pancreatic acinar cell;AC=CL:0002064	not applicable	not applicable	not applicable	0.1% paraformaldehyde fixation, 24 h, with protease inhibitors	NT=single cell;AC=PRIDE:0000897	cellenONE	Acinar_SC_31_s1-c8_1_2464	1	419	run 419	proteomic profiling by mass spectrometry	data-independent acquisition	NT=timsTOF SCP;AC=MS:1003231	NT=label free sample;AC=MS:1002038	NT=Trypsin;AC=MS:1001251	not applicable	not applicable	not applicable	NT=collision-induced dissociation;AC=MS:1000133	not available	not available	not available	not available	not available	not available	diaPASEF	1	1	Acinar_SC_31_s1-c8_1_2464.d	v1.1.0	NT=ms-proteomics;VV=v1.1.0	NT=single-cell;VV=v1.0.0	NT=dia-acquisition;VV=v1.1.0	not available	manual curation	0.1% paraformaldehyde fixation, 24 h, with protease inhibitors
Acinar_SC_32_s1-c9_1_2465	NT=Mus musculus;AC=NCBITaxon:10090	NT=pancreas;AC=UBERON:0001264	NT=normal;AC=PATO:0000461	NT=pancreatic acinar cell;AC=CL:0002064	not applicable	not applicable	not applicable	0.1% paraformaldehyde fixation, 24 h, with protease inhibitors	NT=single cell;AC=PRIDE:0000897	cellenONE	Acinar_SC_32_s1-c9_1_2465	1	420	run 420	proteomic profiling by mass spectrometry	data-independent acquisition	NT=timsTOF SCP;AC=MS:1003231	NT=label free sample;AC=MS:1002038	NT=Trypsin;AC=MS:1001251	not applicable	not applicable	not applicable	NT=collision-induced dissociation;AC=MS:1000133	not available	not available	not available	not available	not available	not available	diaPASEF	1	1	Acinar_SC_32_s1-c9_1_2465.d	v1.1.0	NT=ms-proteomics;VV=v1.1.0	NT=single-cell;VV=v1.0.0	NT=dia-acquisition;VV=v1.1.0	not available	manual curation	0.1% paraformaldehyde fixation, 24 h, with protease inhibitors
Acinar_SC_33_s1-c10_1_2466	NT=Mus musculus;AC=NCBITaxon:10090	NT=pancreas;AC=UBERON:0001264	NT=normal;AC=PATO:0000461	NT=pancreatic acinar cell;AC=CL:0002064	not applicable	not applicable	not applicable	0.1% paraformaldehyde fixation, 24 h, with protease inhibitors	NT=single cell;AC=PRIDE:0000897	cellenONE	Acinar_SC_33_s1-c10_1_2466	1	421	run 421	proteomic profiling by mass spectrometry	data-independent acquisition	NT=timsTOF SCP;AC=MS:1003231	NT=label free sample;AC=MS:1002038	NT=Trypsin;AC=MS:1001251	not applicable	not applicable	not applicable	NT=collision-induced dissociation;AC=MS:1000133	not available	not available	not available	not available	not available	not available	diaPASEF	1	1	Acinar_SC_33_s1-c10_1_2466.d	v1.1.0	NT=ms-proteomics;VV=v1.1.0	NT=single-cell;VV=v1.0.0	NT=dia-acquisition;VV=v1.1.0	not available	manual curation	0.1% paraformaldehyde fixation, 24 h, with protease inhibitors
Acinar_SC_34_s1-c11_1_2467	NT=Mus musculus;AC=NCBITaxon:10090	NT=pancreas;AC=UBERON:0001264	NT=normal;AC=PATO:0000461	NT=pancreatic acinar cell;AC=CL:0002064	not applicable	not applicable	not applicable	0.1% paraformaldehyde fixation, 24 h, with protease inhibitors	NT=single cell;AC=PRIDE:0000897	cellenONE	Acinar_SC_34_s1-c11_1_2467	1	422	run 422	proteomic profiling by mass spectrometry	data-independent acquisition	NT=timsTOF SCP;AC=MS:1003231	NT=label free sample;AC=MS:1002038	NT=Trypsin;AC=MS:1001251	not applicable	not applicable	not applicable	NT=collision-induced dissociation;AC=MS:1000133	not available	not available	not available	not available	not available	not available	diaPASEF	1	1	Acinar_SC_34_s1-c11_1_2467.d	v1.1.0	NT=ms-proteomics;VV=v1.1.0	NT=single-cell;VV=v1.0.0	NT=dia-acquisition;VV=v1.1.0	not available	manual curation	0.1% paraformaldehyde fixation, 24 h, with protease inhibitors
Acinar_SC_35_s1-c12_1_2468	NT=Mus musculus;AC=NCBITaxon:10090	NT=pancreas;AC=UBERON:0001264	NT=normal;AC=PATO:0000461	NT=pancreatic acinar cell;AC=CL:0002064	not applicable	not applicable	not applicable	0.1% paraformaldehyde fixation, 24 h, with protease inhibitors	NT=single cell;AC=PRIDE:0000897	cellenONE	Acinar_SC_35_s1-c12_1_2468	1	423	run 423	proteomic profiling by mass spectrometry	data-independent acquisition	NT=timsTOF SCP;AC=MS:1003231	NT=label free sample;AC=MS:1002038	NT=Trypsin;AC=MS:1001251	not applicable	not applicable	not applicable	NT=collision-induced dissociation;AC=MS:1000133	not available	not available	not available	not available	not available	not available	diaPASEF	1	1	Acinar_SC_35_s1-c12_1_2468.d	v1.1.0	NT=ms-proteomics;VV=v1.1.0	NT=single-cell;VV=v1.0.0	NT=dia-acquisition;VV=v1.1.0	not available	manual curation	0.1% paraformaldehyde fixation, 24 h, with protease inhibitors
Acinar_SC_36_s1-d1_1_2469	NT=Mus musculus;AC=NCBITaxon:10090	NT=pancreas;AC=UBERON:0001264	NT=normal;AC=PATO:0000461	NT=pancreatic acinar cell;AC=CL:0002064	not applicable	not applicable	not applicable	0.1% paraformaldehyde fixation, 24 h, with protease inhibitors	NT=single cell;AC=PRIDE:0000897	cellenONE	Acinar_SC_36_s1-d1_1_2469	1	424	run 424	proteomic profiling by mass spectrometry	data-independent acquisition	NT=timsTOF SCP;AC=MS:1003231	NT=label free sample;AC=MS:1002038	NT=Trypsin;AC=MS:1001251	not applicable	not applicable	not applicable	NT=collision-induced dissociation;AC=MS:1000133	not available	not available	not available	not available	not available	not available	diaPASEF	1	1	Acinar_SC_36_s1-d1_1_2469.d	v1.1.0	NT=ms-proteomics;VV=v1.1.0	NT=single-cell;VV=v1.0.0	NT=dia-acquisition;VV=v1.1.0	not available	manual curation	0.1% paraformaldehyde fixation, 24 h, with protease inhibitors
Acinar_SC_37_s1-d2_1_2470	NT=Mus musculus;AC=NCBITaxon:10090	NT=pancreas;AC=UBERON:0001264	NT=normal;AC=PATO:0000461	NT=pancreatic acinar cell;AC=CL:0002064	not applicable	not applicable	not applicable	0.1% paraformaldehyde fixation, 24 h, with protease inhibitors	NT=single cell;AC=PRIDE:0000897	cellenONE	Acinar_SC_37_s1-d2_1_2470	1	425	run 425	proteomic profiling by mass spectrometry	data-independent acquisition	NT=timsTOF SCP;AC=MS:1003231	NT=label free sample;AC=MS:1002038	NT=Trypsin;AC=MS:1001251	not applicable	not applicable	not applicable	NT=collision-induced dissociation;AC=MS:1000133	not available	not available	not available	not available	not available	not available	diaPASEF	1	1	Acinar_SC_37_s1-d2_1_2470.d	v1.1.0	NT=ms-proteomics;VV=v1.1.0	NT=single-cell;VV=v1.0.0	NT=dia-acquisition;VV=v1.1.0	not available	manual curation	0.1% paraformaldehyde fixation, 24 h, with protease inhibitors
Acinar_SC_38_s1-d3_1_2471	NT=Mus musculus;AC=NCBITaxon:10090	NT=pancreas;AC=UBERON:0001264	NT=normal;AC=PATO:0000461	NT=pancreatic acinar cell;AC=CL:0002064	not applicable	not applicable	not applicable	0.1% paraformaldehyde fixation, 24 h, with protease inhibitors	NT=single cell;AC=PRIDE:0000897	cellenONE	Acinar_SC_38_s1-d3_1_2471	1	426	run 426	proteomic profiling by mass spectrometry	data-independent acquisition	NT=timsTOF SCP;AC=MS:1003231	NT=label free sample;AC=MS:1002038	NT=Trypsin;AC=MS:1001251	not applicable	not applicable	not applicable	NT=collision-induced dissociation;AC=MS:1000133	not available	not available	not available	not available	not available	not available	diaPASEF	1	1	Acinar_SC_38_s1-d3_1_2471.d	v1.1.0	NT=ms-proteomics;VV=v1.1.0	NT=single-cell;VV=v1.0.0	NT=dia-acquisition;VV=v1.1.0	not available	manual curation	0.1% paraformaldehyde fixation, 24 h, with protease inhibitors
Acinar_SC_39_s1-d4_1_2472	NT=Mus musculus;AC=NCBITaxon:10090	NT=pancreas;AC=UBERON:0001264	NT=normal;AC=PATO:0000461	NT=pancreatic acinar cell;AC=CL:0002064	not applicable	not applicable	not applicable	0.1% paraformaldehyde fixation, 24 h, with protease inhibitors	NT=single cell;AC=PRIDE:0000897	cellenONE	Acinar_SC_39_s1-d4_1_2472	1	427	run 427	proteomic profiling by mass spectrometry	data-independent acquisition	NT=timsTOF SCP;AC=MS:1003231	NT=label free sample;AC=MS:1002038	NT=Trypsin;AC=MS:1001251	not applicable	not applicable	not applicable	NT=collision-induced dissociation;AC=MS:1000133	not available	not available	not available	not available	not available	not available	diaPASEF	1	1	Acinar_SC_39_s1-d4_1_2472.d	v1.1.0	NT=ms-proteomics;VV=v1.1.0	NT=single-cell;VV=v1.0.0	NT=dia-acquisition;VV=v1.1.0	not available	manual curation	0.1% paraformaldehyde fixation, 24 h, with protease inhibitors
Acinar_SC_3_s1-a4_1_2436	NT=Mus musculus;AC=NCBITaxon:10090	NT=pancreas;AC=UBERON:0001264	NT=normal;AC=PATO:0000461	NT=pancreatic acinar cell;AC=CL:0002064	not applicable	not applicable	not applicable	0.1% paraformaldehyde fixation, 24 h, with protease inhibitors	NT=single cell;AC=PRIDE:0000897	cellenONE	Acinar_SC_3_s1-a4_1_2436	1	428	run 428	proteomic profiling by mass spectrometry	data-independent acquisition	NT=timsTOF SCP;AC=MS:1003231	NT=label free sample;AC=MS:1002038	NT=Trypsin;AC=MS:1001251	not applicable	not applicable	not applicable	NT=collision-induced dissociation;AC=MS:1000133	not available	not available	not available	not available	not available	not available	diaPASEF	1	1	Acinar_SC_3_s1-a4_1_2436.d	v1.1.0	NT=ms-proteomics;VV=v1.1.0	NT=single-cell;VV=v1.0.0	NT=dia-acquisition;VV=v1.1.0	not available	manual curation	0.1% paraformaldehyde fixation, 24 h, with protease inhibitors
Acinar_SC_3_s1-a4_1_2529	NT=Mus musculus;AC=NCBITaxon:10090	NT=pancreas;AC=UBERON:0001264	NT=normal;AC=PATO:0000461	NT=pancreatic acinar cell;AC=CL:0002064	not applicable	not applicable	not applicable	0.1% paraformaldehyde fixation, 24 h, with protease inhibitors	NT=single cell;AC=PRIDE:0000897	cellenONE	Acinar_SC_3_s1-a4_1_2529	1	429	run 429	proteomic profiling by mass spectrometry	data-independent acquisition	NT=timsTOF SCP;AC=MS:1003231	NT=label free sample;AC=MS:1002038	NT=Trypsin;AC=MS:1001251	not applicable	not applicable	not applicable	NT=collision-induced dissociation;AC=MS:1000133	not available	not available	not available	not available	not available	not available	diaPASEF	1	1	Acinar_SC_3_s1-a4_1_2529.d	v1.1.0	NT=ms-proteomics;VV=v1.1.0	NT=single-cell;VV=v1.0.0	NT=dia-acquisition;VV=v1.1.0	not available	manual curation	0.1% paraformaldehyde fixation, 24 h, with protease inhibitors
Acinar_SC_40_s1-d5_1_2473	NT=Mus musculus;AC=NCBITaxon:10090	NT=pancreas;AC=UBERON:0001264	NT=normal;AC=PATO:0000461	NT=pancreatic acinar cell;AC=CL:0002064	not applicable	not applicable	not applicable	0.1% paraformaldehyde fixation, 24 h, with protease inhibitors	NT=single cell;AC=PRIDE:0000897	cellenONE	Acinar_SC_40_s1-d5_1_2473	1	430	run 430	proteomic profiling by mass spectrometry	data-independent acquisition	NT=timsTOF SCP;AC=MS:1003231	NT=label free sample;AC=MS:1002038	NT=Trypsin;AC=MS:1001251	not applicable	not applicable	not applicable	NT=collision-induced dissociation;AC=MS:1000133	not available	not available	not available	not available	not available	not available	diaPASEF	1	1	Acinar_SC_40_s1-d5_1_2473.d	v1.1.0	NT=ms-proteomics;VV=v1.1.0	NT=single-cell;VV=v1.0.0	NT=dia-acquisition;VV=v1.1.0	not available	manual curation	0.1% paraformaldehyde fixation, 24 h, with protease inhibitors
Acinar_SC_41_s1-d6_1_2474	NT=Mus musculus;AC=NCBITaxon:10090	NT=pancreas;AC=UBERON:0001264	NT=normal;AC=PATO:0000461	NT=pancreatic acinar cell;AC=CL:0002064	not applicable	not applicable	not applicable	0.1% paraformaldehyde fixation, 24 h, with protease inhibitors	NT=single cell;AC=PRIDE:0000897	cellenONE	Acinar_SC_41_s1-d6_1_2474	1	431	run 431	proteomic profiling by mass spectrometry	data-independent acquisition	NT=timsTOF SCP;AC=MS:1003231	NT=label free sample;AC=MS:1002038	NT=Trypsin;AC=MS:1001251	not applicable	not applicable	not applicable	NT=collision-induced dissociation;AC=MS:1000133	not available	not available	not available	not available	not available	not available	diaPASEF	1	1	Acinar_SC_41_s1-d6_1_2474.d	v1.1.0	NT=ms-proteomics;VV=v1.1.0	NT=single-cell;VV=v1.0.0	NT=dia-acquisition;VV=v1.1.0	not available	manual curation	0.1% paraformaldehyde fixation, 24 h, with protease inhibitors
Acinar_SC_42_s1-d7_1_2475	NT=Mus musculus;AC=NCBITaxon:10090	NT=pancreas;AC=UBERON:0001264	NT=normal;AC=PATO:0000461	NT=pancreatic acinar cell;AC=CL:0002064	not applicable	not applicable	not applicable	0.1% paraformaldehyde fixation, 24 h, with protease inhibitors	NT=single cell;AC=PRIDE:0000897	cellenONE	Acinar_SC_42_s1-d7_1_2475	1	432	run 432	proteomic profiling by mass spectrometry	data-independent acquisition	NT=timsTOF SCP;AC=MS:1003231	NT=label free sample;AC=MS:1002038	NT=Trypsin;AC=MS:1001251	not applicable	not applicable	not applicable	NT=collision-induced dissociation;AC=MS:1000133	not available	not available	not available	not available	not available	not available	diaPASEF	1	1	Acinar_SC_42_s1-d7_1_2475.d	v1.1.0	NT=ms-proteomics;VV=v1.1.0	NT=single-cell;VV=v1.0.0	NT=dia-acquisition;VV=v1.1.0	not available	manual curation	0.1% paraformaldehyde fixation, 24 h, with protease inhibitors
Acinar_SC_43_s1-d8_1_2476	NT=Mus musculus;AC=NCBITaxon:10090	NT=pancreas;AC=UBERON:0001264	NT=normal;AC=PATO:0000461	NT=pancreatic acinar cell;AC=CL:0002064	not applicable	not applicable	not applicable	0.1% paraformaldehyde fixation, 24 h, with protease inhibitors	NT=single cell;AC=PRIDE:0000897	cellenONE	Acinar_SC_43_s1-d8_1_2476	1	433	run 433	proteomic profiling by mass spectrometry	data-independent acquisition	NT=timsTOF SCP;AC=MS:1003231	NT=label free sample;AC=MS:1002038	NT=Trypsin;AC=MS:1001251	not applicable	not applicable	not applicable	NT=collision-induced dissociation;AC=MS:1000133	not available	not available	not available	not available	not available	not available	diaPASEF	1	1	Acinar_SC_43_s1-d8_1_2476.d	v1.1.0	NT=ms-proteomics;VV=v1.1.0	NT=single-cell;VV=v1.0.0	NT=dia-acquisition;VV=v1.1.0	not available	manual curation	0.1% paraformaldehyde fixation, 24 h, with protease inhibitors
Acinar_SC_44_s1-d9_1_2477	NT=Mus musculus;AC=NCBITaxon:10090	NT=pancreas;AC=UBERON:0001264	NT=normal;AC=PATO:0000461	NT=pancreatic acinar cell;AC=CL:0002064	not applicable	not applicable	not applicable	0.1% paraformaldehyde fixation, 24 h, with protease inhibitors	NT=single cell;AC=PRIDE:0000897	cellenONE	Acinar_SC_44_s1-d9_1_2477	1	434	run 434	proteomic profiling by mass spectrometry	data-independent acquisition	NT=timsTOF SCP;AC=MS:1003231	NT=label free sample;AC=MS:1002038	NT=Trypsin;AC=MS:1001251	not applicable	not applicable	not applicable	NT=collision-induced dissociation;AC=MS:1000133	not available	not available	not available	not available	not available	not available	diaPASEF	1	1	Acinar_SC_44_s1-d9_1_2477.d	v1.1.0	NT=ms-proteomics;VV=v1.1.0	NT=single-cell;VV=v1.0.0	NT=dia-acquisition;VV=v1.1.0	not available	manual curation	0.1% paraformaldehyde fixation, 24 h, with protease inhibitors
Acinar_SC_45_s1-d10_1_2478	NT=Mus musculus;AC=NCBITaxon:10090	NT=pancreas;AC=UBERON:0001264	NT=normal;AC=PATO:0000461	NT=pancreatic acinar cell;AC=CL:0002064	not applicable	not applicable	not applicable	0.1% paraformaldehyde fixation, 24 h, with protease inhibitors	NT=single cell;AC=PRIDE:0000897	cellenONE	Acinar_SC_45_s1-d10_1_2478	1	435	run 435	proteomic profiling by mass spectrometry	data-independent acquisition	NT=timsTOF SCP;AC=MS:1003231	NT=label free sample;AC=MS:1002038	NT=Trypsin;AC=MS:1001251	not applicable	not applicable	not applicable	NT=collision-induced dissociation;AC=MS:1000133	not available	not available	not available	not available	not available	not available	diaPASEF	1	1	Acinar_SC_45_s1-d10_1_2478.d	v1.1.0	NT=ms-proteomics;VV=v1.1.0	NT=single-cell;VV=v1.0.0	NT=dia-acquisition;VV=v1.1.0	not available	manual curation	0.1% paraformaldehyde fixation, 24 h, with protease inhibitors
Acinar_SC_46_s1-d11_1_2479	NT=Mus musculus;AC=NCBITaxon:10090	NT=pancreas;AC=UBERON:0001264	NT=normal;AC=PATO:0000461	NT=pancreatic acinar cell;AC=CL:0002064	not applicable	not applicable	not applicable	0.1% paraformaldehyde fixation, 24 h, with protease inhibitors	NT=single cell;AC=PRIDE:0000897	cellenONE	Acinar_SC_46_s1-d11_1_2479	1	436	run 436	proteomic profiling by mass spectrometry	data-independent acquisition	NT=timsTOF SCP;AC=MS:1003231	NT=label free sample;AC=MS:1002038	NT=Trypsin;AC=MS:1001251	not applicable	not applicable	not applicable	NT=collision-induced dissociation;AC=MS:1000133	not available	not available	not available	not available	not available	not available	diaPASEF	1	1	Acinar_SC_46_s1-d11_1_2479.d	v1.1.0	NT=ms-proteomics;VV=v1.1.0	NT=single-cell;VV=v1.0.0	NT=dia-acquisition;VV=v1.1.0	not available	manual curation	0.1% paraformaldehyde fixation, 24 h, with protease inhibitors
Acinar_SC_47_s1-d12_1_2480	NT=Mus musculus;AC=NCBITaxon:10090	NT=pancreas;AC=UBERON:0001264	NT=normal;AC=PATO:0000461	NT=pancreatic acinar cell;AC=CL:0002064	not applicable	not applicable	not applicable	0.1% paraformaldehyde fixation, 24 h, with protease inhibitors	NT=single cell;AC=PRIDE:0000897	cellenONE	Acinar_SC_47_s1-d12_1_2480	1	437	run 437	proteomic profiling by mass spectrometry	data-independent acquisition	NT=timsTOF SCP;AC=MS:1003231	NT=label free sample;AC=MS:1002038	NT=Trypsin;AC=MS:1001251	not applicable	not applicable	not applicable	NT=collision-induced dissociation;AC=MS:1000133	not available	not available	not available	not available	not available	not available	diaPASEF	1	1	Acinar_SC_47_s1-d12_1_2480.d	v1.1.0	NT=ms-proteomics;VV=v1.1.0	NT=single-cell;VV=v1.0.0	NT=dia-acquisition;VV=v1.1.0	not available	manual curation	0.1% paraformaldehyde fixation, 24 h, with protease inhibitors
Acinar_SC_48_s1-e1_1_2481	NT=Mus musculus;AC=NCBITaxon:10090	NT=pancreas;AC=UBERON:0001264	NT=normal;AC=PATO:0000461	NT=pancreatic acinar cell;AC=CL:0002064	not applicable	not applicable	not applicable	0.1% paraformaldehyde fixation, 24 h, with protease inhibitors	NT=single cell;AC=PRIDE:0000897	cellenONE	Acinar_SC_48_s1-e1_1_2481	1	438	run 438	proteomic profiling by mass spectrometry	data-independent acquisition	NT=timsTOF SCP;AC=MS:1003231	NT=label free sample;AC=MS:1002038	NT=Trypsin;AC=MS:1001251	not applicable	not applicable	not applicable	NT=collision-induced dissociation;AC=MS:1000133	not available	not available	not available	not available	not available	not available	diaPASEF	1	1	Acinar_SC_48_s1-e1_1_2481.d	v1.1.0	NT=ms-proteomics;VV=v1.1.0	NT=single-cell;VV=v1.0.0	NT=dia-acquisition;VV=v1.1.0	not available	manual curation	0.1% paraformaldehyde fixation, 24 h, with protease inhibitors
Acinar_SC_49_s1-e2_1_2482	NT=Mus musculus;AC=NCBITaxon:10090	NT=pancreas;AC=UBERON:0001264	NT=normal;AC=PATO:0000461	NT=pancreatic acinar cell;AC=CL:0002064	not applicable	not applicable	not applicable	0.1% paraformaldehyde fixation, 24 h, with protease inhibitors	NT=single cell;AC=PRIDE:0000897	cellenONE	Acinar_SC_49_s1-e2_1_2482	1	439	run 439	proteomic profiling by mass spectrometry	data-independent acquisition	NT=timsTOF SCP;AC=MS:1003231	NT=label free sample;AC=MS:1002038	NT=Trypsin;AC=MS:1001251	not applicable	not applicable	not applicable	NT=collision-induced dissociation;AC=MS:1000133	not available	not available	not available	not available	not available	not available	diaPASEF	1	1	Acinar_SC_49_s1-e2_1_2482.d	v1.1.0	NT=ms-proteomics;VV=v1.1.0	NT=single-cell;VV=v1.0.0	NT=dia-acquisition;VV=v1.1.0	not available	manual curation	0.1% paraformaldehyde fixation, 24 h, with protease inhibitors
Acinar_SC_4_s1-a5_1_2437	NT=Mus musculus;AC=NCBITaxon:10090	NT=pancreas;AC=UBERON:0001264	NT=normal;AC=PATO:0000461	NT=pancreatic acinar cell;AC=CL:0002064	not applicable	not applicable	not applicable	0.1% paraformaldehyde fixation, 24 h, with protease inhibitors	NT=single cell;AC=PRIDE:0000897	cellenONE	Acinar_SC_4_s1-a5_1_2437	1	440	run 440	proteomic profiling by mass spectrometry	data-independent acquisition	NT=timsTOF SCP;AC=MS:1003231	NT=label free sample;AC=MS:1002038	NT=Trypsin;AC=MS:1001251	not applicable	not applicable	not applicable	NT=collision-induced dissociation;AC=MS:1000133	not available	not available	not available	not available	not available	not available	diaPASEF	1	1	Acinar_SC_4_s1-a5_1_2437.d	v1.1.0	NT=ms-proteomics;VV=v1.1.0	NT=single-cell;VV=v1.0.0	NT=dia-acquisition;VV=v1.1.0	not available	manual curation	0.1% paraformaldehyde fixation, 24 h, with protease inhibitors
Acinar_SC_50_s1-e3_1_2483	NT=Mus musculus;AC=NCBITaxon:10090	NT=pancreas;AC=UBERON:0001264	NT=normal;AC=PATO:0000461	NT=pancreatic acinar cell;AC=CL:0002064	not applicable	not applicable	not applicable	0.1% paraformaldehyde fixation, 24 h, with protease inhibitors	NT=single cell;AC=PRIDE:0000897	cellenONE	Acinar_SC_50_s1-e3_1_2483	1	441	run 441	proteomic profiling by mass spectrometry	data-independent acquisition	NT=timsTOF SCP;AC=MS:1003231	NT=label free sample;AC=MS:1002038	NT=Trypsin;AC=MS:1001251	not applicable	not applicable	not applicable	NT=collision-induced dissociation;AC=MS:1000133	not available	not available	not available	not available	not available	not available	diaPASEF	1	1	Acinar_SC_50_s1-e3_1_2483.d	v1.1.0	NT=ms-proteomics;VV=v1.1.0	NT=single-cell;VV=v1.0.0	NT=dia-acquisition;VV=v1.1.0	not available	manual curation	0.1% paraformaldehyde fixation, 24 h, with protease inhibitors
Acinar_SC_51_s1-e4_1_2484	NT=Mus musculus;AC=NCBITaxon:10090	NT=pancreas;AC=UBERON:0001264	NT=normal;AC=PATO:0000461	NT=pancreatic acinar cell;AC=CL:0002064	not applicable	not applicable	not applicable	0.1% paraformaldehyde fixation, 24 h, with protease inhibitors	NT=single cell;AC=PRIDE:0000897	cellenONE	Acinar_SC_51_s1-e4_1_2484	1	442	run 442	proteomic profiling by mass spectrometry	data-independent acquisition	NT=timsTOF SCP;AC=MS:1003231	NT=label free sample;AC=MS:1002038	NT=Trypsin;AC=MS:1001251	not applicable	not applicable	not applicable	NT=collision-induced dissociation;AC=MS:1000133	not available	not available	not available	not available	not available	not available	diaPASEF	1	1	Acinar_SC_51_s1-e4_1_2484.d	v1.1.0	NT=ms-proteomics;VV=v1.1.0	NT=single-cell;VV=v1.0.0	NT=dia-acquisition;VV=v1.1.0	not available	manual curation	0.1% paraformaldehyde fixation, 24 h, with protease inhibitors
Acinar_SC_52_s1-e5_1_2485	NT=Mus musculus;AC=NCBITaxon:10090	NT=pancreas;AC=UBERON:0001264	NT=normal;AC=PATO:0000461	NT=pancreatic acinar cell;AC=CL:0002064	not applicable	not applicable	not applicable	0.1% paraformaldehyde fixation, 24 h, with protease inhibitors	NT=single cell;AC=PRIDE:0000897	cellenONE	Acinar_SC_52_s1-e5_1_2485	1	443	run 443	proteomic profiling by mass spectrometry	data-independent acquisition	NT=timsTOF SCP;AC=MS:1003231	NT=label free sample;AC=MS:1002038	NT=Trypsin;AC=MS:1001251	not applicable	not applicable	not applicable	NT=collision-induced dissociation;AC=MS:1000133	not available	not available	not available	not available	not available	not available	diaPASEF	1	1	Acinar_SC_52_s1-e5_1_2485.d	v1.1.0	NT=ms-proteomics;VV=v1.1.0	NT=single-cell;VV=v1.0.0	NT=dia-acquisition;VV=v1.1.0	not available	manual curation	0.1% paraformaldehyde fixation, 24 h, with protease inhibitors
Acinar_SC_53_s1-e6_1_2486	NT=Mus musculus;AC=NCBITaxon:10090	NT=pancreas;AC=UBERON:0001264	NT=normal;AC=PATO:0000461	NT=pancreatic acinar cell;AC=CL:0002064	not applicable	not applicable	not applicable	0.1% paraformaldehyde fixation, 24 h, with protease inhibitors	NT=single cell;AC=PRIDE:0000897	cellenONE	Acinar_SC_53_s1-e6_1_2486	1	444	run 444	proteomic profiling by mass spectrometry	data-independent acquisition	NT=timsTOF SCP;AC=MS:1003231	NT=label free sample;AC=MS:1002038	NT=Trypsin;AC=MS:1001251	not applicable	not applicable	not applicable	NT=collision-induced dissociation;AC=MS:1000133	not available	not available	not available	not available	not available	not available	diaPASEF	1	1	Acinar_SC_53_s1-e6_1_2486.d	v1.1.0	NT=ms-proteomics;VV=v1.1.0	NT=single-cell;VV=v1.0.0	NT=dia-acquisition;VV=v1.1.0	not available	manual curation	0.1% paraformaldehyde fixation, 24 h, with protease inhibitors
Acinar_SC_54_s1-e7_1_2487	NT=Mus musculus;AC=NCBITaxon:10090	NT=pancreas;AC=UBERON:0001264	NT=normal;AC=PATO:0000461	NT=pancreatic acinar cell;AC=CL:0002064	not applicable	not applicable	not applicable	0.1% paraformaldehyde fixation, 24 h, with protease inhibitors	NT=single cell;AC=PRIDE:0000897	cellenONE	Acinar_SC_54_s1-e7_1_2487	1	445	run 445	proteomic profiling by mass spectrometry	data-independent acquisition	NT=timsTOF SCP;AC=MS:1003231	NT=label free sample;AC=MS:1002038	NT=Trypsin;AC=MS:1001251	not applicable	not applicable	not applicable	NT=collision-induced dissociation;AC=MS:1000133	not available	not available	not available	not available	not available	not available	diaPASEF	1	1	Acinar_SC_54_s1-e7_1_2487.d	v1.1.0	NT=ms-proteomics;VV=v1.1.0	NT=single-cell;VV=v1.0.0	NT=dia-acquisition;VV=v1.1.0	not available	manual curation	0.1% paraformaldehyde fixation, 24 h, with protease inhibitors
Acinar_SC_55_s1-e8_1_2488	NT=Mus musculus;AC=NCBITaxon:10090	NT=pancreas;AC=UBERON:0001264	NT=normal;AC=PATO:0000461	NT=pancreatic acinar cell;AC=CL:0002064	not applicable	not applicable	not applicable	0.1% paraformaldehyde fixation, 24 h, with protease inhibitors	NT=single cell;AC=PRIDE:0000897	cellenONE	Acinar_SC_55_s1-e8_1_2488	1	446	run 446	proteomic profiling by mass spectrometry	data-independent acquisition	NT=timsTOF SCP;AC=MS:1003231	NT=label free sample;AC=MS:1002038	NT=Trypsin;AC=MS:1001251	not applicable	not applicable	not applicable	NT=collision-induced dissociation;AC=MS:1000133	not available	not available	not available	not available	not available	not available	diaPASEF	1	1	Acinar_SC_55_s1-e8_1_2488.d	v1.1.0	NT=ms-proteomics;VV=v1.1.0	NT=single-cell;VV=v1.0.0	NT=dia-acquisition;VV=v1.1.0	not available	manual curation	0.1% paraformaldehyde fixation, 24 h, with protease inhibitors
Acinar_SC_56_s1-e9_1_2489	NT=Mus musculus;AC=NCBITaxon:10090	NT=pancreas;AC=UBERON:0001264	NT=normal;AC=PATO:0000461	NT=pancreatic acinar cell;AC=CL:0002064	not applicable	not applicable	not applicable	0.1% paraformaldehyde fixation, 24 h, with protease inhibitors	NT=single cell;AC=PRIDE:0000897	cellenONE	Acinar_SC_56_s1-e9_1_2489	1	447	run 447	proteomic profiling by mass spectrometry	data-independent acquisition	NT=timsTOF SCP;AC=MS:1003231	NT=label free sample;AC=MS:1002038	NT=Trypsin;AC=MS:1001251	not applicable	not applicable	not applicable	NT=collision-induced dissociation;AC=MS:1000133	not available	not available	not available	not available	not available	not available	diaPASEF	1	1	Acinar_SC_56_s1-e9_1_2489.d	v1.1.0	NT=ms-proteomics;VV=v1.1.0	NT=single-cell;VV=v1.0.0	NT=dia-acquisition;VV=v1.1.0	not available	manual curation	0.1% paraformaldehyde fixation, 24 h, with protease inhibitors
Acinar_SC_57_s1-e10_1_2490	NT=Mus musculus;AC=NCBITaxon:10090	NT=pancreas;AC=UBERON:0001264	NT=normal;AC=PATO:0000461	NT=pancreatic acinar cell;AC=CL:0002064	not applicable	not applicable	not applicable	0.1% paraformaldehyde fixation, 24 h, with protease inhibitors	NT=single cell;AC=PRIDE:0000897	cellenONE	Acinar_SC_57_s1-e10_1_2490	1	448	run 448	proteomic profiling by mass spectrometry	data-independent acquisition	NT=timsTOF SCP;AC=MS:1003231	NT=label free sample;AC=MS:1002038	NT=Trypsin;AC=MS:1001251	not applicable	not applicable	not applicable	NT=collision-induced dissociation;AC=MS:1000133	not available	not available	not available	not available	not available	not available	diaPASEF	1	1	Acinar_SC_57_s1-e10_1_2490.d	v1.1.0	NT=ms-proteomics;VV=v1.1.0	NT=single-cell;VV=v1.0.0	NT=dia-acquisition;VV=v1.1.0	not available	manual curation	0.1% paraformaldehyde fixation, 24 h, with protease inhibitors
Acinar_SC_58_s1-e11_1_2491	NT=Mus musculus;AC=NCBITaxon:10090	NT=pancreas;AC=UBERON:0001264	NT=normal;AC=PATO:0000461	NT=pancreatic acinar cell;AC=CL:0002064	not applicable	not applicable	not applicable	0.1% paraformaldehyde fixation, 24 h, with protease inhibitors	NT=single cell;AC=PRIDE:0000897	cellenONE	Acinar_SC_58_s1-e11_1_2491	1	449	run 449	proteomic profiling by mass spectrometry	data-independent acquisition	NT=timsTOF SCP;AC=MS:1003231	NT=label free sample;AC=MS:1002038	NT=Trypsin;AC=MS:1001251	not applicable	not applicable	not applicable	NT=collision-induced dissociation;AC=MS:1000133	not available	not available	not available	not available	not available	not available	diaPASEF	1	1	Acinar_SC_58_s1-e11_1_2491.d	v1.1.0	NT=ms-proteomics;VV=v1.1.0	NT=single-cell;VV=v1.0.0	NT=dia-acquisition;VV=v1.1.0	not available	manual curation	0.1% paraformaldehyde fixation, 24 h, with protease inhibitors
Acinar_SC_59_s1-e12_1_2492	NT=Mus musculus;AC=NCBITaxon:10090	NT=pancreas;AC=UBERON:0001264	NT=normal;AC=PATO:0000461	NT=pancreatic acinar cell;AC=CL:0002064	not applicable	not applicable	not applicable	0.1% paraformaldehyde fixation, 24 h, with protease inhibitors	NT=single cell;AC=PRIDE:0000897	cellenONE	Acinar_SC_59_s1-e12_1_2492	1	450	run 450	proteomic profiling by mass spectrometry	data-independent acquisition	NT=timsTOF SCP;AC=MS:1003231	NT=label free sample;AC=MS:1002038	NT=Trypsin;AC=MS:1001251	not applicable	not applicable	not applicable	NT=collision-induced dissociation;AC=MS:1000133	not available	not available	not available	not available	not available	not available	diaPASEF	1	1	Acinar_SC_59_s1-e12_1_2492.d	v1.1.0	NT=ms-proteomics;VV=v1.1.0	NT=single-cell;VV=v1.0.0	NT=dia-acquisition;VV=v1.1.0	not available	manual curation	0.1% paraformaldehyde fixation, 24 h, with protease inhibitors
Acinar_SC_5_s1-a6_1_2438	NT=Mus musculus;AC=NCBITaxon:10090	NT=pancreas;AC=UBERON:0001264	NT=normal;AC=PATO:0000461	NT=pancreatic acinar cell;AC=CL:0002064	not applicable	not applicable	not applicable	0.1% paraformaldehyde fixation, 24 h, with protease inhibitors	NT=single cell;AC=PRIDE:0000897	cellenONE	Acinar_SC_5_s1-a6_1_2438	1	451	run 451	proteomic profiling by mass spectrometry	data-independent acquisition	NT=timsTOF SCP;AC=MS:1003231	NT=label free sample;AC=MS:1002038	NT=Trypsin;AC=MS:1001251	not applicable	not applicable	not applicable	NT=collision-induced dissociation;AC=MS:1000133	not available	not available	not available	not available	not available	not available	diaPASEF	1	1	Acinar_SC_5_s1-a6_1_2438.d	v1.1.0	NT=ms-proteomics;VV=v1.1.0	NT=single-cell;VV=v1.0.0	NT=dia-acquisition;VV=v1.1.0	not available	manual curation	0.1% paraformaldehyde fixation, 24 h, with protease inhibitors
Acinar_SC_60_s1-f1_1_2493	NT=Mus musculus;AC=NCBITaxon:10090	NT=pancreas;AC=UBERON:0001264	NT=normal;AC=PATO:0000461	NT=pancreatic acinar cell;AC=CL:0002064	not applicable	not applicable	not applicable	0.1% paraformaldehyde fixation, 24 h, with protease inhibitors	NT=single cell;AC=PRIDE:0000897	cellenONE	Acinar_SC_60_s1-f1_1_2493	1	452	run 452	proteomic profiling by mass spectrometry	data-independent acquisition	NT=timsTOF SCP;AC=MS:1003231	NT=label free sample;AC=MS:1002038	NT=Trypsin;AC=MS:1001251	not applicable	not applicable	not applicable	NT=collision-induced dissociation;AC=MS:1000133	not available	not available	not available	not available	not available	not available	diaPASEF	1	1	Acinar_SC_60_s1-f1_1_2493.d	v1.1.0	NT=ms-proteomics;VV=v1.1.0	NT=single-cell;VV=v1.0.0	NT=dia-acquisition;VV=v1.1.0	not available	manual curation	0.1% paraformaldehyde fixation, 24 h, with protease inhibitors
Acinar_SC_61_s1-f2_1_2494	NT=Mus musculus;AC=NCBITaxon:10090	NT=pancreas;AC=UBERON:0001264	NT=normal;AC=PATO:0000461	NT=pancreatic acinar cell;AC=CL:0002064	not applicable	not applicable	not applicable	0.1% paraformaldehyde fixation, 24 h, with protease inhibitors	NT=single cell;AC=PRIDE:0000897	cellenONE	Acinar_SC_61_s1-f2_1_2494	1	453	run 453	proteomic profiling by mass spectrometry	data-independent acquisition	NT=timsTOF SCP;AC=MS:1003231	NT=label free sample;AC=MS:1002038	NT=Trypsin;AC=MS:1001251	not applicable	not applicable	not applicable	NT=collision-induced dissociation;AC=MS:1000133	not available	not available	not available	not available	not available	not available	diaPASEF	1	1	Acinar_SC_61_s1-f2_1_2494.d	v1.1.0	NT=ms-proteomics;VV=v1.1.0	NT=single-cell;VV=v1.0.0	NT=dia-acquisition;VV=v1.1.0	not available	manual curation	0.1% paraformaldehyde fixation, 24 h, with protease inhibitors
Acinar_SC_62_s1-f3_1_2495	NT=Mus musculus;AC=NCBITaxon:10090	NT=pancreas;AC=UBERON:0001264	NT=normal;AC=PATO:0000461	NT=pancreatic acinar cell;AC=CL:0002064	not applicable	not applicable	not applicable	0.1% paraformaldehyde fixation, 24 h, with protease inhibitors	NT=single cell;AC=PRIDE:0000897	cellenONE	Acinar_SC_62_s1-f3_1_2495	1	454	run 454	proteomic profiling by mass spectrometry	data-independent acquisition	NT=timsTOF SCP;AC=MS:1003231	NT=label free sample;AC=MS:1002038	NT=Trypsin;AC=MS:1001251	not applicable	not applicable	not applicable	NT=collision-induced dissociation;AC=MS:1000133	not available	not available	not available	not available	not available	not available	diaPASEF	1	1	Acinar_SC_62_s1-f3_1_2495.d	v1.1.0	NT=ms-proteomics;VV=v1.1.0	NT=single-cell;VV=v1.0.0	NT=dia-acquisition;VV=v1.1.0	not available	manual curation	0.1% paraformaldehyde fixation, 24 h, with protease inhibitors
Acinar_SC_63_s1-f4_1_2496	NT=Mus musculus;AC=NCBITaxon:10090	NT=pancreas;AC=UBERON:0001264	NT=normal;AC=PATO:0000461	NT=pancreatic acinar cell;AC=CL:0002064	not applicable	not applicable	not applicable	0.1% paraformaldehyde fixation, 24 h, with protease inhibitors	NT=single cell;AC=PRIDE:0000897	cellenONE	Acinar_SC_63_s1-f4_1_2496	1	455	run 455	proteomic profiling by mass spectrometry	data-independent acquisition	NT=timsTOF SCP;AC=MS:1003231	NT=label free sample;AC=MS:1002038	NT=Trypsin;AC=MS:1001251	not applicable	not applicable	not applicable	NT=collision-induced dissociation;AC=MS:1000133	not available	not available	not available	not available	not available	not available	diaPASEF	1	1	Acinar_SC_63_s1-f4_1_2496.d	v1.1.0	NT=ms-proteomics;VV=v1.1.0	NT=single-cell;VV=v1.0.0	NT=dia-acquisition;VV=v1.1.0	not available	manual curation	0.1% paraformaldehyde fixation, 24 h, with protease inhibitors
Acinar_SC_64_s1-f5_1_2497	NT=Mus musculus;AC=NCBITaxon:10090	NT=pancreas;AC=UBERON:0001264	NT=normal;AC=PATO:0000461	NT=pancreatic acinar cell;AC=CL:0002064	not applicable	not applicable	not applicable	0.1% paraformaldehyde fixation, 24 h, with protease inhibitors	NT=single cell;AC=PRIDE:0000897	cellenONE	Acinar_SC_64_s1-f5_1_2497	1	456	run 456	proteomic profiling by mass spectrometry	data-independent acquisition	NT=timsTOF SCP;AC=MS:1003231	NT=label free sample;AC=MS:1002038	NT=Trypsin;AC=MS:1001251	not applicable	not applicable	not applicable	NT=collision-induced dissociation;AC=MS:1000133	not available	not available	not available	not available	not available	not available	diaPASEF	1	1	Acinar_SC_64_s1-f5_1_2497.d	v1.1.0	NT=ms-proteomics;VV=v1.1.0	NT=single-cell;VV=v1.0.0	NT=dia-acquisition;VV=v1.1.0	not available	manual curation	0.1% paraformaldehyde fixation, 24 h, with protease inhibitors
Acinar_SC_65_s1-f6_1_2498	NT=Mus musculus;AC=NCBITaxon:10090	NT=pancreas;AC=UBERON:0001264	NT=normal;AC=PATO:0000461	NT=pancreatic acinar cell;AC=CL:0002064	not applicable	not applicable	not applicable	0.1% paraformaldehyde fixation, 24 h, with protease inhibitors	NT=single cell;AC=PRIDE:0000897	cellenONE	Acinar_SC_65_s1-f6_1_2498	1	457	run 457	proteomic profiling by mass spectrometry	data-independent acquisition	NT=timsTOF SCP;AC=MS:1003231	NT=label free sample;AC=MS:1002038	NT=Trypsin;AC=MS:1001251	not applicable	not applicable	not applicable	NT=collision-induced dissociation;AC=MS:1000133	not available	not available	not available	not available	not available	not available	diaPASEF	1	1	Acinar_SC_65_s1-f6_1_2498.d	v1.1.0	NT=ms-proteomics;VV=v1.1.0	NT=single-cell;VV=v1.0.0	NT=dia-acquisition;VV=v1.1.0	not available	manual curation	0.1% paraformaldehyde fixation, 24 h, with protease inhibitors
Acinar_SC_66_s1-f7_1_2499	NT=Mus musculus;AC=NCBITaxon:10090	NT=pancreas;AC=UBERON:0001264	NT=normal;AC=PATO:0000461	NT=pancreatic acinar cell;AC=CL:0002064	not applicable	not applicable	not applicable	0.1% paraformaldehyde fixation, 24 h, with protease inhibitors	NT=single cell;AC=PRIDE:0000897	cellenONE	Acinar_SC_66_s1-f7_1_2499	1	458	run 458	proteomic profiling by mass spectrometry	data-independent acquisition	NT=timsTOF SCP;AC=MS:1003231	NT=label free sample;AC=MS:1002038	NT=Trypsin;AC=MS:1001251	not applicable	not applicable	not applicable	NT=collision-induced dissociation;AC=MS:1000133	not available	not available	not available	not available	not available	not available	diaPASEF	1	1	Acinar_SC_66_s1-f7_1_2499.d	v1.1.0	NT=ms-proteomics;VV=v1.1.0	NT=single-cell;VV=v1.0.0	NT=dia-acquisition;VV=v1.1.0	not available	manual curation	0.1% paraformaldehyde fixation, 24 h, with protease inhibitors
Acinar_SC_67_s1-f8_1_2500	NT=Mus musculus;AC=NCBITaxon:10090	NT=pancreas;AC=UBERON:0001264	NT=normal;AC=PATO:0000461	NT=pancreatic acinar cell;AC=CL:0002064	not applicable	not applicable	not applicable	0.1% paraformaldehyde fixation, 24 h, with protease inhibitors	NT=single cell;AC=PRIDE:0000897	cellenONE	Acinar_SC_67_s1-f8_1_2500	1	459	run 459	proteomic profiling by mass spectrometry	data-independent acquisition	NT=timsTOF SCP;AC=MS:1003231	NT=label free sample;AC=MS:1002038	NT=Trypsin;AC=MS:1001251	not applicable	not applicable	not applicable	NT=collision-induced dissociation;AC=MS:1000133	not available	not available	not available	not available	not available	not available	diaPASEF	1	1	Acinar_SC_67_s1-f8_1_2500.d	v1.1.0	NT=ms-proteomics;VV=v1.1.0	NT=single-cell;VV=v1.0.0	NT=dia-acquisition;VV=v1.1.0	not available	manual curation	0.1% paraformaldehyde fixation, 24 h, with protease inhibitors
Acinar_SC_68_s1-f9_1_2501	NT=Mus musculus;AC=NCBITaxon:10090	NT=pancreas;AC=UBERON:0001264	NT=normal;AC=PATO:0000461	NT=pancreatic acinar cell;AC=CL:0002064	not applicable	not applicable	not applicable	0.1% paraformaldehyde fixation, 24 h, with protease inhibitors	NT=single cell;AC=PRIDE:0000897	cellenONE	Acinar_SC_68_s1-f9_1_2501	1	460	run 460	proteomic profiling by mass spectrometry	data-independent acquisition	NT=timsTOF SCP;AC=MS:1003231	NT=label free sample;AC=MS:1002038	NT=Trypsin;AC=MS:1001251	not applicable	not applicable	not applicable	NT=collision-induced dissociation;AC=MS:1000133	not available	not available	not available	not available	not available	not available	diaPASEF	1	1	Acinar_SC_68_s1-f9_1_2501.d	v1.1.0	NT=ms-proteomics;VV=v1.1.0	NT=single-cell;VV=v1.0.0	NT=dia-acquisition;VV=v1.1.0	not available	manual curation	0.1% paraformaldehyde fixation, 24 h, with protease inhibitors
Acinar_SC_69_s1-f10_1_2502	NT=Mus musculus;AC=NCBITaxon:10090	NT=pancreas;AC=UBERON:0001264	NT=normal;AC=PATO:0000461	NT=pancreatic acinar cell;AC=CL:0002064	not applicable	not applicable	not applicable	0.1% paraformaldehyde fixation, 24 h, with protease inhibitors	NT=single cell;AC=PRIDE:0000897	cellenONE	Acinar_SC_69_s1-f10_1_2502	1	461	run 461	proteomic profiling by mass spectrometry	data-independent acquisition	NT=timsTOF SCP;AC=MS:1003231	NT=label free sample;AC=MS:1002038	NT=Trypsin;AC=MS:1001251	not applicable	not applicable	not applicable	NT=collision-induced dissociation;AC=MS:1000133	not available	not available	not available	not available	not available	not available	diaPASEF	1	1	Acinar_SC_69_s1-f10_1_2502.d	v1.1.0	NT=ms-proteomics;VV=v1.1.0	NT=single-cell;VV=v1.0.0	NT=dia-acquisition;VV=v1.1.0	not available	manual curation	0.1% paraformaldehyde fixation, 24 h, with protease inhibitors
Acinar_SC_6_s1-a7_1_2439	NT=Mus musculus;AC=NCBITaxon:10090	NT=pancreas;AC=UBERON:0001264	NT=normal;AC=PATO:0000461	NT=pancreatic acinar cell;AC=CL:0002064	not applicable	not applicable	not applicable	0.1% paraformaldehyde fixation, 24 h, with protease inhibitors	NT=single cell;AC=PRIDE:0000897	cellenONE	Acinar_SC_6_s1-a7_1_2439	1	462	run 462	proteomic profiling by mass spectrometry	data-independent acquisition	NT=timsTOF SCP;AC=MS:1003231	NT=label free sample;AC=MS:1002038	NT=Trypsin;AC=MS:1001251	not applicable	not applicable	not applicable	NT=collision-induced dissociation;AC=MS:1000133	not available	not available	not available	not available	not available	not available	diaPASEF	1	1	Acinar_SC_6_s1-a7_1_2439.d	v1.1.0	NT=ms-proteomics;VV=v1.1.0	NT=single-cell;VV=v1.0.0	NT=dia-acquisition;VV=v1.1.0	not available	manual curation	0.1% paraformaldehyde fixation, 24 h, with protease inhibitors
Acinar_SC_70_s1-f11_1_2503	NT=Mus musculus;AC=NCBITaxon:10090	NT=pancreas;AC=UBERON:0001264	NT=normal;AC=PATO:0000461	NT=pancreatic acinar cell;AC=CL:0002064	not applicable	not applicable	not applicable	0.1% paraformaldehyde fixation, 24 h, with protease inhibitors	NT=single cell;AC=PRIDE:0000897	cellenONE	Acinar_SC_70_s1-f11_1_2503	1	463	run 463	proteomic profiling by mass spectrometry	data-independent acquisition	NT=timsTOF SCP;AC=MS:1003231	NT=label free sample;AC=MS:1002038	NT=Trypsin;AC=MS:1001251	not applicable	not applicable	not applicable	NT=collision-induced dissociation;AC=MS:1000133	not available	not available	not available	not available	not available	not available	diaPASEF	1	1	Acinar_SC_70_s1-f11_1_2503.d	v1.1.0	NT=ms-proteomics;VV=v1.1.0	NT=single-cell;VV=v1.0.0	NT=dia-acquisition;VV=v1.1.0	not available	manual curation	0.1% paraformaldehyde fixation, 24 h, with protease inhibitors
Acinar_SC_71_s1-f12_1_2504	NT=Mus musculus;AC=NCBITaxon:10090	NT=pancreas;AC=UBERON:0001264	NT=normal;AC=PATO:0000461	NT=pancreatic acinar cell;AC=CL:0002064	not applicable	not applicable	not applicable	0.1% paraformaldehyde fixation, 24 h, with protease inhibitors	NT=single cell;AC=PRIDE:0000897	cellenONE	Acinar_SC_71_s1-f12_1_2504	1	464	run 464	proteomic profiling by mass spectrometry	data-independent acquisition	NT=timsTOF SCP;AC=MS:1003231	NT=label free sample;AC=MS:1002038	NT=Trypsin;AC=MS:1001251	not applicable	not applicable	not applicable	NT=collision-induced dissociation;AC=MS:1000133	not available	not available	not available	not available	not available	not available	diaPASEF	1	1	Acinar_SC_71_s1-f12_1_2504.d	v1.1.0	NT=ms-proteomics;VV=v1.1.0	NT=single-cell;VV=v1.0.0	NT=dia-acquisition;VV=v1.1.0	not available	manual curation	0.1% paraformaldehyde fixation, 24 h, with protease inhibitors
Acinar_SC_72_s1-g1_1_2505	NT=Mus musculus;AC=NCBITaxon:10090	NT=pancreas;AC=UBERON:0001264	NT=normal;AC=PATO:0000461	NT=pancreatic acinar cell;AC=CL:0002064	not applicable	not applicable	not applicable	0.1% paraformaldehyde fixation, 24 h, with protease inhibitors	NT=single cell;AC=PRIDE:0000897	cellenONE	Acinar_SC_72_s1-g1_1_2505	1	465	run 465	proteomic profiling by mass spectrometry	data-independent acquisition	NT=timsTOF SCP;AC=MS:1003231	NT=label free sample;AC=MS:1002038	NT=Trypsin;AC=MS:1001251	not applicable	not applicable	not applicable	NT=collision-induced dissociation;AC=MS:1000133	not available	not available	not available	not available	not available	not available	diaPASEF	1	1	Acinar_SC_72_s1-g1_1_2505.d	v1.1.0	NT=ms-proteomics;VV=v1.1.0	NT=single-cell;VV=v1.0.0	NT=dia-acquisition;VV=v1.1.0	not available	manual curation	0.1% paraformaldehyde fixation, 24 h, with protease inhibitors
Acinar_SC_73_s1-g2_1_2506	NT=Mus musculus;AC=NCBITaxon:10090	NT=pancreas;AC=UBERON:0001264	NT=normal;AC=PATO:0000461	NT=pancreatic acinar cell;AC=CL:0002064	not applicable	not applicable	not applicable	0.1% paraformaldehyde fixation, 24 h, with protease inhibitors	NT=single cell;AC=PRIDE:0000897	cellenONE	Acinar_SC_73_s1-g2_1_2506	1	466	run 466	proteomic profiling by mass spectrometry	data-independent acquisition	NT=timsTOF SCP;AC=MS:1003231	NT=label free sample;AC=MS:1002038	NT=Trypsin;AC=MS:1001251	not applicable	not applicable	not applicable	NT=collision-induced dissociation;AC=MS:1000133	not available	not available	not available	not available	not available	not available	diaPASEF	1	1	Acinar_SC_73_s1-g2_1_2506.d	v1.1.0	NT=ms-proteomics;VV=v1.1.0	NT=single-cell;VV=v1.0.0	NT=dia-acquisition;VV=v1.1.0	not available	manual curation	0.1% paraformaldehyde fixation, 24 h, with protease inhibitors
Acinar_SC_74_s1-g3_1_2507	NT=Mus musculus;AC=NCBITaxon:10090	NT=pancreas;AC=UBERON:0001264	NT=normal;AC=PATO:0000461	NT=pancreatic acinar cell;AC=CL:0002064	not applicable	not applicable	not applicable	0.1% paraformaldehyde fixation, 24 h, with protease inhibitors	NT=single cell;AC=PRIDE:0000897	cellenONE	Acinar_SC_74_s1-g3_1_2507	1	467	run 467	proteomic profiling by mass spectrometry	data-independent acquisition	NT=timsTOF SCP;AC=MS:1003231	NT=label free sample;AC=MS:1002038	NT=Trypsin;AC=MS:1001251	not applicable	not applicable	not applicable	NT=collision-induced dissociation;AC=MS:1000133	not available	not available	not available	not available	not available	not available	diaPASEF	1	1	Acinar_SC_74_s1-g3_1_2507.d	v1.1.0	NT=ms-proteomics;VV=v1.1.0	NT=single-cell;VV=v1.0.0	NT=dia-acquisition;VV=v1.1.0	not available	manual curation	0.1% paraformaldehyde fixation, 24 h, with protease inhibitors
Acinar_SC_75_s1-g4_1_2508	NT=Mus musculus;AC=NCBITaxon:10090	NT=pancreas;AC=UBERON:0001264	NT=normal;AC=PATO:0000461	NT=pancreatic acinar cell;AC=CL:0002064	not applicable	not applicable	not applicable	0.1% paraformaldehyde fixation, 24 h, with protease inhibitors	NT=single cell;AC=PRIDE:0000897	cellenONE	Acinar_SC_75_s1-g4_1_2508	1	468	run 468	proteomic profiling by mass spectrometry	data-independent acquisition	NT=timsTOF SCP;AC=MS:1003231	NT=label free sample;AC=MS:1002038	NT=Trypsin;AC=MS:1001251	not applicable	not applicable	not applicable	NT=collision-induced dissociation;AC=MS:1000133	not available	not available	not available	not available	not available	not available	diaPASEF	1	1	Acinar_SC_75_s1-g4_1_2508.d	v1.1.0	NT=ms-proteomics;VV=v1.1.0	NT=single-cell;VV=v1.0.0	NT=dia-acquisition;VV=v1.1.0	not available	manual curation	0.1% paraformaldehyde fixation, 24 h, with protease inhibitors
Acinar_SC_76_s1-g5_1_2509	NT=Mus musculus;AC=NCBITaxon:10090	NT=pancreas;AC=UBERON:0001264	NT=normal;AC=PATO:0000461	NT=pancreatic acinar cell;AC=CL:0002064	not applicable	not applicable	not applicable	0.1% paraformaldehyde fixation, 24 h, with protease inhibitors	NT=single cell;AC=PRIDE:0000897	cellenONE	Acinar_SC_76_s1-g5_1_2509	1	469	run 469	proteomic profiling by mass spectrometry	data-independent acquisition	NT=timsTOF SCP;AC=MS:1003231	NT=label free sample;AC=MS:1002038	NT=Trypsin;AC=MS:1001251	not applicable	not applicable	not applicable	NT=collision-induced dissociation;AC=MS:1000133	not available	not available	not available	not available	not available	not available	diaPASEF	1	1	Acinar_SC_76_s1-g5_1_2509.d	v1.1.0	NT=ms-proteomics;VV=v1.1.0	NT=single-cell;VV=v1.0.0	NT=dia-acquisition;VV=v1.1.0	not available	manual curation	0.1% paraformaldehyde fixation, 24 h, with protease inhibitors
Acinar_SC_77_s1-g6_1_2510	NT=Mus musculus;AC=NCBITaxon:10090	NT=pancreas;AC=UBERON:0001264	NT=normal;AC=PATO:0000461	NT=pancreatic acinar cell;AC=CL:0002064	not applicable	not applicable	not applicable	0.1% paraformaldehyde fixation, 24 h, with protease inhibitors	NT=single cell;AC=PRIDE:0000897	cellenONE	Acinar_SC_77_s1-g6_1_2510	1	470	run 470	proteomic profiling by mass spectrometry	data-independent acquisition	NT=timsTOF SCP;AC=MS:1003231	NT=label free sample;AC=MS:1002038	NT=Trypsin;AC=MS:1001251	not applicable	not applicable	not applicable	NT=collision-induced dissociation;AC=MS:1000133	not available	not available	not available	not available	not available	not available	diaPASEF	1	1	Acinar_SC_77_s1-g6_1_2510.d	v1.1.0	NT=ms-proteomics;VV=v1.1.0	NT=single-cell;VV=v1.0.0	NT=dia-acquisition;VV=v1.1.0	not available	manual curation	0.1% paraformaldehyde fixation, 24 h, with protease inhibitors
Acinar_SC_78_s1-g7_1_2511	NT=Mus musculus;AC=NCBITaxon:10090	NT=pancreas;AC=UBERON:0001264	NT=normal;AC=PATO:0000461	NT=pancreatic acinar cell;AC=CL:0002064	not applicable	not applicable	not applicable	0.1% paraformaldehyde fixation, 24 h, with protease inhibitors	NT=single cell;AC=PRIDE:0000897	cellenONE	Acinar_SC_78_s1-g7_1_2511	1	471	run 471	proteomic profiling by mass spectrometry	data-independent acquisition	NT=timsTOF SCP;AC=MS:1003231	NT=label free sample;AC=MS:1002038	NT=Trypsin;AC=MS:1001251	not applicable	not applicable	not applicable	NT=collision-induced dissociation;AC=MS:1000133	not available	not available	not available	not available	not available	not available	diaPASEF	1	1	Acinar_SC_78_s1-g7_1_2511.d	v1.1.0	NT=ms-proteomics;VV=v1.1.0	NT=single-cell;VV=v1.0.0	NT=dia-acquisition;VV=v1.1.0	not available	manual curation	0.1% paraformaldehyde fixation, 24 h, with protease inhibitors
Acinar_SC_79_s1-g8_1_2512	NT=Mus musculus;AC=NCBITaxon:10090	NT=pancreas;AC=UBERON:0001264	NT=normal;AC=PATO:0000461	NT=pancreatic acinar cell;AC=CL:0002064	not applicable	not applicable	not applicable	0.1% paraformaldehyde fixation, 24 h, with protease inhibitors	NT=single cell;AC=PRIDE:0000897	cellenONE	Acinar_SC_79_s1-g8_1_2512	1	472	run 472	proteomic profiling by mass spectrometry	data-independent acquisition	NT=timsTOF SCP;AC=MS:1003231	NT=label free sample;AC=MS:1002038	NT=Trypsin;AC=MS:1001251	not applicable	not applicable	not applicable	NT=collision-induced dissociation;AC=MS:1000133	not available	not available	not available	not available	not available	not available	diaPASEF	1	1	Acinar_SC_79_s1-g8_1_2512.d	v1.1.0	NT=ms-proteomics;VV=v1.1.0	NT=single-cell;VV=v1.0.0	NT=dia-acquisition;VV=v1.1.0	not available	manual curation	0.1% paraformaldehyde fixation, 24 h, with protease inhibitors
Acinar_SC_7_s1-a8_1_2440	NT=Mus musculus;AC=NCBITaxon:10090	NT=pancreas;AC=UBERON:0001264	NT=normal;AC=PATO:0000461	NT=pancreatic acinar cell;AC=CL:0002064	not applicable	not applicable	not applicable	0.1% paraformaldehyde fixation, 24 h, with protease inhibitors	NT=single cell;AC=PRIDE:0000897	cellenONE	Acinar_SC_7_s1-a8_1_2440	1	473	run 473	proteomic profiling by mass spectrometry	data-independent acquisition	NT=timsTOF SCP;AC=MS:1003231	NT=label free sample;AC=MS:1002038	NT=Trypsin;AC=MS:1001251	not applicable	not applicable	not applicable	NT=collision-induced dissociation;AC=MS:1000133	not available	not available	not available	not available	not available	not available	diaPASEF	1	1	Acinar_SC_7_s1-a8_1_2440.d	v1.1.0	NT=ms-proteomics;VV=v1.1.0	NT=single-cell;VV=v1.0.0	NT=dia-acquisition;VV=v1.1.0	not available	manual curation	0.1% paraformaldehyde fixation, 24 h, with protease inhibitors
Acinar_SC_80_s1-g9_1_2513	NT=Mus musculus;AC=NCBITaxon:10090	NT=pancreas;AC=UBERON:0001264	NT=normal;AC=PATO:0000461	NT=pancreatic acinar cell;AC=CL:0002064	not applicable	not applicable	not applicable	0.1% paraformaldehyde fixation, 24 h, with protease inhibitors	NT=single cell;AC=PRIDE:0000897	cellenONE	Acinar_SC_80_s1-g9_1_2513	1	474	run 474	proteomic profiling by mass spectrometry	data-independent acquisition	NT=timsTOF SCP;AC=MS:1003231	NT=label free sample;AC=MS:1002038	NT=Trypsin;AC=MS:1001251	not applicable	not applicable	not applicable	NT=collision-induced dissociation;AC=MS:1000133	not available	not available	not available	not available	not available	not available	diaPASEF	1	1	Acinar_SC_80_s1-g9_1_2513.d	v1.1.0	NT=ms-proteomics;VV=v1.1.0	NT=single-cell;VV=v1.0.0	NT=dia-acquisition;VV=v1.1.0	not available	manual curation	0.1% paraformaldehyde fixation, 24 h, with protease inhibitors
Acinar_SC_81_s1-g10_1_2514	NT=Mus musculus;AC=NCBITaxon:10090	NT=pancreas;AC=UBERON:0001264	NT=normal;AC=PATO:0000461	NT=pancreatic acinar cell;AC=CL:0002064	not applicable	not applicable	not applicable	0.1% paraformaldehyde fixation, 24 h, with protease inhibitors	NT=single cell;AC=PRIDE:0000897	cellenONE	Acinar_SC_81_s1-g10_1_2514	1	475	run 475	proteomic profiling by mass spectrometry	data-independent acquisition	NT=timsTOF SCP;AC=MS:1003231	NT=label free sample;AC=MS:1002038	NT=Trypsin;AC=MS:1001251	not applicable	not applicable	not applicable	NT=collision-induced dissociation;AC=MS:1000133	not available	not available	not available	not available	not available	not available	diaPASEF	1	1	Acinar_SC_81_s1-g10_1_2514.d	v1.1.0	NT=ms-proteomics;VV=v1.1.0	NT=single-cell;VV=v1.0.0	NT=dia-acquisition;VV=v1.1.0	not available	manual curation	0.1% paraformaldehyde fixation, 24 h, with protease inhibitors
Acinar_SC_82_s1-g11_1_2515	NT=Mus musculus;AC=NCBITaxon:10090	NT=pancreas;AC=UBERON:0001264	NT=normal;AC=PATO:0000461	NT=pancreatic acinar cell;AC=CL:0002064	not applicable	not applicable	not applicable	0.1% paraformaldehyde fixation, 24 h, with protease inhibitors	NT=single cell;AC=PRIDE:0000897	cellenONE	Acinar_SC_82_s1-g11_1_2515	1	476	run 476	proteomic profiling by mass spectrometry	data-independent acquisition	NT=timsTOF SCP;AC=MS:1003231	NT=label free sample;AC=MS:1002038	NT=Trypsin;AC=MS:1001251	not applicable	not applicable	not applicable	NT=collision-induced dissociation;AC=MS:1000133	not available	not available	not available	not available	not available	not available	diaPASEF	1	1	Acinar_SC_82_s1-g11_1_2515.d	v1.1.0	NT=ms-proteomics;VV=v1.1.0	NT=single-cell;VV=v1.0.0	NT=dia-acquisition;VV=v1.1.0	not available	manual curation	0.1% paraformaldehyde fixation, 24 h, with protease inhibitors
Acinar_SC_83_s1-g12_1_2516	NT=Mus musculus;AC=NCBITaxon:10090	NT=pancreas;AC=UBERON:0001264	NT=normal;AC=PATO:0000461	NT=pancreatic acinar cell;AC=CL:0002064	not applicable	not applicable	not applicable	0.1% paraformaldehyde fixation, 24 h, with protease inhibitors	NT=single cell;AC=PRIDE:0000897	cellenONE	Acinar_SC_83_s1-g12_1_2516	1	477	run 477	proteomic profiling by mass spectrometry	data-independent acquisition	NT=timsTOF SCP;AC=MS:1003231	NT=label free sample;AC=MS:1002038	NT=Trypsin;AC=MS:1001251	not applicable	not applicable	not applicable	NT=collision-induced dissociation;AC=MS:1000133	not available	not available	not available	not available	not available	not available	diaPASEF	1	1	Acinar_SC_83_s1-g12_1_2516.d	v1.1.0	NT=ms-proteomics;VV=v1.1.0	NT=single-cell;VV=v1.0.0	NT=dia-acquisition;VV=v1.1.0	not available	manual curation	0.1% paraformaldehyde fixation, 24 h, with protease inhibitors
Acinar_SC_84_s1-h1_1_2517	NT=Mus musculus;AC=NCBITaxon:10090	NT=pancreas;AC=UBERON:0001264	NT=normal;AC=PATO:0000461	NT=pancreatic acinar cell;AC=CL:0002064	not applicable	not applicable	not applicable	0.1% paraformaldehyde fixation, 24 h, with protease inhibitors	NT=single cell;AC=PRIDE:0000897	cellenONE	Acinar_SC_84_s1-h1_1_2517	1	478	run 478	proteomic profiling by mass spectrometry	data-independent acquisition	NT=timsTOF SCP;AC=MS:1003231	NT=label free sample;AC=MS:1002038	NT=Trypsin;AC=MS:1001251	not applicable	not applicable	not applicable	NT=collision-induced dissociation;AC=MS:1000133	not available	not available	not available	not available	not available	not available	diaPASEF	1	1	Acinar_SC_84_s1-h1_1_2517.d	v1.1.0	NT=ms-proteomics;VV=v1.1.0	NT=single-cell;VV=v1.0.0	NT=dia-acquisition;VV=v1.1.0	not available	manual curation	0.1% paraformaldehyde fixation, 24 h, with protease inhibitors
Acinar_SC_85_s1-h2_1_2518	NT=Mus musculus;AC=NCBITaxon:10090	NT=pancreas;AC=UBERON:0001264	NT=normal;AC=PATO:0000461	NT=pancreatic acinar cell;AC=CL:0002064	not applicable	not applicable	not applicable	0.1% paraformaldehyde fixation, 24 h, with protease inhibitors	NT=single cell;AC=PRIDE:0000897	cellenONE	Acinar_SC_85_s1-h2_1_2518	1	479	run 479	proteomic profiling by mass spectrometry	data-independent acquisition	NT=timsTOF SCP;AC=MS:1003231	NT=label free sample;AC=MS:1002038	NT=Trypsin;AC=MS:1001251	not applicable	not applicable	not applicable	NT=collision-induced dissociation;AC=MS:1000133	not available	not available	not available	not available	not available	not available	diaPASEF	1	1	Acinar_SC_85_s1-h2_1_2518.d	v1.1.0	NT=ms-proteomics;VV=v1.1.0	NT=single-cell;VV=v1.0.0	NT=dia-acquisition;VV=v1.1.0	not available	manual curation	0.1% paraformaldehyde fixation, 24 h, with protease inhibitors
Acinar_SC_86_s1-h3_1_2519	NT=Mus musculus;AC=NCBITaxon:10090	NT=pancreas;AC=UBERON:0001264	NT=normal;AC=PATO:0000461	NT=pancreatic acinar cell;AC=CL:0002064	not applicable	not applicable	not applicable	0.1% paraformaldehyde fixation, 24 h, with protease inhibitors	NT=single cell;AC=PRIDE:0000897	cellenONE	Acinar_SC_86_s1-h3_1_2519	1	480	run 480	proteomic profiling by mass spectrometry	data-independent acquisition	NT=timsTOF SCP;AC=MS:1003231	NT=label free sample;AC=MS:1002038	NT=Trypsin;AC=MS:1001251	not applicable	not applicable	not applicable	NT=collision-induced dissociation;AC=MS:1000133	not available	not available	not available	not available	not available	not available	diaPASEF	1	1	Acinar_SC_86_s1-h3_1_2519.d	v1.1.0	NT=ms-proteomics;VV=v1.1.0	NT=single-cell;VV=v1.0.0	NT=dia-acquisition;VV=v1.1.0	not available	manual curation	0.1% paraformaldehyde fixation, 24 h, with protease inhibitors
Acinar_SC_87_s1-h4_1_2520	NT=Mus musculus;AC=NCBITaxon:10090	NT=pancreas;AC=UBERON:0001264	NT=normal;AC=PATO:0000461	NT=pancreatic acinar cell;AC=CL:0002064	not applicable	not applicable	not applicable	0.1% paraformaldehyde fixation, 24 h, with protease inhibitors	NT=single cell;AC=PRIDE:0000897	cellenONE	Acinar_SC_87_s1-h4_1_2520	1	481	run 481	proteomic profiling by mass spectrometry	data-independent acquisition	NT=timsTOF SCP;AC=MS:1003231	NT=label free sample;AC=MS:1002038	NT=Trypsin;AC=MS:1001251	not applicable	not applicable	not applicable	NT=collision-induced dissociation;AC=MS:1000133	not available	not available	not available	not available	not available	not available	diaPASEF	1	1	Acinar_SC_87_s1-h4_1_2520.d	v1.1.0	NT=ms-proteomics;VV=v1.1.0	NT=single-cell;VV=v1.0.0	NT=dia-acquisition;VV=v1.1.0	not available	manual curation	0.1% paraformaldehyde fixation, 24 h, with protease inhibitors
Acinar_SC_88_s1-h5_1_2521	NT=Mus musculus;AC=NCBITaxon:10090	NT=pancreas;AC=UBERON:0001264	NT=normal;AC=PATO:0000461	NT=pancreatic acinar cell;AC=CL:0002064	not applicable	not applicable	not applicable	0.1% paraformaldehyde fixation, 24 h, with protease inhibitors	NT=single cell;AC=PRIDE:0000897	cellenONE	Acinar_SC_88_s1-h5_1_2521	1	482	run 482	proteomic profiling by mass spectrometry	data-independent acquisition	NT=timsTOF SCP;AC=MS:1003231	NT=label free sample;AC=MS:1002038	NT=Trypsin;AC=MS:1001251	not applicable	not applicable	not applicable	NT=collision-induced dissociation;AC=MS:1000133	not available	not available	not available	not available	not available	not available	diaPASEF	1	1	Acinar_SC_88_s1-h5_1_2521.d	v1.1.0	NT=ms-proteomics;VV=v1.1.0	NT=single-cell;VV=v1.0.0	NT=dia-acquisition;VV=v1.1.0	not available	manual curation	0.1% paraformaldehyde fixation, 24 h, with protease inhibitors
Acinar_SC_89_s1-h6_1_2522	NT=Mus musculus;AC=NCBITaxon:10090	NT=pancreas;AC=UBERON:0001264	NT=normal;AC=PATO:0000461	NT=pancreatic acinar cell;AC=CL:0002064	not applicable	not applicable	not applicable	0.1% paraformaldehyde fixation, 24 h, with protease inhibitors	NT=single cell;AC=PRIDE:0000897	cellenONE	Acinar_SC_89_s1-h6_1_2522	1	483	run 483	proteomic profiling by mass spectrometry	data-independent acquisition	NT=timsTOF SCP;AC=MS:1003231	NT=label free sample;AC=MS:1002038	NT=Trypsin;AC=MS:1001251	not applicable	not applicable	not applicable	NT=collision-induced dissociation;AC=MS:1000133	not available	not available	not available	not available	not available	not available	diaPASEF	1	1	Acinar_SC_89_s1-h6_1_2522.d	v1.1.0	NT=ms-proteomics;VV=v1.1.0	NT=single-cell;VV=v1.0.0	NT=dia-acquisition;VV=v1.1.0	not available	manual curation	0.1% paraformaldehyde fixation, 24 h, with protease inhibitors
Acinar_SC_8_s1-a9_1_2441	NT=Mus musculus;AC=NCBITaxon:10090	NT=pancreas;AC=UBERON:0001264	NT=normal;AC=PATO:0000461	NT=pancreatic acinar cell;AC=CL:0002064	not applicable	not applicable	not applicable	0.1% paraformaldehyde fixation, 24 h, with protease inhibitors	NT=single cell;AC=PRIDE:0000897	cellenONE	Acinar_SC_8_s1-a9_1_2441	1	484	run 484	proteomic profiling by mass spectrometry	data-independent acquisition	NT=timsTOF SCP;AC=MS:1003231	NT=label free sample;AC=MS:1002038	NT=Trypsin;AC=MS:1001251	not applicable	not applicable	not applicable	NT=collision-induced dissociation;AC=MS:1000133	not available	not available	not available	not available	not available	not available	diaPASEF	1	1	Acinar_SC_8_s1-a9_1_2441.d	v1.1.0	NT=ms-proteomics;VV=v1.1.0	NT=single-cell;VV=v1.0.0	NT=dia-acquisition;VV=v1.1.0	not available	manual curation	0.1% paraformaldehyde fixation, 24 h, with protease inhibitors
Acinar_SC_90_s1-h7_1_2523	NT=Mus musculus;AC=NCBITaxon:10090	NT=pancreas;AC=UBERON:0001264	NT=normal;AC=PATO:0000461	NT=pancreatic acinar cell;AC=CL:0002064	not applicable	not applicable	not applicable	0.1% paraformaldehyde fixation, 24 h, with protease inhibitors	NT=single cell;AC=PRIDE:0000897	cellenONE	Acinar_SC_90_s1-h7_1_2523	1	485	run 485	proteomic profiling by mass spectrometry	data-independent acquisition	NT=timsTOF SCP;AC=MS:1003231	NT=label free sample;AC=MS:1002038	NT=Trypsin;AC=MS:1001251	not applicable	not applicable	not applicable	NT=collision-induced dissociation;AC=MS:1000133	not available	not available	not available	not available	not available	not available	diaPASEF	1	1	Acinar_SC_90_s1-h7_1_2523.d	v1.1.0	NT=ms-proteomics;VV=v1.1.0	NT=single-cell;VV=v1.0.0	NT=dia-acquisition;VV=v1.1.0	not available	manual curation	0.1% paraformaldehyde fixation, 24 h, with protease inhibitors
Acinar_SC_91_s1-h8_1_2524	NT=Mus musculus;AC=NCBITaxon:10090	NT=pancreas;AC=UBERON:0001264	NT=normal;AC=PATO:0000461	NT=pancreatic acinar cell;AC=CL:0002064	not applicable	not applicable	not applicable	0.1% paraformaldehyde fixation, 24 h, with protease inhibitors	NT=single cell;AC=PRIDE:0000897	cellenONE	Acinar_SC_91_s1-h8_1_2524	1	486	run 486	proteomic profiling by mass spectrometry	data-independent acquisition	NT=timsTOF SCP;AC=MS:1003231	NT=label free sample;AC=MS:1002038	NT=Trypsin;AC=MS:1001251	not applicable	not applicable	not applicable	NT=collision-induced dissociation;AC=MS:1000133	not available	not available	not available	not available	not available	not available	diaPASEF	1	1	Acinar_SC_91_s1-h8_1_2524.d	v1.1.0	NT=ms-proteomics;VV=v1.1.0	NT=single-cell;VV=v1.0.0	NT=dia-acquisition;VV=v1.1.0	not available	manual curation	0.1% paraformaldehyde fixation, 24 h, with protease inhibitors
Acinar_SC_92_s1-h9_1_2525	NT=Mus musculus;AC=NCBITaxon:10090	NT=pancreas;AC=UBERON:0001264	NT=normal;AC=PATO:0000461	NT=pancreatic acinar cell;AC=CL:0002064	not applicable	not applicable	not applicable	0.1% paraformaldehyde fixation, 24 h, with protease inhibitors	NT=single cell;AC=PRIDE:0000897	cellenONE	Acinar_SC_92_s1-h9_1_2525	1	487	run 487	proteomic profiling by mass spectrometry	data-independent acquisition	NT=timsTOF SCP;AC=MS:1003231	NT=label free sample;AC=MS:1002038	NT=Trypsin;AC=MS:1001251	not applicable	not applicable	not applicable	NT=collision-induced dissociation;AC=MS:1000133	not available	not available	not available	not available	not available	not available	diaPASEF	1	1	Acinar_SC_92_s1-h9_1_2525.d	v1.1.0	NT=ms-proteomics;VV=v1.1.0	NT=single-cell;VV=v1.0.0	NT=dia-acquisition;VV=v1.1.0	not available	manual curation	0.1% paraformaldehyde fixation, 24 h, with protease inhibitors
Acinar_SC_93_s1-h10_1_2526	NT=Mus musculus;AC=NCBITaxon:10090	NT=pancreas;AC=UBERON:0001264	NT=normal;AC=PATO:0000461	NT=pancreatic acinar cell;AC=CL:0002064	not applicable	not applicable	not applicable	0.1% paraformaldehyde fixation, 24 h, with protease inhibitors	NT=single cell;AC=PRIDE:0000897	cellenONE	Acinar_SC_93_s1-h10_1_2526	1	488	run 488	proteomic profiling by mass spectrometry	data-independent acquisition	NT=timsTOF SCP;AC=MS:1003231	NT=label free sample;AC=MS:1002038	NT=Trypsin;AC=MS:1001251	not applicable	not applicable	not applicable	NT=collision-induced dissociation;AC=MS:1000133	not available	not available	not available	not available	not available	not available	diaPASEF	1	1	Acinar_SC_93_s1-h10_1_2526.d	v1.1.0	NT=ms-proteomics;VV=v1.1.0	NT=single-cell;VV=v1.0.0	NT=dia-acquisition;VV=v1.1.0	not available	manual curation	0.1% paraformaldehyde fixation, 24 h, with protease inhibitors
Acinar_SC_94_s1-h11_1_2527	NT=Mus musculus;AC=NCBITaxon:10090	NT=pancreas;AC=UBERON:0001264	NT=normal;AC=PATO:0000461	NT=pancreatic acinar cell;AC=CL:0002064	not applicable	not applicable	not applicable	0.1% paraformaldehyde fixation, 24 h, with protease inhibitors	NT=single cell;AC=PRIDE:0000897	cellenONE	Acinar_SC_94_s1-h11_1_2527	1	489	run 489	proteomic profiling by mass spectrometry	data-independent acquisition	NT=timsTOF SCP;AC=MS:1003231	NT=label free sample;AC=MS:1002038	NT=Trypsin;AC=MS:1001251	not applicable	not applicable	not applicable	NT=collision-induced dissociation;AC=MS:1000133	not available	not available	not available	not available	not available	not available	diaPASEF	1	1	Acinar_SC_94_s1-h11_1_2527.d	v1.1.0	NT=ms-proteomics;VV=v1.1.0	NT=single-cell;VV=v1.0.0	NT=dia-acquisition;VV=v1.1.0	not available	manual curation	0.1% paraformaldehyde fixation, 24 h, with protease inhibitors
Acinar_SC_95_s1-h12_1_2528	NT=Mus musculus;AC=NCBITaxon:10090	NT=pancreas;AC=UBERON:0001264	NT=normal;AC=PATO:0000461	NT=pancreatic acinar cell;AC=CL:0002064	not applicable	not applicable	not applicable	0.1% paraformaldehyde fixation, 24 h, with protease inhibitors	NT=single cell;AC=PRIDE:0000897	cellenONE	Acinar_SC_95_s1-h12_1_2528	1	490	run 490	proteomic profiling by mass spectrometry	data-independent acquisition	NT=timsTOF SCP;AC=MS:1003231	NT=label free sample;AC=MS:1002038	NT=Trypsin;AC=MS:1001251	not applicable	not applicable	not applicable	NT=collision-induced dissociation;AC=MS:1000133	not available	not available	not available	not available	not available	not available	diaPASEF	1	1	Acinar_SC_95_s1-h12_1_2528.d	v1.1.0	NT=ms-proteomics;VV=v1.1.0	NT=single-cell;VV=v1.0.0	NT=dia-acquisition;VV=v1.1.0	not available	manual curation	0.1% paraformaldehyde fixation, 24 h, with protease inhibitors
Acinar_SC_9_s1-a10_1_2442	NT=Mus musculus;AC=NCBITaxon:10090	NT=pancreas;AC=UBERON:0001264	NT=normal;AC=PATO:0000461	NT=pancreatic acinar cell;AC=CL:0002064	not applicable	not applicable	not applicable	0.1% paraformaldehyde fixation, 24 h, with protease inhibitors	NT=single cell;AC=PRIDE:0000897	cellenONE	Acinar_SC_9_s1-a10_1_2442	1	491	run 491	proteomic profiling by mass spectrometry	data-independent acquisition	NT=timsTOF SCP;AC=MS:1003231	NT=label free sample;AC=MS:1002038	NT=Trypsin;AC=MS:1001251	not applicable	not applicable	not applicable	NT=collision-induced dissociation;AC=MS:1000133	not available	not available	not available	not available	not available	not available	diaPASEF	1	1	Acinar_SC_9_s1-a10_1_2442.d	v1.1.0	NT=ms-proteomics;VV=v1.1.0	NT=single-cell;VV=v1.0.0	NT=dia-acquisition;VV=v1.1.0	not available	manual curation	0.1% paraformaldehyde fixation, 24 h, with protease inhibitors
