source name	characteristics[organism]	characteristics[organism part]	characteristics[cell type]	characteristics[disease]	characteristics[cell line]	characteristics[cellosaurus accession]	characteristics[cellosaurus name]	characteristics[developmental stage]	characteristics[age]	characteristics[sex]	characteristics[ancestry category]	characteristics[culture medium]	characteristics[treatment]	characteristics[sample type]	characteristics[single cell isolation protocol]	characteristics[cell identifier]	characteristics[cells per well]	characteristics[pooled sample]	characteristics[biological replicate]	assay name	technology type	comment[instrument]	comment[label]	comment[modification parameters]	comment[cleavage agent details]	comment[cleavage agent details]	comment[proteomics data acquisition method]	comment[dissociation method]	comment[reduction reagent]	comment[alkylation reagent]	comment[precursor mass tolerance]	comment[fragment mass tolerance]	comment[scan window lower limit]	comment[scan window upper limit]	comment[isolation window width]	comment[dia method]	comment[fraction identifier]	comment[technical replicate]	comment[data file]	comment[sdrf version]	comment[sdrf template]	comment[sdrf template]	comment[sdrf template]	comment[sdrf template]	comment[sdrf template]	comment[sdrf annotation tool]	factor value[treatment]
PC3_parental_cell_A02	NT=Homo sapiens;AC=NCBITaxon:9606	NT=bone tissue;AC=UBERON:0002481	NT=epithelial cell;AC=CL:0000066	NT=prostate adenocarcinoma;AC=MONDO:0005082	NT=PC-3;AC=EFO:0002074	CVCL_0035	PC-3	NT=adult;AC=EFO:0001272	62Y	male	NT=European ancestry;AC=HANCESTRO:0005	NT=Roswell Park Memorial Institute 1640 Medium;AC=NCIT:C178973	not applicable	NT=single cell;AC=PRIDE:0000897	cellenONE	CONT_A02	1	not pooled	1	run 1	proteomic profiling by mass spectrometry	NT=Orbitrap Ascend;AC=MS:1003356	NT=label free sample;AC=MS:1002038	not applicable	NT=Trypsin;AC=MS:1001251	NT=Lys-C;AC=MS:1001309	Data-independent acquisition	NT=beam-type collision-induced dissociation;AC=MS:1000422	NT=Tris(2-carboxyethyl)phosphine (TCEP);AC=PRIDE:0000609	not applicable	10 ppm	10 ppm	380	780	25	not available	1	1	20240514_FAIMS_60SPD_PC3_CONT_SC_A02.raw	v1.1.0	NT=ms-proteomics;VV=v1.1.0	NT=human;VV=v1.1.0	NT=cell-lines;VV=v1.1.0	NT=single-cell;VV=v1.0.0	NT=dia-acquisition;VV=v1.1.0	manual curation	not applicable
PC3_parental_cell_A03	NT=Homo sapiens;AC=NCBITaxon:9606	NT=bone tissue;AC=UBERON:0002481	NT=epithelial cell;AC=CL:0000066	NT=prostate adenocarcinoma;AC=MONDO:0005082	NT=PC-3;AC=EFO:0002074	CVCL_0035	PC-3	NT=adult;AC=EFO:0001272	62Y	male	NT=European ancestry;AC=HANCESTRO:0005	NT=Roswell Park Memorial Institute 1640 Medium;AC=NCIT:C178973	not applicable	NT=single cell;AC=PRIDE:0000897	cellenONE	CONT_A03	1	not pooled	2	run 2	proteomic profiling by mass spectrometry	NT=Orbitrap Ascend;AC=MS:1003356	NT=label free sample;AC=MS:1002038	not applicable	NT=Trypsin;AC=MS:1001251	NT=Lys-C;AC=MS:1001309	Data-independent acquisition	NT=beam-type collision-induced dissociation;AC=MS:1000422	NT=Tris(2-carboxyethyl)phosphine (TCEP);AC=PRIDE:0000609	not applicable	10 ppm	10 ppm	380	780	25	not available	1	1	20240514_FAIMS_60SPD_PC3_CONT_SC_A03.raw	v1.1.0	NT=ms-proteomics;VV=v1.1.0	NT=human;VV=v1.1.0	NT=cell-lines;VV=v1.1.0	NT=single-cell;VV=v1.0.0	NT=dia-acquisition;VV=v1.1.0	manual curation	not applicable
PC3_parental_cell_A04	NT=Homo sapiens;AC=NCBITaxon:9606	NT=bone tissue;AC=UBERON:0002481	NT=epithelial cell;AC=CL:0000066	NT=prostate adenocarcinoma;AC=MONDO:0005082	NT=PC-3;AC=EFO:0002074	CVCL_0035	PC-3	NT=adult;AC=EFO:0001272	62Y	male	NT=European ancestry;AC=HANCESTRO:0005	NT=Roswell Park Memorial Institute 1640 Medium;AC=NCIT:C178973	not applicable	NT=single cell;AC=PRIDE:0000897	cellenONE	CONT_A04	1	not pooled	3	run 3	proteomic profiling by mass spectrometry	NT=Orbitrap Ascend;AC=MS:1003356	NT=label free sample;AC=MS:1002038	not applicable	NT=Trypsin;AC=MS:1001251	NT=Lys-C;AC=MS:1001309	Data-independent acquisition	NT=beam-type collision-induced dissociation;AC=MS:1000422	NT=Tris(2-carboxyethyl)phosphine (TCEP);AC=PRIDE:0000609	not applicable	10 ppm	10 ppm	380	780	25	not available	1	1	20240514_FAIMS_60SPD_PC3_CONT_SC_A04.raw	v1.1.0	NT=ms-proteomics;VV=v1.1.0	NT=human;VV=v1.1.0	NT=cell-lines;VV=v1.1.0	NT=single-cell;VV=v1.0.0	NT=dia-acquisition;VV=v1.1.0	manual curation	not applicable
PC3_parental_cell_A05	NT=Homo sapiens;AC=NCBITaxon:9606	NT=bone tissue;AC=UBERON:0002481	NT=epithelial cell;AC=CL:0000066	NT=prostate adenocarcinoma;AC=MONDO:0005082	NT=PC-3;AC=EFO:0002074	CVCL_0035	PC-3	NT=adult;AC=EFO:0001272	62Y	male	NT=European ancestry;AC=HANCESTRO:0005	NT=Roswell Park Memorial Institute 1640 Medium;AC=NCIT:C178973	not applicable	NT=single cell;AC=PRIDE:0000897	cellenONE	CONT_A05	1	not pooled	4	run 4	proteomic profiling by mass spectrometry	NT=Orbitrap Ascend;AC=MS:1003356	NT=label free sample;AC=MS:1002038	not applicable	NT=Trypsin;AC=MS:1001251	NT=Lys-C;AC=MS:1001309	Data-independent acquisition	NT=beam-type collision-induced dissociation;AC=MS:1000422	NT=Tris(2-carboxyethyl)phosphine (TCEP);AC=PRIDE:0000609	not applicable	10 ppm	10 ppm	380	780	25	not available	1	1	20240514_FAIMS_60SPD_PC3_CONT_SC_A05.raw	v1.1.0	NT=ms-proteomics;VV=v1.1.0	NT=human;VV=v1.1.0	NT=cell-lines;VV=v1.1.0	NT=single-cell;VV=v1.0.0	NT=dia-acquisition;VV=v1.1.0	manual curation	not applicable
PC3_parental_cell_A06	NT=Homo sapiens;AC=NCBITaxon:9606	NT=bone tissue;AC=UBERON:0002481	NT=epithelial cell;AC=CL:0000066	NT=prostate adenocarcinoma;AC=MONDO:0005082	NT=PC-3;AC=EFO:0002074	CVCL_0035	PC-3	NT=adult;AC=EFO:0001272	62Y	male	NT=European ancestry;AC=HANCESTRO:0005	NT=Roswell Park Memorial Institute 1640 Medium;AC=NCIT:C178973	not applicable	NT=single cell;AC=PRIDE:0000897	cellenONE	CONT_A06	1	not pooled	5	run 5	proteomic profiling by mass spectrometry	NT=Orbitrap Ascend;AC=MS:1003356	NT=label free sample;AC=MS:1002038	not applicable	NT=Trypsin;AC=MS:1001251	NT=Lys-C;AC=MS:1001309	Data-independent acquisition	NT=beam-type collision-induced dissociation;AC=MS:1000422	NT=Tris(2-carboxyethyl)phosphine (TCEP);AC=PRIDE:0000609	not applicable	10 ppm	10 ppm	380	780	25	not available	1	1	20240514_FAIMS_60SPD_PC3_CONT_SC_A06.raw	v1.1.0	NT=ms-proteomics;VV=v1.1.0	NT=human;VV=v1.1.0	NT=cell-lines;VV=v1.1.0	NT=single-cell;VV=v1.0.0	NT=dia-acquisition;VV=v1.1.0	manual curation	not applicable
PC3_parental_cell_A07	NT=Homo sapiens;AC=NCBITaxon:9606	NT=bone tissue;AC=UBERON:0002481	NT=epithelial cell;AC=CL:0000066	NT=prostate adenocarcinoma;AC=MONDO:0005082	NT=PC-3;AC=EFO:0002074	CVCL_0035	PC-3	NT=adult;AC=EFO:0001272	62Y	male	NT=European ancestry;AC=HANCESTRO:0005	NT=Roswell Park Memorial Institute 1640 Medium;AC=NCIT:C178973	not applicable	NT=single cell;AC=PRIDE:0000897	cellenONE	CONT_A07	1	not pooled	6	run 6	proteomic profiling by mass spectrometry	NT=Orbitrap Ascend;AC=MS:1003356	NT=label free sample;AC=MS:1002038	not applicable	NT=Trypsin;AC=MS:1001251	NT=Lys-C;AC=MS:1001309	Data-independent acquisition	NT=beam-type collision-induced dissociation;AC=MS:1000422	NT=Tris(2-carboxyethyl)phosphine (TCEP);AC=PRIDE:0000609	not applicable	10 ppm	10 ppm	380	780	25	not available	1	1	20240514_FAIMS_60SPD_PC3_CONT_SC_A07.raw	v1.1.0	NT=ms-proteomics;VV=v1.1.0	NT=human;VV=v1.1.0	NT=cell-lines;VV=v1.1.0	NT=single-cell;VV=v1.0.0	NT=dia-acquisition;VV=v1.1.0	manual curation	not applicable
PC3_parental_cell_A08	NT=Homo sapiens;AC=NCBITaxon:9606	NT=bone tissue;AC=UBERON:0002481	NT=epithelial cell;AC=CL:0000066	NT=prostate adenocarcinoma;AC=MONDO:0005082	NT=PC-3;AC=EFO:0002074	CVCL_0035	PC-3	NT=adult;AC=EFO:0001272	62Y	male	NT=European ancestry;AC=HANCESTRO:0005	NT=Roswell Park Memorial Institute 1640 Medium;AC=NCIT:C178973	not applicable	NT=single cell;AC=PRIDE:0000897	cellenONE	CONT_A08	1	not pooled	7	run 7	proteomic profiling by mass spectrometry	NT=Orbitrap Ascend;AC=MS:1003356	NT=label free sample;AC=MS:1002038	not applicable	NT=Trypsin;AC=MS:1001251	NT=Lys-C;AC=MS:1001309	Data-independent acquisition	NT=beam-type collision-induced dissociation;AC=MS:1000422	NT=Tris(2-carboxyethyl)phosphine (TCEP);AC=PRIDE:0000609	not applicable	10 ppm	10 ppm	380	780	25	not available	1	1	20240514_FAIMS_60SPD_PC3_CONT_SC_A08.raw	v1.1.0	NT=ms-proteomics;VV=v1.1.0	NT=human;VV=v1.1.0	NT=cell-lines;VV=v1.1.0	NT=single-cell;VV=v1.0.0	NT=dia-acquisition;VV=v1.1.0	manual curation	not applicable
PC3_parental_cell_A09	NT=Homo sapiens;AC=NCBITaxon:9606	NT=bone tissue;AC=UBERON:0002481	NT=epithelial cell;AC=CL:0000066	NT=prostate adenocarcinoma;AC=MONDO:0005082	NT=PC-3;AC=EFO:0002074	CVCL_0035	PC-3	NT=adult;AC=EFO:0001272	62Y	male	NT=European ancestry;AC=HANCESTRO:0005	NT=Roswell Park Memorial Institute 1640 Medium;AC=NCIT:C178973	not applicable	NT=single cell;AC=PRIDE:0000897	cellenONE	CONT_A09	1	not pooled	8	run 8	proteomic profiling by mass spectrometry	NT=Orbitrap Ascend;AC=MS:1003356	NT=label free sample;AC=MS:1002038	not applicable	NT=Trypsin;AC=MS:1001251	NT=Lys-C;AC=MS:1001309	Data-independent acquisition	NT=beam-type collision-induced dissociation;AC=MS:1000422	NT=Tris(2-carboxyethyl)phosphine (TCEP);AC=PRIDE:0000609	not applicable	10 ppm	10 ppm	380	780	25	not available	1	1	20240514_FAIMS_60SPD_PC3_CONT_SC_A09.raw	v1.1.0	NT=ms-proteomics;VV=v1.1.0	NT=human;VV=v1.1.0	NT=cell-lines;VV=v1.1.0	NT=single-cell;VV=v1.0.0	NT=dia-acquisition;VV=v1.1.0	manual curation	not applicable
PC3_parental_cell_A11	NT=Homo sapiens;AC=NCBITaxon:9606	NT=bone tissue;AC=UBERON:0002481	NT=epithelial cell;AC=CL:0000066	NT=prostate adenocarcinoma;AC=MONDO:0005082	NT=PC-3;AC=EFO:0002074	CVCL_0035	PC-3	NT=adult;AC=EFO:0001272	62Y	male	NT=European ancestry;AC=HANCESTRO:0005	NT=Roswell Park Memorial Institute 1640 Medium;AC=NCIT:C178973	not applicable	NT=single cell;AC=PRIDE:0000897	cellenONE	CONT_A11	1	not pooled	9	run 9	proteomic profiling by mass spectrometry	NT=Orbitrap Ascend;AC=MS:1003356	NT=label free sample;AC=MS:1002038	not applicable	NT=Trypsin;AC=MS:1001251	NT=Lys-C;AC=MS:1001309	Data-independent acquisition	NT=beam-type collision-induced dissociation;AC=MS:1000422	NT=Tris(2-carboxyethyl)phosphine (TCEP);AC=PRIDE:0000609	not applicable	10 ppm	10 ppm	380	780	25	not available	1	1	20240514_FAIMS_60SPD_PC3_CONT_SC_A11.raw	v1.1.0	NT=ms-proteomics;VV=v1.1.0	NT=human;VV=v1.1.0	NT=cell-lines;VV=v1.1.0	NT=single-cell;VV=v1.0.0	NT=dia-acquisition;VV=v1.1.0	manual curation	not applicable
PC3_parental_cell_A12	NT=Homo sapiens;AC=NCBITaxon:9606	NT=bone tissue;AC=UBERON:0002481	NT=epithelial cell;AC=CL:0000066	NT=prostate adenocarcinoma;AC=MONDO:0005082	NT=PC-3;AC=EFO:0002074	CVCL_0035	PC-3	NT=adult;AC=EFO:0001272	62Y	male	NT=European ancestry;AC=HANCESTRO:0005	NT=Roswell Park Memorial Institute 1640 Medium;AC=NCIT:C178973	not applicable	NT=single cell;AC=PRIDE:0000897	cellenONE	CONT_A12	1	not pooled	10	run 10	proteomic profiling by mass spectrometry	NT=Orbitrap Ascend;AC=MS:1003356	NT=label free sample;AC=MS:1002038	not applicable	NT=Trypsin;AC=MS:1001251	NT=Lys-C;AC=MS:1001309	Data-independent acquisition	NT=beam-type collision-induced dissociation;AC=MS:1000422	NT=Tris(2-carboxyethyl)phosphine (TCEP);AC=PRIDE:0000609	not applicable	10 ppm	10 ppm	380	780	25	not available	1	1	20240514_FAIMS_60SPD_PC3_CONT_SC_A12.raw	v1.1.0	NT=ms-proteomics;VV=v1.1.0	NT=human;VV=v1.1.0	NT=cell-lines;VV=v1.1.0	NT=single-cell;VV=v1.0.0	NT=dia-acquisition;VV=v1.1.0	manual curation	not applicable
PC3_parental_cell_A13	NT=Homo sapiens;AC=NCBITaxon:9606	NT=bone tissue;AC=UBERON:0002481	NT=epithelial cell;AC=CL:0000066	NT=prostate adenocarcinoma;AC=MONDO:0005082	NT=PC-3;AC=EFO:0002074	CVCL_0035	PC-3	NT=adult;AC=EFO:0001272	62Y	male	NT=European ancestry;AC=HANCESTRO:0005	NT=Roswell Park Memorial Institute 1640 Medium;AC=NCIT:C178973	not applicable	NT=single cell;AC=PRIDE:0000897	cellenONE	CONT_A13	1	not pooled	11	run 11	proteomic profiling by mass spectrometry	NT=Orbitrap Ascend;AC=MS:1003356	NT=label free sample;AC=MS:1002038	not applicable	NT=Trypsin;AC=MS:1001251	NT=Lys-C;AC=MS:1001309	Data-independent acquisition	NT=beam-type collision-induced dissociation;AC=MS:1000422	NT=Tris(2-carboxyethyl)phosphine (TCEP);AC=PRIDE:0000609	not applicable	10 ppm	10 ppm	380	780	25	not available	1	1	20240514_FAIMS_60SPD_PC3_CONT_SC_A13.raw	v1.1.0	NT=ms-proteomics;VV=v1.1.0	NT=human;VV=v1.1.0	NT=cell-lines;VV=v1.1.0	NT=single-cell;VV=v1.0.0	NT=dia-acquisition;VV=v1.1.0	manual curation	not applicable
PC3_parental_cell_A15	NT=Homo sapiens;AC=NCBITaxon:9606	NT=bone tissue;AC=UBERON:0002481	NT=epithelial cell;AC=CL:0000066	NT=prostate adenocarcinoma;AC=MONDO:0005082	NT=PC-3;AC=EFO:0002074	CVCL_0035	PC-3	NT=adult;AC=EFO:0001272	62Y	male	NT=European ancestry;AC=HANCESTRO:0005	NT=Roswell Park Memorial Institute 1640 Medium;AC=NCIT:C178973	not applicable	NT=single cell;AC=PRIDE:0000897	cellenONE	CONT_A15	1	not pooled	12	run 12	proteomic profiling by mass spectrometry	NT=Orbitrap Ascend;AC=MS:1003356	NT=label free sample;AC=MS:1002038	not applicable	NT=Trypsin;AC=MS:1001251	NT=Lys-C;AC=MS:1001309	Data-independent acquisition	NT=beam-type collision-induced dissociation;AC=MS:1000422	NT=Tris(2-carboxyethyl)phosphine (TCEP);AC=PRIDE:0000609	not applicable	10 ppm	10 ppm	380	780	25	not available	1	1	20240514_FAIMS_60SPD_PC3_CONT_SC_A15.raw	v1.1.0	NT=ms-proteomics;VV=v1.1.0	NT=human;VV=v1.1.0	NT=cell-lines;VV=v1.1.0	NT=single-cell;VV=v1.0.0	NT=dia-acquisition;VV=v1.1.0	manual curation	not applicable
PC3_parental_cell_A16	NT=Homo sapiens;AC=NCBITaxon:9606	NT=bone tissue;AC=UBERON:0002481	NT=epithelial cell;AC=CL:0000066	NT=prostate adenocarcinoma;AC=MONDO:0005082	NT=PC-3;AC=EFO:0002074	CVCL_0035	PC-3	NT=adult;AC=EFO:0001272	62Y	male	NT=European ancestry;AC=HANCESTRO:0005	NT=Roswell Park Memorial Institute 1640 Medium;AC=NCIT:C178973	not applicable	NT=single cell;AC=PRIDE:0000897	cellenONE	CONT_A16	1	not pooled	13	run 13	proteomic profiling by mass spectrometry	NT=Orbitrap Ascend;AC=MS:1003356	NT=label free sample;AC=MS:1002038	not applicable	NT=Trypsin;AC=MS:1001251	NT=Lys-C;AC=MS:1001309	Data-independent acquisition	NT=beam-type collision-induced dissociation;AC=MS:1000422	NT=Tris(2-carboxyethyl)phosphine (TCEP);AC=PRIDE:0000609	not applicable	10 ppm	10 ppm	380	780	25	not available	1	1	20240514_FAIMS_60SPD_PC3_CONT_SC_A16.raw	v1.1.0	NT=ms-proteomics;VV=v1.1.0	NT=human;VV=v1.1.0	NT=cell-lines;VV=v1.1.0	NT=single-cell;VV=v1.0.0	NT=dia-acquisition;VV=v1.1.0	manual curation	not applicable
PC3_parental_cell_A17	NT=Homo sapiens;AC=NCBITaxon:9606	NT=bone tissue;AC=UBERON:0002481	NT=epithelial cell;AC=CL:0000066	NT=prostate adenocarcinoma;AC=MONDO:0005082	NT=PC-3;AC=EFO:0002074	CVCL_0035	PC-3	NT=adult;AC=EFO:0001272	62Y	male	NT=European ancestry;AC=HANCESTRO:0005	NT=Roswell Park Memorial Institute 1640 Medium;AC=NCIT:C178973	not applicable	NT=single cell;AC=PRIDE:0000897	cellenONE	CONT_A17	1	not pooled	14	run 14	proteomic profiling by mass spectrometry	NT=Orbitrap Ascend;AC=MS:1003356	NT=label free sample;AC=MS:1002038	not applicable	NT=Trypsin;AC=MS:1001251	NT=Lys-C;AC=MS:1001309	Data-independent acquisition	NT=beam-type collision-induced dissociation;AC=MS:1000422	NT=Tris(2-carboxyethyl)phosphine (TCEP);AC=PRIDE:0000609	not applicable	10 ppm	10 ppm	380	780	25	not available	1	1	20240514_FAIMS_60SPD_PC3_CONT_SC_A17.raw	v1.1.0	NT=ms-proteomics;VV=v1.1.0	NT=human;VV=v1.1.0	NT=cell-lines;VV=v1.1.0	NT=single-cell;VV=v1.0.0	NT=dia-acquisition;VV=v1.1.0	manual curation	not applicable
PC3_parental_cell_A18	NT=Homo sapiens;AC=NCBITaxon:9606	NT=bone tissue;AC=UBERON:0002481	NT=epithelial cell;AC=CL:0000066	NT=prostate adenocarcinoma;AC=MONDO:0005082	NT=PC-3;AC=EFO:0002074	CVCL_0035	PC-3	NT=adult;AC=EFO:0001272	62Y	male	NT=European ancestry;AC=HANCESTRO:0005	NT=Roswell Park Memorial Institute 1640 Medium;AC=NCIT:C178973	not applicable	NT=single cell;AC=PRIDE:0000897	cellenONE	CONT_A18	1	not pooled	15	run 15	proteomic profiling by mass spectrometry	NT=Orbitrap Ascend;AC=MS:1003356	NT=label free sample;AC=MS:1002038	not applicable	NT=Trypsin;AC=MS:1001251	NT=Lys-C;AC=MS:1001309	Data-independent acquisition	NT=beam-type collision-induced dissociation;AC=MS:1000422	NT=Tris(2-carboxyethyl)phosphine (TCEP);AC=PRIDE:0000609	not applicable	10 ppm	10 ppm	380	780	25	not available	1	1	20240514_FAIMS_60SPD_PC3_CONT_SC_A18.raw	v1.1.0	NT=ms-proteomics;VV=v1.1.0	NT=human;VV=v1.1.0	NT=cell-lines;VV=v1.1.0	NT=single-cell;VV=v1.0.0	NT=dia-acquisition;VV=v1.1.0	manual curation	not applicable
PC3_parental_cell_A19	NT=Homo sapiens;AC=NCBITaxon:9606	NT=bone tissue;AC=UBERON:0002481	NT=epithelial cell;AC=CL:0000066	NT=prostate adenocarcinoma;AC=MONDO:0005082	NT=PC-3;AC=EFO:0002074	CVCL_0035	PC-3	NT=adult;AC=EFO:0001272	62Y	male	NT=European ancestry;AC=HANCESTRO:0005	NT=Roswell Park Memorial Institute 1640 Medium;AC=NCIT:C178973	not applicable	NT=single cell;AC=PRIDE:0000897	cellenONE	CONT_A19	1	not pooled	16	run 16	proteomic profiling by mass spectrometry	NT=Orbitrap Ascend;AC=MS:1003356	NT=label free sample;AC=MS:1002038	not applicable	NT=Trypsin;AC=MS:1001251	NT=Lys-C;AC=MS:1001309	Data-independent acquisition	NT=beam-type collision-induced dissociation;AC=MS:1000422	NT=Tris(2-carboxyethyl)phosphine (TCEP);AC=PRIDE:0000609	not applicable	10 ppm	10 ppm	380	780	25	not available	1	1	20240514_FAIMS_60SPD_PC3_CONT_SC_A19.raw	v1.1.0	NT=ms-proteomics;VV=v1.1.0	NT=human;VV=v1.1.0	NT=cell-lines;VV=v1.1.0	NT=single-cell;VV=v1.0.0	NT=dia-acquisition;VV=v1.1.0	manual curation	not applicable
PC3_parental_cell_A20	NT=Homo sapiens;AC=NCBITaxon:9606	NT=bone tissue;AC=UBERON:0002481	NT=epithelial cell;AC=CL:0000066	NT=prostate adenocarcinoma;AC=MONDO:0005082	NT=PC-3;AC=EFO:0002074	CVCL_0035	PC-3	NT=adult;AC=EFO:0001272	62Y	male	NT=European ancestry;AC=HANCESTRO:0005	NT=Roswell Park Memorial Institute 1640 Medium;AC=NCIT:C178973	not applicable	NT=single cell;AC=PRIDE:0000897	cellenONE	CONT_A20	1	not pooled	17	run 17	proteomic profiling by mass spectrometry	NT=Orbitrap Ascend;AC=MS:1003356	NT=label free sample;AC=MS:1002038	not applicable	NT=Trypsin;AC=MS:1001251	NT=Lys-C;AC=MS:1001309	Data-independent acquisition	NT=beam-type collision-induced dissociation;AC=MS:1000422	NT=Tris(2-carboxyethyl)phosphine (TCEP);AC=PRIDE:0000609	not applicable	10 ppm	10 ppm	380	780	25	not available	1	1	20240514_FAIMS_60SPD_PC3_CONT_SC_A20.raw	v1.1.0	NT=ms-proteomics;VV=v1.1.0	NT=human;VV=v1.1.0	NT=cell-lines;VV=v1.1.0	NT=single-cell;VV=v1.0.0	NT=dia-acquisition;VV=v1.1.0	manual curation	not applicable
PC3_parental_cell_A21	NT=Homo sapiens;AC=NCBITaxon:9606	NT=bone tissue;AC=UBERON:0002481	NT=epithelial cell;AC=CL:0000066	NT=prostate adenocarcinoma;AC=MONDO:0005082	NT=PC-3;AC=EFO:0002074	CVCL_0035	PC-3	NT=adult;AC=EFO:0001272	62Y	male	NT=European ancestry;AC=HANCESTRO:0005	NT=Roswell Park Memorial Institute 1640 Medium;AC=NCIT:C178973	not applicable	NT=single cell;AC=PRIDE:0000897	cellenONE	CONT_A21	1	not pooled	18	run 18	proteomic profiling by mass spectrometry	NT=Orbitrap Ascend;AC=MS:1003356	NT=label free sample;AC=MS:1002038	not applicable	NT=Trypsin;AC=MS:1001251	NT=Lys-C;AC=MS:1001309	Data-independent acquisition	NT=beam-type collision-induced dissociation;AC=MS:1000422	NT=Tris(2-carboxyethyl)phosphine (TCEP);AC=PRIDE:0000609	not applicable	10 ppm	10 ppm	380	780	25	not available	1	1	20240514_FAIMS_60SPD_PC3_CONT_SC_A21.raw	v1.1.0	NT=ms-proteomics;VV=v1.1.0	NT=human;VV=v1.1.0	NT=cell-lines;VV=v1.1.0	NT=single-cell;VV=v1.0.0	NT=dia-acquisition;VV=v1.1.0	manual curation	not applicable
PC3_parental_cell_A22	NT=Homo sapiens;AC=NCBITaxon:9606	NT=bone tissue;AC=UBERON:0002481	NT=epithelial cell;AC=CL:0000066	NT=prostate adenocarcinoma;AC=MONDO:0005082	NT=PC-3;AC=EFO:0002074	CVCL_0035	PC-3	NT=adult;AC=EFO:0001272	62Y	male	NT=European ancestry;AC=HANCESTRO:0005	NT=Roswell Park Memorial Institute 1640 Medium;AC=NCIT:C178973	not applicable	NT=single cell;AC=PRIDE:0000897	cellenONE	CONT_A22	1	not pooled	19	run 19	proteomic profiling by mass spectrometry	NT=Orbitrap Ascend;AC=MS:1003356	NT=label free sample;AC=MS:1002038	not applicable	NT=Trypsin;AC=MS:1001251	NT=Lys-C;AC=MS:1001309	Data-independent acquisition	NT=beam-type collision-induced dissociation;AC=MS:1000422	NT=Tris(2-carboxyethyl)phosphine (TCEP);AC=PRIDE:0000609	not applicable	10 ppm	10 ppm	380	780	25	not available	1	1	20240514_FAIMS_60SPD_PC3_CONT_SC_A22.raw	v1.1.0	NT=ms-proteomics;VV=v1.1.0	NT=human;VV=v1.1.0	NT=cell-lines;VV=v1.1.0	NT=single-cell;VV=v1.0.0	NT=dia-acquisition;VV=v1.1.0	manual curation	not applicable
PC3_parental_cell_A23	NT=Homo sapiens;AC=NCBITaxon:9606	NT=bone tissue;AC=UBERON:0002481	NT=epithelial cell;AC=CL:0000066	NT=prostate adenocarcinoma;AC=MONDO:0005082	NT=PC-3;AC=EFO:0002074	CVCL_0035	PC-3	NT=adult;AC=EFO:0001272	62Y	male	NT=European ancestry;AC=HANCESTRO:0005	NT=Roswell Park Memorial Institute 1640 Medium;AC=NCIT:C178973	not applicable	NT=single cell;AC=PRIDE:0000897	cellenONE	CONT_A23	1	not pooled	20	run 20	proteomic profiling by mass spectrometry	NT=Orbitrap Ascend;AC=MS:1003356	NT=label free sample;AC=MS:1002038	not applicable	NT=Trypsin;AC=MS:1001251	NT=Lys-C;AC=MS:1001309	Data-independent acquisition	NT=beam-type collision-induced dissociation;AC=MS:1000422	NT=Tris(2-carboxyethyl)phosphine (TCEP);AC=PRIDE:0000609	not applicable	10 ppm	10 ppm	380	780	25	not available	1	1	20240514_FAIMS_60SPD_PC3_CONT_SC_A23.raw	v1.1.0	NT=ms-proteomics;VV=v1.1.0	NT=human;VV=v1.1.0	NT=cell-lines;VV=v1.1.0	NT=single-cell;VV=v1.0.0	NT=dia-acquisition;VV=v1.1.0	manual curation	not applicable
PC3_parental_cell_A24	NT=Homo sapiens;AC=NCBITaxon:9606	NT=bone tissue;AC=UBERON:0002481	NT=epithelial cell;AC=CL:0000066	NT=prostate adenocarcinoma;AC=MONDO:0005082	NT=PC-3;AC=EFO:0002074	CVCL_0035	PC-3	NT=adult;AC=EFO:0001272	62Y	male	NT=European ancestry;AC=HANCESTRO:0005	NT=Roswell Park Memorial Institute 1640 Medium;AC=NCIT:C178973	not applicable	NT=single cell;AC=PRIDE:0000897	cellenONE	CONT_A24	1	not pooled	21	run 21	proteomic profiling by mass spectrometry	NT=Orbitrap Ascend;AC=MS:1003356	NT=label free sample;AC=MS:1002038	not applicable	NT=Trypsin;AC=MS:1001251	NT=Lys-C;AC=MS:1001309	Data-independent acquisition	NT=beam-type collision-induced dissociation;AC=MS:1000422	NT=Tris(2-carboxyethyl)phosphine (TCEP);AC=PRIDE:0000609	not applicable	10 ppm	10 ppm	380	780	25	not available	1	1	20240514_FAIMS_60SPD_PC3_CONT_SC_A24.raw	v1.1.0	NT=ms-proteomics;VV=v1.1.0	NT=human;VV=v1.1.0	NT=cell-lines;VV=v1.1.0	NT=single-cell;VV=v1.0.0	NT=dia-acquisition;VV=v1.1.0	manual curation	not applicable
PC3_parental_cell_B02	NT=Homo sapiens;AC=NCBITaxon:9606	NT=bone tissue;AC=UBERON:0002481	NT=epithelial cell;AC=CL:0000066	NT=prostate adenocarcinoma;AC=MONDO:0005082	NT=PC-3;AC=EFO:0002074	CVCL_0035	PC-3	NT=adult;AC=EFO:0001272	62Y	male	NT=European ancestry;AC=HANCESTRO:0005	NT=Roswell Park Memorial Institute 1640 Medium;AC=NCIT:C178973	not applicable	NT=single cell;AC=PRIDE:0000897	cellenONE	CONT_B02	1	not pooled	22	run 22	proteomic profiling by mass spectrometry	NT=Orbitrap Ascend;AC=MS:1003356	NT=label free sample;AC=MS:1002038	not applicable	NT=Trypsin;AC=MS:1001251	NT=Lys-C;AC=MS:1001309	Data-independent acquisition	NT=beam-type collision-induced dissociation;AC=MS:1000422	NT=Tris(2-carboxyethyl)phosphine (TCEP);AC=PRIDE:0000609	not applicable	10 ppm	10 ppm	380	780	25	not available	1	1	20240514_FAIMS_60SPD_PC3_CONT_SC_B02.raw	v1.1.0	NT=ms-proteomics;VV=v1.1.0	NT=human;VV=v1.1.0	NT=cell-lines;VV=v1.1.0	NT=single-cell;VV=v1.0.0	NT=dia-acquisition;VV=v1.1.0	manual curation	not applicable
PC3_parental_cell_B03	NT=Homo sapiens;AC=NCBITaxon:9606	NT=bone tissue;AC=UBERON:0002481	NT=epithelial cell;AC=CL:0000066	NT=prostate adenocarcinoma;AC=MONDO:0005082	NT=PC-3;AC=EFO:0002074	CVCL_0035	PC-3	NT=adult;AC=EFO:0001272	62Y	male	NT=European ancestry;AC=HANCESTRO:0005	NT=Roswell Park Memorial Institute 1640 Medium;AC=NCIT:C178973	not applicable	NT=single cell;AC=PRIDE:0000897	cellenONE	CONT_B03	1	not pooled	23	run 23	proteomic profiling by mass spectrometry	NT=Orbitrap Ascend;AC=MS:1003356	NT=label free sample;AC=MS:1002038	not applicable	NT=Trypsin;AC=MS:1001251	NT=Lys-C;AC=MS:1001309	Data-independent acquisition	NT=beam-type collision-induced dissociation;AC=MS:1000422	NT=Tris(2-carboxyethyl)phosphine (TCEP);AC=PRIDE:0000609	not applicable	10 ppm	10 ppm	380	780	25	not available	1	1	20240514_FAIMS_60SPD_PC3_CONT_SC_B03.raw	v1.1.0	NT=ms-proteomics;VV=v1.1.0	NT=human;VV=v1.1.0	NT=cell-lines;VV=v1.1.0	NT=single-cell;VV=v1.0.0	NT=dia-acquisition;VV=v1.1.0	manual curation	not applicable
PC3_parental_cell_B04	NT=Homo sapiens;AC=NCBITaxon:9606	NT=bone tissue;AC=UBERON:0002481	NT=epithelial cell;AC=CL:0000066	NT=prostate adenocarcinoma;AC=MONDO:0005082	NT=PC-3;AC=EFO:0002074	CVCL_0035	PC-3	NT=adult;AC=EFO:0001272	62Y	male	NT=European ancestry;AC=HANCESTRO:0005	NT=Roswell Park Memorial Institute 1640 Medium;AC=NCIT:C178973	not applicable	NT=single cell;AC=PRIDE:0000897	cellenONE	CONT_B04	1	not pooled	24	run 24	proteomic profiling by mass spectrometry	NT=Orbitrap Ascend;AC=MS:1003356	NT=label free sample;AC=MS:1002038	not applicable	NT=Trypsin;AC=MS:1001251	NT=Lys-C;AC=MS:1001309	Data-independent acquisition	NT=beam-type collision-induced dissociation;AC=MS:1000422	NT=Tris(2-carboxyethyl)phosphine (TCEP);AC=PRIDE:0000609	not applicable	10 ppm	10 ppm	380	780	25	not available	1	1	20240514_FAIMS_60SPD_PC3_CONT_SC_B04.raw	v1.1.0	NT=ms-proteomics;VV=v1.1.0	NT=human;VV=v1.1.0	NT=cell-lines;VV=v1.1.0	NT=single-cell;VV=v1.0.0	NT=dia-acquisition;VV=v1.1.0	manual curation	not applicable
PC3_parental_cell_B06	NT=Homo sapiens;AC=NCBITaxon:9606	NT=bone tissue;AC=UBERON:0002481	NT=epithelial cell;AC=CL:0000066	NT=prostate adenocarcinoma;AC=MONDO:0005082	NT=PC-3;AC=EFO:0002074	CVCL_0035	PC-3	NT=adult;AC=EFO:0001272	62Y	male	NT=European ancestry;AC=HANCESTRO:0005	NT=Roswell Park Memorial Institute 1640 Medium;AC=NCIT:C178973	not applicable	NT=single cell;AC=PRIDE:0000897	cellenONE	CONT_B06	1	not pooled	25	run 25	proteomic profiling by mass spectrometry	NT=Orbitrap Ascend;AC=MS:1003356	NT=label free sample;AC=MS:1002038	not applicable	NT=Trypsin;AC=MS:1001251	NT=Lys-C;AC=MS:1001309	Data-independent acquisition	NT=beam-type collision-induced dissociation;AC=MS:1000422	NT=Tris(2-carboxyethyl)phosphine (TCEP);AC=PRIDE:0000609	not applicable	10 ppm	10 ppm	380	780	25	not available	1	1	20240514_FAIMS_60SPD_PC3_CONT_SC_B06.raw	v1.1.0	NT=ms-proteomics;VV=v1.1.0	NT=human;VV=v1.1.0	NT=cell-lines;VV=v1.1.0	NT=single-cell;VV=v1.0.0	NT=dia-acquisition;VV=v1.1.0	manual curation	not applicable
PC3_parental_cell_B07	NT=Homo sapiens;AC=NCBITaxon:9606	NT=bone tissue;AC=UBERON:0002481	NT=epithelial cell;AC=CL:0000066	NT=prostate adenocarcinoma;AC=MONDO:0005082	NT=PC-3;AC=EFO:0002074	CVCL_0035	PC-3	NT=adult;AC=EFO:0001272	62Y	male	NT=European ancestry;AC=HANCESTRO:0005	NT=Roswell Park Memorial Institute 1640 Medium;AC=NCIT:C178973	not applicable	NT=single cell;AC=PRIDE:0000897	cellenONE	CONT_B07	1	not pooled	26	run 26	proteomic profiling by mass spectrometry	NT=Orbitrap Ascend;AC=MS:1003356	NT=label free sample;AC=MS:1002038	not applicable	NT=Trypsin;AC=MS:1001251	NT=Lys-C;AC=MS:1001309	Data-independent acquisition	NT=beam-type collision-induced dissociation;AC=MS:1000422	NT=Tris(2-carboxyethyl)phosphine (TCEP);AC=PRIDE:0000609	not applicable	10 ppm	10 ppm	380	780	25	not available	1	1	20240514_FAIMS_60SPD_PC3_CONT_SC_B07.raw	v1.1.0	NT=ms-proteomics;VV=v1.1.0	NT=human;VV=v1.1.0	NT=cell-lines;VV=v1.1.0	NT=single-cell;VV=v1.0.0	NT=dia-acquisition;VV=v1.1.0	manual curation	not applicable
PC3_parental_cell_B08	NT=Homo sapiens;AC=NCBITaxon:9606	NT=bone tissue;AC=UBERON:0002481	NT=epithelial cell;AC=CL:0000066	NT=prostate adenocarcinoma;AC=MONDO:0005082	NT=PC-3;AC=EFO:0002074	CVCL_0035	PC-3	NT=adult;AC=EFO:0001272	62Y	male	NT=European ancestry;AC=HANCESTRO:0005	NT=Roswell Park Memorial Institute 1640 Medium;AC=NCIT:C178973	not applicable	NT=single cell;AC=PRIDE:0000897	cellenONE	CONT_B08	1	not pooled	27	run 27	proteomic profiling by mass spectrometry	NT=Orbitrap Ascend;AC=MS:1003356	NT=label free sample;AC=MS:1002038	not applicable	NT=Trypsin;AC=MS:1001251	NT=Lys-C;AC=MS:1001309	Data-independent acquisition	NT=beam-type collision-induced dissociation;AC=MS:1000422	NT=Tris(2-carboxyethyl)phosphine (TCEP);AC=PRIDE:0000609	not applicable	10 ppm	10 ppm	380	780	25	not available	1	1	20240514_FAIMS_60SPD_PC3_CONT_SC_B08.raw	v1.1.0	NT=ms-proteomics;VV=v1.1.0	NT=human;VV=v1.1.0	NT=cell-lines;VV=v1.1.0	NT=single-cell;VV=v1.0.0	NT=dia-acquisition;VV=v1.1.0	manual curation	not applicable
PC3_parental_cell_B09	NT=Homo sapiens;AC=NCBITaxon:9606	NT=bone tissue;AC=UBERON:0002481	NT=epithelial cell;AC=CL:0000066	NT=prostate adenocarcinoma;AC=MONDO:0005082	NT=PC-3;AC=EFO:0002074	CVCL_0035	PC-3	NT=adult;AC=EFO:0001272	62Y	male	NT=European ancestry;AC=HANCESTRO:0005	NT=Roswell Park Memorial Institute 1640 Medium;AC=NCIT:C178973	not applicable	NT=single cell;AC=PRIDE:0000897	cellenONE	CONT_B09	1	not pooled	28	run 28	proteomic profiling by mass spectrometry	NT=Orbitrap Ascend;AC=MS:1003356	NT=label free sample;AC=MS:1002038	not applicable	NT=Trypsin;AC=MS:1001251	NT=Lys-C;AC=MS:1001309	Data-independent acquisition	NT=beam-type collision-induced dissociation;AC=MS:1000422	NT=Tris(2-carboxyethyl)phosphine (TCEP);AC=PRIDE:0000609	not applicable	10 ppm	10 ppm	380	780	25	not available	1	1	20240514_FAIMS_60SPD_PC3_CONT_SC_B09.raw	v1.1.0	NT=ms-proteomics;VV=v1.1.0	NT=human;VV=v1.1.0	NT=cell-lines;VV=v1.1.0	NT=single-cell;VV=v1.0.0	NT=dia-acquisition;VV=v1.1.0	manual curation	not applicable
PC3_parental_cell_B10	NT=Homo sapiens;AC=NCBITaxon:9606	NT=bone tissue;AC=UBERON:0002481	NT=epithelial cell;AC=CL:0000066	NT=prostate adenocarcinoma;AC=MONDO:0005082	NT=PC-3;AC=EFO:0002074	CVCL_0035	PC-3	NT=adult;AC=EFO:0001272	62Y	male	NT=European ancestry;AC=HANCESTRO:0005	NT=Roswell Park Memorial Institute 1640 Medium;AC=NCIT:C178973	not applicable	NT=single cell;AC=PRIDE:0000897	cellenONE	CONT_B10	1	not pooled	29	run 29	proteomic profiling by mass spectrometry	NT=Orbitrap Ascend;AC=MS:1003356	NT=label free sample;AC=MS:1002038	not applicable	NT=Trypsin;AC=MS:1001251	NT=Lys-C;AC=MS:1001309	Data-independent acquisition	NT=beam-type collision-induced dissociation;AC=MS:1000422	NT=Tris(2-carboxyethyl)phosphine (TCEP);AC=PRIDE:0000609	not applicable	10 ppm	10 ppm	380	780	25	not available	1	1	20240514_FAIMS_60SPD_PC3_CONT_SC_B10.raw	v1.1.0	NT=ms-proteomics;VV=v1.1.0	NT=human;VV=v1.1.0	NT=cell-lines;VV=v1.1.0	NT=single-cell;VV=v1.0.0	NT=dia-acquisition;VV=v1.1.0	manual curation	not applicable
PC3_parental_cell_B11	NT=Homo sapiens;AC=NCBITaxon:9606	NT=bone tissue;AC=UBERON:0002481	NT=epithelial cell;AC=CL:0000066	NT=prostate adenocarcinoma;AC=MONDO:0005082	NT=PC-3;AC=EFO:0002074	CVCL_0035	PC-3	NT=adult;AC=EFO:0001272	62Y	male	NT=European ancestry;AC=HANCESTRO:0005	NT=Roswell Park Memorial Institute 1640 Medium;AC=NCIT:C178973	not applicable	NT=single cell;AC=PRIDE:0000897	cellenONE	CONT_B11	1	not pooled	30	run 30	proteomic profiling by mass spectrometry	NT=Orbitrap Ascend;AC=MS:1003356	NT=label free sample;AC=MS:1002038	not applicable	NT=Trypsin;AC=MS:1001251	NT=Lys-C;AC=MS:1001309	Data-independent acquisition	NT=beam-type collision-induced dissociation;AC=MS:1000422	NT=Tris(2-carboxyethyl)phosphine (TCEP);AC=PRIDE:0000609	not applicable	10 ppm	10 ppm	380	780	25	not available	1	1	20240514_FAIMS_60SPD_PC3_CONT_SC_B11.raw	v1.1.0	NT=ms-proteomics;VV=v1.1.0	NT=human;VV=v1.1.0	NT=cell-lines;VV=v1.1.0	NT=single-cell;VV=v1.0.0	NT=dia-acquisition;VV=v1.1.0	manual curation	not applicable
PC3_parental_cell_B12	NT=Homo sapiens;AC=NCBITaxon:9606	NT=bone tissue;AC=UBERON:0002481	NT=epithelial cell;AC=CL:0000066	NT=prostate adenocarcinoma;AC=MONDO:0005082	NT=PC-3;AC=EFO:0002074	CVCL_0035	PC-3	NT=adult;AC=EFO:0001272	62Y	male	NT=European ancestry;AC=HANCESTRO:0005	NT=Roswell Park Memorial Institute 1640 Medium;AC=NCIT:C178973	not applicable	NT=single cell;AC=PRIDE:0000897	cellenONE	CONT_B12	1	not pooled	31	run 31	proteomic profiling by mass spectrometry	NT=Orbitrap Ascend;AC=MS:1003356	NT=label free sample;AC=MS:1002038	not applicable	NT=Trypsin;AC=MS:1001251	NT=Lys-C;AC=MS:1001309	Data-independent acquisition	NT=beam-type collision-induced dissociation;AC=MS:1000422	NT=Tris(2-carboxyethyl)phosphine (TCEP);AC=PRIDE:0000609	not applicable	10 ppm	10 ppm	380	780	25	not available	1	1	20240514_FAIMS_60SPD_PC3_CONT_SC_B12.raw	v1.1.0	NT=ms-proteomics;VV=v1.1.0	NT=human;VV=v1.1.0	NT=cell-lines;VV=v1.1.0	NT=single-cell;VV=v1.0.0	NT=dia-acquisition;VV=v1.1.0	manual curation	not applicable
PC3_parental_cell_B13	NT=Homo sapiens;AC=NCBITaxon:9606	NT=bone tissue;AC=UBERON:0002481	NT=epithelial cell;AC=CL:0000066	NT=prostate adenocarcinoma;AC=MONDO:0005082	NT=PC-3;AC=EFO:0002074	CVCL_0035	PC-3	NT=adult;AC=EFO:0001272	62Y	male	NT=European ancestry;AC=HANCESTRO:0005	NT=Roswell Park Memorial Institute 1640 Medium;AC=NCIT:C178973	not applicable	NT=single cell;AC=PRIDE:0000897	cellenONE	CONT_B13	1	not pooled	32	run 32	proteomic profiling by mass spectrometry	NT=Orbitrap Ascend;AC=MS:1003356	NT=label free sample;AC=MS:1002038	not applicable	NT=Trypsin;AC=MS:1001251	NT=Lys-C;AC=MS:1001309	Data-independent acquisition	NT=beam-type collision-induced dissociation;AC=MS:1000422	NT=Tris(2-carboxyethyl)phosphine (TCEP);AC=PRIDE:0000609	not applicable	10 ppm	10 ppm	380	780	25	not available	1	1	20240514_FAIMS_60SPD_PC3_CONT_SC_B13.raw	v1.1.0	NT=ms-proteomics;VV=v1.1.0	NT=human;VV=v1.1.0	NT=cell-lines;VV=v1.1.0	NT=single-cell;VV=v1.0.0	NT=dia-acquisition;VV=v1.1.0	manual curation	not applicable
PC3_parental_cell_B14	NT=Homo sapiens;AC=NCBITaxon:9606	NT=bone tissue;AC=UBERON:0002481	NT=epithelial cell;AC=CL:0000066	NT=prostate adenocarcinoma;AC=MONDO:0005082	NT=PC-3;AC=EFO:0002074	CVCL_0035	PC-3	NT=adult;AC=EFO:0001272	62Y	male	NT=European ancestry;AC=HANCESTRO:0005	NT=Roswell Park Memorial Institute 1640 Medium;AC=NCIT:C178973	not applicable	NT=single cell;AC=PRIDE:0000897	cellenONE	CONT_B14	1	not pooled	33	run 33	proteomic profiling by mass spectrometry	NT=Orbitrap Ascend;AC=MS:1003356	NT=label free sample;AC=MS:1002038	not applicable	NT=Trypsin;AC=MS:1001251	NT=Lys-C;AC=MS:1001309	Data-independent acquisition	NT=beam-type collision-induced dissociation;AC=MS:1000422	NT=Tris(2-carboxyethyl)phosphine (TCEP);AC=PRIDE:0000609	not applicable	10 ppm	10 ppm	380	780	25	not available	1	1	20240514_FAIMS_60SPD_PC3_CONT_SC_B14.raw	v1.1.0	NT=ms-proteomics;VV=v1.1.0	NT=human;VV=v1.1.0	NT=cell-lines;VV=v1.1.0	NT=single-cell;VV=v1.0.0	NT=dia-acquisition;VV=v1.1.0	manual curation	not applicable
PC3_parental_cell_B15	NT=Homo sapiens;AC=NCBITaxon:9606	NT=bone tissue;AC=UBERON:0002481	NT=epithelial cell;AC=CL:0000066	NT=prostate adenocarcinoma;AC=MONDO:0005082	NT=PC-3;AC=EFO:0002074	CVCL_0035	PC-3	NT=adult;AC=EFO:0001272	62Y	male	NT=European ancestry;AC=HANCESTRO:0005	NT=Roswell Park Memorial Institute 1640 Medium;AC=NCIT:C178973	not applicable	NT=single cell;AC=PRIDE:0000897	cellenONE	CONT_B15	1	not pooled	34	run 34	proteomic profiling by mass spectrometry	NT=Orbitrap Ascend;AC=MS:1003356	NT=label free sample;AC=MS:1002038	not applicable	NT=Trypsin;AC=MS:1001251	NT=Lys-C;AC=MS:1001309	Data-independent acquisition	NT=beam-type collision-induced dissociation;AC=MS:1000422	NT=Tris(2-carboxyethyl)phosphine (TCEP);AC=PRIDE:0000609	not applicable	10 ppm	10 ppm	380	780	25	not available	1	1	20240514_FAIMS_60SPD_PC3_CONT_SC_B15.raw	v1.1.0	NT=ms-proteomics;VV=v1.1.0	NT=human;VV=v1.1.0	NT=cell-lines;VV=v1.1.0	NT=single-cell;VV=v1.0.0	NT=dia-acquisition;VV=v1.1.0	manual curation	not applicable
PC3_parental_cell_B16	NT=Homo sapiens;AC=NCBITaxon:9606	NT=bone tissue;AC=UBERON:0002481	NT=epithelial cell;AC=CL:0000066	NT=prostate adenocarcinoma;AC=MONDO:0005082	NT=PC-3;AC=EFO:0002074	CVCL_0035	PC-3	NT=adult;AC=EFO:0001272	62Y	male	NT=European ancestry;AC=HANCESTRO:0005	NT=Roswell Park Memorial Institute 1640 Medium;AC=NCIT:C178973	not applicable	NT=single cell;AC=PRIDE:0000897	cellenONE	CONT_B16	1	not pooled	35	run 35	proteomic profiling by mass spectrometry	NT=Orbitrap Ascend;AC=MS:1003356	NT=label free sample;AC=MS:1002038	not applicable	NT=Trypsin;AC=MS:1001251	NT=Lys-C;AC=MS:1001309	Data-independent acquisition	NT=beam-type collision-induced dissociation;AC=MS:1000422	NT=Tris(2-carboxyethyl)phosphine (TCEP);AC=PRIDE:0000609	not applicable	10 ppm	10 ppm	380	780	25	not available	1	1	20240514_FAIMS_60SPD_PC3_CONT_SC_B16.raw	v1.1.0	NT=ms-proteomics;VV=v1.1.0	NT=human;VV=v1.1.0	NT=cell-lines;VV=v1.1.0	NT=single-cell;VV=v1.0.0	NT=dia-acquisition;VV=v1.1.0	manual curation	not applicable
PC3_parental_cell_B18	NT=Homo sapiens;AC=NCBITaxon:9606	NT=bone tissue;AC=UBERON:0002481	NT=epithelial cell;AC=CL:0000066	NT=prostate adenocarcinoma;AC=MONDO:0005082	NT=PC-3;AC=EFO:0002074	CVCL_0035	PC-3	NT=adult;AC=EFO:0001272	62Y	male	NT=European ancestry;AC=HANCESTRO:0005	NT=Roswell Park Memorial Institute 1640 Medium;AC=NCIT:C178973	not applicable	NT=single cell;AC=PRIDE:0000897	cellenONE	CONT_B18	1	not pooled	36	run 36	proteomic profiling by mass spectrometry	NT=Orbitrap Ascend;AC=MS:1003356	NT=label free sample;AC=MS:1002038	not applicable	NT=Trypsin;AC=MS:1001251	NT=Lys-C;AC=MS:1001309	Data-independent acquisition	NT=beam-type collision-induced dissociation;AC=MS:1000422	NT=Tris(2-carboxyethyl)phosphine (TCEP);AC=PRIDE:0000609	not applicable	10 ppm	10 ppm	380	780	25	not available	1	1	20240514_FAIMS_60SPD_PC3_CONT_SC_B18.raw	v1.1.0	NT=ms-proteomics;VV=v1.1.0	NT=human;VV=v1.1.0	NT=cell-lines;VV=v1.1.0	NT=single-cell;VV=v1.0.0	NT=dia-acquisition;VV=v1.1.0	manual curation	not applicable
PC3_parental_cell_B19	NT=Homo sapiens;AC=NCBITaxon:9606	NT=bone tissue;AC=UBERON:0002481	NT=epithelial cell;AC=CL:0000066	NT=prostate adenocarcinoma;AC=MONDO:0005082	NT=PC-3;AC=EFO:0002074	CVCL_0035	PC-3	NT=adult;AC=EFO:0001272	62Y	male	NT=European ancestry;AC=HANCESTRO:0005	NT=Roswell Park Memorial Institute 1640 Medium;AC=NCIT:C178973	not applicable	NT=single cell;AC=PRIDE:0000897	cellenONE	CONT_B19	1	not pooled	37	run 37	proteomic profiling by mass spectrometry	NT=Orbitrap Ascend;AC=MS:1003356	NT=label free sample;AC=MS:1002038	not applicable	NT=Trypsin;AC=MS:1001251	NT=Lys-C;AC=MS:1001309	Data-independent acquisition	NT=beam-type collision-induced dissociation;AC=MS:1000422	NT=Tris(2-carboxyethyl)phosphine (TCEP);AC=PRIDE:0000609	not applicable	10 ppm	10 ppm	380	780	25	not available	1	1	20240514_FAIMS_60SPD_PC3_CONT_SC_B19.raw	v1.1.0	NT=ms-proteomics;VV=v1.1.0	NT=human;VV=v1.1.0	NT=cell-lines;VV=v1.1.0	NT=single-cell;VV=v1.0.0	NT=dia-acquisition;VV=v1.1.0	manual curation	not applicable
PC3_parental_cell_B20	NT=Homo sapiens;AC=NCBITaxon:9606	NT=bone tissue;AC=UBERON:0002481	NT=epithelial cell;AC=CL:0000066	NT=prostate adenocarcinoma;AC=MONDO:0005082	NT=PC-3;AC=EFO:0002074	CVCL_0035	PC-3	NT=adult;AC=EFO:0001272	62Y	male	NT=European ancestry;AC=HANCESTRO:0005	NT=Roswell Park Memorial Institute 1640 Medium;AC=NCIT:C178973	not applicable	NT=single cell;AC=PRIDE:0000897	cellenONE	CONT_B20	1	not pooled	38	run 38	proteomic profiling by mass spectrometry	NT=Orbitrap Ascend;AC=MS:1003356	NT=label free sample;AC=MS:1002038	not applicable	NT=Trypsin;AC=MS:1001251	NT=Lys-C;AC=MS:1001309	Data-independent acquisition	NT=beam-type collision-induced dissociation;AC=MS:1000422	NT=Tris(2-carboxyethyl)phosphine (TCEP);AC=PRIDE:0000609	not applicable	10 ppm	10 ppm	380	780	25	not available	1	1	20240514_FAIMS_60SPD_PC3_CONT_SC_B20.raw	v1.1.0	NT=ms-proteomics;VV=v1.1.0	NT=human;VV=v1.1.0	NT=cell-lines;VV=v1.1.0	NT=single-cell;VV=v1.0.0	NT=dia-acquisition;VV=v1.1.0	manual curation	not applicable
PC3_parental_cell_B21	NT=Homo sapiens;AC=NCBITaxon:9606	NT=bone tissue;AC=UBERON:0002481	NT=epithelial cell;AC=CL:0000066	NT=prostate adenocarcinoma;AC=MONDO:0005082	NT=PC-3;AC=EFO:0002074	CVCL_0035	PC-3	NT=adult;AC=EFO:0001272	62Y	male	NT=European ancestry;AC=HANCESTRO:0005	NT=Roswell Park Memorial Institute 1640 Medium;AC=NCIT:C178973	not applicable	NT=single cell;AC=PRIDE:0000897	cellenONE	CONT_B21	1	not pooled	39	run 39	proteomic profiling by mass spectrometry	NT=Orbitrap Ascend;AC=MS:1003356	NT=label free sample;AC=MS:1002038	not applicable	NT=Trypsin;AC=MS:1001251	NT=Lys-C;AC=MS:1001309	Data-independent acquisition	NT=beam-type collision-induced dissociation;AC=MS:1000422	NT=Tris(2-carboxyethyl)phosphine (TCEP);AC=PRIDE:0000609	not applicable	10 ppm	10 ppm	380	780	25	not available	1	1	20240514_FAIMS_60SPD_PC3_CONT_SC_B21.raw	v1.1.0	NT=ms-proteomics;VV=v1.1.0	NT=human;VV=v1.1.0	NT=cell-lines;VV=v1.1.0	NT=single-cell;VV=v1.0.0	NT=dia-acquisition;VV=v1.1.0	manual curation	not applicable
PC3_parental_cell_B22	NT=Homo sapiens;AC=NCBITaxon:9606	NT=bone tissue;AC=UBERON:0002481	NT=epithelial cell;AC=CL:0000066	NT=prostate adenocarcinoma;AC=MONDO:0005082	NT=PC-3;AC=EFO:0002074	CVCL_0035	PC-3	NT=adult;AC=EFO:0001272	62Y	male	NT=European ancestry;AC=HANCESTRO:0005	NT=Roswell Park Memorial Institute 1640 Medium;AC=NCIT:C178973	not applicable	NT=single cell;AC=PRIDE:0000897	cellenONE	CONT_B22	1	not pooled	40	run 40	proteomic profiling by mass spectrometry	NT=Orbitrap Ascend;AC=MS:1003356	NT=label free sample;AC=MS:1002038	not applicable	NT=Trypsin;AC=MS:1001251	NT=Lys-C;AC=MS:1001309	Data-independent acquisition	NT=beam-type collision-induced dissociation;AC=MS:1000422	NT=Tris(2-carboxyethyl)phosphine (TCEP);AC=PRIDE:0000609	not applicable	10 ppm	10 ppm	380	780	25	not available	1	1	20240514_FAIMS_60SPD_PC3_CONT_SC_B22.raw	v1.1.0	NT=ms-proteomics;VV=v1.1.0	NT=human;VV=v1.1.0	NT=cell-lines;VV=v1.1.0	NT=single-cell;VV=v1.0.0	NT=dia-acquisition;VV=v1.1.0	manual curation	not applicable
PC3_parental_cell_B23	NT=Homo sapiens;AC=NCBITaxon:9606	NT=bone tissue;AC=UBERON:0002481	NT=epithelial cell;AC=CL:0000066	NT=prostate adenocarcinoma;AC=MONDO:0005082	NT=PC-3;AC=EFO:0002074	CVCL_0035	PC-3	NT=adult;AC=EFO:0001272	62Y	male	NT=European ancestry;AC=HANCESTRO:0005	NT=Roswell Park Memorial Institute 1640 Medium;AC=NCIT:C178973	not applicable	NT=single cell;AC=PRIDE:0000897	cellenONE	CONT_B23	1	not pooled	41	run 41	proteomic profiling by mass spectrometry	NT=Orbitrap Ascend;AC=MS:1003356	NT=label free sample;AC=MS:1002038	not applicable	NT=Trypsin;AC=MS:1001251	NT=Lys-C;AC=MS:1001309	Data-independent acquisition	NT=beam-type collision-induced dissociation;AC=MS:1000422	NT=Tris(2-carboxyethyl)phosphine (TCEP);AC=PRIDE:0000609	not applicable	10 ppm	10 ppm	380	780	25	not available	1	1	20240514_FAIMS_60SPD_PC3_CONT_SC_B23.raw	v1.1.0	NT=ms-proteomics;VV=v1.1.0	NT=human;VV=v1.1.0	NT=cell-lines;VV=v1.1.0	NT=single-cell;VV=v1.0.0	NT=dia-acquisition;VV=v1.1.0	manual curation	not applicable
PC3_parental_cell_C02	NT=Homo sapiens;AC=NCBITaxon:9606	NT=bone tissue;AC=UBERON:0002481	NT=epithelial cell;AC=CL:0000066	NT=prostate adenocarcinoma;AC=MONDO:0005082	NT=PC-3;AC=EFO:0002074	CVCL_0035	PC-3	NT=adult;AC=EFO:0001272	62Y	male	NT=European ancestry;AC=HANCESTRO:0005	NT=Roswell Park Memorial Institute 1640 Medium;AC=NCIT:C178973	not applicable	NT=single cell;AC=PRIDE:0000897	cellenONE	CONT_C02	1	not pooled	42	run 42	proteomic profiling by mass spectrometry	NT=Orbitrap Ascend;AC=MS:1003356	NT=label free sample;AC=MS:1002038	not applicable	NT=Trypsin;AC=MS:1001251	NT=Lys-C;AC=MS:1001309	Data-independent acquisition	NT=beam-type collision-induced dissociation;AC=MS:1000422	NT=Tris(2-carboxyethyl)phosphine (TCEP);AC=PRIDE:0000609	not applicable	10 ppm	10 ppm	380	780	25	not available	1	1	20240514_FAIMS_60SPD_PC3_CONT_SC_C02.raw	v1.1.0	NT=ms-proteomics;VV=v1.1.0	NT=human;VV=v1.1.0	NT=cell-lines;VV=v1.1.0	NT=single-cell;VV=v1.0.0	NT=dia-acquisition;VV=v1.1.0	manual curation	not applicable
PC3_parental_cell_C03	NT=Homo sapiens;AC=NCBITaxon:9606	NT=bone tissue;AC=UBERON:0002481	NT=epithelial cell;AC=CL:0000066	NT=prostate adenocarcinoma;AC=MONDO:0005082	NT=PC-3;AC=EFO:0002074	CVCL_0035	PC-3	NT=adult;AC=EFO:0001272	62Y	male	NT=European ancestry;AC=HANCESTRO:0005	NT=Roswell Park Memorial Institute 1640 Medium;AC=NCIT:C178973	not applicable	NT=single cell;AC=PRIDE:0000897	cellenONE	CONT_C03	1	not pooled	43	run 43	proteomic profiling by mass spectrometry	NT=Orbitrap Ascend;AC=MS:1003356	NT=label free sample;AC=MS:1002038	not applicable	NT=Trypsin;AC=MS:1001251	NT=Lys-C;AC=MS:1001309	Data-independent acquisition	NT=beam-type collision-induced dissociation;AC=MS:1000422	NT=Tris(2-carboxyethyl)phosphine (TCEP);AC=PRIDE:0000609	not applicable	10 ppm	10 ppm	380	780	25	not available	1	1	20240514_FAIMS_60SPD_PC3_CONT_SC_C03.raw	v1.1.0	NT=ms-proteomics;VV=v1.1.0	NT=human;VV=v1.1.0	NT=cell-lines;VV=v1.1.0	NT=single-cell;VV=v1.0.0	NT=dia-acquisition;VV=v1.1.0	manual curation	not applicable
PC3_parental_cell_C04	NT=Homo sapiens;AC=NCBITaxon:9606	NT=bone tissue;AC=UBERON:0002481	NT=epithelial cell;AC=CL:0000066	NT=prostate adenocarcinoma;AC=MONDO:0005082	NT=PC-3;AC=EFO:0002074	CVCL_0035	PC-3	NT=adult;AC=EFO:0001272	62Y	male	NT=European ancestry;AC=HANCESTRO:0005	NT=Roswell Park Memorial Institute 1640 Medium;AC=NCIT:C178973	not applicable	NT=single cell;AC=PRIDE:0000897	cellenONE	CONT_C04	1	not pooled	44	run 44	proteomic profiling by mass spectrometry	NT=Orbitrap Ascend;AC=MS:1003356	NT=label free sample;AC=MS:1002038	not applicable	NT=Trypsin;AC=MS:1001251	NT=Lys-C;AC=MS:1001309	Data-independent acquisition	NT=beam-type collision-induced dissociation;AC=MS:1000422	NT=Tris(2-carboxyethyl)phosphine (TCEP);AC=PRIDE:0000609	not applicable	10 ppm	10 ppm	380	780	25	not available	1	1	20240514_FAIMS_60SPD_PC3_CONT_SC_C04.raw	v1.1.0	NT=ms-proteomics;VV=v1.1.0	NT=human;VV=v1.1.0	NT=cell-lines;VV=v1.1.0	NT=single-cell;VV=v1.0.0	NT=dia-acquisition;VV=v1.1.0	manual curation	not applicable
PC3_parental_cell_C05	NT=Homo sapiens;AC=NCBITaxon:9606	NT=bone tissue;AC=UBERON:0002481	NT=epithelial cell;AC=CL:0000066	NT=prostate adenocarcinoma;AC=MONDO:0005082	NT=PC-3;AC=EFO:0002074	CVCL_0035	PC-3	NT=adult;AC=EFO:0001272	62Y	male	NT=European ancestry;AC=HANCESTRO:0005	NT=Roswell Park Memorial Institute 1640 Medium;AC=NCIT:C178973	not applicable	NT=single cell;AC=PRIDE:0000897	cellenONE	CONT_C05	1	not pooled	45	run 45	proteomic profiling by mass spectrometry	NT=Orbitrap Ascend;AC=MS:1003356	NT=label free sample;AC=MS:1002038	not applicable	NT=Trypsin;AC=MS:1001251	NT=Lys-C;AC=MS:1001309	Data-independent acquisition	NT=beam-type collision-induced dissociation;AC=MS:1000422	NT=Tris(2-carboxyethyl)phosphine (TCEP);AC=PRIDE:0000609	not applicable	10 ppm	10 ppm	380	780	25	not available	1	1	20240514_FAIMS_60SPD_PC3_CONT_SC_C05.raw	v1.1.0	NT=ms-proteomics;VV=v1.1.0	NT=human;VV=v1.1.0	NT=cell-lines;VV=v1.1.0	NT=single-cell;VV=v1.0.0	NT=dia-acquisition;VV=v1.1.0	manual curation	not applicable
PC3_parental_cell_C06	NT=Homo sapiens;AC=NCBITaxon:9606	NT=bone tissue;AC=UBERON:0002481	NT=epithelial cell;AC=CL:0000066	NT=prostate adenocarcinoma;AC=MONDO:0005082	NT=PC-3;AC=EFO:0002074	CVCL_0035	PC-3	NT=adult;AC=EFO:0001272	62Y	male	NT=European ancestry;AC=HANCESTRO:0005	NT=Roswell Park Memorial Institute 1640 Medium;AC=NCIT:C178973	not applicable	NT=single cell;AC=PRIDE:0000897	cellenONE	CONT_C06	1	not pooled	46	run 46	proteomic profiling by mass spectrometry	NT=Orbitrap Ascend;AC=MS:1003356	NT=label free sample;AC=MS:1002038	not applicable	NT=Trypsin;AC=MS:1001251	NT=Lys-C;AC=MS:1001309	Data-independent acquisition	NT=beam-type collision-induced dissociation;AC=MS:1000422	NT=Tris(2-carboxyethyl)phosphine (TCEP);AC=PRIDE:0000609	not applicable	10 ppm	10 ppm	380	780	25	not available	1	1	20240514_FAIMS_60SPD_PC3_CONT_SC_C06.raw	v1.1.0	NT=ms-proteomics;VV=v1.1.0	NT=human;VV=v1.1.0	NT=cell-lines;VV=v1.1.0	NT=single-cell;VV=v1.0.0	NT=dia-acquisition;VV=v1.1.0	manual curation	not applicable
PC3_parental_cell_C07	NT=Homo sapiens;AC=NCBITaxon:9606	NT=bone tissue;AC=UBERON:0002481	NT=epithelial cell;AC=CL:0000066	NT=prostate adenocarcinoma;AC=MONDO:0005082	NT=PC-3;AC=EFO:0002074	CVCL_0035	PC-3	NT=adult;AC=EFO:0001272	62Y	male	NT=European ancestry;AC=HANCESTRO:0005	NT=Roswell Park Memorial Institute 1640 Medium;AC=NCIT:C178973	not applicable	NT=single cell;AC=PRIDE:0000897	cellenONE	CONT_C07	1	not pooled	47	run 47	proteomic profiling by mass spectrometry	NT=Orbitrap Ascend;AC=MS:1003356	NT=label free sample;AC=MS:1002038	not applicable	NT=Trypsin;AC=MS:1001251	NT=Lys-C;AC=MS:1001309	Data-independent acquisition	NT=beam-type collision-induced dissociation;AC=MS:1000422	NT=Tris(2-carboxyethyl)phosphine (TCEP);AC=PRIDE:0000609	not applicable	10 ppm	10 ppm	380	780	25	not available	1	1	20240514_FAIMS_60SPD_PC3_CONT_SC_C07.raw	v1.1.0	NT=ms-proteomics;VV=v1.1.0	NT=human;VV=v1.1.0	NT=cell-lines;VV=v1.1.0	NT=single-cell;VV=v1.0.0	NT=dia-acquisition;VV=v1.1.0	manual curation	not applicable
PC3_parental_cell_C08	NT=Homo sapiens;AC=NCBITaxon:9606	NT=bone tissue;AC=UBERON:0002481	NT=epithelial cell;AC=CL:0000066	NT=prostate adenocarcinoma;AC=MONDO:0005082	NT=PC-3;AC=EFO:0002074	CVCL_0035	PC-3	NT=adult;AC=EFO:0001272	62Y	male	NT=European ancestry;AC=HANCESTRO:0005	NT=Roswell Park Memorial Institute 1640 Medium;AC=NCIT:C178973	not applicable	NT=single cell;AC=PRIDE:0000897	cellenONE	CONT_C08	1	not pooled	48	run 48	proteomic profiling by mass spectrometry	NT=Orbitrap Ascend;AC=MS:1003356	NT=label free sample;AC=MS:1002038	not applicable	NT=Trypsin;AC=MS:1001251	NT=Lys-C;AC=MS:1001309	Data-independent acquisition	NT=beam-type collision-induced dissociation;AC=MS:1000422	NT=Tris(2-carboxyethyl)phosphine (TCEP);AC=PRIDE:0000609	not applicable	10 ppm	10 ppm	380	780	25	not available	1	1	20240514_FAIMS_60SPD_PC3_CONT_SC_C08.raw	v1.1.0	NT=ms-proteomics;VV=v1.1.0	NT=human;VV=v1.1.0	NT=cell-lines;VV=v1.1.0	NT=single-cell;VV=v1.0.0	NT=dia-acquisition;VV=v1.1.0	manual curation	not applicable
PC3_parental_cell_C09	NT=Homo sapiens;AC=NCBITaxon:9606	NT=bone tissue;AC=UBERON:0002481	NT=epithelial cell;AC=CL:0000066	NT=prostate adenocarcinoma;AC=MONDO:0005082	NT=PC-3;AC=EFO:0002074	CVCL_0035	PC-3	NT=adult;AC=EFO:0001272	62Y	male	NT=European ancestry;AC=HANCESTRO:0005	NT=Roswell Park Memorial Institute 1640 Medium;AC=NCIT:C178973	not applicable	NT=single cell;AC=PRIDE:0000897	cellenONE	CONT_C09	1	not pooled	49	run 49	proteomic profiling by mass spectrometry	NT=Orbitrap Ascend;AC=MS:1003356	NT=label free sample;AC=MS:1002038	not applicable	NT=Trypsin;AC=MS:1001251	NT=Lys-C;AC=MS:1001309	Data-independent acquisition	NT=beam-type collision-induced dissociation;AC=MS:1000422	NT=Tris(2-carboxyethyl)phosphine (TCEP);AC=PRIDE:0000609	not applicable	10 ppm	10 ppm	380	780	25	not available	1	1	20240514_FAIMS_60SPD_PC3_CONT_SC_C09.raw	v1.1.0	NT=ms-proteomics;VV=v1.1.0	NT=human;VV=v1.1.0	NT=cell-lines;VV=v1.1.0	NT=single-cell;VV=v1.0.0	NT=dia-acquisition;VV=v1.1.0	manual curation	not applicable
PC3_parental_cell_C10	NT=Homo sapiens;AC=NCBITaxon:9606	NT=bone tissue;AC=UBERON:0002481	NT=epithelial cell;AC=CL:0000066	NT=prostate adenocarcinoma;AC=MONDO:0005082	NT=PC-3;AC=EFO:0002074	CVCL_0035	PC-3	NT=adult;AC=EFO:0001272	62Y	male	NT=European ancestry;AC=HANCESTRO:0005	NT=Roswell Park Memorial Institute 1640 Medium;AC=NCIT:C178973	not applicable	NT=single cell;AC=PRIDE:0000897	cellenONE	CONT_C10	1	not pooled	50	run 50	proteomic profiling by mass spectrometry	NT=Orbitrap Ascend;AC=MS:1003356	NT=label free sample;AC=MS:1002038	not applicable	NT=Trypsin;AC=MS:1001251	NT=Lys-C;AC=MS:1001309	Data-independent acquisition	NT=beam-type collision-induced dissociation;AC=MS:1000422	NT=Tris(2-carboxyethyl)phosphine (TCEP);AC=PRIDE:0000609	not applicable	10 ppm	10 ppm	380	780	25	not available	1	1	20240514_FAIMS_60SPD_PC3_CONT_SC_C10.raw	v1.1.0	NT=ms-proteomics;VV=v1.1.0	NT=human;VV=v1.1.0	NT=cell-lines;VV=v1.1.0	NT=single-cell;VV=v1.0.0	NT=dia-acquisition;VV=v1.1.0	manual curation	not applicable
PC3_parental_cell_C11	NT=Homo sapiens;AC=NCBITaxon:9606	NT=bone tissue;AC=UBERON:0002481	NT=epithelial cell;AC=CL:0000066	NT=prostate adenocarcinoma;AC=MONDO:0005082	NT=PC-3;AC=EFO:0002074	CVCL_0035	PC-3	NT=adult;AC=EFO:0001272	62Y	male	NT=European ancestry;AC=HANCESTRO:0005	NT=Roswell Park Memorial Institute 1640 Medium;AC=NCIT:C178973	not applicable	NT=single cell;AC=PRIDE:0000897	cellenONE	CONT_C11	1	not pooled	51	run 51	proteomic profiling by mass spectrometry	NT=Orbitrap Ascend;AC=MS:1003356	NT=label free sample;AC=MS:1002038	not applicable	NT=Trypsin;AC=MS:1001251	NT=Lys-C;AC=MS:1001309	Data-independent acquisition	NT=beam-type collision-induced dissociation;AC=MS:1000422	NT=Tris(2-carboxyethyl)phosphine (TCEP);AC=PRIDE:0000609	not applicable	10 ppm	10 ppm	380	780	25	not available	1	1	20240514_FAIMS_60SPD_PC3_CONT_SC_C11.raw	v1.1.0	NT=ms-proteomics;VV=v1.1.0	NT=human;VV=v1.1.0	NT=cell-lines;VV=v1.1.0	NT=single-cell;VV=v1.0.0	NT=dia-acquisition;VV=v1.1.0	manual curation	not applicable
PC3_parental_cell_C12	NT=Homo sapiens;AC=NCBITaxon:9606	NT=bone tissue;AC=UBERON:0002481	NT=epithelial cell;AC=CL:0000066	NT=prostate adenocarcinoma;AC=MONDO:0005082	NT=PC-3;AC=EFO:0002074	CVCL_0035	PC-3	NT=adult;AC=EFO:0001272	62Y	male	NT=European ancestry;AC=HANCESTRO:0005	NT=Roswell Park Memorial Institute 1640 Medium;AC=NCIT:C178973	not applicable	NT=single cell;AC=PRIDE:0000897	cellenONE	CONT_C12	1	not pooled	52	run 52	proteomic profiling by mass spectrometry	NT=Orbitrap Ascend;AC=MS:1003356	NT=label free sample;AC=MS:1002038	not applicable	NT=Trypsin;AC=MS:1001251	NT=Lys-C;AC=MS:1001309	Data-independent acquisition	NT=beam-type collision-induced dissociation;AC=MS:1000422	NT=Tris(2-carboxyethyl)phosphine (TCEP);AC=PRIDE:0000609	not applicable	10 ppm	10 ppm	380	780	25	not available	1	1	20240514_FAIMS_60SPD_PC3_CONT_SC_C12.raw	v1.1.0	NT=ms-proteomics;VV=v1.1.0	NT=human;VV=v1.1.0	NT=cell-lines;VV=v1.1.0	NT=single-cell;VV=v1.0.0	NT=dia-acquisition;VV=v1.1.0	manual curation	not applicable
PC3_parental_cell_C13	NT=Homo sapiens;AC=NCBITaxon:9606	NT=bone tissue;AC=UBERON:0002481	NT=epithelial cell;AC=CL:0000066	NT=prostate adenocarcinoma;AC=MONDO:0005082	NT=PC-3;AC=EFO:0002074	CVCL_0035	PC-3	NT=adult;AC=EFO:0001272	62Y	male	NT=European ancestry;AC=HANCESTRO:0005	NT=Roswell Park Memorial Institute 1640 Medium;AC=NCIT:C178973	not applicable	NT=single cell;AC=PRIDE:0000897	cellenONE	CONT_C13	1	not pooled	53	run 53	proteomic profiling by mass spectrometry	NT=Orbitrap Ascend;AC=MS:1003356	NT=label free sample;AC=MS:1002038	not applicable	NT=Trypsin;AC=MS:1001251	NT=Lys-C;AC=MS:1001309	Data-independent acquisition	NT=beam-type collision-induced dissociation;AC=MS:1000422	NT=Tris(2-carboxyethyl)phosphine (TCEP);AC=PRIDE:0000609	not applicable	10 ppm	10 ppm	380	780	25	not available	1	1	20240514_FAIMS_60SPD_PC3_CONT_SC_C13.raw	v1.1.0	NT=ms-proteomics;VV=v1.1.0	NT=human;VV=v1.1.0	NT=cell-lines;VV=v1.1.0	NT=single-cell;VV=v1.0.0	NT=dia-acquisition;VV=v1.1.0	manual curation	not applicable
PC3_parental_cell_C14	NT=Homo sapiens;AC=NCBITaxon:9606	NT=bone tissue;AC=UBERON:0002481	NT=epithelial cell;AC=CL:0000066	NT=prostate adenocarcinoma;AC=MONDO:0005082	NT=PC-3;AC=EFO:0002074	CVCL_0035	PC-3	NT=adult;AC=EFO:0001272	62Y	male	NT=European ancestry;AC=HANCESTRO:0005	NT=Roswell Park Memorial Institute 1640 Medium;AC=NCIT:C178973	not applicable	NT=single cell;AC=PRIDE:0000897	cellenONE	CONT_C14	1	not pooled	54	run 54	proteomic profiling by mass spectrometry	NT=Orbitrap Ascend;AC=MS:1003356	NT=label free sample;AC=MS:1002038	not applicable	NT=Trypsin;AC=MS:1001251	NT=Lys-C;AC=MS:1001309	Data-independent acquisition	NT=beam-type collision-induced dissociation;AC=MS:1000422	NT=Tris(2-carboxyethyl)phosphine (TCEP);AC=PRIDE:0000609	not applicable	10 ppm	10 ppm	380	780	25	not available	1	1	20240514_FAIMS_60SPD_PC3_CONT_SC_C14.raw	v1.1.0	NT=ms-proteomics;VV=v1.1.0	NT=human;VV=v1.1.0	NT=cell-lines;VV=v1.1.0	NT=single-cell;VV=v1.0.0	NT=dia-acquisition;VV=v1.1.0	manual curation	not applicable
PC3_parental_cell_C15	NT=Homo sapiens;AC=NCBITaxon:9606	NT=bone tissue;AC=UBERON:0002481	NT=epithelial cell;AC=CL:0000066	NT=prostate adenocarcinoma;AC=MONDO:0005082	NT=PC-3;AC=EFO:0002074	CVCL_0035	PC-3	NT=adult;AC=EFO:0001272	62Y	male	NT=European ancestry;AC=HANCESTRO:0005	NT=Roswell Park Memorial Institute 1640 Medium;AC=NCIT:C178973	not applicable	NT=single cell;AC=PRIDE:0000897	cellenONE	CONT_C15	1	not pooled	55	run 55	proteomic profiling by mass spectrometry	NT=Orbitrap Ascend;AC=MS:1003356	NT=label free sample;AC=MS:1002038	not applicable	NT=Trypsin;AC=MS:1001251	NT=Lys-C;AC=MS:1001309	Data-independent acquisition	NT=beam-type collision-induced dissociation;AC=MS:1000422	NT=Tris(2-carboxyethyl)phosphine (TCEP);AC=PRIDE:0000609	not applicable	10 ppm	10 ppm	380	780	25	not available	1	1	20240514_FAIMS_60SPD_PC3_CONT_SC_C15.raw	v1.1.0	NT=ms-proteomics;VV=v1.1.0	NT=human;VV=v1.1.0	NT=cell-lines;VV=v1.1.0	NT=single-cell;VV=v1.0.0	NT=dia-acquisition;VV=v1.1.0	manual curation	not applicable
PC3_parental_cell_C16	NT=Homo sapiens;AC=NCBITaxon:9606	NT=bone tissue;AC=UBERON:0002481	NT=epithelial cell;AC=CL:0000066	NT=prostate adenocarcinoma;AC=MONDO:0005082	NT=PC-3;AC=EFO:0002074	CVCL_0035	PC-3	NT=adult;AC=EFO:0001272	62Y	male	NT=European ancestry;AC=HANCESTRO:0005	NT=Roswell Park Memorial Institute 1640 Medium;AC=NCIT:C178973	not applicable	NT=single cell;AC=PRIDE:0000897	cellenONE	CONT_C16	1	not pooled	56	run 56	proteomic profiling by mass spectrometry	NT=Orbitrap Ascend;AC=MS:1003356	NT=label free sample;AC=MS:1002038	not applicable	NT=Trypsin;AC=MS:1001251	NT=Lys-C;AC=MS:1001309	Data-independent acquisition	NT=beam-type collision-induced dissociation;AC=MS:1000422	NT=Tris(2-carboxyethyl)phosphine (TCEP);AC=PRIDE:0000609	not applicable	10 ppm	10 ppm	380	780	25	not available	1	1	20240514_FAIMS_60SPD_PC3_CONT_SC_C16.raw	v1.1.0	NT=ms-proteomics;VV=v1.1.0	NT=human;VV=v1.1.0	NT=cell-lines;VV=v1.1.0	NT=single-cell;VV=v1.0.0	NT=dia-acquisition;VV=v1.1.0	manual curation	not applicable
PC3_parental_cell_C17	NT=Homo sapiens;AC=NCBITaxon:9606	NT=bone tissue;AC=UBERON:0002481	NT=epithelial cell;AC=CL:0000066	NT=prostate adenocarcinoma;AC=MONDO:0005082	NT=PC-3;AC=EFO:0002074	CVCL_0035	PC-3	NT=adult;AC=EFO:0001272	62Y	male	NT=European ancestry;AC=HANCESTRO:0005	NT=Roswell Park Memorial Institute 1640 Medium;AC=NCIT:C178973	not applicable	NT=single cell;AC=PRIDE:0000897	cellenONE	CONT_C17	1	not pooled	57	run 57	proteomic profiling by mass spectrometry	NT=Orbitrap Ascend;AC=MS:1003356	NT=label free sample;AC=MS:1002038	not applicable	NT=Trypsin;AC=MS:1001251	NT=Lys-C;AC=MS:1001309	Data-independent acquisition	NT=beam-type collision-induced dissociation;AC=MS:1000422	NT=Tris(2-carboxyethyl)phosphine (TCEP);AC=PRIDE:0000609	not applicable	10 ppm	10 ppm	380	780	25	not available	1	1	20240514_FAIMS_60SPD_PC3_CONT_SC_C17.raw	v1.1.0	NT=ms-proteomics;VV=v1.1.0	NT=human;VV=v1.1.0	NT=cell-lines;VV=v1.1.0	NT=single-cell;VV=v1.0.0	NT=dia-acquisition;VV=v1.1.0	manual curation	not applicable
PC3_parental_cell_C18	NT=Homo sapiens;AC=NCBITaxon:9606	NT=bone tissue;AC=UBERON:0002481	NT=epithelial cell;AC=CL:0000066	NT=prostate adenocarcinoma;AC=MONDO:0005082	NT=PC-3;AC=EFO:0002074	CVCL_0035	PC-3	NT=adult;AC=EFO:0001272	62Y	male	NT=European ancestry;AC=HANCESTRO:0005	NT=Roswell Park Memorial Institute 1640 Medium;AC=NCIT:C178973	not applicable	NT=single cell;AC=PRIDE:0000897	cellenONE	CONT_C18	1	not pooled	58	run 58	proteomic profiling by mass spectrometry	NT=Orbitrap Ascend;AC=MS:1003356	NT=label free sample;AC=MS:1002038	not applicable	NT=Trypsin;AC=MS:1001251	NT=Lys-C;AC=MS:1001309	Data-independent acquisition	NT=beam-type collision-induced dissociation;AC=MS:1000422	NT=Tris(2-carboxyethyl)phosphine (TCEP);AC=PRIDE:0000609	not applicable	10 ppm	10 ppm	380	780	25	not available	1	1	20240514_FAIMS_60SPD_PC3_CONT_SC_C18.raw	v1.1.0	NT=ms-proteomics;VV=v1.1.0	NT=human;VV=v1.1.0	NT=cell-lines;VV=v1.1.0	NT=single-cell;VV=v1.0.0	NT=dia-acquisition;VV=v1.1.0	manual curation	not applicable
PC3_parental_cell_C19	NT=Homo sapiens;AC=NCBITaxon:9606	NT=bone tissue;AC=UBERON:0002481	NT=epithelial cell;AC=CL:0000066	NT=prostate adenocarcinoma;AC=MONDO:0005082	NT=PC-3;AC=EFO:0002074	CVCL_0035	PC-3	NT=adult;AC=EFO:0001272	62Y	male	NT=European ancestry;AC=HANCESTRO:0005	NT=Roswell Park Memorial Institute 1640 Medium;AC=NCIT:C178973	not applicable	NT=single cell;AC=PRIDE:0000897	cellenONE	CONT_C19	1	not pooled	59	run 59	proteomic profiling by mass spectrometry	NT=Orbitrap Ascend;AC=MS:1003356	NT=label free sample;AC=MS:1002038	not applicable	NT=Trypsin;AC=MS:1001251	NT=Lys-C;AC=MS:1001309	Data-independent acquisition	NT=beam-type collision-induced dissociation;AC=MS:1000422	NT=Tris(2-carboxyethyl)phosphine (TCEP);AC=PRIDE:0000609	not applicable	10 ppm	10 ppm	380	780	25	not available	1	1	20240514_FAIMS_60SPD_PC3_CONT_SC_C19.raw	v1.1.0	NT=ms-proteomics;VV=v1.1.0	NT=human;VV=v1.1.0	NT=cell-lines;VV=v1.1.0	NT=single-cell;VV=v1.0.0	NT=dia-acquisition;VV=v1.1.0	manual curation	not applicable
PC3_parental_cell_C20	NT=Homo sapiens;AC=NCBITaxon:9606	NT=bone tissue;AC=UBERON:0002481	NT=epithelial cell;AC=CL:0000066	NT=prostate adenocarcinoma;AC=MONDO:0005082	NT=PC-3;AC=EFO:0002074	CVCL_0035	PC-3	NT=adult;AC=EFO:0001272	62Y	male	NT=European ancestry;AC=HANCESTRO:0005	NT=Roswell Park Memorial Institute 1640 Medium;AC=NCIT:C178973	not applicable	NT=single cell;AC=PRIDE:0000897	cellenONE	CONT_C20	1	not pooled	60	run 60	proteomic profiling by mass spectrometry	NT=Orbitrap Ascend;AC=MS:1003356	NT=label free sample;AC=MS:1002038	not applicable	NT=Trypsin;AC=MS:1001251	NT=Lys-C;AC=MS:1001309	Data-independent acquisition	NT=beam-type collision-induced dissociation;AC=MS:1000422	NT=Tris(2-carboxyethyl)phosphine (TCEP);AC=PRIDE:0000609	not applicable	10 ppm	10 ppm	380	780	25	not available	1	1	20240514_FAIMS_60SPD_PC3_CONT_SC_C20.raw	v1.1.0	NT=ms-proteomics;VV=v1.1.0	NT=human;VV=v1.1.0	NT=cell-lines;VV=v1.1.0	NT=single-cell;VV=v1.0.0	NT=dia-acquisition;VV=v1.1.0	manual curation	not applicable
PC3_parental_cell_C21	NT=Homo sapiens;AC=NCBITaxon:9606	NT=bone tissue;AC=UBERON:0002481	NT=epithelial cell;AC=CL:0000066	NT=prostate adenocarcinoma;AC=MONDO:0005082	NT=PC-3;AC=EFO:0002074	CVCL_0035	PC-3	NT=adult;AC=EFO:0001272	62Y	male	NT=European ancestry;AC=HANCESTRO:0005	NT=Roswell Park Memorial Institute 1640 Medium;AC=NCIT:C178973	not applicable	NT=single cell;AC=PRIDE:0000897	cellenONE	CONT_C21	1	not pooled	61	run 61	proteomic profiling by mass spectrometry	NT=Orbitrap Ascend;AC=MS:1003356	NT=label free sample;AC=MS:1002038	not applicable	NT=Trypsin;AC=MS:1001251	NT=Lys-C;AC=MS:1001309	Data-independent acquisition	NT=beam-type collision-induced dissociation;AC=MS:1000422	NT=Tris(2-carboxyethyl)phosphine (TCEP);AC=PRIDE:0000609	not applicable	10 ppm	10 ppm	380	780	25	not available	1	1	20240514_FAIMS_60SPD_PC3_CONT_SC_C21.raw	v1.1.0	NT=ms-proteomics;VV=v1.1.0	NT=human;VV=v1.1.0	NT=cell-lines;VV=v1.1.0	NT=single-cell;VV=v1.0.0	NT=dia-acquisition;VV=v1.1.0	manual curation	not applicable
PC3_parental_cell_C22	NT=Homo sapiens;AC=NCBITaxon:9606	NT=bone tissue;AC=UBERON:0002481	NT=epithelial cell;AC=CL:0000066	NT=prostate adenocarcinoma;AC=MONDO:0005082	NT=PC-3;AC=EFO:0002074	CVCL_0035	PC-3	NT=adult;AC=EFO:0001272	62Y	male	NT=European ancestry;AC=HANCESTRO:0005	NT=Roswell Park Memorial Institute 1640 Medium;AC=NCIT:C178973	not applicable	NT=single cell;AC=PRIDE:0000897	cellenONE	CONT_C22	1	not pooled	62	run 62	proteomic profiling by mass spectrometry	NT=Orbitrap Ascend;AC=MS:1003356	NT=label free sample;AC=MS:1002038	not applicable	NT=Trypsin;AC=MS:1001251	NT=Lys-C;AC=MS:1001309	Data-independent acquisition	NT=beam-type collision-induced dissociation;AC=MS:1000422	NT=Tris(2-carboxyethyl)phosphine (TCEP);AC=PRIDE:0000609	not applicable	10 ppm	10 ppm	380	780	25	not available	1	1	20240514_FAIMS_60SPD_PC3_CONT_SC_C22.raw	v1.1.0	NT=ms-proteomics;VV=v1.1.0	NT=human;VV=v1.1.0	NT=cell-lines;VV=v1.1.0	NT=single-cell;VV=v1.0.0	NT=dia-acquisition;VV=v1.1.0	manual curation	not applicable
PC3_parental_cell_C23	NT=Homo sapiens;AC=NCBITaxon:9606	NT=bone tissue;AC=UBERON:0002481	NT=epithelial cell;AC=CL:0000066	NT=prostate adenocarcinoma;AC=MONDO:0005082	NT=PC-3;AC=EFO:0002074	CVCL_0035	PC-3	NT=adult;AC=EFO:0001272	62Y	male	NT=European ancestry;AC=HANCESTRO:0005	NT=Roswell Park Memorial Institute 1640 Medium;AC=NCIT:C178973	not applicable	NT=single cell;AC=PRIDE:0000897	cellenONE	CONT_C23	1	not pooled	63	run 63	proteomic profiling by mass spectrometry	NT=Orbitrap Ascend;AC=MS:1003356	NT=label free sample;AC=MS:1002038	not applicable	NT=Trypsin;AC=MS:1001251	NT=Lys-C;AC=MS:1001309	Data-independent acquisition	NT=beam-type collision-induced dissociation;AC=MS:1000422	NT=Tris(2-carboxyethyl)phosphine (TCEP);AC=PRIDE:0000609	not applicable	10 ppm	10 ppm	380	780	25	not available	1	1	20240514_FAIMS_60SPD_PC3_CONT_SC_C23.raw	v1.1.0	NT=ms-proteomics;VV=v1.1.0	NT=human;VV=v1.1.0	NT=cell-lines;VV=v1.1.0	NT=single-cell;VV=v1.0.0	NT=dia-acquisition;VV=v1.1.0	manual curation	not applicable
PC3_parental_cell_D02	NT=Homo sapiens;AC=NCBITaxon:9606	NT=bone tissue;AC=UBERON:0002481	NT=epithelial cell;AC=CL:0000066	NT=prostate adenocarcinoma;AC=MONDO:0005082	NT=PC-3;AC=EFO:0002074	CVCL_0035	PC-3	NT=adult;AC=EFO:0001272	62Y	male	NT=European ancestry;AC=HANCESTRO:0005	NT=Roswell Park Memorial Institute 1640 Medium;AC=NCIT:C178973	not applicable	NT=single cell;AC=PRIDE:0000897	cellenONE	CONT_D02	1	not pooled	64	run 64	proteomic profiling by mass spectrometry	NT=Orbitrap Ascend;AC=MS:1003356	NT=label free sample;AC=MS:1002038	not applicable	NT=Trypsin;AC=MS:1001251	NT=Lys-C;AC=MS:1001309	Data-independent acquisition	NT=beam-type collision-induced dissociation;AC=MS:1000422	NT=Tris(2-carboxyethyl)phosphine (TCEP);AC=PRIDE:0000609	not applicable	10 ppm	10 ppm	380	780	25	not available	1	1	20240514_FAIMS_60SPD_PC3_CONT_SC_D02.raw	v1.1.0	NT=ms-proteomics;VV=v1.1.0	NT=human;VV=v1.1.0	NT=cell-lines;VV=v1.1.0	NT=single-cell;VV=v1.0.0	NT=dia-acquisition;VV=v1.1.0	manual curation	not applicable
PC3_parental_cell_D03	NT=Homo sapiens;AC=NCBITaxon:9606	NT=bone tissue;AC=UBERON:0002481	NT=epithelial cell;AC=CL:0000066	NT=prostate adenocarcinoma;AC=MONDO:0005082	NT=PC-3;AC=EFO:0002074	CVCL_0035	PC-3	NT=adult;AC=EFO:0001272	62Y	male	NT=European ancestry;AC=HANCESTRO:0005	NT=Roswell Park Memorial Institute 1640 Medium;AC=NCIT:C178973	not applicable	NT=single cell;AC=PRIDE:0000897	cellenONE	CONT_D03	1	not pooled	65	run 65	proteomic profiling by mass spectrometry	NT=Orbitrap Ascend;AC=MS:1003356	NT=label free sample;AC=MS:1002038	not applicable	NT=Trypsin;AC=MS:1001251	NT=Lys-C;AC=MS:1001309	Data-independent acquisition	NT=beam-type collision-induced dissociation;AC=MS:1000422	NT=Tris(2-carboxyethyl)phosphine (TCEP);AC=PRIDE:0000609	not applicable	10 ppm	10 ppm	380	780	25	not available	1	1	20240514_FAIMS_60SPD_PC3_CONT_SC_D03.raw	v1.1.0	NT=ms-proteomics;VV=v1.1.0	NT=human;VV=v1.1.0	NT=cell-lines;VV=v1.1.0	NT=single-cell;VV=v1.0.0	NT=dia-acquisition;VV=v1.1.0	manual curation	not applicable
PC3_parental_cell_D04	NT=Homo sapiens;AC=NCBITaxon:9606	NT=bone tissue;AC=UBERON:0002481	NT=epithelial cell;AC=CL:0000066	NT=prostate adenocarcinoma;AC=MONDO:0005082	NT=PC-3;AC=EFO:0002074	CVCL_0035	PC-3	NT=adult;AC=EFO:0001272	62Y	male	NT=European ancestry;AC=HANCESTRO:0005	NT=Roswell Park Memorial Institute 1640 Medium;AC=NCIT:C178973	not applicable	NT=single cell;AC=PRIDE:0000897	cellenONE	CONT_D04	1	not pooled	66	run 66	proteomic profiling by mass spectrometry	NT=Orbitrap Ascend;AC=MS:1003356	NT=label free sample;AC=MS:1002038	not applicable	NT=Trypsin;AC=MS:1001251	NT=Lys-C;AC=MS:1001309	Data-independent acquisition	NT=beam-type collision-induced dissociation;AC=MS:1000422	NT=Tris(2-carboxyethyl)phosphine (TCEP);AC=PRIDE:0000609	not applicable	10 ppm	10 ppm	380	780	25	not available	1	1	20240514_FAIMS_60SPD_PC3_CONT_SC_D04.raw	v1.1.0	NT=ms-proteomics;VV=v1.1.0	NT=human;VV=v1.1.0	NT=cell-lines;VV=v1.1.0	NT=single-cell;VV=v1.0.0	NT=dia-acquisition;VV=v1.1.0	manual curation	not applicable
PC3_parental_cell_D05	NT=Homo sapiens;AC=NCBITaxon:9606	NT=bone tissue;AC=UBERON:0002481	NT=epithelial cell;AC=CL:0000066	NT=prostate adenocarcinoma;AC=MONDO:0005082	NT=PC-3;AC=EFO:0002074	CVCL_0035	PC-3	NT=adult;AC=EFO:0001272	62Y	male	NT=European ancestry;AC=HANCESTRO:0005	NT=Roswell Park Memorial Institute 1640 Medium;AC=NCIT:C178973	not applicable	NT=single cell;AC=PRIDE:0000897	cellenONE	CONT_D05	1	not pooled	67	run 67	proteomic profiling by mass spectrometry	NT=Orbitrap Ascend;AC=MS:1003356	NT=label free sample;AC=MS:1002038	not applicable	NT=Trypsin;AC=MS:1001251	NT=Lys-C;AC=MS:1001309	Data-independent acquisition	NT=beam-type collision-induced dissociation;AC=MS:1000422	NT=Tris(2-carboxyethyl)phosphine (TCEP);AC=PRIDE:0000609	not applicable	10 ppm	10 ppm	380	780	25	not available	1	1	20240514_FAIMS_60SPD_PC3_CONT_SC_D05.raw	v1.1.0	NT=ms-proteomics;VV=v1.1.0	NT=human;VV=v1.1.0	NT=cell-lines;VV=v1.1.0	NT=single-cell;VV=v1.0.0	NT=dia-acquisition;VV=v1.1.0	manual curation	not applicable
PC3_parental_cell_D06	NT=Homo sapiens;AC=NCBITaxon:9606	NT=bone tissue;AC=UBERON:0002481	NT=epithelial cell;AC=CL:0000066	NT=prostate adenocarcinoma;AC=MONDO:0005082	NT=PC-3;AC=EFO:0002074	CVCL_0035	PC-3	NT=adult;AC=EFO:0001272	62Y	male	NT=European ancestry;AC=HANCESTRO:0005	NT=Roswell Park Memorial Institute 1640 Medium;AC=NCIT:C178973	not applicable	NT=single cell;AC=PRIDE:0000897	cellenONE	CONT_D06	1	not pooled	68	run 68	proteomic profiling by mass spectrometry	NT=Orbitrap Ascend;AC=MS:1003356	NT=label free sample;AC=MS:1002038	not applicable	NT=Trypsin;AC=MS:1001251	NT=Lys-C;AC=MS:1001309	Data-independent acquisition	NT=beam-type collision-induced dissociation;AC=MS:1000422	NT=Tris(2-carboxyethyl)phosphine (TCEP);AC=PRIDE:0000609	not applicable	10 ppm	10 ppm	380	780	25	not available	1	1	20240514_FAIMS_60SPD_PC3_CONT_SC_D06.raw	v1.1.0	NT=ms-proteomics;VV=v1.1.0	NT=human;VV=v1.1.0	NT=cell-lines;VV=v1.1.0	NT=single-cell;VV=v1.0.0	NT=dia-acquisition;VV=v1.1.0	manual curation	not applicable
PC3_parental_cell_D07	NT=Homo sapiens;AC=NCBITaxon:9606	NT=bone tissue;AC=UBERON:0002481	NT=epithelial cell;AC=CL:0000066	NT=prostate adenocarcinoma;AC=MONDO:0005082	NT=PC-3;AC=EFO:0002074	CVCL_0035	PC-3	NT=adult;AC=EFO:0001272	62Y	male	NT=European ancestry;AC=HANCESTRO:0005	NT=Roswell Park Memorial Institute 1640 Medium;AC=NCIT:C178973	not applicable	NT=single cell;AC=PRIDE:0000897	cellenONE	CONT_D07	1	not pooled	69	run 69	proteomic profiling by mass spectrometry	NT=Orbitrap Ascend;AC=MS:1003356	NT=label free sample;AC=MS:1002038	not applicable	NT=Trypsin;AC=MS:1001251	NT=Lys-C;AC=MS:1001309	Data-independent acquisition	NT=beam-type collision-induced dissociation;AC=MS:1000422	NT=Tris(2-carboxyethyl)phosphine (TCEP);AC=PRIDE:0000609	not applicable	10 ppm	10 ppm	380	780	25	not available	1	1	20240514_FAIMS_60SPD_PC3_CONT_SC_D07.raw	v1.1.0	NT=ms-proteomics;VV=v1.1.0	NT=human;VV=v1.1.0	NT=cell-lines;VV=v1.1.0	NT=single-cell;VV=v1.0.0	NT=dia-acquisition;VV=v1.1.0	manual curation	not applicable
PC3_parental_cell_D09	NT=Homo sapiens;AC=NCBITaxon:9606	NT=bone tissue;AC=UBERON:0002481	NT=epithelial cell;AC=CL:0000066	NT=prostate adenocarcinoma;AC=MONDO:0005082	NT=PC-3;AC=EFO:0002074	CVCL_0035	PC-3	NT=adult;AC=EFO:0001272	62Y	male	NT=European ancestry;AC=HANCESTRO:0005	NT=Roswell Park Memorial Institute 1640 Medium;AC=NCIT:C178973	not applicable	NT=single cell;AC=PRIDE:0000897	cellenONE	CONT_D09	1	not pooled	70	run 70	proteomic profiling by mass spectrometry	NT=Orbitrap Ascend;AC=MS:1003356	NT=label free sample;AC=MS:1002038	not applicable	NT=Trypsin;AC=MS:1001251	NT=Lys-C;AC=MS:1001309	Data-independent acquisition	NT=beam-type collision-induced dissociation;AC=MS:1000422	NT=Tris(2-carboxyethyl)phosphine (TCEP);AC=PRIDE:0000609	not applicable	10 ppm	10 ppm	380	780	25	not available	1	1	20240514_FAIMS_60SPD_PC3_CONT_SC_D09.raw	v1.1.0	NT=ms-proteomics;VV=v1.1.0	NT=human;VV=v1.1.0	NT=cell-lines;VV=v1.1.0	NT=single-cell;VV=v1.0.0	NT=dia-acquisition;VV=v1.1.0	manual curation	not applicable
PC3_parental_cell_D21	NT=Homo sapiens;AC=NCBITaxon:9606	NT=bone tissue;AC=UBERON:0002481	NT=epithelial cell;AC=CL:0000066	NT=prostate adenocarcinoma;AC=MONDO:0005082	NT=PC-3;AC=EFO:0002074	CVCL_0035	PC-3	NT=adult;AC=EFO:0001272	62Y	male	NT=European ancestry;AC=HANCESTRO:0005	NT=Roswell Park Memorial Institute 1640 Medium;AC=NCIT:C178973	not applicable	NT=single cell;AC=PRIDE:0000897	cellenONE	CONT_D21	1	not pooled	71	run 71	proteomic profiling by mass spectrometry	NT=Orbitrap Ascend;AC=MS:1003356	NT=label free sample;AC=MS:1002038	not applicable	NT=Trypsin;AC=MS:1001251	NT=Lys-C;AC=MS:1001309	Data-independent acquisition	NT=beam-type collision-induced dissociation;AC=MS:1000422	NT=Tris(2-carboxyethyl)phosphine (TCEP);AC=PRIDE:0000609	not applicable	10 ppm	10 ppm	380	780	25	not available	1	1	20240514_FAIMS_60SPD_PC3_CONT_SC_D21.raw	v1.1.0	NT=ms-proteomics;VV=v1.1.0	NT=human;VV=v1.1.0	NT=cell-lines;VV=v1.1.0	NT=single-cell;VV=v1.0.0	NT=dia-acquisition;VV=v1.1.0	manual curation	not applicable
PC3_parental_cell_D23	NT=Homo sapiens;AC=NCBITaxon:9606	NT=bone tissue;AC=UBERON:0002481	NT=epithelial cell;AC=CL:0000066	NT=prostate adenocarcinoma;AC=MONDO:0005082	NT=PC-3;AC=EFO:0002074	CVCL_0035	PC-3	NT=adult;AC=EFO:0001272	62Y	male	NT=European ancestry;AC=HANCESTRO:0005	NT=Roswell Park Memorial Institute 1640 Medium;AC=NCIT:C178973	not applicable	NT=single cell;AC=PRIDE:0000897	cellenONE	CONT_D23	1	not pooled	72	run 72	proteomic profiling by mass spectrometry	NT=Orbitrap Ascend;AC=MS:1003356	NT=label free sample;AC=MS:1002038	not applicable	NT=Trypsin;AC=MS:1001251	NT=Lys-C;AC=MS:1001309	Data-independent acquisition	NT=beam-type collision-induced dissociation;AC=MS:1000422	NT=Tris(2-carboxyethyl)phosphine (TCEP);AC=PRIDE:0000609	not applicable	10 ppm	10 ppm	380	780	25	not available	1	1	20240514_FAIMS_60SPD_PC3_CONT_SC_D23.raw	v1.1.0	NT=ms-proteomics;VV=v1.1.0	NT=human;VV=v1.1.0	NT=cell-lines;VV=v1.1.0	NT=single-cell;VV=v1.0.0	NT=dia-acquisition;VV=v1.1.0	manual curation	not applicable
PC3_DRC_cell_I02	NT=Homo sapiens;AC=NCBITaxon:9606	NT=bone tissue;AC=UBERON:0002481	NT=epithelial cell;AC=CL:0000066	NT=prostate adenocarcinoma;AC=MONDO:0005082	NT=PC-3;AC=EFO:0002074	CVCL_0035	PC-3	NT=adult;AC=EFO:0001272	62Y	male	NT=European ancestry;AC=HANCESTRO:0005	NT=Roswell Park Memorial Institute 1640 Medium;AC=NCIT:C178973	NT=Cisplatin;AC=NCIT:C376	NT=single cell;AC=PRIDE:0000897	cellenONE	PACC_I02	1	not pooled	1	run 73	proteomic profiling by mass spectrometry	NT=Orbitrap Ascend;AC=MS:1003356	NT=label free sample;AC=MS:1002038	not applicable	NT=Trypsin;AC=MS:1001251	NT=Lys-C;AC=MS:1001309	Data-independent acquisition	NT=beam-type collision-induced dissociation;AC=MS:1000422	NT=Tris(2-carboxyethyl)phosphine (TCEP);AC=PRIDE:0000609	not applicable	10 ppm	10 ppm	380	780	25	not available	1	1	20240514_FAIMS_60SPD_PC3_PACC_SC_I02.raw	v1.1.0	NT=ms-proteomics;VV=v1.1.0	NT=human;VV=v1.1.0	NT=cell-lines;VV=v1.1.0	NT=single-cell;VV=v1.0.0	NT=dia-acquisition;VV=v1.1.0	manual curation	NT=Cisplatin;AC=NCIT:C376
PC3_DRC_cell_I03	NT=Homo sapiens;AC=NCBITaxon:9606	NT=bone tissue;AC=UBERON:0002481	NT=epithelial cell;AC=CL:0000066	NT=prostate adenocarcinoma;AC=MONDO:0005082	NT=PC-3;AC=EFO:0002074	CVCL_0035	PC-3	NT=adult;AC=EFO:0001272	62Y	male	NT=European ancestry;AC=HANCESTRO:0005	NT=Roswell Park Memorial Institute 1640 Medium;AC=NCIT:C178973	NT=Cisplatin;AC=NCIT:C376	NT=single cell;AC=PRIDE:0000897	cellenONE	PACC_I03	1	not pooled	2	run 74	proteomic profiling by mass spectrometry	NT=Orbitrap Ascend;AC=MS:1003356	NT=label free sample;AC=MS:1002038	not applicable	NT=Trypsin;AC=MS:1001251	NT=Lys-C;AC=MS:1001309	Data-independent acquisition	NT=beam-type collision-induced dissociation;AC=MS:1000422	NT=Tris(2-carboxyethyl)phosphine (TCEP);AC=PRIDE:0000609	not applicable	10 ppm	10 ppm	380	780	25	not available	1	1	20240514_FAIMS_60SPD_PC3_PACC_SC_I03.raw	v1.1.0	NT=ms-proteomics;VV=v1.1.0	NT=human;VV=v1.1.0	NT=cell-lines;VV=v1.1.0	NT=single-cell;VV=v1.0.0	NT=dia-acquisition;VV=v1.1.0	manual curation	NT=Cisplatin;AC=NCIT:C376
PC3_DRC_cell_I04	NT=Homo sapiens;AC=NCBITaxon:9606	NT=bone tissue;AC=UBERON:0002481	NT=epithelial cell;AC=CL:0000066	NT=prostate adenocarcinoma;AC=MONDO:0005082	NT=PC-3;AC=EFO:0002074	CVCL_0035	PC-3	NT=adult;AC=EFO:0001272	62Y	male	NT=European ancestry;AC=HANCESTRO:0005	NT=Roswell Park Memorial Institute 1640 Medium;AC=NCIT:C178973	NT=Cisplatin;AC=NCIT:C376	NT=single cell;AC=PRIDE:0000897	cellenONE	PACC_I04	1	not pooled	3	run 75	proteomic profiling by mass spectrometry	NT=Orbitrap Ascend;AC=MS:1003356	NT=label free sample;AC=MS:1002038	not applicable	NT=Trypsin;AC=MS:1001251	NT=Lys-C;AC=MS:1001309	Data-independent acquisition	NT=beam-type collision-induced dissociation;AC=MS:1000422	NT=Tris(2-carboxyethyl)phosphine (TCEP);AC=PRIDE:0000609	not applicable	10 ppm	10 ppm	380	780	25	not available	1	1	20240514_FAIMS_60SPD_PC3_PACC_SC_I04.raw	v1.1.0	NT=ms-proteomics;VV=v1.1.0	NT=human;VV=v1.1.0	NT=cell-lines;VV=v1.1.0	NT=single-cell;VV=v1.0.0	NT=dia-acquisition;VV=v1.1.0	manual curation	NT=Cisplatin;AC=NCIT:C376
PC3_DRC_cell_I05	NT=Homo sapiens;AC=NCBITaxon:9606	NT=bone tissue;AC=UBERON:0002481	NT=epithelial cell;AC=CL:0000066	NT=prostate adenocarcinoma;AC=MONDO:0005082	NT=PC-3;AC=EFO:0002074	CVCL_0035	PC-3	NT=adult;AC=EFO:0001272	62Y	male	NT=European ancestry;AC=HANCESTRO:0005	NT=Roswell Park Memorial Institute 1640 Medium;AC=NCIT:C178973	NT=Cisplatin;AC=NCIT:C376	NT=single cell;AC=PRIDE:0000897	cellenONE	PACC_I05	1	not pooled	4	run 76	proteomic profiling by mass spectrometry	NT=Orbitrap Ascend;AC=MS:1003356	NT=label free sample;AC=MS:1002038	not applicable	NT=Trypsin;AC=MS:1001251	NT=Lys-C;AC=MS:1001309	Data-independent acquisition	NT=beam-type collision-induced dissociation;AC=MS:1000422	NT=Tris(2-carboxyethyl)phosphine (TCEP);AC=PRIDE:0000609	not applicable	10 ppm	10 ppm	380	780	25	not available	1	1	20240514_FAIMS_60SPD_PC3_PACC_SC_I05.raw	v1.1.0	NT=ms-proteomics;VV=v1.1.0	NT=human;VV=v1.1.0	NT=cell-lines;VV=v1.1.0	NT=single-cell;VV=v1.0.0	NT=dia-acquisition;VV=v1.1.0	manual curation	NT=Cisplatin;AC=NCIT:C376
PC3_DRC_cell_I06	NT=Homo sapiens;AC=NCBITaxon:9606	NT=bone tissue;AC=UBERON:0002481	NT=epithelial cell;AC=CL:0000066	NT=prostate adenocarcinoma;AC=MONDO:0005082	NT=PC-3;AC=EFO:0002074	CVCL_0035	PC-3	NT=adult;AC=EFO:0001272	62Y	male	NT=European ancestry;AC=HANCESTRO:0005	NT=Roswell Park Memorial Institute 1640 Medium;AC=NCIT:C178973	NT=Cisplatin;AC=NCIT:C376	NT=single cell;AC=PRIDE:0000897	cellenONE	PACC_I06	1	not pooled	5	run 77	proteomic profiling by mass spectrometry	NT=Orbitrap Ascend;AC=MS:1003356	NT=label free sample;AC=MS:1002038	not applicable	NT=Trypsin;AC=MS:1001251	NT=Lys-C;AC=MS:1001309	Data-independent acquisition	NT=beam-type collision-induced dissociation;AC=MS:1000422	NT=Tris(2-carboxyethyl)phosphine (TCEP);AC=PRIDE:0000609	not applicable	10 ppm	10 ppm	380	780	25	not available	1	1	20240514_FAIMS_60SPD_PC3_PACC_SC_I06.raw	v1.1.0	NT=ms-proteomics;VV=v1.1.0	NT=human;VV=v1.1.0	NT=cell-lines;VV=v1.1.0	NT=single-cell;VV=v1.0.0	NT=dia-acquisition;VV=v1.1.0	manual curation	NT=Cisplatin;AC=NCIT:C376
PC3_DRC_cell_I07	NT=Homo sapiens;AC=NCBITaxon:9606	NT=bone tissue;AC=UBERON:0002481	NT=epithelial cell;AC=CL:0000066	NT=prostate adenocarcinoma;AC=MONDO:0005082	NT=PC-3;AC=EFO:0002074	CVCL_0035	PC-3	NT=adult;AC=EFO:0001272	62Y	male	NT=European ancestry;AC=HANCESTRO:0005	NT=Roswell Park Memorial Institute 1640 Medium;AC=NCIT:C178973	NT=Cisplatin;AC=NCIT:C376	NT=single cell;AC=PRIDE:0000897	cellenONE	PACC_I07	1	not pooled	6	run 78	proteomic profiling by mass spectrometry	NT=Orbitrap Ascend;AC=MS:1003356	NT=label free sample;AC=MS:1002038	not applicable	NT=Trypsin;AC=MS:1001251	NT=Lys-C;AC=MS:1001309	Data-independent acquisition	NT=beam-type collision-induced dissociation;AC=MS:1000422	NT=Tris(2-carboxyethyl)phosphine (TCEP);AC=PRIDE:0000609	not applicable	10 ppm	10 ppm	380	780	25	not available	1	1	20240514_FAIMS_60SPD_PC3_PACC_SC_I07.raw	v1.1.0	NT=ms-proteomics;VV=v1.1.0	NT=human;VV=v1.1.0	NT=cell-lines;VV=v1.1.0	NT=single-cell;VV=v1.0.0	NT=dia-acquisition;VV=v1.1.0	manual curation	NT=Cisplatin;AC=NCIT:C376
PC3_DRC_cell_I08	NT=Homo sapiens;AC=NCBITaxon:9606	NT=bone tissue;AC=UBERON:0002481	NT=epithelial cell;AC=CL:0000066	NT=prostate adenocarcinoma;AC=MONDO:0005082	NT=PC-3;AC=EFO:0002074	CVCL_0035	PC-3	NT=adult;AC=EFO:0001272	62Y	male	NT=European ancestry;AC=HANCESTRO:0005	NT=Roswell Park Memorial Institute 1640 Medium;AC=NCIT:C178973	NT=Cisplatin;AC=NCIT:C376	NT=single cell;AC=PRIDE:0000897	cellenONE	PACC_I08	1	not pooled	7	run 79	proteomic profiling by mass spectrometry	NT=Orbitrap Ascend;AC=MS:1003356	NT=label free sample;AC=MS:1002038	not applicable	NT=Trypsin;AC=MS:1001251	NT=Lys-C;AC=MS:1001309	Data-independent acquisition	NT=beam-type collision-induced dissociation;AC=MS:1000422	NT=Tris(2-carboxyethyl)phosphine (TCEP);AC=PRIDE:0000609	not applicable	10 ppm	10 ppm	380	780	25	not available	1	1	20240514_FAIMS_60SPD_PC3_PACC_SC_I08.raw	v1.1.0	NT=ms-proteomics;VV=v1.1.0	NT=human;VV=v1.1.0	NT=cell-lines;VV=v1.1.0	NT=single-cell;VV=v1.0.0	NT=dia-acquisition;VV=v1.1.0	manual curation	NT=Cisplatin;AC=NCIT:C376
PC3_DRC_cell_I09	NT=Homo sapiens;AC=NCBITaxon:9606	NT=bone tissue;AC=UBERON:0002481	NT=epithelial cell;AC=CL:0000066	NT=prostate adenocarcinoma;AC=MONDO:0005082	NT=PC-3;AC=EFO:0002074	CVCL_0035	PC-3	NT=adult;AC=EFO:0001272	62Y	male	NT=European ancestry;AC=HANCESTRO:0005	NT=Roswell Park Memorial Institute 1640 Medium;AC=NCIT:C178973	NT=Cisplatin;AC=NCIT:C376	NT=single cell;AC=PRIDE:0000897	cellenONE	PACC_I09	1	not pooled	8	run 80	proteomic profiling by mass spectrometry	NT=Orbitrap Ascend;AC=MS:1003356	NT=label free sample;AC=MS:1002038	not applicable	NT=Trypsin;AC=MS:1001251	NT=Lys-C;AC=MS:1001309	Data-independent acquisition	NT=beam-type collision-induced dissociation;AC=MS:1000422	NT=Tris(2-carboxyethyl)phosphine (TCEP);AC=PRIDE:0000609	not applicable	10 ppm	10 ppm	380	780	25	not available	1	1	20240514_FAIMS_60SPD_PC3_PACC_SC_I09.raw	v1.1.0	NT=ms-proteomics;VV=v1.1.0	NT=human;VV=v1.1.0	NT=cell-lines;VV=v1.1.0	NT=single-cell;VV=v1.0.0	NT=dia-acquisition;VV=v1.1.0	manual curation	NT=Cisplatin;AC=NCIT:C376
PC3_DRC_cell_I11	NT=Homo sapiens;AC=NCBITaxon:9606	NT=bone tissue;AC=UBERON:0002481	NT=epithelial cell;AC=CL:0000066	NT=prostate adenocarcinoma;AC=MONDO:0005082	NT=PC-3;AC=EFO:0002074	CVCL_0035	PC-3	NT=adult;AC=EFO:0001272	62Y	male	NT=European ancestry;AC=HANCESTRO:0005	NT=Roswell Park Memorial Institute 1640 Medium;AC=NCIT:C178973	NT=Cisplatin;AC=NCIT:C376	NT=single cell;AC=PRIDE:0000897	cellenONE	PACC_I11	1	not pooled	9	run 81	proteomic profiling by mass spectrometry	NT=Orbitrap Ascend;AC=MS:1003356	NT=label free sample;AC=MS:1002038	not applicable	NT=Trypsin;AC=MS:1001251	NT=Lys-C;AC=MS:1001309	Data-independent acquisition	NT=beam-type collision-induced dissociation;AC=MS:1000422	NT=Tris(2-carboxyethyl)phosphine (TCEP);AC=PRIDE:0000609	not applicable	10 ppm	10 ppm	380	780	25	not available	1	1	20240514_FAIMS_60SPD_PC3_PACC_SC_I11.raw	v1.1.0	NT=ms-proteomics;VV=v1.1.0	NT=human;VV=v1.1.0	NT=cell-lines;VV=v1.1.0	NT=single-cell;VV=v1.0.0	NT=dia-acquisition;VV=v1.1.0	manual curation	NT=Cisplatin;AC=NCIT:C376
PC3_DRC_cell_I12	NT=Homo sapiens;AC=NCBITaxon:9606	NT=bone tissue;AC=UBERON:0002481	NT=epithelial cell;AC=CL:0000066	NT=prostate adenocarcinoma;AC=MONDO:0005082	NT=PC-3;AC=EFO:0002074	CVCL_0035	PC-3	NT=adult;AC=EFO:0001272	62Y	male	NT=European ancestry;AC=HANCESTRO:0005	NT=Roswell Park Memorial Institute 1640 Medium;AC=NCIT:C178973	NT=Cisplatin;AC=NCIT:C376	NT=single cell;AC=PRIDE:0000897	cellenONE	PACC_I12	1	not pooled	10	run 82	proteomic profiling by mass spectrometry	NT=Orbitrap Ascend;AC=MS:1003356	NT=label free sample;AC=MS:1002038	not applicable	NT=Trypsin;AC=MS:1001251	NT=Lys-C;AC=MS:1001309	Data-independent acquisition	NT=beam-type collision-induced dissociation;AC=MS:1000422	NT=Tris(2-carboxyethyl)phosphine (TCEP);AC=PRIDE:0000609	not applicable	10 ppm	10 ppm	380	780	25	not available	1	1	20240514_FAIMS_60SPD_PC3_PACC_SC_I12.raw	v1.1.0	NT=ms-proteomics;VV=v1.1.0	NT=human;VV=v1.1.0	NT=cell-lines;VV=v1.1.0	NT=single-cell;VV=v1.0.0	NT=dia-acquisition;VV=v1.1.0	manual curation	NT=Cisplatin;AC=NCIT:C376
PC3_DRC_cell_I13	NT=Homo sapiens;AC=NCBITaxon:9606	NT=bone tissue;AC=UBERON:0002481	NT=epithelial cell;AC=CL:0000066	NT=prostate adenocarcinoma;AC=MONDO:0005082	NT=PC-3;AC=EFO:0002074	CVCL_0035	PC-3	NT=adult;AC=EFO:0001272	62Y	male	NT=European ancestry;AC=HANCESTRO:0005	NT=Roswell Park Memorial Institute 1640 Medium;AC=NCIT:C178973	NT=Cisplatin;AC=NCIT:C376	NT=single cell;AC=PRIDE:0000897	cellenONE	PACC_I13	1	not pooled	11	run 83	proteomic profiling by mass spectrometry	NT=Orbitrap Ascend;AC=MS:1003356	NT=label free sample;AC=MS:1002038	not applicable	NT=Trypsin;AC=MS:1001251	NT=Lys-C;AC=MS:1001309	Data-independent acquisition	NT=beam-type collision-induced dissociation;AC=MS:1000422	NT=Tris(2-carboxyethyl)phosphine (TCEP);AC=PRIDE:0000609	not applicable	10 ppm	10 ppm	380	780	25	not available	1	1	20240514_FAIMS_60SPD_PC3_PACC_SC_I13.raw	v1.1.0	NT=ms-proteomics;VV=v1.1.0	NT=human;VV=v1.1.0	NT=cell-lines;VV=v1.1.0	NT=single-cell;VV=v1.0.0	NT=dia-acquisition;VV=v1.1.0	manual curation	NT=Cisplatin;AC=NCIT:C376
PC3_DRC_cell_I14	NT=Homo sapiens;AC=NCBITaxon:9606	NT=bone tissue;AC=UBERON:0002481	NT=epithelial cell;AC=CL:0000066	NT=prostate adenocarcinoma;AC=MONDO:0005082	NT=PC-3;AC=EFO:0002074	CVCL_0035	PC-3	NT=adult;AC=EFO:0001272	62Y	male	NT=European ancestry;AC=HANCESTRO:0005	NT=Roswell Park Memorial Institute 1640 Medium;AC=NCIT:C178973	NT=Cisplatin;AC=NCIT:C376	NT=single cell;AC=PRIDE:0000897	cellenONE	PACC_I14	1	not pooled	12	run 84	proteomic profiling by mass spectrometry	NT=Orbitrap Ascend;AC=MS:1003356	NT=label free sample;AC=MS:1002038	not applicable	NT=Trypsin;AC=MS:1001251	NT=Lys-C;AC=MS:1001309	Data-independent acquisition	NT=beam-type collision-induced dissociation;AC=MS:1000422	NT=Tris(2-carboxyethyl)phosphine (TCEP);AC=PRIDE:0000609	not applicable	10 ppm	10 ppm	380	780	25	not available	1	1	20240514_FAIMS_60SPD_PC3_PACC_SC_I14.raw	v1.1.0	NT=ms-proteomics;VV=v1.1.0	NT=human;VV=v1.1.0	NT=cell-lines;VV=v1.1.0	NT=single-cell;VV=v1.0.0	NT=dia-acquisition;VV=v1.1.0	manual curation	NT=Cisplatin;AC=NCIT:C376
PC3_DRC_cell_I16	NT=Homo sapiens;AC=NCBITaxon:9606	NT=bone tissue;AC=UBERON:0002481	NT=epithelial cell;AC=CL:0000066	NT=prostate adenocarcinoma;AC=MONDO:0005082	NT=PC-3;AC=EFO:0002074	CVCL_0035	PC-3	NT=adult;AC=EFO:0001272	62Y	male	NT=European ancestry;AC=HANCESTRO:0005	NT=Roswell Park Memorial Institute 1640 Medium;AC=NCIT:C178973	NT=Cisplatin;AC=NCIT:C376	NT=single cell;AC=PRIDE:0000897	cellenONE	PACC_I16	1	not pooled	13	run 85	proteomic profiling by mass spectrometry	NT=Orbitrap Ascend;AC=MS:1003356	NT=label free sample;AC=MS:1002038	not applicable	NT=Trypsin;AC=MS:1001251	NT=Lys-C;AC=MS:1001309	Data-independent acquisition	NT=beam-type collision-induced dissociation;AC=MS:1000422	NT=Tris(2-carboxyethyl)phosphine (TCEP);AC=PRIDE:0000609	not applicable	10 ppm	10 ppm	380	780	25	not available	1	1	20240514_FAIMS_60SPD_PC3_PACC_SC_I16.raw	v1.1.0	NT=ms-proteomics;VV=v1.1.0	NT=human;VV=v1.1.0	NT=cell-lines;VV=v1.1.0	NT=single-cell;VV=v1.0.0	NT=dia-acquisition;VV=v1.1.0	manual curation	NT=Cisplatin;AC=NCIT:C376
PC3_DRC_cell_I17	NT=Homo sapiens;AC=NCBITaxon:9606	NT=bone tissue;AC=UBERON:0002481	NT=epithelial cell;AC=CL:0000066	NT=prostate adenocarcinoma;AC=MONDO:0005082	NT=PC-3;AC=EFO:0002074	CVCL_0035	PC-3	NT=adult;AC=EFO:0001272	62Y	male	NT=European ancestry;AC=HANCESTRO:0005	NT=Roswell Park Memorial Institute 1640 Medium;AC=NCIT:C178973	NT=Cisplatin;AC=NCIT:C376	NT=single cell;AC=PRIDE:0000897	cellenONE	PACC_I17	1	not pooled	14	run 86	proteomic profiling by mass spectrometry	NT=Orbitrap Ascend;AC=MS:1003356	NT=label free sample;AC=MS:1002038	not applicable	NT=Trypsin;AC=MS:1001251	NT=Lys-C;AC=MS:1001309	Data-independent acquisition	NT=beam-type collision-induced dissociation;AC=MS:1000422	NT=Tris(2-carboxyethyl)phosphine (TCEP);AC=PRIDE:0000609	not applicable	10 ppm	10 ppm	380	780	25	not available	1	1	20240514_FAIMS_60SPD_PC3_PACC_SC_I17.raw	v1.1.0	NT=ms-proteomics;VV=v1.1.0	NT=human;VV=v1.1.0	NT=cell-lines;VV=v1.1.0	NT=single-cell;VV=v1.0.0	NT=dia-acquisition;VV=v1.1.0	manual curation	NT=Cisplatin;AC=NCIT:C376
PC3_DRC_cell_I18	NT=Homo sapiens;AC=NCBITaxon:9606	NT=bone tissue;AC=UBERON:0002481	NT=epithelial cell;AC=CL:0000066	NT=prostate adenocarcinoma;AC=MONDO:0005082	NT=PC-3;AC=EFO:0002074	CVCL_0035	PC-3	NT=adult;AC=EFO:0001272	62Y	male	NT=European ancestry;AC=HANCESTRO:0005	NT=Roswell Park Memorial Institute 1640 Medium;AC=NCIT:C178973	NT=Cisplatin;AC=NCIT:C376	NT=single cell;AC=PRIDE:0000897	cellenONE	PACC_I18	1	not pooled	15	run 87	proteomic profiling by mass spectrometry	NT=Orbitrap Ascend;AC=MS:1003356	NT=label free sample;AC=MS:1002038	not applicable	NT=Trypsin;AC=MS:1001251	NT=Lys-C;AC=MS:1001309	Data-independent acquisition	NT=beam-type collision-induced dissociation;AC=MS:1000422	NT=Tris(2-carboxyethyl)phosphine (TCEP);AC=PRIDE:0000609	not applicable	10 ppm	10 ppm	380	780	25	not available	1	1	20240514_FAIMS_60SPD_PC3_PACC_SC_I18.raw	v1.1.0	NT=ms-proteomics;VV=v1.1.0	NT=human;VV=v1.1.0	NT=cell-lines;VV=v1.1.0	NT=single-cell;VV=v1.0.0	NT=dia-acquisition;VV=v1.1.0	manual curation	NT=Cisplatin;AC=NCIT:C376
PC3_DRC_cell_I19	NT=Homo sapiens;AC=NCBITaxon:9606	NT=bone tissue;AC=UBERON:0002481	NT=epithelial cell;AC=CL:0000066	NT=prostate adenocarcinoma;AC=MONDO:0005082	NT=PC-3;AC=EFO:0002074	CVCL_0035	PC-3	NT=adult;AC=EFO:0001272	62Y	male	NT=European ancestry;AC=HANCESTRO:0005	NT=Roswell Park Memorial Institute 1640 Medium;AC=NCIT:C178973	NT=Cisplatin;AC=NCIT:C376	NT=single cell;AC=PRIDE:0000897	cellenONE	PACC_I19	1	not pooled	16	run 88	proteomic profiling by mass spectrometry	NT=Orbitrap Ascend;AC=MS:1003356	NT=label free sample;AC=MS:1002038	not applicable	NT=Trypsin;AC=MS:1001251	NT=Lys-C;AC=MS:1001309	Data-independent acquisition	NT=beam-type collision-induced dissociation;AC=MS:1000422	NT=Tris(2-carboxyethyl)phosphine (TCEP);AC=PRIDE:0000609	not applicable	10 ppm	10 ppm	380	780	25	not available	1	1	20240514_FAIMS_60SPD_PC3_PACC_SC_I19.raw	v1.1.0	NT=ms-proteomics;VV=v1.1.0	NT=human;VV=v1.1.0	NT=cell-lines;VV=v1.1.0	NT=single-cell;VV=v1.0.0	NT=dia-acquisition;VV=v1.1.0	manual curation	NT=Cisplatin;AC=NCIT:C376
PC3_DRC_cell_I21	NT=Homo sapiens;AC=NCBITaxon:9606	NT=bone tissue;AC=UBERON:0002481	NT=epithelial cell;AC=CL:0000066	NT=prostate adenocarcinoma;AC=MONDO:0005082	NT=PC-3;AC=EFO:0002074	CVCL_0035	PC-3	NT=adult;AC=EFO:0001272	62Y	male	NT=European ancestry;AC=HANCESTRO:0005	NT=Roswell Park Memorial Institute 1640 Medium;AC=NCIT:C178973	NT=Cisplatin;AC=NCIT:C376	NT=single cell;AC=PRIDE:0000897	cellenONE	PACC_I21	1	not pooled	17	run 89	proteomic profiling by mass spectrometry	NT=Orbitrap Ascend;AC=MS:1003356	NT=label free sample;AC=MS:1002038	not applicable	NT=Trypsin;AC=MS:1001251	NT=Lys-C;AC=MS:1001309	Data-independent acquisition	NT=beam-type collision-induced dissociation;AC=MS:1000422	NT=Tris(2-carboxyethyl)phosphine (TCEP);AC=PRIDE:0000609	not applicable	10 ppm	10 ppm	380	780	25	not available	1	1	20240514_FAIMS_60SPD_PC3_PACC_SC_I21.raw	v1.1.0	NT=ms-proteomics;VV=v1.1.0	NT=human;VV=v1.1.0	NT=cell-lines;VV=v1.1.0	NT=single-cell;VV=v1.0.0	NT=dia-acquisition;VV=v1.1.0	manual curation	NT=Cisplatin;AC=NCIT:C376
PC3_DRC_cell_I22	NT=Homo sapiens;AC=NCBITaxon:9606	NT=bone tissue;AC=UBERON:0002481	NT=epithelial cell;AC=CL:0000066	NT=prostate adenocarcinoma;AC=MONDO:0005082	NT=PC-3;AC=EFO:0002074	CVCL_0035	PC-3	NT=adult;AC=EFO:0001272	62Y	male	NT=European ancestry;AC=HANCESTRO:0005	NT=Roswell Park Memorial Institute 1640 Medium;AC=NCIT:C178973	NT=Cisplatin;AC=NCIT:C376	NT=single cell;AC=PRIDE:0000897	cellenONE	PACC_I22	1	not pooled	18	run 90	proteomic profiling by mass spectrometry	NT=Orbitrap Ascend;AC=MS:1003356	NT=label free sample;AC=MS:1002038	not applicable	NT=Trypsin;AC=MS:1001251	NT=Lys-C;AC=MS:1001309	Data-independent acquisition	NT=beam-type collision-induced dissociation;AC=MS:1000422	NT=Tris(2-carboxyethyl)phosphine (TCEP);AC=PRIDE:0000609	not applicable	10 ppm	10 ppm	380	780	25	not available	1	1	20240514_FAIMS_60SPD_PC3_PACC_SC_I22.raw	v1.1.0	NT=ms-proteomics;VV=v1.1.0	NT=human;VV=v1.1.0	NT=cell-lines;VV=v1.1.0	NT=single-cell;VV=v1.0.0	NT=dia-acquisition;VV=v1.1.0	manual curation	NT=Cisplatin;AC=NCIT:C376
PC3_DRC_cell_I23	NT=Homo sapiens;AC=NCBITaxon:9606	NT=bone tissue;AC=UBERON:0002481	NT=epithelial cell;AC=CL:0000066	NT=prostate adenocarcinoma;AC=MONDO:0005082	NT=PC-3;AC=EFO:0002074	CVCL_0035	PC-3	NT=adult;AC=EFO:0001272	62Y	male	NT=European ancestry;AC=HANCESTRO:0005	NT=Roswell Park Memorial Institute 1640 Medium;AC=NCIT:C178973	NT=Cisplatin;AC=NCIT:C376	NT=single cell;AC=PRIDE:0000897	cellenONE	PACC_I23	1	not pooled	19	run 91	proteomic profiling by mass spectrometry	NT=Orbitrap Ascend;AC=MS:1003356	NT=label free sample;AC=MS:1002038	not applicable	NT=Trypsin;AC=MS:1001251	NT=Lys-C;AC=MS:1001309	Data-independent acquisition	NT=beam-type collision-induced dissociation;AC=MS:1000422	NT=Tris(2-carboxyethyl)phosphine (TCEP);AC=PRIDE:0000609	not applicable	10 ppm	10 ppm	380	780	25	not available	1	1	20240514_FAIMS_60SPD_PC3_PACC_SC_I23.raw	v1.1.0	NT=ms-proteomics;VV=v1.1.0	NT=human;VV=v1.1.0	NT=cell-lines;VV=v1.1.0	NT=single-cell;VV=v1.0.0	NT=dia-acquisition;VV=v1.1.0	manual curation	NT=Cisplatin;AC=NCIT:C376
PC3_DRC_cell_I24	NT=Homo sapiens;AC=NCBITaxon:9606	NT=bone tissue;AC=UBERON:0002481	NT=epithelial cell;AC=CL:0000066	NT=prostate adenocarcinoma;AC=MONDO:0005082	NT=PC-3;AC=EFO:0002074	CVCL_0035	PC-3	NT=adult;AC=EFO:0001272	62Y	male	NT=European ancestry;AC=HANCESTRO:0005	NT=Roswell Park Memorial Institute 1640 Medium;AC=NCIT:C178973	NT=Cisplatin;AC=NCIT:C376	NT=single cell;AC=PRIDE:0000897	cellenONE	PACC_I24	1	not pooled	20	run 92	proteomic profiling by mass spectrometry	NT=Orbitrap Ascend;AC=MS:1003356	NT=label free sample;AC=MS:1002038	not applicable	NT=Trypsin;AC=MS:1001251	NT=Lys-C;AC=MS:1001309	Data-independent acquisition	NT=beam-type collision-induced dissociation;AC=MS:1000422	NT=Tris(2-carboxyethyl)phosphine (TCEP);AC=PRIDE:0000609	not applicable	10 ppm	10 ppm	380	780	25	not available	1	1	20240514_FAIMS_60SPD_PC3_PACC_SC_I24.raw	v1.1.0	NT=ms-proteomics;VV=v1.1.0	NT=human;VV=v1.1.0	NT=cell-lines;VV=v1.1.0	NT=single-cell;VV=v1.0.0	NT=dia-acquisition;VV=v1.1.0	manual curation	NT=Cisplatin;AC=NCIT:C376
PC3_DRC_cell_J02	NT=Homo sapiens;AC=NCBITaxon:9606	NT=bone tissue;AC=UBERON:0002481	NT=epithelial cell;AC=CL:0000066	NT=prostate adenocarcinoma;AC=MONDO:0005082	NT=PC-3;AC=EFO:0002074	CVCL_0035	PC-3	NT=adult;AC=EFO:0001272	62Y	male	NT=European ancestry;AC=HANCESTRO:0005	NT=Roswell Park Memorial Institute 1640 Medium;AC=NCIT:C178973	NT=Cisplatin;AC=NCIT:C376	NT=single cell;AC=PRIDE:0000897	cellenONE	PACC_J02	1	not pooled	21	run 93	proteomic profiling by mass spectrometry	NT=Orbitrap Ascend;AC=MS:1003356	NT=label free sample;AC=MS:1002038	not applicable	NT=Trypsin;AC=MS:1001251	NT=Lys-C;AC=MS:1001309	Data-independent acquisition	NT=beam-type collision-induced dissociation;AC=MS:1000422	NT=Tris(2-carboxyethyl)phosphine (TCEP);AC=PRIDE:0000609	not applicable	10 ppm	10 ppm	380	780	25	not available	1	1	20240514_FAIMS_60SPD_PC3_PACC_SC_J02.raw	v1.1.0	NT=ms-proteomics;VV=v1.1.0	NT=human;VV=v1.1.0	NT=cell-lines;VV=v1.1.0	NT=single-cell;VV=v1.0.0	NT=dia-acquisition;VV=v1.1.0	manual curation	NT=Cisplatin;AC=NCIT:C376
PC3_DRC_cell_J03	NT=Homo sapiens;AC=NCBITaxon:9606	NT=bone tissue;AC=UBERON:0002481	NT=epithelial cell;AC=CL:0000066	NT=prostate adenocarcinoma;AC=MONDO:0005082	NT=PC-3;AC=EFO:0002074	CVCL_0035	PC-3	NT=adult;AC=EFO:0001272	62Y	male	NT=European ancestry;AC=HANCESTRO:0005	NT=Roswell Park Memorial Institute 1640 Medium;AC=NCIT:C178973	NT=Cisplatin;AC=NCIT:C376	NT=single cell;AC=PRIDE:0000897	cellenONE	PACC_J03	1	not pooled	22	run 94	proteomic profiling by mass spectrometry	NT=Orbitrap Ascend;AC=MS:1003356	NT=label free sample;AC=MS:1002038	not applicable	NT=Trypsin;AC=MS:1001251	NT=Lys-C;AC=MS:1001309	Data-independent acquisition	NT=beam-type collision-induced dissociation;AC=MS:1000422	NT=Tris(2-carboxyethyl)phosphine (TCEP);AC=PRIDE:0000609	not applicable	10 ppm	10 ppm	380	780	25	not available	1	1	20240514_FAIMS_60SPD_PC3_PACC_SC_J03.raw	v1.1.0	NT=ms-proteomics;VV=v1.1.0	NT=human;VV=v1.1.0	NT=cell-lines;VV=v1.1.0	NT=single-cell;VV=v1.0.0	NT=dia-acquisition;VV=v1.1.0	manual curation	NT=Cisplatin;AC=NCIT:C376
PC3_DRC_cell_J05	NT=Homo sapiens;AC=NCBITaxon:9606	NT=bone tissue;AC=UBERON:0002481	NT=epithelial cell;AC=CL:0000066	NT=prostate adenocarcinoma;AC=MONDO:0005082	NT=PC-3;AC=EFO:0002074	CVCL_0035	PC-3	NT=adult;AC=EFO:0001272	62Y	male	NT=European ancestry;AC=HANCESTRO:0005	NT=Roswell Park Memorial Institute 1640 Medium;AC=NCIT:C178973	NT=Cisplatin;AC=NCIT:C376	NT=single cell;AC=PRIDE:0000897	cellenONE	PACC_J05	1	not pooled	23	run 95	proteomic profiling by mass spectrometry	NT=Orbitrap Ascend;AC=MS:1003356	NT=label free sample;AC=MS:1002038	not applicable	NT=Trypsin;AC=MS:1001251	NT=Lys-C;AC=MS:1001309	Data-independent acquisition	NT=beam-type collision-induced dissociation;AC=MS:1000422	NT=Tris(2-carboxyethyl)phosphine (TCEP);AC=PRIDE:0000609	not applicable	10 ppm	10 ppm	380	780	25	not available	1	1	20240514_FAIMS_60SPD_PC3_PACC_SC_J05.raw	v1.1.0	NT=ms-proteomics;VV=v1.1.0	NT=human;VV=v1.1.0	NT=cell-lines;VV=v1.1.0	NT=single-cell;VV=v1.0.0	NT=dia-acquisition;VV=v1.1.0	manual curation	NT=Cisplatin;AC=NCIT:C376
PC3_DRC_cell_J06	NT=Homo sapiens;AC=NCBITaxon:9606	NT=bone tissue;AC=UBERON:0002481	NT=epithelial cell;AC=CL:0000066	NT=prostate adenocarcinoma;AC=MONDO:0005082	NT=PC-3;AC=EFO:0002074	CVCL_0035	PC-3	NT=adult;AC=EFO:0001272	62Y	male	NT=European ancestry;AC=HANCESTRO:0005	NT=Roswell Park Memorial Institute 1640 Medium;AC=NCIT:C178973	NT=Cisplatin;AC=NCIT:C376	NT=single cell;AC=PRIDE:0000897	cellenONE	PACC_J06	1	not pooled	24	run 96	proteomic profiling by mass spectrometry	NT=Orbitrap Ascend;AC=MS:1003356	NT=label free sample;AC=MS:1002038	not applicable	NT=Trypsin;AC=MS:1001251	NT=Lys-C;AC=MS:1001309	Data-independent acquisition	NT=beam-type collision-induced dissociation;AC=MS:1000422	NT=Tris(2-carboxyethyl)phosphine (TCEP);AC=PRIDE:0000609	not applicable	10 ppm	10 ppm	380	780	25	not available	1	1	20240514_FAIMS_60SPD_PC3_PACC_SC_J06.raw	v1.1.0	NT=ms-proteomics;VV=v1.1.0	NT=human;VV=v1.1.0	NT=cell-lines;VV=v1.1.0	NT=single-cell;VV=v1.0.0	NT=dia-acquisition;VV=v1.1.0	manual curation	NT=Cisplatin;AC=NCIT:C376
PC3_DRC_cell_J07	NT=Homo sapiens;AC=NCBITaxon:9606	NT=bone tissue;AC=UBERON:0002481	NT=epithelial cell;AC=CL:0000066	NT=prostate adenocarcinoma;AC=MONDO:0005082	NT=PC-3;AC=EFO:0002074	CVCL_0035	PC-3	NT=adult;AC=EFO:0001272	62Y	male	NT=European ancestry;AC=HANCESTRO:0005	NT=Roswell Park Memorial Institute 1640 Medium;AC=NCIT:C178973	NT=Cisplatin;AC=NCIT:C376	NT=single cell;AC=PRIDE:0000897	cellenONE	PACC_J07	1	not pooled	25	run 97	proteomic profiling by mass spectrometry	NT=Orbitrap Ascend;AC=MS:1003356	NT=label free sample;AC=MS:1002038	not applicable	NT=Trypsin;AC=MS:1001251	NT=Lys-C;AC=MS:1001309	Data-independent acquisition	NT=beam-type collision-induced dissociation;AC=MS:1000422	NT=Tris(2-carboxyethyl)phosphine (TCEP);AC=PRIDE:0000609	not applicable	10 ppm	10 ppm	380	780	25	not available	1	1	20240514_FAIMS_60SPD_PC3_PACC_SC_J07.raw	v1.1.0	NT=ms-proteomics;VV=v1.1.0	NT=human;VV=v1.1.0	NT=cell-lines;VV=v1.1.0	NT=single-cell;VV=v1.0.0	NT=dia-acquisition;VV=v1.1.0	manual curation	NT=Cisplatin;AC=NCIT:C376
PC3_DRC_cell_J08	NT=Homo sapiens;AC=NCBITaxon:9606	NT=bone tissue;AC=UBERON:0002481	NT=epithelial cell;AC=CL:0000066	NT=prostate adenocarcinoma;AC=MONDO:0005082	NT=PC-3;AC=EFO:0002074	CVCL_0035	PC-3	NT=adult;AC=EFO:0001272	62Y	male	NT=European ancestry;AC=HANCESTRO:0005	NT=Roswell Park Memorial Institute 1640 Medium;AC=NCIT:C178973	NT=Cisplatin;AC=NCIT:C376	NT=single cell;AC=PRIDE:0000897	cellenONE	PACC_J08	1	not pooled	26	run 98	proteomic profiling by mass spectrometry	NT=Orbitrap Ascend;AC=MS:1003356	NT=label free sample;AC=MS:1002038	not applicable	NT=Trypsin;AC=MS:1001251	NT=Lys-C;AC=MS:1001309	Data-independent acquisition	NT=beam-type collision-induced dissociation;AC=MS:1000422	NT=Tris(2-carboxyethyl)phosphine (TCEP);AC=PRIDE:0000609	not applicable	10 ppm	10 ppm	380	780	25	not available	1	1	20240514_FAIMS_60SPD_PC3_PACC_SC_J08.raw	v1.1.0	NT=ms-proteomics;VV=v1.1.0	NT=human;VV=v1.1.0	NT=cell-lines;VV=v1.1.0	NT=single-cell;VV=v1.0.0	NT=dia-acquisition;VV=v1.1.0	manual curation	NT=Cisplatin;AC=NCIT:C376
PC3_DRC_cell_J09	NT=Homo sapiens;AC=NCBITaxon:9606	NT=bone tissue;AC=UBERON:0002481	NT=epithelial cell;AC=CL:0000066	NT=prostate adenocarcinoma;AC=MONDO:0005082	NT=PC-3;AC=EFO:0002074	CVCL_0035	PC-3	NT=adult;AC=EFO:0001272	62Y	male	NT=European ancestry;AC=HANCESTRO:0005	NT=Roswell Park Memorial Institute 1640 Medium;AC=NCIT:C178973	NT=Cisplatin;AC=NCIT:C376	NT=single cell;AC=PRIDE:0000897	cellenONE	PACC_J09	1	not pooled	27	run 99	proteomic profiling by mass spectrometry	NT=Orbitrap Ascend;AC=MS:1003356	NT=label free sample;AC=MS:1002038	not applicable	NT=Trypsin;AC=MS:1001251	NT=Lys-C;AC=MS:1001309	Data-independent acquisition	NT=beam-type collision-induced dissociation;AC=MS:1000422	NT=Tris(2-carboxyethyl)phosphine (TCEP);AC=PRIDE:0000609	not applicable	10 ppm	10 ppm	380	780	25	not available	1	1	20240514_FAIMS_60SPD_PC3_PACC_SC_J09.raw	v1.1.0	NT=ms-proteomics;VV=v1.1.0	NT=human;VV=v1.1.0	NT=cell-lines;VV=v1.1.0	NT=single-cell;VV=v1.0.0	NT=dia-acquisition;VV=v1.1.0	manual curation	NT=Cisplatin;AC=NCIT:C376
PC3_DRC_cell_J10	NT=Homo sapiens;AC=NCBITaxon:9606	NT=bone tissue;AC=UBERON:0002481	NT=epithelial cell;AC=CL:0000066	NT=prostate adenocarcinoma;AC=MONDO:0005082	NT=PC-3;AC=EFO:0002074	CVCL_0035	PC-3	NT=adult;AC=EFO:0001272	62Y	male	NT=European ancestry;AC=HANCESTRO:0005	NT=Roswell Park Memorial Institute 1640 Medium;AC=NCIT:C178973	NT=Cisplatin;AC=NCIT:C376	NT=single cell;AC=PRIDE:0000897	cellenONE	PACC_J10	1	not pooled	28	run 100	proteomic profiling by mass spectrometry	NT=Orbitrap Ascend;AC=MS:1003356	NT=label free sample;AC=MS:1002038	not applicable	NT=Trypsin;AC=MS:1001251	NT=Lys-C;AC=MS:1001309	Data-independent acquisition	NT=beam-type collision-induced dissociation;AC=MS:1000422	NT=Tris(2-carboxyethyl)phosphine (TCEP);AC=PRIDE:0000609	not applicable	10 ppm	10 ppm	380	780	25	not available	1	1	20240514_FAIMS_60SPD_PC3_PACC_SC_J10.raw	v1.1.0	NT=ms-proteomics;VV=v1.1.0	NT=human;VV=v1.1.0	NT=cell-lines;VV=v1.1.0	NT=single-cell;VV=v1.0.0	NT=dia-acquisition;VV=v1.1.0	manual curation	NT=Cisplatin;AC=NCIT:C376
PC3_DRC_cell_J11	NT=Homo sapiens;AC=NCBITaxon:9606	NT=bone tissue;AC=UBERON:0002481	NT=epithelial cell;AC=CL:0000066	NT=prostate adenocarcinoma;AC=MONDO:0005082	NT=PC-3;AC=EFO:0002074	CVCL_0035	PC-3	NT=adult;AC=EFO:0001272	62Y	male	NT=European ancestry;AC=HANCESTRO:0005	NT=Roswell Park Memorial Institute 1640 Medium;AC=NCIT:C178973	NT=Cisplatin;AC=NCIT:C376	NT=single cell;AC=PRIDE:0000897	cellenONE	PACC_J11	1	not pooled	29	run 101	proteomic profiling by mass spectrometry	NT=Orbitrap Ascend;AC=MS:1003356	NT=label free sample;AC=MS:1002038	not applicable	NT=Trypsin;AC=MS:1001251	NT=Lys-C;AC=MS:1001309	Data-independent acquisition	NT=beam-type collision-induced dissociation;AC=MS:1000422	NT=Tris(2-carboxyethyl)phosphine (TCEP);AC=PRIDE:0000609	not applicable	10 ppm	10 ppm	380	780	25	not available	1	1	20240514_FAIMS_60SPD_PC3_PACC_SC_J11.raw	v1.1.0	NT=ms-proteomics;VV=v1.1.0	NT=human;VV=v1.1.0	NT=cell-lines;VV=v1.1.0	NT=single-cell;VV=v1.0.0	NT=dia-acquisition;VV=v1.1.0	manual curation	NT=Cisplatin;AC=NCIT:C376
PC3_DRC_cell_J12	NT=Homo sapiens;AC=NCBITaxon:9606	NT=bone tissue;AC=UBERON:0002481	NT=epithelial cell;AC=CL:0000066	NT=prostate adenocarcinoma;AC=MONDO:0005082	NT=PC-3;AC=EFO:0002074	CVCL_0035	PC-3	NT=adult;AC=EFO:0001272	62Y	male	NT=European ancestry;AC=HANCESTRO:0005	NT=Roswell Park Memorial Institute 1640 Medium;AC=NCIT:C178973	NT=Cisplatin;AC=NCIT:C376	NT=single cell;AC=PRIDE:0000897	cellenONE	PACC_J12	1	not pooled	30	run 102	proteomic profiling by mass spectrometry	NT=Orbitrap Ascend;AC=MS:1003356	NT=label free sample;AC=MS:1002038	not applicable	NT=Trypsin;AC=MS:1001251	NT=Lys-C;AC=MS:1001309	Data-independent acquisition	NT=beam-type collision-induced dissociation;AC=MS:1000422	NT=Tris(2-carboxyethyl)phosphine (TCEP);AC=PRIDE:0000609	not applicable	10 ppm	10 ppm	380	780	25	not available	1	1	20240514_FAIMS_60SPD_PC3_PACC_SC_J12.raw	v1.1.0	NT=ms-proteomics;VV=v1.1.0	NT=human;VV=v1.1.0	NT=cell-lines;VV=v1.1.0	NT=single-cell;VV=v1.0.0	NT=dia-acquisition;VV=v1.1.0	manual curation	NT=Cisplatin;AC=NCIT:C376
PC3_DRC_cell_J14	NT=Homo sapiens;AC=NCBITaxon:9606	NT=bone tissue;AC=UBERON:0002481	NT=epithelial cell;AC=CL:0000066	NT=prostate adenocarcinoma;AC=MONDO:0005082	NT=PC-3;AC=EFO:0002074	CVCL_0035	PC-3	NT=adult;AC=EFO:0001272	62Y	male	NT=European ancestry;AC=HANCESTRO:0005	NT=Roswell Park Memorial Institute 1640 Medium;AC=NCIT:C178973	NT=Cisplatin;AC=NCIT:C376	NT=single cell;AC=PRIDE:0000897	cellenONE	PACC_J14	1	not pooled	31	run 103	proteomic profiling by mass spectrometry	NT=Orbitrap Ascend;AC=MS:1003356	NT=label free sample;AC=MS:1002038	not applicable	NT=Trypsin;AC=MS:1001251	NT=Lys-C;AC=MS:1001309	Data-independent acquisition	NT=beam-type collision-induced dissociation;AC=MS:1000422	NT=Tris(2-carboxyethyl)phosphine (TCEP);AC=PRIDE:0000609	not applicable	10 ppm	10 ppm	380	780	25	not available	1	1	20240514_FAIMS_60SPD_PC3_PACC_SC_J14.raw	v1.1.0	NT=ms-proteomics;VV=v1.1.0	NT=human;VV=v1.1.0	NT=cell-lines;VV=v1.1.0	NT=single-cell;VV=v1.0.0	NT=dia-acquisition;VV=v1.1.0	manual curation	NT=Cisplatin;AC=NCIT:C376
PC3_DRC_cell_J15	NT=Homo sapiens;AC=NCBITaxon:9606	NT=bone tissue;AC=UBERON:0002481	NT=epithelial cell;AC=CL:0000066	NT=prostate adenocarcinoma;AC=MONDO:0005082	NT=PC-3;AC=EFO:0002074	CVCL_0035	PC-3	NT=adult;AC=EFO:0001272	62Y	male	NT=European ancestry;AC=HANCESTRO:0005	NT=Roswell Park Memorial Institute 1640 Medium;AC=NCIT:C178973	NT=Cisplatin;AC=NCIT:C376	NT=single cell;AC=PRIDE:0000897	cellenONE	PACC_J15	1	not pooled	32	run 104	proteomic profiling by mass spectrometry	NT=Orbitrap Ascend;AC=MS:1003356	NT=label free sample;AC=MS:1002038	not applicable	NT=Trypsin;AC=MS:1001251	NT=Lys-C;AC=MS:1001309	Data-independent acquisition	NT=beam-type collision-induced dissociation;AC=MS:1000422	NT=Tris(2-carboxyethyl)phosphine (TCEP);AC=PRIDE:0000609	not applicable	10 ppm	10 ppm	380	780	25	not available	1	1	20240514_FAIMS_60SPD_PC3_PACC_SC_J15.raw	v1.1.0	NT=ms-proteomics;VV=v1.1.0	NT=human;VV=v1.1.0	NT=cell-lines;VV=v1.1.0	NT=single-cell;VV=v1.0.0	NT=dia-acquisition;VV=v1.1.0	manual curation	NT=Cisplatin;AC=NCIT:C376
PC3_DRC_cell_J16	NT=Homo sapiens;AC=NCBITaxon:9606	NT=bone tissue;AC=UBERON:0002481	NT=epithelial cell;AC=CL:0000066	NT=prostate adenocarcinoma;AC=MONDO:0005082	NT=PC-3;AC=EFO:0002074	CVCL_0035	PC-3	NT=adult;AC=EFO:0001272	62Y	male	NT=European ancestry;AC=HANCESTRO:0005	NT=Roswell Park Memorial Institute 1640 Medium;AC=NCIT:C178973	NT=Cisplatin;AC=NCIT:C376	NT=single cell;AC=PRIDE:0000897	cellenONE	PACC_J16	1	not pooled	33	run 105	proteomic profiling by mass spectrometry	NT=Orbitrap Ascend;AC=MS:1003356	NT=label free sample;AC=MS:1002038	not applicable	NT=Trypsin;AC=MS:1001251	NT=Lys-C;AC=MS:1001309	Data-independent acquisition	NT=beam-type collision-induced dissociation;AC=MS:1000422	NT=Tris(2-carboxyethyl)phosphine (TCEP);AC=PRIDE:0000609	not applicable	10 ppm	10 ppm	380	780	25	not available	1	1	20240514_FAIMS_60SPD_PC3_PACC_SC_J16.raw	v1.1.0	NT=ms-proteomics;VV=v1.1.0	NT=human;VV=v1.1.0	NT=cell-lines;VV=v1.1.0	NT=single-cell;VV=v1.0.0	NT=dia-acquisition;VV=v1.1.0	manual curation	NT=Cisplatin;AC=NCIT:C376
PC3_DRC_cell_J17	NT=Homo sapiens;AC=NCBITaxon:9606	NT=bone tissue;AC=UBERON:0002481	NT=epithelial cell;AC=CL:0000066	NT=prostate adenocarcinoma;AC=MONDO:0005082	NT=PC-3;AC=EFO:0002074	CVCL_0035	PC-3	NT=adult;AC=EFO:0001272	62Y	male	NT=European ancestry;AC=HANCESTRO:0005	NT=Roswell Park Memorial Institute 1640 Medium;AC=NCIT:C178973	NT=Cisplatin;AC=NCIT:C376	NT=single cell;AC=PRIDE:0000897	cellenONE	PACC_J17	1	not pooled	34	run 106	proteomic profiling by mass spectrometry	NT=Orbitrap Ascend;AC=MS:1003356	NT=label free sample;AC=MS:1002038	not applicable	NT=Trypsin;AC=MS:1001251	NT=Lys-C;AC=MS:1001309	Data-independent acquisition	NT=beam-type collision-induced dissociation;AC=MS:1000422	NT=Tris(2-carboxyethyl)phosphine (TCEP);AC=PRIDE:0000609	not applicable	10 ppm	10 ppm	380	780	25	not available	1	1	20240514_FAIMS_60SPD_PC3_PACC_SC_J17.raw	v1.1.0	NT=ms-proteomics;VV=v1.1.0	NT=human;VV=v1.1.0	NT=cell-lines;VV=v1.1.0	NT=single-cell;VV=v1.0.0	NT=dia-acquisition;VV=v1.1.0	manual curation	NT=Cisplatin;AC=NCIT:C376
PC3_DRC_cell_J18	NT=Homo sapiens;AC=NCBITaxon:9606	NT=bone tissue;AC=UBERON:0002481	NT=epithelial cell;AC=CL:0000066	NT=prostate adenocarcinoma;AC=MONDO:0005082	NT=PC-3;AC=EFO:0002074	CVCL_0035	PC-3	NT=adult;AC=EFO:0001272	62Y	male	NT=European ancestry;AC=HANCESTRO:0005	NT=Roswell Park Memorial Institute 1640 Medium;AC=NCIT:C178973	NT=Cisplatin;AC=NCIT:C376	NT=single cell;AC=PRIDE:0000897	cellenONE	PACC_J18	1	not pooled	35	run 107	proteomic profiling by mass spectrometry	NT=Orbitrap Ascend;AC=MS:1003356	NT=label free sample;AC=MS:1002038	not applicable	NT=Trypsin;AC=MS:1001251	NT=Lys-C;AC=MS:1001309	Data-independent acquisition	NT=beam-type collision-induced dissociation;AC=MS:1000422	NT=Tris(2-carboxyethyl)phosphine (TCEP);AC=PRIDE:0000609	not applicable	10 ppm	10 ppm	380	780	25	not available	1	1	20240514_FAIMS_60SPD_PC3_PACC_SC_J18.raw	v1.1.0	NT=ms-proteomics;VV=v1.1.0	NT=human;VV=v1.1.0	NT=cell-lines;VV=v1.1.0	NT=single-cell;VV=v1.0.0	NT=dia-acquisition;VV=v1.1.0	manual curation	NT=Cisplatin;AC=NCIT:C376
PC3_DRC_cell_J19	NT=Homo sapiens;AC=NCBITaxon:9606	NT=bone tissue;AC=UBERON:0002481	NT=epithelial cell;AC=CL:0000066	NT=prostate adenocarcinoma;AC=MONDO:0005082	NT=PC-3;AC=EFO:0002074	CVCL_0035	PC-3	NT=adult;AC=EFO:0001272	62Y	male	NT=European ancestry;AC=HANCESTRO:0005	NT=Roswell Park Memorial Institute 1640 Medium;AC=NCIT:C178973	NT=Cisplatin;AC=NCIT:C376	NT=single cell;AC=PRIDE:0000897	cellenONE	PACC_J19	1	not pooled	36	run 108	proteomic profiling by mass spectrometry	NT=Orbitrap Ascend;AC=MS:1003356	NT=label free sample;AC=MS:1002038	not applicable	NT=Trypsin;AC=MS:1001251	NT=Lys-C;AC=MS:1001309	Data-independent acquisition	NT=beam-type collision-induced dissociation;AC=MS:1000422	NT=Tris(2-carboxyethyl)phosphine (TCEP);AC=PRIDE:0000609	not applicable	10 ppm	10 ppm	380	780	25	not available	1	1	20240514_FAIMS_60SPD_PC3_PACC_SC_J19.raw	v1.1.0	NT=ms-proteomics;VV=v1.1.0	NT=human;VV=v1.1.0	NT=cell-lines;VV=v1.1.0	NT=single-cell;VV=v1.0.0	NT=dia-acquisition;VV=v1.1.0	manual curation	NT=Cisplatin;AC=NCIT:C376
PC3_DRC_cell_J21	NT=Homo sapiens;AC=NCBITaxon:9606	NT=bone tissue;AC=UBERON:0002481	NT=epithelial cell;AC=CL:0000066	NT=prostate adenocarcinoma;AC=MONDO:0005082	NT=PC-3;AC=EFO:0002074	CVCL_0035	PC-3	NT=adult;AC=EFO:0001272	62Y	male	NT=European ancestry;AC=HANCESTRO:0005	NT=Roswell Park Memorial Institute 1640 Medium;AC=NCIT:C178973	NT=Cisplatin;AC=NCIT:C376	NT=single cell;AC=PRIDE:0000897	cellenONE	PACC_J21	1	not pooled	37	run 109	proteomic profiling by mass spectrometry	NT=Orbitrap Ascend;AC=MS:1003356	NT=label free sample;AC=MS:1002038	not applicable	NT=Trypsin;AC=MS:1001251	NT=Lys-C;AC=MS:1001309	Data-independent acquisition	NT=beam-type collision-induced dissociation;AC=MS:1000422	NT=Tris(2-carboxyethyl)phosphine (TCEP);AC=PRIDE:0000609	not applicable	10 ppm	10 ppm	380	780	25	not available	1	1	20240514_FAIMS_60SPD_PC3_PACC_SC_J21.raw	v1.1.0	NT=ms-proteomics;VV=v1.1.0	NT=human;VV=v1.1.0	NT=cell-lines;VV=v1.1.0	NT=single-cell;VV=v1.0.0	NT=dia-acquisition;VV=v1.1.0	manual curation	NT=Cisplatin;AC=NCIT:C376
PC3_DRC_cell_J23	NT=Homo sapiens;AC=NCBITaxon:9606	NT=bone tissue;AC=UBERON:0002481	NT=epithelial cell;AC=CL:0000066	NT=prostate adenocarcinoma;AC=MONDO:0005082	NT=PC-3;AC=EFO:0002074	CVCL_0035	PC-3	NT=adult;AC=EFO:0001272	62Y	male	NT=European ancestry;AC=HANCESTRO:0005	NT=Roswell Park Memorial Institute 1640 Medium;AC=NCIT:C178973	NT=Cisplatin;AC=NCIT:C376	NT=single cell;AC=PRIDE:0000897	cellenONE	PACC_J23	1	not pooled	38	run 110	proteomic profiling by mass spectrometry	NT=Orbitrap Ascend;AC=MS:1003356	NT=label free sample;AC=MS:1002038	not applicable	NT=Trypsin;AC=MS:1001251	NT=Lys-C;AC=MS:1001309	Data-independent acquisition	NT=beam-type collision-induced dissociation;AC=MS:1000422	NT=Tris(2-carboxyethyl)phosphine (TCEP);AC=PRIDE:0000609	not applicable	10 ppm	10 ppm	380	780	25	not available	1	1	20240514_FAIMS_60SPD_PC3_PACC_SC_J23.raw	v1.1.0	NT=ms-proteomics;VV=v1.1.0	NT=human;VV=v1.1.0	NT=cell-lines;VV=v1.1.0	NT=single-cell;VV=v1.0.0	NT=dia-acquisition;VV=v1.1.0	manual curation	NT=Cisplatin;AC=NCIT:C376
PC3_DRC_cell_J24	NT=Homo sapiens;AC=NCBITaxon:9606	NT=bone tissue;AC=UBERON:0002481	NT=epithelial cell;AC=CL:0000066	NT=prostate adenocarcinoma;AC=MONDO:0005082	NT=PC-3;AC=EFO:0002074	CVCL_0035	PC-3	NT=adult;AC=EFO:0001272	62Y	male	NT=European ancestry;AC=HANCESTRO:0005	NT=Roswell Park Memorial Institute 1640 Medium;AC=NCIT:C178973	NT=Cisplatin;AC=NCIT:C376	NT=single cell;AC=PRIDE:0000897	cellenONE	PACC_J24	1	not pooled	39	run 111	proteomic profiling by mass spectrometry	NT=Orbitrap Ascend;AC=MS:1003356	NT=label free sample;AC=MS:1002038	not applicable	NT=Trypsin;AC=MS:1001251	NT=Lys-C;AC=MS:1001309	Data-independent acquisition	NT=beam-type collision-induced dissociation;AC=MS:1000422	NT=Tris(2-carboxyethyl)phosphine (TCEP);AC=PRIDE:0000609	not applicable	10 ppm	10 ppm	380	780	25	not available	1	1	20240514_FAIMS_60SPD_PC3_PACC_SC_J24.raw	v1.1.0	NT=ms-proteomics;VV=v1.1.0	NT=human;VV=v1.1.0	NT=cell-lines;VV=v1.1.0	NT=single-cell;VV=v1.0.0	NT=dia-acquisition;VV=v1.1.0	manual curation	NT=Cisplatin;AC=NCIT:C376
PC3_DRC_cell_K02	NT=Homo sapiens;AC=NCBITaxon:9606	NT=bone tissue;AC=UBERON:0002481	NT=epithelial cell;AC=CL:0000066	NT=prostate adenocarcinoma;AC=MONDO:0005082	NT=PC-3;AC=EFO:0002074	CVCL_0035	PC-3	NT=adult;AC=EFO:0001272	62Y	male	NT=European ancestry;AC=HANCESTRO:0005	NT=Roswell Park Memorial Institute 1640 Medium;AC=NCIT:C178973	NT=Cisplatin;AC=NCIT:C376	NT=single cell;AC=PRIDE:0000897	cellenONE	PACC_K02	1	not pooled	40	run 112	proteomic profiling by mass spectrometry	NT=Orbitrap Ascend;AC=MS:1003356	NT=label free sample;AC=MS:1002038	not applicable	NT=Trypsin;AC=MS:1001251	NT=Lys-C;AC=MS:1001309	Data-independent acquisition	NT=beam-type collision-induced dissociation;AC=MS:1000422	NT=Tris(2-carboxyethyl)phosphine (TCEP);AC=PRIDE:0000609	not applicable	10 ppm	10 ppm	380	780	25	not available	1	1	20240514_FAIMS_60SPD_PC3_PACC_SC_K02.raw	v1.1.0	NT=ms-proteomics;VV=v1.1.0	NT=human;VV=v1.1.0	NT=cell-lines;VV=v1.1.0	NT=single-cell;VV=v1.0.0	NT=dia-acquisition;VV=v1.1.0	manual curation	NT=Cisplatin;AC=NCIT:C376
PC3_DRC_cell_K04	NT=Homo sapiens;AC=NCBITaxon:9606	NT=bone tissue;AC=UBERON:0002481	NT=epithelial cell;AC=CL:0000066	NT=prostate adenocarcinoma;AC=MONDO:0005082	NT=PC-3;AC=EFO:0002074	CVCL_0035	PC-3	NT=adult;AC=EFO:0001272	62Y	male	NT=European ancestry;AC=HANCESTRO:0005	NT=Roswell Park Memorial Institute 1640 Medium;AC=NCIT:C178973	NT=Cisplatin;AC=NCIT:C376	NT=single cell;AC=PRIDE:0000897	cellenONE	PACC_K04	1	not pooled	41	run 113	proteomic profiling by mass spectrometry	NT=Orbitrap Ascend;AC=MS:1003356	NT=label free sample;AC=MS:1002038	not applicable	NT=Trypsin;AC=MS:1001251	NT=Lys-C;AC=MS:1001309	Data-independent acquisition	NT=beam-type collision-induced dissociation;AC=MS:1000422	NT=Tris(2-carboxyethyl)phosphine (TCEP);AC=PRIDE:0000609	not applicable	10 ppm	10 ppm	380	780	25	not available	1	1	20240514_FAIMS_60SPD_PC3_PACC_SC_K04.raw	v1.1.0	NT=ms-proteomics;VV=v1.1.0	NT=human;VV=v1.1.0	NT=cell-lines;VV=v1.1.0	NT=single-cell;VV=v1.0.0	NT=dia-acquisition;VV=v1.1.0	manual curation	NT=Cisplatin;AC=NCIT:C376
PC3_DRC_cell_K07	NT=Homo sapiens;AC=NCBITaxon:9606	NT=bone tissue;AC=UBERON:0002481	NT=epithelial cell;AC=CL:0000066	NT=prostate adenocarcinoma;AC=MONDO:0005082	NT=PC-3;AC=EFO:0002074	CVCL_0035	PC-3	NT=adult;AC=EFO:0001272	62Y	male	NT=European ancestry;AC=HANCESTRO:0005	NT=Roswell Park Memorial Institute 1640 Medium;AC=NCIT:C178973	NT=Cisplatin;AC=NCIT:C376	NT=single cell;AC=PRIDE:0000897	cellenONE	PACC_K07	1	not pooled	42	run 114	proteomic profiling by mass spectrometry	NT=Orbitrap Ascend;AC=MS:1003356	NT=label free sample;AC=MS:1002038	not applicable	NT=Trypsin;AC=MS:1001251	NT=Lys-C;AC=MS:1001309	Data-independent acquisition	NT=beam-type collision-induced dissociation;AC=MS:1000422	NT=Tris(2-carboxyethyl)phosphine (TCEP);AC=PRIDE:0000609	not applicable	10 ppm	10 ppm	380	780	25	not available	1	1	20240514_FAIMS_60SPD_PC3_PACC_SC_K07.raw	v1.1.0	NT=ms-proteomics;VV=v1.1.0	NT=human;VV=v1.1.0	NT=cell-lines;VV=v1.1.0	NT=single-cell;VV=v1.0.0	NT=dia-acquisition;VV=v1.1.0	manual curation	NT=Cisplatin;AC=NCIT:C376
PC3_DRC_cell_K09	NT=Homo sapiens;AC=NCBITaxon:9606	NT=bone tissue;AC=UBERON:0002481	NT=epithelial cell;AC=CL:0000066	NT=prostate adenocarcinoma;AC=MONDO:0005082	NT=PC-3;AC=EFO:0002074	CVCL_0035	PC-3	NT=adult;AC=EFO:0001272	62Y	male	NT=European ancestry;AC=HANCESTRO:0005	NT=Roswell Park Memorial Institute 1640 Medium;AC=NCIT:C178973	NT=Cisplatin;AC=NCIT:C376	NT=single cell;AC=PRIDE:0000897	cellenONE	PACC_K09	1	not pooled	43	run 115	proteomic profiling by mass spectrometry	NT=Orbitrap Ascend;AC=MS:1003356	NT=label free sample;AC=MS:1002038	not applicable	NT=Trypsin;AC=MS:1001251	NT=Lys-C;AC=MS:1001309	Data-independent acquisition	NT=beam-type collision-induced dissociation;AC=MS:1000422	NT=Tris(2-carboxyethyl)phosphine (TCEP);AC=PRIDE:0000609	not applicable	10 ppm	10 ppm	380	780	25	not available	1	1	20240514_FAIMS_60SPD_PC3_PACC_SC_K09.raw	v1.1.0	NT=ms-proteomics;VV=v1.1.0	NT=human;VV=v1.1.0	NT=cell-lines;VV=v1.1.0	NT=single-cell;VV=v1.0.0	NT=dia-acquisition;VV=v1.1.0	manual curation	NT=Cisplatin;AC=NCIT:C376
PC3_DRC_cell_K10	NT=Homo sapiens;AC=NCBITaxon:9606	NT=bone tissue;AC=UBERON:0002481	NT=epithelial cell;AC=CL:0000066	NT=prostate adenocarcinoma;AC=MONDO:0005082	NT=PC-3;AC=EFO:0002074	CVCL_0035	PC-3	NT=adult;AC=EFO:0001272	62Y	male	NT=European ancestry;AC=HANCESTRO:0005	NT=Roswell Park Memorial Institute 1640 Medium;AC=NCIT:C178973	NT=Cisplatin;AC=NCIT:C376	NT=single cell;AC=PRIDE:0000897	cellenONE	PACC_K10	1	not pooled	44	run 116	proteomic profiling by mass spectrometry	NT=Orbitrap Ascend;AC=MS:1003356	NT=label free sample;AC=MS:1002038	not applicable	NT=Trypsin;AC=MS:1001251	NT=Lys-C;AC=MS:1001309	Data-independent acquisition	NT=beam-type collision-induced dissociation;AC=MS:1000422	NT=Tris(2-carboxyethyl)phosphine (TCEP);AC=PRIDE:0000609	not applicable	10 ppm	10 ppm	380	780	25	not available	1	1	20240514_FAIMS_60SPD_PC3_PACC_SC_K10.raw	v1.1.0	NT=ms-proteomics;VV=v1.1.0	NT=human;VV=v1.1.0	NT=cell-lines;VV=v1.1.0	NT=single-cell;VV=v1.0.0	NT=dia-acquisition;VV=v1.1.0	manual curation	NT=Cisplatin;AC=NCIT:C376
PC3_DRC_cell_K11	NT=Homo sapiens;AC=NCBITaxon:9606	NT=bone tissue;AC=UBERON:0002481	NT=epithelial cell;AC=CL:0000066	NT=prostate adenocarcinoma;AC=MONDO:0005082	NT=PC-3;AC=EFO:0002074	CVCL_0035	PC-3	NT=adult;AC=EFO:0001272	62Y	male	NT=European ancestry;AC=HANCESTRO:0005	NT=Roswell Park Memorial Institute 1640 Medium;AC=NCIT:C178973	NT=Cisplatin;AC=NCIT:C376	NT=single cell;AC=PRIDE:0000897	cellenONE	PACC_K11	1	not pooled	45	run 117	proteomic profiling by mass spectrometry	NT=Orbitrap Ascend;AC=MS:1003356	NT=label free sample;AC=MS:1002038	not applicable	NT=Trypsin;AC=MS:1001251	NT=Lys-C;AC=MS:1001309	Data-independent acquisition	NT=beam-type collision-induced dissociation;AC=MS:1000422	NT=Tris(2-carboxyethyl)phosphine (TCEP);AC=PRIDE:0000609	not applicable	10 ppm	10 ppm	380	780	25	not available	1	1	20240514_FAIMS_60SPD_PC3_PACC_SC_K11.raw	v1.1.0	NT=ms-proteomics;VV=v1.1.0	NT=human;VV=v1.1.0	NT=cell-lines;VV=v1.1.0	NT=single-cell;VV=v1.0.0	NT=dia-acquisition;VV=v1.1.0	manual curation	NT=Cisplatin;AC=NCIT:C376
PC3_DRC_cell_K12	NT=Homo sapiens;AC=NCBITaxon:9606	NT=bone tissue;AC=UBERON:0002481	NT=epithelial cell;AC=CL:0000066	NT=prostate adenocarcinoma;AC=MONDO:0005082	NT=PC-3;AC=EFO:0002074	CVCL_0035	PC-3	NT=adult;AC=EFO:0001272	62Y	male	NT=European ancestry;AC=HANCESTRO:0005	NT=Roswell Park Memorial Institute 1640 Medium;AC=NCIT:C178973	NT=Cisplatin;AC=NCIT:C376	NT=single cell;AC=PRIDE:0000897	cellenONE	PACC_K12	1	not pooled	46	run 118	proteomic profiling by mass spectrometry	NT=Orbitrap Ascend;AC=MS:1003356	NT=label free sample;AC=MS:1002038	not applicable	NT=Trypsin;AC=MS:1001251	NT=Lys-C;AC=MS:1001309	Data-independent acquisition	NT=beam-type collision-induced dissociation;AC=MS:1000422	NT=Tris(2-carboxyethyl)phosphine (TCEP);AC=PRIDE:0000609	not applicable	10 ppm	10 ppm	380	780	25	not available	1	1	20240514_FAIMS_60SPD_PC3_PACC_SC_K12.raw	v1.1.0	NT=ms-proteomics;VV=v1.1.0	NT=human;VV=v1.1.0	NT=cell-lines;VV=v1.1.0	NT=single-cell;VV=v1.0.0	NT=dia-acquisition;VV=v1.1.0	manual curation	NT=Cisplatin;AC=NCIT:C376
PC3_DRC_cell_K13	NT=Homo sapiens;AC=NCBITaxon:9606	NT=bone tissue;AC=UBERON:0002481	NT=epithelial cell;AC=CL:0000066	NT=prostate adenocarcinoma;AC=MONDO:0005082	NT=PC-3;AC=EFO:0002074	CVCL_0035	PC-3	NT=adult;AC=EFO:0001272	62Y	male	NT=European ancestry;AC=HANCESTRO:0005	NT=Roswell Park Memorial Institute 1640 Medium;AC=NCIT:C178973	NT=Cisplatin;AC=NCIT:C376	NT=single cell;AC=PRIDE:0000897	cellenONE	PACC_K13	1	not pooled	47	run 119	proteomic profiling by mass spectrometry	NT=Orbitrap Ascend;AC=MS:1003356	NT=label free sample;AC=MS:1002038	not applicable	NT=Trypsin;AC=MS:1001251	NT=Lys-C;AC=MS:1001309	Data-independent acquisition	NT=beam-type collision-induced dissociation;AC=MS:1000422	NT=Tris(2-carboxyethyl)phosphine (TCEP);AC=PRIDE:0000609	not applicable	10 ppm	10 ppm	380	780	25	not available	1	1	20240514_FAIMS_60SPD_PC3_PACC_SC_K13.raw	v1.1.0	NT=ms-proteomics;VV=v1.1.0	NT=human;VV=v1.1.0	NT=cell-lines;VV=v1.1.0	NT=single-cell;VV=v1.0.0	NT=dia-acquisition;VV=v1.1.0	manual curation	NT=Cisplatin;AC=NCIT:C376
PC3_DRC_cell_K14	NT=Homo sapiens;AC=NCBITaxon:9606	NT=bone tissue;AC=UBERON:0002481	NT=epithelial cell;AC=CL:0000066	NT=prostate adenocarcinoma;AC=MONDO:0005082	NT=PC-3;AC=EFO:0002074	CVCL_0035	PC-3	NT=adult;AC=EFO:0001272	62Y	male	NT=European ancestry;AC=HANCESTRO:0005	NT=Roswell Park Memorial Institute 1640 Medium;AC=NCIT:C178973	NT=Cisplatin;AC=NCIT:C376	NT=single cell;AC=PRIDE:0000897	cellenONE	PACC_K14	1	not pooled	48	run 120	proteomic profiling by mass spectrometry	NT=Orbitrap Ascend;AC=MS:1003356	NT=label free sample;AC=MS:1002038	not applicable	NT=Trypsin;AC=MS:1001251	NT=Lys-C;AC=MS:1001309	Data-independent acquisition	NT=beam-type collision-induced dissociation;AC=MS:1000422	NT=Tris(2-carboxyethyl)phosphine (TCEP);AC=PRIDE:0000609	not applicable	10 ppm	10 ppm	380	780	25	not available	1	1	20240514_FAIMS_60SPD_PC3_PACC_SC_K14.raw	v1.1.0	NT=ms-proteomics;VV=v1.1.0	NT=human;VV=v1.1.0	NT=cell-lines;VV=v1.1.0	NT=single-cell;VV=v1.0.0	NT=dia-acquisition;VV=v1.1.0	manual curation	NT=Cisplatin;AC=NCIT:C376
PC3_DRC_cell_K15	NT=Homo sapiens;AC=NCBITaxon:9606	NT=bone tissue;AC=UBERON:0002481	NT=epithelial cell;AC=CL:0000066	NT=prostate adenocarcinoma;AC=MONDO:0005082	NT=PC-3;AC=EFO:0002074	CVCL_0035	PC-3	NT=adult;AC=EFO:0001272	62Y	male	NT=European ancestry;AC=HANCESTRO:0005	NT=Roswell Park Memorial Institute 1640 Medium;AC=NCIT:C178973	NT=Cisplatin;AC=NCIT:C376	NT=single cell;AC=PRIDE:0000897	cellenONE	PACC_K15	1	not pooled	49	run 121	proteomic profiling by mass spectrometry	NT=Orbitrap Ascend;AC=MS:1003356	NT=label free sample;AC=MS:1002038	not applicable	NT=Trypsin;AC=MS:1001251	NT=Lys-C;AC=MS:1001309	Data-independent acquisition	NT=beam-type collision-induced dissociation;AC=MS:1000422	NT=Tris(2-carboxyethyl)phosphine (TCEP);AC=PRIDE:0000609	not applicable	10 ppm	10 ppm	380	780	25	not available	1	1	20240514_FAIMS_60SPD_PC3_PACC_SC_K15.raw	v1.1.0	NT=ms-proteomics;VV=v1.1.0	NT=human;VV=v1.1.0	NT=cell-lines;VV=v1.1.0	NT=single-cell;VV=v1.0.0	NT=dia-acquisition;VV=v1.1.0	manual curation	NT=Cisplatin;AC=NCIT:C376
PC3_DRC_cell_K16	NT=Homo sapiens;AC=NCBITaxon:9606	NT=bone tissue;AC=UBERON:0002481	NT=epithelial cell;AC=CL:0000066	NT=prostate adenocarcinoma;AC=MONDO:0005082	NT=PC-3;AC=EFO:0002074	CVCL_0035	PC-3	NT=adult;AC=EFO:0001272	62Y	male	NT=European ancestry;AC=HANCESTRO:0005	NT=Roswell Park Memorial Institute 1640 Medium;AC=NCIT:C178973	NT=Cisplatin;AC=NCIT:C376	NT=single cell;AC=PRIDE:0000897	cellenONE	PACC_K16	1	not pooled	50	run 122	proteomic profiling by mass spectrometry	NT=Orbitrap Ascend;AC=MS:1003356	NT=label free sample;AC=MS:1002038	not applicable	NT=Trypsin;AC=MS:1001251	NT=Lys-C;AC=MS:1001309	Data-independent acquisition	NT=beam-type collision-induced dissociation;AC=MS:1000422	NT=Tris(2-carboxyethyl)phosphine (TCEP);AC=PRIDE:0000609	not applicable	10 ppm	10 ppm	380	780	25	not available	1	1	20240514_FAIMS_60SPD_PC3_PACC_SC_K16.raw	v1.1.0	NT=ms-proteomics;VV=v1.1.0	NT=human;VV=v1.1.0	NT=cell-lines;VV=v1.1.0	NT=single-cell;VV=v1.0.0	NT=dia-acquisition;VV=v1.1.0	manual curation	NT=Cisplatin;AC=NCIT:C376
PC3_DRC_cell_K17	NT=Homo sapiens;AC=NCBITaxon:9606	NT=bone tissue;AC=UBERON:0002481	NT=epithelial cell;AC=CL:0000066	NT=prostate adenocarcinoma;AC=MONDO:0005082	NT=PC-3;AC=EFO:0002074	CVCL_0035	PC-3	NT=adult;AC=EFO:0001272	62Y	male	NT=European ancestry;AC=HANCESTRO:0005	NT=Roswell Park Memorial Institute 1640 Medium;AC=NCIT:C178973	NT=Cisplatin;AC=NCIT:C376	NT=single cell;AC=PRIDE:0000897	cellenONE	PACC_K17	1	not pooled	51	run 123	proteomic profiling by mass spectrometry	NT=Orbitrap Ascend;AC=MS:1003356	NT=label free sample;AC=MS:1002038	not applicable	NT=Trypsin;AC=MS:1001251	NT=Lys-C;AC=MS:1001309	Data-independent acquisition	NT=beam-type collision-induced dissociation;AC=MS:1000422	NT=Tris(2-carboxyethyl)phosphine (TCEP);AC=PRIDE:0000609	not applicable	10 ppm	10 ppm	380	780	25	not available	1	1	20240514_FAIMS_60SPD_PC3_PACC_SC_K17.raw	v1.1.0	NT=ms-proteomics;VV=v1.1.0	NT=human;VV=v1.1.0	NT=cell-lines;VV=v1.1.0	NT=single-cell;VV=v1.0.0	NT=dia-acquisition;VV=v1.1.0	manual curation	NT=Cisplatin;AC=NCIT:C376
PC3_DRC_cell_K19	NT=Homo sapiens;AC=NCBITaxon:9606	NT=bone tissue;AC=UBERON:0002481	NT=epithelial cell;AC=CL:0000066	NT=prostate adenocarcinoma;AC=MONDO:0005082	NT=PC-3;AC=EFO:0002074	CVCL_0035	PC-3	NT=adult;AC=EFO:0001272	62Y	male	NT=European ancestry;AC=HANCESTRO:0005	NT=Roswell Park Memorial Institute 1640 Medium;AC=NCIT:C178973	NT=Cisplatin;AC=NCIT:C376	NT=single cell;AC=PRIDE:0000897	cellenONE	PACC_K19	1	not pooled	52	run 124	proteomic profiling by mass spectrometry	NT=Orbitrap Ascend;AC=MS:1003356	NT=label free sample;AC=MS:1002038	not applicable	NT=Trypsin;AC=MS:1001251	NT=Lys-C;AC=MS:1001309	Data-independent acquisition	NT=beam-type collision-induced dissociation;AC=MS:1000422	NT=Tris(2-carboxyethyl)phosphine (TCEP);AC=PRIDE:0000609	not applicable	10 ppm	10 ppm	380	780	25	not available	1	1	20240514_FAIMS_60SPD_PC3_PACC_SC_K19.raw	v1.1.0	NT=ms-proteomics;VV=v1.1.0	NT=human;VV=v1.1.0	NT=cell-lines;VV=v1.1.0	NT=single-cell;VV=v1.0.0	NT=dia-acquisition;VV=v1.1.0	manual curation	NT=Cisplatin;AC=NCIT:C376
PC3_DRC_cell_K21	NT=Homo sapiens;AC=NCBITaxon:9606	NT=bone tissue;AC=UBERON:0002481	NT=epithelial cell;AC=CL:0000066	NT=prostate adenocarcinoma;AC=MONDO:0005082	NT=PC-3;AC=EFO:0002074	CVCL_0035	PC-3	NT=adult;AC=EFO:0001272	62Y	male	NT=European ancestry;AC=HANCESTRO:0005	NT=Roswell Park Memorial Institute 1640 Medium;AC=NCIT:C178973	NT=Cisplatin;AC=NCIT:C376	NT=single cell;AC=PRIDE:0000897	cellenONE	PACC_K21	1	not pooled	53	run 125	proteomic profiling by mass spectrometry	NT=Orbitrap Ascend;AC=MS:1003356	NT=label free sample;AC=MS:1002038	not applicable	NT=Trypsin;AC=MS:1001251	NT=Lys-C;AC=MS:1001309	Data-independent acquisition	NT=beam-type collision-induced dissociation;AC=MS:1000422	NT=Tris(2-carboxyethyl)phosphine (TCEP);AC=PRIDE:0000609	not applicable	10 ppm	10 ppm	380	780	25	not available	1	1	20240514_FAIMS_60SPD_PC3_PACC_SC_K21.raw	v1.1.0	NT=ms-proteomics;VV=v1.1.0	NT=human;VV=v1.1.0	NT=cell-lines;VV=v1.1.0	NT=single-cell;VV=v1.0.0	NT=dia-acquisition;VV=v1.1.0	manual curation	NT=Cisplatin;AC=NCIT:C376
PC3_DRC_cell_K23	NT=Homo sapiens;AC=NCBITaxon:9606	NT=bone tissue;AC=UBERON:0002481	NT=epithelial cell;AC=CL:0000066	NT=prostate adenocarcinoma;AC=MONDO:0005082	NT=PC-3;AC=EFO:0002074	CVCL_0035	PC-3	NT=adult;AC=EFO:0001272	62Y	male	NT=European ancestry;AC=HANCESTRO:0005	NT=Roswell Park Memorial Institute 1640 Medium;AC=NCIT:C178973	NT=Cisplatin;AC=NCIT:C376	NT=single cell;AC=PRIDE:0000897	cellenONE	PACC_K23	1	not pooled	54	run 126	proteomic profiling by mass spectrometry	NT=Orbitrap Ascend;AC=MS:1003356	NT=label free sample;AC=MS:1002038	not applicable	NT=Trypsin;AC=MS:1001251	NT=Lys-C;AC=MS:1001309	Data-independent acquisition	NT=beam-type collision-induced dissociation;AC=MS:1000422	NT=Tris(2-carboxyethyl)phosphine (TCEP);AC=PRIDE:0000609	not applicable	10 ppm	10 ppm	380	780	25	not available	1	1	20240514_FAIMS_60SPD_PC3_PACC_SC_K23.raw	v1.1.0	NT=ms-proteomics;VV=v1.1.0	NT=human;VV=v1.1.0	NT=cell-lines;VV=v1.1.0	NT=single-cell;VV=v1.0.0	NT=dia-acquisition;VV=v1.1.0	manual curation	NT=Cisplatin;AC=NCIT:C376
PC3_DRC_cell_K24	NT=Homo sapiens;AC=NCBITaxon:9606	NT=bone tissue;AC=UBERON:0002481	NT=epithelial cell;AC=CL:0000066	NT=prostate adenocarcinoma;AC=MONDO:0005082	NT=PC-3;AC=EFO:0002074	CVCL_0035	PC-3	NT=adult;AC=EFO:0001272	62Y	male	NT=European ancestry;AC=HANCESTRO:0005	NT=Roswell Park Memorial Institute 1640 Medium;AC=NCIT:C178973	NT=Cisplatin;AC=NCIT:C376	NT=single cell;AC=PRIDE:0000897	cellenONE	PACC_K24	1	not pooled	55	run 127	proteomic profiling by mass spectrometry	NT=Orbitrap Ascend;AC=MS:1003356	NT=label free sample;AC=MS:1002038	not applicable	NT=Trypsin;AC=MS:1001251	NT=Lys-C;AC=MS:1001309	Data-independent acquisition	NT=beam-type collision-induced dissociation;AC=MS:1000422	NT=Tris(2-carboxyethyl)phosphine (TCEP);AC=PRIDE:0000609	not applicable	10 ppm	10 ppm	380	780	25	not available	1	1	20240514_FAIMS_60SPD_PC3_PACC_SC_K24.raw	v1.1.0	NT=ms-proteomics;VV=v1.1.0	NT=human;VV=v1.1.0	NT=cell-lines;VV=v1.1.0	NT=single-cell;VV=v1.0.0	NT=dia-acquisition;VV=v1.1.0	manual curation	NT=Cisplatin;AC=NCIT:C376
PC3_DRC_cell_L01	NT=Homo sapiens;AC=NCBITaxon:9606	NT=bone tissue;AC=UBERON:0002481	NT=epithelial cell;AC=CL:0000066	NT=prostate adenocarcinoma;AC=MONDO:0005082	NT=PC-3;AC=EFO:0002074	CVCL_0035	PC-3	NT=adult;AC=EFO:0001272	62Y	male	NT=European ancestry;AC=HANCESTRO:0005	NT=Roswell Park Memorial Institute 1640 Medium;AC=NCIT:C178973	NT=Cisplatin;AC=NCIT:C376	NT=single cell;AC=PRIDE:0000897	cellenONE	PACC_L01	1	not pooled	56	run 128	proteomic profiling by mass spectrometry	NT=Orbitrap Ascend;AC=MS:1003356	NT=label free sample;AC=MS:1002038	not applicable	NT=Trypsin;AC=MS:1001251	NT=Lys-C;AC=MS:1001309	Data-independent acquisition	NT=beam-type collision-induced dissociation;AC=MS:1000422	NT=Tris(2-carboxyethyl)phosphine (TCEP);AC=PRIDE:0000609	not applicable	10 ppm	10 ppm	380	780	25	not available	1	1	20240514_FAIMS_60SPD_PC3_PACC_SC_L01.raw	v1.1.0	NT=ms-proteomics;VV=v1.1.0	NT=human;VV=v1.1.0	NT=cell-lines;VV=v1.1.0	NT=single-cell;VV=v1.0.0	NT=dia-acquisition;VV=v1.1.0	manual curation	NT=Cisplatin;AC=NCIT:C376
PC3_DRC_cell_L03	NT=Homo sapiens;AC=NCBITaxon:9606	NT=bone tissue;AC=UBERON:0002481	NT=epithelial cell;AC=CL:0000066	NT=prostate adenocarcinoma;AC=MONDO:0005082	NT=PC-3;AC=EFO:0002074	CVCL_0035	PC-3	NT=adult;AC=EFO:0001272	62Y	male	NT=European ancestry;AC=HANCESTRO:0005	NT=Roswell Park Memorial Institute 1640 Medium;AC=NCIT:C178973	NT=Cisplatin;AC=NCIT:C376	NT=single cell;AC=PRIDE:0000897	cellenONE	PACC_L03	1	not pooled	57	run 129	proteomic profiling by mass spectrometry	NT=Orbitrap Ascend;AC=MS:1003356	NT=label free sample;AC=MS:1002038	not applicable	NT=Trypsin;AC=MS:1001251	NT=Lys-C;AC=MS:1001309	Data-independent acquisition	NT=beam-type collision-induced dissociation;AC=MS:1000422	NT=Tris(2-carboxyethyl)phosphine (TCEP);AC=PRIDE:0000609	not applicable	10 ppm	10 ppm	380	780	25	not available	1	1	20240514_FAIMS_60SPD_PC3_PACC_SC_L03.raw	v1.1.0	NT=ms-proteomics;VV=v1.1.0	NT=human;VV=v1.1.0	NT=cell-lines;VV=v1.1.0	NT=single-cell;VV=v1.0.0	NT=dia-acquisition;VV=v1.1.0	manual curation	NT=Cisplatin;AC=NCIT:C376
PC3_DRC_cell_L04	NT=Homo sapiens;AC=NCBITaxon:9606	NT=bone tissue;AC=UBERON:0002481	NT=epithelial cell;AC=CL:0000066	NT=prostate adenocarcinoma;AC=MONDO:0005082	NT=PC-3;AC=EFO:0002074	CVCL_0035	PC-3	NT=adult;AC=EFO:0001272	62Y	male	NT=European ancestry;AC=HANCESTRO:0005	NT=Roswell Park Memorial Institute 1640 Medium;AC=NCIT:C178973	NT=Cisplatin;AC=NCIT:C376	NT=single cell;AC=PRIDE:0000897	cellenONE	PACC_L04	1	not pooled	58	run 130	proteomic profiling by mass spectrometry	NT=Orbitrap Ascend;AC=MS:1003356	NT=label free sample;AC=MS:1002038	not applicable	NT=Trypsin;AC=MS:1001251	NT=Lys-C;AC=MS:1001309	Data-independent acquisition	NT=beam-type collision-induced dissociation;AC=MS:1000422	NT=Tris(2-carboxyethyl)phosphine (TCEP);AC=PRIDE:0000609	not applicable	10 ppm	10 ppm	380	780	25	not available	1	1	20240514_FAIMS_60SPD_PC3_PACC_SC_L04.raw	v1.1.0	NT=ms-proteomics;VV=v1.1.0	NT=human;VV=v1.1.0	NT=cell-lines;VV=v1.1.0	NT=single-cell;VV=v1.0.0	NT=dia-acquisition;VV=v1.1.0	manual curation	NT=Cisplatin;AC=NCIT:C376
PC3_DRC_cell_L05	NT=Homo sapiens;AC=NCBITaxon:9606	NT=bone tissue;AC=UBERON:0002481	NT=epithelial cell;AC=CL:0000066	NT=prostate adenocarcinoma;AC=MONDO:0005082	NT=PC-3;AC=EFO:0002074	CVCL_0035	PC-3	NT=adult;AC=EFO:0001272	62Y	male	NT=European ancestry;AC=HANCESTRO:0005	NT=Roswell Park Memorial Institute 1640 Medium;AC=NCIT:C178973	NT=Cisplatin;AC=NCIT:C376	NT=single cell;AC=PRIDE:0000897	cellenONE	PACC_L05	1	not pooled	59	run 131	proteomic profiling by mass spectrometry	NT=Orbitrap Ascend;AC=MS:1003356	NT=label free sample;AC=MS:1002038	not applicable	NT=Trypsin;AC=MS:1001251	NT=Lys-C;AC=MS:1001309	Data-independent acquisition	NT=beam-type collision-induced dissociation;AC=MS:1000422	NT=Tris(2-carboxyethyl)phosphine (TCEP);AC=PRIDE:0000609	not applicable	10 ppm	10 ppm	380	780	25	not available	1	1	20240514_FAIMS_60SPD_PC3_PACC_SC_L05.raw	v1.1.0	NT=ms-proteomics;VV=v1.1.0	NT=human;VV=v1.1.0	NT=cell-lines;VV=v1.1.0	NT=single-cell;VV=v1.0.0	NT=dia-acquisition;VV=v1.1.0	manual curation	NT=Cisplatin;AC=NCIT:C376
PC3_DRC_cell_L06	NT=Homo sapiens;AC=NCBITaxon:9606	NT=bone tissue;AC=UBERON:0002481	NT=epithelial cell;AC=CL:0000066	NT=prostate adenocarcinoma;AC=MONDO:0005082	NT=PC-3;AC=EFO:0002074	CVCL_0035	PC-3	NT=adult;AC=EFO:0001272	62Y	male	NT=European ancestry;AC=HANCESTRO:0005	NT=Roswell Park Memorial Institute 1640 Medium;AC=NCIT:C178973	NT=Cisplatin;AC=NCIT:C376	NT=single cell;AC=PRIDE:0000897	cellenONE	PACC_L06	1	not pooled	60	run 132	proteomic profiling by mass spectrometry	NT=Orbitrap Ascend;AC=MS:1003356	NT=label free sample;AC=MS:1002038	not applicable	NT=Trypsin;AC=MS:1001251	NT=Lys-C;AC=MS:1001309	Data-independent acquisition	NT=beam-type collision-induced dissociation;AC=MS:1000422	NT=Tris(2-carboxyethyl)phosphine (TCEP);AC=PRIDE:0000609	not applicable	10 ppm	10 ppm	380	780	25	not available	1	1	20240514_FAIMS_60SPD_PC3_PACC_SC_L06.raw	v1.1.0	NT=ms-proteomics;VV=v1.1.0	NT=human;VV=v1.1.0	NT=cell-lines;VV=v1.1.0	NT=single-cell;VV=v1.0.0	NT=dia-acquisition;VV=v1.1.0	manual curation	NT=Cisplatin;AC=NCIT:C376
PC3_DRC_cell_L07	NT=Homo sapiens;AC=NCBITaxon:9606	NT=bone tissue;AC=UBERON:0002481	NT=epithelial cell;AC=CL:0000066	NT=prostate adenocarcinoma;AC=MONDO:0005082	NT=PC-3;AC=EFO:0002074	CVCL_0035	PC-3	NT=adult;AC=EFO:0001272	62Y	male	NT=European ancestry;AC=HANCESTRO:0005	NT=Roswell Park Memorial Institute 1640 Medium;AC=NCIT:C178973	NT=Cisplatin;AC=NCIT:C376	NT=single cell;AC=PRIDE:0000897	cellenONE	PACC_L07	1	not pooled	61	run 133	proteomic profiling by mass spectrometry	NT=Orbitrap Ascend;AC=MS:1003356	NT=label free sample;AC=MS:1002038	not applicable	NT=Trypsin;AC=MS:1001251	NT=Lys-C;AC=MS:1001309	Data-independent acquisition	NT=beam-type collision-induced dissociation;AC=MS:1000422	NT=Tris(2-carboxyethyl)phosphine (TCEP);AC=PRIDE:0000609	not applicable	10 ppm	10 ppm	380	780	25	not available	1	1	20240514_FAIMS_60SPD_PC3_PACC_SC_L07.raw	v1.1.0	NT=ms-proteomics;VV=v1.1.0	NT=human;VV=v1.1.0	NT=cell-lines;VV=v1.1.0	NT=single-cell;VV=v1.0.0	NT=dia-acquisition;VV=v1.1.0	manual curation	NT=Cisplatin;AC=NCIT:C376
PC3_DRC_cell_L08	NT=Homo sapiens;AC=NCBITaxon:9606	NT=bone tissue;AC=UBERON:0002481	NT=epithelial cell;AC=CL:0000066	NT=prostate adenocarcinoma;AC=MONDO:0005082	NT=PC-3;AC=EFO:0002074	CVCL_0035	PC-3	NT=adult;AC=EFO:0001272	62Y	male	NT=European ancestry;AC=HANCESTRO:0005	NT=Roswell Park Memorial Institute 1640 Medium;AC=NCIT:C178973	NT=Cisplatin;AC=NCIT:C376	NT=single cell;AC=PRIDE:0000897	cellenONE	PACC_L08	1	not pooled	62	run 134	proteomic profiling by mass spectrometry	NT=Orbitrap Ascend;AC=MS:1003356	NT=label free sample;AC=MS:1002038	not applicable	NT=Trypsin;AC=MS:1001251	NT=Lys-C;AC=MS:1001309	Data-independent acquisition	NT=beam-type collision-induced dissociation;AC=MS:1000422	NT=Tris(2-carboxyethyl)phosphine (TCEP);AC=PRIDE:0000609	not applicable	10 ppm	10 ppm	380	780	25	not available	1	1	20240514_FAIMS_60SPD_PC3_PACC_SC_L08.raw	v1.1.0	NT=ms-proteomics;VV=v1.1.0	NT=human;VV=v1.1.0	NT=cell-lines;VV=v1.1.0	NT=single-cell;VV=v1.0.0	NT=dia-acquisition;VV=v1.1.0	manual curation	NT=Cisplatin;AC=NCIT:C376
PC3_DRC_cell_L10	NT=Homo sapiens;AC=NCBITaxon:9606	NT=bone tissue;AC=UBERON:0002481	NT=epithelial cell;AC=CL:0000066	NT=prostate adenocarcinoma;AC=MONDO:0005082	NT=PC-3;AC=EFO:0002074	CVCL_0035	PC-3	NT=adult;AC=EFO:0001272	62Y	male	NT=European ancestry;AC=HANCESTRO:0005	NT=Roswell Park Memorial Institute 1640 Medium;AC=NCIT:C178973	NT=Cisplatin;AC=NCIT:C376	NT=single cell;AC=PRIDE:0000897	cellenONE	PACC_L10	1	not pooled	63	run 135	proteomic profiling by mass spectrometry	NT=Orbitrap Ascend;AC=MS:1003356	NT=label free sample;AC=MS:1002038	not applicable	NT=Trypsin;AC=MS:1001251	NT=Lys-C;AC=MS:1001309	Data-independent acquisition	NT=beam-type collision-induced dissociation;AC=MS:1000422	NT=Tris(2-carboxyethyl)phosphine (TCEP);AC=PRIDE:0000609	not applicable	10 ppm	10 ppm	380	780	25	not available	1	1	20240514_FAIMS_60SPD_PC3_PACC_SC_L10.raw	v1.1.0	NT=ms-proteomics;VV=v1.1.0	NT=human;VV=v1.1.0	NT=cell-lines;VV=v1.1.0	NT=single-cell;VV=v1.0.0	NT=dia-acquisition;VV=v1.1.0	manual curation	NT=Cisplatin;AC=NCIT:C376
PC3_DRC_cell_L14	NT=Homo sapiens;AC=NCBITaxon:9606	NT=bone tissue;AC=UBERON:0002481	NT=epithelial cell;AC=CL:0000066	NT=prostate adenocarcinoma;AC=MONDO:0005082	NT=PC-3;AC=EFO:0002074	CVCL_0035	PC-3	NT=adult;AC=EFO:0001272	62Y	male	NT=European ancestry;AC=HANCESTRO:0005	NT=Roswell Park Memorial Institute 1640 Medium;AC=NCIT:C178973	NT=Cisplatin;AC=NCIT:C376	NT=single cell;AC=PRIDE:0000897	cellenONE	PACC_L14	1	not pooled	64	run 136	proteomic profiling by mass spectrometry	NT=Orbitrap Ascend;AC=MS:1003356	NT=label free sample;AC=MS:1002038	not applicable	NT=Trypsin;AC=MS:1001251	NT=Lys-C;AC=MS:1001309	Data-independent acquisition	NT=beam-type collision-induced dissociation;AC=MS:1000422	NT=Tris(2-carboxyethyl)phosphine (TCEP);AC=PRIDE:0000609	not applicable	10 ppm	10 ppm	380	780	25	not available	1	1	20240514_FAIMS_60SPD_PC3_PACC_SC_L14.raw	v1.1.0	NT=ms-proteomics;VV=v1.1.0	NT=human;VV=v1.1.0	NT=cell-lines;VV=v1.1.0	NT=single-cell;VV=v1.0.0	NT=dia-acquisition;VV=v1.1.0	manual curation	NT=Cisplatin;AC=NCIT:C376
PC3_DRC_cell_L16	NT=Homo sapiens;AC=NCBITaxon:9606	NT=bone tissue;AC=UBERON:0002481	NT=epithelial cell;AC=CL:0000066	NT=prostate adenocarcinoma;AC=MONDO:0005082	NT=PC-3;AC=EFO:0002074	CVCL_0035	PC-3	NT=adult;AC=EFO:0001272	62Y	male	NT=European ancestry;AC=HANCESTRO:0005	NT=Roswell Park Memorial Institute 1640 Medium;AC=NCIT:C178973	NT=Cisplatin;AC=NCIT:C376	NT=single cell;AC=PRIDE:0000897	cellenONE	PACC_L16	1	not pooled	65	run 137	proteomic profiling by mass spectrometry	NT=Orbitrap Ascend;AC=MS:1003356	NT=label free sample;AC=MS:1002038	not applicable	NT=Trypsin;AC=MS:1001251	NT=Lys-C;AC=MS:1001309	Data-independent acquisition	NT=beam-type collision-induced dissociation;AC=MS:1000422	NT=Tris(2-carboxyethyl)phosphine (TCEP);AC=PRIDE:0000609	not applicable	10 ppm	10 ppm	380	780	25	not available	1	1	20240514_FAIMS_60SPD_PC3_PACC_SC_L16.raw	v1.1.0	NT=ms-proteomics;VV=v1.1.0	NT=human;VV=v1.1.0	NT=cell-lines;VV=v1.1.0	NT=single-cell;VV=v1.0.0	NT=dia-acquisition;VV=v1.1.0	manual curation	NT=Cisplatin;AC=NCIT:C376
PC3_DRC_cell_L17	NT=Homo sapiens;AC=NCBITaxon:9606	NT=bone tissue;AC=UBERON:0002481	NT=epithelial cell;AC=CL:0000066	NT=prostate adenocarcinoma;AC=MONDO:0005082	NT=PC-3;AC=EFO:0002074	CVCL_0035	PC-3	NT=adult;AC=EFO:0001272	62Y	male	NT=European ancestry;AC=HANCESTRO:0005	NT=Roswell Park Memorial Institute 1640 Medium;AC=NCIT:C178973	NT=Cisplatin;AC=NCIT:C376	NT=single cell;AC=PRIDE:0000897	cellenONE	PACC_L17	1	not pooled	66	run 138	proteomic profiling by mass spectrometry	NT=Orbitrap Ascend;AC=MS:1003356	NT=label free sample;AC=MS:1002038	not applicable	NT=Trypsin;AC=MS:1001251	NT=Lys-C;AC=MS:1001309	Data-independent acquisition	NT=beam-type collision-induced dissociation;AC=MS:1000422	NT=Tris(2-carboxyethyl)phosphine (TCEP);AC=PRIDE:0000609	not applicable	10 ppm	10 ppm	380	780	25	not available	1	1	20240514_FAIMS_60SPD_PC3_PACC_SC_L17.raw	v1.1.0	NT=ms-proteomics;VV=v1.1.0	NT=human;VV=v1.1.0	NT=cell-lines;VV=v1.1.0	NT=single-cell;VV=v1.0.0	NT=dia-acquisition;VV=v1.1.0	manual curation	NT=Cisplatin;AC=NCIT:C376
PC3_DRC_cell_L18	NT=Homo sapiens;AC=NCBITaxon:9606	NT=bone tissue;AC=UBERON:0002481	NT=epithelial cell;AC=CL:0000066	NT=prostate adenocarcinoma;AC=MONDO:0005082	NT=PC-3;AC=EFO:0002074	CVCL_0035	PC-3	NT=adult;AC=EFO:0001272	62Y	male	NT=European ancestry;AC=HANCESTRO:0005	NT=Roswell Park Memorial Institute 1640 Medium;AC=NCIT:C178973	NT=Cisplatin;AC=NCIT:C376	NT=single cell;AC=PRIDE:0000897	cellenONE	PACC_L18	1	not pooled	67	run 139	proteomic profiling by mass spectrometry	NT=Orbitrap Ascend;AC=MS:1003356	NT=label free sample;AC=MS:1002038	not applicable	NT=Trypsin;AC=MS:1001251	NT=Lys-C;AC=MS:1001309	Data-independent acquisition	NT=beam-type collision-induced dissociation;AC=MS:1000422	NT=Tris(2-carboxyethyl)phosphine (TCEP);AC=PRIDE:0000609	not applicable	10 ppm	10 ppm	380	780	25	not available	1	1	20240514_FAIMS_60SPD_PC3_PACC_SC_L18.raw	v1.1.0	NT=ms-proteomics;VV=v1.1.0	NT=human;VV=v1.1.0	NT=cell-lines;VV=v1.1.0	NT=single-cell;VV=v1.0.0	NT=dia-acquisition;VV=v1.1.0	manual curation	NT=Cisplatin;AC=NCIT:C376
PC3_DRC_cell_L19	NT=Homo sapiens;AC=NCBITaxon:9606	NT=bone tissue;AC=UBERON:0002481	NT=epithelial cell;AC=CL:0000066	NT=prostate adenocarcinoma;AC=MONDO:0005082	NT=PC-3;AC=EFO:0002074	CVCL_0035	PC-3	NT=adult;AC=EFO:0001272	62Y	male	NT=European ancestry;AC=HANCESTRO:0005	NT=Roswell Park Memorial Institute 1640 Medium;AC=NCIT:C178973	NT=Cisplatin;AC=NCIT:C376	NT=single cell;AC=PRIDE:0000897	cellenONE	PACC_L19	1	not pooled	68	run 140	proteomic profiling by mass spectrometry	NT=Orbitrap Ascend;AC=MS:1003356	NT=label free sample;AC=MS:1002038	not applicable	NT=Trypsin;AC=MS:1001251	NT=Lys-C;AC=MS:1001309	Data-independent acquisition	NT=beam-type collision-induced dissociation;AC=MS:1000422	NT=Tris(2-carboxyethyl)phosphine (TCEP);AC=PRIDE:0000609	not applicable	10 ppm	10 ppm	380	780	25	not available	1	1	20240514_FAIMS_60SPD_PC3_PACC_SC_L19.raw	v1.1.0	NT=ms-proteomics;VV=v1.1.0	NT=human;VV=v1.1.0	NT=cell-lines;VV=v1.1.0	NT=single-cell;VV=v1.0.0	NT=dia-acquisition;VV=v1.1.0	manual curation	NT=Cisplatin;AC=NCIT:C376
PC3_DRC_cell_L20	NT=Homo sapiens;AC=NCBITaxon:9606	NT=bone tissue;AC=UBERON:0002481	NT=epithelial cell;AC=CL:0000066	NT=prostate adenocarcinoma;AC=MONDO:0005082	NT=PC-3;AC=EFO:0002074	CVCL_0035	PC-3	NT=adult;AC=EFO:0001272	62Y	male	NT=European ancestry;AC=HANCESTRO:0005	NT=Roswell Park Memorial Institute 1640 Medium;AC=NCIT:C178973	NT=Cisplatin;AC=NCIT:C376	NT=single cell;AC=PRIDE:0000897	cellenONE	PACC_L20	1	not pooled	69	run 141	proteomic profiling by mass spectrometry	NT=Orbitrap Ascend;AC=MS:1003356	NT=label free sample;AC=MS:1002038	not applicable	NT=Trypsin;AC=MS:1001251	NT=Lys-C;AC=MS:1001309	Data-independent acquisition	NT=beam-type collision-induced dissociation;AC=MS:1000422	NT=Tris(2-carboxyethyl)phosphine (TCEP);AC=PRIDE:0000609	not applicable	10 ppm	10 ppm	380	780	25	not available	1	1	20240514_FAIMS_60SPD_PC3_PACC_SC_L20.raw	v1.1.0	NT=ms-proteomics;VV=v1.1.0	NT=human;VV=v1.1.0	NT=cell-lines;VV=v1.1.0	NT=single-cell;VV=v1.0.0	NT=dia-acquisition;VV=v1.1.0	manual curation	NT=Cisplatin;AC=NCIT:C376
PC3_DRC_cell_L21	NT=Homo sapiens;AC=NCBITaxon:9606	NT=bone tissue;AC=UBERON:0002481	NT=epithelial cell;AC=CL:0000066	NT=prostate adenocarcinoma;AC=MONDO:0005082	NT=PC-3;AC=EFO:0002074	CVCL_0035	PC-3	NT=adult;AC=EFO:0001272	62Y	male	NT=European ancestry;AC=HANCESTRO:0005	NT=Roswell Park Memorial Institute 1640 Medium;AC=NCIT:C178973	NT=Cisplatin;AC=NCIT:C376	NT=single cell;AC=PRIDE:0000897	cellenONE	PACC_L21	1	not pooled	70	run 142	proteomic profiling by mass spectrometry	NT=Orbitrap Ascend;AC=MS:1003356	NT=label free sample;AC=MS:1002038	not applicable	NT=Trypsin;AC=MS:1001251	NT=Lys-C;AC=MS:1001309	Data-independent acquisition	NT=beam-type collision-induced dissociation;AC=MS:1000422	NT=Tris(2-carboxyethyl)phosphine (TCEP);AC=PRIDE:0000609	not applicable	10 ppm	10 ppm	380	780	25	not available	1	1	20240514_FAIMS_60SPD_PC3_PACC_SC_L21.raw	v1.1.0	NT=ms-proteomics;VV=v1.1.0	NT=human;VV=v1.1.0	NT=cell-lines;VV=v1.1.0	NT=single-cell;VV=v1.0.0	NT=dia-acquisition;VV=v1.1.0	manual curation	NT=Cisplatin;AC=NCIT:C376
PC3_DRC_cell_L23	NT=Homo sapiens;AC=NCBITaxon:9606	NT=bone tissue;AC=UBERON:0002481	NT=epithelial cell;AC=CL:0000066	NT=prostate adenocarcinoma;AC=MONDO:0005082	NT=PC-3;AC=EFO:0002074	CVCL_0035	PC-3	NT=adult;AC=EFO:0001272	62Y	male	NT=European ancestry;AC=HANCESTRO:0005	NT=Roswell Park Memorial Institute 1640 Medium;AC=NCIT:C178973	NT=Cisplatin;AC=NCIT:C376	NT=single cell;AC=PRIDE:0000897	cellenONE	PACC_L23	1	not pooled	71	run 143	proteomic profiling by mass spectrometry	NT=Orbitrap Ascend;AC=MS:1003356	NT=label free sample;AC=MS:1002038	not applicable	NT=Trypsin;AC=MS:1001251	NT=Lys-C;AC=MS:1001309	Data-independent acquisition	NT=beam-type collision-induced dissociation;AC=MS:1000422	NT=Tris(2-carboxyethyl)phosphine (TCEP);AC=PRIDE:0000609	not applicable	10 ppm	10 ppm	380	780	25	not available	1	1	20240514_FAIMS_60SPD_PC3_PACC_SC_L23.raw	v1.1.0	NT=ms-proteomics;VV=v1.1.0	NT=human;VV=v1.1.0	NT=cell-lines;VV=v1.1.0	NT=single-cell;VV=v1.0.0	NT=dia-acquisition;VV=v1.1.0	manual curation	NT=Cisplatin;AC=NCIT:C376
PC3_DRC_cell_L24	NT=Homo sapiens;AC=NCBITaxon:9606	NT=bone tissue;AC=UBERON:0002481	NT=epithelial cell;AC=CL:0000066	NT=prostate adenocarcinoma;AC=MONDO:0005082	NT=PC-3;AC=EFO:0002074	CVCL_0035	PC-3	NT=adult;AC=EFO:0001272	62Y	male	NT=European ancestry;AC=HANCESTRO:0005	NT=Roswell Park Memorial Institute 1640 Medium;AC=NCIT:C178973	NT=Cisplatin;AC=NCIT:C376	NT=single cell;AC=PRIDE:0000897	cellenONE	PACC_L24	1	not pooled	72	run 144	proteomic profiling by mass spectrometry	NT=Orbitrap Ascend;AC=MS:1003356	NT=label free sample;AC=MS:1002038	not applicable	NT=Trypsin;AC=MS:1001251	NT=Lys-C;AC=MS:1001309	Data-independent acquisition	NT=beam-type collision-induced dissociation;AC=MS:1000422	NT=Tris(2-carboxyethyl)phosphine (TCEP);AC=PRIDE:0000609	not applicable	10 ppm	10 ppm	380	780	25	not available	1	1	20240514_FAIMS_60SPD_PC3_PACC_SC_L24.raw	v1.1.0	NT=ms-proteomics;VV=v1.1.0	NT=human;VV=v1.1.0	NT=cell-lines;VV=v1.1.0	NT=single-cell;VV=v1.0.0	NT=dia-acquisition;VV=v1.1.0	manual curation	NT=Cisplatin;AC=NCIT:C376
PC3_parental_bulk_library	NT=Homo sapiens;AC=NCBITaxon:9606	NT=bone tissue;AC=UBERON:0002481	NT=epithelial cell;AC=CL:0000066	NT=prostate adenocarcinoma;AC=MONDO:0005082	NT=PC-3;AC=EFO:0002074	CVCL_0035	PC-3	NT=adult;AC=EFO:0001272	62Y	male	NT=European ancestry;AC=HANCESTRO:0005	NT=Roswell Park Memorial Institute 1640 Medium;AC=NCIT:C178973	not applicable	not available	not applicable	not applicable	not applicable	not pooled	1	run 145	proteomic profiling by mass spectrometry	NT=Orbitrap Ascend;AC=MS:1003356	NT=label free sample;AC=MS:1002038	NT=Carbamidomethyl;AC=UNIMOD:4;TA=C;MT=Fixed	NT=Trypsin;AC=MS:1001251	NT=Lys-C;AC=MS:1001309	Data-independent acquisition	NT=beam-type collision-induced dissociation;AC=MS:1000422	NT=Tris(2-carboxyethyl)phosphine (TCEP);AC=PRIDE:0000609	NT=Iodoacetamide (IAA);AC=PRIDE:0000599	not available	not available	380	780	25	not available	1	1	20240510_FAIMS_60SPD_PC3_cont_10ng_Lib_01_uncalibrated.mzML	v1.1.0	NT=ms-proteomics;VV=v1.1.0	NT=human;VV=v1.1.0	NT=cell-lines;VV=v1.1.0	NT=single-cell;VV=v1.0.0	NT=dia-acquisition;VV=v1.1.0	manual curation	not applicable
PC3_parental_bulk_library	NT=Homo sapiens;AC=NCBITaxon:9606	NT=bone tissue;AC=UBERON:0002481	NT=epithelial cell;AC=CL:0000066	NT=prostate adenocarcinoma;AC=MONDO:0005082	NT=PC-3;AC=EFO:0002074	CVCL_0035	PC-3	NT=adult;AC=EFO:0001272	62Y	male	NT=European ancestry;AC=HANCESTRO:0005	NT=Roswell Park Memorial Institute 1640 Medium;AC=NCIT:C178973	not applicable	not available	not applicable	not applicable	not applicable	not pooled	1	run 146	proteomic profiling by mass spectrometry	NT=Orbitrap Ascend;AC=MS:1003356	NT=label free sample;AC=MS:1002038	NT=Carbamidomethyl;AC=UNIMOD:4;TA=C;MT=Fixed	NT=Trypsin;AC=MS:1001251	NT=Lys-C;AC=MS:1001309	Data-independent acquisition	NT=beam-type collision-induced dissociation;AC=MS:1000422	NT=Tris(2-carboxyethyl)phosphine (TCEP);AC=PRIDE:0000609	NT=Iodoacetamide (IAA);AC=PRIDE:0000599	not available	not available	380	780	25	not available	1	2	20240510_FAIMS_60SPD_PC3_cont_10ng_Lib_02_uncalibrated.mzML	v1.1.0	NT=ms-proteomics;VV=v1.1.0	NT=human;VV=v1.1.0	NT=cell-lines;VV=v1.1.0	NT=single-cell;VV=v1.0.0	NT=dia-acquisition;VV=v1.1.0	manual curation	not applicable
PC3_parental_bulk_library	NT=Homo sapiens;AC=NCBITaxon:9606	NT=bone tissue;AC=UBERON:0002481	NT=epithelial cell;AC=CL:0000066	NT=prostate adenocarcinoma;AC=MONDO:0005082	NT=PC-3;AC=EFO:0002074	CVCL_0035	PC-3	NT=adult;AC=EFO:0001272	62Y	male	NT=European ancestry;AC=HANCESTRO:0005	NT=Roswell Park Memorial Institute 1640 Medium;AC=NCIT:C178973	not applicable	not available	not applicable	not applicable	not applicable	not pooled	1	run 147	proteomic profiling by mass spectrometry	NT=Orbitrap Ascend;AC=MS:1003356	NT=label free sample;AC=MS:1002038	NT=Carbamidomethyl;AC=UNIMOD:4;TA=C;MT=Fixed	NT=Trypsin;AC=MS:1001251	NT=Lys-C;AC=MS:1001309	Data-independent acquisition	NT=beam-type collision-induced dissociation;AC=MS:1000422	NT=Tris(2-carboxyethyl)phosphine (TCEP);AC=PRIDE:0000609	NT=Iodoacetamide (IAA);AC=PRIDE:0000599	not available	not available	380	780	25	not available	1	3	20240510_FAIMS_60SPD_PC3_cont_10ng_Lib_03_uncalibrated.mzML	v1.1.0	NT=ms-proteomics;VV=v1.1.0	NT=human;VV=v1.1.0	NT=cell-lines;VV=v1.1.0	NT=single-cell;VV=v1.0.0	NT=dia-acquisition;VV=v1.1.0	manual curation	not applicable
PC3_DRC_bulk_library	NT=Homo sapiens;AC=NCBITaxon:9606	NT=bone tissue;AC=UBERON:0002481	NT=epithelial cell;AC=CL:0000066	NT=prostate adenocarcinoma;AC=MONDO:0005082	NT=PC-3;AC=EFO:0002074	CVCL_0035	PC-3	NT=adult;AC=EFO:0001272	62Y	male	NT=European ancestry;AC=HANCESTRO:0005	NT=Roswell Park Memorial Institute 1640 Medium;AC=NCIT:C178973	NT=Cisplatin;AC=NCIT:C376	not available	not applicable	not applicable	not applicable	not pooled	1	run 148	proteomic profiling by mass spectrometry	NT=Orbitrap Ascend;AC=MS:1003356	NT=label free sample;AC=MS:1002038	NT=Carbamidomethyl;AC=UNIMOD:4;TA=C;MT=Fixed	NT=Trypsin;AC=MS:1001251	NT=Lys-C;AC=MS:1001309	Data-independent acquisition	NT=beam-type collision-induced dissociation;AC=MS:1000422	NT=Tris(2-carboxyethyl)phosphine (TCEP);AC=PRIDE:0000609	NT=Iodoacetamide (IAA);AC=PRIDE:0000599	not available	not available	380	780	25	not available	1	1	20240510_FAIMS_60SPD_PC3_PACC_10ng_Lib_01_uncalibrated.mzML	v1.1.0	NT=ms-proteomics;VV=v1.1.0	NT=human;VV=v1.1.0	NT=cell-lines;VV=v1.1.0	NT=single-cell;VV=v1.0.0	NT=dia-acquisition;VV=v1.1.0	manual curation	NT=Cisplatin;AC=NCIT:C376
PC3_DRC_bulk_library	NT=Homo sapiens;AC=NCBITaxon:9606	NT=bone tissue;AC=UBERON:0002481	NT=epithelial cell;AC=CL:0000066	NT=prostate adenocarcinoma;AC=MONDO:0005082	NT=PC-3;AC=EFO:0002074	CVCL_0035	PC-3	NT=adult;AC=EFO:0001272	62Y	male	NT=European ancestry;AC=HANCESTRO:0005	NT=Roswell Park Memorial Institute 1640 Medium;AC=NCIT:C178973	NT=Cisplatin;AC=NCIT:C376	not available	not applicable	not applicable	not applicable	not pooled	1	run 149	proteomic profiling by mass spectrometry	NT=Orbitrap Ascend;AC=MS:1003356	NT=label free sample;AC=MS:1002038	NT=Carbamidomethyl;AC=UNIMOD:4;TA=C;MT=Fixed	NT=Trypsin;AC=MS:1001251	NT=Lys-C;AC=MS:1001309	Data-independent acquisition	NT=beam-type collision-induced dissociation;AC=MS:1000422	NT=Tris(2-carboxyethyl)phosphine (TCEP);AC=PRIDE:0000609	NT=Iodoacetamide (IAA);AC=PRIDE:0000599	not available	not available	380	780	25	not available	1	2	20240510_FAIMS_60SPD_PC3_PACC_10ng_Lib_02_uncalibrated.mzML	v1.1.0	NT=ms-proteomics;VV=v1.1.0	NT=human;VV=v1.1.0	NT=cell-lines;VV=v1.1.0	NT=single-cell;VV=v1.0.0	NT=dia-acquisition;VV=v1.1.0	manual curation	NT=Cisplatin;AC=NCIT:C376
PC3_DRC_bulk_library	NT=Homo sapiens;AC=NCBITaxon:9606	NT=bone tissue;AC=UBERON:0002481	NT=epithelial cell;AC=CL:0000066	NT=prostate adenocarcinoma;AC=MONDO:0005082	NT=PC-3;AC=EFO:0002074	CVCL_0035	PC-3	NT=adult;AC=EFO:0001272	62Y	male	NT=European ancestry;AC=HANCESTRO:0005	NT=Roswell Park Memorial Institute 1640 Medium;AC=NCIT:C178973	NT=Cisplatin;AC=NCIT:C376	not available	not applicable	not applicable	not applicable	not pooled	1	run 150	proteomic profiling by mass spectrometry	NT=Orbitrap Ascend;AC=MS:1003356	NT=label free sample;AC=MS:1002038	NT=Carbamidomethyl;AC=UNIMOD:4;TA=C;MT=Fixed	NT=Trypsin;AC=MS:1001251	NT=Lys-C;AC=MS:1001309	Data-independent acquisition	NT=beam-type collision-induced dissociation;AC=MS:1000422	NT=Tris(2-carboxyethyl)phosphine (TCEP);AC=PRIDE:0000609	NT=Iodoacetamide (IAA);AC=PRIDE:0000599	not available	not available	380	780	25	not available	1	3	20240510_FAIMS_60SPD_PC3_PACC_10ng_Lib_03_uncalibrated.mzML	v1.1.0	NT=ms-proteomics;VV=v1.1.0	NT=human;VV=v1.1.0	NT=cell-lines;VV=v1.1.0	NT=single-cell;VV=v1.0.0	NT=dia-acquisition;VV=v1.1.0	manual curation	NT=Cisplatin;AC=NCIT:C376
