source name	characteristics[organism]	characteristics[organism part]	characteristics[cell type]	characteristics[disease]	characteristics[cell line]	characteristics[cellosaurus accession]	characteristics[cellosaurus name]	characteristics[sample type]	characteristics[single cell isolation protocol]	characteristics[cell identifier]	characteristics[cells per well]	characteristics[pooled sample]	characteristics[biological replicate]	assay name	technology type	comment[instrument]	comment[label]	comment[modification parameters]	comment[modification parameters]	comment[modification parameters]	comment[modification parameters]	comment[cleavage agent details]	comment[proteomics data acquisition method]	comment[dissociation method]	comment[precursor mass tolerance]	comment[fragment mass tolerance]	comment[reduction reagent]	comment[alkylation reagent]	comment[carrier channel]	comment[reference channel]	comment[fraction identifier]	comment[technical replicate]	comment[data file]	comment[sdrf version]	comment[sdrf template]	comment[sdrf template]	comment[sdrf template]	comment[sdrf annotation tool]	factor value[cell line]
230120_1_TMT126	NT=Homo sapiens;AC=NCBITaxon:9606	NT=prostate gland;AC=UBERON:0002367	NT=epithelial cell;AC=CL:0000066	NT=prostate carcinoma;AC=MONDO:0005159	LNCaP	CVCL_0395	LNCaP	NT=single cell;AC=PRIDE:0000897	manual picking	230120_1_TMT126	1	not pooled	1	run 1	proteomic profiling by mass spectrometry	NT=Q Exactive Plus;AC=MS:1002634	TMT126	NT=TMT6plex;AC=UNIMOD:737;TA=K;MT=Fixed	NT=TMT6plex;AC=UNIMOD:737;PP=Any N-term;MT=Fixed	NT=Carbamidomethyl;AC=UNIMOD:4;TA=C;MT=Fixed	NT=Oxidation;AC=UNIMOD:35;TA=M;MT=Variable	NT=Trypsin;AC=MS:1001251	NT=data-dependent acquisition;AC=PRIDE:0000627	NT=beam-type collision-induced dissociation;AC=MS:1000422	10 ppm	0.02 Da	not available	not available	not applicable	TMT127N	1	1	230120_1.raw	v1.1.0	NT=ms-proteomics;VV=v1.1.0	NT=cell-lines;VV=v1.1.0	NT=single-cell;VV=v1.0.0	manual curation	LNCaP
230120_1_TMT127N	NT=Homo sapiens;AC=NCBITaxon:9606	NT=prostate gland;AC=UBERON:0002367	NT=epithelial cell;AC=CL:0000066	NT=prostate carcinoma;AC=MONDO:0005159	LNCaP	CVCL_0395	LNCaP	NT=reference;AC=PRIDE:0000899	not applicable	not applicable	3000	pooled	pooled	run 1	proteomic profiling by mass spectrometry	NT=Q Exactive Plus;AC=MS:1002634	TMT127N	NT=TMT6plex;AC=UNIMOD:737;TA=K;MT=Fixed	NT=TMT6plex;AC=UNIMOD:737;PP=Any N-term;MT=Fixed	NT=Carbamidomethyl;AC=UNIMOD:4;TA=C;MT=Fixed	NT=Oxidation;AC=UNIMOD:35;TA=M;MT=Variable	NT=Trypsin;AC=MS:1001251	NT=data-dependent acquisition;AC=PRIDE:0000627	NT=beam-type collision-induced dissociation;AC=MS:1000422	10 ppm	0.02 Da	not available	not available	not applicable	TMT127N	1	1	230120_1.raw	v1.1.0	NT=ms-proteomics;VV=v1.1.0	NT=cell-lines;VV=v1.1.0	NT=single-cell;VV=v1.0.0	manual curation	LNCaP
230120_1_TMT127C	NT=Homo sapiens;AC=NCBITaxon:9606	NT=prostate gland;AC=UBERON:0002367	NT=epithelial cell;AC=CL:0000066	NT=prostate carcinoma;AC=MONDO:0005159	LNCaP C4	CVCL_4783	LNCaP C4	NT=single cell;AC=PRIDE:0000897	manual picking	230120_1_TMT127C	1	not pooled	1	run 1	proteomic profiling by mass spectrometry	NT=Q Exactive Plus;AC=MS:1002634	TMT127C	NT=TMT6plex;AC=UNIMOD:737;TA=K;MT=Fixed	NT=TMT6plex;AC=UNIMOD:737;PP=Any N-term;MT=Fixed	NT=Carbamidomethyl;AC=UNIMOD:4;TA=C;MT=Fixed	NT=Oxidation;AC=UNIMOD:35;TA=M;MT=Variable	NT=Trypsin;AC=MS:1001251	NT=data-dependent acquisition;AC=PRIDE:0000627	NT=beam-type collision-induced dissociation;AC=MS:1000422	10 ppm	0.02 Da	not available	not available	not applicable	TMT127N	1	1	230120_1.raw	v1.1.0	NT=ms-proteomics;VV=v1.1.0	NT=cell-lines;VV=v1.1.0	NT=single-cell;VV=v1.0.0	manual curation	LNCaP C4
230120_1_TMT128N	NT=Homo sapiens;AC=NCBITaxon:9606	NT=prostate gland;AC=UBERON:0002367	NT=epithelial cell;AC=CL:0000066	NT=prostate carcinoma;AC=MONDO:0005159	LNCaP	CVCL_0395	LNCaP	NT=single cell;AC=PRIDE:0000897	manual picking	230120_1_TMT128N	1	not pooled	2	run 1	proteomic profiling by mass spectrometry	NT=Q Exactive Plus;AC=MS:1002634	TMT128N	NT=TMT6plex;AC=UNIMOD:737;TA=K;MT=Fixed	NT=TMT6plex;AC=UNIMOD:737;PP=Any N-term;MT=Fixed	NT=Carbamidomethyl;AC=UNIMOD:4;TA=C;MT=Fixed	NT=Oxidation;AC=UNIMOD:35;TA=M;MT=Variable	NT=Trypsin;AC=MS:1001251	NT=data-dependent acquisition;AC=PRIDE:0000627	NT=beam-type collision-induced dissociation;AC=MS:1000422	10 ppm	0.02 Da	not available	not available	not applicable	TMT127N	1	1	230120_1.raw	v1.1.0	NT=ms-proteomics;VV=v1.1.0	NT=cell-lines;VV=v1.1.0	NT=single-cell;VV=v1.0.0	manual curation	LNCaP
230120_1_TMT128C	NT=Homo sapiens;AC=NCBITaxon:9606	NT=prostate gland;AC=UBERON:0002367	NT=epithelial cell;AC=CL:0000066	NT=prostate carcinoma;AC=MONDO:0005159	LNCaP C4	CVCL_4783	LNCaP C4	NT=single cell;AC=PRIDE:0000897	manual picking	230120_1_TMT128C	1	not pooled	2	run 1	proteomic profiling by mass spectrometry	NT=Q Exactive Plus;AC=MS:1002634	TMT128C	NT=TMT6plex;AC=UNIMOD:737;TA=K;MT=Fixed	NT=TMT6plex;AC=UNIMOD:737;PP=Any N-term;MT=Fixed	NT=Carbamidomethyl;AC=UNIMOD:4;TA=C;MT=Fixed	NT=Oxidation;AC=UNIMOD:35;TA=M;MT=Variable	NT=Trypsin;AC=MS:1001251	NT=data-dependent acquisition;AC=PRIDE:0000627	NT=beam-type collision-induced dissociation;AC=MS:1000422	10 ppm	0.02 Da	not available	not available	not applicable	TMT127N	1	1	230120_1.raw	v1.1.0	NT=ms-proteomics;VV=v1.1.0	NT=cell-lines;VV=v1.1.0	NT=single-cell;VV=v1.0.0	manual curation	LNCaP C4
230120_1_TMT129N	NT=Homo sapiens;AC=NCBITaxon:9606	NT=prostate gland;AC=UBERON:0002367	NT=epithelial cell;AC=CL:0000066	NT=prostate carcinoma;AC=MONDO:0005159	LNCaP	CVCL_0395	LNCaP	NT=single cell;AC=PRIDE:0000897	manual picking	230120_1_TMT129N	1	not pooled	3	run 1	proteomic profiling by mass spectrometry	NT=Q Exactive Plus;AC=MS:1002634	TMT129N	NT=TMT6plex;AC=UNIMOD:737;TA=K;MT=Fixed	NT=TMT6plex;AC=UNIMOD:737;PP=Any N-term;MT=Fixed	NT=Carbamidomethyl;AC=UNIMOD:4;TA=C;MT=Fixed	NT=Oxidation;AC=UNIMOD:35;TA=M;MT=Variable	NT=Trypsin;AC=MS:1001251	NT=data-dependent acquisition;AC=PRIDE:0000627	NT=beam-type collision-induced dissociation;AC=MS:1000422	10 ppm	0.02 Da	not available	not available	not applicable	TMT127N	1	1	230120_1.raw	v1.1.0	NT=ms-proteomics;VV=v1.1.0	NT=cell-lines;VV=v1.1.0	NT=single-cell;VV=v1.0.0	manual curation	LNCaP
230120_1_TMT129C	NT=Homo sapiens;AC=NCBITaxon:9606	NT=prostate gland;AC=UBERON:0002367	NT=epithelial cell;AC=CL:0000066	NT=prostate carcinoma;AC=MONDO:0005159	LNCaP C4	CVCL_4783	LNCaP C4	NT=single cell;AC=PRIDE:0000897	manual picking	230120_1_TMT129C	1	not pooled	3	run 1	proteomic profiling by mass spectrometry	NT=Q Exactive Plus;AC=MS:1002634	TMT129C	NT=TMT6plex;AC=UNIMOD:737;TA=K;MT=Fixed	NT=TMT6plex;AC=UNIMOD:737;PP=Any N-term;MT=Fixed	NT=Carbamidomethyl;AC=UNIMOD:4;TA=C;MT=Fixed	NT=Oxidation;AC=UNIMOD:35;TA=M;MT=Variable	NT=Trypsin;AC=MS:1001251	NT=data-dependent acquisition;AC=PRIDE:0000627	NT=beam-type collision-induced dissociation;AC=MS:1000422	10 ppm	0.02 Da	not available	not available	not applicable	TMT127N	1	1	230120_1.raw	v1.1.0	NT=ms-proteomics;VV=v1.1.0	NT=cell-lines;VV=v1.1.0	NT=single-cell;VV=v1.0.0	manual curation	LNCaP C4
230120_1_TMT130N	NT=Homo sapiens;AC=NCBITaxon:9606	not available	not available	not available	U118	not available	not available	NT=single cell;AC=PRIDE:0000897	manual picking	230120_1_TMT130N	1	not pooled	1	run 1	proteomic profiling by mass spectrometry	NT=Q Exactive Plus;AC=MS:1002634	TMT130N	NT=TMT6plex;AC=UNIMOD:737;TA=K;MT=Fixed	NT=TMT6plex;AC=UNIMOD:737;PP=Any N-term;MT=Fixed	NT=Carbamidomethyl;AC=UNIMOD:4;TA=C;MT=Fixed	NT=Oxidation;AC=UNIMOD:35;TA=M;MT=Variable	NT=Trypsin;AC=MS:1001251	NT=data-dependent acquisition;AC=PRIDE:0000627	NT=beam-type collision-induced dissociation;AC=MS:1000422	10 ppm	0.02 Da	not available	not available	not applicable	TMT127N	1	1	230120_1.raw	v1.1.0	NT=ms-proteomics;VV=v1.1.0	NT=cell-lines;VV=v1.1.0	NT=single-cell;VV=v1.0.0	manual curation	U118
230120_1_TMT130C	NT=Homo sapiens;AC=NCBITaxon:9606	not available	not available	not available	U118	not available	not available	NT=single cell;AC=PRIDE:0000897	manual picking	230120_1_TMT130C	1	not pooled	2	run 1	proteomic profiling by mass spectrometry	NT=Q Exactive Plus;AC=MS:1002634	TMT130C	NT=TMT6plex;AC=UNIMOD:737;TA=K;MT=Fixed	NT=TMT6plex;AC=UNIMOD:737;PP=Any N-term;MT=Fixed	NT=Carbamidomethyl;AC=UNIMOD:4;TA=C;MT=Fixed	NT=Oxidation;AC=UNIMOD:35;TA=M;MT=Variable	NT=Trypsin;AC=MS:1001251	NT=data-dependent acquisition;AC=PRIDE:0000627	NT=beam-type collision-induced dissociation;AC=MS:1000422	10 ppm	0.02 Da	not available	not available	not applicable	TMT127N	1	1	230120_1.raw	v1.1.0	NT=ms-proteomics;VV=v1.1.0	NT=cell-lines;VV=v1.1.0	NT=single-cell;VV=v1.0.0	manual curation	U118
230120_1_TMT131	NT=Homo sapiens;AC=NCBITaxon:9606	not available	not available	not available	U118	not available	not available	NT=single cell;AC=PRIDE:0000897	manual picking	230120_1_TMT131	1	not pooled	3	run 1	proteomic profiling by mass spectrometry	NT=Q Exactive Plus;AC=MS:1002634	TMT131	NT=TMT6plex;AC=UNIMOD:737;TA=K;MT=Fixed	NT=TMT6plex;AC=UNIMOD:737;PP=Any N-term;MT=Fixed	NT=Carbamidomethyl;AC=UNIMOD:4;TA=C;MT=Fixed	NT=Oxidation;AC=UNIMOD:35;TA=M;MT=Variable	NT=Trypsin;AC=MS:1001251	NT=data-dependent acquisition;AC=PRIDE:0000627	NT=beam-type collision-induced dissociation;AC=MS:1000422	10 ppm	0.02 Da	not available	not available	not applicable	TMT127N	1	1	230120_1.raw	v1.1.0	NT=ms-proteomics;VV=v1.1.0	NT=cell-lines;VV=v1.1.0	NT=single-cell;VV=v1.0.0	manual curation	U118
230120_2_TMT126	NT=Homo sapiens;AC=NCBITaxon:9606	NT=prostate gland;AC=UBERON:0002367	NT=epithelial cell;AC=CL:0000066	NT=prostate carcinoma;AC=MONDO:0005159	LNCaP	CVCL_0395	LNCaP	NT=single cell;AC=PRIDE:0000897	manual picking	230120_2_TMT126	1	not pooled	4	run 2	proteomic profiling by mass spectrometry	NT=Q Exactive Plus;AC=MS:1002634	TMT126	NT=TMT6plex;AC=UNIMOD:737;TA=K;MT=Fixed	NT=TMT6plex;AC=UNIMOD:737;PP=Any N-term;MT=Fixed	NT=Carbamidomethyl;AC=UNIMOD:4;TA=C;MT=Fixed	NT=Oxidation;AC=UNIMOD:35;TA=M;MT=Variable	NT=Trypsin;AC=MS:1001251	NT=data-dependent acquisition;AC=PRIDE:0000627	NT=beam-type collision-induced dissociation;AC=MS:1000422	10 ppm	0.02 Da	not available	not available	not applicable	TMT127N	1	1	230120_2.raw	v1.1.0	NT=ms-proteomics;VV=v1.1.0	NT=cell-lines;VV=v1.1.0	NT=single-cell;VV=v1.0.0	manual curation	LNCaP
230120_2_TMT127N	NT=Homo sapiens;AC=NCBITaxon:9606	NT=prostate gland;AC=UBERON:0002367	NT=epithelial cell;AC=CL:0000066	NT=prostate carcinoma;AC=MONDO:0005159	LNCaP	CVCL_0395	LNCaP	NT=reference;AC=PRIDE:0000899	not applicable	not applicable	3000	pooled	pooled	run 2	proteomic profiling by mass spectrometry	NT=Q Exactive Plus;AC=MS:1002634	TMT127N	NT=TMT6plex;AC=UNIMOD:737;TA=K;MT=Fixed	NT=TMT6plex;AC=UNIMOD:737;PP=Any N-term;MT=Fixed	NT=Carbamidomethyl;AC=UNIMOD:4;TA=C;MT=Fixed	NT=Oxidation;AC=UNIMOD:35;TA=M;MT=Variable	NT=Trypsin;AC=MS:1001251	NT=data-dependent acquisition;AC=PRIDE:0000627	NT=beam-type collision-induced dissociation;AC=MS:1000422	10 ppm	0.02 Da	not available	not available	not applicable	TMT127N	1	1	230120_2.raw	v1.1.0	NT=ms-proteomics;VV=v1.1.0	NT=cell-lines;VV=v1.1.0	NT=single-cell;VV=v1.0.0	manual curation	LNCaP
230120_2_TMT127C	NT=Homo sapiens;AC=NCBITaxon:9606	NT=prostate gland;AC=UBERON:0002367	NT=epithelial cell;AC=CL:0000066	NT=prostate carcinoma;AC=MONDO:0005159	LNCaP C4	CVCL_4783	LNCaP C4	NT=single cell;AC=PRIDE:0000897	manual picking	230120_2_TMT127C	1	not pooled	4	run 2	proteomic profiling by mass spectrometry	NT=Q Exactive Plus;AC=MS:1002634	TMT127C	NT=TMT6plex;AC=UNIMOD:737;TA=K;MT=Fixed	NT=TMT6plex;AC=UNIMOD:737;PP=Any N-term;MT=Fixed	NT=Carbamidomethyl;AC=UNIMOD:4;TA=C;MT=Fixed	NT=Oxidation;AC=UNIMOD:35;TA=M;MT=Variable	NT=Trypsin;AC=MS:1001251	NT=data-dependent acquisition;AC=PRIDE:0000627	NT=beam-type collision-induced dissociation;AC=MS:1000422	10 ppm	0.02 Da	not available	not available	not applicable	TMT127N	1	1	230120_2.raw	v1.1.0	NT=ms-proteomics;VV=v1.1.0	NT=cell-lines;VV=v1.1.0	NT=single-cell;VV=v1.0.0	manual curation	LNCaP C4
230120_2_TMT128N	NT=Homo sapiens;AC=NCBITaxon:9606	NT=prostate gland;AC=UBERON:0002367	NT=epithelial cell;AC=CL:0000066	NT=prostate carcinoma;AC=MONDO:0005159	LNCaP	CVCL_0395	LNCaP	NT=single cell;AC=PRIDE:0000897	manual picking	230120_2_TMT128N	1	not pooled	5	run 2	proteomic profiling by mass spectrometry	NT=Q Exactive Plus;AC=MS:1002634	TMT128N	NT=TMT6plex;AC=UNIMOD:737;TA=K;MT=Fixed	NT=TMT6plex;AC=UNIMOD:737;PP=Any N-term;MT=Fixed	NT=Carbamidomethyl;AC=UNIMOD:4;TA=C;MT=Fixed	NT=Oxidation;AC=UNIMOD:35;TA=M;MT=Variable	NT=Trypsin;AC=MS:1001251	NT=data-dependent acquisition;AC=PRIDE:0000627	NT=beam-type collision-induced dissociation;AC=MS:1000422	10 ppm	0.02 Da	not available	not available	not applicable	TMT127N	1	1	230120_2.raw	v1.1.0	NT=ms-proteomics;VV=v1.1.0	NT=cell-lines;VV=v1.1.0	NT=single-cell;VV=v1.0.0	manual curation	LNCaP
230120_2_TMT128C	NT=Homo sapiens;AC=NCBITaxon:9606	NT=prostate gland;AC=UBERON:0002367	NT=epithelial cell;AC=CL:0000066	NT=prostate carcinoma;AC=MONDO:0005159	LNCaP C4	CVCL_4783	LNCaP C4	NT=single cell;AC=PRIDE:0000897	manual picking	230120_2_TMT128C	1	not pooled	5	run 2	proteomic profiling by mass spectrometry	NT=Q Exactive Plus;AC=MS:1002634	TMT128C	NT=TMT6plex;AC=UNIMOD:737;TA=K;MT=Fixed	NT=TMT6plex;AC=UNIMOD:737;PP=Any N-term;MT=Fixed	NT=Carbamidomethyl;AC=UNIMOD:4;TA=C;MT=Fixed	NT=Oxidation;AC=UNIMOD:35;TA=M;MT=Variable	NT=Trypsin;AC=MS:1001251	NT=data-dependent acquisition;AC=PRIDE:0000627	NT=beam-type collision-induced dissociation;AC=MS:1000422	10 ppm	0.02 Da	not available	not available	not applicable	TMT127N	1	1	230120_2.raw	v1.1.0	NT=ms-proteomics;VV=v1.1.0	NT=cell-lines;VV=v1.1.0	NT=single-cell;VV=v1.0.0	manual curation	LNCaP C4
230120_2_TMT129N	NT=Homo sapiens;AC=NCBITaxon:9606	NT=prostate gland;AC=UBERON:0002367	NT=epithelial cell;AC=CL:0000066	NT=prostate carcinoma;AC=MONDO:0005159	LNCaP	CVCL_0395	LNCaP	NT=single cell;AC=PRIDE:0000897	manual picking	230120_2_TMT129N	1	not pooled	6	run 2	proteomic profiling by mass spectrometry	NT=Q Exactive Plus;AC=MS:1002634	TMT129N	NT=TMT6plex;AC=UNIMOD:737;TA=K;MT=Fixed	NT=TMT6plex;AC=UNIMOD:737;PP=Any N-term;MT=Fixed	NT=Carbamidomethyl;AC=UNIMOD:4;TA=C;MT=Fixed	NT=Oxidation;AC=UNIMOD:35;TA=M;MT=Variable	NT=Trypsin;AC=MS:1001251	NT=data-dependent acquisition;AC=PRIDE:0000627	NT=beam-type collision-induced dissociation;AC=MS:1000422	10 ppm	0.02 Da	not available	not available	not applicable	TMT127N	1	1	230120_2.raw	v1.1.0	NT=ms-proteomics;VV=v1.1.0	NT=cell-lines;VV=v1.1.0	NT=single-cell;VV=v1.0.0	manual curation	LNCaP
230120_2_TMT129C	NT=Homo sapiens;AC=NCBITaxon:9606	NT=prostate gland;AC=UBERON:0002367	NT=epithelial cell;AC=CL:0000066	NT=prostate carcinoma;AC=MONDO:0005159	LNCaP C4	CVCL_4783	LNCaP C4	NT=single cell;AC=PRIDE:0000897	manual picking	230120_2_TMT129C	1	not pooled	6	run 2	proteomic profiling by mass spectrometry	NT=Q Exactive Plus;AC=MS:1002634	TMT129C	NT=TMT6plex;AC=UNIMOD:737;TA=K;MT=Fixed	NT=TMT6plex;AC=UNIMOD:737;PP=Any N-term;MT=Fixed	NT=Carbamidomethyl;AC=UNIMOD:4;TA=C;MT=Fixed	NT=Oxidation;AC=UNIMOD:35;TA=M;MT=Variable	NT=Trypsin;AC=MS:1001251	NT=data-dependent acquisition;AC=PRIDE:0000627	NT=beam-type collision-induced dissociation;AC=MS:1000422	10 ppm	0.02 Da	not available	not available	not applicable	TMT127N	1	1	230120_2.raw	v1.1.0	NT=ms-proteomics;VV=v1.1.0	NT=cell-lines;VV=v1.1.0	NT=single-cell;VV=v1.0.0	manual curation	LNCaP C4
230120_2_TMT130N	NT=Homo sapiens;AC=NCBITaxon:9606	not available	not available	not available	U118	not available	not available	NT=single cell;AC=PRIDE:0000897	manual picking	230120_2_TMT130N	1	not pooled	4	run 2	proteomic profiling by mass spectrometry	NT=Q Exactive Plus;AC=MS:1002634	TMT130N	NT=TMT6plex;AC=UNIMOD:737;TA=K;MT=Fixed	NT=TMT6plex;AC=UNIMOD:737;PP=Any N-term;MT=Fixed	NT=Carbamidomethyl;AC=UNIMOD:4;TA=C;MT=Fixed	NT=Oxidation;AC=UNIMOD:35;TA=M;MT=Variable	NT=Trypsin;AC=MS:1001251	NT=data-dependent acquisition;AC=PRIDE:0000627	NT=beam-type collision-induced dissociation;AC=MS:1000422	10 ppm	0.02 Da	not available	not available	not applicable	TMT127N	1	1	230120_2.raw	v1.1.0	NT=ms-proteomics;VV=v1.1.0	NT=cell-lines;VV=v1.1.0	NT=single-cell;VV=v1.0.0	manual curation	U118
230120_2_TMT130C	NT=Homo sapiens;AC=NCBITaxon:9606	not available	not available	not available	U118	not available	not available	NT=single cell;AC=PRIDE:0000897	manual picking	230120_2_TMT130C	1	not pooled	5	run 2	proteomic profiling by mass spectrometry	NT=Q Exactive Plus;AC=MS:1002634	TMT130C	NT=TMT6plex;AC=UNIMOD:737;TA=K;MT=Fixed	NT=TMT6plex;AC=UNIMOD:737;PP=Any N-term;MT=Fixed	NT=Carbamidomethyl;AC=UNIMOD:4;TA=C;MT=Fixed	NT=Oxidation;AC=UNIMOD:35;TA=M;MT=Variable	NT=Trypsin;AC=MS:1001251	NT=data-dependent acquisition;AC=PRIDE:0000627	NT=beam-type collision-induced dissociation;AC=MS:1000422	10 ppm	0.02 Da	not available	not available	not applicable	TMT127N	1	1	230120_2.raw	v1.1.0	NT=ms-proteomics;VV=v1.1.0	NT=cell-lines;VV=v1.1.0	NT=single-cell;VV=v1.0.0	manual curation	U118
230120_2_TMT131	NT=Homo sapiens;AC=NCBITaxon:9606	not available	not available	not available	U118	not available	not available	NT=single cell;AC=PRIDE:0000897	manual picking	230120_2_TMT131	1	not pooled	6	run 2	proteomic profiling by mass spectrometry	NT=Q Exactive Plus;AC=MS:1002634	TMT131	NT=TMT6plex;AC=UNIMOD:737;TA=K;MT=Fixed	NT=TMT6plex;AC=UNIMOD:737;PP=Any N-term;MT=Fixed	NT=Carbamidomethyl;AC=UNIMOD:4;TA=C;MT=Fixed	NT=Oxidation;AC=UNIMOD:35;TA=M;MT=Variable	NT=Trypsin;AC=MS:1001251	NT=data-dependent acquisition;AC=PRIDE:0000627	NT=beam-type collision-induced dissociation;AC=MS:1000422	10 ppm	0.02 Da	not available	not available	not applicable	TMT127N	1	1	230120_2.raw	v1.1.0	NT=ms-proteomics;VV=v1.1.0	NT=cell-lines;VV=v1.1.0	NT=single-cell;VV=v1.0.0	manual curation	U118
230120_3_TMT126	NT=Homo sapiens;AC=NCBITaxon:9606	NT=prostate gland;AC=UBERON:0002367	NT=epithelial cell;AC=CL:0000066	NT=prostate carcinoma;AC=MONDO:0005159	LNCaP	CVCL_0395	LNCaP	NT=single cell;AC=PRIDE:0000897	manual picking	230120_3_TMT126	1	not pooled	7	run 3	proteomic profiling by mass spectrometry	NT=Q Exactive Plus;AC=MS:1002634	TMT126	NT=TMT6plex;AC=UNIMOD:737;TA=K;MT=Fixed	NT=TMT6plex;AC=UNIMOD:737;PP=Any N-term;MT=Fixed	NT=Carbamidomethyl;AC=UNIMOD:4;TA=C;MT=Fixed	NT=Oxidation;AC=UNIMOD:35;TA=M;MT=Variable	NT=Trypsin;AC=MS:1001251	NT=data-dependent acquisition;AC=PRIDE:0000627	NT=beam-type collision-induced dissociation;AC=MS:1000422	10 ppm	0.02 Da	not available	not available	not applicable	TMT127N	1	1	230120_3.raw	v1.1.0	NT=ms-proteomics;VV=v1.1.0	NT=cell-lines;VV=v1.1.0	NT=single-cell;VV=v1.0.0	manual curation	LNCaP
230120_3_TMT127N	NT=Homo sapiens;AC=NCBITaxon:9606	NT=prostate gland;AC=UBERON:0002367	NT=epithelial cell;AC=CL:0000066	NT=prostate carcinoma;AC=MONDO:0005159	LNCaP	CVCL_0395	LNCaP	NT=reference;AC=PRIDE:0000899	not applicable	not applicable	3000	pooled	pooled	run 3	proteomic profiling by mass spectrometry	NT=Q Exactive Plus;AC=MS:1002634	TMT127N	NT=TMT6plex;AC=UNIMOD:737;TA=K;MT=Fixed	NT=TMT6plex;AC=UNIMOD:737;PP=Any N-term;MT=Fixed	NT=Carbamidomethyl;AC=UNIMOD:4;TA=C;MT=Fixed	NT=Oxidation;AC=UNIMOD:35;TA=M;MT=Variable	NT=Trypsin;AC=MS:1001251	NT=data-dependent acquisition;AC=PRIDE:0000627	NT=beam-type collision-induced dissociation;AC=MS:1000422	10 ppm	0.02 Da	not available	not available	not applicable	TMT127N	1	1	230120_3.raw	v1.1.0	NT=ms-proteomics;VV=v1.1.0	NT=cell-lines;VV=v1.1.0	NT=single-cell;VV=v1.0.0	manual curation	LNCaP
230120_3_TMT127C	NT=Homo sapiens;AC=NCBITaxon:9606	NT=prostate gland;AC=UBERON:0002367	NT=epithelial cell;AC=CL:0000066	NT=prostate carcinoma;AC=MONDO:0005159	LNCaP C4	CVCL_4783	LNCaP C4	NT=single cell;AC=PRIDE:0000897	manual picking	230120_3_TMT127C	1	not pooled	7	run 3	proteomic profiling by mass spectrometry	NT=Q Exactive Plus;AC=MS:1002634	TMT127C	NT=TMT6plex;AC=UNIMOD:737;TA=K;MT=Fixed	NT=TMT6plex;AC=UNIMOD:737;PP=Any N-term;MT=Fixed	NT=Carbamidomethyl;AC=UNIMOD:4;TA=C;MT=Fixed	NT=Oxidation;AC=UNIMOD:35;TA=M;MT=Variable	NT=Trypsin;AC=MS:1001251	NT=data-dependent acquisition;AC=PRIDE:0000627	NT=beam-type collision-induced dissociation;AC=MS:1000422	10 ppm	0.02 Da	not available	not available	not applicable	TMT127N	1	1	230120_3.raw	v1.1.0	NT=ms-proteomics;VV=v1.1.0	NT=cell-lines;VV=v1.1.0	NT=single-cell;VV=v1.0.0	manual curation	LNCaP C4
230120_3_TMT128N	NT=Homo sapiens;AC=NCBITaxon:9606	NT=prostate gland;AC=UBERON:0002367	NT=epithelial cell;AC=CL:0000066	NT=prostate carcinoma;AC=MONDO:0005159	LNCaP	CVCL_0395	LNCaP	NT=single cell;AC=PRIDE:0000897	manual picking	230120_3_TMT128N	1	not pooled	8	run 3	proteomic profiling by mass spectrometry	NT=Q Exactive Plus;AC=MS:1002634	TMT128N	NT=TMT6plex;AC=UNIMOD:737;TA=K;MT=Fixed	NT=TMT6plex;AC=UNIMOD:737;PP=Any N-term;MT=Fixed	NT=Carbamidomethyl;AC=UNIMOD:4;TA=C;MT=Fixed	NT=Oxidation;AC=UNIMOD:35;TA=M;MT=Variable	NT=Trypsin;AC=MS:1001251	NT=data-dependent acquisition;AC=PRIDE:0000627	NT=beam-type collision-induced dissociation;AC=MS:1000422	10 ppm	0.02 Da	not available	not available	not applicable	TMT127N	1	1	230120_3.raw	v1.1.0	NT=ms-proteomics;VV=v1.1.0	NT=cell-lines;VV=v1.1.0	NT=single-cell;VV=v1.0.0	manual curation	LNCaP
230120_3_TMT128C	NT=Homo sapiens;AC=NCBITaxon:9606	NT=prostate gland;AC=UBERON:0002367	NT=epithelial cell;AC=CL:0000066	NT=prostate carcinoma;AC=MONDO:0005159	LNCaP C4	CVCL_4783	LNCaP C4	NT=single cell;AC=PRIDE:0000897	manual picking	230120_3_TMT128C	1	not pooled	8	run 3	proteomic profiling by mass spectrometry	NT=Q Exactive Plus;AC=MS:1002634	TMT128C	NT=TMT6plex;AC=UNIMOD:737;TA=K;MT=Fixed	NT=TMT6plex;AC=UNIMOD:737;PP=Any N-term;MT=Fixed	NT=Carbamidomethyl;AC=UNIMOD:4;TA=C;MT=Fixed	NT=Oxidation;AC=UNIMOD:35;TA=M;MT=Variable	NT=Trypsin;AC=MS:1001251	NT=data-dependent acquisition;AC=PRIDE:0000627	NT=beam-type collision-induced dissociation;AC=MS:1000422	10 ppm	0.02 Da	not available	not available	not applicable	TMT127N	1	1	230120_3.raw	v1.1.0	NT=ms-proteomics;VV=v1.1.0	NT=cell-lines;VV=v1.1.0	NT=single-cell;VV=v1.0.0	manual curation	LNCaP C4
230120_3_TMT129N	NT=Homo sapiens;AC=NCBITaxon:9606	NT=prostate gland;AC=UBERON:0002367	NT=epithelial cell;AC=CL:0000066	NT=prostate carcinoma;AC=MONDO:0005159	LNCaP	CVCL_0395	LNCaP	NT=single cell;AC=PRIDE:0000897	manual picking	230120_3_TMT129N	1	not pooled	9	run 3	proteomic profiling by mass spectrometry	NT=Q Exactive Plus;AC=MS:1002634	TMT129N	NT=TMT6plex;AC=UNIMOD:737;TA=K;MT=Fixed	NT=TMT6plex;AC=UNIMOD:737;PP=Any N-term;MT=Fixed	NT=Carbamidomethyl;AC=UNIMOD:4;TA=C;MT=Fixed	NT=Oxidation;AC=UNIMOD:35;TA=M;MT=Variable	NT=Trypsin;AC=MS:1001251	NT=data-dependent acquisition;AC=PRIDE:0000627	NT=beam-type collision-induced dissociation;AC=MS:1000422	10 ppm	0.02 Da	not available	not available	not applicable	TMT127N	1	1	230120_3.raw	v1.1.0	NT=ms-proteomics;VV=v1.1.0	NT=cell-lines;VV=v1.1.0	NT=single-cell;VV=v1.0.0	manual curation	LNCaP
230120_3_TMT129C	NT=Homo sapiens;AC=NCBITaxon:9606	NT=prostate gland;AC=UBERON:0002367	NT=epithelial cell;AC=CL:0000066	NT=prostate carcinoma;AC=MONDO:0005159	LNCaP C4	CVCL_4783	LNCaP C4	NT=single cell;AC=PRIDE:0000897	manual picking	230120_3_TMT129C	1	not pooled	9	run 3	proteomic profiling by mass spectrometry	NT=Q Exactive Plus;AC=MS:1002634	TMT129C	NT=TMT6plex;AC=UNIMOD:737;TA=K;MT=Fixed	NT=TMT6plex;AC=UNIMOD:737;PP=Any N-term;MT=Fixed	NT=Carbamidomethyl;AC=UNIMOD:4;TA=C;MT=Fixed	NT=Oxidation;AC=UNIMOD:35;TA=M;MT=Variable	NT=Trypsin;AC=MS:1001251	NT=data-dependent acquisition;AC=PRIDE:0000627	NT=beam-type collision-induced dissociation;AC=MS:1000422	10 ppm	0.02 Da	not available	not available	not applicable	TMT127N	1	1	230120_3.raw	v1.1.0	NT=ms-proteomics;VV=v1.1.0	NT=cell-lines;VV=v1.1.0	NT=single-cell;VV=v1.0.0	manual curation	LNCaP C4
230120_3_TMT130N	NT=Homo sapiens;AC=NCBITaxon:9606	not available	not available	not available	U118	not available	not available	NT=single cell;AC=PRIDE:0000897	manual picking	230120_3_TMT130N	1	not pooled	7	run 3	proteomic profiling by mass spectrometry	NT=Q Exactive Plus;AC=MS:1002634	TMT130N	NT=TMT6plex;AC=UNIMOD:737;TA=K;MT=Fixed	NT=TMT6plex;AC=UNIMOD:737;PP=Any N-term;MT=Fixed	NT=Carbamidomethyl;AC=UNIMOD:4;TA=C;MT=Fixed	NT=Oxidation;AC=UNIMOD:35;TA=M;MT=Variable	NT=Trypsin;AC=MS:1001251	NT=data-dependent acquisition;AC=PRIDE:0000627	NT=beam-type collision-induced dissociation;AC=MS:1000422	10 ppm	0.02 Da	not available	not available	not applicable	TMT127N	1	1	230120_3.raw	v1.1.0	NT=ms-proteomics;VV=v1.1.0	NT=cell-lines;VV=v1.1.0	NT=single-cell;VV=v1.0.0	manual curation	U118
230120_3_TMT130C	NT=Homo sapiens;AC=NCBITaxon:9606	not available	not available	not available	U118	not available	not available	NT=single cell;AC=PRIDE:0000897	manual picking	230120_3_TMT130C	1	not pooled	8	run 3	proteomic profiling by mass spectrometry	NT=Q Exactive Plus;AC=MS:1002634	TMT130C	NT=TMT6plex;AC=UNIMOD:737;TA=K;MT=Fixed	NT=TMT6plex;AC=UNIMOD:737;PP=Any N-term;MT=Fixed	NT=Carbamidomethyl;AC=UNIMOD:4;TA=C;MT=Fixed	NT=Oxidation;AC=UNIMOD:35;TA=M;MT=Variable	NT=Trypsin;AC=MS:1001251	NT=data-dependent acquisition;AC=PRIDE:0000627	NT=beam-type collision-induced dissociation;AC=MS:1000422	10 ppm	0.02 Da	not available	not available	not applicable	TMT127N	1	1	230120_3.raw	v1.1.0	NT=ms-proteomics;VV=v1.1.0	NT=cell-lines;VV=v1.1.0	NT=single-cell;VV=v1.0.0	manual curation	U118
230120_3_TMT131	NT=Homo sapiens;AC=NCBITaxon:9606	not available	not available	not available	U118	not available	not available	NT=single cell;AC=PRIDE:0000897	manual picking	230120_3_TMT131	1	not pooled	9	run 3	proteomic profiling by mass spectrometry	NT=Q Exactive Plus;AC=MS:1002634	TMT131	NT=TMT6plex;AC=UNIMOD:737;TA=K;MT=Fixed	NT=TMT6plex;AC=UNIMOD:737;PP=Any N-term;MT=Fixed	NT=Carbamidomethyl;AC=UNIMOD:4;TA=C;MT=Fixed	NT=Oxidation;AC=UNIMOD:35;TA=M;MT=Variable	NT=Trypsin;AC=MS:1001251	NT=data-dependent acquisition;AC=PRIDE:0000627	NT=beam-type collision-induced dissociation;AC=MS:1000422	10 ppm	0.02 Da	not available	not available	not applicable	TMT127N	1	1	230120_3.raw	v1.1.0	NT=ms-proteomics;VV=v1.1.0	NT=cell-lines;VV=v1.1.0	NT=single-cell;VV=v1.0.0	manual curation	U118
230120_4_TMT126	NT=Homo sapiens;AC=NCBITaxon:9606	NT=prostate gland;AC=UBERON:0002367	NT=epithelial cell;AC=CL:0000066	NT=prostate carcinoma;AC=MONDO:0005159	LNCaP	CVCL_0395	LNCaP	NT=single cell;AC=PRIDE:0000897	manual picking	230120_4_TMT126	1	not pooled	10	run 4	proteomic profiling by mass spectrometry	NT=Q Exactive Plus;AC=MS:1002634	TMT126	NT=TMT6plex;AC=UNIMOD:737;TA=K;MT=Fixed	NT=TMT6plex;AC=UNIMOD:737;PP=Any N-term;MT=Fixed	NT=Carbamidomethyl;AC=UNIMOD:4;TA=C;MT=Fixed	NT=Oxidation;AC=UNIMOD:35;TA=M;MT=Variable	NT=Trypsin;AC=MS:1001251	NT=data-dependent acquisition;AC=PRIDE:0000627	NT=beam-type collision-induced dissociation;AC=MS:1000422	10 ppm	0.02 Da	not available	not available	not applicable	TMT127N	1	1	230120_4.raw	v1.1.0	NT=ms-proteomics;VV=v1.1.0	NT=cell-lines;VV=v1.1.0	NT=single-cell;VV=v1.0.0	manual curation	LNCaP
230120_4_TMT127N	NT=Homo sapiens;AC=NCBITaxon:9606	NT=prostate gland;AC=UBERON:0002367	NT=epithelial cell;AC=CL:0000066	NT=prostate carcinoma;AC=MONDO:0005159	LNCaP	CVCL_0395	LNCaP	NT=reference;AC=PRIDE:0000899	not applicable	not applicable	3000	pooled	pooled	run 4	proteomic profiling by mass spectrometry	NT=Q Exactive Plus;AC=MS:1002634	TMT127N	NT=TMT6plex;AC=UNIMOD:737;TA=K;MT=Fixed	NT=TMT6plex;AC=UNIMOD:737;PP=Any N-term;MT=Fixed	NT=Carbamidomethyl;AC=UNIMOD:4;TA=C;MT=Fixed	NT=Oxidation;AC=UNIMOD:35;TA=M;MT=Variable	NT=Trypsin;AC=MS:1001251	NT=data-dependent acquisition;AC=PRIDE:0000627	NT=beam-type collision-induced dissociation;AC=MS:1000422	10 ppm	0.02 Da	not available	not available	not applicable	TMT127N	1	1	230120_4.raw	v1.1.0	NT=ms-proteomics;VV=v1.1.0	NT=cell-lines;VV=v1.1.0	NT=single-cell;VV=v1.0.0	manual curation	LNCaP
230120_4_TMT127C	NT=Homo sapiens;AC=NCBITaxon:9606	NT=prostate gland;AC=UBERON:0002367	NT=epithelial cell;AC=CL:0000066	NT=prostate carcinoma;AC=MONDO:0005159	LNCaP C4	CVCL_4783	LNCaP C4	NT=single cell;AC=PRIDE:0000897	manual picking	230120_4_TMT127C	1	not pooled	10	run 4	proteomic profiling by mass spectrometry	NT=Q Exactive Plus;AC=MS:1002634	TMT127C	NT=TMT6plex;AC=UNIMOD:737;TA=K;MT=Fixed	NT=TMT6plex;AC=UNIMOD:737;PP=Any N-term;MT=Fixed	NT=Carbamidomethyl;AC=UNIMOD:4;TA=C;MT=Fixed	NT=Oxidation;AC=UNIMOD:35;TA=M;MT=Variable	NT=Trypsin;AC=MS:1001251	NT=data-dependent acquisition;AC=PRIDE:0000627	NT=beam-type collision-induced dissociation;AC=MS:1000422	10 ppm	0.02 Da	not available	not available	not applicable	TMT127N	1	1	230120_4.raw	v1.1.0	NT=ms-proteomics;VV=v1.1.0	NT=cell-lines;VV=v1.1.0	NT=single-cell;VV=v1.0.0	manual curation	LNCaP C4
230120_4_TMT128N	NT=Homo sapiens;AC=NCBITaxon:9606	NT=prostate gland;AC=UBERON:0002367	NT=epithelial cell;AC=CL:0000066	NT=prostate carcinoma;AC=MONDO:0005159	LNCaP	CVCL_0395	LNCaP	NT=single cell;AC=PRIDE:0000897	manual picking	230120_4_TMT128N	1	not pooled	11	run 4	proteomic profiling by mass spectrometry	NT=Q Exactive Plus;AC=MS:1002634	TMT128N	NT=TMT6plex;AC=UNIMOD:737;TA=K;MT=Fixed	NT=TMT6plex;AC=UNIMOD:737;PP=Any N-term;MT=Fixed	NT=Carbamidomethyl;AC=UNIMOD:4;TA=C;MT=Fixed	NT=Oxidation;AC=UNIMOD:35;TA=M;MT=Variable	NT=Trypsin;AC=MS:1001251	NT=data-dependent acquisition;AC=PRIDE:0000627	NT=beam-type collision-induced dissociation;AC=MS:1000422	10 ppm	0.02 Da	not available	not available	not applicable	TMT127N	1	1	230120_4.raw	v1.1.0	NT=ms-proteomics;VV=v1.1.0	NT=cell-lines;VV=v1.1.0	NT=single-cell;VV=v1.0.0	manual curation	LNCaP
230120_4_TMT128C	NT=Homo sapiens;AC=NCBITaxon:9606	NT=prostate gland;AC=UBERON:0002367	NT=epithelial cell;AC=CL:0000066	NT=prostate carcinoma;AC=MONDO:0005159	LNCaP C4	CVCL_4783	LNCaP C4	NT=single cell;AC=PRIDE:0000897	manual picking	230120_4_TMT128C	1	not pooled	11	run 4	proteomic profiling by mass spectrometry	NT=Q Exactive Plus;AC=MS:1002634	TMT128C	NT=TMT6plex;AC=UNIMOD:737;TA=K;MT=Fixed	NT=TMT6plex;AC=UNIMOD:737;PP=Any N-term;MT=Fixed	NT=Carbamidomethyl;AC=UNIMOD:4;TA=C;MT=Fixed	NT=Oxidation;AC=UNIMOD:35;TA=M;MT=Variable	NT=Trypsin;AC=MS:1001251	NT=data-dependent acquisition;AC=PRIDE:0000627	NT=beam-type collision-induced dissociation;AC=MS:1000422	10 ppm	0.02 Da	not available	not available	not applicable	TMT127N	1	1	230120_4.raw	v1.1.0	NT=ms-proteomics;VV=v1.1.0	NT=cell-lines;VV=v1.1.0	NT=single-cell;VV=v1.0.0	manual curation	LNCaP C4
230120_4_TMT129N	NT=Homo sapiens;AC=NCBITaxon:9606	NT=prostate gland;AC=UBERON:0002367	NT=epithelial cell;AC=CL:0000066	NT=prostate carcinoma;AC=MONDO:0005159	LNCaP	CVCL_0395	LNCaP	NT=single cell;AC=PRIDE:0000897	manual picking	230120_4_TMT129N	1	not pooled	12	run 4	proteomic profiling by mass spectrometry	NT=Q Exactive Plus;AC=MS:1002634	TMT129N	NT=TMT6plex;AC=UNIMOD:737;TA=K;MT=Fixed	NT=TMT6plex;AC=UNIMOD:737;PP=Any N-term;MT=Fixed	NT=Carbamidomethyl;AC=UNIMOD:4;TA=C;MT=Fixed	NT=Oxidation;AC=UNIMOD:35;TA=M;MT=Variable	NT=Trypsin;AC=MS:1001251	NT=data-dependent acquisition;AC=PRIDE:0000627	NT=beam-type collision-induced dissociation;AC=MS:1000422	10 ppm	0.02 Da	not available	not available	not applicable	TMT127N	1	1	230120_4.raw	v1.1.0	NT=ms-proteomics;VV=v1.1.0	NT=cell-lines;VV=v1.1.0	NT=single-cell;VV=v1.0.0	manual curation	LNCaP
230120_4_TMT129C	NT=Homo sapiens;AC=NCBITaxon:9606	NT=prostate gland;AC=UBERON:0002367	NT=epithelial cell;AC=CL:0000066	NT=prostate carcinoma;AC=MONDO:0005159	LNCaP C4	CVCL_4783	LNCaP C4	NT=single cell;AC=PRIDE:0000897	manual picking	230120_4_TMT129C	1	not pooled	12	run 4	proteomic profiling by mass spectrometry	NT=Q Exactive Plus;AC=MS:1002634	TMT129C	NT=TMT6plex;AC=UNIMOD:737;TA=K;MT=Fixed	NT=TMT6plex;AC=UNIMOD:737;PP=Any N-term;MT=Fixed	NT=Carbamidomethyl;AC=UNIMOD:4;TA=C;MT=Fixed	NT=Oxidation;AC=UNIMOD:35;TA=M;MT=Variable	NT=Trypsin;AC=MS:1001251	NT=data-dependent acquisition;AC=PRIDE:0000627	NT=beam-type collision-induced dissociation;AC=MS:1000422	10 ppm	0.02 Da	not available	not available	not applicable	TMT127N	1	1	230120_4.raw	v1.1.0	NT=ms-proteomics;VV=v1.1.0	NT=cell-lines;VV=v1.1.0	NT=single-cell;VV=v1.0.0	manual curation	LNCaP C4
230120_4_TMT130N	NT=Homo sapiens;AC=NCBITaxon:9606	not available	not available	not available	U118	not available	not available	NT=single cell;AC=PRIDE:0000897	manual picking	230120_4_TMT130N	1	not pooled	10	run 4	proteomic profiling by mass spectrometry	NT=Q Exactive Plus;AC=MS:1002634	TMT130N	NT=TMT6plex;AC=UNIMOD:737;TA=K;MT=Fixed	NT=TMT6plex;AC=UNIMOD:737;PP=Any N-term;MT=Fixed	NT=Carbamidomethyl;AC=UNIMOD:4;TA=C;MT=Fixed	NT=Oxidation;AC=UNIMOD:35;TA=M;MT=Variable	NT=Trypsin;AC=MS:1001251	NT=data-dependent acquisition;AC=PRIDE:0000627	NT=beam-type collision-induced dissociation;AC=MS:1000422	10 ppm	0.02 Da	not available	not available	not applicable	TMT127N	1	1	230120_4.raw	v1.1.0	NT=ms-proteomics;VV=v1.1.0	NT=cell-lines;VV=v1.1.0	NT=single-cell;VV=v1.0.0	manual curation	U118
230120_4_TMT130C	NT=Homo sapiens;AC=NCBITaxon:9606	not available	not available	not available	U118	not available	not available	NT=single cell;AC=PRIDE:0000897	manual picking	230120_4_TMT130C	1	not pooled	11	run 4	proteomic profiling by mass spectrometry	NT=Q Exactive Plus;AC=MS:1002634	TMT130C	NT=TMT6plex;AC=UNIMOD:737;TA=K;MT=Fixed	NT=TMT6plex;AC=UNIMOD:737;PP=Any N-term;MT=Fixed	NT=Carbamidomethyl;AC=UNIMOD:4;TA=C;MT=Fixed	NT=Oxidation;AC=UNIMOD:35;TA=M;MT=Variable	NT=Trypsin;AC=MS:1001251	NT=data-dependent acquisition;AC=PRIDE:0000627	NT=beam-type collision-induced dissociation;AC=MS:1000422	10 ppm	0.02 Da	not available	not available	not applicable	TMT127N	1	1	230120_4.raw	v1.1.0	NT=ms-proteomics;VV=v1.1.0	NT=cell-lines;VV=v1.1.0	NT=single-cell;VV=v1.0.0	manual curation	U118
230120_4_TMT131	NT=Homo sapiens;AC=NCBITaxon:9606	not available	not available	not available	U118	not available	not available	NT=single cell;AC=PRIDE:0000897	manual picking	230120_4_TMT131	1	not pooled	12	run 4	proteomic profiling by mass spectrometry	NT=Q Exactive Plus;AC=MS:1002634	TMT131	NT=TMT6plex;AC=UNIMOD:737;TA=K;MT=Fixed	NT=TMT6plex;AC=UNIMOD:737;PP=Any N-term;MT=Fixed	NT=Carbamidomethyl;AC=UNIMOD:4;TA=C;MT=Fixed	NT=Oxidation;AC=UNIMOD:35;TA=M;MT=Variable	NT=Trypsin;AC=MS:1001251	NT=data-dependent acquisition;AC=PRIDE:0000627	NT=beam-type collision-induced dissociation;AC=MS:1000422	10 ppm	0.02 Da	not available	not available	not applicable	TMT127N	1	1	230120_4.raw	v1.1.0	NT=ms-proteomics;VV=v1.1.0	NT=cell-lines;VV=v1.1.0	NT=single-cell;VV=v1.0.0	manual curation	U118
230120_5_TMT126	NT=Homo sapiens;AC=NCBITaxon:9606	NT=prostate gland;AC=UBERON:0002367	NT=epithelial cell;AC=CL:0000066	NT=prostate carcinoma;AC=MONDO:0005159	LNCaP	CVCL_0395	LNCaP	NT=single cell;AC=PRIDE:0000897	manual picking	230120_5_TMT126	1	not pooled	13	run 5	proteomic profiling by mass spectrometry	NT=Q Exactive Plus;AC=MS:1002634	TMT126	NT=TMT6plex;AC=UNIMOD:737;TA=K;MT=Fixed	NT=TMT6plex;AC=UNIMOD:737;PP=Any N-term;MT=Fixed	NT=Carbamidomethyl;AC=UNIMOD:4;TA=C;MT=Fixed	NT=Oxidation;AC=UNIMOD:35;TA=M;MT=Variable	NT=Trypsin;AC=MS:1001251	NT=data-dependent acquisition;AC=PRIDE:0000627	NT=beam-type collision-induced dissociation;AC=MS:1000422	10 ppm	0.02 Da	not available	not available	not applicable	TMT127N	1	1	230120_5.raw	v1.1.0	NT=ms-proteomics;VV=v1.1.0	NT=cell-lines;VV=v1.1.0	NT=single-cell;VV=v1.0.0	manual curation	LNCaP
230120_5_TMT127N	NT=Homo sapiens;AC=NCBITaxon:9606	NT=prostate gland;AC=UBERON:0002367	NT=epithelial cell;AC=CL:0000066	NT=prostate carcinoma;AC=MONDO:0005159	LNCaP	CVCL_0395	LNCaP	NT=reference;AC=PRIDE:0000899	not applicable	not applicable	3000	pooled	pooled	run 5	proteomic profiling by mass spectrometry	NT=Q Exactive Plus;AC=MS:1002634	TMT127N	NT=TMT6plex;AC=UNIMOD:737;TA=K;MT=Fixed	NT=TMT6plex;AC=UNIMOD:737;PP=Any N-term;MT=Fixed	NT=Carbamidomethyl;AC=UNIMOD:4;TA=C;MT=Fixed	NT=Oxidation;AC=UNIMOD:35;TA=M;MT=Variable	NT=Trypsin;AC=MS:1001251	NT=data-dependent acquisition;AC=PRIDE:0000627	NT=beam-type collision-induced dissociation;AC=MS:1000422	10 ppm	0.02 Da	not available	not available	not applicable	TMT127N	1	1	230120_5.raw	v1.1.0	NT=ms-proteomics;VV=v1.1.0	NT=cell-lines;VV=v1.1.0	NT=single-cell;VV=v1.0.0	manual curation	LNCaP
230120_5_TMT127C	NT=Homo sapiens;AC=NCBITaxon:9606	NT=prostate gland;AC=UBERON:0002367	NT=epithelial cell;AC=CL:0000066	NT=prostate carcinoma;AC=MONDO:0005159	LNCaP C4	CVCL_4783	LNCaP C4	NT=single cell;AC=PRIDE:0000897	manual picking	230120_5_TMT127C	1	not pooled	13	run 5	proteomic profiling by mass spectrometry	NT=Q Exactive Plus;AC=MS:1002634	TMT127C	NT=TMT6plex;AC=UNIMOD:737;TA=K;MT=Fixed	NT=TMT6plex;AC=UNIMOD:737;PP=Any N-term;MT=Fixed	NT=Carbamidomethyl;AC=UNIMOD:4;TA=C;MT=Fixed	NT=Oxidation;AC=UNIMOD:35;TA=M;MT=Variable	NT=Trypsin;AC=MS:1001251	NT=data-dependent acquisition;AC=PRIDE:0000627	NT=beam-type collision-induced dissociation;AC=MS:1000422	10 ppm	0.02 Da	not available	not available	not applicable	TMT127N	1	1	230120_5.raw	v1.1.0	NT=ms-proteomics;VV=v1.1.0	NT=cell-lines;VV=v1.1.0	NT=single-cell;VV=v1.0.0	manual curation	LNCaP C4
230120_5_TMT128N	NT=Homo sapiens;AC=NCBITaxon:9606	NT=prostate gland;AC=UBERON:0002367	NT=epithelial cell;AC=CL:0000066	NT=prostate carcinoma;AC=MONDO:0005159	LNCaP	CVCL_0395	LNCaP	NT=single cell;AC=PRIDE:0000897	manual picking	230120_5_TMT128N	1	not pooled	14	run 5	proteomic profiling by mass spectrometry	NT=Q Exactive Plus;AC=MS:1002634	TMT128N	NT=TMT6plex;AC=UNIMOD:737;TA=K;MT=Fixed	NT=TMT6plex;AC=UNIMOD:737;PP=Any N-term;MT=Fixed	NT=Carbamidomethyl;AC=UNIMOD:4;TA=C;MT=Fixed	NT=Oxidation;AC=UNIMOD:35;TA=M;MT=Variable	NT=Trypsin;AC=MS:1001251	NT=data-dependent acquisition;AC=PRIDE:0000627	NT=beam-type collision-induced dissociation;AC=MS:1000422	10 ppm	0.02 Da	not available	not available	not applicable	TMT127N	1	1	230120_5.raw	v1.1.0	NT=ms-proteomics;VV=v1.1.0	NT=cell-lines;VV=v1.1.0	NT=single-cell;VV=v1.0.0	manual curation	LNCaP
230120_5_TMT128C	NT=Homo sapiens;AC=NCBITaxon:9606	NT=prostate gland;AC=UBERON:0002367	NT=epithelial cell;AC=CL:0000066	NT=prostate carcinoma;AC=MONDO:0005159	LNCaP C4	CVCL_4783	LNCaP C4	NT=single cell;AC=PRIDE:0000897	manual picking	230120_5_TMT128C	1	not pooled	14	run 5	proteomic profiling by mass spectrometry	NT=Q Exactive Plus;AC=MS:1002634	TMT128C	NT=TMT6plex;AC=UNIMOD:737;TA=K;MT=Fixed	NT=TMT6plex;AC=UNIMOD:737;PP=Any N-term;MT=Fixed	NT=Carbamidomethyl;AC=UNIMOD:4;TA=C;MT=Fixed	NT=Oxidation;AC=UNIMOD:35;TA=M;MT=Variable	NT=Trypsin;AC=MS:1001251	NT=data-dependent acquisition;AC=PRIDE:0000627	NT=beam-type collision-induced dissociation;AC=MS:1000422	10 ppm	0.02 Da	not available	not available	not applicable	TMT127N	1	1	230120_5.raw	v1.1.0	NT=ms-proteomics;VV=v1.1.0	NT=cell-lines;VV=v1.1.0	NT=single-cell;VV=v1.0.0	manual curation	LNCaP C4
230120_5_TMT129N	NT=Homo sapiens;AC=NCBITaxon:9606	NT=prostate gland;AC=UBERON:0002367	NT=epithelial cell;AC=CL:0000066	NT=prostate carcinoma;AC=MONDO:0005159	LNCaP	CVCL_0395	LNCaP	NT=single cell;AC=PRIDE:0000897	manual picking	230120_5_TMT129N	1	not pooled	15	run 5	proteomic profiling by mass spectrometry	NT=Q Exactive Plus;AC=MS:1002634	TMT129N	NT=TMT6plex;AC=UNIMOD:737;TA=K;MT=Fixed	NT=TMT6plex;AC=UNIMOD:737;PP=Any N-term;MT=Fixed	NT=Carbamidomethyl;AC=UNIMOD:4;TA=C;MT=Fixed	NT=Oxidation;AC=UNIMOD:35;TA=M;MT=Variable	NT=Trypsin;AC=MS:1001251	NT=data-dependent acquisition;AC=PRIDE:0000627	NT=beam-type collision-induced dissociation;AC=MS:1000422	10 ppm	0.02 Da	not available	not available	not applicable	TMT127N	1	1	230120_5.raw	v1.1.0	NT=ms-proteomics;VV=v1.1.0	NT=cell-lines;VV=v1.1.0	NT=single-cell;VV=v1.0.0	manual curation	LNCaP
230120_5_TMT129C	NT=Homo sapiens;AC=NCBITaxon:9606	NT=prostate gland;AC=UBERON:0002367	NT=epithelial cell;AC=CL:0000066	NT=prostate carcinoma;AC=MONDO:0005159	LNCaP C4	CVCL_4783	LNCaP C4	NT=single cell;AC=PRIDE:0000897	manual picking	230120_5_TMT129C	1	not pooled	15	run 5	proteomic profiling by mass spectrometry	NT=Q Exactive Plus;AC=MS:1002634	TMT129C	NT=TMT6plex;AC=UNIMOD:737;TA=K;MT=Fixed	NT=TMT6plex;AC=UNIMOD:737;PP=Any N-term;MT=Fixed	NT=Carbamidomethyl;AC=UNIMOD:4;TA=C;MT=Fixed	NT=Oxidation;AC=UNIMOD:35;TA=M;MT=Variable	NT=Trypsin;AC=MS:1001251	NT=data-dependent acquisition;AC=PRIDE:0000627	NT=beam-type collision-induced dissociation;AC=MS:1000422	10 ppm	0.02 Da	not available	not available	not applicable	TMT127N	1	1	230120_5.raw	v1.1.0	NT=ms-proteomics;VV=v1.1.0	NT=cell-lines;VV=v1.1.0	NT=single-cell;VV=v1.0.0	manual curation	LNCaP C4
230120_5_TMT130N	NT=Homo sapiens;AC=NCBITaxon:9606	not available	not available	not available	U118	not available	not available	NT=single cell;AC=PRIDE:0000897	manual picking	230120_5_TMT130N	1	not pooled	13	run 5	proteomic profiling by mass spectrometry	NT=Q Exactive Plus;AC=MS:1002634	TMT130N	NT=TMT6plex;AC=UNIMOD:737;TA=K;MT=Fixed	NT=TMT6plex;AC=UNIMOD:737;PP=Any N-term;MT=Fixed	NT=Carbamidomethyl;AC=UNIMOD:4;TA=C;MT=Fixed	NT=Oxidation;AC=UNIMOD:35;TA=M;MT=Variable	NT=Trypsin;AC=MS:1001251	NT=data-dependent acquisition;AC=PRIDE:0000627	NT=beam-type collision-induced dissociation;AC=MS:1000422	10 ppm	0.02 Da	not available	not available	not applicable	TMT127N	1	1	230120_5.raw	v1.1.0	NT=ms-proteomics;VV=v1.1.0	NT=cell-lines;VV=v1.1.0	NT=single-cell;VV=v1.0.0	manual curation	U118
230120_5_TMT130C	NT=Homo sapiens;AC=NCBITaxon:9606	not available	not available	not available	U118	not available	not available	NT=single cell;AC=PRIDE:0000897	manual picking	230120_5_TMT130C	1	not pooled	14	run 5	proteomic profiling by mass spectrometry	NT=Q Exactive Plus;AC=MS:1002634	TMT130C	NT=TMT6plex;AC=UNIMOD:737;TA=K;MT=Fixed	NT=TMT6plex;AC=UNIMOD:737;PP=Any N-term;MT=Fixed	NT=Carbamidomethyl;AC=UNIMOD:4;TA=C;MT=Fixed	NT=Oxidation;AC=UNIMOD:35;TA=M;MT=Variable	NT=Trypsin;AC=MS:1001251	NT=data-dependent acquisition;AC=PRIDE:0000627	NT=beam-type collision-induced dissociation;AC=MS:1000422	10 ppm	0.02 Da	not available	not available	not applicable	TMT127N	1	1	230120_5.raw	v1.1.0	NT=ms-proteomics;VV=v1.1.0	NT=cell-lines;VV=v1.1.0	NT=single-cell;VV=v1.0.0	manual curation	U118
230120_5_TMT131	NT=Homo sapiens;AC=NCBITaxon:9606	not available	not available	not available	U118	not available	not available	NT=single cell;AC=PRIDE:0000897	manual picking	230120_5_TMT131	1	not pooled	15	run 5	proteomic profiling by mass spectrometry	NT=Q Exactive Plus;AC=MS:1002634	TMT131	NT=TMT6plex;AC=UNIMOD:737;TA=K;MT=Fixed	NT=TMT6plex;AC=UNIMOD:737;PP=Any N-term;MT=Fixed	NT=Carbamidomethyl;AC=UNIMOD:4;TA=C;MT=Fixed	NT=Oxidation;AC=UNIMOD:35;TA=M;MT=Variable	NT=Trypsin;AC=MS:1001251	NT=data-dependent acquisition;AC=PRIDE:0000627	NT=beam-type collision-induced dissociation;AC=MS:1000422	10 ppm	0.02 Da	not available	not available	not applicable	TMT127N	1	1	230120_5.raw	v1.1.0	NT=ms-proteomics;VV=v1.1.0	NT=cell-lines;VV=v1.1.0	NT=single-cell;VV=v1.0.0	manual curation	U118
230120_6_TMT126	NT=Homo sapiens;AC=NCBITaxon:9606	NT=prostate gland;AC=UBERON:0002367	NT=epithelial cell;AC=CL:0000066	NT=prostate carcinoma;AC=MONDO:0005159	LNCaP	CVCL_0395	LNCaP	NT=single cell;AC=PRIDE:0000897	manual picking	230120_6_TMT126	1	not pooled	16	run 6	proteomic profiling by mass spectrometry	NT=Q Exactive Plus;AC=MS:1002634	TMT126	NT=TMT6plex;AC=UNIMOD:737;TA=K;MT=Fixed	NT=TMT6plex;AC=UNIMOD:737;PP=Any N-term;MT=Fixed	NT=Carbamidomethyl;AC=UNIMOD:4;TA=C;MT=Fixed	NT=Oxidation;AC=UNIMOD:35;TA=M;MT=Variable	NT=Trypsin;AC=MS:1001251	NT=data-dependent acquisition;AC=PRIDE:0000627	NT=beam-type collision-induced dissociation;AC=MS:1000422	10 ppm	0.02 Da	not available	not available	not applicable	TMT127N	1	1	230120_6.raw	v1.1.0	NT=ms-proteomics;VV=v1.1.0	NT=cell-lines;VV=v1.1.0	NT=single-cell;VV=v1.0.0	manual curation	LNCaP
230120_6_TMT127N	NT=Homo sapiens;AC=NCBITaxon:9606	NT=prostate gland;AC=UBERON:0002367	NT=epithelial cell;AC=CL:0000066	NT=prostate carcinoma;AC=MONDO:0005159	LNCaP	CVCL_0395	LNCaP	NT=reference;AC=PRIDE:0000899	not applicable	not applicable	3000	pooled	pooled	run 6	proteomic profiling by mass spectrometry	NT=Q Exactive Plus;AC=MS:1002634	TMT127N	NT=TMT6plex;AC=UNIMOD:737;TA=K;MT=Fixed	NT=TMT6plex;AC=UNIMOD:737;PP=Any N-term;MT=Fixed	NT=Carbamidomethyl;AC=UNIMOD:4;TA=C;MT=Fixed	NT=Oxidation;AC=UNIMOD:35;TA=M;MT=Variable	NT=Trypsin;AC=MS:1001251	NT=data-dependent acquisition;AC=PRIDE:0000627	NT=beam-type collision-induced dissociation;AC=MS:1000422	10 ppm	0.02 Da	not available	not available	not applicable	TMT127N	1	1	230120_6.raw	v1.1.0	NT=ms-proteomics;VV=v1.1.0	NT=cell-lines;VV=v1.1.0	NT=single-cell;VV=v1.0.0	manual curation	LNCaP
230120_6_TMT127C	NT=Homo sapiens;AC=NCBITaxon:9606	NT=prostate gland;AC=UBERON:0002367	NT=epithelial cell;AC=CL:0000066	NT=prostate carcinoma;AC=MONDO:0005159	LNCaP C4	CVCL_4783	LNCaP C4	NT=single cell;AC=PRIDE:0000897	manual picking	230120_6_TMT127C	1	not pooled	16	run 6	proteomic profiling by mass spectrometry	NT=Q Exactive Plus;AC=MS:1002634	TMT127C	NT=TMT6plex;AC=UNIMOD:737;TA=K;MT=Fixed	NT=TMT6plex;AC=UNIMOD:737;PP=Any N-term;MT=Fixed	NT=Carbamidomethyl;AC=UNIMOD:4;TA=C;MT=Fixed	NT=Oxidation;AC=UNIMOD:35;TA=M;MT=Variable	NT=Trypsin;AC=MS:1001251	NT=data-dependent acquisition;AC=PRIDE:0000627	NT=beam-type collision-induced dissociation;AC=MS:1000422	10 ppm	0.02 Da	not available	not available	not applicable	TMT127N	1	1	230120_6.raw	v1.1.0	NT=ms-proteomics;VV=v1.1.0	NT=cell-lines;VV=v1.1.0	NT=single-cell;VV=v1.0.0	manual curation	LNCaP C4
230120_6_TMT128N	NT=Homo sapiens;AC=NCBITaxon:9606	NT=prostate gland;AC=UBERON:0002367	NT=epithelial cell;AC=CL:0000066	NT=prostate carcinoma;AC=MONDO:0005159	LNCaP	CVCL_0395	LNCaP	NT=single cell;AC=PRIDE:0000897	manual picking	230120_6_TMT128N	1	not pooled	17	run 6	proteomic profiling by mass spectrometry	NT=Q Exactive Plus;AC=MS:1002634	TMT128N	NT=TMT6plex;AC=UNIMOD:737;TA=K;MT=Fixed	NT=TMT6plex;AC=UNIMOD:737;PP=Any N-term;MT=Fixed	NT=Carbamidomethyl;AC=UNIMOD:4;TA=C;MT=Fixed	NT=Oxidation;AC=UNIMOD:35;TA=M;MT=Variable	NT=Trypsin;AC=MS:1001251	NT=data-dependent acquisition;AC=PRIDE:0000627	NT=beam-type collision-induced dissociation;AC=MS:1000422	10 ppm	0.02 Da	not available	not available	not applicable	TMT127N	1	1	230120_6.raw	v1.1.0	NT=ms-proteomics;VV=v1.1.0	NT=cell-lines;VV=v1.1.0	NT=single-cell;VV=v1.0.0	manual curation	LNCaP
230120_6_TMT128C	NT=Homo sapiens;AC=NCBITaxon:9606	NT=prostate gland;AC=UBERON:0002367	NT=epithelial cell;AC=CL:0000066	NT=prostate carcinoma;AC=MONDO:0005159	LNCaP C4	CVCL_4783	LNCaP C4	NT=single cell;AC=PRIDE:0000897	manual picking	230120_6_TMT128C	1	not pooled	17	run 6	proteomic profiling by mass spectrometry	NT=Q Exactive Plus;AC=MS:1002634	TMT128C	NT=TMT6plex;AC=UNIMOD:737;TA=K;MT=Fixed	NT=TMT6plex;AC=UNIMOD:737;PP=Any N-term;MT=Fixed	NT=Carbamidomethyl;AC=UNIMOD:4;TA=C;MT=Fixed	NT=Oxidation;AC=UNIMOD:35;TA=M;MT=Variable	NT=Trypsin;AC=MS:1001251	NT=data-dependent acquisition;AC=PRIDE:0000627	NT=beam-type collision-induced dissociation;AC=MS:1000422	10 ppm	0.02 Da	not available	not available	not applicable	TMT127N	1	1	230120_6.raw	v1.1.0	NT=ms-proteomics;VV=v1.1.0	NT=cell-lines;VV=v1.1.0	NT=single-cell;VV=v1.0.0	manual curation	LNCaP C4
230120_6_TMT129N	NT=Homo sapiens;AC=NCBITaxon:9606	NT=prostate gland;AC=UBERON:0002367	NT=epithelial cell;AC=CL:0000066	NT=prostate carcinoma;AC=MONDO:0005159	LNCaP	CVCL_0395	LNCaP	NT=single cell;AC=PRIDE:0000897	manual picking	230120_6_TMT129N	1	not pooled	18	run 6	proteomic profiling by mass spectrometry	NT=Q Exactive Plus;AC=MS:1002634	TMT129N	NT=TMT6plex;AC=UNIMOD:737;TA=K;MT=Fixed	NT=TMT6plex;AC=UNIMOD:737;PP=Any N-term;MT=Fixed	NT=Carbamidomethyl;AC=UNIMOD:4;TA=C;MT=Fixed	NT=Oxidation;AC=UNIMOD:35;TA=M;MT=Variable	NT=Trypsin;AC=MS:1001251	NT=data-dependent acquisition;AC=PRIDE:0000627	NT=beam-type collision-induced dissociation;AC=MS:1000422	10 ppm	0.02 Da	not available	not available	not applicable	TMT127N	1	1	230120_6.raw	v1.1.0	NT=ms-proteomics;VV=v1.1.0	NT=cell-lines;VV=v1.1.0	NT=single-cell;VV=v1.0.0	manual curation	LNCaP
230120_6_TMT129C	NT=Homo sapiens;AC=NCBITaxon:9606	NT=prostate gland;AC=UBERON:0002367	NT=epithelial cell;AC=CL:0000066	NT=prostate carcinoma;AC=MONDO:0005159	LNCaP C4	CVCL_4783	LNCaP C4	NT=single cell;AC=PRIDE:0000897	manual picking	230120_6_TMT129C	1	not pooled	18	run 6	proteomic profiling by mass spectrometry	NT=Q Exactive Plus;AC=MS:1002634	TMT129C	NT=TMT6plex;AC=UNIMOD:737;TA=K;MT=Fixed	NT=TMT6plex;AC=UNIMOD:737;PP=Any N-term;MT=Fixed	NT=Carbamidomethyl;AC=UNIMOD:4;TA=C;MT=Fixed	NT=Oxidation;AC=UNIMOD:35;TA=M;MT=Variable	NT=Trypsin;AC=MS:1001251	NT=data-dependent acquisition;AC=PRIDE:0000627	NT=beam-type collision-induced dissociation;AC=MS:1000422	10 ppm	0.02 Da	not available	not available	not applicable	TMT127N	1	1	230120_6.raw	v1.1.0	NT=ms-proteomics;VV=v1.1.0	NT=cell-lines;VV=v1.1.0	NT=single-cell;VV=v1.0.0	manual curation	LNCaP C4
230120_6_TMT130N	NT=Homo sapiens;AC=NCBITaxon:9606	not available	not available	not available	U118	not available	not available	NT=single cell;AC=PRIDE:0000897	manual picking	230120_6_TMT130N	1	not pooled	16	run 6	proteomic profiling by mass spectrometry	NT=Q Exactive Plus;AC=MS:1002634	TMT130N	NT=TMT6plex;AC=UNIMOD:737;TA=K;MT=Fixed	NT=TMT6plex;AC=UNIMOD:737;PP=Any N-term;MT=Fixed	NT=Carbamidomethyl;AC=UNIMOD:4;TA=C;MT=Fixed	NT=Oxidation;AC=UNIMOD:35;TA=M;MT=Variable	NT=Trypsin;AC=MS:1001251	NT=data-dependent acquisition;AC=PRIDE:0000627	NT=beam-type collision-induced dissociation;AC=MS:1000422	10 ppm	0.02 Da	not available	not available	not applicable	TMT127N	1	1	230120_6.raw	v1.1.0	NT=ms-proteomics;VV=v1.1.0	NT=cell-lines;VV=v1.1.0	NT=single-cell;VV=v1.0.0	manual curation	U118
230120_6_TMT130C	NT=Homo sapiens;AC=NCBITaxon:9606	not available	not available	not available	U118	not available	not available	NT=single cell;AC=PRIDE:0000897	manual picking	230120_6_TMT130C	1	not pooled	17	run 6	proteomic profiling by mass spectrometry	NT=Q Exactive Plus;AC=MS:1002634	TMT130C	NT=TMT6plex;AC=UNIMOD:737;TA=K;MT=Fixed	NT=TMT6plex;AC=UNIMOD:737;PP=Any N-term;MT=Fixed	NT=Carbamidomethyl;AC=UNIMOD:4;TA=C;MT=Fixed	NT=Oxidation;AC=UNIMOD:35;TA=M;MT=Variable	NT=Trypsin;AC=MS:1001251	NT=data-dependent acquisition;AC=PRIDE:0000627	NT=beam-type collision-induced dissociation;AC=MS:1000422	10 ppm	0.02 Da	not available	not available	not applicable	TMT127N	1	1	230120_6.raw	v1.1.0	NT=ms-proteomics;VV=v1.1.0	NT=cell-lines;VV=v1.1.0	NT=single-cell;VV=v1.0.0	manual curation	U118
230120_6_TMT131	NT=Homo sapiens;AC=NCBITaxon:9606	not available	not available	not available	U118	not available	not available	NT=single cell;AC=PRIDE:0000897	manual picking	230120_6_TMT131	1	not pooled	18	run 6	proteomic profiling by mass spectrometry	NT=Q Exactive Plus;AC=MS:1002634	TMT131	NT=TMT6plex;AC=UNIMOD:737;TA=K;MT=Fixed	NT=TMT6plex;AC=UNIMOD:737;PP=Any N-term;MT=Fixed	NT=Carbamidomethyl;AC=UNIMOD:4;TA=C;MT=Fixed	NT=Oxidation;AC=UNIMOD:35;TA=M;MT=Variable	NT=Trypsin;AC=MS:1001251	NT=data-dependent acquisition;AC=PRIDE:0000627	NT=beam-type collision-induced dissociation;AC=MS:1000422	10 ppm	0.02 Da	not available	not available	not applicable	TMT127N	1	1	230120_6.raw	v1.1.0	NT=ms-proteomics;VV=v1.1.0	NT=cell-lines;VV=v1.1.0	NT=single-cell;VV=v1.0.0	manual curation	U118
230120_7_TMT126	NT=Homo sapiens;AC=NCBITaxon:9606	NT=prostate gland;AC=UBERON:0002367	NT=epithelial cell;AC=CL:0000066	NT=prostate carcinoma;AC=MONDO:0005159	LNCaP	CVCL_0395	LNCaP	NT=single cell;AC=PRIDE:0000897	manual picking	230120_7_TMT126	1	not pooled	19	run 7	proteomic profiling by mass spectrometry	NT=Q Exactive Plus;AC=MS:1002634	TMT126	NT=TMT6plex;AC=UNIMOD:737;TA=K;MT=Fixed	NT=TMT6plex;AC=UNIMOD:737;PP=Any N-term;MT=Fixed	NT=Carbamidomethyl;AC=UNIMOD:4;TA=C;MT=Fixed	NT=Oxidation;AC=UNIMOD:35;TA=M;MT=Variable	NT=Trypsin;AC=MS:1001251	NT=data-dependent acquisition;AC=PRIDE:0000627	NT=beam-type collision-induced dissociation;AC=MS:1000422	10 ppm	0.02 Da	not available	not available	not applicable	TMT127N	1	1	230120_7.raw	v1.1.0	NT=ms-proteomics;VV=v1.1.0	NT=cell-lines;VV=v1.1.0	NT=single-cell;VV=v1.0.0	manual curation	LNCaP
230120_7_TMT127N	NT=Homo sapiens;AC=NCBITaxon:9606	NT=prostate gland;AC=UBERON:0002367	NT=epithelial cell;AC=CL:0000066	NT=prostate carcinoma;AC=MONDO:0005159	LNCaP	CVCL_0395	LNCaP	NT=reference;AC=PRIDE:0000899	not applicable	not applicable	3000	pooled	pooled	run 7	proteomic profiling by mass spectrometry	NT=Q Exactive Plus;AC=MS:1002634	TMT127N	NT=TMT6plex;AC=UNIMOD:737;TA=K;MT=Fixed	NT=TMT6plex;AC=UNIMOD:737;PP=Any N-term;MT=Fixed	NT=Carbamidomethyl;AC=UNIMOD:4;TA=C;MT=Fixed	NT=Oxidation;AC=UNIMOD:35;TA=M;MT=Variable	NT=Trypsin;AC=MS:1001251	NT=data-dependent acquisition;AC=PRIDE:0000627	NT=beam-type collision-induced dissociation;AC=MS:1000422	10 ppm	0.02 Da	not available	not available	not applicable	TMT127N	1	1	230120_7.raw	v1.1.0	NT=ms-proteomics;VV=v1.1.0	NT=cell-lines;VV=v1.1.0	NT=single-cell;VV=v1.0.0	manual curation	LNCaP
230120_7_TMT127C	NT=Homo sapiens;AC=NCBITaxon:9606	NT=prostate gland;AC=UBERON:0002367	NT=epithelial cell;AC=CL:0000066	NT=prostate carcinoma;AC=MONDO:0005159	LNCaP C4	CVCL_4783	LNCaP C4	NT=single cell;AC=PRIDE:0000897	manual picking	230120_7_TMT127C	1	not pooled	19	run 7	proteomic profiling by mass spectrometry	NT=Q Exactive Plus;AC=MS:1002634	TMT127C	NT=TMT6plex;AC=UNIMOD:737;TA=K;MT=Fixed	NT=TMT6plex;AC=UNIMOD:737;PP=Any N-term;MT=Fixed	NT=Carbamidomethyl;AC=UNIMOD:4;TA=C;MT=Fixed	NT=Oxidation;AC=UNIMOD:35;TA=M;MT=Variable	NT=Trypsin;AC=MS:1001251	NT=data-dependent acquisition;AC=PRIDE:0000627	NT=beam-type collision-induced dissociation;AC=MS:1000422	10 ppm	0.02 Da	not available	not available	not applicable	TMT127N	1	1	230120_7.raw	v1.1.0	NT=ms-proteomics;VV=v1.1.0	NT=cell-lines;VV=v1.1.0	NT=single-cell;VV=v1.0.0	manual curation	LNCaP C4
230120_7_TMT128N	NT=Homo sapiens;AC=NCBITaxon:9606	NT=prostate gland;AC=UBERON:0002367	NT=epithelial cell;AC=CL:0000066	NT=prostate carcinoma;AC=MONDO:0005159	LNCaP	CVCL_0395	LNCaP	NT=single cell;AC=PRIDE:0000897	manual picking	230120_7_TMT128N	1	not pooled	20	run 7	proteomic profiling by mass spectrometry	NT=Q Exactive Plus;AC=MS:1002634	TMT128N	NT=TMT6plex;AC=UNIMOD:737;TA=K;MT=Fixed	NT=TMT6plex;AC=UNIMOD:737;PP=Any N-term;MT=Fixed	NT=Carbamidomethyl;AC=UNIMOD:4;TA=C;MT=Fixed	NT=Oxidation;AC=UNIMOD:35;TA=M;MT=Variable	NT=Trypsin;AC=MS:1001251	NT=data-dependent acquisition;AC=PRIDE:0000627	NT=beam-type collision-induced dissociation;AC=MS:1000422	10 ppm	0.02 Da	not available	not available	not applicable	TMT127N	1	1	230120_7.raw	v1.1.0	NT=ms-proteomics;VV=v1.1.0	NT=cell-lines;VV=v1.1.0	NT=single-cell;VV=v1.0.0	manual curation	LNCaP
230120_7_TMT128C	NT=Homo sapiens;AC=NCBITaxon:9606	NT=prostate gland;AC=UBERON:0002367	NT=epithelial cell;AC=CL:0000066	NT=prostate carcinoma;AC=MONDO:0005159	LNCaP C4	CVCL_4783	LNCaP C4	NT=single cell;AC=PRIDE:0000897	manual picking	230120_7_TMT128C	1	not pooled	20	run 7	proteomic profiling by mass spectrometry	NT=Q Exactive Plus;AC=MS:1002634	TMT128C	NT=TMT6plex;AC=UNIMOD:737;TA=K;MT=Fixed	NT=TMT6plex;AC=UNIMOD:737;PP=Any N-term;MT=Fixed	NT=Carbamidomethyl;AC=UNIMOD:4;TA=C;MT=Fixed	NT=Oxidation;AC=UNIMOD:35;TA=M;MT=Variable	NT=Trypsin;AC=MS:1001251	NT=data-dependent acquisition;AC=PRIDE:0000627	NT=beam-type collision-induced dissociation;AC=MS:1000422	10 ppm	0.02 Da	not available	not available	not applicable	TMT127N	1	1	230120_7.raw	v1.1.0	NT=ms-proteomics;VV=v1.1.0	NT=cell-lines;VV=v1.1.0	NT=single-cell;VV=v1.0.0	manual curation	LNCaP C4
230120_7_TMT129N	NT=Homo sapiens;AC=NCBITaxon:9606	NT=prostate gland;AC=UBERON:0002367	NT=epithelial cell;AC=CL:0000066	NT=prostate carcinoma;AC=MONDO:0005159	LNCaP	CVCL_0395	LNCaP	NT=single cell;AC=PRIDE:0000897	manual picking	230120_7_TMT129N	1	not pooled	21	run 7	proteomic profiling by mass spectrometry	NT=Q Exactive Plus;AC=MS:1002634	TMT129N	NT=TMT6plex;AC=UNIMOD:737;TA=K;MT=Fixed	NT=TMT6plex;AC=UNIMOD:737;PP=Any N-term;MT=Fixed	NT=Carbamidomethyl;AC=UNIMOD:4;TA=C;MT=Fixed	NT=Oxidation;AC=UNIMOD:35;TA=M;MT=Variable	NT=Trypsin;AC=MS:1001251	NT=data-dependent acquisition;AC=PRIDE:0000627	NT=beam-type collision-induced dissociation;AC=MS:1000422	10 ppm	0.02 Da	not available	not available	not applicable	TMT127N	1	1	230120_7.raw	v1.1.0	NT=ms-proteomics;VV=v1.1.0	NT=cell-lines;VV=v1.1.0	NT=single-cell;VV=v1.0.0	manual curation	LNCaP
230120_7_TMT129C	NT=Homo sapiens;AC=NCBITaxon:9606	NT=prostate gland;AC=UBERON:0002367	NT=epithelial cell;AC=CL:0000066	NT=prostate carcinoma;AC=MONDO:0005159	LNCaP C4	CVCL_4783	LNCaP C4	NT=single cell;AC=PRIDE:0000897	manual picking	230120_7_TMT129C	1	not pooled	21	run 7	proteomic profiling by mass spectrometry	NT=Q Exactive Plus;AC=MS:1002634	TMT129C	NT=TMT6plex;AC=UNIMOD:737;TA=K;MT=Fixed	NT=TMT6plex;AC=UNIMOD:737;PP=Any N-term;MT=Fixed	NT=Carbamidomethyl;AC=UNIMOD:4;TA=C;MT=Fixed	NT=Oxidation;AC=UNIMOD:35;TA=M;MT=Variable	NT=Trypsin;AC=MS:1001251	NT=data-dependent acquisition;AC=PRIDE:0000627	NT=beam-type collision-induced dissociation;AC=MS:1000422	10 ppm	0.02 Da	not available	not available	not applicable	TMT127N	1	1	230120_7.raw	v1.1.0	NT=ms-proteomics;VV=v1.1.0	NT=cell-lines;VV=v1.1.0	NT=single-cell;VV=v1.0.0	manual curation	LNCaP C4
230120_7_TMT130N	NT=Homo sapiens;AC=NCBITaxon:9606	not available	not available	not available	U118	not available	not available	NT=single cell;AC=PRIDE:0000897	manual picking	230120_7_TMT130N	1	not pooled	19	run 7	proteomic profiling by mass spectrometry	NT=Q Exactive Plus;AC=MS:1002634	TMT130N	NT=TMT6plex;AC=UNIMOD:737;TA=K;MT=Fixed	NT=TMT6plex;AC=UNIMOD:737;PP=Any N-term;MT=Fixed	NT=Carbamidomethyl;AC=UNIMOD:4;TA=C;MT=Fixed	NT=Oxidation;AC=UNIMOD:35;TA=M;MT=Variable	NT=Trypsin;AC=MS:1001251	NT=data-dependent acquisition;AC=PRIDE:0000627	NT=beam-type collision-induced dissociation;AC=MS:1000422	10 ppm	0.02 Da	not available	not available	not applicable	TMT127N	1	1	230120_7.raw	v1.1.0	NT=ms-proteomics;VV=v1.1.0	NT=cell-lines;VV=v1.1.0	NT=single-cell;VV=v1.0.0	manual curation	U118
230120_7_TMT130C	NT=Homo sapiens;AC=NCBITaxon:9606	not available	not available	not available	U118	not available	not available	NT=single cell;AC=PRIDE:0000897	manual picking	230120_7_TMT130C	1	not pooled	20	run 7	proteomic profiling by mass spectrometry	NT=Q Exactive Plus;AC=MS:1002634	TMT130C	NT=TMT6plex;AC=UNIMOD:737;TA=K;MT=Fixed	NT=TMT6plex;AC=UNIMOD:737;PP=Any N-term;MT=Fixed	NT=Carbamidomethyl;AC=UNIMOD:4;TA=C;MT=Fixed	NT=Oxidation;AC=UNIMOD:35;TA=M;MT=Variable	NT=Trypsin;AC=MS:1001251	NT=data-dependent acquisition;AC=PRIDE:0000627	NT=beam-type collision-induced dissociation;AC=MS:1000422	10 ppm	0.02 Da	not available	not available	not applicable	TMT127N	1	1	230120_7.raw	v1.1.0	NT=ms-proteomics;VV=v1.1.0	NT=cell-lines;VV=v1.1.0	NT=single-cell;VV=v1.0.0	manual curation	U118
230120_7_TMT131	NT=Homo sapiens;AC=NCBITaxon:9606	not available	not available	not available	U118	not available	not available	NT=single cell;AC=PRIDE:0000897	manual picking	230120_7_TMT131	1	not pooled	21	run 7	proteomic profiling by mass spectrometry	NT=Q Exactive Plus;AC=MS:1002634	TMT131	NT=TMT6plex;AC=UNIMOD:737;TA=K;MT=Fixed	NT=TMT6plex;AC=UNIMOD:737;PP=Any N-term;MT=Fixed	NT=Carbamidomethyl;AC=UNIMOD:4;TA=C;MT=Fixed	NT=Oxidation;AC=UNIMOD:35;TA=M;MT=Variable	NT=Trypsin;AC=MS:1001251	NT=data-dependent acquisition;AC=PRIDE:0000627	NT=beam-type collision-induced dissociation;AC=MS:1000422	10 ppm	0.02 Da	not available	not available	not applicable	TMT127N	1	1	230120_7.raw	v1.1.0	NT=ms-proteomics;VV=v1.1.0	NT=cell-lines;VV=v1.1.0	NT=single-cell;VV=v1.0.0	manual curation	U118
230120_8_TMT126	NT=Homo sapiens;AC=NCBITaxon:9606	NT=prostate gland;AC=UBERON:0002367	NT=epithelial cell;AC=CL:0000066	NT=prostate carcinoma;AC=MONDO:0005159	LNCaP	CVCL_0395	LNCaP	NT=single cell;AC=PRIDE:0000897	manual picking	230120_8_TMT126	1	not pooled	22	run 8	proteomic profiling by mass spectrometry	NT=Q Exactive Plus;AC=MS:1002634	TMT126	NT=TMT6plex;AC=UNIMOD:737;TA=K;MT=Fixed	NT=TMT6plex;AC=UNIMOD:737;PP=Any N-term;MT=Fixed	NT=Carbamidomethyl;AC=UNIMOD:4;TA=C;MT=Fixed	NT=Oxidation;AC=UNIMOD:35;TA=M;MT=Variable	NT=Trypsin;AC=MS:1001251	NT=data-dependent acquisition;AC=PRIDE:0000627	NT=beam-type collision-induced dissociation;AC=MS:1000422	10 ppm	0.02 Da	not available	not available	not applicable	TMT127N	1	1	230120_8.raw	v1.1.0	NT=ms-proteomics;VV=v1.1.0	NT=cell-lines;VV=v1.1.0	NT=single-cell;VV=v1.0.0	manual curation	LNCaP
230120_8_TMT127N	NT=Homo sapiens;AC=NCBITaxon:9606	NT=prostate gland;AC=UBERON:0002367	NT=epithelial cell;AC=CL:0000066	NT=prostate carcinoma;AC=MONDO:0005159	LNCaP	CVCL_0395	LNCaP	NT=reference;AC=PRIDE:0000899	not applicable	not applicable	3000	pooled	pooled	run 8	proteomic profiling by mass spectrometry	NT=Q Exactive Plus;AC=MS:1002634	TMT127N	NT=TMT6plex;AC=UNIMOD:737;TA=K;MT=Fixed	NT=TMT6plex;AC=UNIMOD:737;PP=Any N-term;MT=Fixed	NT=Carbamidomethyl;AC=UNIMOD:4;TA=C;MT=Fixed	NT=Oxidation;AC=UNIMOD:35;TA=M;MT=Variable	NT=Trypsin;AC=MS:1001251	NT=data-dependent acquisition;AC=PRIDE:0000627	NT=beam-type collision-induced dissociation;AC=MS:1000422	10 ppm	0.02 Da	not available	not available	not applicable	TMT127N	1	1	230120_8.raw	v1.1.0	NT=ms-proteomics;VV=v1.1.0	NT=cell-lines;VV=v1.1.0	NT=single-cell;VV=v1.0.0	manual curation	LNCaP
230120_8_TMT127C	NT=Homo sapiens;AC=NCBITaxon:9606	NT=prostate gland;AC=UBERON:0002367	NT=epithelial cell;AC=CL:0000066	NT=prostate carcinoma;AC=MONDO:0005159	LNCaP C4	CVCL_4783	LNCaP C4	NT=single cell;AC=PRIDE:0000897	manual picking	230120_8_TMT127C	1	not pooled	22	run 8	proteomic profiling by mass spectrometry	NT=Q Exactive Plus;AC=MS:1002634	TMT127C	NT=TMT6plex;AC=UNIMOD:737;TA=K;MT=Fixed	NT=TMT6plex;AC=UNIMOD:737;PP=Any N-term;MT=Fixed	NT=Carbamidomethyl;AC=UNIMOD:4;TA=C;MT=Fixed	NT=Oxidation;AC=UNIMOD:35;TA=M;MT=Variable	NT=Trypsin;AC=MS:1001251	NT=data-dependent acquisition;AC=PRIDE:0000627	NT=beam-type collision-induced dissociation;AC=MS:1000422	10 ppm	0.02 Da	not available	not available	not applicable	TMT127N	1	1	230120_8.raw	v1.1.0	NT=ms-proteomics;VV=v1.1.0	NT=cell-lines;VV=v1.1.0	NT=single-cell;VV=v1.0.0	manual curation	LNCaP C4
230120_8_TMT128N	NT=Homo sapiens;AC=NCBITaxon:9606	NT=prostate gland;AC=UBERON:0002367	NT=epithelial cell;AC=CL:0000066	NT=prostate carcinoma;AC=MONDO:0005159	LNCaP	CVCL_0395	LNCaP	NT=single cell;AC=PRIDE:0000897	manual picking	230120_8_TMT128N	1	not pooled	23	run 8	proteomic profiling by mass spectrometry	NT=Q Exactive Plus;AC=MS:1002634	TMT128N	NT=TMT6plex;AC=UNIMOD:737;TA=K;MT=Fixed	NT=TMT6plex;AC=UNIMOD:737;PP=Any N-term;MT=Fixed	NT=Carbamidomethyl;AC=UNIMOD:4;TA=C;MT=Fixed	NT=Oxidation;AC=UNIMOD:35;TA=M;MT=Variable	NT=Trypsin;AC=MS:1001251	NT=data-dependent acquisition;AC=PRIDE:0000627	NT=beam-type collision-induced dissociation;AC=MS:1000422	10 ppm	0.02 Da	not available	not available	not applicable	TMT127N	1	1	230120_8.raw	v1.1.0	NT=ms-proteomics;VV=v1.1.0	NT=cell-lines;VV=v1.1.0	NT=single-cell;VV=v1.0.0	manual curation	LNCaP
230120_8_TMT128C	NT=Homo sapiens;AC=NCBITaxon:9606	NT=prostate gland;AC=UBERON:0002367	NT=epithelial cell;AC=CL:0000066	NT=prostate carcinoma;AC=MONDO:0005159	LNCaP C4	CVCL_4783	LNCaP C4	NT=single cell;AC=PRIDE:0000897	manual picking	230120_8_TMT128C	1	not pooled	23	run 8	proteomic profiling by mass spectrometry	NT=Q Exactive Plus;AC=MS:1002634	TMT128C	NT=TMT6plex;AC=UNIMOD:737;TA=K;MT=Fixed	NT=TMT6plex;AC=UNIMOD:737;PP=Any N-term;MT=Fixed	NT=Carbamidomethyl;AC=UNIMOD:4;TA=C;MT=Fixed	NT=Oxidation;AC=UNIMOD:35;TA=M;MT=Variable	NT=Trypsin;AC=MS:1001251	NT=data-dependent acquisition;AC=PRIDE:0000627	NT=beam-type collision-induced dissociation;AC=MS:1000422	10 ppm	0.02 Da	not available	not available	not applicable	TMT127N	1	1	230120_8.raw	v1.1.0	NT=ms-proteomics;VV=v1.1.0	NT=cell-lines;VV=v1.1.0	NT=single-cell;VV=v1.0.0	manual curation	LNCaP C4
230120_8_TMT129N	NT=Homo sapiens;AC=NCBITaxon:9606	NT=prostate gland;AC=UBERON:0002367	NT=epithelial cell;AC=CL:0000066	NT=prostate carcinoma;AC=MONDO:0005159	LNCaP	CVCL_0395	LNCaP	NT=single cell;AC=PRIDE:0000897	manual picking	230120_8_TMT129N	1	not pooled	24	run 8	proteomic profiling by mass spectrometry	NT=Q Exactive Plus;AC=MS:1002634	TMT129N	NT=TMT6plex;AC=UNIMOD:737;TA=K;MT=Fixed	NT=TMT6plex;AC=UNIMOD:737;PP=Any N-term;MT=Fixed	NT=Carbamidomethyl;AC=UNIMOD:4;TA=C;MT=Fixed	NT=Oxidation;AC=UNIMOD:35;TA=M;MT=Variable	NT=Trypsin;AC=MS:1001251	NT=data-dependent acquisition;AC=PRIDE:0000627	NT=beam-type collision-induced dissociation;AC=MS:1000422	10 ppm	0.02 Da	not available	not available	not applicable	TMT127N	1	1	230120_8.raw	v1.1.0	NT=ms-proteomics;VV=v1.1.0	NT=cell-lines;VV=v1.1.0	NT=single-cell;VV=v1.0.0	manual curation	LNCaP
230120_8_TMT129C	NT=Homo sapiens;AC=NCBITaxon:9606	NT=prostate gland;AC=UBERON:0002367	NT=epithelial cell;AC=CL:0000066	NT=prostate carcinoma;AC=MONDO:0005159	LNCaP C4	CVCL_4783	LNCaP C4	NT=single cell;AC=PRIDE:0000897	manual picking	230120_8_TMT129C	1	not pooled	24	run 8	proteomic profiling by mass spectrometry	NT=Q Exactive Plus;AC=MS:1002634	TMT129C	NT=TMT6plex;AC=UNIMOD:737;TA=K;MT=Fixed	NT=TMT6plex;AC=UNIMOD:737;PP=Any N-term;MT=Fixed	NT=Carbamidomethyl;AC=UNIMOD:4;TA=C;MT=Fixed	NT=Oxidation;AC=UNIMOD:35;TA=M;MT=Variable	NT=Trypsin;AC=MS:1001251	NT=data-dependent acquisition;AC=PRIDE:0000627	NT=beam-type collision-induced dissociation;AC=MS:1000422	10 ppm	0.02 Da	not available	not available	not applicable	TMT127N	1	1	230120_8.raw	v1.1.0	NT=ms-proteomics;VV=v1.1.0	NT=cell-lines;VV=v1.1.0	NT=single-cell;VV=v1.0.0	manual curation	LNCaP C4
230120_8_TMT130N	NT=Homo sapiens;AC=NCBITaxon:9606	not available	not available	not available	U118	not available	not available	NT=single cell;AC=PRIDE:0000897	manual picking	230120_8_TMT130N	1	not pooled	22	run 8	proteomic profiling by mass spectrometry	NT=Q Exactive Plus;AC=MS:1002634	TMT130N	NT=TMT6plex;AC=UNIMOD:737;TA=K;MT=Fixed	NT=TMT6plex;AC=UNIMOD:737;PP=Any N-term;MT=Fixed	NT=Carbamidomethyl;AC=UNIMOD:4;TA=C;MT=Fixed	NT=Oxidation;AC=UNIMOD:35;TA=M;MT=Variable	NT=Trypsin;AC=MS:1001251	NT=data-dependent acquisition;AC=PRIDE:0000627	NT=beam-type collision-induced dissociation;AC=MS:1000422	10 ppm	0.02 Da	not available	not available	not applicable	TMT127N	1	1	230120_8.raw	v1.1.0	NT=ms-proteomics;VV=v1.1.0	NT=cell-lines;VV=v1.1.0	NT=single-cell;VV=v1.0.0	manual curation	U118
230120_8_TMT130C	NT=Homo sapiens;AC=NCBITaxon:9606	not available	not available	not available	U118	not available	not available	NT=single cell;AC=PRIDE:0000897	manual picking	230120_8_TMT130C	1	not pooled	23	run 8	proteomic profiling by mass spectrometry	NT=Q Exactive Plus;AC=MS:1002634	TMT130C	NT=TMT6plex;AC=UNIMOD:737;TA=K;MT=Fixed	NT=TMT6plex;AC=UNIMOD:737;PP=Any N-term;MT=Fixed	NT=Carbamidomethyl;AC=UNIMOD:4;TA=C;MT=Fixed	NT=Oxidation;AC=UNIMOD:35;TA=M;MT=Variable	NT=Trypsin;AC=MS:1001251	NT=data-dependent acquisition;AC=PRIDE:0000627	NT=beam-type collision-induced dissociation;AC=MS:1000422	10 ppm	0.02 Da	not available	not available	not applicable	TMT127N	1	1	230120_8.raw	v1.1.0	NT=ms-proteomics;VV=v1.1.0	NT=cell-lines;VV=v1.1.0	NT=single-cell;VV=v1.0.0	manual curation	U118
230120_8_TMT131	NT=Homo sapiens;AC=NCBITaxon:9606	not available	not available	not available	U118	not available	not available	NT=single cell;AC=PRIDE:0000897	manual picking	230120_8_TMT131	1	not pooled	24	run 8	proteomic profiling by mass spectrometry	NT=Q Exactive Plus;AC=MS:1002634	TMT131	NT=TMT6plex;AC=UNIMOD:737;TA=K;MT=Fixed	NT=TMT6plex;AC=UNIMOD:737;PP=Any N-term;MT=Fixed	NT=Carbamidomethyl;AC=UNIMOD:4;TA=C;MT=Fixed	NT=Oxidation;AC=UNIMOD:35;TA=M;MT=Variable	NT=Trypsin;AC=MS:1001251	NT=data-dependent acquisition;AC=PRIDE:0000627	NT=beam-type collision-induced dissociation;AC=MS:1000422	10 ppm	0.02 Da	not available	not available	not applicable	TMT127N	1	1	230120_8.raw	v1.1.0	NT=ms-proteomics;VV=v1.1.0	NT=cell-lines;VV=v1.1.0	NT=single-cell;VV=v1.0.0	manual curation	U118
230120_9_TMT126	NT=Homo sapiens;AC=NCBITaxon:9606	NT=prostate gland;AC=UBERON:0002367	NT=epithelial cell;AC=CL:0000066	NT=prostate carcinoma;AC=MONDO:0005159	LNCaP	CVCL_0395	LNCaP	NT=single cell;AC=PRIDE:0000897	manual picking	230120_9_TMT126	1	not pooled	25	run 9	proteomic profiling by mass spectrometry	NT=Q Exactive Plus;AC=MS:1002634	TMT126	NT=TMT6plex;AC=UNIMOD:737;TA=K;MT=Fixed	NT=TMT6plex;AC=UNIMOD:737;PP=Any N-term;MT=Fixed	NT=Carbamidomethyl;AC=UNIMOD:4;TA=C;MT=Fixed	NT=Oxidation;AC=UNIMOD:35;TA=M;MT=Variable	NT=Trypsin;AC=MS:1001251	NT=data-dependent acquisition;AC=PRIDE:0000627	NT=beam-type collision-induced dissociation;AC=MS:1000422	10 ppm	0.02 Da	not available	not available	not applicable	TMT127N	1	1	230120_9.raw	v1.1.0	NT=ms-proteomics;VV=v1.1.0	NT=cell-lines;VV=v1.1.0	NT=single-cell;VV=v1.0.0	manual curation	LNCaP
230120_9_TMT127N	NT=Homo sapiens;AC=NCBITaxon:9606	NT=prostate gland;AC=UBERON:0002367	NT=epithelial cell;AC=CL:0000066	NT=prostate carcinoma;AC=MONDO:0005159	LNCaP	CVCL_0395	LNCaP	NT=reference;AC=PRIDE:0000899	not applicable	not applicable	3000	pooled	pooled	run 9	proteomic profiling by mass spectrometry	NT=Q Exactive Plus;AC=MS:1002634	TMT127N	NT=TMT6plex;AC=UNIMOD:737;TA=K;MT=Fixed	NT=TMT6plex;AC=UNIMOD:737;PP=Any N-term;MT=Fixed	NT=Carbamidomethyl;AC=UNIMOD:4;TA=C;MT=Fixed	NT=Oxidation;AC=UNIMOD:35;TA=M;MT=Variable	NT=Trypsin;AC=MS:1001251	NT=data-dependent acquisition;AC=PRIDE:0000627	NT=beam-type collision-induced dissociation;AC=MS:1000422	10 ppm	0.02 Da	not available	not available	not applicable	TMT127N	1	1	230120_9.raw	v1.1.0	NT=ms-proteomics;VV=v1.1.0	NT=cell-lines;VV=v1.1.0	NT=single-cell;VV=v1.0.0	manual curation	LNCaP
230120_9_TMT127C	NT=Homo sapiens;AC=NCBITaxon:9606	NT=prostate gland;AC=UBERON:0002367	NT=epithelial cell;AC=CL:0000066	NT=prostate carcinoma;AC=MONDO:0005159	LNCaP C4	CVCL_4783	LNCaP C4	NT=single cell;AC=PRIDE:0000897	manual picking	230120_9_TMT127C	1	not pooled	25	run 9	proteomic profiling by mass spectrometry	NT=Q Exactive Plus;AC=MS:1002634	TMT127C	NT=TMT6plex;AC=UNIMOD:737;TA=K;MT=Fixed	NT=TMT6plex;AC=UNIMOD:737;PP=Any N-term;MT=Fixed	NT=Carbamidomethyl;AC=UNIMOD:4;TA=C;MT=Fixed	NT=Oxidation;AC=UNIMOD:35;TA=M;MT=Variable	NT=Trypsin;AC=MS:1001251	NT=data-dependent acquisition;AC=PRIDE:0000627	NT=beam-type collision-induced dissociation;AC=MS:1000422	10 ppm	0.02 Da	not available	not available	not applicable	TMT127N	1	1	230120_9.raw	v1.1.0	NT=ms-proteomics;VV=v1.1.0	NT=cell-lines;VV=v1.1.0	NT=single-cell;VV=v1.0.0	manual curation	LNCaP C4
230120_9_TMT128N	NT=Homo sapiens;AC=NCBITaxon:9606	NT=prostate gland;AC=UBERON:0002367	NT=epithelial cell;AC=CL:0000066	NT=prostate carcinoma;AC=MONDO:0005159	LNCaP	CVCL_0395	LNCaP	NT=single cell;AC=PRIDE:0000897	manual picking	230120_9_TMT128N	1	not pooled	26	run 9	proteomic profiling by mass spectrometry	NT=Q Exactive Plus;AC=MS:1002634	TMT128N	NT=TMT6plex;AC=UNIMOD:737;TA=K;MT=Fixed	NT=TMT6plex;AC=UNIMOD:737;PP=Any N-term;MT=Fixed	NT=Carbamidomethyl;AC=UNIMOD:4;TA=C;MT=Fixed	NT=Oxidation;AC=UNIMOD:35;TA=M;MT=Variable	NT=Trypsin;AC=MS:1001251	NT=data-dependent acquisition;AC=PRIDE:0000627	NT=beam-type collision-induced dissociation;AC=MS:1000422	10 ppm	0.02 Da	not available	not available	not applicable	TMT127N	1	1	230120_9.raw	v1.1.0	NT=ms-proteomics;VV=v1.1.0	NT=cell-lines;VV=v1.1.0	NT=single-cell;VV=v1.0.0	manual curation	LNCaP
230120_9_TMT128C	NT=Homo sapiens;AC=NCBITaxon:9606	NT=prostate gland;AC=UBERON:0002367	NT=epithelial cell;AC=CL:0000066	NT=prostate carcinoma;AC=MONDO:0005159	LNCaP C4	CVCL_4783	LNCaP C4	NT=single cell;AC=PRIDE:0000897	manual picking	230120_9_TMT128C	1	not pooled	26	run 9	proteomic profiling by mass spectrometry	NT=Q Exactive Plus;AC=MS:1002634	TMT128C	NT=TMT6plex;AC=UNIMOD:737;TA=K;MT=Fixed	NT=TMT6plex;AC=UNIMOD:737;PP=Any N-term;MT=Fixed	NT=Carbamidomethyl;AC=UNIMOD:4;TA=C;MT=Fixed	NT=Oxidation;AC=UNIMOD:35;TA=M;MT=Variable	NT=Trypsin;AC=MS:1001251	NT=data-dependent acquisition;AC=PRIDE:0000627	NT=beam-type collision-induced dissociation;AC=MS:1000422	10 ppm	0.02 Da	not available	not available	not applicable	TMT127N	1	1	230120_9.raw	v1.1.0	NT=ms-proteomics;VV=v1.1.0	NT=cell-lines;VV=v1.1.0	NT=single-cell;VV=v1.0.0	manual curation	LNCaP C4
230120_9_TMT129N	NT=Homo sapiens;AC=NCBITaxon:9606	NT=prostate gland;AC=UBERON:0002367	NT=epithelial cell;AC=CL:0000066	NT=prostate carcinoma;AC=MONDO:0005159	LNCaP	CVCL_0395	LNCaP	NT=single cell;AC=PRIDE:0000897	manual picking	230120_9_TMT129N	1	not pooled	27	run 9	proteomic profiling by mass spectrometry	NT=Q Exactive Plus;AC=MS:1002634	TMT129N	NT=TMT6plex;AC=UNIMOD:737;TA=K;MT=Fixed	NT=TMT6plex;AC=UNIMOD:737;PP=Any N-term;MT=Fixed	NT=Carbamidomethyl;AC=UNIMOD:4;TA=C;MT=Fixed	NT=Oxidation;AC=UNIMOD:35;TA=M;MT=Variable	NT=Trypsin;AC=MS:1001251	NT=data-dependent acquisition;AC=PRIDE:0000627	NT=beam-type collision-induced dissociation;AC=MS:1000422	10 ppm	0.02 Da	not available	not available	not applicable	TMT127N	1	1	230120_9.raw	v1.1.0	NT=ms-proteomics;VV=v1.1.0	NT=cell-lines;VV=v1.1.0	NT=single-cell;VV=v1.0.0	manual curation	LNCaP
230120_9_TMT129C	NT=Homo sapiens;AC=NCBITaxon:9606	NT=prostate gland;AC=UBERON:0002367	NT=epithelial cell;AC=CL:0000066	NT=prostate carcinoma;AC=MONDO:0005159	LNCaP C4	CVCL_4783	LNCaP C4	NT=single cell;AC=PRIDE:0000897	manual picking	230120_9_TMT129C	1	not pooled	27	run 9	proteomic profiling by mass spectrometry	NT=Q Exactive Plus;AC=MS:1002634	TMT129C	NT=TMT6plex;AC=UNIMOD:737;TA=K;MT=Fixed	NT=TMT6plex;AC=UNIMOD:737;PP=Any N-term;MT=Fixed	NT=Carbamidomethyl;AC=UNIMOD:4;TA=C;MT=Fixed	NT=Oxidation;AC=UNIMOD:35;TA=M;MT=Variable	NT=Trypsin;AC=MS:1001251	NT=data-dependent acquisition;AC=PRIDE:0000627	NT=beam-type collision-induced dissociation;AC=MS:1000422	10 ppm	0.02 Da	not available	not available	not applicable	TMT127N	1	1	230120_9.raw	v1.1.0	NT=ms-proteomics;VV=v1.1.0	NT=cell-lines;VV=v1.1.0	NT=single-cell;VV=v1.0.0	manual curation	LNCaP C4
230120_9_TMT130N	NT=Homo sapiens;AC=NCBITaxon:9606	not available	not available	not available	U118	not available	not available	NT=single cell;AC=PRIDE:0000897	manual picking	230120_9_TMT130N	1	not pooled	25	run 9	proteomic profiling by mass spectrometry	NT=Q Exactive Plus;AC=MS:1002634	TMT130N	NT=TMT6plex;AC=UNIMOD:737;TA=K;MT=Fixed	NT=TMT6plex;AC=UNIMOD:737;PP=Any N-term;MT=Fixed	NT=Carbamidomethyl;AC=UNIMOD:4;TA=C;MT=Fixed	NT=Oxidation;AC=UNIMOD:35;TA=M;MT=Variable	NT=Trypsin;AC=MS:1001251	NT=data-dependent acquisition;AC=PRIDE:0000627	NT=beam-type collision-induced dissociation;AC=MS:1000422	10 ppm	0.02 Da	not available	not available	not applicable	TMT127N	1	1	230120_9.raw	v1.1.0	NT=ms-proteomics;VV=v1.1.0	NT=cell-lines;VV=v1.1.0	NT=single-cell;VV=v1.0.0	manual curation	U118
230120_9_TMT130C	NT=Homo sapiens;AC=NCBITaxon:9606	not available	not available	not available	U118	not available	not available	NT=single cell;AC=PRIDE:0000897	manual picking	230120_9_TMT130C	1	not pooled	26	run 9	proteomic profiling by mass spectrometry	NT=Q Exactive Plus;AC=MS:1002634	TMT130C	NT=TMT6plex;AC=UNIMOD:737;TA=K;MT=Fixed	NT=TMT6plex;AC=UNIMOD:737;PP=Any N-term;MT=Fixed	NT=Carbamidomethyl;AC=UNIMOD:4;TA=C;MT=Fixed	NT=Oxidation;AC=UNIMOD:35;TA=M;MT=Variable	NT=Trypsin;AC=MS:1001251	NT=data-dependent acquisition;AC=PRIDE:0000627	NT=beam-type collision-induced dissociation;AC=MS:1000422	10 ppm	0.02 Da	not available	not available	not applicable	TMT127N	1	1	230120_9.raw	v1.1.0	NT=ms-proteomics;VV=v1.1.0	NT=cell-lines;VV=v1.1.0	NT=single-cell;VV=v1.0.0	manual curation	U118
230120_9_TMT131	NT=Homo sapiens;AC=NCBITaxon:9606	not available	not available	not available	U118	not available	not available	NT=single cell;AC=PRIDE:0000897	manual picking	230120_9_TMT131	1	not pooled	27	run 9	proteomic profiling by mass spectrometry	NT=Q Exactive Plus;AC=MS:1002634	TMT131	NT=TMT6plex;AC=UNIMOD:737;TA=K;MT=Fixed	NT=TMT6plex;AC=UNIMOD:737;PP=Any N-term;MT=Fixed	NT=Carbamidomethyl;AC=UNIMOD:4;TA=C;MT=Fixed	NT=Oxidation;AC=UNIMOD:35;TA=M;MT=Variable	NT=Trypsin;AC=MS:1001251	NT=data-dependent acquisition;AC=PRIDE:0000627	NT=beam-type collision-induced dissociation;AC=MS:1000422	10 ppm	0.02 Da	not available	not available	not applicable	TMT127N	1	1	230120_9.raw	v1.1.0	NT=ms-proteomics;VV=v1.1.0	NT=cell-lines;VV=v1.1.0	NT=single-cell;VV=v1.0.0	manual curation	U118
230120_10_TMT126	NT=Homo sapiens;AC=NCBITaxon:9606	NT=prostate gland;AC=UBERON:0002367	NT=epithelial cell;AC=CL:0000066	NT=prostate carcinoma;AC=MONDO:0005159	LNCaP	CVCL_0395	LNCaP	NT=single cell;AC=PRIDE:0000897	manual picking	230120_10_TMT126	1	not pooled	28	run 10	proteomic profiling by mass spectrometry	NT=Q Exactive Plus;AC=MS:1002634	TMT126	NT=TMT6plex;AC=UNIMOD:737;TA=K;MT=Fixed	NT=TMT6plex;AC=UNIMOD:737;PP=Any N-term;MT=Fixed	NT=Carbamidomethyl;AC=UNIMOD:4;TA=C;MT=Fixed	NT=Oxidation;AC=UNIMOD:35;TA=M;MT=Variable	NT=Trypsin;AC=MS:1001251	NT=data-dependent acquisition;AC=PRIDE:0000627	NT=beam-type collision-induced dissociation;AC=MS:1000422	10 ppm	0.02 Da	not available	not available	not applicable	TMT127N	1	1	230120_10.raw	v1.1.0	NT=ms-proteomics;VV=v1.1.0	NT=cell-lines;VV=v1.1.0	NT=single-cell;VV=v1.0.0	manual curation	LNCaP
230120_10_TMT127N	NT=Homo sapiens;AC=NCBITaxon:9606	NT=prostate gland;AC=UBERON:0002367	NT=epithelial cell;AC=CL:0000066	NT=prostate carcinoma;AC=MONDO:0005159	LNCaP	CVCL_0395	LNCaP	NT=reference;AC=PRIDE:0000899	not applicable	not applicable	3000	pooled	pooled	run 10	proteomic profiling by mass spectrometry	NT=Q Exactive Plus;AC=MS:1002634	TMT127N	NT=TMT6plex;AC=UNIMOD:737;TA=K;MT=Fixed	NT=TMT6plex;AC=UNIMOD:737;PP=Any N-term;MT=Fixed	NT=Carbamidomethyl;AC=UNIMOD:4;TA=C;MT=Fixed	NT=Oxidation;AC=UNIMOD:35;TA=M;MT=Variable	NT=Trypsin;AC=MS:1001251	NT=data-dependent acquisition;AC=PRIDE:0000627	NT=beam-type collision-induced dissociation;AC=MS:1000422	10 ppm	0.02 Da	not available	not available	not applicable	TMT127N	1	1	230120_10.raw	v1.1.0	NT=ms-proteomics;VV=v1.1.0	NT=cell-lines;VV=v1.1.0	NT=single-cell;VV=v1.0.0	manual curation	LNCaP
230120_10_TMT127C	NT=Homo sapiens;AC=NCBITaxon:9606	NT=prostate gland;AC=UBERON:0002367	NT=epithelial cell;AC=CL:0000066	NT=prostate carcinoma;AC=MONDO:0005159	LNCaP C4	CVCL_4783	LNCaP C4	NT=single cell;AC=PRIDE:0000897	manual picking	230120_10_TMT127C	1	not pooled	28	run 10	proteomic profiling by mass spectrometry	NT=Q Exactive Plus;AC=MS:1002634	TMT127C	NT=TMT6plex;AC=UNIMOD:737;TA=K;MT=Fixed	NT=TMT6plex;AC=UNIMOD:737;PP=Any N-term;MT=Fixed	NT=Carbamidomethyl;AC=UNIMOD:4;TA=C;MT=Fixed	NT=Oxidation;AC=UNIMOD:35;TA=M;MT=Variable	NT=Trypsin;AC=MS:1001251	NT=data-dependent acquisition;AC=PRIDE:0000627	NT=beam-type collision-induced dissociation;AC=MS:1000422	10 ppm	0.02 Da	not available	not available	not applicable	TMT127N	1	1	230120_10.raw	v1.1.0	NT=ms-proteomics;VV=v1.1.0	NT=cell-lines;VV=v1.1.0	NT=single-cell;VV=v1.0.0	manual curation	LNCaP C4
230120_10_TMT128N	NT=Homo sapiens;AC=NCBITaxon:9606	NT=prostate gland;AC=UBERON:0002367	NT=epithelial cell;AC=CL:0000066	NT=prostate carcinoma;AC=MONDO:0005159	LNCaP	CVCL_0395	LNCaP	NT=single cell;AC=PRIDE:0000897	manual picking	230120_10_TMT128N	1	not pooled	29	run 10	proteomic profiling by mass spectrometry	NT=Q Exactive Plus;AC=MS:1002634	TMT128N	NT=TMT6plex;AC=UNIMOD:737;TA=K;MT=Fixed	NT=TMT6plex;AC=UNIMOD:737;PP=Any N-term;MT=Fixed	NT=Carbamidomethyl;AC=UNIMOD:4;TA=C;MT=Fixed	NT=Oxidation;AC=UNIMOD:35;TA=M;MT=Variable	NT=Trypsin;AC=MS:1001251	NT=data-dependent acquisition;AC=PRIDE:0000627	NT=beam-type collision-induced dissociation;AC=MS:1000422	10 ppm	0.02 Da	not available	not available	not applicable	TMT127N	1	1	230120_10.raw	v1.1.0	NT=ms-proteomics;VV=v1.1.0	NT=cell-lines;VV=v1.1.0	NT=single-cell;VV=v1.0.0	manual curation	LNCaP
230120_10_TMT128C	NT=Homo sapiens;AC=NCBITaxon:9606	NT=prostate gland;AC=UBERON:0002367	NT=epithelial cell;AC=CL:0000066	NT=prostate carcinoma;AC=MONDO:0005159	LNCaP C4	CVCL_4783	LNCaP C4	NT=single cell;AC=PRIDE:0000897	manual picking	230120_10_TMT128C	1	not pooled	29	run 10	proteomic profiling by mass spectrometry	NT=Q Exactive Plus;AC=MS:1002634	TMT128C	NT=TMT6plex;AC=UNIMOD:737;TA=K;MT=Fixed	NT=TMT6plex;AC=UNIMOD:737;PP=Any N-term;MT=Fixed	NT=Carbamidomethyl;AC=UNIMOD:4;TA=C;MT=Fixed	NT=Oxidation;AC=UNIMOD:35;TA=M;MT=Variable	NT=Trypsin;AC=MS:1001251	NT=data-dependent acquisition;AC=PRIDE:0000627	NT=beam-type collision-induced dissociation;AC=MS:1000422	10 ppm	0.02 Da	not available	not available	not applicable	TMT127N	1	1	230120_10.raw	v1.1.0	NT=ms-proteomics;VV=v1.1.0	NT=cell-lines;VV=v1.1.0	NT=single-cell;VV=v1.0.0	manual curation	LNCaP C4
230120_10_TMT129N	NT=Homo sapiens;AC=NCBITaxon:9606	NT=prostate gland;AC=UBERON:0002367	NT=epithelial cell;AC=CL:0000066	NT=prostate carcinoma;AC=MONDO:0005159	LNCaP	CVCL_0395	LNCaP	NT=single cell;AC=PRIDE:0000897	manual picking	230120_10_TMT129N	1	not pooled	30	run 10	proteomic profiling by mass spectrometry	NT=Q Exactive Plus;AC=MS:1002634	TMT129N	NT=TMT6plex;AC=UNIMOD:737;TA=K;MT=Fixed	NT=TMT6plex;AC=UNIMOD:737;PP=Any N-term;MT=Fixed	NT=Carbamidomethyl;AC=UNIMOD:4;TA=C;MT=Fixed	NT=Oxidation;AC=UNIMOD:35;TA=M;MT=Variable	NT=Trypsin;AC=MS:1001251	NT=data-dependent acquisition;AC=PRIDE:0000627	NT=beam-type collision-induced dissociation;AC=MS:1000422	10 ppm	0.02 Da	not available	not available	not applicable	TMT127N	1	1	230120_10.raw	v1.1.0	NT=ms-proteomics;VV=v1.1.0	NT=cell-lines;VV=v1.1.0	NT=single-cell;VV=v1.0.0	manual curation	LNCaP
230120_10_TMT129C	NT=Homo sapiens;AC=NCBITaxon:9606	NT=prostate gland;AC=UBERON:0002367	NT=epithelial cell;AC=CL:0000066	NT=prostate carcinoma;AC=MONDO:0005159	LNCaP C4	CVCL_4783	LNCaP C4	NT=single cell;AC=PRIDE:0000897	manual picking	230120_10_TMT129C	1	not pooled	30	run 10	proteomic profiling by mass spectrometry	NT=Q Exactive Plus;AC=MS:1002634	TMT129C	NT=TMT6plex;AC=UNIMOD:737;TA=K;MT=Fixed	NT=TMT6plex;AC=UNIMOD:737;PP=Any N-term;MT=Fixed	NT=Carbamidomethyl;AC=UNIMOD:4;TA=C;MT=Fixed	NT=Oxidation;AC=UNIMOD:35;TA=M;MT=Variable	NT=Trypsin;AC=MS:1001251	NT=data-dependent acquisition;AC=PRIDE:0000627	NT=beam-type collision-induced dissociation;AC=MS:1000422	10 ppm	0.02 Da	not available	not available	not applicable	TMT127N	1	1	230120_10.raw	v1.1.0	NT=ms-proteomics;VV=v1.1.0	NT=cell-lines;VV=v1.1.0	NT=single-cell;VV=v1.0.0	manual curation	LNCaP C4
230120_10_TMT130N	NT=Homo sapiens;AC=NCBITaxon:9606	not available	not available	not available	U118	not available	not available	NT=single cell;AC=PRIDE:0000897	manual picking	230120_10_TMT130N	1	not pooled	28	run 10	proteomic profiling by mass spectrometry	NT=Q Exactive Plus;AC=MS:1002634	TMT130N	NT=TMT6plex;AC=UNIMOD:737;TA=K;MT=Fixed	NT=TMT6plex;AC=UNIMOD:737;PP=Any N-term;MT=Fixed	NT=Carbamidomethyl;AC=UNIMOD:4;TA=C;MT=Fixed	NT=Oxidation;AC=UNIMOD:35;TA=M;MT=Variable	NT=Trypsin;AC=MS:1001251	NT=data-dependent acquisition;AC=PRIDE:0000627	NT=beam-type collision-induced dissociation;AC=MS:1000422	10 ppm	0.02 Da	not available	not available	not applicable	TMT127N	1	1	230120_10.raw	v1.1.0	NT=ms-proteomics;VV=v1.1.0	NT=cell-lines;VV=v1.1.0	NT=single-cell;VV=v1.0.0	manual curation	U118
230120_10_TMT130C	NT=Homo sapiens;AC=NCBITaxon:9606	not available	not available	not available	U118	not available	not available	NT=single cell;AC=PRIDE:0000897	manual picking	230120_10_TMT130C	1	not pooled	29	run 10	proteomic profiling by mass spectrometry	NT=Q Exactive Plus;AC=MS:1002634	TMT130C	NT=TMT6plex;AC=UNIMOD:737;TA=K;MT=Fixed	NT=TMT6plex;AC=UNIMOD:737;PP=Any N-term;MT=Fixed	NT=Carbamidomethyl;AC=UNIMOD:4;TA=C;MT=Fixed	NT=Oxidation;AC=UNIMOD:35;TA=M;MT=Variable	NT=Trypsin;AC=MS:1001251	NT=data-dependent acquisition;AC=PRIDE:0000627	NT=beam-type collision-induced dissociation;AC=MS:1000422	10 ppm	0.02 Da	not available	not available	not applicable	TMT127N	1	1	230120_10.raw	v1.1.0	NT=ms-proteomics;VV=v1.1.0	NT=cell-lines;VV=v1.1.0	NT=single-cell;VV=v1.0.0	manual curation	U118
230120_10_TMT131	NT=Homo sapiens;AC=NCBITaxon:9606	not available	not available	not available	U118	not available	not available	NT=single cell;AC=PRIDE:0000897	manual picking	230120_10_TMT131	1	not pooled	30	run 10	proteomic profiling by mass spectrometry	NT=Q Exactive Plus;AC=MS:1002634	TMT131	NT=TMT6plex;AC=UNIMOD:737;TA=K;MT=Fixed	NT=TMT6plex;AC=UNIMOD:737;PP=Any N-term;MT=Fixed	NT=Carbamidomethyl;AC=UNIMOD:4;TA=C;MT=Fixed	NT=Oxidation;AC=UNIMOD:35;TA=M;MT=Variable	NT=Trypsin;AC=MS:1001251	NT=data-dependent acquisition;AC=PRIDE:0000627	NT=beam-type collision-induced dissociation;AC=MS:1000422	10 ppm	0.02 Da	not available	not available	not applicable	TMT127N	1	1	230120_10.raw	v1.1.0	NT=ms-proteomics;VV=v1.1.0	NT=cell-lines;VV=v1.1.0	NT=single-cell;VV=v1.0.0	manual curation	U118
230120_11_TMT126	NT=Homo sapiens;AC=NCBITaxon:9606	NT=prostate gland;AC=UBERON:0002367	NT=epithelial cell;AC=CL:0000066	NT=prostate carcinoma;AC=MONDO:0005159	LNCaP	CVCL_0395	LNCaP	NT=single cell;AC=PRIDE:0000897	manual picking	230120_11_TMT126	1	not pooled	31	run 11	proteomic profiling by mass spectrometry	NT=Q Exactive Plus;AC=MS:1002634	TMT126	NT=TMT6plex;AC=UNIMOD:737;TA=K;MT=Fixed	NT=TMT6plex;AC=UNIMOD:737;PP=Any N-term;MT=Fixed	NT=Carbamidomethyl;AC=UNIMOD:4;TA=C;MT=Fixed	NT=Oxidation;AC=UNIMOD:35;TA=M;MT=Variable	NT=Trypsin;AC=MS:1001251	NT=data-dependent acquisition;AC=PRIDE:0000627	NT=beam-type collision-induced dissociation;AC=MS:1000422	10 ppm	0.02 Da	not available	not available	not applicable	TMT127N	1	1	230120_11.raw	v1.1.0	NT=ms-proteomics;VV=v1.1.0	NT=cell-lines;VV=v1.1.0	NT=single-cell;VV=v1.0.0	manual curation	LNCaP
230120_11_TMT127N	NT=Homo sapiens;AC=NCBITaxon:9606	NT=prostate gland;AC=UBERON:0002367	NT=epithelial cell;AC=CL:0000066	NT=prostate carcinoma;AC=MONDO:0005159	LNCaP	CVCL_0395	LNCaP	NT=reference;AC=PRIDE:0000899	not applicable	not applicable	3000	pooled	pooled	run 11	proteomic profiling by mass spectrometry	NT=Q Exactive Plus;AC=MS:1002634	TMT127N	NT=TMT6plex;AC=UNIMOD:737;TA=K;MT=Fixed	NT=TMT6plex;AC=UNIMOD:737;PP=Any N-term;MT=Fixed	NT=Carbamidomethyl;AC=UNIMOD:4;TA=C;MT=Fixed	NT=Oxidation;AC=UNIMOD:35;TA=M;MT=Variable	NT=Trypsin;AC=MS:1001251	NT=data-dependent acquisition;AC=PRIDE:0000627	NT=beam-type collision-induced dissociation;AC=MS:1000422	10 ppm	0.02 Da	not available	not available	not applicable	TMT127N	1	1	230120_11.raw	v1.1.0	NT=ms-proteomics;VV=v1.1.0	NT=cell-lines;VV=v1.1.0	NT=single-cell;VV=v1.0.0	manual curation	LNCaP
230120_11_TMT127C	NT=Homo sapiens;AC=NCBITaxon:9606	NT=prostate gland;AC=UBERON:0002367	NT=epithelial cell;AC=CL:0000066	NT=prostate carcinoma;AC=MONDO:0005159	LNCaP C4	CVCL_4783	LNCaP C4	NT=single cell;AC=PRIDE:0000897	manual picking	230120_11_TMT127C	1	not pooled	31	run 11	proteomic profiling by mass spectrometry	NT=Q Exactive Plus;AC=MS:1002634	TMT127C	NT=TMT6plex;AC=UNIMOD:737;TA=K;MT=Fixed	NT=TMT6plex;AC=UNIMOD:737;PP=Any N-term;MT=Fixed	NT=Carbamidomethyl;AC=UNIMOD:4;TA=C;MT=Fixed	NT=Oxidation;AC=UNIMOD:35;TA=M;MT=Variable	NT=Trypsin;AC=MS:1001251	NT=data-dependent acquisition;AC=PRIDE:0000627	NT=beam-type collision-induced dissociation;AC=MS:1000422	10 ppm	0.02 Da	not available	not available	not applicable	TMT127N	1	1	230120_11.raw	v1.1.0	NT=ms-proteomics;VV=v1.1.0	NT=cell-lines;VV=v1.1.0	NT=single-cell;VV=v1.0.0	manual curation	LNCaP C4
230120_11_TMT128N	NT=Homo sapiens;AC=NCBITaxon:9606	NT=prostate gland;AC=UBERON:0002367	NT=epithelial cell;AC=CL:0000066	NT=prostate carcinoma;AC=MONDO:0005159	LNCaP	CVCL_0395	LNCaP	NT=single cell;AC=PRIDE:0000897	manual picking	230120_11_TMT128N	1	not pooled	32	run 11	proteomic profiling by mass spectrometry	NT=Q Exactive Plus;AC=MS:1002634	TMT128N	NT=TMT6plex;AC=UNIMOD:737;TA=K;MT=Fixed	NT=TMT6plex;AC=UNIMOD:737;PP=Any N-term;MT=Fixed	NT=Carbamidomethyl;AC=UNIMOD:4;TA=C;MT=Fixed	NT=Oxidation;AC=UNIMOD:35;TA=M;MT=Variable	NT=Trypsin;AC=MS:1001251	NT=data-dependent acquisition;AC=PRIDE:0000627	NT=beam-type collision-induced dissociation;AC=MS:1000422	10 ppm	0.02 Da	not available	not available	not applicable	TMT127N	1	1	230120_11.raw	v1.1.0	NT=ms-proteomics;VV=v1.1.0	NT=cell-lines;VV=v1.1.0	NT=single-cell;VV=v1.0.0	manual curation	LNCaP
230120_11_TMT128C	NT=Homo sapiens;AC=NCBITaxon:9606	NT=prostate gland;AC=UBERON:0002367	NT=epithelial cell;AC=CL:0000066	NT=prostate carcinoma;AC=MONDO:0005159	LNCaP C4	CVCL_4783	LNCaP C4	NT=single cell;AC=PRIDE:0000897	manual picking	230120_11_TMT128C	1	not pooled	32	run 11	proteomic profiling by mass spectrometry	NT=Q Exactive Plus;AC=MS:1002634	TMT128C	NT=TMT6plex;AC=UNIMOD:737;TA=K;MT=Fixed	NT=TMT6plex;AC=UNIMOD:737;PP=Any N-term;MT=Fixed	NT=Carbamidomethyl;AC=UNIMOD:4;TA=C;MT=Fixed	NT=Oxidation;AC=UNIMOD:35;TA=M;MT=Variable	NT=Trypsin;AC=MS:1001251	NT=data-dependent acquisition;AC=PRIDE:0000627	NT=beam-type collision-induced dissociation;AC=MS:1000422	10 ppm	0.02 Da	not available	not available	not applicable	TMT127N	1	1	230120_11.raw	v1.1.0	NT=ms-proteomics;VV=v1.1.0	NT=cell-lines;VV=v1.1.0	NT=single-cell;VV=v1.0.0	manual curation	LNCaP C4
230120_11_TMT129N	NT=Homo sapiens;AC=NCBITaxon:9606	NT=prostate gland;AC=UBERON:0002367	NT=epithelial cell;AC=CL:0000066	NT=prostate carcinoma;AC=MONDO:0005159	LNCaP	CVCL_0395	LNCaP	NT=single cell;AC=PRIDE:0000897	manual picking	230120_11_TMT129N	1	not pooled	33	run 11	proteomic profiling by mass spectrometry	NT=Q Exactive Plus;AC=MS:1002634	TMT129N	NT=TMT6plex;AC=UNIMOD:737;TA=K;MT=Fixed	NT=TMT6plex;AC=UNIMOD:737;PP=Any N-term;MT=Fixed	NT=Carbamidomethyl;AC=UNIMOD:4;TA=C;MT=Fixed	NT=Oxidation;AC=UNIMOD:35;TA=M;MT=Variable	NT=Trypsin;AC=MS:1001251	NT=data-dependent acquisition;AC=PRIDE:0000627	NT=beam-type collision-induced dissociation;AC=MS:1000422	10 ppm	0.02 Da	not available	not available	not applicable	TMT127N	1	1	230120_11.raw	v1.1.0	NT=ms-proteomics;VV=v1.1.0	NT=cell-lines;VV=v1.1.0	NT=single-cell;VV=v1.0.0	manual curation	LNCaP
230120_11_TMT129C	NT=Homo sapiens;AC=NCBITaxon:9606	NT=prostate gland;AC=UBERON:0002367	NT=epithelial cell;AC=CL:0000066	NT=prostate carcinoma;AC=MONDO:0005159	LNCaP C4	CVCL_4783	LNCaP C4	NT=single cell;AC=PRIDE:0000897	manual picking	230120_11_TMT129C	1	not pooled	33	run 11	proteomic profiling by mass spectrometry	NT=Q Exactive Plus;AC=MS:1002634	TMT129C	NT=TMT6plex;AC=UNIMOD:737;TA=K;MT=Fixed	NT=TMT6plex;AC=UNIMOD:737;PP=Any N-term;MT=Fixed	NT=Carbamidomethyl;AC=UNIMOD:4;TA=C;MT=Fixed	NT=Oxidation;AC=UNIMOD:35;TA=M;MT=Variable	NT=Trypsin;AC=MS:1001251	NT=data-dependent acquisition;AC=PRIDE:0000627	NT=beam-type collision-induced dissociation;AC=MS:1000422	10 ppm	0.02 Da	not available	not available	not applicable	TMT127N	1	1	230120_11.raw	v1.1.0	NT=ms-proteomics;VV=v1.1.0	NT=cell-lines;VV=v1.1.0	NT=single-cell;VV=v1.0.0	manual curation	LNCaP C4
230120_11_TMT130N	NT=Homo sapiens;AC=NCBITaxon:9606	not available	not available	not available	U118	not available	not available	NT=single cell;AC=PRIDE:0000897	manual picking	230120_11_TMT130N	1	not pooled	31	run 11	proteomic profiling by mass spectrometry	NT=Q Exactive Plus;AC=MS:1002634	TMT130N	NT=TMT6plex;AC=UNIMOD:737;TA=K;MT=Fixed	NT=TMT6plex;AC=UNIMOD:737;PP=Any N-term;MT=Fixed	NT=Carbamidomethyl;AC=UNIMOD:4;TA=C;MT=Fixed	NT=Oxidation;AC=UNIMOD:35;TA=M;MT=Variable	NT=Trypsin;AC=MS:1001251	NT=data-dependent acquisition;AC=PRIDE:0000627	NT=beam-type collision-induced dissociation;AC=MS:1000422	10 ppm	0.02 Da	not available	not available	not applicable	TMT127N	1	1	230120_11.raw	v1.1.0	NT=ms-proteomics;VV=v1.1.0	NT=cell-lines;VV=v1.1.0	NT=single-cell;VV=v1.0.0	manual curation	U118
230120_11_TMT130C	NT=Homo sapiens;AC=NCBITaxon:9606	not available	not available	not available	U118	not available	not available	NT=single cell;AC=PRIDE:0000897	manual picking	230120_11_TMT130C	1	not pooled	32	run 11	proteomic profiling by mass spectrometry	NT=Q Exactive Plus;AC=MS:1002634	TMT130C	NT=TMT6plex;AC=UNIMOD:737;TA=K;MT=Fixed	NT=TMT6plex;AC=UNIMOD:737;PP=Any N-term;MT=Fixed	NT=Carbamidomethyl;AC=UNIMOD:4;TA=C;MT=Fixed	NT=Oxidation;AC=UNIMOD:35;TA=M;MT=Variable	NT=Trypsin;AC=MS:1001251	NT=data-dependent acquisition;AC=PRIDE:0000627	NT=beam-type collision-induced dissociation;AC=MS:1000422	10 ppm	0.02 Da	not available	not available	not applicable	TMT127N	1	1	230120_11.raw	v1.1.0	NT=ms-proteomics;VV=v1.1.0	NT=cell-lines;VV=v1.1.0	NT=single-cell;VV=v1.0.0	manual curation	U118
230120_11_TMT131	NT=Homo sapiens;AC=NCBITaxon:9606	not available	not available	not available	U118	not available	not available	NT=single cell;AC=PRIDE:0000897	manual picking	230120_11_TMT131	1	not pooled	33	run 11	proteomic profiling by mass spectrometry	NT=Q Exactive Plus;AC=MS:1002634	TMT131	NT=TMT6plex;AC=UNIMOD:737;TA=K;MT=Fixed	NT=TMT6plex;AC=UNIMOD:737;PP=Any N-term;MT=Fixed	NT=Carbamidomethyl;AC=UNIMOD:4;TA=C;MT=Fixed	NT=Oxidation;AC=UNIMOD:35;TA=M;MT=Variable	NT=Trypsin;AC=MS:1001251	NT=data-dependent acquisition;AC=PRIDE:0000627	NT=beam-type collision-induced dissociation;AC=MS:1000422	10 ppm	0.02 Da	not available	not available	not applicable	TMT127N	1	1	230120_11.raw	v1.1.0	NT=ms-proteomics;VV=v1.1.0	NT=cell-lines;VV=v1.1.0	NT=single-cell;VV=v1.0.0	manual curation	U118
230120_12_TMT126	NT=Homo sapiens;AC=NCBITaxon:9606	NT=prostate gland;AC=UBERON:0002367	NT=epithelial cell;AC=CL:0000066	NT=prostate carcinoma;AC=MONDO:0005159	LNCaP	CVCL_0395	LNCaP	NT=single cell;AC=PRIDE:0000897	manual picking	230120_12_TMT126	1	not pooled	34	run 12	proteomic profiling by mass spectrometry	NT=Q Exactive Plus;AC=MS:1002634	TMT126	NT=TMT6plex;AC=UNIMOD:737;TA=K;MT=Fixed	NT=TMT6plex;AC=UNIMOD:737;PP=Any N-term;MT=Fixed	NT=Carbamidomethyl;AC=UNIMOD:4;TA=C;MT=Fixed	NT=Oxidation;AC=UNIMOD:35;TA=M;MT=Variable	NT=Trypsin;AC=MS:1001251	NT=data-dependent acquisition;AC=PRIDE:0000627	NT=beam-type collision-induced dissociation;AC=MS:1000422	10 ppm	0.02 Da	not available	not available	not applicable	TMT127N	1	1	230120_12.raw	v1.1.0	NT=ms-proteomics;VV=v1.1.0	NT=cell-lines;VV=v1.1.0	NT=single-cell;VV=v1.0.0	manual curation	LNCaP
230120_12_TMT127N	NT=Homo sapiens;AC=NCBITaxon:9606	NT=prostate gland;AC=UBERON:0002367	NT=epithelial cell;AC=CL:0000066	NT=prostate carcinoma;AC=MONDO:0005159	LNCaP	CVCL_0395	LNCaP	NT=reference;AC=PRIDE:0000899	not applicable	not applicable	3000	pooled	pooled	run 12	proteomic profiling by mass spectrometry	NT=Q Exactive Plus;AC=MS:1002634	TMT127N	NT=TMT6plex;AC=UNIMOD:737;TA=K;MT=Fixed	NT=TMT6plex;AC=UNIMOD:737;PP=Any N-term;MT=Fixed	NT=Carbamidomethyl;AC=UNIMOD:4;TA=C;MT=Fixed	NT=Oxidation;AC=UNIMOD:35;TA=M;MT=Variable	NT=Trypsin;AC=MS:1001251	NT=data-dependent acquisition;AC=PRIDE:0000627	NT=beam-type collision-induced dissociation;AC=MS:1000422	10 ppm	0.02 Da	not available	not available	not applicable	TMT127N	1	1	230120_12.raw	v1.1.0	NT=ms-proteomics;VV=v1.1.0	NT=cell-lines;VV=v1.1.0	NT=single-cell;VV=v1.0.0	manual curation	LNCaP
230120_12_TMT127C	NT=Homo sapiens;AC=NCBITaxon:9606	NT=prostate gland;AC=UBERON:0002367	NT=epithelial cell;AC=CL:0000066	NT=prostate carcinoma;AC=MONDO:0005159	LNCaP C4	CVCL_4783	LNCaP C4	NT=single cell;AC=PRIDE:0000897	manual picking	230120_12_TMT127C	1	not pooled	34	run 12	proteomic profiling by mass spectrometry	NT=Q Exactive Plus;AC=MS:1002634	TMT127C	NT=TMT6plex;AC=UNIMOD:737;TA=K;MT=Fixed	NT=TMT6plex;AC=UNIMOD:737;PP=Any N-term;MT=Fixed	NT=Carbamidomethyl;AC=UNIMOD:4;TA=C;MT=Fixed	NT=Oxidation;AC=UNIMOD:35;TA=M;MT=Variable	NT=Trypsin;AC=MS:1001251	NT=data-dependent acquisition;AC=PRIDE:0000627	NT=beam-type collision-induced dissociation;AC=MS:1000422	10 ppm	0.02 Da	not available	not available	not applicable	TMT127N	1	1	230120_12.raw	v1.1.0	NT=ms-proteomics;VV=v1.1.0	NT=cell-lines;VV=v1.1.0	NT=single-cell;VV=v1.0.0	manual curation	LNCaP C4
230120_12_TMT128N	NT=Homo sapiens;AC=NCBITaxon:9606	NT=prostate gland;AC=UBERON:0002367	NT=epithelial cell;AC=CL:0000066	NT=prostate carcinoma;AC=MONDO:0005159	LNCaP	CVCL_0395	LNCaP	NT=single cell;AC=PRIDE:0000897	manual picking	230120_12_TMT128N	1	not pooled	35	run 12	proteomic profiling by mass spectrometry	NT=Q Exactive Plus;AC=MS:1002634	TMT128N	NT=TMT6plex;AC=UNIMOD:737;TA=K;MT=Fixed	NT=TMT6plex;AC=UNIMOD:737;PP=Any N-term;MT=Fixed	NT=Carbamidomethyl;AC=UNIMOD:4;TA=C;MT=Fixed	NT=Oxidation;AC=UNIMOD:35;TA=M;MT=Variable	NT=Trypsin;AC=MS:1001251	NT=data-dependent acquisition;AC=PRIDE:0000627	NT=beam-type collision-induced dissociation;AC=MS:1000422	10 ppm	0.02 Da	not available	not available	not applicable	TMT127N	1	1	230120_12.raw	v1.1.0	NT=ms-proteomics;VV=v1.1.0	NT=cell-lines;VV=v1.1.0	NT=single-cell;VV=v1.0.0	manual curation	LNCaP
230120_12_TMT128C	NT=Homo sapiens;AC=NCBITaxon:9606	NT=prostate gland;AC=UBERON:0002367	NT=epithelial cell;AC=CL:0000066	NT=prostate carcinoma;AC=MONDO:0005159	LNCaP C4	CVCL_4783	LNCaP C4	NT=single cell;AC=PRIDE:0000897	manual picking	230120_12_TMT128C	1	not pooled	35	run 12	proteomic profiling by mass spectrometry	NT=Q Exactive Plus;AC=MS:1002634	TMT128C	NT=TMT6plex;AC=UNIMOD:737;TA=K;MT=Fixed	NT=TMT6plex;AC=UNIMOD:737;PP=Any N-term;MT=Fixed	NT=Carbamidomethyl;AC=UNIMOD:4;TA=C;MT=Fixed	NT=Oxidation;AC=UNIMOD:35;TA=M;MT=Variable	NT=Trypsin;AC=MS:1001251	NT=data-dependent acquisition;AC=PRIDE:0000627	NT=beam-type collision-induced dissociation;AC=MS:1000422	10 ppm	0.02 Da	not available	not available	not applicable	TMT127N	1	1	230120_12.raw	v1.1.0	NT=ms-proteomics;VV=v1.1.0	NT=cell-lines;VV=v1.1.0	NT=single-cell;VV=v1.0.0	manual curation	LNCaP C4
230120_12_TMT129N	NT=Homo sapiens;AC=NCBITaxon:9606	NT=prostate gland;AC=UBERON:0002367	NT=epithelial cell;AC=CL:0000066	NT=prostate carcinoma;AC=MONDO:0005159	LNCaP	CVCL_0395	LNCaP	NT=single cell;AC=PRIDE:0000897	manual picking	230120_12_TMT129N	1	not pooled	36	run 12	proteomic profiling by mass spectrometry	NT=Q Exactive Plus;AC=MS:1002634	TMT129N	NT=TMT6plex;AC=UNIMOD:737;TA=K;MT=Fixed	NT=TMT6plex;AC=UNIMOD:737;PP=Any N-term;MT=Fixed	NT=Carbamidomethyl;AC=UNIMOD:4;TA=C;MT=Fixed	NT=Oxidation;AC=UNIMOD:35;TA=M;MT=Variable	NT=Trypsin;AC=MS:1001251	NT=data-dependent acquisition;AC=PRIDE:0000627	NT=beam-type collision-induced dissociation;AC=MS:1000422	10 ppm	0.02 Da	not available	not available	not applicable	TMT127N	1	1	230120_12.raw	v1.1.0	NT=ms-proteomics;VV=v1.1.0	NT=cell-lines;VV=v1.1.0	NT=single-cell;VV=v1.0.0	manual curation	LNCaP
230120_12_TMT129C	NT=Homo sapiens;AC=NCBITaxon:9606	NT=prostate gland;AC=UBERON:0002367	NT=epithelial cell;AC=CL:0000066	NT=prostate carcinoma;AC=MONDO:0005159	LNCaP C4	CVCL_4783	LNCaP C4	NT=single cell;AC=PRIDE:0000897	manual picking	230120_12_TMT129C	1	not pooled	36	run 12	proteomic profiling by mass spectrometry	NT=Q Exactive Plus;AC=MS:1002634	TMT129C	NT=TMT6plex;AC=UNIMOD:737;TA=K;MT=Fixed	NT=TMT6plex;AC=UNIMOD:737;PP=Any N-term;MT=Fixed	NT=Carbamidomethyl;AC=UNIMOD:4;TA=C;MT=Fixed	NT=Oxidation;AC=UNIMOD:35;TA=M;MT=Variable	NT=Trypsin;AC=MS:1001251	NT=data-dependent acquisition;AC=PRIDE:0000627	NT=beam-type collision-induced dissociation;AC=MS:1000422	10 ppm	0.02 Da	not available	not available	not applicable	TMT127N	1	1	230120_12.raw	v1.1.0	NT=ms-proteomics;VV=v1.1.0	NT=cell-lines;VV=v1.1.0	NT=single-cell;VV=v1.0.0	manual curation	LNCaP C4
230120_12_TMT130N	NT=Homo sapiens;AC=NCBITaxon:9606	not available	not available	not available	U118	not available	not available	NT=single cell;AC=PRIDE:0000897	manual picking	230120_12_TMT130N	1	not pooled	34	run 12	proteomic profiling by mass spectrometry	NT=Q Exactive Plus;AC=MS:1002634	TMT130N	NT=TMT6plex;AC=UNIMOD:737;TA=K;MT=Fixed	NT=TMT6plex;AC=UNIMOD:737;PP=Any N-term;MT=Fixed	NT=Carbamidomethyl;AC=UNIMOD:4;TA=C;MT=Fixed	NT=Oxidation;AC=UNIMOD:35;TA=M;MT=Variable	NT=Trypsin;AC=MS:1001251	NT=data-dependent acquisition;AC=PRIDE:0000627	NT=beam-type collision-induced dissociation;AC=MS:1000422	10 ppm	0.02 Da	not available	not available	not applicable	TMT127N	1	1	230120_12.raw	v1.1.0	NT=ms-proteomics;VV=v1.1.0	NT=cell-lines;VV=v1.1.0	NT=single-cell;VV=v1.0.0	manual curation	U118
230120_12_TMT130C	NT=Homo sapiens;AC=NCBITaxon:9606	not available	not available	not available	U118	not available	not available	NT=single cell;AC=PRIDE:0000897	manual picking	230120_12_TMT130C	1	not pooled	35	run 12	proteomic profiling by mass spectrometry	NT=Q Exactive Plus;AC=MS:1002634	TMT130C	NT=TMT6plex;AC=UNIMOD:737;TA=K;MT=Fixed	NT=TMT6plex;AC=UNIMOD:737;PP=Any N-term;MT=Fixed	NT=Carbamidomethyl;AC=UNIMOD:4;TA=C;MT=Fixed	NT=Oxidation;AC=UNIMOD:35;TA=M;MT=Variable	NT=Trypsin;AC=MS:1001251	NT=data-dependent acquisition;AC=PRIDE:0000627	NT=beam-type collision-induced dissociation;AC=MS:1000422	10 ppm	0.02 Da	not available	not available	not applicable	TMT127N	1	1	230120_12.raw	v1.1.0	NT=ms-proteomics;VV=v1.1.0	NT=cell-lines;VV=v1.1.0	NT=single-cell;VV=v1.0.0	manual curation	U118
230120_12_TMT131	NT=Homo sapiens;AC=NCBITaxon:9606	not available	not available	not available	U118	not available	not available	NT=single cell;AC=PRIDE:0000897	manual picking	230120_12_TMT131	1	not pooled	36	run 12	proteomic profiling by mass spectrometry	NT=Q Exactive Plus;AC=MS:1002634	TMT131	NT=TMT6plex;AC=UNIMOD:737;TA=K;MT=Fixed	NT=TMT6plex;AC=UNIMOD:737;PP=Any N-term;MT=Fixed	NT=Carbamidomethyl;AC=UNIMOD:4;TA=C;MT=Fixed	NT=Oxidation;AC=UNIMOD:35;TA=M;MT=Variable	NT=Trypsin;AC=MS:1001251	NT=data-dependent acquisition;AC=PRIDE:0000627	NT=beam-type collision-induced dissociation;AC=MS:1000422	10 ppm	0.02 Da	not available	not available	not applicable	TMT127N	1	1	230120_12.raw	v1.1.0	NT=ms-proteomics;VV=v1.1.0	NT=cell-lines;VV=v1.1.0	NT=single-cell;VV=v1.0.0	manual curation	U118
230120_13_TMT126	NT=Homo sapiens;AC=NCBITaxon:9606	NT=prostate gland;AC=UBERON:0002367	NT=epithelial cell;AC=CL:0000066	NT=prostate carcinoma;AC=MONDO:0005159	LNCaP	CVCL_0395	LNCaP	NT=single cell;AC=PRIDE:0000897	manual picking	230120_13_TMT126	1	not pooled	37	run 13	proteomic profiling by mass spectrometry	NT=Q Exactive Plus;AC=MS:1002634	TMT126	NT=TMT6plex;AC=UNIMOD:737;TA=K;MT=Fixed	NT=TMT6plex;AC=UNIMOD:737;PP=Any N-term;MT=Fixed	NT=Carbamidomethyl;AC=UNIMOD:4;TA=C;MT=Fixed	NT=Oxidation;AC=UNIMOD:35;TA=M;MT=Variable	NT=Trypsin;AC=MS:1001251	NT=data-dependent acquisition;AC=PRIDE:0000627	NT=beam-type collision-induced dissociation;AC=MS:1000422	10 ppm	0.02 Da	not available	not available	not applicable	TMT127N	1	1	230120_13.raw	v1.1.0	NT=ms-proteomics;VV=v1.1.0	NT=cell-lines;VV=v1.1.0	NT=single-cell;VV=v1.0.0	manual curation	LNCaP
230120_13_TMT127N	NT=Homo sapiens;AC=NCBITaxon:9606	NT=prostate gland;AC=UBERON:0002367	NT=epithelial cell;AC=CL:0000066	NT=prostate carcinoma;AC=MONDO:0005159	LNCaP	CVCL_0395	LNCaP	NT=reference;AC=PRIDE:0000899	not applicable	not applicable	3000	pooled	pooled	run 13	proteomic profiling by mass spectrometry	NT=Q Exactive Plus;AC=MS:1002634	TMT127N	NT=TMT6plex;AC=UNIMOD:737;TA=K;MT=Fixed	NT=TMT6plex;AC=UNIMOD:737;PP=Any N-term;MT=Fixed	NT=Carbamidomethyl;AC=UNIMOD:4;TA=C;MT=Fixed	NT=Oxidation;AC=UNIMOD:35;TA=M;MT=Variable	NT=Trypsin;AC=MS:1001251	NT=data-dependent acquisition;AC=PRIDE:0000627	NT=beam-type collision-induced dissociation;AC=MS:1000422	10 ppm	0.02 Da	not available	not available	not applicable	TMT127N	1	1	230120_13.raw	v1.1.0	NT=ms-proteomics;VV=v1.1.0	NT=cell-lines;VV=v1.1.0	NT=single-cell;VV=v1.0.0	manual curation	LNCaP
230120_13_TMT127C	NT=Homo sapiens;AC=NCBITaxon:9606	NT=prostate gland;AC=UBERON:0002367	NT=epithelial cell;AC=CL:0000066	NT=prostate carcinoma;AC=MONDO:0005159	LNCaP C4	CVCL_4783	LNCaP C4	NT=single cell;AC=PRIDE:0000897	manual picking	230120_13_TMT127C	1	not pooled	37	run 13	proteomic profiling by mass spectrometry	NT=Q Exactive Plus;AC=MS:1002634	TMT127C	NT=TMT6plex;AC=UNIMOD:737;TA=K;MT=Fixed	NT=TMT6plex;AC=UNIMOD:737;PP=Any N-term;MT=Fixed	NT=Carbamidomethyl;AC=UNIMOD:4;TA=C;MT=Fixed	NT=Oxidation;AC=UNIMOD:35;TA=M;MT=Variable	NT=Trypsin;AC=MS:1001251	NT=data-dependent acquisition;AC=PRIDE:0000627	NT=beam-type collision-induced dissociation;AC=MS:1000422	10 ppm	0.02 Da	not available	not available	not applicable	TMT127N	1	1	230120_13.raw	v1.1.0	NT=ms-proteomics;VV=v1.1.0	NT=cell-lines;VV=v1.1.0	NT=single-cell;VV=v1.0.0	manual curation	LNCaP C4
230120_13_TMT128N	NT=Homo sapiens;AC=NCBITaxon:9606	NT=prostate gland;AC=UBERON:0002367	NT=epithelial cell;AC=CL:0000066	NT=prostate carcinoma;AC=MONDO:0005159	LNCaP	CVCL_0395	LNCaP	NT=single cell;AC=PRIDE:0000897	manual picking	230120_13_TMT128N	1	not pooled	38	run 13	proteomic profiling by mass spectrometry	NT=Q Exactive Plus;AC=MS:1002634	TMT128N	NT=TMT6plex;AC=UNIMOD:737;TA=K;MT=Fixed	NT=TMT6plex;AC=UNIMOD:737;PP=Any N-term;MT=Fixed	NT=Carbamidomethyl;AC=UNIMOD:4;TA=C;MT=Fixed	NT=Oxidation;AC=UNIMOD:35;TA=M;MT=Variable	NT=Trypsin;AC=MS:1001251	NT=data-dependent acquisition;AC=PRIDE:0000627	NT=beam-type collision-induced dissociation;AC=MS:1000422	10 ppm	0.02 Da	not available	not available	not applicable	TMT127N	1	1	230120_13.raw	v1.1.0	NT=ms-proteomics;VV=v1.1.0	NT=cell-lines;VV=v1.1.0	NT=single-cell;VV=v1.0.0	manual curation	LNCaP
230120_13_TMT128C	NT=Homo sapiens;AC=NCBITaxon:9606	NT=prostate gland;AC=UBERON:0002367	NT=epithelial cell;AC=CL:0000066	NT=prostate carcinoma;AC=MONDO:0005159	LNCaP C4	CVCL_4783	LNCaP C4	NT=single cell;AC=PRIDE:0000897	manual picking	230120_13_TMT128C	1	not pooled	38	run 13	proteomic profiling by mass spectrometry	NT=Q Exactive Plus;AC=MS:1002634	TMT128C	NT=TMT6plex;AC=UNIMOD:737;TA=K;MT=Fixed	NT=TMT6plex;AC=UNIMOD:737;PP=Any N-term;MT=Fixed	NT=Carbamidomethyl;AC=UNIMOD:4;TA=C;MT=Fixed	NT=Oxidation;AC=UNIMOD:35;TA=M;MT=Variable	NT=Trypsin;AC=MS:1001251	NT=data-dependent acquisition;AC=PRIDE:0000627	NT=beam-type collision-induced dissociation;AC=MS:1000422	10 ppm	0.02 Da	not available	not available	not applicable	TMT127N	1	1	230120_13.raw	v1.1.0	NT=ms-proteomics;VV=v1.1.0	NT=cell-lines;VV=v1.1.0	NT=single-cell;VV=v1.0.0	manual curation	LNCaP C4
230120_13_TMT129N	NT=Homo sapiens;AC=NCBITaxon:9606	NT=prostate gland;AC=UBERON:0002367	NT=epithelial cell;AC=CL:0000066	NT=prostate carcinoma;AC=MONDO:0005159	LNCaP	CVCL_0395	LNCaP	NT=single cell;AC=PRIDE:0000897	manual picking	230120_13_TMT129N	1	not pooled	39	run 13	proteomic profiling by mass spectrometry	NT=Q Exactive Plus;AC=MS:1002634	TMT129N	NT=TMT6plex;AC=UNIMOD:737;TA=K;MT=Fixed	NT=TMT6plex;AC=UNIMOD:737;PP=Any N-term;MT=Fixed	NT=Carbamidomethyl;AC=UNIMOD:4;TA=C;MT=Fixed	NT=Oxidation;AC=UNIMOD:35;TA=M;MT=Variable	NT=Trypsin;AC=MS:1001251	NT=data-dependent acquisition;AC=PRIDE:0000627	NT=beam-type collision-induced dissociation;AC=MS:1000422	10 ppm	0.02 Da	not available	not available	not applicable	TMT127N	1	1	230120_13.raw	v1.1.0	NT=ms-proteomics;VV=v1.1.0	NT=cell-lines;VV=v1.1.0	NT=single-cell;VV=v1.0.0	manual curation	LNCaP
230120_13_TMT129C	NT=Homo sapiens;AC=NCBITaxon:9606	NT=prostate gland;AC=UBERON:0002367	NT=epithelial cell;AC=CL:0000066	NT=prostate carcinoma;AC=MONDO:0005159	LNCaP C4	CVCL_4783	LNCaP C4	NT=single cell;AC=PRIDE:0000897	manual picking	230120_13_TMT129C	1	not pooled	39	run 13	proteomic profiling by mass spectrometry	NT=Q Exactive Plus;AC=MS:1002634	TMT129C	NT=TMT6plex;AC=UNIMOD:737;TA=K;MT=Fixed	NT=TMT6plex;AC=UNIMOD:737;PP=Any N-term;MT=Fixed	NT=Carbamidomethyl;AC=UNIMOD:4;TA=C;MT=Fixed	NT=Oxidation;AC=UNIMOD:35;TA=M;MT=Variable	NT=Trypsin;AC=MS:1001251	NT=data-dependent acquisition;AC=PRIDE:0000627	NT=beam-type collision-induced dissociation;AC=MS:1000422	10 ppm	0.02 Da	not available	not available	not applicable	TMT127N	1	1	230120_13.raw	v1.1.0	NT=ms-proteomics;VV=v1.1.0	NT=cell-lines;VV=v1.1.0	NT=single-cell;VV=v1.0.0	manual curation	LNCaP C4
230120_13_TMT130N	NT=Homo sapiens;AC=NCBITaxon:9606	not available	not available	not available	U118	not available	not available	NT=single cell;AC=PRIDE:0000897	manual picking	230120_13_TMT130N	1	not pooled	37	run 13	proteomic profiling by mass spectrometry	NT=Q Exactive Plus;AC=MS:1002634	TMT130N	NT=TMT6plex;AC=UNIMOD:737;TA=K;MT=Fixed	NT=TMT6plex;AC=UNIMOD:737;PP=Any N-term;MT=Fixed	NT=Carbamidomethyl;AC=UNIMOD:4;TA=C;MT=Fixed	NT=Oxidation;AC=UNIMOD:35;TA=M;MT=Variable	NT=Trypsin;AC=MS:1001251	NT=data-dependent acquisition;AC=PRIDE:0000627	NT=beam-type collision-induced dissociation;AC=MS:1000422	10 ppm	0.02 Da	not available	not available	not applicable	TMT127N	1	1	230120_13.raw	v1.1.0	NT=ms-proteomics;VV=v1.1.0	NT=cell-lines;VV=v1.1.0	NT=single-cell;VV=v1.0.0	manual curation	U118
230120_13_TMT130C	NT=Homo sapiens;AC=NCBITaxon:9606	not available	not available	not available	U118	not available	not available	NT=single cell;AC=PRIDE:0000897	manual picking	230120_13_TMT130C	1	not pooled	38	run 13	proteomic profiling by mass spectrometry	NT=Q Exactive Plus;AC=MS:1002634	TMT130C	NT=TMT6plex;AC=UNIMOD:737;TA=K;MT=Fixed	NT=TMT6plex;AC=UNIMOD:737;PP=Any N-term;MT=Fixed	NT=Carbamidomethyl;AC=UNIMOD:4;TA=C;MT=Fixed	NT=Oxidation;AC=UNIMOD:35;TA=M;MT=Variable	NT=Trypsin;AC=MS:1001251	NT=data-dependent acquisition;AC=PRIDE:0000627	NT=beam-type collision-induced dissociation;AC=MS:1000422	10 ppm	0.02 Da	not available	not available	not applicable	TMT127N	1	1	230120_13.raw	v1.1.0	NT=ms-proteomics;VV=v1.1.0	NT=cell-lines;VV=v1.1.0	NT=single-cell;VV=v1.0.0	manual curation	U118
230120_13_TMT131	NT=Homo sapiens;AC=NCBITaxon:9606	not available	not available	not available	U118	not available	not available	NT=single cell;AC=PRIDE:0000897	manual picking	230120_13_TMT131	1	not pooled	39	run 13	proteomic profiling by mass spectrometry	NT=Q Exactive Plus;AC=MS:1002634	TMT131	NT=TMT6plex;AC=UNIMOD:737;TA=K;MT=Fixed	NT=TMT6plex;AC=UNIMOD:737;PP=Any N-term;MT=Fixed	NT=Carbamidomethyl;AC=UNIMOD:4;TA=C;MT=Fixed	NT=Oxidation;AC=UNIMOD:35;TA=M;MT=Variable	NT=Trypsin;AC=MS:1001251	NT=data-dependent acquisition;AC=PRIDE:0000627	NT=beam-type collision-induced dissociation;AC=MS:1000422	10 ppm	0.02 Da	not available	not available	not applicable	TMT127N	1	1	230120_13.raw	v1.1.0	NT=ms-proteomics;VV=v1.1.0	NT=cell-lines;VV=v1.1.0	NT=single-cell;VV=v1.0.0	manual curation	U118
230120_14_TMT126	NT=Homo sapiens;AC=NCBITaxon:9606	NT=prostate gland;AC=UBERON:0002367	NT=epithelial cell;AC=CL:0000066	NT=prostate carcinoma;AC=MONDO:0005159	LNCaP	CVCL_0395	LNCaP	NT=single cell;AC=PRIDE:0000897	manual picking	230120_14_TMT126	1	not pooled	40	run 14	proteomic profiling by mass spectrometry	NT=Q Exactive Plus;AC=MS:1002634	TMT126	NT=TMT6plex;AC=UNIMOD:737;TA=K;MT=Fixed	NT=TMT6plex;AC=UNIMOD:737;PP=Any N-term;MT=Fixed	NT=Carbamidomethyl;AC=UNIMOD:4;TA=C;MT=Fixed	NT=Oxidation;AC=UNIMOD:35;TA=M;MT=Variable	NT=Trypsin;AC=MS:1001251	NT=data-dependent acquisition;AC=PRIDE:0000627	NT=beam-type collision-induced dissociation;AC=MS:1000422	10 ppm	0.02 Da	not available	not available	not applicable	TMT127N	1	1	230120_14.raw	v1.1.0	NT=ms-proteomics;VV=v1.1.0	NT=cell-lines;VV=v1.1.0	NT=single-cell;VV=v1.0.0	manual curation	LNCaP
230120_14_TMT127N	NT=Homo sapiens;AC=NCBITaxon:9606	NT=prostate gland;AC=UBERON:0002367	NT=epithelial cell;AC=CL:0000066	NT=prostate carcinoma;AC=MONDO:0005159	LNCaP	CVCL_0395	LNCaP	NT=reference;AC=PRIDE:0000899	not applicable	not applicable	3000	pooled	pooled	run 14	proteomic profiling by mass spectrometry	NT=Q Exactive Plus;AC=MS:1002634	TMT127N	NT=TMT6plex;AC=UNIMOD:737;TA=K;MT=Fixed	NT=TMT6plex;AC=UNIMOD:737;PP=Any N-term;MT=Fixed	NT=Carbamidomethyl;AC=UNIMOD:4;TA=C;MT=Fixed	NT=Oxidation;AC=UNIMOD:35;TA=M;MT=Variable	NT=Trypsin;AC=MS:1001251	NT=data-dependent acquisition;AC=PRIDE:0000627	NT=beam-type collision-induced dissociation;AC=MS:1000422	10 ppm	0.02 Da	not available	not available	not applicable	TMT127N	1	1	230120_14.raw	v1.1.0	NT=ms-proteomics;VV=v1.1.0	NT=cell-lines;VV=v1.1.0	NT=single-cell;VV=v1.0.0	manual curation	LNCaP
230120_14_TMT127C	NT=Homo sapiens;AC=NCBITaxon:9606	NT=prostate gland;AC=UBERON:0002367	NT=epithelial cell;AC=CL:0000066	NT=prostate carcinoma;AC=MONDO:0005159	LNCaP C4	CVCL_4783	LNCaP C4	NT=single cell;AC=PRIDE:0000897	manual picking	230120_14_TMT127C	1	not pooled	40	run 14	proteomic profiling by mass spectrometry	NT=Q Exactive Plus;AC=MS:1002634	TMT127C	NT=TMT6plex;AC=UNIMOD:737;TA=K;MT=Fixed	NT=TMT6plex;AC=UNIMOD:737;PP=Any N-term;MT=Fixed	NT=Carbamidomethyl;AC=UNIMOD:4;TA=C;MT=Fixed	NT=Oxidation;AC=UNIMOD:35;TA=M;MT=Variable	NT=Trypsin;AC=MS:1001251	NT=data-dependent acquisition;AC=PRIDE:0000627	NT=beam-type collision-induced dissociation;AC=MS:1000422	10 ppm	0.02 Da	not available	not available	not applicable	TMT127N	1	1	230120_14.raw	v1.1.0	NT=ms-proteomics;VV=v1.1.0	NT=cell-lines;VV=v1.1.0	NT=single-cell;VV=v1.0.0	manual curation	LNCaP C4
230120_14_TMT128N	NT=Homo sapiens;AC=NCBITaxon:9606	NT=prostate gland;AC=UBERON:0002367	NT=epithelial cell;AC=CL:0000066	NT=prostate carcinoma;AC=MONDO:0005159	LNCaP	CVCL_0395	LNCaP	NT=single cell;AC=PRIDE:0000897	manual picking	230120_14_TMT128N	1	not pooled	41	run 14	proteomic profiling by mass spectrometry	NT=Q Exactive Plus;AC=MS:1002634	TMT128N	NT=TMT6plex;AC=UNIMOD:737;TA=K;MT=Fixed	NT=TMT6plex;AC=UNIMOD:737;PP=Any N-term;MT=Fixed	NT=Carbamidomethyl;AC=UNIMOD:4;TA=C;MT=Fixed	NT=Oxidation;AC=UNIMOD:35;TA=M;MT=Variable	NT=Trypsin;AC=MS:1001251	NT=data-dependent acquisition;AC=PRIDE:0000627	NT=beam-type collision-induced dissociation;AC=MS:1000422	10 ppm	0.02 Da	not available	not available	not applicable	TMT127N	1	1	230120_14.raw	v1.1.0	NT=ms-proteomics;VV=v1.1.0	NT=cell-lines;VV=v1.1.0	NT=single-cell;VV=v1.0.0	manual curation	LNCaP
230120_14_TMT128C	NT=Homo sapiens;AC=NCBITaxon:9606	NT=prostate gland;AC=UBERON:0002367	NT=epithelial cell;AC=CL:0000066	NT=prostate carcinoma;AC=MONDO:0005159	LNCaP C4	CVCL_4783	LNCaP C4	NT=single cell;AC=PRIDE:0000897	manual picking	230120_14_TMT128C	1	not pooled	41	run 14	proteomic profiling by mass spectrometry	NT=Q Exactive Plus;AC=MS:1002634	TMT128C	NT=TMT6plex;AC=UNIMOD:737;TA=K;MT=Fixed	NT=TMT6plex;AC=UNIMOD:737;PP=Any N-term;MT=Fixed	NT=Carbamidomethyl;AC=UNIMOD:4;TA=C;MT=Fixed	NT=Oxidation;AC=UNIMOD:35;TA=M;MT=Variable	NT=Trypsin;AC=MS:1001251	NT=data-dependent acquisition;AC=PRIDE:0000627	NT=beam-type collision-induced dissociation;AC=MS:1000422	10 ppm	0.02 Da	not available	not available	not applicable	TMT127N	1	1	230120_14.raw	v1.1.0	NT=ms-proteomics;VV=v1.1.0	NT=cell-lines;VV=v1.1.0	NT=single-cell;VV=v1.0.0	manual curation	LNCaP C4
230120_14_TMT129N	NT=Homo sapiens;AC=NCBITaxon:9606	NT=prostate gland;AC=UBERON:0002367	NT=epithelial cell;AC=CL:0000066	NT=prostate carcinoma;AC=MONDO:0005159	LNCaP	CVCL_0395	LNCaP	NT=single cell;AC=PRIDE:0000897	manual picking	230120_14_TMT129N	1	not pooled	42	run 14	proteomic profiling by mass spectrometry	NT=Q Exactive Plus;AC=MS:1002634	TMT129N	NT=TMT6plex;AC=UNIMOD:737;TA=K;MT=Fixed	NT=TMT6plex;AC=UNIMOD:737;PP=Any N-term;MT=Fixed	NT=Carbamidomethyl;AC=UNIMOD:4;TA=C;MT=Fixed	NT=Oxidation;AC=UNIMOD:35;TA=M;MT=Variable	NT=Trypsin;AC=MS:1001251	NT=data-dependent acquisition;AC=PRIDE:0000627	NT=beam-type collision-induced dissociation;AC=MS:1000422	10 ppm	0.02 Da	not available	not available	not applicable	TMT127N	1	1	230120_14.raw	v1.1.0	NT=ms-proteomics;VV=v1.1.0	NT=cell-lines;VV=v1.1.0	NT=single-cell;VV=v1.0.0	manual curation	LNCaP
230120_14_TMT129C	NT=Homo sapiens;AC=NCBITaxon:9606	NT=prostate gland;AC=UBERON:0002367	NT=epithelial cell;AC=CL:0000066	NT=prostate carcinoma;AC=MONDO:0005159	LNCaP C4	CVCL_4783	LNCaP C4	NT=single cell;AC=PRIDE:0000897	manual picking	230120_14_TMT129C	1	not pooled	42	run 14	proteomic profiling by mass spectrometry	NT=Q Exactive Plus;AC=MS:1002634	TMT129C	NT=TMT6plex;AC=UNIMOD:737;TA=K;MT=Fixed	NT=TMT6plex;AC=UNIMOD:737;PP=Any N-term;MT=Fixed	NT=Carbamidomethyl;AC=UNIMOD:4;TA=C;MT=Fixed	NT=Oxidation;AC=UNIMOD:35;TA=M;MT=Variable	NT=Trypsin;AC=MS:1001251	NT=data-dependent acquisition;AC=PRIDE:0000627	NT=beam-type collision-induced dissociation;AC=MS:1000422	10 ppm	0.02 Da	not available	not available	not applicable	TMT127N	1	1	230120_14.raw	v1.1.0	NT=ms-proteomics;VV=v1.1.0	NT=cell-lines;VV=v1.1.0	NT=single-cell;VV=v1.0.0	manual curation	LNCaP C4
230120_14_TMT130N	NT=Homo sapiens;AC=NCBITaxon:9606	not available	not available	not available	U118	not available	not available	NT=single cell;AC=PRIDE:0000897	manual picking	230120_14_TMT130N	1	not pooled	40	run 14	proteomic profiling by mass spectrometry	NT=Q Exactive Plus;AC=MS:1002634	TMT130N	NT=TMT6plex;AC=UNIMOD:737;TA=K;MT=Fixed	NT=TMT6plex;AC=UNIMOD:737;PP=Any N-term;MT=Fixed	NT=Carbamidomethyl;AC=UNIMOD:4;TA=C;MT=Fixed	NT=Oxidation;AC=UNIMOD:35;TA=M;MT=Variable	NT=Trypsin;AC=MS:1001251	NT=data-dependent acquisition;AC=PRIDE:0000627	NT=beam-type collision-induced dissociation;AC=MS:1000422	10 ppm	0.02 Da	not available	not available	not applicable	TMT127N	1	1	230120_14.raw	v1.1.0	NT=ms-proteomics;VV=v1.1.0	NT=cell-lines;VV=v1.1.0	NT=single-cell;VV=v1.0.0	manual curation	U118
230120_14_TMT130C	NT=Homo sapiens;AC=NCBITaxon:9606	not available	not available	not available	U118	not available	not available	NT=single cell;AC=PRIDE:0000897	manual picking	230120_14_TMT130C	1	not pooled	41	run 14	proteomic profiling by mass spectrometry	NT=Q Exactive Plus;AC=MS:1002634	TMT130C	NT=TMT6plex;AC=UNIMOD:737;TA=K;MT=Fixed	NT=TMT6plex;AC=UNIMOD:737;PP=Any N-term;MT=Fixed	NT=Carbamidomethyl;AC=UNIMOD:4;TA=C;MT=Fixed	NT=Oxidation;AC=UNIMOD:35;TA=M;MT=Variable	NT=Trypsin;AC=MS:1001251	NT=data-dependent acquisition;AC=PRIDE:0000627	NT=beam-type collision-induced dissociation;AC=MS:1000422	10 ppm	0.02 Da	not available	not available	not applicable	TMT127N	1	1	230120_14.raw	v1.1.0	NT=ms-proteomics;VV=v1.1.0	NT=cell-lines;VV=v1.1.0	NT=single-cell;VV=v1.0.0	manual curation	U118
230120_14_TMT131	NT=Homo sapiens;AC=NCBITaxon:9606	not available	not available	not available	U118	not available	not available	NT=single cell;AC=PRIDE:0000897	manual picking	230120_14_TMT131	1	not pooled	42	run 14	proteomic profiling by mass spectrometry	NT=Q Exactive Plus;AC=MS:1002634	TMT131	NT=TMT6plex;AC=UNIMOD:737;TA=K;MT=Fixed	NT=TMT6plex;AC=UNIMOD:737;PP=Any N-term;MT=Fixed	NT=Carbamidomethyl;AC=UNIMOD:4;TA=C;MT=Fixed	NT=Oxidation;AC=UNIMOD:35;TA=M;MT=Variable	NT=Trypsin;AC=MS:1001251	NT=data-dependent acquisition;AC=PRIDE:0000627	NT=beam-type collision-induced dissociation;AC=MS:1000422	10 ppm	0.02 Da	not available	not available	not applicable	TMT127N	1	1	230120_14.raw	v1.1.0	NT=ms-proteomics;VV=v1.1.0	NT=cell-lines;VV=v1.1.0	NT=single-cell;VV=v1.0.0	manual curation	U118
230120_15_TMT126	NT=Homo sapiens;AC=NCBITaxon:9606	NT=prostate gland;AC=UBERON:0002367	NT=epithelial cell;AC=CL:0000066	NT=prostate carcinoma;AC=MONDO:0005159	LNCaP	CVCL_0395	LNCaP	NT=single cell;AC=PRIDE:0000897	manual picking	230120_15_TMT126	1	not pooled	43	run 15	proteomic profiling by mass spectrometry	NT=Q Exactive Plus;AC=MS:1002634	TMT126	NT=TMT6plex;AC=UNIMOD:737;TA=K;MT=Fixed	NT=TMT6plex;AC=UNIMOD:737;PP=Any N-term;MT=Fixed	NT=Carbamidomethyl;AC=UNIMOD:4;TA=C;MT=Fixed	NT=Oxidation;AC=UNIMOD:35;TA=M;MT=Variable	NT=Trypsin;AC=MS:1001251	NT=data-dependent acquisition;AC=PRIDE:0000627	NT=beam-type collision-induced dissociation;AC=MS:1000422	10 ppm	0.02 Da	not available	not available	not applicable	TMT127N	1	1	230120_15.raw	v1.1.0	NT=ms-proteomics;VV=v1.1.0	NT=cell-lines;VV=v1.1.0	NT=single-cell;VV=v1.0.0	manual curation	LNCaP
230120_15_TMT127N	NT=Homo sapiens;AC=NCBITaxon:9606	NT=prostate gland;AC=UBERON:0002367	NT=epithelial cell;AC=CL:0000066	NT=prostate carcinoma;AC=MONDO:0005159	LNCaP	CVCL_0395	LNCaP	NT=reference;AC=PRIDE:0000899	not applicable	not applicable	3000	pooled	pooled	run 15	proteomic profiling by mass spectrometry	NT=Q Exactive Plus;AC=MS:1002634	TMT127N	NT=TMT6plex;AC=UNIMOD:737;TA=K;MT=Fixed	NT=TMT6plex;AC=UNIMOD:737;PP=Any N-term;MT=Fixed	NT=Carbamidomethyl;AC=UNIMOD:4;TA=C;MT=Fixed	NT=Oxidation;AC=UNIMOD:35;TA=M;MT=Variable	NT=Trypsin;AC=MS:1001251	NT=data-dependent acquisition;AC=PRIDE:0000627	NT=beam-type collision-induced dissociation;AC=MS:1000422	10 ppm	0.02 Da	not available	not available	not applicable	TMT127N	1	1	230120_15.raw	v1.1.0	NT=ms-proteomics;VV=v1.1.0	NT=cell-lines;VV=v1.1.0	NT=single-cell;VV=v1.0.0	manual curation	LNCaP
230120_15_TMT127C	NT=Homo sapiens;AC=NCBITaxon:9606	NT=prostate gland;AC=UBERON:0002367	NT=epithelial cell;AC=CL:0000066	NT=prostate carcinoma;AC=MONDO:0005159	LNCaP C4	CVCL_4783	LNCaP C4	NT=single cell;AC=PRIDE:0000897	manual picking	230120_15_TMT127C	1	not pooled	43	run 15	proteomic profiling by mass spectrometry	NT=Q Exactive Plus;AC=MS:1002634	TMT127C	NT=TMT6plex;AC=UNIMOD:737;TA=K;MT=Fixed	NT=TMT6plex;AC=UNIMOD:737;PP=Any N-term;MT=Fixed	NT=Carbamidomethyl;AC=UNIMOD:4;TA=C;MT=Fixed	NT=Oxidation;AC=UNIMOD:35;TA=M;MT=Variable	NT=Trypsin;AC=MS:1001251	NT=data-dependent acquisition;AC=PRIDE:0000627	NT=beam-type collision-induced dissociation;AC=MS:1000422	10 ppm	0.02 Da	not available	not available	not applicable	TMT127N	1	1	230120_15.raw	v1.1.0	NT=ms-proteomics;VV=v1.1.0	NT=cell-lines;VV=v1.1.0	NT=single-cell;VV=v1.0.0	manual curation	LNCaP C4
230120_15_TMT128N	NT=Homo sapiens;AC=NCBITaxon:9606	NT=prostate gland;AC=UBERON:0002367	NT=epithelial cell;AC=CL:0000066	NT=prostate carcinoma;AC=MONDO:0005159	LNCaP	CVCL_0395	LNCaP	NT=single cell;AC=PRIDE:0000897	manual picking	230120_15_TMT128N	1	not pooled	44	run 15	proteomic profiling by mass spectrometry	NT=Q Exactive Plus;AC=MS:1002634	TMT128N	NT=TMT6plex;AC=UNIMOD:737;TA=K;MT=Fixed	NT=TMT6plex;AC=UNIMOD:737;PP=Any N-term;MT=Fixed	NT=Carbamidomethyl;AC=UNIMOD:4;TA=C;MT=Fixed	NT=Oxidation;AC=UNIMOD:35;TA=M;MT=Variable	NT=Trypsin;AC=MS:1001251	NT=data-dependent acquisition;AC=PRIDE:0000627	NT=beam-type collision-induced dissociation;AC=MS:1000422	10 ppm	0.02 Da	not available	not available	not applicable	TMT127N	1	1	230120_15.raw	v1.1.0	NT=ms-proteomics;VV=v1.1.0	NT=cell-lines;VV=v1.1.0	NT=single-cell;VV=v1.0.0	manual curation	LNCaP
230120_15_TMT128C	NT=Homo sapiens;AC=NCBITaxon:9606	NT=prostate gland;AC=UBERON:0002367	NT=epithelial cell;AC=CL:0000066	NT=prostate carcinoma;AC=MONDO:0005159	LNCaP C4	CVCL_4783	LNCaP C4	NT=single cell;AC=PRIDE:0000897	manual picking	230120_15_TMT128C	1	not pooled	44	run 15	proteomic profiling by mass spectrometry	NT=Q Exactive Plus;AC=MS:1002634	TMT128C	NT=TMT6plex;AC=UNIMOD:737;TA=K;MT=Fixed	NT=TMT6plex;AC=UNIMOD:737;PP=Any N-term;MT=Fixed	NT=Carbamidomethyl;AC=UNIMOD:4;TA=C;MT=Fixed	NT=Oxidation;AC=UNIMOD:35;TA=M;MT=Variable	NT=Trypsin;AC=MS:1001251	NT=data-dependent acquisition;AC=PRIDE:0000627	NT=beam-type collision-induced dissociation;AC=MS:1000422	10 ppm	0.02 Da	not available	not available	not applicable	TMT127N	1	1	230120_15.raw	v1.1.0	NT=ms-proteomics;VV=v1.1.0	NT=cell-lines;VV=v1.1.0	NT=single-cell;VV=v1.0.0	manual curation	LNCaP C4
230120_15_TMT129N	NT=Homo sapiens;AC=NCBITaxon:9606	NT=prostate gland;AC=UBERON:0002367	NT=epithelial cell;AC=CL:0000066	NT=prostate carcinoma;AC=MONDO:0005159	LNCaP	CVCL_0395	LNCaP	NT=single cell;AC=PRIDE:0000897	manual picking	230120_15_TMT129N	1	not pooled	45	run 15	proteomic profiling by mass spectrometry	NT=Q Exactive Plus;AC=MS:1002634	TMT129N	NT=TMT6plex;AC=UNIMOD:737;TA=K;MT=Fixed	NT=TMT6plex;AC=UNIMOD:737;PP=Any N-term;MT=Fixed	NT=Carbamidomethyl;AC=UNIMOD:4;TA=C;MT=Fixed	NT=Oxidation;AC=UNIMOD:35;TA=M;MT=Variable	NT=Trypsin;AC=MS:1001251	NT=data-dependent acquisition;AC=PRIDE:0000627	NT=beam-type collision-induced dissociation;AC=MS:1000422	10 ppm	0.02 Da	not available	not available	not applicable	TMT127N	1	1	230120_15.raw	v1.1.0	NT=ms-proteomics;VV=v1.1.0	NT=cell-lines;VV=v1.1.0	NT=single-cell;VV=v1.0.0	manual curation	LNCaP
230120_15_TMT129C	NT=Homo sapiens;AC=NCBITaxon:9606	NT=prostate gland;AC=UBERON:0002367	NT=epithelial cell;AC=CL:0000066	NT=prostate carcinoma;AC=MONDO:0005159	LNCaP C4	CVCL_4783	LNCaP C4	NT=single cell;AC=PRIDE:0000897	manual picking	230120_15_TMT129C	1	not pooled	45	run 15	proteomic profiling by mass spectrometry	NT=Q Exactive Plus;AC=MS:1002634	TMT129C	NT=TMT6plex;AC=UNIMOD:737;TA=K;MT=Fixed	NT=TMT6plex;AC=UNIMOD:737;PP=Any N-term;MT=Fixed	NT=Carbamidomethyl;AC=UNIMOD:4;TA=C;MT=Fixed	NT=Oxidation;AC=UNIMOD:35;TA=M;MT=Variable	NT=Trypsin;AC=MS:1001251	NT=data-dependent acquisition;AC=PRIDE:0000627	NT=beam-type collision-induced dissociation;AC=MS:1000422	10 ppm	0.02 Da	not available	not available	not applicable	TMT127N	1	1	230120_15.raw	v1.1.0	NT=ms-proteomics;VV=v1.1.0	NT=cell-lines;VV=v1.1.0	NT=single-cell;VV=v1.0.0	manual curation	LNCaP C4
230120_15_TMT130N	NT=Homo sapiens;AC=NCBITaxon:9606	not available	not available	not available	U118	not available	not available	NT=single cell;AC=PRIDE:0000897	manual picking	230120_15_TMT130N	1	not pooled	43	run 15	proteomic profiling by mass spectrometry	NT=Q Exactive Plus;AC=MS:1002634	TMT130N	NT=TMT6plex;AC=UNIMOD:737;TA=K;MT=Fixed	NT=TMT6plex;AC=UNIMOD:737;PP=Any N-term;MT=Fixed	NT=Carbamidomethyl;AC=UNIMOD:4;TA=C;MT=Fixed	NT=Oxidation;AC=UNIMOD:35;TA=M;MT=Variable	NT=Trypsin;AC=MS:1001251	NT=data-dependent acquisition;AC=PRIDE:0000627	NT=beam-type collision-induced dissociation;AC=MS:1000422	10 ppm	0.02 Da	not available	not available	not applicable	TMT127N	1	1	230120_15.raw	v1.1.0	NT=ms-proteomics;VV=v1.1.0	NT=cell-lines;VV=v1.1.0	NT=single-cell;VV=v1.0.0	manual curation	U118
230120_15_TMT130C	NT=Homo sapiens;AC=NCBITaxon:9606	not available	not available	not available	U118	not available	not available	NT=single cell;AC=PRIDE:0000897	manual picking	230120_15_TMT130C	1	not pooled	44	run 15	proteomic profiling by mass spectrometry	NT=Q Exactive Plus;AC=MS:1002634	TMT130C	NT=TMT6plex;AC=UNIMOD:737;TA=K;MT=Fixed	NT=TMT6plex;AC=UNIMOD:737;PP=Any N-term;MT=Fixed	NT=Carbamidomethyl;AC=UNIMOD:4;TA=C;MT=Fixed	NT=Oxidation;AC=UNIMOD:35;TA=M;MT=Variable	NT=Trypsin;AC=MS:1001251	NT=data-dependent acquisition;AC=PRIDE:0000627	NT=beam-type collision-induced dissociation;AC=MS:1000422	10 ppm	0.02 Da	not available	not available	not applicable	TMT127N	1	1	230120_15.raw	v1.1.0	NT=ms-proteomics;VV=v1.1.0	NT=cell-lines;VV=v1.1.0	NT=single-cell;VV=v1.0.0	manual curation	U118
230120_15_TMT131	NT=Homo sapiens;AC=NCBITaxon:9606	not available	not available	not available	U118	not available	not available	NT=single cell;AC=PRIDE:0000897	manual picking	230120_15_TMT131	1	not pooled	45	run 15	proteomic profiling by mass spectrometry	NT=Q Exactive Plus;AC=MS:1002634	TMT131	NT=TMT6plex;AC=UNIMOD:737;TA=K;MT=Fixed	NT=TMT6plex;AC=UNIMOD:737;PP=Any N-term;MT=Fixed	NT=Carbamidomethyl;AC=UNIMOD:4;TA=C;MT=Fixed	NT=Oxidation;AC=UNIMOD:35;TA=M;MT=Variable	NT=Trypsin;AC=MS:1001251	NT=data-dependent acquisition;AC=PRIDE:0000627	NT=beam-type collision-induced dissociation;AC=MS:1000422	10 ppm	0.02 Da	not available	not available	not applicable	TMT127N	1	1	230120_15.raw	v1.1.0	NT=ms-proteomics;VV=v1.1.0	NT=cell-lines;VV=v1.1.0	NT=single-cell;VV=v1.0.0	manual curation	U118
230120_16_TMT126	NT=Homo sapiens;AC=NCBITaxon:9606	NT=prostate gland;AC=UBERON:0002367	NT=epithelial cell;AC=CL:0000066	NT=prostate carcinoma;AC=MONDO:0005159	LNCaP	CVCL_0395	LNCaP	NT=single cell;AC=PRIDE:0000897	manual picking	230120_16_TMT126	1	not pooled	46	run 16	proteomic profiling by mass spectrometry	NT=Q Exactive Plus;AC=MS:1002634	TMT126	NT=TMT6plex;AC=UNIMOD:737;TA=K;MT=Fixed	NT=TMT6plex;AC=UNIMOD:737;PP=Any N-term;MT=Fixed	NT=Carbamidomethyl;AC=UNIMOD:4;TA=C;MT=Fixed	NT=Oxidation;AC=UNIMOD:35;TA=M;MT=Variable	NT=Trypsin;AC=MS:1001251	NT=data-dependent acquisition;AC=PRIDE:0000627	NT=beam-type collision-induced dissociation;AC=MS:1000422	10 ppm	0.02 Da	not available	not available	not applicable	TMT127N	1	1	230120_16.raw	v1.1.0	NT=ms-proteomics;VV=v1.1.0	NT=cell-lines;VV=v1.1.0	NT=single-cell;VV=v1.0.0	manual curation	LNCaP
230120_16_TMT127N	NT=Homo sapiens;AC=NCBITaxon:9606	NT=prostate gland;AC=UBERON:0002367	NT=epithelial cell;AC=CL:0000066	NT=prostate carcinoma;AC=MONDO:0005159	LNCaP	CVCL_0395	LNCaP	NT=reference;AC=PRIDE:0000899	not applicable	not applicable	3000	pooled	pooled	run 16	proteomic profiling by mass spectrometry	NT=Q Exactive Plus;AC=MS:1002634	TMT127N	NT=TMT6plex;AC=UNIMOD:737;TA=K;MT=Fixed	NT=TMT6plex;AC=UNIMOD:737;PP=Any N-term;MT=Fixed	NT=Carbamidomethyl;AC=UNIMOD:4;TA=C;MT=Fixed	NT=Oxidation;AC=UNIMOD:35;TA=M;MT=Variable	NT=Trypsin;AC=MS:1001251	NT=data-dependent acquisition;AC=PRIDE:0000627	NT=beam-type collision-induced dissociation;AC=MS:1000422	10 ppm	0.02 Da	not available	not available	not applicable	TMT127N	1	1	230120_16.raw	v1.1.0	NT=ms-proteomics;VV=v1.1.0	NT=cell-lines;VV=v1.1.0	NT=single-cell;VV=v1.0.0	manual curation	LNCaP
230120_16_TMT127C	NT=Homo sapiens;AC=NCBITaxon:9606	NT=prostate gland;AC=UBERON:0002367	NT=epithelial cell;AC=CL:0000066	NT=prostate carcinoma;AC=MONDO:0005159	LNCaP C4	CVCL_4783	LNCaP C4	NT=single cell;AC=PRIDE:0000897	manual picking	230120_16_TMT127C	1	not pooled	46	run 16	proteomic profiling by mass spectrometry	NT=Q Exactive Plus;AC=MS:1002634	TMT127C	NT=TMT6plex;AC=UNIMOD:737;TA=K;MT=Fixed	NT=TMT6plex;AC=UNIMOD:737;PP=Any N-term;MT=Fixed	NT=Carbamidomethyl;AC=UNIMOD:4;TA=C;MT=Fixed	NT=Oxidation;AC=UNIMOD:35;TA=M;MT=Variable	NT=Trypsin;AC=MS:1001251	NT=data-dependent acquisition;AC=PRIDE:0000627	NT=beam-type collision-induced dissociation;AC=MS:1000422	10 ppm	0.02 Da	not available	not available	not applicable	TMT127N	1	1	230120_16.raw	v1.1.0	NT=ms-proteomics;VV=v1.1.0	NT=cell-lines;VV=v1.1.0	NT=single-cell;VV=v1.0.0	manual curation	LNCaP C4
230120_16_TMT128N	NT=Homo sapiens;AC=NCBITaxon:9606	NT=prostate gland;AC=UBERON:0002367	NT=epithelial cell;AC=CL:0000066	NT=prostate carcinoma;AC=MONDO:0005159	LNCaP	CVCL_0395	LNCaP	NT=single cell;AC=PRIDE:0000897	manual picking	230120_16_TMT128N	1	not pooled	47	run 16	proteomic profiling by mass spectrometry	NT=Q Exactive Plus;AC=MS:1002634	TMT128N	NT=TMT6plex;AC=UNIMOD:737;TA=K;MT=Fixed	NT=TMT6plex;AC=UNIMOD:737;PP=Any N-term;MT=Fixed	NT=Carbamidomethyl;AC=UNIMOD:4;TA=C;MT=Fixed	NT=Oxidation;AC=UNIMOD:35;TA=M;MT=Variable	NT=Trypsin;AC=MS:1001251	NT=data-dependent acquisition;AC=PRIDE:0000627	NT=beam-type collision-induced dissociation;AC=MS:1000422	10 ppm	0.02 Da	not available	not available	not applicable	TMT127N	1	1	230120_16.raw	v1.1.0	NT=ms-proteomics;VV=v1.1.0	NT=cell-lines;VV=v1.1.0	NT=single-cell;VV=v1.0.0	manual curation	LNCaP
230120_16_TMT128C	NT=Homo sapiens;AC=NCBITaxon:9606	NT=prostate gland;AC=UBERON:0002367	NT=epithelial cell;AC=CL:0000066	NT=prostate carcinoma;AC=MONDO:0005159	LNCaP C4	CVCL_4783	LNCaP C4	NT=single cell;AC=PRIDE:0000897	manual picking	230120_16_TMT128C	1	not pooled	47	run 16	proteomic profiling by mass spectrometry	NT=Q Exactive Plus;AC=MS:1002634	TMT128C	NT=TMT6plex;AC=UNIMOD:737;TA=K;MT=Fixed	NT=TMT6plex;AC=UNIMOD:737;PP=Any N-term;MT=Fixed	NT=Carbamidomethyl;AC=UNIMOD:4;TA=C;MT=Fixed	NT=Oxidation;AC=UNIMOD:35;TA=M;MT=Variable	NT=Trypsin;AC=MS:1001251	NT=data-dependent acquisition;AC=PRIDE:0000627	NT=beam-type collision-induced dissociation;AC=MS:1000422	10 ppm	0.02 Da	not available	not available	not applicable	TMT127N	1	1	230120_16.raw	v1.1.0	NT=ms-proteomics;VV=v1.1.0	NT=cell-lines;VV=v1.1.0	NT=single-cell;VV=v1.0.0	manual curation	LNCaP C4
230120_16_TMT129N	NT=Homo sapiens;AC=NCBITaxon:9606	NT=prostate gland;AC=UBERON:0002367	NT=epithelial cell;AC=CL:0000066	NT=prostate carcinoma;AC=MONDO:0005159	LNCaP	CVCL_0395	LNCaP	NT=single cell;AC=PRIDE:0000897	manual picking	230120_16_TMT129N	1	not pooled	48	run 16	proteomic profiling by mass spectrometry	NT=Q Exactive Plus;AC=MS:1002634	TMT129N	NT=TMT6plex;AC=UNIMOD:737;TA=K;MT=Fixed	NT=TMT6plex;AC=UNIMOD:737;PP=Any N-term;MT=Fixed	NT=Carbamidomethyl;AC=UNIMOD:4;TA=C;MT=Fixed	NT=Oxidation;AC=UNIMOD:35;TA=M;MT=Variable	NT=Trypsin;AC=MS:1001251	NT=data-dependent acquisition;AC=PRIDE:0000627	NT=beam-type collision-induced dissociation;AC=MS:1000422	10 ppm	0.02 Da	not available	not available	not applicable	TMT127N	1	1	230120_16.raw	v1.1.0	NT=ms-proteomics;VV=v1.1.0	NT=cell-lines;VV=v1.1.0	NT=single-cell;VV=v1.0.0	manual curation	LNCaP
230120_16_TMT129C	NT=Homo sapiens;AC=NCBITaxon:9606	NT=prostate gland;AC=UBERON:0002367	NT=epithelial cell;AC=CL:0000066	NT=prostate carcinoma;AC=MONDO:0005159	LNCaP C4	CVCL_4783	LNCaP C4	NT=single cell;AC=PRIDE:0000897	manual picking	230120_16_TMT129C	1	not pooled	48	run 16	proteomic profiling by mass spectrometry	NT=Q Exactive Plus;AC=MS:1002634	TMT129C	NT=TMT6plex;AC=UNIMOD:737;TA=K;MT=Fixed	NT=TMT6plex;AC=UNIMOD:737;PP=Any N-term;MT=Fixed	NT=Carbamidomethyl;AC=UNIMOD:4;TA=C;MT=Fixed	NT=Oxidation;AC=UNIMOD:35;TA=M;MT=Variable	NT=Trypsin;AC=MS:1001251	NT=data-dependent acquisition;AC=PRIDE:0000627	NT=beam-type collision-induced dissociation;AC=MS:1000422	10 ppm	0.02 Da	not available	not available	not applicable	TMT127N	1	1	230120_16.raw	v1.1.0	NT=ms-proteomics;VV=v1.1.0	NT=cell-lines;VV=v1.1.0	NT=single-cell;VV=v1.0.0	manual curation	LNCaP C4
230120_16_TMT130N	NT=Homo sapiens;AC=NCBITaxon:9606	not available	not available	not available	U118	not available	not available	NT=single cell;AC=PRIDE:0000897	manual picking	230120_16_TMT130N	1	not pooled	46	run 16	proteomic profiling by mass spectrometry	NT=Q Exactive Plus;AC=MS:1002634	TMT130N	NT=TMT6plex;AC=UNIMOD:737;TA=K;MT=Fixed	NT=TMT6plex;AC=UNIMOD:737;PP=Any N-term;MT=Fixed	NT=Carbamidomethyl;AC=UNIMOD:4;TA=C;MT=Fixed	NT=Oxidation;AC=UNIMOD:35;TA=M;MT=Variable	NT=Trypsin;AC=MS:1001251	NT=data-dependent acquisition;AC=PRIDE:0000627	NT=beam-type collision-induced dissociation;AC=MS:1000422	10 ppm	0.02 Da	not available	not available	not applicable	TMT127N	1	1	230120_16.raw	v1.1.0	NT=ms-proteomics;VV=v1.1.0	NT=cell-lines;VV=v1.1.0	NT=single-cell;VV=v1.0.0	manual curation	U118
230120_16_TMT130C	NT=Homo sapiens;AC=NCBITaxon:9606	not available	not available	not available	U118	not available	not available	NT=single cell;AC=PRIDE:0000897	manual picking	230120_16_TMT130C	1	not pooled	47	run 16	proteomic profiling by mass spectrometry	NT=Q Exactive Plus;AC=MS:1002634	TMT130C	NT=TMT6plex;AC=UNIMOD:737;TA=K;MT=Fixed	NT=TMT6plex;AC=UNIMOD:737;PP=Any N-term;MT=Fixed	NT=Carbamidomethyl;AC=UNIMOD:4;TA=C;MT=Fixed	NT=Oxidation;AC=UNIMOD:35;TA=M;MT=Variable	NT=Trypsin;AC=MS:1001251	NT=data-dependent acquisition;AC=PRIDE:0000627	NT=beam-type collision-induced dissociation;AC=MS:1000422	10 ppm	0.02 Da	not available	not available	not applicable	TMT127N	1	1	230120_16.raw	v1.1.0	NT=ms-proteomics;VV=v1.1.0	NT=cell-lines;VV=v1.1.0	NT=single-cell;VV=v1.0.0	manual curation	U118
230120_16_TMT131	NT=Homo sapiens;AC=NCBITaxon:9606	not available	not available	not available	U118	not available	not available	NT=single cell;AC=PRIDE:0000897	manual picking	230120_16_TMT131	1	not pooled	48	run 16	proteomic profiling by mass spectrometry	NT=Q Exactive Plus;AC=MS:1002634	TMT131	NT=TMT6plex;AC=UNIMOD:737;TA=K;MT=Fixed	NT=TMT6plex;AC=UNIMOD:737;PP=Any N-term;MT=Fixed	NT=Carbamidomethyl;AC=UNIMOD:4;TA=C;MT=Fixed	NT=Oxidation;AC=UNIMOD:35;TA=M;MT=Variable	NT=Trypsin;AC=MS:1001251	NT=data-dependent acquisition;AC=PRIDE:0000627	NT=beam-type collision-induced dissociation;AC=MS:1000422	10 ppm	0.02 Da	not available	not available	not applicable	TMT127N	1	1	230120_16.raw	v1.1.0	NT=ms-proteomics;VV=v1.1.0	NT=cell-lines;VV=v1.1.0	NT=single-cell;VV=v1.0.0	manual curation	U118
230120_17_TMT126	NT=Homo sapiens;AC=NCBITaxon:9606	NT=prostate gland;AC=UBERON:0002367	NT=epithelial cell;AC=CL:0000066	NT=prostate carcinoma;AC=MONDO:0005159	LNCaP	CVCL_0395	LNCaP	NT=single cell;AC=PRIDE:0000897	manual picking	230120_17_TMT126	1	not pooled	49	run 17	proteomic profiling by mass spectrometry	NT=Q Exactive Plus;AC=MS:1002634	TMT126	NT=TMT6plex;AC=UNIMOD:737;TA=K;MT=Fixed	NT=TMT6plex;AC=UNIMOD:737;PP=Any N-term;MT=Fixed	NT=Carbamidomethyl;AC=UNIMOD:4;TA=C;MT=Fixed	NT=Oxidation;AC=UNIMOD:35;TA=M;MT=Variable	NT=Trypsin;AC=MS:1001251	NT=data-dependent acquisition;AC=PRIDE:0000627	NT=beam-type collision-induced dissociation;AC=MS:1000422	10 ppm	0.02 Da	not available	not available	not applicable	TMT127N	1	1	230120_17.raw	v1.1.0	NT=ms-proteomics;VV=v1.1.0	NT=cell-lines;VV=v1.1.0	NT=single-cell;VV=v1.0.0	manual curation	LNCaP
230120_17_TMT127N	NT=Homo sapiens;AC=NCBITaxon:9606	NT=prostate gland;AC=UBERON:0002367	NT=epithelial cell;AC=CL:0000066	NT=prostate carcinoma;AC=MONDO:0005159	LNCaP	CVCL_0395	LNCaP	NT=reference;AC=PRIDE:0000899	not applicable	not applicable	3000	pooled	pooled	run 17	proteomic profiling by mass spectrometry	NT=Q Exactive Plus;AC=MS:1002634	TMT127N	NT=TMT6plex;AC=UNIMOD:737;TA=K;MT=Fixed	NT=TMT6plex;AC=UNIMOD:737;PP=Any N-term;MT=Fixed	NT=Carbamidomethyl;AC=UNIMOD:4;TA=C;MT=Fixed	NT=Oxidation;AC=UNIMOD:35;TA=M;MT=Variable	NT=Trypsin;AC=MS:1001251	NT=data-dependent acquisition;AC=PRIDE:0000627	NT=beam-type collision-induced dissociation;AC=MS:1000422	10 ppm	0.02 Da	not available	not available	not applicable	TMT127N	1	1	230120_17.raw	v1.1.0	NT=ms-proteomics;VV=v1.1.0	NT=cell-lines;VV=v1.1.0	NT=single-cell;VV=v1.0.0	manual curation	LNCaP
230120_17_TMT127C	NT=Homo sapiens;AC=NCBITaxon:9606	NT=prostate gland;AC=UBERON:0002367	NT=epithelial cell;AC=CL:0000066	NT=prostate carcinoma;AC=MONDO:0005159	LNCaP C4	CVCL_4783	LNCaP C4	NT=single cell;AC=PRIDE:0000897	manual picking	230120_17_TMT127C	1	not pooled	49	run 17	proteomic profiling by mass spectrometry	NT=Q Exactive Plus;AC=MS:1002634	TMT127C	NT=TMT6plex;AC=UNIMOD:737;TA=K;MT=Fixed	NT=TMT6plex;AC=UNIMOD:737;PP=Any N-term;MT=Fixed	NT=Carbamidomethyl;AC=UNIMOD:4;TA=C;MT=Fixed	NT=Oxidation;AC=UNIMOD:35;TA=M;MT=Variable	NT=Trypsin;AC=MS:1001251	NT=data-dependent acquisition;AC=PRIDE:0000627	NT=beam-type collision-induced dissociation;AC=MS:1000422	10 ppm	0.02 Da	not available	not available	not applicable	TMT127N	1	1	230120_17.raw	v1.1.0	NT=ms-proteomics;VV=v1.1.0	NT=cell-lines;VV=v1.1.0	NT=single-cell;VV=v1.0.0	manual curation	LNCaP C4
230120_17_TMT128N	NT=Homo sapiens;AC=NCBITaxon:9606	NT=prostate gland;AC=UBERON:0002367	NT=epithelial cell;AC=CL:0000066	NT=prostate carcinoma;AC=MONDO:0005159	LNCaP	CVCL_0395	LNCaP	NT=single cell;AC=PRIDE:0000897	manual picking	230120_17_TMT128N	1	not pooled	50	run 17	proteomic profiling by mass spectrometry	NT=Q Exactive Plus;AC=MS:1002634	TMT128N	NT=TMT6plex;AC=UNIMOD:737;TA=K;MT=Fixed	NT=TMT6plex;AC=UNIMOD:737;PP=Any N-term;MT=Fixed	NT=Carbamidomethyl;AC=UNIMOD:4;TA=C;MT=Fixed	NT=Oxidation;AC=UNIMOD:35;TA=M;MT=Variable	NT=Trypsin;AC=MS:1001251	NT=data-dependent acquisition;AC=PRIDE:0000627	NT=beam-type collision-induced dissociation;AC=MS:1000422	10 ppm	0.02 Da	not available	not available	not applicable	TMT127N	1	1	230120_17.raw	v1.1.0	NT=ms-proteomics;VV=v1.1.0	NT=cell-lines;VV=v1.1.0	NT=single-cell;VV=v1.0.0	manual curation	LNCaP
230120_17_TMT128C	NT=Homo sapiens;AC=NCBITaxon:9606	NT=prostate gland;AC=UBERON:0002367	NT=epithelial cell;AC=CL:0000066	NT=prostate carcinoma;AC=MONDO:0005159	LNCaP C4	CVCL_4783	LNCaP C4	NT=single cell;AC=PRIDE:0000897	manual picking	230120_17_TMT128C	1	not pooled	50	run 17	proteomic profiling by mass spectrometry	NT=Q Exactive Plus;AC=MS:1002634	TMT128C	NT=TMT6plex;AC=UNIMOD:737;TA=K;MT=Fixed	NT=TMT6plex;AC=UNIMOD:737;PP=Any N-term;MT=Fixed	NT=Carbamidomethyl;AC=UNIMOD:4;TA=C;MT=Fixed	NT=Oxidation;AC=UNIMOD:35;TA=M;MT=Variable	NT=Trypsin;AC=MS:1001251	NT=data-dependent acquisition;AC=PRIDE:0000627	NT=beam-type collision-induced dissociation;AC=MS:1000422	10 ppm	0.02 Da	not available	not available	not applicable	TMT127N	1	1	230120_17.raw	v1.1.0	NT=ms-proteomics;VV=v1.1.0	NT=cell-lines;VV=v1.1.0	NT=single-cell;VV=v1.0.0	manual curation	LNCaP C4
230120_17_TMT129N	NT=Homo sapiens;AC=NCBITaxon:9606	NT=prostate gland;AC=UBERON:0002367	NT=epithelial cell;AC=CL:0000066	NT=prostate carcinoma;AC=MONDO:0005159	LNCaP	CVCL_0395	LNCaP	NT=single cell;AC=PRIDE:0000897	manual picking	230120_17_TMT129N	1	not pooled	51	run 17	proteomic profiling by mass spectrometry	NT=Q Exactive Plus;AC=MS:1002634	TMT129N	NT=TMT6plex;AC=UNIMOD:737;TA=K;MT=Fixed	NT=TMT6plex;AC=UNIMOD:737;PP=Any N-term;MT=Fixed	NT=Carbamidomethyl;AC=UNIMOD:4;TA=C;MT=Fixed	NT=Oxidation;AC=UNIMOD:35;TA=M;MT=Variable	NT=Trypsin;AC=MS:1001251	NT=data-dependent acquisition;AC=PRIDE:0000627	NT=beam-type collision-induced dissociation;AC=MS:1000422	10 ppm	0.02 Da	not available	not available	not applicable	TMT127N	1	1	230120_17.raw	v1.1.0	NT=ms-proteomics;VV=v1.1.0	NT=cell-lines;VV=v1.1.0	NT=single-cell;VV=v1.0.0	manual curation	LNCaP
230120_17_TMT129C	NT=Homo sapiens;AC=NCBITaxon:9606	NT=prostate gland;AC=UBERON:0002367	NT=epithelial cell;AC=CL:0000066	NT=prostate carcinoma;AC=MONDO:0005159	LNCaP C4	CVCL_4783	LNCaP C4	NT=single cell;AC=PRIDE:0000897	manual picking	230120_17_TMT129C	1	not pooled	51	run 17	proteomic profiling by mass spectrometry	NT=Q Exactive Plus;AC=MS:1002634	TMT129C	NT=TMT6plex;AC=UNIMOD:737;TA=K;MT=Fixed	NT=TMT6plex;AC=UNIMOD:737;PP=Any N-term;MT=Fixed	NT=Carbamidomethyl;AC=UNIMOD:4;TA=C;MT=Fixed	NT=Oxidation;AC=UNIMOD:35;TA=M;MT=Variable	NT=Trypsin;AC=MS:1001251	NT=data-dependent acquisition;AC=PRIDE:0000627	NT=beam-type collision-induced dissociation;AC=MS:1000422	10 ppm	0.02 Da	not available	not available	not applicable	TMT127N	1	1	230120_17.raw	v1.1.0	NT=ms-proteomics;VV=v1.1.0	NT=cell-lines;VV=v1.1.0	NT=single-cell;VV=v1.0.0	manual curation	LNCaP C4
230120_17_TMT130N	NT=Homo sapiens;AC=NCBITaxon:9606	not available	not available	not available	U118	not available	not available	NT=single cell;AC=PRIDE:0000897	manual picking	230120_17_TMT130N	1	not pooled	49	run 17	proteomic profiling by mass spectrometry	NT=Q Exactive Plus;AC=MS:1002634	TMT130N	NT=TMT6plex;AC=UNIMOD:737;TA=K;MT=Fixed	NT=TMT6plex;AC=UNIMOD:737;PP=Any N-term;MT=Fixed	NT=Carbamidomethyl;AC=UNIMOD:4;TA=C;MT=Fixed	NT=Oxidation;AC=UNIMOD:35;TA=M;MT=Variable	NT=Trypsin;AC=MS:1001251	NT=data-dependent acquisition;AC=PRIDE:0000627	NT=beam-type collision-induced dissociation;AC=MS:1000422	10 ppm	0.02 Da	not available	not available	not applicable	TMT127N	1	1	230120_17.raw	v1.1.0	NT=ms-proteomics;VV=v1.1.0	NT=cell-lines;VV=v1.1.0	NT=single-cell;VV=v1.0.0	manual curation	U118
230120_17_TMT130C	NT=Homo sapiens;AC=NCBITaxon:9606	not available	not available	not available	U118	not available	not available	NT=single cell;AC=PRIDE:0000897	manual picking	230120_17_TMT130C	1	not pooled	50	run 17	proteomic profiling by mass spectrometry	NT=Q Exactive Plus;AC=MS:1002634	TMT130C	NT=TMT6plex;AC=UNIMOD:737;TA=K;MT=Fixed	NT=TMT6plex;AC=UNIMOD:737;PP=Any N-term;MT=Fixed	NT=Carbamidomethyl;AC=UNIMOD:4;TA=C;MT=Fixed	NT=Oxidation;AC=UNIMOD:35;TA=M;MT=Variable	NT=Trypsin;AC=MS:1001251	NT=data-dependent acquisition;AC=PRIDE:0000627	NT=beam-type collision-induced dissociation;AC=MS:1000422	10 ppm	0.02 Da	not available	not available	not applicable	TMT127N	1	1	230120_17.raw	v1.1.0	NT=ms-proteomics;VV=v1.1.0	NT=cell-lines;VV=v1.1.0	NT=single-cell;VV=v1.0.0	manual curation	U118
230120_17_TMT131	NT=Homo sapiens;AC=NCBITaxon:9606	not available	not available	not available	U118	not available	not available	NT=single cell;AC=PRIDE:0000897	manual picking	230120_17_TMT131	1	not pooled	51	run 17	proteomic profiling by mass spectrometry	NT=Q Exactive Plus;AC=MS:1002634	TMT131	NT=TMT6plex;AC=UNIMOD:737;TA=K;MT=Fixed	NT=TMT6plex;AC=UNIMOD:737;PP=Any N-term;MT=Fixed	NT=Carbamidomethyl;AC=UNIMOD:4;TA=C;MT=Fixed	NT=Oxidation;AC=UNIMOD:35;TA=M;MT=Variable	NT=Trypsin;AC=MS:1001251	NT=data-dependent acquisition;AC=PRIDE:0000627	NT=beam-type collision-induced dissociation;AC=MS:1000422	10 ppm	0.02 Da	not available	not available	not applicable	TMT127N	1	1	230120_17.raw	v1.1.0	NT=ms-proteomics;VV=v1.1.0	NT=cell-lines;VV=v1.1.0	NT=single-cell;VV=v1.0.0	manual curation	U118
230120_18_TMT126	NT=Homo sapiens;AC=NCBITaxon:9606	NT=prostate gland;AC=UBERON:0002367	NT=epithelial cell;AC=CL:0000066	NT=prostate carcinoma;AC=MONDO:0005159	LNCaP	CVCL_0395	LNCaP	NT=single cell;AC=PRIDE:0000897	manual picking	230120_18_TMT126	1	not pooled	52	run 18	proteomic profiling by mass spectrometry	NT=Q Exactive Plus;AC=MS:1002634	TMT126	NT=TMT6plex;AC=UNIMOD:737;TA=K;MT=Fixed	NT=TMT6plex;AC=UNIMOD:737;PP=Any N-term;MT=Fixed	NT=Carbamidomethyl;AC=UNIMOD:4;TA=C;MT=Fixed	NT=Oxidation;AC=UNIMOD:35;TA=M;MT=Variable	NT=Trypsin;AC=MS:1001251	NT=data-dependent acquisition;AC=PRIDE:0000627	NT=beam-type collision-induced dissociation;AC=MS:1000422	10 ppm	0.02 Da	not available	not available	not applicable	TMT127N	1	1	230120_18.raw	v1.1.0	NT=ms-proteomics;VV=v1.1.0	NT=cell-lines;VV=v1.1.0	NT=single-cell;VV=v1.0.0	manual curation	LNCaP
230120_18_TMT127N	NT=Homo sapiens;AC=NCBITaxon:9606	NT=prostate gland;AC=UBERON:0002367	NT=epithelial cell;AC=CL:0000066	NT=prostate carcinoma;AC=MONDO:0005159	LNCaP	CVCL_0395	LNCaP	NT=reference;AC=PRIDE:0000899	not applicable	not applicable	3000	pooled	pooled	run 18	proteomic profiling by mass spectrometry	NT=Q Exactive Plus;AC=MS:1002634	TMT127N	NT=TMT6plex;AC=UNIMOD:737;TA=K;MT=Fixed	NT=TMT6plex;AC=UNIMOD:737;PP=Any N-term;MT=Fixed	NT=Carbamidomethyl;AC=UNIMOD:4;TA=C;MT=Fixed	NT=Oxidation;AC=UNIMOD:35;TA=M;MT=Variable	NT=Trypsin;AC=MS:1001251	NT=data-dependent acquisition;AC=PRIDE:0000627	NT=beam-type collision-induced dissociation;AC=MS:1000422	10 ppm	0.02 Da	not available	not available	not applicable	TMT127N	1	1	230120_18.raw	v1.1.0	NT=ms-proteomics;VV=v1.1.0	NT=cell-lines;VV=v1.1.0	NT=single-cell;VV=v1.0.0	manual curation	LNCaP
230120_18_TMT127C	NT=Homo sapiens;AC=NCBITaxon:9606	NT=prostate gland;AC=UBERON:0002367	NT=epithelial cell;AC=CL:0000066	NT=prostate carcinoma;AC=MONDO:0005159	LNCaP C4	CVCL_4783	LNCaP C4	NT=single cell;AC=PRIDE:0000897	manual picking	230120_18_TMT127C	1	not pooled	52	run 18	proteomic profiling by mass spectrometry	NT=Q Exactive Plus;AC=MS:1002634	TMT127C	NT=TMT6plex;AC=UNIMOD:737;TA=K;MT=Fixed	NT=TMT6plex;AC=UNIMOD:737;PP=Any N-term;MT=Fixed	NT=Carbamidomethyl;AC=UNIMOD:4;TA=C;MT=Fixed	NT=Oxidation;AC=UNIMOD:35;TA=M;MT=Variable	NT=Trypsin;AC=MS:1001251	NT=data-dependent acquisition;AC=PRIDE:0000627	NT=beam-type collision-induced dissociation;AC=MS:1000422	10 ppm	0.02 Da	not available	not available	not applicable	TMT127N	1	1	230120_18.raw	v1.1.0	NT=ms-proteomics;VV=v1.1.0	NT=cell-lines;VV=v1.1.0	NT=single-cell;VV=v1.0.0	manual curation	LNCaP C4
230120_18_TMT128N	NT=Homo sapiens;AC=NCBITaxon:9606	NT=prostate gland;AC=UBERON:0002367	NT=epithelial cell;AC=CL:0000066	NT=prostate carcinoma;AC=MONDO:0005159	LNCaP	CVCL_0395	LNCaP	NT=single cell;AC=PRIDE:0000897	manual picking	230120_18_TMT128N	1	not pooled	53	run 18	proteomic profiling by mass spectrometry	NT=Q Exactive Plus;AC=MS:1002634	TMT128N	NT=TMT6plex;AC=UNIMOD:737;TA=K;MT=Fixed	NT=TMT6plex;AC=UNIMOD:737;PP=Any N-term;MT=Fixed	NT=Carbamidomethyl;AC=UNIMOD:4;TA=C;MT=Fixed	NT=Oxidation;AC=UNIMOD:35;TA=M;MT=Variable	NT=Trypsin;AC=MS:1001251	NT=data-dependent acquisition;AC=PRIDE:0000627	NT=beam-type collision-induced dissociation;AC=MS:1000422	10 ppm	0.02 Da	not available	not available	not applicable	TMT127N	1	1	230120_18.raw	v1.1.0	NT=ms-proteomics;VV=v1.1.0	NT=cell-lines;VV=v1.1.0	NT=single-cell;VV=v1.0.0	manual curation	LNCaP
230120_18_TMT128C	NT=Homo sapiens;AC=NCBITaxon:9606	NT=prostate gland;AC=UBERON:0002367	NT=epithelial cell;AC=CL:0000066	NT=prostate carcinoma;AC=MONDO:0005159	LNCaP C4	CVCL_4783	LNCaP C4	NT=single cell;AC=PRIDE:0000897	manual picking	230120_18_TMT128C	1	not pooled	53	run 18	proteomic profiling by mass spectrometry	NT=Q Exactive Plus;AC=MS:1002634	TMT128C	NT=TMT6plex;AC=UNIMOD:737;TA=K;MT=Fixed	NT=TMT6plex;AC=UNIMOD:737;PP=Any N-term;MT=Fixed	NT=Carbamidomethyl;AC=UNIMOD:4;TA=C;MT=Fixed	NT=Oxidation;AC=UNIMOD:35;TA=M;MT=Variable	NT=Trypsin;AC=MS:1001251	NT=data-dependent acquisition;AC=PRIDE:0000627	NT=beam-type collision-induced dissociation;AC=MS:1000422	10 ppm	0.02 Da	not available	not available	not applicable	TMT127N	1	1	230120_18.raw	v1.1.0	NT=ms-proteomics;VV=v1.1.0	NT=cell-lines;VV=v1.1.0	NT=single-cell;VV=v1.0.0	manual curation	LNCaP C4
230120_18_TMT129N	NT=Homo sapiens;AC=NCBITaxon:9606	NT=prostate gland;AC=UBERON:0002367	NT=epithelial cell;AC=CL:0000066	NT=prostate carcinoma;AC=MONDO:0005159	LNCaP	CVCL_0395	LNCaP	NT=single cell;AC=PRIDE:0000897	manual picking	230120_18_TMT129N	1	not pooled	54	run 18	proteomic profiling by mass spectrometry	NT=Q Exactive Plus;AC=MS:1002634	TMT129N	NT=TMT6plex;AC=UNIMOD:737;TA=K;MT=Fixed	NT=TMT6plex;AC=UNIMOD:737;PP=Any N-term;MT=Fixed	NT=Carbamidomethyl;AC=UNIMOD:4;TA=C;MT=Fixed	NT=Oxidation;AC=UNIMOD:35;TA=M;MT=Variable	NT=Trypsin;AC=MS:1001251	NT=data-dependent acquisition;AC=PRIDE:0000627	NT=beam-type collision-induced dissociation;AC=MS:1000422	10 ppm	0.02 Da	not available	not available	not applicable	TMT127N	1	1	230120_18.raw	v1.1.0	NT=ms-proteomics;VV=v1.1.0	NT=cell-lines;VV=v1.1.0	NT=single-cell;VV=v1.0.0	manual curation	LNCaP
230120_18_TMT129C	NT=Homo sapiens;AC=NCBITaxon:9606	NT=prostate gland;AC=UBERON:0002367	NT=epithelial cell;AC=CL:0000066	NT=prostate carcinoma;AC=MONDO:0005159	LNCaP C4	CVCL_4783	LNCaP C4	NT=single cell;AC=PRIDE:0000897	manual picking	230120_18_TMT129C	1	not pooled	54	run 18	proteomic profiling by mass spectrometry	NT=Q Exactive Plus;AC=MS:1002634	TMT129C	NT=TMT6plex;AC=UNIMOD:737;TA=K;MT=Fixed	NT=TMT6plex;AC=UNIMOD:737;PP=Any N-term;MT=Fixed	NT=Carbamidomethyl;AC=UNIMOD:4;TA=C;MT=Fixed	NT=Oxidation;AC=UNIMOD:35;TA=M;MT=Variable	NT=Trypsin;AC=MS:1001251	NT=data-dependent acquisition;AC=PRIDE:0000627	NT=beam-type collision-induced dissociation;AC=MS:1000422	10 ppm	0.02 Da	not available	not available	not applicable	TMT127N	1	1	230120_18.raw	v1.1.0	NT=ms-proteomics;VV=v1.1.0	NT=cell-lines;VV=v1.1.0	NT=single-cell;VV=v1.0.0	manual curation	LNCaP C4
230120_18_TMT130N	NT=Homo sapiens;AC=NCBITaxon:9606	not available	not available	not available	U118	not available	not available	NT=single cell;AC=PRIDE:0000897	manual picking	230120_18_TMT130N	1	not pooled	52	run 18	proteomic profiling by mass spectrometry	NT=Q Exactive Plus;AC=MS:1002634	TMT130N	NT=TMT6plex;AC=UNIMOD:737;TA=K;MT=Fixed	NT=TMT6plex;AC=UNIMOD:737;PP=Any N-term;MT=Fixed	NT=Carbamidomethyl;AC=UNIMOD:4;TA=C;MT=Fixed	NT=Oxidation;AC=UNIMOD:35;TA=M;MT=Variable	NT=Trypsin;AC=MS:1001251	NT=data-dependent acquisition;AC=PRIDE:0000627	NT=beam-type collision-induced dissociation;AC=MS:1000422	10 ppm	0.02 Da	not available	not available	not applicable	TMT127N	1	1	230120_18.raw	v1.1.0	NT=ms-proteomics;VV=v1.1.0	NT=cell-lines;VV=v1.1.0	NT=single-cell;VV=v1.0.0	manual curation	U118
230120_18_TMT130C	NT=Homo sapiens;AC=NCBITaxon:9606	not available	not available	not available	U118	not available	not available	NT=single cell;AC=PRIDE:0000897	manual picking	230120_18_TMT130C	1	not pooled	53	run 18	proteomic profiling by mass spectrometry	NT=Q Exactive Plus;AC=MS:1002634	TMT130C	NT=TMT6plex;AC=UNIMOD:737;TA=K;MT=Fixed	NT=TMT6plex;AC=UNIMOD:737;PP=Any N-term;MT=Fixed	NT=Carbamidomethyl;AC=UNIMOD:4;TA=C;MT=Fixed	NT=Oxidation;AC=UNIMOD:35;TA=M;MT=Variable	NT=Trypsin;AC=MS:1001251	NT=data-dependent acquisition;AC=PRIDE:0000627	NT=beam-type collision-induced dissociation;AC=MS:1000422	10 ppm	0.02 Da	not available	not available	not applicable	TMT127N	1	1	230120_18.raw	v1.1.0	NT=ms-proteomics;VV=v1.1.0	NT=cell-lines;VV=v1.1.0	NT=single-cell;VV=v1.0.0	manual curation	U118
230120_18_TMT131	NT=Homo sapiens;AC=NCBITaxon:9606	not available	not available	not available	U118	not available	not available	NT=single cell;AC=PRIDE:0000897	manual picking	230120_18_TMT131	1	not pooled	54	run 18	proteomic profiling by mass spectrometry	NT=Q Exactive Plus;AC=MS:1002634	TMT131	NT=TMT6plex;AC=UNIMOD:737;TA=K;MT=Fixed	NT=TMT6plex;AC=UNIMOD:737;PP=Any N-term;MT=Fixed	NT=Carbamidomethyl;AC=UNIMOD:4;TA=C;MT=Fixed	NT=Oxidation;AC=UNIMOD:35;TA=M;MT=Variable	NT=Trypsin;AC=MS:1001251	NT=data-dependent acquisition;AC=PRIDE:0000627	NT=beam-type collision-induced dissociation;AC=MS:1000422	10 ppm	0.02 Da	not available	not available	not applicable	TMT127N	1	1	230120_18.raw	v1.1.0	NT=ms-proteomics;VV=v1.1.0	NT=cell-lines;VV=v1.1.0	NT=single-cell;VV=v1.0.0	manual curation	U118
230120_19_TMT126	NT=Homo sapiens;AC=NCBITaxon:9606	NT=prostate gland;AC=UBERON:0002367	NT=epithelial cell;AC=CL:0000066	NT=prostate carcinoma;AC=MONDO:0005159	LNCaP	CVCL_0395	LNCaP	NT=single cell;AC=PRIDE:0000897	manual picking	230120_19_TMT126	1	not pooled	55	run 19	proteomic profiling by mass spectrometry	NT=Q Exactive Plus;AC=MS:1002634	TMT126	NT=TMT6plex;AC=UNIMOD:737;TA=K;MT=Fixed	NT=TMT6plex;AC=UNIMOD:737;PP=Any N-term;MT=Fixed	NT=Carbamidomethyl;AC=UNIMOD:4;TA=C;MT=Fixed	NT=Oxidation;AC=UNIMOD:35;TA=M;MT=Variable	NT=Trypsin;AC=MS:1001251	NT=data-dependent acquisition;AC=PRIDE:0000627	NT=beam-type collision-induced dissociation;AC=MS:1000422	10 ppm	0.02 Da	not available	not available	not applicable	TMT127N	1	1	230120_19.raw	v1.1.0	NT=ms-proteomics;VV=v1.1.0	NT=cell-lines;VV=v1.1.0	NT=single-cell;VV=v1.0.0	manual curation	LNCaP
230120_19_TMT127N	NT=Homo sapiens;AC=NCBITaxon:9606	NT=prostate gland;AC=UBERON:0002367	NT=epithelial cell;AC=CL:0000066	NT=prostate carcinoma;AC=MONDO:0005159	LNCaP	CVCL_0395	LNCaP	NT=reference;AC=PRIDE:0000899	not applicable	not applicable	3000	pooled	pooled	run 19	proteomic profiling by mass spectrometry	NT=Q Exactive Plus;AC=MS:1002634	TMT127N	NT=TMT6plex;AC=UNIMOD:737;TA=K;MT=Fixed	NT=TMT6plex;AC=UNIMOD:737;PP=Any N-term;MT=Fixed	NT=Carbamidomethyl;AC=UNIMOD:4;TA=C;MT=Fixed	NT=Oxidation;AC=UNIMOD:35;TA=M;MT=Variable	NT=Trypsin;AC=MS:1001251	NT=data-dependent acquisition;AC=PRIDE:0000627	NT=beam-type collision-induced dissociation;AC=MS:1000422	10 ppm	0.02 Da	not available	not available	not applicable	TMT127N	1	1	230120_19.raw	v1.1.0	NT=ms-proteomics;VV=v1.1.0	NT=cell-lines;VV=v1.1.0	NT=single-cell;VV=v1.0.0	manual curation	LNCaP
230120_19_TMT127C	NT=Homo sapiens;AC=NCBITaxon:9606	NT=prostate gland;AC=UBERON:0002367	NT=epithelial cell;AC=CL:0000066	NT=prostate carcinoma;AC=MONDO:0005159	LNCaP C4	CVCL_4783	LNCaP C4	NT=single cell;AC=PRIDE:0000897	manual picking	230120_19_TMT127C	1	not pooled	55	run 19	proteomic profiling by mass spectrometry	NT=Q Exactive Plus;AC=MS:1002634	TMT127C	NT=TMT6plex;AC=UNIMOD:737;TA=K;MT=Fixed	NT=TMT6plex;AC=UNIMOD:737;PP=Any N-term;MT=Fixed	NT=Carbamidomethyl;AC=UNIMOD:4;TA=C;MT=Fixed	NT=Oxidation;AC=UNIMOD:35;TA=M;MT=Variable	NT=Trypsin;AC=MS:1001251	NT=data-dependent acquisition;AC=PRIDE:0000627	NT=beam-type collision-induced dissociation;AC=MS:1000422	10 ppm	0.02 Da	not available	not available	not applicable	TMT127N	1	1	230120_19.raw	v1.1.0	NT=ms-proteomics;VV=v1.1.0	NT=cell-lines;VV=v1.1.0	NT=single-cell;VV=v1.0.0	manual curation	LNCaP C4
230120_19_TMT128N	NT=Homo sapiens;AC=NCBITaxon:9606	NT=prostate gland;AC=UBERON:0002367	NT=epithelial cell;AC=CL:0000066	NT=prostate carcinoma;AC=MONDO:0005159	LNCaP	CVCL_0395	LNCaP	NT=single cell;AC=PRIDE:0000897	manual picking	230120_19_TMT128N	1	not pooled	56	run 19	proteomic profiling by mass spectrometry	NT=Q Exactive Plus;AC=MS:1002634	TMT128N	NT=TMT6plex;AC=UNIMOD:737;TA=K;MT=Fixed	NT=TMT6plex;AC=UNIMOD:737;PP=Any N-term;MT=Fixed	NT=Carbamidomethyl;AC=UNIMOD:4;TA=C;MT=Fixed	NT=Oxidation;AC=UNIMOD:35;TA=M;MT=Variable	NT=Trypsin;AC=MS:1001251	NT=data-dependent acquisition;AC=PRIDE:0000627	NT=beam-type collision-induced dissociation;AC=MS:1000422	10 ppm	0.02 Da	not available	not available	not applicable	TMT127N	1	1	230120_19.raw	v1.1.0	NT=ms-proteomics;VV=v1.1.0	NT=cell-lines;VV=v1.1.0	NT=single-cell;VV=v1.0.0	manual curation	LNCaP
230120_19_TMT128C	NT=Homo sapiens;AC=NCBITaxon:9606	NT=prostate gland;AC=UBERON:0002367	NT=epithelial cell;AC=CL:0000066	NT=prostate carcinoma;AC=MONDO:0005159	LNCaP C4	CVCL_4783	LNCaP C4	NT=single cell;AC=PRIDE:0000897	manual picking	230120_19_TMT128C	1	not pooled	56	run 19	proteomic profiling by mass spectrometry	NT=Q Exactive Plus;AC=MS:1002634	TMT128C	NT=TMT6plex;AC=UNIMOD:737;TA=K;MT=Fixed	NT=TMT6plex;AC=UNIMOD:737;PP=Any N-term;MT=Fixed	NT=Carbamidomethyl;AC=UNIMOD:4;TA=C;MT=Fixed	NT=Oxidation;AC=UNIMOD:35;TA=M;MT=Variable	NT=Trypsin;AC=MS:1001251	NT=data-dependent acquisition;AC=PRIDE:0000627	NT=beam-type collision-induced dissociation;AC=MS:1000422	10 ppm	0.02 Da	not available	not available	not applicable	TMT127N	1	1	230120_19.raw	v1.1.0	NT=ms-proteomics;VV=v1.1.0	NT=cell-lines;VV=v1.1.0	NT=single-cell;VV=v1.0.0	manual curation	LNCaP C4
230120_19_TMT129N	NT=Homo sapiens;AC=NCBITaxon:9606	NT=prostate gland;AC=UBERON:0002367	NT=epithelial cell;AC=CL:0000066	NT=prostate carcinoma;AC=MONDO:0005159	LNCaP	CVCL_0395	LNCaP	NT=single cell;AC=PRIDE:0000897	manual picking	230120_19_TMT129N	1	not pooled	57	run 19	proteomic profiling by mass spectrometry	NT=Q Exactive Plus;AC=MS:1002634	TMT129N	NT=TMT6plex;AC=UNIMOD:737;TA=K;MT=Fixed	NT=TMT6plex;AC=UNIMOD:737;PP=Any N-term;MT=Fixed	NT=Carbamidomethyl;AC=UNIMOD:4;TA=C;MT=Fixed	NT=Oxidation;AC=UNIMOD:35;TA=M;MT=Variable	NT=Trypsin;AC=MS:1001251	NT=data-dependent acquisition;AC=PRIDE:0000627	NT=beam-type collision-induced dissociation;AC=MS:1000422	10 ppm	0.02 Da	not available	not available	not applicable	TMT127N	1	1	230120_19.raw	v1.1.0	NT=ms-proteomics;VV=v1.1.0	NT=cell-lines;VV=v1.1.0	NT=single-cell;VV=v1.0.0	manual curation	LNCaP
230120_19_TMT129C	NT=Homo sapiens;AC=NCBITaxon:9606	NT=prostate gland;AC=UBERON:0002367	NT=epithelial cell;AC=CL:0000066	NT=prostate carcinoma;AC=MONDO:0005159	LNCaP C4	CVCL_4783	LNCaP C4	NT=single cell;AC=PRIDE:0000897	manual picking	230120_19_TMT129C	1	not pooled	57	run 19	proteomic profiling by mass spectrometry	NT=Q Exactive Plus;AC=MS:1002634	TMT129C	NT=TMT6plex;AC=UNIMOD:737;TA=K;MT=Fixed	NT=TMT6plex;AC=UNIMOD:737;PP=Any N-term;MT=Fixed	NT=Carbamidomethyl;AC=UNIMOD:4;TA=C;MT=Fixed	NT=Oxidation;AC=UNIMOD:35;TA=M;MT=Variable	NT=Trypsin;AC=MS:1001251	NT=data-dependent acquisition;AC=PRIDE:0000627	NT=beam-type collision-induced dissociation;AC=MS:1000422	10 ppm	0.02 Da	not available	not available	not applicable	TMT127N	1	1	230120_19.raw	v1.1.0	NT=ms-proteomics;VV=v1.1.0	NT=cell-lines;VV=v1.1.0	NT=single-cell;VV=v1.0.0	manual curation	LNCaP C4
230120_19_TMT130N	NT=Homo sapiens;AC=NCBITaxon:9606	not available	not available	not available	U118	not available	not available	NT=single cell;AC=PRIDE:0000897	manual picking	230120_19_TMT130N	1	not pooled	55	run 19	proteomic profiling by mass spectrometry	NT=Q Exactive Plus;AC=MS:1002634	TMT130N	NT=TMT6plex;AC=UNIMOD:737;TA=K;MT=Fixed	NT=TMT6plex;AC=UNIMOD:737;PP=Any N-term;MT=Fixed	NT=Carbamidomethyl;AC=UNIMOD:4;TA=C;MT=Fixed	NT=Oxidation;AC=UNIMOD:35;TA=M;MT=Variable	NT=Trypsin;AC=MS:1001251	NT=data-dependent acquisition;AC=PRIDE:0000627	NT=beam-type collision-induced dissociation;AC=MS:1000422	10 ppm	0.02 Da	not available	not available	not applicable	TMT127N	1	1	230120_19.raw	v1.1.0	NT=ms-proteomics;VV=v1.1.0	NT=cell-lines;VV=v1.1.0	NT=single-cell;VV=v1.0.0	manual curation	U118
230120_19_TMT130C	NT=Homo sapiens;AC=NCBITaxon:9606	not available	not available	not available	U118	not available	not available	NT=single cell;AC=PRIDE:0000897	manual picking	230120_19_TMT130C	1	not pooled	56	run 19	proteomic profiling by mass spectrometry	NT=Q Exactive Plus;AC=MS:1002634	TMT130C	NT=TMT6plex;AC=UNIMOD:737;TA=K;MT=Fixed	NT=TMT6plex;AC=UNIMOD:737;PP=Any N-term;MT=Fixed	NT=Carbamidomethyl;AC=UNIMOD:4;TA=C;MT=Fixed	NT=Oxidation;AC=UNIMOD:35;TA=M;MT=Variable	NT=Trypsin;AC=MS:1001251	NT=data-dependent acquisition;AC=PRIDE:0000627	NT=beam-type collision-induced dissociation;AC=MS:1000422	10 ppm	0.02 Da	not available	not available	not applicable	TMT127N	1	1	230120_19.raw	v1.1.0	NT=ms-proteomics;VV=v1.1.0	NT=cell-lines;VV=v1.1.0	NT=single-cell;VV=v1.0.0	manual curation	U118
230120_19_TMT131	NT=Homo sapiens;AC=NCBITaxon:9606	not available	not available	not available	U118	not available	not available	NT=single cell;AC=PRIDE:0000897	manual picking	230120_19_TMT131	1	not pooled	57	run 19	proteomic profiling by mass spectrometry	NT=Q Exactive Plus;AC=MS:1002634	TMT131	NT=TMT6plex;AC=UNIMOD:737;TA=K;MT=Fixed	NT=TMT6plex;AC=UNIMOD:737;PP=Any N-term;MT=Fixed	NT=Carbamidomethyl;AC=UNIMOD:4;TA=C;MT=Fixed	NT=Oxidation;AC=UNIMOD:35;TA=M;MT=Variable	NT=Trypsin;AC=MS:1001251	NT=data-dependent acquisition;AC=PRIDE:0000627	NT=beam-type collision-induced dissociation;AC=MS:1000422	10 ppm	0.02 Da	not available	not available	not applicable	TMT127N	1	1	230120_19.raw	v1.1.0	NT=ms-proteomics;VV=v1.1.0	NT=cell-lines;VV=v1.1.0	NT=single-cell;VV=v1.0.0	manual curation	U118
230120_20_TMT126	NT=Homo sapiens;AC=NCBITaxon:9606	NT=prostate gland;AC=UBERON:0002367	NT=epithelial cell;AC=CL:0000066	NT=prostate carcinoma;AC=MONDO:0005159	LNCaP	CVCL_0395	LNCaP	NT=single cell;AC=PRIDE:0000897	manual picking	230120_20_TMT126	1	not pooled	58	run 20	proteomic profiling by mass spectrometry	NT=Q Exactive Plus;AC=MS:1002634	TMT126	NT=TMT6plex;AC=UNIMOD:737;TA=K;MT=Fixed	NT=TMT6plex;AC=UNIMOD:737;PP=Any N-term;MT=Fixed	NT=Carbamidomethyl;AC=UNIMOD:4;TA=C;MT=Fixed	NT=Oxidation;AC=UNIMOD:35;TA=M;MT=Variable	NT=Trypsin;AC=MS:1001251	NT=data-dependent acquisition;AC=PRIDE:0000627	NT=beam-type collision-induced dissociation;AC=MS:1000422	10 ppm	0.02 Da	not available	not available	not applicable	TMT127N	1	1	230120_20.raw	v1.1.0	NT=ms-proteomics;VV=v1.1.0	NT=cell-lines;VV=v1.1.0	NT=single-cell;VV=v1.0.0	manual curation	LNCaP
230120_20_TMT127N	NT=Homo sapiens;AC=NCBITaxon:9606	NT=prostate gland;AC=UBERON:0002367	NT=epithelial cell;AC=CL:0000066	NT=prostate carcinoma;AC=MONDO:0005159	LNCaP	CVCL_0395	LNCaP	NT=reference;AC=PRIDE:0000899	not applicable	not applicable	3000	pooled	pooled	run 20	proteomic profiling by mass spectrometry	NT=Q Exactive Plus;AC=MS:1002634	TMT127N	NT=TMT6plex;AC=UNIMOD:737;TA=K;MT=Fixed	NT=TMT6plex;AC=UNIMOD:737;PP=Any N-term;MT=Fixed	NT=Carbamidomethyl;AC=UNIMOD:4;TA=C;MT=Fixed	NT=Oxidation;AC=UNIMOD:35;TA=M;MT=Variable	NT=Trypsin;AC=MS:1001251	NT=data-dependent acquisition;AC=PRIDE:0000627	NT=beam-type collision-induced dissociation;AC=MS:1000422	10 ppm	0.02 Da	not available	not available	not applicable	TMT127N	1	1	230120_20.raw	v1.1.0	NT=ms-proteomics;VV=v1.1.0	NT=cell-lines;VV=v1.1.0	NT=single-cell;VV=v1.0.0	manual curation	LNCaP
230120_20_TMT127C	NT=Homo sapiens;AC=NCBITaxon:9606	NT=prostate gland;AC=UBERON:0002367	NT=epithelial cell;AC=CL:0000066	NT=prostate carcinoma;AC=MONDO:0005159	LNCaP C4	CVCL_4783	LNCaP C4	NT=single cell;AC=PRIDE:0000897	manual picking	230120_20_TMT127C	1	not pooled	58	run 20	proteomic profiling by mass spectrometry	NT=Q Exactive Plus;AC=MS:1002634	TMT127C	NT=TMT6plex;AC=UNIMOD:737;TA=K;MT=Fixed	NT=TMT6plex;AC=UNIMOD:737;PP=Any N-term;MT=Fixed	NT=Carbamidomethyl;AC=UNIMOD:4;TA=C;MT=Fixed	NT=Oxidation;AC=UNIMOD:35;TA=M;MT=Variable	NT=Trypsin;AC=MS:1001251	NT=data-dependent acquisition;AC=PRIDE:0000627	NT=beam-type collision-induced dissociation;AC=MS:1000422	10 ppm	0.02 Da	not available	not available	not applicable	TMT127N	1	1	230120_20.raw	v1.1.0	NT=ms-proteomics;VV=v1.1.0	NT=cell-lines;VV=v1.1.0	NT=single-cell;VV=v1.0.0	manual curation	LNCaP C4
230120_20_TMT128N	NT=Homo sapiens;AC=NCBITaxon:9606	NT=prostate gland;AC=UBERON:0002367	NT=epithelial cell;AC=CL:0000066	NT=prostate carcinoma;AC=MONDO:0005159	LNCaP	CVCL_0395	LNCaP	NT=single cell;AC=PRIDE:0000897	manual picking	230120_20_TMT128N	1	not pooled	59	run 20	proteomic profiling by mass spectrometry	NT=Q Exactive Plus;AC=MS:1002634	TMT128N	NT=TMT6plex;AC=UNIMOD:737;TA=K;MT=Fixed	NT=TMT6plex;AC=UNIMOD:737;PP=Any N-term;MT=Fixed	NT=Carbamidomethyl;AC=UNIMOD:4;TA=C;MT=Fixed	NT=Oxidation;AC=UNIMOD:35;TA=M;MT=Variable	NT=Trypsin;AC=MS:1001251	NT=data-dependent acquisition;AC=PRIDE:0000627	NT=beam-type collision-induced dissociation;AC=MS:1000422	10 ppm	0.02 Da	not available	not available	not applicable	TMT127N	1	1	230120_20.raw	v1.1.0	NT=ms-proteomics;VV=v1.1.0	NT=cell-lines;VV=v1.1.0	NT=single-cell;VV=v1.0.0	manual curation	LNCaP
230120_20_TMT128C	NT=Homo sapiens;AC=NCBITaxon:9606	NT=prostate gland;AC=UBERON:0002367	NT=epithelial cell;AC=CL:0000066	NT=prostate carcinoma;AC=MONDO:0005159	LNCaP C4	CVCL_4783	LNCaP C4	NT=single cell;AC=PRIDE:0000897	manual picking	230120_20_TMT128C	1	not pooled	59	run 20	proteomic profiling by mass spectrometry	NT=Q Exactive Plus;AC=MS:1002634	TMT128C	NT=TMT6plex;AC=UNIMOD:737;TA=K;MT=Fixed	NT=TMT6plex;AC=UNIMOD:737;PP=Any N-term;MT=Fixed	NT=Carbamidomethyl;AC=UNIMOD:4;TA=C;MT=Fixed	NT=Oxidation;AC=UNIMOD:35;TA=M;MT=Variable	NT=Trypsin;AC=MS:1001251	NT=data-dependent acquisition;AC=PRIDE:0000627	NT=beam-type collision-induced dissociation;AC=MS:1000422	10 ppm	0.02 Da	not available	not available	not applicable	TMT127N	1	1	230120_20.raw	v1.1.0	NT=ms-proteomics;VV=v1.1.0	NT=cell-lines;VV=v1.1.0	NT=single-cell;VV=v1.0.0	manual curation	LNCaP C4
230120_20_TMT129N	NT=Homo sapiens;AC=NCBITaxon:9606	NT=prostate gland;AC=UBERON:0002367	NT=epithelial cell;AC=CL:0000066	NT=prostate carcinoma;AC=MONDO:0005159	LNCaP	CVCL_0395	LNCaP	NT=single cell;AC=PRIDE:0000897	manual picking	230120_20_TMT129N	1	not pooled	60	run 20	proteomic profiling by mass spectrometry	NT=Q Exactive Plus;AC=MS:1002634	TMT129N	NT=TMT6plex;AC=UNIMOD:737;TA=K;MT=Fixed	NT=TMT6plex;AC=UNIMOD:737;PP=Any N-term;MT=Fixed	NT=Carbamidomethyl;AC=UNIMOD:4;TA=C;MT=Fixed	NT=Oxidation;AC=UNIMOD:35;TA=M;MT=Variable	NT=Trypsin;AC=MS:1001251	NT=data-dependent acquisition;AC=PRIDE:0000627	NT=beam-type collision-induced dissociation;AC=MS:1000422	10 ppm	0.02 Da	not available	not available	not applicable	TMT127N	1	1	230120_20.raw	v1.1.0	NT=ms-proteomics;VV=v1.1.0	NT=cell-lines;VV=v1.1.0	NT=single-cell;VV=v1.0.0	manual curation	LNCaP
230120_20_TMT129C	NT=Homo sapiens;AC=NCBITaxon:9606	NT=prostate gland;AC=UBERON:0002367	NT=epithelial cell;AC=CL:0000066	NT=prostate carcinoma;AC=MONDO:0005159	LNCaP C4	CVCL_4783	LNCaP C4	NT=single cell;AC=PRIDE:0000897	manual picking	230120_20_TMT129C	1	not pooled	60	run 20	proteomic profiling by mass spectrometry	NT=Q Exactive Plus;AC=MS:1002634	TMT129C	NT=TMT6plex;AC=UNIMOD:737;TA=K;MT=Fixed	NT=TMT6plex;AC=UNIMOD:737;PP=Any N-term;MT=Fixed	NT=Carbamidomethyl;AC=UNIMOD:4;TA=C;MT=Fixed	NT=Oxidation;AC=UNIMOD:35;TA=M;MT=Variable	NT=Trypsin;AC=MS:1001251	NT=data-dependent acquisition;AC=PRIDE:0000627	NT=beam-type collision-induced dissociation;AC=MS:1000422	10 ppm	0.02 Da	not available	not available	not applicable	TMT127N	1	1	230120_20.raw	v1.1.0	NT=ms-proteomics;VV=v1.1.0	NT=cell-lines;VV=v1.1.0	NT=single-cell;VV=v1.0.0	manual curation	LNCaP C4
230120_20_TMT130N	NT=Homo sapiens;AC=NCBITaxon:9606	not available	not available	not available	U118	not available	not available	NT=single cell;AC=PRIDE:0000897	manual picking	230120_20_TMT130N	1	not pooled	58	run 20	proteomic profiling by mass spectrometry	NT=Q Exactive Plus;AC=MS:1002634	TMT130N	NT=TMT6plex;AC=UNIMOD:737;TA=K;MT=Fixed	NT=TMT6plex;AC=UNIMOD:737;PP=Any N-term;MT=Fixed	NT=Carbamidomethyl;AC=UNIMOD:4;TA=C;MT=Fixed	NT=Oxidation;AC=UNIMOD:35;TA=M;MT=Variable	NT=Trypsin;AC=MS:1001251	NT=data-dependent acquisition;AC=PRIDE:0000627	NT=beam-type collision-induced dissociation;AC=MS:1000422	10 ppm	0.02 Da	not available	not available	not applicable	TMT127N	1	1	230120_20.raw	v1.1.0	NT=ms-proteomics;VV=v1.1.0	NT=cell-lines;VV=v1.1.0	NT=single-cell;VV=v1.0.0	manual curation	U118
230120_20_TMT130C	NT=Homo sapiens;AC=NCBITaxon:9606	not available	not available	not available	U118	not available	not available	NT=single cell;AC=PRIDE:0000897	manual picking	230120_20_TMT130C	1	not pooled	59	run 20	proteomic profiling by mass spectrometry	NT=Q Exactive Plus;AC=MS:1002634	TMT130C	NT=TMT6plex;AC=UNIMOD:737;TA=K;MT=Fixed	NT=TMT6plex;AC=UNIMOD:737;PP=Any N-term;MT=Fixed	NT=Carbamidomethyl;AC=UNIMOD:4;TA=C;MT=Fixed	NT=Oxidation;AC=UNIMOD:35;TA=M;MT=Variable	NT=Trypsin;AC=MS:1001251	NT=data-dependent acquisition;AC=PRIDE:0000627	NT=beam-type collision-induced dissociation;AC=MS:1000422	10 ppm	0.02 Da	not available	not available	not applicable	TMT127N	1	1	230120_20.raw	v1.1.0	NT=ms-proteomics;VV=v1.1.0	NT=cell-lines;VV=v1.1.0	NT=single-cell;VV=v1.0.0	manual curation	U118
230120_20_TMT131	NT=Homo sapiens;AC=NCBITaxon:9606	not available	not available	not available	U118	not available	not available	NT=single cell;AC=PRIDE:0000897	manual picking	230120_20_TMT131	1	not pooled	60	run 20	proteomic profiling by mass spectrometry	NT=Q Exactive Plus;AC=MS:1002634	TMT131	NT=TMT6plex;AC=UNIMOD:737;TA=K;MT=Fixed	NT=TMT6plex;AC=UNIMOD:737;PP=Any N-term;MT=Fixed	NT=Carbamidomethyl;AC=UNIMOD:4;TA=C;MT=Fixed	NT=Oxidation;AC=UNIMOD:35;TA=M;MT=Variable	NT=Trypsin;AC=MS:1001251	NT=data-dependent acquisition;AC=PRIDE:0000627	NT=beam-type collision-induced dissociation;AC=MS:1000422	10 ppm	0.02 Da	not available	not available	not applicable	TMT127N	1	1	230120_20.raw	v1.1.0	NT=ms-proteomics;VV=v1.1.0	NT=cell-lines;VV=v1.1.0	NT=single-cell;VV=v1.0.0	manual curation	U118
230120_21_TMT126	NT=Homo sapiens;AC=NCBITaxon:9606	NT=prostate gland;AC=UBERON:0002367	NT=epithelial cell;AC=CL:0000066	NT=prostate carcinoma;AC=MONDO:0005159	LNCaP	CVCL_0395	LNCaP	NT=single cell;AC=PRIDE:0000897	manual picking	230120_21_TMT126	1	not pooled	61	run 21	proteomic profiling by mass spectrometry	NT=Q Exactive Plus;AC=MS:1002634	TMT126	NT=TMT6plex;AC=UNIMOD:737;TA=K;MT=Fixed	NT=TMT6plex;AC=UNIMOD:737;PP=Any N-term;MT=Fixed	NT=Carbamidomethyl;AC=UNIMOD:4;TA=C;MT=Fixed	NT=Oxidation;AC=UNIMOD:35;TA=M;MT=Variable	NT=Trypsin;AC=MS:1001251	NT=data-dependent acquisition;AC=PRIDE:0000627	NT=beam-type collision-induced dissociation;AC=MS:1000422	10 ppm	0.02 Da	not available	not available	not applicable	TMT127N	1	1	230120_21.raw	v1.1.0	NT=ms-proteomics;VV=v1.1.0	NT=cell-lines;VV=v1.1.0	NT=single-cell;VV=v1.0.0	manual curation	LNCaP
230120_21_TMT127N	NT=Homo sapiens;AC=NCBITaxon:9606	NT=prostate gland;AC=UBERON:0002367	NT=epithelial cell;AC=CL:0000066	NT=prostate carcinoma;AC=MONDO:0005159	LNCaP	CVCL_0395	LNCaP	NT=reference;AC=PRIDE:0000899	not applicable	not applicable	3000	pooled	pooled	run 21	proteomic profiling by mass spectrometry	NT=Q Exactive Plus;AC=MS:1002634	TMT127N	NT=TMT6plex;AC=UNIMOD:737;TA=K;MT=Fixed	NT=TMT6plex;AC=UNIMOD:737;PP=Any N-term;MT=Fixed	NT=Carbamidomethyl;AC=UNIMOD:4;TA=C;MT=Fixed	NT=Oxidation;AC=UNIMOD:35;TA=M;MT=Variable	NT=Trypsin;AC=MS:1001251	NT=data-dependent acquisition;AC=PRIDE:0000627	NT=beam-type collision-induced dissociation;AC=MS:1000422	10 ppm	0.02 Da	not available	not available	not applicable	TMT127N	1	1	230120_21.raw	v1.1.0	NT=ms-proteomics;VV=v1.1.0	NT=cell-lines;VV=v1.1.0	NT=single-cell;VV=v1.0.0	manual curation	LNCaP
230120_21_TMT127C	NT=Homo sapiens;AC=NCBITaxon:9606	NT=prostate gland;AC=UBERON:0002367	NT=epithelial cell;AC=CL:0000066	NT=prostate carcinoma;AC=MONDO:0005159	LNCaP C4	CVCL_4783	LNCaP C4	NT=single cell;AC=PRIDE:0000897	manual picking	230120_21_TMT127C	1	not pooled	61	run 21	proteomic profiling by mass spectrometry	NT=Q Exactive Plus;AC=MS:1002634	TMT127C	NT=TMT6plex;AC=UNIMOD:737;TA=K;MT=Fixed	NT=TMT6plex;AC=UNIMOD:737;PP=Any N-term;MT=Fixed	NT=Carbamidomethyl;AC=UNIMOD:4;TA=C;MT=Fixed	NT=Oxidation;AC=UNIMOD:35;TA=M;MT=Variable	NT=Trypsin;AC=MS:1001251	NT=data-dependent acquisition;AC=PRIDE:0000627	NT=beam-type collision-induced dissociation;AC=MS:1000422	10 ppm	0.02 Da	not available	not available	not applicable	TMT127N	1	1	230120_21.raw	v1.1.0	NT=ms-proteomics;VV=v1.1.0	NT=cell-lines;VV=v1.1.0	NT=single-cell;VV=v1.0.0	manual curation	LNCaP C4
230120_21_TMT128N	NT=Homo sapiens;AC=NCBITaxon:9606	NT=prostate gland;AC=UBERON:0002367	NT=epithelial cell;AC=CL:0000066	NT=prostate carcinoma;AC=MONDO:0005159	LNCaP	CVCL_0395	LNCaP	NT=single cell;AC=PRIDE:0000897	manual picking	230120_21_TMT128N	1	not pooled	62	run 21	proteomic profiling by mass spectrometry	NT=Q Exactive Plus;AC=MS:1002634	TMT128N	NT=TMT6plex;AC=UNIMOD:737;TA=K;MT=Fixed	NT=TMT6plex;AC=UNIMOD:737;PP=Any N-term;MT=Fixed	NT=Carbamidomethyl;AC=UNIMOD:4;TA=C;MT=Fixed	NT=Oxidation;AC=UNIMOD:35;TA=M;MT=Variable	NT=Trypsin;AC=MS:1001251	NT=data-dependent acquisition;AC=PRIDE:0000627	NT=beam-type collision-induced dissociation;AC=MS:1000422	10 ppm	0.02 Da	not available	not available	not applicable	TMT127N	1	1	230120_21.raw	v1.1.0	NT=ms-proteomics;VV=v1.1.0	NT=cell-lines;VV=v1.1.0	NT=single-cell;VV=v1.0.0	manual curation	LNCaP
230120_21_TMT128C	NT=Homo sapiens;AC=NCBITaxon:9606	NT=prostate gland;AC=UBERON:0002367	NT=epithelial cell;AC=CL:0000066	NT=prostate carcinoma;AC=MONDO:0005159	LNCaP C4	CVCL_4783	LNCaP C4	NT=single cell;AC=PRIDE:0000897	manual picking	230120_21_TMT128C	1	not pooled	62	run 21	proteomic profiling by mass spectrometry	NT=Q Exactive Plus;AC=MS:1002634	TMT128C	NT=TMT6plex;AC=UNIMOD:737;TA=K;MT=Fixed	NT=TMT6plex;AC=UNIMOD:737;PP=Any N-term;MT=Fixed	NT=Carbamidomethyl;AC=UNIMOD:4;TA=C;MT=Fixed	NT=Oxidation;AC=UNIMOD:35;TA=M;MT=Variable	NT=Trypsin;AC=MS:1001251	NT=data-dependent acquisition;AC=PRIDE:0000627	NT=beam-type collision-induced dissociation;AC=MS:1000422	10 ppm	0.02 Da	not available	not available	not applicable	TMT127N	1	1	230120_21.raw	v1.1.0	NT=ms-proteomics;VV=v1.1.0	NT=cell-lines;VV=v1.1.0	NT=single-cell;VV=v1.0.0	manual curation	LNCaP C4
230120_21_TMT129N	NT=Homo sapiens;AC=NCBITaxon:9606	NT=prostate gland;AC=UBERON:0002367	NT=epithelial cell;AC=CL:0000066	NT=prostate carcinoma;AC=MONDO:0005159	LNCaP	CVCL_0395	LNCaP	NT=single cell;AC=PRIDE:0000897	manual picking	230120_21_TMT129N	1	not pooled	63	run 21	proteomic profiling by mass spectrometry	NT=Q Exactive Plus;AC=MS:1002634	TMT129N	NT=TMT6plex;AC=UNIMOD:737;TA=K;MT=Fixed	NT=TMT6plex;AC=UNIMOD:737;PP=Any N-term;MT=Fixed	NT=Carbamidomethyl;AC=UNIMOD:4;TA=C;MT=Fixed	NT=Oxidation;AC=UNIMOD:35;TA=M;MT=Variable	NT=Trypsin;AC=MS:1001251	NT=data-dependent acquisition;AC=PRIDE:0000627	NT=beam-type collision-induced dissociation;AC=MS:1000422	10 ppm	0.02 Da	not available	not available	not applicable	TMT127N	1	1	230120_21.raw	v1.1.0	NT=ms-proteomics;VV=v1.1.0	NT=cell-lines;VV=v1.1.0	NT=single-cell;VV=v1.0.0	manual curation	LNCaP
230120_21_TMT129C	NT=Homo sapiens;AC=NCBITaxon:9606	NT=prostate gland;AC=UBERON:0002367	NT=epithelial cell;AC=CL:0000066	NT=prostate carcinoma;AC=MONDO:0005159	LNCaP C4	CVCL_4783	LNCaP C4	NT=single cell;AC=PRIDE:0000897	manual picking	230120_21_TMT129C	1	not pooled	63	run 21	proteomic profiling by mass spectrometry	NT=Q Exactive Plus;AC=MS:1002634	TMT129C	NT=TMT6plex;AC=UNIMOD:737;TA=K;MT=Fixed	NT=TMT6plex;AC=UNIMOD:737;PP=Any N-term;MT=Fixed	NT=Carbamidomethyl;AC=UNIMOD:4;TA=C;MT=Fixed	NT=Oxidation;AC=UNIMOD:35;TA=M;MT=Variable	NT=Trypsin;AC=MS:1001251	NT=data-dependent acquisition;AC=PRIDE:0000627	NT=beam-type collision-induced dissociation;AC=MS:1000422	10 ppm	0.02 Da	not available	not available	not applicable	TMT127N	1	1	230120_21.raw	v1.1.0	NT=ms-proteomics;VV=v1.1.0	NT=cell-lines;VV=v1.1.0	NT=single-cell;VV=v1.0.0	manual curation	LNCaP C4
230120_21_TMT130N	NT=Homo sapiens;AC=NCBITaxon:9606	not available	not available	not available	U118	not available	not available	NT=single cell;AC=PRIDE:0000897	manual picking	230120_21_TMT130N	1	not pooled	61	run 21	proteomic profiling by mass spectrometry	NT=Q Exactive Plus;AC=MS:1002634	TMT130N	NT=TMT6plex;AC=UNIMOD:737;TA=K;MT=Fixed	NT=TMT6plex;AC=UNIMOD:737;PP=Any N-term;MT=Fixed	NT=Carbamidomethyl;AC=UNIMOD:4;TA=C;MT=Fixed	NT=Oxidation;AC=UNIMOD:35;TA=M;MT=Variable	NT=Trypsin;AC=MS:1001251	NT=data-dependent acquisition;AC=PRIDE:0000627	NT=beam-type collision-induced dissociation;AC=MS:1000422	10 ppm	0.02 Da	not available	not available	not applicable	TMT127N	1	1	230120_21.raw	v1.1.0	NT=ms-proteomics;VV=v1.1.0	NT=cell-lines;VV=v1.1.0	NT=single-cell;VV=v1.0.0	manual curation	U118
230120_21_TMT130C	NT=Homo sapiens;AC=NCBITaxon:9606	not available	not available	not available	U118	not available	not available	NT=single cell;AC=PRIDE:0000897	manual picking	230120_21_TMT130C	1	not pooled	62	run 21	proteomic profiling by mass spectrometry	NT=Q Exactive Plus;AC=MS:1002634	TMT130C	NT=TMT6plex;AC=UNIMOD:737;TA=K;MT=Fixed	NT=TMT6plex;AC=UNIMOD:737;PP=Any N-term;MT=Fixed	NT=Carbamidomethyl;AC=UNIMOD:4;TA=C;MT=Fixed	NT=Oxidation;AC=UNIMOD:35;TA=M;MT=Variable	NT=Trypsin;AC=MS:1001251	NT=data-dependent acquisition;AC=PRIDE:0000627	NT=beam-type collision-induced dissociation;AC=MS:1000422	10 ppm	0.02 Da	not available	not available	not applicable	TMT127N	1	1	230120_21.raw	v1.1.0	NT=ms-proteomics;VV=v1.1.0	NT=cell-lines;VV=v1.1.0	NT=single-cell;VV=v1.0.0	manual curation	U118
230120_21_TMT131	NT=Homo sapiens;AC=NCBITaxon:9606	not available	not available	not available	U118	not available	not available	NT=single cell;AC=PRIDE:0000897	manual picking	230120_21_TMT131	1	not pooled	63	run 21	proteomic profiling by mass spectrometry	NT=Q Exactive Plus;AC=MS:1002634	TMT131	NT=TMT6plex;AC=UNIMOD:737;TA=K;MT=Fixed	NT=TMT6plex;AC=UNIMOD:737;PP=Any N-term;MT=Fixed	NT=Carbamidomethyl;AC=UNIMOD:4;TA=C;MT=Fixed	NT=Oxidation;AC=UNIMOD:35;TA=M;MT=Variable	NT=Trypsin;AC=MS:1001251	NT=data-dependent acquisition;AC=PRIDE:0000627	NT=beam-type collision-induced dissociation;AC=MS:1000422	10 ppm	0.02 Da	not available	not available	not applicable	TMT127N	1	1	230120_21.raw	v1.1.0	NT=ms-proteomics;VV=v1.1.0	NT=cell-lines;VV=v1.1.0	NT=single-cell;VV=v1.0.0	manual curation	U118
230120_22_TMT126	NT=Homo sapiens;AC=NCBITaxon:9606	NT=prostate gland;AC=UBERON:0002367	NT=epithelial cell;AC=CL:0000066	NT=prostate carcinoma;AC=MONDO:0005159	LNCaP	CVCL_0395	LNCaP	NT=single cell;AC=PRIDE:0000897	manual picking	230120_22_TMT126	1	not pooled	64	run 22	proteomic profiling by mass spectrometry	NT=Q Exactive Plus;AC=MS:1002634	TMT126	NT=TMT6plex;AC=UNIMOD:737;TA=K;MT=Fixed	NT=TMT6plex;AC=UNIMOD:737;PP=Any N-term;MT=Fixed	NT=Carbamidomethyl;AC=UNIMOD:4;TA=C;MT=Fixed	NT=Oxidation;AC=UNIMOD:35;TA=M;MT=Variable	NT=Trypsin;AC=MS:1001251	NT=data-dependent acquisition;AC=PRIDE:0000627	NT=beam-type collision-induced dissociation;AC=MS:1000422	10 ppm	0.02 Da	not available	not available	not applicable	TMT127N	1	1	230120_22.raw	v1.1.0	NT=ms-proteomics;VV=v1.1.0	NT=cell-lines;VV=v1.1.0	NT=single-cell;VV=v1.0.0	manual curation	LNCaP
230120_22_TMT127N	NT=Homo sapiens;AC=NCBITaxon:9606	NT=prostate gland;AC=UBERON:0002367	NT=epithelial cell;AC=CL:0000066	NT=prostate carcinoma;AC=MONDO:0005159	LNCaP	CVCL_0395	LNCaP	NT=reference;AC=PRIDE:0000899	not applicable	not applicable	3000	pooled	pooled	run 22	proteomic profiling by mass spectrometry	NT=Q Exactive Plus;AC=MS:1002634	TMT127N	NT=TMT6plex;AC=UNIMOD:737;TA=K;MT=Fixed	NT=TMT6plex;AC=UNIMOD:737;PP=Any N-term;MT=Fixed	NT=Carbamidomethyl;AC=UNIMOD:4;TA=C;MT=Fixed	NT=Oxidation;AC=UNIMOD:35;TA=M;MT=Variable	NT=Trypsin;AC=MS:1001251	NT=data-dependent acquisition;AC=PRIDE:0000627	NT=beam-type collision-induced dissociation;AC=MS:1000422	10 ppm	0.02 Da	not available	not available	not applicable	TMT127N	1	1	230120_22.raw	v1.1.0	NT=ms-proteomics;VV=v1.1.0	NT=cell-lines;VV=v1.1.0	NT=single-cell;VV=v1.0.0	manual curation	LNCaP
230120_22_TMT127C	NT=Homo sapiens;AC=NCBITaxon:9606	NT=prostate gland;AC=UBERON:0002367	NT=epithelial cell;AC=CL:0000066	NT=prostate carcinoma;AC=MONDO:0005159	LNCaP C4	CVCL_4783	LNCaP C4	NT=single cell;AC=PRIDE:0000897	manual picking	230120_22_TMT127C	1	not pooled	64	run 22	proteomic profiling by mass spectrometry	NT=Q Exactive Plus;AC=MS:1002634	TMT127C	NT=TMT6plex;AC=UNIMOD:737;TA=K;MT=Fixed	NT=TMT6plex;AC=UNIMOD:737;PP=Any N-term;MT=Fixed	NT=Carbamidomethyl;AC=UNIMOD:4;TA=C;MT=Fixed	NT=Oxidation;AC=UNIMOD:35;TA=M;MT=Variable	NT=Trypsin;AC=MS:1001251	NT=data-dependent acquisition;AC=PRIDE:0000627	NT=beam-type collision-induced dissociation;AC=MS:1000422	10 ppm	0.02 Da	not available	not available	not applicable	TMT127N	1	1	230120_22.raw	v1.1.0	NT=ms-proteomics;VV=v1.1.0	NT=cell-lines;VV=v1.1.0	NT=single-cell;VV=v1.0.0	manual curation	LNCaP C4
230120_22_TMT128N	NT=Homo sapiens;AC=NCBITaxon:9606	NT=prostate gland;AC=UBERON:0002367	NT=epithelial cell;AC=CL:0000066	NT=prostate carcinoma;AC=MONDO:0005159	LNCaP	CVCL_0395	LNCaP	NT=single cell;AC=PRIDE:0000897	manual picking	230120_22_TMT128N	1	not pooled	65	run 22	proteomic profiling by mass spectrometry	NT=Q Exactive Plus;AC=MS:1002634	TMT128N	NT=TMT6plex;AC=UNIMOD:737;TA=K;MT=Fixed	NT=TMT6plex;AC=UNIMOD:737;PP=Any N-term;MT=Fixed	NT=Carbamidomethyl;AC=UNIMOD:4;TA=C;MT=Fixed	NT=Oxidation;AC=UNIMOD:35;TA=M;MT=Variable	NT=Trypsin;AC=MS:1001251	NT=data-dependent acquisition;AC=PRIDE:0000627	NT=beam-type collision-induced dissociation;AC=MS:1000422	10 ppm	0.02 Da	not available	not available	not applicable	TMT127N	1	1	230120_22.raw	v1.1.0	NT=ms-proteomics;VV=v1.1.0	NT=cell-lines;VV=v1.1.0	NT=single-cell;VV=v1.0.0	manual curation	LNCaP
230120_22_TMT128C	NT=Homo sapiens;AC=NCBITaxon:9606	NT=prostate gland;AC=UBERON:0002367	NT=epithelial cell;AC=CL:0000066	NT=prostate carcinoma;AC=MONDO:0005159	LNCaP C4	CVCL_4783	LNCaP C4	NT=single cell;AC=PRIDE:0000897	manual picking	230120_22_TMT128C	1	not pooled	65	run 22	proteomic profiling by mass spectrometry	NT=Q Exactive Plus;AC=MS:1002634	TMT128C	NT=TMT6plex;AC=UNIMOD:737;TA=K;MT=Fixed	NT=TMT6plex;AC=UNIMOD:737;PP=Any N-term;MT=Fixed	NT=Carbamidomethyl;AC=UNIMOD:4;TA=C;MT=Fixed	NT=Oxidation;AC=UNIMOD:35;TA=M;MT=Variable	NT=Trypsin;AC=MS:1001251	NT=data-dependent acquisition;AC=PRIDE:0000627	NT=beam-type collision-induced dissociation;AC=MS:1000422	10 ppm	0.02 Da	not available	not available	not applicable	TMT127N	1	1	230120_22.raw	v1.1.0	NT=ms-proteomics;VV=v1.1.0	NT=cell-lines;VV=v1.1.0	NT=single-cell;VV=v1.0.0	manual curation	LNCaP C4
230120_22_TMT129N	NT=Homo sapiens;AC=NCBITaxon:9606	NT=prostate gland;AC=UBERON:0002367	NT=epithelial cell;AC=CL:0000066	NT=prostate carcinoma;AC=MONDO:0005159	LNCaP	CVCL_0395	LNCaP	NT=single cell;AC=PRIDE:0000897	manual picking	230120_22_TMT129N	1	not pooled	66	run 22	proteomic profiling by mass spectrometry	NT=Q Exactive Plus;AC=MS:1002634	TMT129N	NT=TMT6plex;AC=UNIMOD:737;TA=K;MT=Fixed	NT=TMT6plex;AC=UNIMOD:737;PP=Any N-term;MT=Fixed	NT=Carbamidomethyl;AC=UNIMOD:4;TA=C;MT=Fixed	NT=Oxidation;AC=UNIMOD:35;TA=M;MT=Variable	NT=Trypsin;AC=MS:1001251	NT=data-dependent acquisition;AC=PRIDE:0000627	NT=beam-type collision-induced dissociation;AC=MS:1000422	10 ppm	0.02 Da	not available	not available	not applicable	TMT127N	1	1	230120_22.raw	v1.1.0	NT=ms-proteomics;VV=v1.1.0	NT=cell-lines;VV=v1.1.0	NT=single-cell;VV=v1.0.0	manual curation	LNCaP
230120_22_TMT129C	NT=Homo sapiens;AC=NCBITaxon:9606	NT=prostate gland;AC=UBERON:0002367	NT=epithelial cell;AC=CL:0000066	NT=prostate carcinoma;AC=MONDO:0005159	LNCaP C4	CVCL_4783	LNCaP C4	NT=single cell;AC=PRIDE:0000897	manual picking	230120_22_TMT129C	1	not pooled	66	run 22	proteomic profiling by mass spectrometry	NT=Q Exactive Plus;AC=MS:1002634	TMT129C	NT=TMT6plex;AC=UNIMOD:737;TA=K;MT=Fixed	NT=TMT6plex;AC=UNIMOD:737;PP=Any N-term;MT=Fixed	NT=Carbamidomethyl;AC=UNIMOD:4;TA=C;MT=Fixed	NT=Oxidation;AC=UNIMOD:35;TA=M;MT=Variable	NT=Trypsin;AC=MS:1001251	NT=data-dependent acquisition;AC=PRIDE:0000627	NT=beam-type collision-induced dissociation;AC=MS:1000422	10 ppm	0.02 Da	not available	not available	not applicable	TMT127N	1	1	230120_22.raw	v1.1.0	NT=ms-proteomics;VV=v1.1.0	NT=cell-lines;VV=v1.1.0	NT=single-cell;VV=v1.0.0	manual curation	LNCaP C4
230120_22_TMT130N	NT=Homo sapiens;AC=NCBITaxon:9606	not available	not available	not available	U118	not available	not available	NT=single cell;AC=PRIDE:0000897	manual picking	230120_22_TMT130N	1	not pooled	64	run 22	proteomic profiling by mass spectrometry	NT=Q Exactive Plus;AC=MS:1002634	TMT130N	NT=TMT6plex;AC=UNIMOD:737;TA=K;MT=Fixed	NT=TMT6plex;AC=UNIMOD:737;PP=Any N-term;MT=Fixed	NT=Carbamidomethyl;AC=UNIMOD:4;TA=C;MT=Fixed	NT=Oxidation;AC=UNIMOD:35;TA=M;MT=Variable	NT=Trypsin;AC=MS:1001251	NT=data-dependent acquisition;AC=PRIDE:0000627	NT=beam-type collision-induced dissociation;AC=MS:1000422	10 ppm	0.02 Da	not available	not available	not applicable	TMT127N	1	1	230120_22.raw	v1.1.0	NT=ms-proteomics;VV=v1.1.0	NT=cell-lines;VV=v1.1.0	NT=single-cell;VV=v1.0.0	manual curation	U118
230120_22_TMT130C	NT=Homo sapiens;AC=NCBITaxon:9606	not available	not available	not available	U118	not available	not available	NT=single cell;AC=PRIDE:0000897	manual picking	230120_22_TMT130C	1	not pooled	65	run 22	proteomic profiling by mass spectrometry	NT=Q Exactive Plus;AC=MS:1002634	TMT130C	NT=TMT6plex;AC=UNIMOD:737;TA=K;MT=Fixed	NT=TMT6plex;AC=UNIMOD:737;PP=Any N-term;MT=Fixed	NT=Carbamidomethyl;AC=UNIMOD:4;TA=C;MT=Fixed	NT=Oxidation;AC=UNIMOD:35;TA=M;MT=Variable	NT=Trypsin;AC=MS:1001251	NT=data-dependent acquisition;AC=PRIDE:0000627	NT=beam-type collision-induced dissociation;AC=MS:1000422	10 ppm	0.02 Da	not available	not available	not applicable	TMT127N	1	1	230120_22.raw	v1.1.0	NT=ms-proteomics;VV=v1.1.0	NT=cell-lines;VV=v1.1.0	NT=single-cell;VV=v1.0.0	manual curation	U118
230120_22_TMT131	NT=Homo sapiens;AC=NCBITaxon:9606	not available	not available	not available	U118	not available	not available	NT=single cell;AC=PRIDE:0000897	manual picking	230120_22_TMT131	1	not pooled	66	run 22	proteomic profiling by mass spectrometry	NT=Q Exactive Plus;AC=MS:1002634	TMT131	NT=TMT6plex;AC=UNIMOD:737;TA=K;MT=Fixed	NT=TMT6plex;AC=UNIMOD:737;PP=Any N-term;MT=Fixed	NT=Carbamidomethyl;AC=UNIMOD:4;TA=C;MT=Fixed	NT=Oxidation;AC=UNIMOD:35;TA=M;MT=Variable	NT=Trypsin;AC=MS:1001251	NT=data-dependent acquisition;AC=PRIDE:0000627	NT=beam-type collision-induced dissociation;AC=MS:1000422	10 ppm	0.02 Da	not available	not available	not applicable	TMT127N	1	1	230120_22.raw	v1.1.0	NT=ms-proteomics;VV=v1.1.0	NT=cell-lines;VV=v1.1.0	NT=single-cell;VV=v1.0.0	manual curation	U118
230120_23_TMT126	NT=Homo sapiens;AC=NCBITaxon:9606	NT=prostate gland;AC=UBERON:0002367	NT=epithelial cell;AC=CL:0000066	NT=prostate carcinoma;AC=MONDO:0005159	LNCaP	CVCL_0395	LNCaP	NT=single cell;AC=PRIDE:0000897	manual picking	230120_23_TMT126	1	not pooled	67	run 23	proteomic profiling by mass spectrometry	NT=Q Exactive Plus;AC=MS:1002634	TMT126	NT=TMT6plex;AC=UNIMOD:737;TA=K;MT=Fixed	NT=TMT6plex;AC=UNIMOD:737;PP=Any N-term;MT=Fixed	NT=Carbamidomethyl;AC=UNIMOD:4;TA=C;MT=Fixed	NT=Oxidation;AC=UNIMOD:35;TA=M;MT=Variable	NT=Trypsin;AC=MS:1001251	NT=data-dependent acquisition;AC=PRIDE:0000627	NT=beam-type collision-induced dissociation;AC=MS:1000422	10 ppm	0.02 Da	not available	not available	not applicable	TMT127N	1	1	230120_23.raw	v1.1.0	NT=ms-proteomics;VV=v1.1.0	NT=cell-lines;VV=v1.1.0	NT=single-cell;VV=v1.0.0	manual curation	LNCaP
230120_23_TMT127N	NT=Homo sapiens;AC=NCBITaxon:9606	NT=prostate gland;AC=UBERON:0002367	NT=epithelial cell;AC=CL:0000066	NT=prostate carcinoma;AC=MONDO:0005159	LNCaP	CVCL_0395	LNCaP	NT=reference;AC=PRIDE:0000899	not applicable	not applicable	3000	pooled	pooled	run 23	proteomic profiling by mass spectrometry	NT=Q Exactive Plus;AC=MS:1002634	TMT127N	NT=TMT6plex;AC=UNIMOD:737;TA=K;MT=Fixed	NT=TMT6plex;AC=UNIMOD:737;PP=Any N-term;MT=Fixed	NT=Carbamidomethyl;AC=UNIMOD:4;TA=C;MT=Fixed	NT=Oxidation;AC=UNIMOD:35;TA=M;MT=Variable	NT=Trypsin;AC=MS:1001251	NT=data-dependent acquisition;AC=PRIDE:0000627	NT=beam-type collision-induced dissociation;AC=MS:1000422	10 ppm	0.02 Da	not available	not available	not applicable	TMT127N	1	1	230120_23.raw	v1.1.0	NT=ms-proteomics;VV=v1.1.0	NT=cell-lines;VV=v1.1.0	NT=single-cell;VV=v1.0.0	manual curation	LNCaP
230120_23_TMT127C	NT=Homo sapiens;AC=NCBITaxon:9606	NT=prostate gland;AC=UBERON:0002367	NT=epithelial cell;AC=CL:0000066	NT=prostate carcinoma;AC=MONDO:0005159	LNCaP C4	CVCL_4783	LNCaP C4	NT=single cell;AC=PRIDE:0000897	manual picking	230120_23_TMT127C	1	not pooled	67	run 23	proteomic profiling by mass spectrometry	NT=Q Exactive Plus;AC=MS:1002634	TMT127C	NT=TMT6plex;AC=UNIMOD:737;TA=K;MT=Fixed	NT=TMT6plex;AC=UNIMOD:737;PP=Any N-term;MT=Fixed	NT=Carbamidomethyl;AC=UNIMOD:4;TA=C;MT=Fixed	NT=Oxidation;AC=UNIMOD:35;TA=M;MT=Variable	NT=Trypsin;AC=MS:1001251	NT=data-dependent acquisition;AC=PRIDE:0000627	NT=beam-type collision-induced dissociation;AC=MS:1000422	10 ppm	0.02 Da	not available	not available	not applicable	TMT127N	1	1	230120_23.raw	v1.1.0	NT=ms-proteomics;VV=v1.1.0	NT=cell-lines;VV=v1.1.0	NT=single-cell;VV=v1.0.0	manual curation	LNCaP C4
230120_23_TMT128N	NT=Homo sapiens;AC=NCBITaxon:9606	NT=prostate gland;AC=UBERON:0002367	NT=epithelial cell;AC=CL:0000066	NT=prostate carcinoma;AC=MONDO:0005159	LNCaP	CVCL_0395	LNCaP	NT=single cell;AC=PRIDE:0000897	manual picking	230120_23_TMT128N	1	not pooled	68	run 23	proteomic profiling by mass spectrometry	NT=Q Exactive Plus;AC=MS:1002634	TMT128N	NT=TMT6plex;AC=UNIMOD:737;TA=K;MT=Fixed	NT=TMT6plex;AC=UNIMOD:737;PP=Any N-term;MT=Fixed	NT=Carbamidomethyl;AC=UNIMOD:4;TA=C;MT=Fixed	NT=Oxidation;AC=UNIMOD:35;TA=M;MT=Variable	NT=Trypsin;AC=MS:1001251	NT=data-dependent acquisition;AC=PRIDE:0000627	NT=beam-type collision-induced dissociation;AC=MS:1000422	10 ppm	0.02 Da	not available	not available	not applicable	TMT127N	1	1	230120_23.raw	v1.1.0	NT=ms-proteomics;VV=v1.1.0	NT=cell-lines;VV=v1.1.0	NT=single-cell;VV=v1.0.0	manual curation	LNCaP
230120_23_TMT128C	NT=Homo sapiens;AC=NCBITaxon:9606	NT=prostate gland;AC=UBERON:0002367	NT=epithelial cell;AC=CL:0000066	NT=prostate carcinoma;AC=MONDO:0005159	LNCaP C4	CVCL_4783	LNCaP C4	NT=single cell;AC=PRIDE:0000897	manual picking	230120_23_TMT128C	1	not pooled	68	run 23	proteomic profiling by mass spectrometry	NT=Q Exactive Plus;AC=MS:1002634	TMT128C	NT=TMT6plex;AC=UNIMOD:737;TA=K;MT=Fixed	NT=TMT6plex;AC=UNIMOD:737;PP=Any N-term;MT=Fixed	NT=Carbamidomethyl;AC=UNIMOD:4;TA=C;MT=Fixed	NT=Oxidation;AC=UNIMOD:35;TA=M;MT=Variable	NT=Trypsin;AC=MS:1001251	NT=data-dependent acquisition;AC=PRIDE:0000627	NT=beam-type collision-induced dissociation;AC=MS:1000422	10 ppm	0.02 Da	not available	not available	not applicable	TMT127N	1	1	230120_23.raw	v1.1.0	NT=ms-proteomics;VV=v1.1.0	NT=cell-lines;VV=v1.1.0	NT=single-cell;VV=v1.0.0	manual curation	LNCaP C4
230120_23_TMT129N	NT=Homo sapiens;AC=NCBITaxon:9606	NT=prostate gland;AC=UBERON:0002367	NT=epithelial cell;AC=CL:0000066	NT=prostate carcinoma;AC=MONDO:0005159	LNCaP	CVCL_0395	LNCaP	NT=single cell;AC=PRIDE:0000897	manual picking	230120_23_TMT129N	1	not pooled	69	run 23	proteomic profiling by mass spectrometry	NT=Q Exactive Plus;AC=MS:1002634	TMT129N	NT=TMT6plex;AC=UNIMOD:737;TA=K;MT=Fixed	NT=TMT6plex;AC=UNIMOD:737;PP=Any N-term;MT=Fixed	NT=Carbamidomethyl;AC=UNIMOD:4;TA=C;MT=Fixed	NT=Oxidation;AC=UNIMOD:35;TA=M;MT=Variable	NT=Trypsin;AC=MS:1001251	NT=data-dependent acquisition;AC=PRIDE:0000627	NT=beam-type collision-induced dissociation;AC=MS:1000422	10 ppm	0.02 Da	not available	not available	not applicable	TMT127N	1	1	230120_23.raw	v1.1.0	NT=ms-proteomics;VV=v1.1.0	NT=cell-lines;VV=v1.1.0	NT=single-cell;VV=v1.0.0	manual curation	LNCaP
230120_23_TMT129C	NT=Homo sapiens;AC=NCBITaxon:9606	NT=prostate gland;AC=UBERON:0002367	NT=epithelial cell;AC=CL:0000066	NT=prostate carcinoma;AC=MONDO:0005159	LNCaP C4	CVCL_4783	LNCaP C4	NT=single cell;AC=PRIDE:0000897	manual picking	230120_23_TMT129C	1	not pooled	69	run 23	proteomic profiling by mass spectrometry	NT=Q Exactive Plus;AC=MS:1002634	TMT129C	NT=TMT6plex;AC=UNIMOD:737;TA=K;MT=Fixed	NT=TMT6plex;AC=UNIMOD:737;PP=Any N-term;MT=Fixed	NT=Carbamidomethyl;AC=UNIMOD:4;TA=C;MT=Fixed	NT=Oxidation;AC=UNIMOD:35;TA=M;MT=Variable	NT=Trypsin;AC=MS:1001251	NT=data-dependent acquisition;AC=PRIDE:0000627	NT=beam-type collision-induced dissociation;AC=MS:1000422	10 ppm	0.02 Da	not available	not available	not applicable	TMT127N	1	1	230120_23.raw	v1.1.0	NT=ms-proteomics;VV=v1.1.0	NT=cell-lines;VV=v1.1.0	NT=single-cell;VV=v1.0.0	manual curation	LNCaP C4
230120_23_TMT130N	NT=Homo sapiens;AC=NCBITaxon:9606	not available	not available	not available	U118	not available	not available	NT=single cell;AC=PRIDE:0000897	manual picking	230120_23_TMT130N	1	not pooled	67	run 23	proteomic profiling by mass spectrometry	NT=Q Exactive Plus;AC=MS:1002634	TMT130N	NT=TMT6plex;AC=UNIMOD:737;TA=K;MT=Fixed	NT=TMT6plex;AC=UNIMOD:737;PP=Any N-term;MT=Fixed	NT=Carbamidomethyl;AC=UNIMOD:4;TA=C;MT=Fixed	NT=Oxidation;AC=UNIMOD:35;TA=M;MT=Variable	NT=Trypsin;AC=MS:1001251	NT=data-dependent acquisition;AC=PRIDE:0000627	NT=beam-type collision-induced dissociation;AC=MS:1000422	10 ppm	0.02 Da	not available	not available	not applicable	TMT127N	1	1	230120_23.raw	v1.1.0	NT=ms-proteomics;VV=v1.1.0	NT=cell-lines;VV=v1.1.0	NT=single-cell;VV=v1.0.0	manual curation	U118
230120_23_TMT130C	NT=Homo sapiens;AC=NCBITaxon:9606	not available	not available	not available	U118	not available	not available	NT=single cell;AC=PRIDE:0000897	manual picking	230120_23_TMT130C	1	not pooled	68	run 23	proteomic profiling by mass spectrometry	NT=Q Exactive Plus;AC=MS:1002634	TMT130C	NT=TMT6plex;AC=UNIMOD:737;TA=K;MT=Fixed	NT=TMT6plex;AC=UNIMOD:737;PP=Any N-term;MT=Fixed	NT=Carbamidomethyl;AC=UNIMOD:4;TA=C;MT=Fixed	NT=Oxidation;AC=UNIMOD:35;TA=M;MT=Variable	NT=Trypsin;AC=MS:1001251	NT=data-dependent acquisition;AC=PRIDE:0000627	NT=beam-type collision-induced dissociation;AC=MS:1000422	10 ppm	0.02 Da	not available	not available	not applicable	TMT127N	1	1	230120_23.raw	v1.1.0	NT=ms-proteomics;VV=v1.1.0	NT=cell-lines;VV=v1.1.0	NT=single-cell;VV=v1.0.0	manual curation	U118
230120_23_TMT131	NT=Homo sapiens;AC=NCBITaxon:9606	not available	not available	not available	U118	not available	not available	NT=single cell;AC=PRIDE:0000897	manual picking	230120_23_TMT131	1	not pooled	69	run 23	proteomic profiling by mass spectrometry	NT=Q Exactive Plus;AC=MS:1002634	TMT131	NT=TMT6plex;AC=UNIMOD:737;TA=K;MT=Fixed	NT=TMT6plex;AC=UNIMOD:737;PP=Any N-term;MT=Fixed	NT=Carbamidomethyl;AC=UNIMOD:4;TA=C;MT=Fixed	NT=Oxidation;AC=UNIMOD:35;TA=M;MT=Variable	NT=Trypsin;AC=MS:1001251	NT=data-dependent acquisition;AC=PRIDE:0000627	NT=beam-type collision-induced dissociation;AC=MS:1000422	10 ppm	0.02 Da	not available	not available	not applicable	TMT127N	1	1	230120_23.raw	v1.1.0	NT=ms-proteomics;VV=v1.1.0	NT=cell-lines;VV=v1.1.0	NT=single-cell;VV=v1.0.0	manual curation	U118
230120_24_TMT126	NT=Homo sapiens;AC=NCBITaxon:9606	NT=prostate gland;AC=UBERON:0002367	NT=epithelial cell;AC=CL:0000066	NT=prostate carcinoma;AC=MONDO:0005159	LNCaP	CVCL_0395	LNCaP	NT=single cell;AC=PRIDE:0000897	manual picking	230120_24_TMT126	1	not pooled	70	run 24	proteomic profiling by mass spectrometry	NT=Q Exactive Plus;AC=MS:1002634	TMT126	NT=TMT6plex;AC=UNIMOD:737;TA=K;MT=Fixed	NT=TMT6plex;AC=UNIMOD:737;PP=Any N-term;MT=Fixed	NT=Carbamidomethyl;AC=UNIMOD:4;TA=C;MT=Fixed	NT=Oxidation;AC=UNIMOD:35;TA=M;MT=Variable	NT=Trypsin;AC=MS:1001251	NT=data-dependent acquisition;AC=PRIDE:0000627	NT=beam-type collision-induced dissociation;AC=MS:1000422	10 ppm	0.02 Da	not available	not available	not applicable	TMT127N	1	1	230120_24.raw	v1.1.0	NT=ms-proteomics;VV=v1.1.0	NT=cell-lines;VV=v1.1.0	NT=single-cell;VV=v1.0.0	manual curation	LNCaP
230120_24_TMT127N	NT=Homo sapiens;AC=NCBITaxon:9606	NT=prostate gland;AC=UBERON:0002367	NT=epithelial cell;AC=CL:0000066	NT=prostate carcinoma;AC=MONDO:0005159	LNCaP	CVCL_0395	LNCaP	NT=reference;AC=PRIDE:0000899	not applicable	not applicable	3000	pooled	pooled	run 24	proteomic profiling by mass spectrometry	NT=Q Exactive Plus;AC=MS:1002634	TMT127N	NT=TMT6plex;AC=UNIMOD:737;TA=K;MT=Fixed	NT=TMT6plex;AC=UNIMOD:737;PP=Any N-term;MT=Fixed	NT=Carbamidomethyl;AC=UNIMOD:4;TA=C;MT=Fixed	NT=Oxidation;AC=UNIMOD:35;TA=M;MT=Variable	NT=Trypsin;AC=MS:1001251	NT=data-dependent acquisition;AC=PRIDE:0000627	NT=beam-type collision-induced dissociation;AC=MS:1000422	10 ppm	0.02 Da	not available	not available	not applicable	TMT127N	1	1	230120_24.raw	v1.1.0	NT=ms-proteomics;VV=v1.1.0	NT=cell-lines;VV=v1.1.0	NT=single-cell;VV=v1.0.0	manual curation	LNCaP
230120_24_TMT127C	NT=Homo sapiens;AC=NCBITaxon:9606	NT=prostate gland;AC=UBERON:0002367	NT=epithelial cell;AC=CL:0000066	NT=prostate carcinoma;AC=MONDO:0005159	LNCaP C4	CVCL_4783	LNCaP C4	NT=single cell;AC=PRIDE:0000897	manual picking	230120_24_TMT127C	1	not pooled	70	run 24	proteomic profiling by mass spectrometry	NT=Q Exactive Plus;AC=MS:1002634	TMT127C	NT=TMT6plex;AC=UNIMOD:737;TA=K;MT=Fixed	NT=TMT6plex;AC=UNIMOD:737;PP=Any N-term;MT=Fixed	NT=Carbamidomethyl;AC=UNIMOD:4;TA=C;MT=Fixed	NT=Oxidation;AC=UNIMOD:35;TA=M;MT=Variable	NT=Trypsin;AC=MS:1001251	NT=data-dependent acquisition;AC=PRIDE:0000627	NT=beam-type collision-induced dissociation;AC=MS:1000422	10 ppm	0.02 Da	not available	not available	not applicable	TMT127N	1	1	230120_24.raw	v1.1.0	NT=ms-proteomics;VV=v1.1.0	NT=cell-lines;VV=v1.1.0	NT=single-cell;VV=v1.0.0	manual curation	LNCaP C4
230120_24_TMT128N	NT=Homo sapiens;AC=NCBITaxon:9606	NT=prostate gland;AC=UBERON:0002367	NT=epithelial cell;AC=CL:0000066	NT=prostate carcinoma;AC=MONDO:0005159	LNCaP	CVCL_0395	LNCaP	NT=single cell;AC=PRIDE:0000897	manual picking	230120_24_TMT128N	1	not pooled	71	run 24	proteomic profiling by mass spectrometry	NT=Q Exactive Plus;AC=MS:1002634	TMT128N	NT=TMT6plex;AC=UNIMOD:737;TA=K;MT=Fixed	NT=TMT6plex;AC=UNIMOD:737;PP=Any N-term;MT=Fixed	NT=Carbamidomethyl;AC=UNIMOD:4;TA=C;MT=Fixed	NT=Oxidation;AC=UNIMOD:35;TA=M;MT=Variable	NT=Trypsin;AC=MS:1001251	NT=data-dependent acquisition;AC=PRIDE:0000627	NT=beam-type collision-induced dissociation;AC=MS:1000422	10 ppm	0.02 Da	not available	not available	not applicable	TMT127N	1	1	230120_24.raw	v1.1.0	NT=ms-proteomics;VV=v1.1.0	NT=cell-lines;VV=v1.1.0	NT=single-cell;VV=v1.0.0	manual curation	LNCaP
230120_24_TMT128C	NT=Homo sapiens;AC=NCBITaxon:9606	NT=prostate gland;AC=UBERON:0002367	NT=epithelial cell;AC=CL:0000066	NT=prostate carcinoma;AC=MONDO:0005159	LNCaP C4	CVCL_4783	LNCaP C4	NT=single cell;AC=PRIDE:0000897	manual picking	230120_24_TMT128C	1	not pooled	71	run 24	proteomic profiling by mass spectrometry	NT=Q Exactive Plus;AC=MS:1002634	TMT128C	NT=TMT6plex;AC=UNIMOD:737;TA=K;MT=Fixed	NT=TMT6plex;AC=UNIMOD:737;PP=Any N-term;MT=Fixed	NT=Carbamidomethyl;AC=UNIMOD:4;TA=C;MT=Fixed	NT=Oxidation;AC=UNIMOD:35;TA=M;MT=Variable	NT=Trypsin;AC=MS:1001251	NT=data-dependent acquisition;AC=PRIDE:0000627	NT=beam-type collision-induced dissociation;AC=MS:1000422	10 ppm	0.02 Da	not available	not available	not applicable	TMT127N	1	1	230120_24.raw	v1.1.0	NT=ms-proteomics;VV=v1.1.0	NT=cell-lines;VV=v1.1.0	NT=single-cell;VV=v1.0.0	manual curation	LNCaP C4
230120_24_TMT129N	NT=Homo sapiens;AC=NCBITaxon:9606	NT=prostate gland;AC=UBERON:0002367	NT=epithelial cell;AC=CL:0000066	NT=prostate carcinoma;AC=MONDO:0005159	LNCaP	CVCL_0395	LNCaP	NT=single cell;AC=PRIDE:0000897	manual picking	230120_24_TMT129N	1	not pooled	72	run 24	proteomic profiling by mass spectrometry	NT=Q Exactive Plus;AC=MS:1002634	TMT129N	NT=TMT6plex;AC=UNIMOD:737;TA=K;MT=Fixed	NT=TMT6plex;AC=UNIMOD:737;PP=Any N-term;MT=Fixed	NT=Carbamidomethyl;AC=UNIMOD:4;TA=C;MT=Fixed	NT=Oxidation;AC=UNIMOD:35;TA=M;MT=Variable	NT=Trypsin;AC=MS:1001251	NT=data-dependent acquisition;AC=PRIDE:0000627	NT=beam-type collision-induced dissociation;AC=MS:1000422	10 ppm	0.02 Da	not available	not available	not applicable	TMT127N	1	1	230120_24.raw	v1.1.0	NT=ms-proteomics;VV=v1.1.0	NT=cell-lines;VV=v1.1.0	NT=single-cell;VV=v1.0.0	manual curation	LNCaP
230120_24_TMT129C	NT=Homo sapiens;AC=NCBITaxon:9606	NT=prostate gland;AC=UBERON:0002367	NT=epithelial cell;AC=CL:0000066	NT=prostate carcinoma;AC=MONDO:0005159	LNCaP C4	CVCL_4783	LNCaP C4	NT=single cell;AC=PRIDE:0000897	manual picking	230120_24_TMT129C	1	not pooled	72	run 24	proteomic profiling by mass spectrometry	NT=Q Exactive Plus;AC=MS:1002634	TMT129C	NT=TMT6plex;AC=UNIMOD:737;TA=K;MT=Fixed	NT=TMT6plex;AC=UNIMOD:737;PP=Any N-term;MT=Fixed	NT=Carbamidomethyl;AC=UNIMOD:4;TA=C;MT=Fixed	NT=Oxidation;AC=UNIMOD:35;TA=M;MT=Variable	NT=Trypsin;AC=MS:1001251	NT=data-dependent acquisition;AC=PRIDE:0000627	NT=beam-type collision-induced dissociation;AC=MS:1000422	10 ppm	0.02 Da	not available	not available	not applicable	TMT127N	1	1	230120_24.raw	v1.1.0	NT=ms-proteomics;VV=v1.1.0	NT=cell-lines;VV=v1.1.0	NT=single-cell;VV=v1.0.0	manual curation	LNCaP C4
230120_24_TMT130N	NT=Homo sapiens;AC=NCBITaxon:9606	not available	not available	not available	U118	not available	not available	NT=single cell;AC=PRIDE:0000897	manual picking	230120_24_TMT130N	1	not pooled	70	run 24	proteomic profiling by mass spectrometry	NT=Q Exactive Plus;AC=MS:1002634	TMT130N	NT=TMT6plex;AC=UNIMOD:737;TA=K;MT=Fixed	NT=TMT6plex;AC=UNIMOD:737;PP=Any N-term;MT=Fixed	NT=Carbamidomethyl;AC=UNIMOD:4;TA=C;MT=Fixed	NT=Oxidation;AC=UNIMOD:35;TA=M;MT=Variable	NT=Trypsin;AC=MS:1001251	NT=data-dependent acquisition;AC=PRIDE:0000627	NT=beam-type collision-induced dissociation;AC=MS:1000422	10 ppm	0.02 Da	not available	not available	not applicable	TMT127N	1	1	230120_24.raw	v1.1.0	NT=ms-proteomics;VV=v1.1.0	NT=cell-lines;VV=v1.1.0	NT=single-cell;VV=v1.0.0	manual curation	U118
230120_24_TMT130C	NT=Homo sapiens;AC=NCBITaxon:9606	not available	not available	not available	U118	not available	not available	NT=single cell;AC=PRIDE:0000897	manual picking	230120_24_TMT130C	1	not pooled	71	run 24	proteomic profiling by mass spectrometry	NT=Q Exactive Plus;AC=MS:1002634	TMT130C	NT=TMT6plex;AC=UNIMOD:737;TA=K;MT=Fixed	NT=TMT6plex;AC=UNIMOD:737;PP=Any N-term;MT=Fixed	NT=Carbamidomethyl;AC=UNIMOD:4;TA=C;MT=Fixed	NT=Oxidation;AC=UNIMOD:35;TA=M;MT=Variable	NT=Trypsin;AC=MS:1001251	NT=data-dependent acquisition;AC=PRIDE:0000627	NT=beam-type collision-induced dissociation;AC=MS:1000422	10 ppm	0.02 Da	not available	not available	not applicable	TMT127N	1	1	230120_24.raw	v1.1.0	NT=ms-proteomics;VV=v1.1.0	NT=cell-lines;VV=v1.1.0	NT=single-cell;VV=v1.0.0	manual curation	U118
230120_24_TMT131	NT=Homo sapiens;AC=NCBITaxon:9606	not available	not available	not available	U118	not available	not available	NT=single cell;AC=PRIDE:0000897	manual picking	230120_24_TMT131	1	not pooled	72	run 24	proteomic profiling by mass spectrometry	NT=Q Exactive Plus;AC=MS:1002634	TMT131	NT=TMT6plex;AC=UNIMOD:737;TA=K;MT=Fixed	NT=TMT6plex;AC=UNIMOD:737;PP=Any N-term;MT=Fixed	NT=Carbamidomethyl;AC=UNIMOD:4;TA=C;MT=Fixed	NT=Oxidation;AC=UNIMOD:35;TA=M;MT=Variable	NT=Trypsin;AC=MS:1001251	NT=data-dependent acquisition;AC=PRIDE:0000627	NT=beam-type collision-induced dissociation;AC=MS:1000422	10 ppm	0.02 Da	not available	not available	not applicable	TMT127N	1	1	230120_24.raw	v1.1.0	NT=ms-proteomics;VV=v1.1.0	NT=cell-lines;VV=v1.1.0	NT=single-cell;VV=v1.0.0	manual curation	U118
230120_25_TMT126	NT=Homo sapiens;AC=NCBITaxon:9606	NT=prostate gland;AC=UBERON:0002367	NT=epithelial cell;AC=CL:0000066	NT=prostate carcinoma;AC=MONDO:0005159	LNCaP	CVCL_0395	LNCaP	NT=single cell;AC=PRIDE:0000897	manual picking	230120_25_TMT126	1	not pooled	73	run 25	proteomic profiling by mass spectrometry	NT=Q Exactive Plus;AC=MS:1002634	TMT126	NT=TMT6plex;AC=UNIMOD:737;TA=K;MT=Fixed	NT=TMT6plex;AC=UNIMOD:737;PP=Any N-term;MT=Fixed	NT=Carbamidomethyl;AC=UNIMOD:4;TA=C;MT=Fixed	NT=Oxidation;AC=UNIMOD:35;TA=M;MT=Variable	NT=Trypsin;AC=MS:1001251	NT=data-dependent acquisition;AC=PRIDE:0000627	NT=beam-type collision-induced dissociation;AC=MS:1000422	10 ppm	0.02 Da	not available	not available	not applicable	TMT127N	1	1	230120_25.raw	v1.1.0	NT=ms-proteomics;VV=v1.1.0	NT=cell-lines;VV=v1.1.0	NT=single-cell;VV=v1.0.0	manual curation	LNCaP
230120_25_TMT127N	NT=Homo sapiens;AC=NCBITaxon:9606	NT=prostate gland;AC=UBERON:0002367	NT=epithelial cell;AC=CL:0000066	NT=prostate carcinoma;AC=MONDO:0005159	LNCaP	CVCL_0395	LNCaP	NT=reference;AC=PRIDE:0000899	not applicable	not applicable	3000	pooled	pooled	run 25	proteomic profiling by mass spectrometry	NT=Q Exactive Plus;AC=MS:1002634	TMT127N	NT=TMT6plex;AC=UNIMOD:737;TA=K;MT=Fixed	NT=TMT6plex;AC=UNIMOD:737;PP=Any N-term;MT=Fixed	NT=Carbamidomethyl;AC=UNIMOD:4;TA=C;MT=Fixed	NT=Oxidation;AC=UNIMOD:35;TA=M;MT=Variable	NT=Trypsin;AC=MS:1001251	NT=data-dependent acquisition;AC=PRIDE:0000627	NT=beam-type collision-induced dissociation;AC=MS:1000422	10 ppm	0.02 Da	not available	not available	not applicable	TMT127N	1	1	230120_25.raw	v1.1.0	NT=ms-proteomics;VV=v1.1.0	NT=cell-lines;VV=v1.1.0	NT=single-cell;VV=v1.0.0	manual curation	LNCaP
230120_25_TMT127C	NT=Homo sapiens;AC=NCBITaxon:9606	NT=prostate gland;AC=UBERON:0002367	NT=epithelial cell;AC=CL:0000066	NT=prostate carcinoma;AC=MONDO:0005159	LNCaP C4	CVCL_4783	LNCaP C4	NT=single cell;AC=PRIDE:0000897	manual picking	230120_25_TMT127C	1	not pooled	73	run 25	proteomic profiling by mass spectrometry	NT=Q Exactive Plus;AC=MS:1002634	TMT127C	NT=TMT6plex;AC=UNIMOD:737;TA=K;MT=Fixed	NT=TMT6plex;AC=UNIMOD:737;PP=Any N-term;MT=Fixed	NT=Carbamidomethyl;AC=UNIMOD:4;TA=C;MT=Fixed	NT=Oxidation;AC=UNIMOD:35;TA=M;MT=Variable	NT=Trypsin;AC=MS:1001251	NT=data-dependent acquisition;AC=PRIDE:0000627	NT=beam-type collision-induced dissociation;AC=MS:1000422	10 ppm	0.02 Da	not available	not available	not applicable	TMT127N	1	1	230120_25.raw	v1.1.0	NT=ms-proteomics;VV=v1.1.0	NT=cell-lines;VV=v1.1.0	NT=single-cell;VV=v1.0.0	manual curation	LNCaP C4
230120_25_TMT128N	NT=Homo sapiens;AC=NCBITaxon:9606	NT=prostate gland;AC=UBERON:0002367	NT=epithelial cell;AC=CL:0000066	NT=prostate carcinoma;AC=MONDO:0005159	LNCaP	CVCL_0395	LNCaP	NT=single cell;AC=PRIDE:0000897	manual picking	230120_25_TMT128N	1	not pooled	74	run 25	proteomic profiling by mass spectrometry	NT=Q Exactive Plus;AC=MS:1002634	TMT128N	NT=TMT6plex;AC=UNIMOD:737;TA=K;MT=Fixed	NT=TMT6plex;AC=UNIMOD:737;PP=Any N-term;MT=Fixed	NT=Carbamidomethyl;AC=UNIMOD:4;TA=C;MT=Fixed	NT=Oxidation;AC=UNIMOD:35;TA=M;MT=Variable	NT=Trypsin;AC=MS:1001251	NT=data-dependent acquisition;AC=PRIDE:0000627	NT=beam-type collision-induced dissociation;AC=MS:1000422	10 ppm	0.02 Da	not available	not available	not applicable	TMT127N	1	1	230120_25.raw	v1.1.0	NT=ms-proteomics;VV=v1.1.0	NT=cell-lines;VV=v1.1.0	NT=single-cell;VV=v1.0.0	manual curation	LNCaP
230120_25_TMT128C	NT=Homo sapiens;AC=NCBITaxon:9606	NT=prostate gland;AC=UBERON:0002367	NT=epithelial cell;AC=CL:0000066	NT=prostate carcinoma;AC=MONDO:0005159	LNCaP C4	CVCL_4783	LNCaP C4	NT=single cell;AC=PRIDE:0000897	manual picking	230120_25_TMT128C	1	not pooled	74	run 25	proteomic profiling by mass spectrometry	NT=Q Exactive Plus;AC=MS:1002634	TMT128C	NT=TMT6plex;AC=UNIMOD:737;TA=K;MT=Fixed	NT=TMT6plex;AC=UNIMOD:737;PP=Any N-term;MT=Fixed	NT=Carbamidomethyl;AC=UNIMOD:4;TA=C;MT=Fixed	NT=Oxidation;AC=UNIMOD:35;TA=M;MT=Variable	NT=Trypsin;AC=MS:1001251	NT=data-dependent acquisition;AC=PRIDE:0000627	NT=beam-type collision-induced dissociation;AC=MS:1000422	10 ppm	0.02 Da	not available	not available	not applicable	TMT127N	1	1	230120_25.raw	v1.1.0	NT=ms-proteomics;VV=v1.1.0	NT=cell-lines;VV=v1.1.0	NT=single-cell;VV=v1.0.0	manual curation	LNCaP C4
230120_25_TMT129N	NT=Homo sapiens;AC=NCBITaxon:9606	NT=prostate gland;AC=UBERON:0002367	NT=epithelial cell;AC=CL:0000066	NT=prostate carcinoma;AC=MONDO:0005159	LNCaP	CVCL_0395	LNCaP	NT=single cell;AC=PRIDE:0000897	manual picking	230120_25_TMT129N	1	not pooled	75	run 25	proteomic profiling by mass spectrometry	NT=Q Exactive Plus;AC=MS:1002634	TMT129N	NT=TMT6plex;AC=UNIMOD:737;TA=K;MT=Fixed	NT=TMT6plex;AC=UNIMOD:737;PP=Any N-term;MT=Fixed	NT=Carbamidomethyl;AC=UNIMOD:4;TA=C;MT=Fixed	NT=Oxidation;AC=UNIMOD:35;TA=M;MT=Variable	NT=Trypsin;AC=MS:1001251	NT=data-dependent acquisition;AC=PRIDE:0000627	NT=beam-type collision-induced dissociation;AC=MS:1000422	10 ppm	0.02 Da	not available	not available	not applicable	TMT127N	1	1	230120_25.raw	v1.1.0	NT=ms-proteomics;VV=v1.1.0	NT=cell-lines;VV=v1.1.0	NT=single-cell;VV=v1.0.0	manual curation	LNCaP
230120_25_TMT129C	NT=Homo sapiens;AC=NCBITaxon:9606	NT=prostate gland;AC=UBERON:0002367	NT=epithelial cell;AC=CL:0000066	NT=prostate carcinoma;AC=MONDO:0005159	LNCaP C4	CVCL_4783	LNCaP C4	NT=single cell;AC=PRIDE:0000897	manual picking	230120_25_TMT129C	1	not pooled	75	run 25	proteomic profiling by mass spectrometry	NT=Q Exactive Plus;AC=MS:1002634	TMT129C	NT=TMT6plex;AC=UNIMOD:737;TA=K;MT=Fixed	NT=TMT6plex;AC=UNIMOD:737;PP=Any N-term;MT=Fixed	NT=Carbamidomethyl;AC=UNIMOD:4;TA=C;MT=Fixed	NT=Oxidation;AC=UNIMOD:35;TA=M;MT=Variable	NT=Trypsin;AC=MS:1001251	NT=data-dependent acquisition;AC=PRIDE:0000627	NT=beam-type collision-induced dissociation;AC=MS:1000422	10 ppm	0.02 Da	not available	not available	not applicable	TMT127N	1	1	230120_25.raw	v1.1.0	NT=ms-proteomics;VV=v1.1.0	NT=cell-lines;VV=v1.1.0	NT=single-cell;VV=v1.0.0	manual curation	LNCaP C4
230120_25_TMT130N	NT=Homo sapiens;AC=NCBITaxon:9606	not available	not available	not available	U118	not available	not available	NT=single cell;AC=PRIDE:0000897	manual picking	230120_25_TMT130N	1	not pooled	73	run 25	proteomic profiling by mass spectrometry	NT=Q Exactive Plus;AC=MS:1002634	TMT130N	NT=TMT6plex;AC=UNIMOD:737;TA=K;MT=Fixed	NT=TMT6plex;AC=UNIMOD:737;PP=Any N-term;MT=Fixed	NT=Carbamidomethyl;AC=UNIMOD:4;TA=C;MT=Fixed	NT=Oxidation;AC=UNIMOD:35;TA=M;MT=Variable	NT=Trypsin;AC=MS:1001251	NT=data-dependent acquisition;AC=PRIDE:0000627	NT=beam-type collision-induced dissociation;AC=MS:1000422	10 ppm	0.02 Da	not available	not available	not applicable	TMT127N	1	1	230120_25.raw	v1.1.0	NT=ms-proteomics;VV=v1.1.0	NT=cell-lines;VV=v1.1.0	NT=single-cell;VV=v1.0.0	manual curation	U118
230120_25_TMT130C	NT=Homo sapiens;AC=NCBITaxon:9606	not available	not available	not available	U118	not available	not available	NT=single cell;AC=PRIDE:0000897	manual picking	230120_25_TMT130C	1	not pooled	74	run 25	proteomic profiling by mass spectrometry	NT=Q Exactive Plus;AC=MS:1002634	TMT130C	NT=TMT6plex;AC=UNIMOD:737;TA=K;MT=Fixed	NT=TMT6plex;AC=UNIMOD:737;PP=Any N-term;MT=Fixed	NT=Carbamidomethyl;AC=UNIMOD:4;TA=C;MT=Fixed	NT=Oxidation;AC=UNIMOD:35;TA=M;MT=Variable	NT=Trypsin;AC=MS:1001251	NT=data-dependent acquisition;AC=PRIDE:0000627	NT=beam-type collision-induced dissociation;AC=MS:1000422	10 ppm	0.02 Da	not available	not available	not applicable	TMT127N	1	1	230120_25.raw	v1.1.0	NT=ms-proteomics;VV=v1.1.0	NT=cell-lines;VV=v1.1.0	NT=single-cell;VV=v1.0.0	manual curation	U118
230120_25_TMT131	NT=Homo sapiens;AC=NCBITaxon:9606	not available	not available	not available	U118	not available	not available	NT=single cell;AC=PRIDE:0000897	manual picking	230120_25_TMT131	1	not pooled	75	run 25	proteomic profiling by mass spectrometry	NT=Q Exactive Plus;AC=MS:1002634	TMT131	NT=TMT6plex;AC=UNIMOD:737;TA=K;MT=Fixed	NT=TMT6plex;AC=UNIMOD:737;PP=Any N-term;MT=Fixed	NT=Carbamidomethyl;AC=UNIMOD:4;TA=C;MT=Fixed	NT=Oxidation;AC=UNIMOD:35;TA=M;MT=Variable	NT=Trypsin;AC=MS:1001251	NT=data-dependent acquisition;AC=PRIDE:0000627	NT=beam-type collision-induced dissociation;AC=MS:1000422	10 ppm	0.02 Da	not available	not available	not applicable	TMT127N	1	1	230120_25.raw	v1.1.0	NT=ms-proteomics;VV=v1.1.0	NT=cell-lines;VV=v1.1.0	NT=single-cell;VV=v1.0.0	manual curation	U118
230120_26_TMT126	NT=Homo sapiens;AC=NCBITaxon:9606	NT=prostate gland;AC=UBERON:0002367	NT=epithelial cell;AC=CL:0000066	NT=prostate carcinoma;AC=MONDO:0005159	LNCaP	CVCL_0395	LNCaP	NT=single cell;AC=PRIDE:0000897	manual picking	230120_26_TMT126	1	not pooled	76	run 26	proteomic profiling by mass spectrometry	NT=Q Exactive Plus;AC=MS:1002634	TMT126	NT=TMT6plex;AC=UNIMOD:737;TA=K;MT=Fixed	NT=TMT6plex;AC=UNIMOD:737;PP=Any N-term;MT=Fixed	NT=Carbamidomethyl;AC=UNIMOD:4;TA=C;MT=Fixed	NT=Oxidation;AC=UNIMOD:35;TA=M;MT=Variable	NT=Trypsin;AC=MS:1001251	NT=data-dependent acquisition;AC=PRIDE:0000627	NT=beam-type collision-induced dissociation;AC=MS:1000422	10 ppm	0.02 Da	not available	not available	not applicable	TMT127N	1	1	230120_26.raw	v1.1.0	NT=ms-proteomics;VV=v1.1.0	NT=cell-lines;VV=v1.1.0	NT=single-cell;VV=v1.0.0	manual curation	LNCaP
230120_26_TMT127N	NT=Homo sapiens;AC=NCBITaxon:9606	NT=prostate gland;AC=UBERON:0002367	NT=epithelial cell;AC=CL:0000066	NT=prostate carcinoma;AC=MONDO:0005159	LNCaP	CVCL_0395	LNCaP	NT=reference;AC=PRIDE:0000899	not applicable	not applicable	3000	pooled	pooled	run 26	proteomic profiling by mass spectrometry	NT=Q Exactive Plus;AC=MS:1002634	TMT127N	NT=TMT6plex;AC=UNIMOD:737;TA=K;MT=Fixed	NT=TMT6plex;AC=UNIMOD:737;PP=Any N-term;MT=Fixed	NT=Carbamidomethyl;AC=UNIMOD:4;TA=C;MT=Fixed	NT=Oxidation;AC=UNIMOD:35;TA=M;MT=Variable	NT=Trypsin;AC=MS:1001251	NT=data-dependent acquisition;AC=PRIDE:0000627	NT=beam-type collision-induced dissociation;AC=MS:1000422	10 ppm	0.02 Da	not available	not available	not applicable	TMT127N	1	1	230120_26.raw	v1.1.0	NT=ms-proteomics;VV=v1.1.0	NT=cell-lines;VV=v1.1.0	NT=single-cell;VV=v1.0.0	manual curation	LNCaP
230120_26_TMT127C	NT=Homo sapiens;AC=NCBITaxon:9606	NT=prostate gland;AC=UBERON:0002367	NT=epithelial cell;AC=CL:0000066	NT=prostate carcinoma;AC=MONDO:0005159	LNCaP C4	CVCL_4783	LNCaP C4	NT=single cell;AC=PRIDE:0000897	manual picking	230120_26_TMT127C	1	not pooled	76	run 26	proteomic profiling by mass spectrometry	NT=Q Exactive Plus;AC=MS:1002634	TMT127C	NT=TMT6plex;AC=UNIMOD:737;TA=K;MT=Fixed	NT=TMT6plex;AC=UNIMOD:737;PP=Any N-term;MT=Fixed	NT=Carbamidomethyl;AC=UNIMOD:4;TA=C;MT=Fixed	NT=Oxidation;AC=UNIMOD:35;TA=M;MT=Variable	NT=Trypsin;AC=MS:1001251	NT=data-dependent acquisition;AC=PRIDE:0000627	NT=beam-type collision-induced dissociation;AC=MS:1000422	10 ppm	0.02 Da	not available	not available	not applicable	TMT127N	1	1	230120_26.raw	v1.1.0	NT=ms-proteomics;VV=v1.1.0	NT=cell-lines;VV=v1.1.0	NT=single-cell;VV=v1.0.0	manual curation	LNCaP C4
230120_26_TMT128N	NT=Homo sapiens;AC=NCBITaxon:9606	NT=prostate gland;AC=UBERON:0002367	NT=epithelial cell;AC=CL:0000066	NT=prostate carcinoma;AC=MONDO:0005159	LNCaP	CVCL_0395	LNCaP	NT=single cell;AC=PRIDE:0000897	manual picking	230120_26_TMT128N	1	not pooled	77	run 26	proteomic profiling by mass spectrometry	NT=Q Exactive Plus;AC=MS:1002634	TMT128N	NT=TMT6plex;AC=UNIMOD:737;TA=K;MT=Fixed	NT=TMT6plex;AC=UNIMOD:737;PP=Any N-term;MT=Fixed	NT=Carbamidomethyl;AC=UNIMOD:4;TA=C;MT=Fixed	NT=Oxidation;AC=UNIMOD:35;TA=M;MT=Variable	NT=Trypsin;AC=MS:1001251	NT=data-dependent acquisition;AC=PRIDE:0000627	NT=beam-type collision-induced dissociation;AC=MS:1000422	10 ppm	0.02 Da	not available	not available	not applicable	TMT127N	1	1	230120_26.raw	v1.1.0	NT=ms-proteomics;VV=v1.1.0	NT=cell-lines;VV=v1.1.0	NT=single-cell;VV=v1.0.0	manual curation	LNCaP
230120_26_TMT128C	NT=Homo sapiens;AC=NCBITaxon:9606	NT=prostate gland;AC=UBERON:0002367	NT=epithelial cell;AC=CL:0000066	NT=prostate carcinoma;AC=MONDO:0005159	LNCaP C4	CVCL_4783	LNCaP C4	NT=single cell;AC=PRIDE:0000897	manual picking	230120_26_TMT128C	1	not pooled	77	run 26	proteomic profiling by mass spectrometry	NT=Q Exactive Plus;AC=MS:1002634	TMT128C	NT=TMT6plex;AC=UNIMOD:737;TA=K;MT=Fixed	NT=TMT6plex;AC=UNIMOD:737;PP=Any N-term;MT=Fixed	NT=Carbamidomethyl;AC=UNIMOD:4;TA=C;MT=Fixed	NT=Oxidation;AC=UNIMOD:35;TA=M;MT=Variable	NT=Trypsin;AC=MS:1001251	NT=data-dependent acquisition;AC=PRIDE:0000627	NT=beam-type collision-induced dissociation;AC=MS:1000422	10 ppm	0.02 Da	not available	not available	not applicable	TMT127N	1	1	230120_26.raw	v1.1.0	NT=ms-proteomics;VV=v1.1.0	NT=cell-lines;VV=v1.1.0	NT=single-cell;VV=v1.0.0	manual curation	LNCaP C4
230120_26_TMT129N	NT=Homo sapiens;AC=NCBITaxon:9606	NT=prostate gland;AC=UBERON:0002367	NT=epithelial cell;AC=CL:0000066	NT=prostate carcinoma;AC=MONDO:0005159	LNCaP	CVCL_0395	LNCaP	NT=single cell;AC=PRIDE:0000897	manual picking	230120_26_TMT129N	1	not pooled	78	run 26	proteomic profiling by mass spectrometry	NT=Q Exactive Plus;AC=MS:1002634	TMT129N	NT=TMT6plex;AC=UNIMOD:737;TA=K;MT=Fixed	NT=TMT6plex;AC=UNIMOD:737;PP=Any N-term;MT=Fixed	NT=Carbamidomethyl;AC=UNIMOD:4;TA=C;MT=Fixed	NT=Oxidation;AC=UNIMOD:35;TA=M;MT=Variable	NT=Trypsin;AC=MS:1001251	NT=data-dependent acquisition;AC=PRIDE:0000627	NT=beam-type collision-induced dissociation;AC=MS:1000422	10 ppm	0.02 Da	not available	not available	not applicable	TMT127N	1	1	230120_26.raw	v1.1.0	NT=ms-proteomics;VV=v1.1.0	NT=cell-lines;VV=v1.1.0	NT=single-cell;VV=v1.0.0	manual curation	LNCaP
230120_26_TMT129C	NT=Homo sapiens;AC=NCBITaxon:9606	NT=prostate gland;AC=UBERON:0002367	NT=epithelial cell;AC=CL:0000066	NT=prostate carcinoma;AC=MONDO:0005159	LNCaP C4	CVCL_4783	LNCaP C4	NT=single cell;AC=PRIDE:0000897	manual picking	230120_26_TMT129C	1	not pooled	78	run 26	proteomic profiling by mass spectrometry	NT=Q Exactive Plus;AC=MS:1002634	TMT129C	NT=TMT6plex;AC=UNIMOD:737;TA=K;MT=Fixed	NT=TMT6plex;AC=UNIMOD:737;PP=Any N-term;MT=Fixed	NT=Carbamidomethyl;AC=UNIMOD:4;TA=C;MT=Fixed	NT=Oxidation;AC=UNIMOD:35;TA=M;MT=Variable	NT=Trypsin;AC=MS:1001251	NT=data-dependent acquisition;AC=PRIDE:0000627	NT=beam-type collision-induced dissociation;AC=MS:1000422	10 ppm	0.02 Da	not available	not available	not applicable	TMT127N	1	1	230120_26.raw	v1.1.0	NT=ms-proteomics;VV=v1.1.0	NT=cell-lines;VV=v1.1.0	NT=single-cell;VV=v1.0.0	manual curation	LNCaP C4
230120_26_TMT130N	NT=Homo sapiens;AC=NCBITaxon:9606	not available	not available	not available	U118	not available	not available	NT=single cell;AC=PRIDE:0000897	manual picking	230120_26_TMT130N	1	not pooled	76	run 26	proteomic profiling by mass spectrometry	NT=Q Exactive Plus;AC=MS:1002634	TMT130N	NT=TMT6plex;AC=UNIMOD:737;TA=K;MT=Fixed	NT=TMT6plex;AC=UNIMOD:737;PP=Any N-term;MT=Fixed	NT=Carbamidomethyl;AC=UNIMOD:4;TA=C;MT=Fixed	NT=Oxidation;AC=UNIMOD:35;TA=M;MT=Variable	NT=Trypsin;AC=MS:1001251	NT=data-dependent acquisition;AC=PRIDE:0000627	NT=beam-type collision-induced dissociation;AC=MS:1000422	10 ppm	0.02 Da	not available	not available	not applicable	TMT127N	1	1	230120_26.raw	v1.1.0	NT=ms-proteomics;VV=v1.1.0	NT=cell-lines;VV=v1.1.0	NT=single-cell;VV=v1.0.0	manual curation	U118
230120_26_TMT130C	NT=Homo sapiens;AC=NCBITaxon:9606	not available	not available	not available	U118	not available	not available	NT=single cell;AC=PRIDE:0000897	manual picking	230120_26_TMT130C	1	not pooled	77	run 26	proteomic profiling by mass spectrometry	NT=Q Exactive Plus;AC=MS:1002634	TMT130C	NT=TMT6plex;AC=UNIMOD:737;TA=K;MT=Fixed	NT=TMT6plex;AC=UNIMOD:737;PP=Any N-term;MT=Fixed	NT=Carbamidomethyl;AC=UNIMOD:4;TA=C;MT=Fixed	NT=Oxidation;AC=UNIMOD:35;TA=M;MT=Variable	NT=Trypsin;AC=MS:1001251	NT=data-dependent acquisition;AC=PRIDE:0000627	NT=beam-type collision-induced dissociation;AC=MS:1000422	10 ppm	0.02 Da	not available	not available	not applicable	TMT127N	1	1	230120_26.raw	v1.1.0	NT=ms-proteomics;VV=v1.1.0	NT=cell-lines;VV=v1.1.0	NT=single-cell;VV=v1.0.0	manual curation	U118
230120_26_TMT131	NT=Homo sapiens;AC=NCBITaxon:9606	not available	not available	not available	U118	not available	not available	NT=single cell;AC=PRIDE:0000897	manual picking	230120_26_TMT131	1	not pooled	78	run 26	proteomic profiling by mass spectrometry	NT=Q Exactive Plus;AC=MS:1002634	TMT131	NT=TMT6plex;AC=UNIMOD:737;TA=K;MT=Fixed	NT=TMT6plex;AC=UNIMOD:737;PP=Any N-term;MT=Fixed	NT=Carbamidomethyl;AC=UNIMOD:4;TA=C;MT=Fixed	NT=Oxidation;AC=UNIMOD:35;TA=M;MT=Variable	NT=Trypsin;AC=MS:1001251	NT=data-dependent acquisition;AC=PRIDE:0000627	NT=beam-type collision-induced dissociation;AC=MS:1000422	10 ppm	0.02 Da	not available	not available	not applicable	TMT127N	1	1	230120_26.raw	v1.1.0	NT=ms-proteomics;VV=v1.1.0	NT=cell-lines;VV=v1.1.0	NT=single-cell;VV=v1.0.0	manual curation	U118
230120_27_TMT126	NT=Homo sapiens;AC=NCBITaxon:9606	NT=prostate gland;AC=UBERON:0002367	NT=epithelial cell;AC=CL:0000066	NT=prostate carcinoma;AC=MONDO:0005159	LNCaP	CVCL_0395	LNCaP	NT=single cell;AC=PRIDE:0000897	manual picking	230120_27_TMT126	1	not pooled	79	run 27	proteomic profiling by mass spectrometry	NT=Q Exactive Plus;AC=MS:1002634	TMT126	NT=TMT6plex;AC=UNIMOD:737;TA=K;MT=Fixed	NT=TMT6plex;AC=UNIMOD:737;PP=Any N-term;MT=Fixed	NT=Carbamidomethyl;AC=UNIMOD:4;TA=C;MT=Fixed	NT=Oxidation;AC=UNIMOD:35;TA=M;MT=Variable	NT=Trypsin;AC=MS:1001251	NT=data-dependent acquisition;AC=PRIDE:0000627	NT=beam-type collision-induced dissociation;AC=MS:1000422	10 ppm	0.02 Da	not available	not available	not applicable	TMT127N	1	1	230120_27.raw	v1.1.0	NT=ms-proteomics;VV=v1.1.0	NT=cell-lines;VV=v1.1.0	NT=single-cell;VV=v1.0.0	manual curation	LNCaP
230120_27_TMT127N	NT=Homo sapiens;AC=NCBITaxon:9606	NT=prostate gland;AC=UBERON:0002367	NT=epithelial cell;AC=CL:0000066	NT=prostate carcinoma;AC=MONDO:0005159	LNCaP	CVCL_0395	LNCaP	NT=reference;AC=PRIDE:0000899	not applicable	not applicable	3000	pooled	pooled	run 27	proteomic profiling by mass spectrometry	NT=Q Exactive Plus;AC=MS:1002634	TMT127N	NT=TMT6plex;AC=UNIMOD:737;TA=K;MT=Fixed	NT=TMT6plex;AC=UNIMOD:737;PP=Any N-term;MT=Fixed	NT=Carbamidomethyl;AC=UNIMOD:4;TA=C;MT=Fixed	NT=Oxidation;AC=UNIMOD:35;TA=M;MT=Variable	NT=Trypsin;AC=MS:1001251	NT=data-dependent acquisition;AC=PRIDE:0000627	NT=beam-type collision-induced dissociation;AC=MS:1000422	10 ppm	0.02 Da	not available	not available	not applicable	TMT127N	1	1	230120_27.raw	v1.1.0	NT=ms-proteomics;VV=v1.1.0	NT=cell-lines;VV=v1.1.0	NT=single-cell;VV=v1.0.0	manual curation	LNCaP
230120_27_TMT127C	NT=Homo sapiens;AC=NCBITaxon:9606	NT=prostate gland;AC=UBERON:0002367	NT=epithelial cell;AC=CL:0000066	NT=prostate carcinoma;AC=MONDO:0005159	LNCaP C4	CVCL_4783	LNCaP C4	NT=single cell;AC=PRIDE:0000897	manual picking	230120_27_TMT127C	1	not pooled	79	run 27	proteomic profiling by mass spectrometry	NT=Q Exactive Plus;AC=MS:1002634	TMT127C	NT=TMT6plex;AC=UNIMOD:737;TA=K;MT=Fixed	NT=TMT6plex;AC=UNIMOD:737;PP=Any N-term;MT=Fixed	NT=Carbamidomethyl;AC=UNIMOD:4;TA=C;MT=Fixed	NT=Oxidation;AC=UNIMOD:35;TA=M;MT=Variable	NT=Trypsin;AC=MS:1001251	NT=data-dependent acquisition;AC=PRIDE:0000627	NT=beam-type collision-induced dissociation;AC=MS:1000422	10 ppm	0.02 Da	not available	not available	not applicable	TMT127N	1	1	230120_27.raw	v1.1.0	NT=ms-proteomics;VV=v1.1.0	NT=cell-lines;VV=v1.1.0	NT=single-cell;VV=v1.0.0	manual curation	LNCaP C4
230120_27_TMT128N	NT=Homo sapiens;AC=NCBITaxon:9606	NT=prostate gland;AC=UBERON:0002367	NT=epithelial cell;AC=CL:0000066	NT=prostate carcinoma;AC=MONDO:0005159	LNCaP	CVCL_0395	LNCaP	NT=single cell;AC=PRIDE:0000897	manual picking	230120_27_TMT128N	1	not pooled	80	run 27	proteomic profiling by mass spectrometry	NT=Q Exactive Plus;AC=MS:1002634	TMT128N	NT=TMT6plex;AC=UNIMOD:737;TA=K;MT=Fixed	NT=TMT6plex;AC=UNIMOD:737;PP=Any N-term;MT=Fixed	NT=Carbamidomethyl;AC=UNIMOD:4;TA=C;MT=Fixed	NT=Oxidation;AC=UNIMOD:35;TA=M;MT=Variable	NT=Trypsin;AC=MS:1001251	NT=data-dependent acquisition;AC=PRIDE:0000627	NT=beam-type collision-induced dissociation;AC=MS:1000422	10 ppm	0.02 Da	not available	not available	not applicable	TMT127N	1	1	230120_27.raw	v1.1.0	NT=ms-proteomics;VV=v1.1.0	NT=cell-lines;VV=v1.1.0	NT=single-cell;VV=v1.0.0	manual curation	LNCaP
230120_27_TMT128C	NT=Homo sapiens;AC=NCBITaxon:9606	NT=prostate gland;AC=UBERON:0002367	NT=epithelial cell;AC=CL:0000066	NT=prostate carcinoma;AC=MONDO:0005159	LNCaP C4	CVCL_4783	LNCaP C4	NT=single cell;AC=PRIDE:0000897	manual picking	230120_27_TMT128C	1	not pooled	80	run 27	proteomic profiling by mass spectrometry	NT=Q Exactive Plus;AC=MS:1002634	TMT128C	NT=TMT6plex;AC=UNIMOD:737;TA=K;MT=Fixed	NT=TMT6plex;AC=UNIMOD:737;PP=Any N-term;MT=Fixed	NT=Carbamidomethyl;AC=UNIMOD:4;TA=C;MT=Fixed	NT=Oxidation;AC=UNIMOD:35;TA=M;MT=Variable	NT=Trypsin;AC=MS:1001251	NT=data-dependent acquisition;AC=PRIDE:0000627	NT=beam-type collision-induced dissociation;AC=MS:1000422	10 ppm	0.02 Da	not available	not available	not applicable	TMT127N	1	1	230120_27.raw	v1.1.0	NT=ms-proteomics;VV=v1.1.0	NT=cell-lines;VV=v1.1.0	NT=single-cell;VV=v1.0.0	manual curation	LNCaP C4
230120_27_TMT129N	NT=Homo sapiens;AC=NCBITaxon:9606	NT=prostate gland;AC=UBERON:0002367	NT=epithelial cell;AC=CL:0000066	NT=prostate carcinoma;AC=MONDO:0005159	LNCaP	CVCL_0395	LNCaP	NT=single cell;AC=PRIDE:0000897	manual picking	230120_27_TMT129N	1	not pooled	81	run 27	proteomic profiling by mass spectrometry	NT=Q Exactive Plus;AC=MS:1002634	TMT129N	NT=TMT6plex;AC=UNIMOD:737;TA=K;MT=Fixed	NT=TMT6plex;AC=UNIMOD:737;PP=Any N-term;MT=Fixed	NT=Carbamidomethyl;AC=UNIMOD:4;TA=C;MT=Fixed	NT=Oxidation;AC=UNIMOD:35;TA=M;MT=Variable	NT=Trypsin;AC=MS:1001251	NT=data-dependent acquisition;AC=PRIDE:0000627	NT=beam-type collision-induced dissociation;AC=MS:1000422	10 ppm	0.02 Da	not available	not available	not applicable	TMT127N	1	1	230120_27.raw	v1.1.0	NT=ms-proteomics;VV=v1.1.0	NT=cell-lines;VV=v1.1.0	NT=single-cell;VV=v1.0.0	manual curation	LNCaP
230120_27_TMT129C	NT=Homo sapiens;AC=NCBITaxon:9606	NT=prostate gland;AC=UBERON:0002367	NT=epithelial cell;AC=CL:0000066	NT=prostate carcinoma;AC=MONDO:0005159	LNCaP C4	CVCL_4783	LNCaP C4	NT=single cell;AC=PRIDE:0000897	manual picking	230120_27_TMT129C	1	not pooled	81	run 27	proteomic profiling by mass spectrometry	NT=Q Exactive Plus;AC=MS:1002634	TMT129C	NT=TMT6plex;AC=UNIMOD:737;TA=K;MT=Fixed	NT=TMT6plex;AC=UNIMOD:737;PP=Any N-term;MT=Fixed	NT=Carbamidomethyl;AC=UNIMOD:4;TA=C;MT=Fixed	NT=Oxidation;AC=UNIMOD:35;TA=M;MT=Variable	NT=Trypsin;AC=MS:1001251	NT=data-dependent acquisition;AC=PRIDE:0000627	NT=beam-type collision-induced dissociation;AC=MS:1000422	10 ppm	0.02 Da	not available	not available	not applicable	TMT127N	1	1	230120_27.raw	v1.1.0	NT=ms-proteomics;VV=v1.1.0	NT=cell-lines;VV=v1.1.0	NT=single-cell;VV=v1.0.0	manual curation	LNCaP C4
230120_27_TMT130N	NT=Homo sapiens;AC=NCBITaxon:9606	not available	not available	not available	U118	not available	not available	NT=single cell;AC=PRIDE:0000897	manual picking	230120_27_TMT130N	1	not pooled	79	run 27	proteomic profiling by mass spectrometry	NT=Q Exactive Plus;AC=MS:1002634	TMT130N	NT=TMT6plex;AC=UNIMOD:737;TA=K;MT=Fixed	NT=TMT6plex;AC=UNIMOD:737;PP=Any N-term;MT=Fixed	NT=Carbamidomethyl;AC=UNIMOD:4;TA=C;MT=Fixed	NT=Oxidation;AC=UNIMOD:35;TA=M;MT=Variable	NT=Trypsin;AC=MS:1001251	NT=data-dependent acquisition;AC=PRIDE:0000627	NT=beam-type collision-induced dissociation;AC=MS:1000422	10 ppm	0.02 Da	not available	not available	not applicable	TMT127N	1	1	230120_27.raw	v1.1.0	NT=ms-proteomics;VV=v1.1.0	NT=cell-lines;VV=v1.1.0	NT=single-cell;VV=v1.0.0	manual curation	U118
230120_27_TMT130C	NT=Homo sapiens;AC=NCBITaxon:9606	not available	not available	not available	U118	not available	not available	NT=single cell;AC=PRIDE:0000897	manual picking	230120_27_TMT130C	1	not pooled	80	run 27	proteomic profiling by mass spectrometry	NT=Q Exactive Plus;AC=MS:1002634	TMT130C	NT=TMT6plex;AC=UNIMOD:737;TA=K;MT=Fixed	NT=TMT6plex;AC=UNIMOD:737;PP=Any N-term;MT=Fixed	NT=Carbamidomethyl;AC=UNIMOD:4;TA=C;MT=Fixed	NT=Oxidation;AC=UNIMOD:35;TA=M;MT=Variable	NT=Trypsin;AC=MS:1001251	NT=data-dependent acquisition;AC=PRIDE:0000627	NT=beam-type collision-induced dissociation;AC=MS:1000422	10 ppm	0.02 Da	not available	not available	not applicable	TMT127N	1	1	230120_27.raw	v1.1.0	NT=ms-proteomics;VV=v1.1.0	NT=cell-lines;VV=v1.1.0	NT=single-cell;VV=v1.0.0	manual curation	U118
230120_27_TMT131	NT=Homo sapiens;AC=NCBITaxon:9606	not available	not available	not available	U118	not available	not available	NT=single cell;AC=PRIDE:0000897	manual picking	230120_27_TMT131	1	not pooled	81	run 27	proteomic profiling by mass spectrometry	NT=Q Exactive Plus;AC=MS:1002634	TMT131	NT=TMT6plex;AC=UNIMOD:737;TA=K;MT=Fixed	NT=TMT6plex;AC=UNIMOD:737;PP=Any N-term;MT=Fixed	NT=Carbamidomethyl;AC=UNIMOD:4;TA=C;MT=Fixed	NT=Oxidation;AC=UNIMOD:35;TA=M;MT=Variable	NT=Trypsin;AC=MS:1001251	NT=data-dependent acquisition;AC=PRIDE:0000627	NT=beam-type collision-induced dissociation;AC=MS:1000422	10 ppm	0.02 Da	not available	not available	not applicable	TMT127N	1	1	230120_27.raw	v1.1.0	NT=ms-proteomics;VV=v1.1.0	NT=cell-lines;VV=v1.1.0	NT=single-cell;VV=v1.0.0	manual curation	U118
230120_28_TMT126	NT=Homo sapiens;AC=NCBITaxon:9606	NT=prostate gland;AC=UBERON:0002367	NT=epithelial cell;AC=CL:0000066	NT=prostate carcinoma;AC=MONDO:0005159	LNCaP	CVCL_0395	LNCaP	NT=single cell;AC=PRIDE:0000897	manual picking	230120_28_TMT126	1	not pooled	82	run 28	proteomic profiling by mass spectrometry	NT=Q Exactive Plus;AC=MS:1002634	TMT126	NT=TMT6plex;AC=UNIMOD:737;TA=K;MT=Fixed	NT=TMT6plex;AC=UNIMOD:737;PP=Any N-term;MT=Fixed	NT=Carbamidomethyl;AC=UNIMOD:4;TA=C;MT=Fixed	NT=Oxidation;AC=UNIMOD:35;TA=M;MT=Variable	NT=Trypsin;AC=MS:1001251	NT=data-dependent acquisition;AC=PRIDE:0000627	NT=beam-type collision-induced dissociation;AC=MS:1000422	10 ppm	0.02 Da	not available	not available	not applicable	TMT127N	1	1	230120_28.raw	v1.1.0	NT=ms-proteomics;VV=v1.1.0	NT=cell-lines;VV=v1.1.0	NT=single-cell;VV=v1.0.0	manual curation	LNCaP
230120_28_TMT127N	NT=Homo sapiens;AC=NCBITaxon:9606	NT=prostate gland;AC=UBERON:0002367	NT=epithelial cell;AC=CL:0000066	NT=prostate carcinoma;AC=MONDO:0005159	LNCaP	CVCL_0395	LNCaP	NT=reference;AC=PRIDE:0000899	not applicable	not applicable	3000	pooled	pooled	run 28	proteomic profiling by mass spectrometry	NT=Q Exactive Plus;AC=MS:1002634	TMT127N	NT=TMT6plex;AC=UNIMOD:737;TA=K;MT=Fixed	NT=TMT6plex;AC=UNIMOD:737;PP=Any N-term;MT=Fixed	NT=Carbamidomethyl;AC=UNIMOD:4;TA=C;MT=Fixed	NT=Oxidation;AC=UNIMOD:35;TA=M;MT=Variable	NT=Trypsin;AC=MS:1001251	NT=data-dependent acquisition;AC=PRIDE:0000627	NT=beam-type collision-induced dissociation;AC=MS:1000422	10 ppm	0.02 Da	not available	not available	not applicable	TMT127N	1	1	230120_28.raw	v1.1.0	NT=ms-proteomics;VV=v1.1.0	NT=cell-lines;VV=v1.1.0	NT=single-cell;VV=v1.0.0	manual curation	LNCaP
230120_28_TMT127C	NT=Homo sapiens;AC=NCBITaxon:9606	NT=prostate gland;AC=UBERON:0002367	NT=epithelial cell;AC=CL:0000066	NT=prostate carcinoma;AC=MONDO:0005159	LNCaP C4	CVCL_4783	LNCaP C4	NT=single cell;AC=PRIDE:0000897	manual picking	230120_28_TMT127C	1	not pooled	82	run 28	proteomic profiling by mass spectrometry	NT=Q Exactive Plus;AC=MS:1002634	TMT127C	NT=TMT6plex;AC=UNIMOD:737;TA=K;MT=Fixed	NT=TMT6plex;AC=UNIMOD:737;PP=Any N-term;MT=Fixed	NT=Carbamidomethyl;AC=UNIMOD:4;TA=C;MT=Fixed	NT=Oxidation;AC=UNIMOD:35;TA=M;MT=Variable	NT=Trypsin;AC=MS:1001251	NT=data-dependent acquisition;AC=PRIDE:0000627	NT=beam-type collision-induced dissociation;AC=MS:1000422	10 ppm	0.02 Da	not available	not available	not applicable	TMT127N	1	1	230120_28.raw	v1.1.0	NT=ms-proteomics;VV=v1.1.0	NT=cell-lines;VV=v1.1.0	NT=single-cell;VV=v1.0.0	manual curation	LNCaP C4
230120_28_TMT128N	NT=Homo sapiens;AC=NCBITaxon:9606	NT=prostate gland;AC=UBERON:0002367	NT=epithelial cell;AC=CL:0000066	NT=prostate carcinoma;AC=MONDO:0005159	LNCaP	CVCL_0395	LNCaP	NT=single cell;AC=PRIDE:0000897	manual picking	230120_28_TMT128N	1	not pooled	83	run 28	proteomic profiling by mass spectrometry	NT=Q Exactive Plus;AC=MS:1002634	TMT128N	NT=TMT6plex;AC=UNIMOD:737;TA=K;MT=Fixed	NT=TMT6plex;AC=UNIMOD:737;PP=Any N-term;MT=Fixed	NT=Carbamidomethyl;AC=UNIMOD:4;TA=C;MT=Fixed	NT=Oxidation;AC=UNIMOD:35;TA=M;MT=Variable	NT=Trypsin;AC=MS:1001251	NT=data-dependent acquisition;AC=PRIDE:0000627	NT=beam-type collision-induced dissociation;AC=MS:1000422	10 ppm	0.02 Da	not available	not available	not applicable	TMT127N	1	1	230120_28.raw	v1.1.0	NT=ms-proteomics;VV=v1.1.0	NT=cell-lines;VV=v1.1.0	NT=single-cell;VV=v1.0.0	manual curation	LNCaP
230120_28_TMT128C	NT=Homo sapiens;AC=NCBITaxon:9606	NT=prostate gland;AC=UBERON:0002367	NT=epithelial cell;AC=CL:0000066	NT=prostate carcinoma;AC=MONDO:0005159	LNCaP C4	CVCL_4783	LNCaP C4	NT=single cell;AC=PRIDE:0000897	manual picking	230120_28_TMT128C	1	not pooled	83	run 28	proteomic profiling by mass spectrometry	NT=Q Exactive Plus;AC=MS:1002634	TMT128C	NT=TMT6plex;AC=UNIMOD:737;TA=K;MT=Fixed	NT=TMT6plex;AC=UNIMOD:737;PP=Any N-term;MT=Fixed	NT=Carbamidomethyl;AC=UNIMOD:4;TA=C;MT=Fixed	NT=Oxidation;AC=UNIMOD:35;TA=M;MT=Variable	NT=Trypsin;AC=MS:1001251	NT=data-dependent acquisition;AC=PRIDE:0000627	NT=beam-type collision-induced dissociation;AC=MS:1000422	10 ppm	0.02 Da	not available	not available	not applicable	TMT127N	1	1	230120_28.raw	v1.1.0	NT=ms-proteomics;VV=v1.1.0	NT=cell-lines;VV=v1.1.0	NT=single-cell;VV=v1.0.0	manual curation	LNCaP C4
230120_28_TMT129N	NT=Homo sapiens;AC=NCBITaxon:9606	NT=prostate gland;AC=UBERON:0002367	NT=epithelial cell;AC=CL:0000066	NT=prostate carcinoma;AC=MONDO:0005159	LNCaP	CVCL_0395	LNCaP	NT=single cell;AC=PRIDE:0000897	manual picking	230120_28_TMT129N	1	not pooled	84	run 28	proteomic profiling by mass spectrometry	NT=Q Exactive Plus;AC=MS:1002634	TMT129N	NT=TMT6plex;AC=UNIMOD:737;TA=K;MT=Fixed	NT=TMT6plex;AC=UNIMOD:737;PP=Any N-term;MT=Fixed	NT=Carbamidomethyl;AC=UNIMOD:4;TA=C;MT=Fixed	NT=Oxidation;AC=UNIMOD:35;TA=M;MT=Variable	NT=Trypsin;AC=MS:1001251	NT=data-dependent acquisition;AC=PRIDE:0000627	NT=beam-type collision-induced dissociation;AC=MS:1000422	10 ppm	0.02 Da	not available	not available	not applicable	TMT127N	1	1	230120_28.raw	v1.1.0	NT=ms-proteomics;VV=v1.1.0	NT=cell-lines;VV=v1.1.0	NT=single-cell;VV=v1.0.0	manual curation	LNCaP
230120_28_TMT129C	NT=Homo sapiens;AC=NCBITaxon:9606	NT=prostate gland;AC=UBERON:0002367	NT=epithelial cell;AC=CL:0000066	NT=prostate carcinoma;AC=MONDO:0005159	LNCaP C4	CVCL_4783	LNCaP C4	NT=single cell;AC=PRIDE:0000897	manual picking	230120_28_TMT129C	1	not pooled	84	run 28	proteomic profiling by mass spectrometry	NT=Q Exactive Plus;AC=MS:1002634	TMT129C	NT=TMT6plex;AC=UNIMOD:737;TA=K;MT=Fixed	NT=TMT6plex;AC=UNIMOD:737;PP=Any N-term;MT=Fixed	NT=Carbamidomethyl;AC=UNIMOD:4;TA=C;MT=Fixed	NT=Oxidation;AC=UNIMOD:35;TA=M;MT=Variable	NT=Trypsin;AC=MS:1001251	NT=data-dependent acquisition;AC=PRIDE:0000627	NT=beam-type collision-induced dissociation;AC=MS:1000422	10 ppm	0.02 Da	not available	not available	not applicable	TMT127N	1	1	230120_28.raw	v1.1.0	NT=ms-proteomics;VV=v1.1.0	NT=cell-lines;VV=v1.1.0	NT=single-cell;VV=v1.0.0	manual curation	LNCaP C4
230120_28_TMT130N	NT=Homo sapiens;AC=NCBITaxon:9606	not available	not available	not available	U118	not available	not available	NT=single cell;AC=PRIDE:0000897	manual picking	230120_28_TMT130N	1	not pooled	82	run 28	proteomic profiling by mass spectrometry	NT=Q Exactive Plus;AC=MS:1002634	TMT130N	NT=TMT6plex;AC=UNIMOD:737;TA=K;MT=Fixed	NT=TMT6plex;AC=UNIMOD:737;PP=Any N-term;MT=Fixed	NT=Carbamidomethyl;AC=UNIMOD:4;TA=C;MT=Fixed	NT=Oxidation;AC=UNIMOD:35;TA=M;MT=Variable	NT=Trypsin;AC=MS:1001251	NT=data-dependent acquisition;AC=PRIDE:0000627	NT=beam-type collision-induced dissociation;AC=MS:1000422	10 ppm	0.02 Da	not available	not available	not applicable	TMT127N	1	1	230120_28.raw	v1.1.0	NT=ms-proteomics;VV=v1.1.0	NT=cell-lines;VV=v1.1.0	NT=single-cell;VV=v1.0.0	manual curation	U118
230120_28_TMT130C	NT=Homo sapiens;AC=NCBITaxon:9606	not available	not available	not available	U118	not available	not available	NT=single cell;AC=PRIDE:0000897	manual picking	230120_28_TMT130C	1	not pooled	83	run 28	proteomic profiling by mass spectrometry	NT=Q Exactive Plus;AC=MS:1002634	TMT130C	NT=TMT6plex;AC=UNIMOD:737;TA=K;MT=Fixed	NT=TMT6plex;AC=UNIMOD:737;PP=Any N-term;MT=Fixed	NT=Carbamidomethyl;AC=UNIMOD:4;TA=C;MT=Fixed	NT=Oxidation;AC=UNIMOD:35;TA=M;MT=Variable	NT=Trypsin;AC=MS:1001251	NT=data-dependent acquisition;AC=PRIDE:0000627	NT=beam-type collision-induced dissociation;AC=MS:1000422	10 ppm	0.02 Da	not available	not available	not applicable	TMT127N	1	1	230120_28.raw	v1.1.0	NT=ms-proteomics;VV=v1.1.0	NT=cell-lines;VV=v1.1.0	NT=single-cell;VV=v1.0.0	manual curation	U118
230120_28_TMT131	NT=Homo sapiens;AC=NCBITaxon:9606	not available	not available	not available	U118	not available	not available	NT=single cell;AC=PRIDE:0000897	manual picking	230120_28_TMT131	1	not pooled	84	run 28	proteomic profiling by mass spectrometry	NT=Q Exactive Plus;AC=MS:1002634	TMT131	NT=TMT6plex;AC=UNIMOD:737;TA=K;MT=Fixed	NT=TMT6plex;AC=UNIMOD:737;PP=Any N-term;MT=Fixed	NT=Carbamidomethyl;AC=UNIMOD:4;TA=C;MT=Fixed	NT=Oxidation;AC=UNIMOD:35;TA=M;MT=Variable	NT=Trypsin;AC=MS:1001251	NT=data-dependent acquisition;AC=PRIDE:0000627	NT=beam-type collision-induced dissociation;AC=MS:1000422	10 ppm	0.02 Da	not available	not available	not applicable	TMT127N	1	1	230120_28.raw	v1.1.0	NT=ms-proteomics;VV=v1.1.0	NT=cell-lines;VV=v1.1.0	NT=single-cell;VV=v1.0.0	manual curation	U118
230120_29_TMT126	NT=Homo sapiens;AC=NCBITaxon:9606	NT=prostate gland;AC=UBERON:0002367	NT=epithelial cell;AC=CL:0000066	NT=prostate carcinoma;AC=MONDO:0005159	LNCaP	CVCL_0395	LNCaP	NT=single cell;AC=PRIDE:0000897	manual picking	230120_29_TMT126	1	not pooled	85	run 29	proteomic profiling by mass spectrometry	NT=Q Exactive Plus;AC=MS:1002634	TMT126	NT=TMT6plex;AC=UNIMOD:737;TA=K;MT=Fixed	NT=TMT6plex;AC=UNIMOD:737;PP=Any N-term;MT=Fixed	NT=Carbamidomethyl;AC=UNIMOD:4;TA=C;MT=Fixed	NT=Oxidation;AC=UNIMOD:35;TA=M;MT=Variable	NT=Trypsin;AC=MS:1001251	NT=data-dependent acquisition;AC=PRIDE:0000627	NT=beam-type collision-induced dissociation;AC=MS:1000422	10 ppm	0.02 Da	not available	not available	not applicable	TMT127N	1	1	230120_29.raw	v1.1.0	NT=ms-proteomics;VV=v1.1.0	NT=cell-lines;VV=v1.1.0	NT=single-cell;VV=v1.0.0	manual curation	LNCaP
230120_29_TMT127N	NT=Homo sapiens;AC=NCBITaxon:9606	NT=prostate gland;AC=UBERON:0002367	NT=epithelial cell;AC=CL:0000066	NT=prostate carcinoma;AC=MONDO:0005159	LNCaP	CVCL_0395	LNCaP	NT=reference;AC=PRIDE:0000899	not applicable	not applicable	3000	pooled	pooled	run 29	proteomic profiling by mass spectrometry	NT=Q Exactive Plus;AC=MS:1002634	TMT127N	NT=TMT6plex;AC=UNIMOD:737;TA=K;MT=Fixed	NT=TMT6plex;AC=UNIMOD:737;PP=Any N-term;MT=Fixed	NT=Carbamidomethyl;AC=UNIMOD:4;TA=C;MT=Fixed	NT=Oxidation;AC=UNIMOD:35;TA=M;MT=Variable	NT=Trypsin;AC=MS:1001251	NT=data-dependent acquisition;AC=PRIDE:0000627	NT=beam-type collision-induced dissociation;AC=MS:1000422	10 ppm	0.02 Da	not available	not available	not applicable	TMT127N	1	1	230120_29.raw	v1.1.0	NT=ms-proteomics;VV=v1.1.0	NT=cell-lines;VV=v1.1.0	NT=single-cell;VV=v1.0.0	manual curation	LNCaP
230120_29_TMT127C	NT=Homo sapiens;AC=NCBITaxon:9606	NT=prostate gland;AC=UBERON:0002367	NT=epithelial cell;AC=CL:0000066	NT=prostate carcinoma;AC=MONDO:0005159	LNCaP C4	CVCL_4783	LNCaP C4	NT=single cell;AC=PRIDE:0000897	manual picking	230120_29_TMT127C	1	not pooled	85	run 29	proteomic profiling by mass spectrometry	NT=Q Exactive Plus;AC=MS:1002634	TMT127C	NT=TMT6plex;AC=UNIMOD:737;TA=K;MT=Fixed	NT=TMT6plex;AC=UNIMOD:737;PP=Any N-term;MT=Fixed	NT=Carbamidomethyl;AC=UNIMOD:4;TA=C;MT=Fixed	NT=Oxidation;AC=UNIMOD:35;TA=M;MT=Variable	NT=Trypsin;AC=MS:1001251	NT=data-dependent acquisition;AC=PRIDE:0000627	NT=beam-type collision-induced dissociation;AC=MS:1000422	10 ppm	0.02 Da	not available	not available	not applicable	TMT127N	1	1	230120_29.raw	v1.1.0	NT=ms-proteomics;VV=v1.1.0	NT=cell-lines;VV=v1.1.0	NT=single-cell;VV=v1.0.0	manual curation	LNCaP C4
230120_29_TMT128N	NT=Homo sapiens;AC=NCBITaxon:9606	NT=prostate gland;AC=UBERON:0002367	NT=epithelial cell;AC=CL:0000066	NT=prostate carcinoma;AC=MONDO:0005159	LNCaP	CVCL_0395	LNCaP	NT=single cell;AC=PRIDE:0000897	manual picking	230120_29_TMT128N	1	not pooled	86	run 29	proteomic profiling by mass spectrometry	NT=Q Exactive Plus;AC=MS:1002634	TMT128N	NT=TMT6plex;AC=UNIMOD:737;TA=K;MT=Fixed	NT=TMT6plex;AC=UNIMOD:737;PP=Any N-term;MT=Fixed	NT=Carbamidomethyl;AC=UNIMOD:4;TA=C;MT=Fixed	NT=Oxidation;AC=UNIMOD:35;TA=M;MT=Variable	NT=Trypsin;AC=MS:1001251	NT=data-dependent acquisition;AC=PRIDE:0000627	NT=beam-type collision-induced dissociation;AC=MS:1000422	10 ppm	0.02 Da	not available	not available	not applicable	TMT127N	1	1	230120_29.raw	v1.1.0	NT=ms-proteomics;VV=v1.1.0	NT=cell-lines;VV=v1.1.0	NT=single-cell;VV=v1.0.0	manual curation	LNCaP
230120_29_TMT128C	NT=Homo sapiens;AC=NCBITaxon:9606	NT=prostate gland;AC=UBERON:0002367	NT=epithelial cell;AC=CL:0000066	NT=prostate carcinoma;AC=MONDO:0005159	LNCaP C4	CVCL_4783	LNCaP C4	NT=single cell;AC=PRIDE:0000897	manual picking	230120_29_TMT128C	1	not pooled	86	run 29	proteomic profiling by mass spectrometry	NT=Q Exactive Plus;AC=MS:1002634	TMT128C	NT=TMT6plex;AC=UNIMOD:737;TA=K;MT=Fixed	NT=TMT6plex;AC=UNIMOD:737;PP=Any N-term;MT=Fixed	NT=Carbamidomethyl;AC=UNIMOD:4;TA=C;MT=Fixed	NT=Oxidation;AC=UNIMOD:35;TA=M;MT=Variable	NT=Trypsin;AC=MS:1001251	NT=data-dependent acquisition;AC=PRIDE:0000627	NT=beam-type collision-induced dissociation;AC=MS:1000422	10 ppm	0.02 Da	not available	not available	not applicable	TMT127N	1	1	230120_29.raw	v1.1.0	NT=ms-proteomics;VV=v1.1.0	NT=cell-lines;VV=v1.1.0	NT=single-cell;VV=v1.0.0	manual curation	LNCaP C4
230120_29_TMT129N	NT=Homo sapiens;AC=NCBITaxon:9606	NT=prostate gland;AC=UBERON:0002367	NT=epithelial cell;AC=CL:0000066	NT=prostate carcinoma;AC=MONDO:0005159	LNCaP	CVCL_0395	LNCaP	NT=single cell;AC=PRIDE:0000897	manual picking	230120_29_TMT129N	1	not pooled	87	run 29	proteomic profiling by mass spectrometry	NT=Q Exactive Plus;AC=MS:1002634	TMT129N	NT=TMT6plex;AC=UNIMOD:737;TA=K;MT=Fixed	NT=TMT6plex;AC=UNIMOD:737;PP=Any N-term;MT=Fixed	NT=Carbamidomethyl;AC=UNIMOD:4;TA=C;MT=Fixed	NT=Oxidation;AC=UNIMOD:35;TA=M;MT=Variable	NT=Trypsin;AC=MS:1001251	NT=data-dependent acquisition;AC=PRIDE:0000627	NT=beam-type collision-induced dissociation;AC=MS:1000422	10 ppm	0.02 Da	not available	not available	not applicable	TMT127N	1	1	230120_29.raw	v1.1.0	NT=ms-proteomics;VV=v1.1.0	NT=cell-lines;VV=v1.1.0	NT=single-cell;VV=v1.0.0	manual curation	LNCaP
230120_29_TMT129C	NT=Homo sapiens;AC=NCBITaxon:9606	NT=prostate gland;AC=UBERON:0002367	NT=epithelial cell;AC=CL:0000066	NT=prostate carcinoma;AC=MONDO:0005159	LNCaP C4	CVCL_4783	LNCaP C4	NT=single cell;AC=PRIDE:0000897	manual picking	230120_29_TMT129C	1	not pooled	87	run 29	proteomic profiling by mass spectrometry	NT=Q Exactive Plus;AC=MS:1002634	TMT129C	NT=TMT6plex;AC=UNIMOD:737;TA=K;MT=Fixed	NT=TMT6plex;AC=UNIMOD:737;PP=Any N-term;MT=Fixed	NT=Carbamidomethyl;AC=UNIMOD:4;TA=C;MT=Fixed	NT=Oxidation;AC=UNIMOD:35;TA=M;MT=Variable	NT=Trypsin;AC=MS:1001251	NT=data-dependent acquisition;AC=PRIDE:0000627	NT=beam-type collision-induced dissociation;AC=MS:1000422	10 ppm	0.02 Da	not available	not available	not applicable	TMT127N	1	1	230120_29.raw	v1.1.0	NT=ms-proteomics;VV=v1.1.0	NT=cell-lines;VV=v1.1.0	NT=single-cell;VV=v1.0.0	manual curation	LNCaP C4
230120_29_TMT130N	NT=Homo sapiens;AC=NCBITaxon:9606	not available	not available	not available	U118	not available	not available	NT=single cell;AC=PRIDE:0000897	manual picking	230120_29_TMT130N	1	not pooled	85	run 29	proteomic profiling by mass spectrometry	NT=Q Exactive Plus;AC=MS:1002634	TMT130N	NT=TMT6plex;AC=UNIMOD:737;TA=K;MT=Fixed	NT=TMT6plex;AC=UNIMOD:737;PP=Any N-term;MT=Fixed	NT=Carbamidomethyl;AC=UNIMOD:4;TA=C;MT=Fixed	NT=Oxidation;AC=UNIMOD:35;TA=M;MT=Variable	NT=Trypsin;AC=MS:1001251	NT=data-dependent acquisition;AC=PRIDE:0000627	NT=beam-type collision-induced dissociation;AC=MS:1000422	10 ppm	0.02 Da	not available	not available	not applicable	TMT127N	1	1	230120_29.raw	v1.1.0	NT=ms-proteomics;VV=v1.1.0	NT=cell-lines;VV=v1.1.0	NT=single-cell;VV=v1.0.0	manual curation	U118
230120_29_TMT130C	NT=Homo sapiens;AC=NCBITaxon:9606	not available	not available	not available	U118	not available	not available	NT=single cell;AC=PRIDE:0000897	manual picking	230120_29_TMT130C	1	not pooled	86	run 29	proteomic profiling by mass spectrometry	NT=Q Exactive Plus;AC=MS:1002634	TMT130C	NT=TMT6plex;AC=UNIMOD:737;TA=K;MT=Fixed	NT=TMT6plex;AC=UNIMOD:737;PP=Any N-term;MT=Fixed	NT=Carbamidomethyl;AC=UNIMOD:4;TA=C;MT=Fixed	NT=Oxidation;AC=UNIMOD:35;TA=M;MT=Variable	NT=Trypsin;AC=MS:1001251	NT=data-dependent acquisition;AC=PRIDE:0000627	NT=beam-type collision-induced dissociation;AC=MS:1000422	10 ppm	0.02 Da	not available	not available	not applicable	TMT127N	1	1	230120_29.raw	v1.1.0	NT=ms-proteomics;VV=v1.1.0	NT=cell-lines;VV=v1.1.0	NT=single-cell;VV=v1.0.0	manual curation	U118
230120_29_TMT131	NT=Homo sapiens;AC=NCBITaxon:9606	not available	not available	not available	U118	not available	not available	NT=single cell;AC=PRIDE:0000897	manual picking	230120_29_TMT131	1	not pooled	87	run 29	proteomic profiling by mass spectrometry	NT=Q Exactive Plus;AC=MS:1002634	TMT131	NT=TMT6plex;AC=UNIMOD:737;TA=K;MT=Fixed	NT=TMT6plex;AC=UNIMOD:737;PP=Any N-term;MT=Fixed	NT=Carbamidomethyl;AC=UNIMOD:4;TA=C;MT=Fixed	NT=Oxidation;AC=UNIMOD:35;TA=M;MT=Variable	NT=Trypsin;AC=MS:1001251	NT=data-dependent acquisition;AC=PRIDE:0000627	NT=beam-type collision-induced dissociation;AC=MS:1000422	10 ppm	0.02 Da	not available	not available	not applicable	TMT127N	1	1	230120_29.raw	v1.1.0	NT=ms-proteomics;VV=v1.1.0	NT=cell-lines;VV=v1.1.0	NT=single-cell;VV=v1.0.0	manual curation	U118
230120_30_TMT126	NT=Homo sapiens;AC=NCBITaxon:9606	NT=prostate gland;AC=UBERON:0002367	NT=epithelial cell;AC=CL:0000066	NT=prostate carcinoma;AC=MONDO:0005159	LNCaP	CVCL_0395	LNCaP	NT=single cell;AC=PRIDE:0000897	manual picking	230120_30_TMT126	1	not pooled	88	run 30	proteomic profiling by mass spectrometry	NT=Q Exactive Plus;AC=MS:1002634	TMT126	NT=TMT6plex;AC=UNIMOD:737;TA=K;MT=Fixed	NT=TMT6plex;AC=UNIMOD:737;PP=Any N-term;MT=Fixed	NT=Carbamidomethyl;AC=UNIMOD:4;TA=C;MT=Fixed	NT=Oxidation;AC=UNIMOD:35;TA=M;MT=Variable	NT=Trypsin;AC=MS:1001251	NT=data-dependent acquisition;AC=PRIDE:0000627	NT=beam-type collision-induced dissociation;AC=MS:1000422	10 ppm	0.02 Da	not available	not available	not applicable	TMT127N	1	1	230120_30.raw	v1.1.0	NT=ms-proteomics;VV=v1.1.0	NT=cell-lines;VV=v1.1.0	NT=single-cell;VV=v1.0.0	manual curation	LNCaP
230120_30_TMT127N	NT=Homo sapiens;AC=NCBITaxon:9606	NT=prostate gland;AC=UBERON:0002367	NT=epithelial cell;AC=CL:0000066	NT=prostate carcinoma;AC=MONDO:0005159	LNCaP	CVCL_0395	LNCaP	NT=reference;AC=PRIDE:0000899	not applicable	not applicable	3000	pooled	pooled	run 30	proteomic profiling by mass spectrometry	NT=Q Exactive Plus;AC=MS:1002634	TMT127N	NT=TMT6plex;AC=UNIMOD:737;TA=K;MT=Fixed	NT=TMT6plex;AC=UNIMOD:737;PP=Any N-term;MT=Fixed	NT=Carbamidomethyl;AC=UNIMOD:4;TA=C;MT=Fixed	NT=Oxidation;AC=UNIMOD:35;TA=M;MT=Variable	NT=Trypsin;AC=MS:1001251	NT=data-dependent acquisition;AC=PRIDE:0000627	NT=beam-type collision-induced dissociation;AC=MS:1000422	10 ppm	0.02 Da	not available	not available	not applicable	TMT127N	1	1	230120_30.raw	v1.1.0	NT=ms-proteomics;VV=v1.1.0	NT=cell-lines;VV=v1.1.0	NT=single-cell;VV=v1.0.0	manual curation	LNCaP
230120_30_TMT127C	NT=Homo sapiens;AC=NCBITaxon:9606	NT=prostate gland;AC=UBERON:0002367	NT=epithelial cell;AC=CL:0000066	NT=prostate carcinoma;AC=MONDO:0005159	LNCaP C4	CVCL_4783	LNCaP C4	NT=single cell;AC=PRIDE:0000897	manual picking	230120_30_TMT127C	1	not pooled	88	run 30	proteomic profiling by mass spectrometry	NT=Q Exactive Plus;AC=MS:1002634	TMT127C	NT=TMT6plex;AC=UNIMOD:737;TA=K;MT=Fixed	NT=TMT6plex;AC=UNIMOD:737;PP=Any N-term;MT=Fixed	NT=Carbamidomethyl;AC=UNIMOD:4;TA=C;MT=Fixed	NT=Oxidation;AC=UNIMOD:35;TA=M;MT=Variable	NT=Trypsin;AC=MS:1001251	NT=data-dependent acquisition;AC=PRIDE:0000627	NT=beam-type collision-induced dissociation;AC=MS:1000422	10 ppm	0.02 Da	not available	not available	not applicable	TMT127N	1	1	230120_30.raw	v1.1.0	NT=ms-proteomics;VV=v1.1.0	NT=cell-lines;VV=v1.1.0	NT=single-cell;VV=v1.0.0	manual curation	LNCaP C4
230120_30_TMT128N	NT=Homo sapiens;AC=NCBITaxon:9606	NT=prostate gland;AC=UBERON:0002367	NT=epithelial cell;AC=CL:0000066	NT=prostate carcinoma;AC=MONDO:0005159	LNCaP	CVCL_0395	LNCaP	NT=single cell;AC=PRIDE:0000897	manual picking	230120_30_TMT128N	1	not pooled	89	run 30	proteomic profiling by mass spectrometry	NT=Q Exactive Plus;AC=MS:1002634	TMT128N	NT=TMT6plex;AC=UNIMOD:737;TA=K;MT=Fixed	NT=TMT6plex;AC=UNIMOD:737;PP=Any N-term;MT=Fixed	NT=Carbamidomethyl;AC=UNIMOD:4;TA=C;MT=Fixed	NT=Oxidation;AC=UNIMOD:35;TA=M;MT=Variable	NT=Trypsin;AC=MS:1001251	NT=data-dependent acquisition;AC=PRIDE:0000627	NT=beam-type collision-induced dissociation;AC=MS:1000422	10 ppm	0.02 Da	not available	not available	not applicable	TMT127N	1	1	230120_30.raw	v1.1.0	NT=ms-proteomics;VV=v1.1.0	NT=cell-lines;VV=v1.1.0	NT=single-cell;VV=v1.0.0	manual curation	LNCaP
230120_30_TMT128C	NT=Homo sapiens;AC=NCBITaxon:9606	NT=prostate gland;AC=UBERON:0002367	NT=epithelial cell;AC=CL:0000066	NT=prostate carcinoma;AC=MONDO:0005159	LNCaP C4	CVCL_4783	LNCaP C4	NT=single cell;AC=PRIDE:0000897	manual picking	230120_30_TMT128C	1	not pooled	89	run 30	proteomic profiling by mass spectrometry	NT=Q Exactive Plus;AC=MS:1002634	TMT128C	NT=TMT6plex;AC=UNIMOD:737;TA=K;MT=Fixed	NT=TMT6plex;AC=UNIMOD:737;PP=Any N-term;MT=Fixed	NT=Carbamidomethyl;AC=UNIMOD:4;TA=C;MT=Fixed	NT=Oxidation;AC=UNIMOD:35;TA=M;MT=Variable	NT=Trypsin;AC=MS:1001251	NT=data-dependent acquisition;AC=PRIDE:0000627	NT=beam-type collision-induced dissociation;AC=MS:1000422	10 ppm	0.02 Da	not available	not available	not applicable	TMT127N	1	1	230120_30.raw	v1.1.0	NT=ms-proteomics;VV=v1.1.0	NT=cell-lines;VV=v1.1.0	NT=single-cell;VV=v1.0.0	manual curation	LNCaP C4
230120_30_TMT129N	NT=Homo sapiens;AC=NCBITaxon:9606	NT=prostate gland;AC=UBERON:0002367	NT=epithelial cell;AC=CL:0000066	NT=prostate carcinoma;AC=MONDO:0005159	LNCaP	CVCL_0395	LNCaP	NT=single cell;AC=PRIDE:0000897	manual picking	230120_30_TMT129N	1	not pooled	90	run 30	proteomic profiling by mass spectrometry	NT=Q Exactive Plus;AC=MS:1002634	TMT129N	NT=TMT6plex;AC=UNIMOD:737;TA=K;MT=Fixed	NT=TMT6plex;AC=UNIMOD:737;PP=Any N-term;MT=Fixed	NT=Carbamidomethyl;AC=UNIMOD:4;TA=C;MT=Fixed	NT=Oxidation;AC=UNIMOD:35;TA=M;MT=Variable	NT=Trypsin;AC=MS:1001251	NT=data-dependent acquisition;AC=PRIDE:0000627	NT=beam-type collision-induced dissociation;AC=MS:1000422	10 ppm	0.02 Da	not available	not available	not applicable	TMT127N	1	1	230120_30.raw	v1.1.0	NT=ms-proteomics;VV=v1.1.0	NT=cell-lines;VV=v1.1.0	NT=single-cell;VV=v1.0.0	manual curation	LNCaP
230120_30_TMT129C	NT=Homo sapiens;AC=NCBITaxon:9606	NT=prostate gland;AC=UBERON:0002367	NT=epithelial cell;AC=CL:0000066	NT=prostate carcinoma;AC=MONDO:0005159	LNCaP C4	CVCL_4783	LNCaP C4	NT=single cell;AC=PRIDE:0000897	manual picking	230120_30_TMT129C	1	not pooled	90	run 30	proteomic profiling by mass spectrometry	NT=Q Exactive Plus;AC=MS:1002634	TMT129C	NT=TMT6plex;AC=UNIMOD:737;TA=K;MT=Fixed	NT=TMT6plex;AC=UNIMOD:737;PP=Any N-term;MT=Fixed	NT=Carbamidomethyl;AC=UNIMOD:4;TA=C;MT=Fixed	NT=Oxidation;AC=UNIMOD:35;TA=M;MT=Variable	NT=Trypsin;AC=MS:1001251	NT=data-dependent acquisition;AC=PRIDE:0000627	NT=beam-type collision-induced dissociation;AC=MS:1000422	10 ppm	0.02 Da	not available	not available	not applicable	TMT127N	1	1	230120_30.raw	v1.1.0	NT=ms-proteomics;VV=v1.1.0	NT=cell-lines;VV=v1.1.0	NT=single-cell;VV=v1.0.0	manual curation	LNCaP C4
230120_30_TMT130N	NT=Homo sapiens;AC=NCBITaxon:9606	not available	not available	not available	U118	not available	not available	NT=single cell;AC=PRIDE:0000897	manual picking	230120_30_TMT130N	1	not pooled	88	run 30	proteomic profiling by mass spectrometry	NT=Q Exactive Plus;AC=MS:1002634	TMT130N	NT=TMT6plex;AC=UNIMOD:737;TA=K;MT=Fixed	NT=TMT6plex;AC=UNIMOD:737;PP=Any N-term;MT=Fixed	NT=Carbamidomethyl;AC=UNIMOD:4;TA=C;MT=Fixed	NT=Oxidation;AC=UNIMOD:35;TA=M;MT=Variable	NT=Trypsin;AC=MS:1001251	NT=data-dependent acquisition;AC=PRIDE:0000627	NT=beam-type collision-induced dissociation;AC=MS:1000422	10 ppm	0.02 Da	not available	not available	not applicable	TMT127N	1	1	230120_30.raw	v1.1.0	NT=ms-proteomics;VV=v1.1.0	NT=cell-lines;VV=v1.1.0	NT=single-cell;VV=v1.0.0	manual curation	U118
230120_30_TMT130C	NT=Homo sapiens;AC=NCBITaxon:9606	not available	not available	not available	U118	not available	not available	NT=single cell;AC=PRIDE:0000897	manual picking	230120_30_TMT130C	1	not pooled	89	run 30	proteomic profiling by mass spectrometry	NT=Q Exactive Plus;AC=MS:1002634	TMT130C	NT=TMT6plex;AC=UNIMOD:737;TA=K;MT=Fixed	NT=TMT6plex;AC=UNIMOD:737;PP=Any N-term;MT=Fixed	NT=Carbamidomethyl;AC=UNIMOD:4;TA=C;MT=Fixed	NT=Oxidation;AC=UNIMOD:35;TA=M;MT=Variable	NT=Trypsin;AC=MS:1001251	NT=data-dependent acquisition;AC=PRIDE:0000627	NT=beam-type collision-induced dissociation;AC=MS:1000422	10 ppm	0.02 Da	not available	not available	not applicable	TMT127N	1	1	230120_30.raw	v1.1.0	NT=ms-proteomics;VV=v1.1.0	NT=cell-lines;VV=v1.1.0	NT=single-cell;VV=v1.0.0	manual curation	U118
230120_30_TMT131	NT=Homo sapiens;AC=NCBITaxon:9606	not available	not available	not available	U118	not available	not available	NT=single cell;AC=PRIDE:0000897	manual picking	230120_30_TMT131	1	not pooled	90	run 30	proteomic profiling by mass spectrometry	NT=Q Exactive Plus;AC=MS:1002634	TMT131	NT=TMT6plex;AC=UNIMOD:737;TA=K;MT=Fixed	NT=TMT6plex;AC=UNIMOD:737;PP=Any N-term;MT=Fixed	NT=Carbamidomethyl;AC=UNIMOD:4;TA=C;MT=Fixed	NT=Oxidation;AC=UNIMOD:35;TA=M;MT=Variable	NT=Trypsin;AC=MS:1001251	NT=data-dependent acquisition;AC=PRIDE:0000627	NT=beam-type collision-induced dissociation;AC=MS:1000422	10 ppm	0.02 Da	not available	not available	not applicable	TMT127N	1	1	230120_30.raw	v1.1.0	NT=ms-proteomics;VV=v1.1.0	NT=cell-lines;VV=v1.1.0	NT=single-cell;VV=v1.0.0	manual curation	U118
230120_31_TMT126	NT=Homo sapiens;AC=NCBITaxon:9606	NT=prostate gland;AC=UBERON:0002367	NT=epithelial cell;AC=CL:0000066	NT=prostate carcinoma;AC=MONDO:0005159	LNCaP	CVCL_0395	LNCaP	NT=single cell;AC=PRIDE:0000897	manual picking	230120_31_TMT126	1	not pooled	91	run 31	proteomic profiling by mass spectrometry	NT=Q Exactive Plus;AC=MS:1002634	TMT126	NT=TMT6plex;AC=UNIMOD:737;TA=K;MT=Fixed	NT=TMT6plex;AC=UNIMOD:737;PP=Any N-term;MT=Fixed	NT=Carbamidomethyl;AC=UNIMOD:4;TA=C;MT=Fixed	NT=Oxidation;AC=UNIMOD:35;TA=M;MT=Variable	NT=Trypsin;AC=MS:1001251	NT=data-dependent acquisition;AC=PRIDE:0000627	NT=beam-type collision-induced dissociation;AC=MS:1000422	10 ppm	0.02 Da	not available	not available	not applicable	TMT127N	1	1	230120_31.raw	v1.1.0	NT=ms-proteomics;VV=v1.1.0	NT=cell-lines;VV=v1.1.0	NT=single-cell;VV=v1.0.0	manual curation	LNCaP
230120_31_TMT127N	NT=Homo sapiens;AC=NCBITaxon:9606	NT=prostate gland;AC=UBERON:0002367	NT=epithelial cell;AC=CL:0000066	NT=prostate carcinoma;AC=MONDO:0005159	LNCaP	CVCL_0395	LNCaP	NT=reference;AC=PRIDE:0000899	not applicable	not applicable	3000	pooled	pooled	run 31	proteomic profiling by mass spectrometry	NT=Q Exactive Plus;AC=MS:1002634	TMT127N	NT=TMT6plex;AC=UNIMOD:737;TA=K;MT=Fixed	NT=TMT6plex;AC=UNIMOD:737;PP=Any N-term;MT=Fixed	NT=Carbamidomethyl;AC=UNIMOD:4;TA=C;MT=Fixed	NT=Oxidation;AC=UNIMOD:35;TA=M;MT=Variable	NT=Trypsin;AC=MS:1001251	NT=data-dependent acquisition;AC=PRIDE:0000627	NT=beam-type collision-induced dissociation;AC=MS:1000422	10 ppm	0.02 Da	not available	not available	not applicable	TMT127N	1	1	230120_31.raw	v1.1.0	NT=ms-proteomics;VV=v1.1.0	NT=cell-lines;VV=v1.1.0	NT=single-cell;VV=v1.0.0	manual curation	LNCaP
230120_31_TMT127C	NT=Homo sapiens;AC=NCBITaxon:9606	NT=prostate gland;AC=UBERON:0002367	NT=epithelial cell;AC=CL:0000066	NT=prostate carcinoma;AC=MONDO:0005159	LNCaP C4	CVCL_4783	LNCaP C4	NT=single cell;AC=PRIDE:0000897	manual picking	230120_31_TMT127C	1	not pooled	91	run 31	proteomic profiling by mass spectrometry	NT=Q Exactive Plus;AC=MS:1002634	TMT127C	NT=TMT6plex;AC=UNIMOD:737;TA=K;MT=Fixed	NT=TMT6plex;AC=UNIMOD:737;PP=Any N-term;MT=Fixed	NT=Carbamidomethyl;AC=UNIMOD:4;TA=C;MT=Fixed	NT=Oxidation;AC=UNIMOD:35;TA=M;MT=Variable	NT=Trypsin;AC=MS:1001251	NT=data-dependent acquisition;AC=PRIDE:0000627	NT=beam-type collision-induced dissociation;AC=MS:1000422	10 ppm	0.02 Da	not available	not available	not applicable	TMT127N	1	1	230120_31.raw	v1.1.0	NT=ms-proteomics;VV=v1.1.0	NT=cell-lines;VV=v1.1.0	NT=single-cell;VV=v1.0.0	manual curation	LNCaP C4
230120_31_TMT128N	NT=Homo sapiens;AC=NCBITaxon:9606	NT=prostate gland;AC=UBERON:0002367	NT=epithelial cell;AC=CL:0000066	NT=prostate carcinoma;AC=MONDO:0005159	LNCaP	CVCL_0395	LNCaP	NT=single cell;AC=PRIDE:0000897	manual picking	230120_31_TMT128N	1	not pooled	92	run 31	proteomic profiling by mass spectrometry	NT=Q Exactive Plus;AC=MS:1002634	TMT128N	NT=TMT6plex;AC=UNIMOD:737;TA=K;MT=Fixed	NT=TMT6plex;AC=UNIMOD:737;PP=Any N-term;MT=Fixed	NT=Carbamidomethyl;AC=UNIMOD:4;TA=C;MT=Fixed	NT=Oxidation;AC=UNIMOD:35;TA=M;MT=Variable	NT=Trypsin;AC=MS:1001251	NT=data-dependent acquisition;AC=PRIDE:0000627	NT=beam-type collision-induced dissociation;AC=MS:1000422	10 ppm	0.02 Da	not available	not available	not applicable	TMT127N	1	1	230120_31.raw	v1.1.0	NT=ms-proteomics;VV=v1.1.0	NT=cell-lines;VV=v1.1.0	NT=single-cell;VV=v1.0.0	manual curation	LNCaP
230120_31_TMT128C	NT=Homo sapiens;AC=NCBITaxon:9606	NT=prostate gland;AC=UBERON:0002367	NT=epithelial cell;AC=CL:0000066	NT=prostate carcinoma;AC=MONDO:0005159	LNCaP C4	CVCL_4783	LNCaP C4	NT=single cell;AC=PRIDE:0000897	manual picking	230120_31_TMT128C	1	not pooled	92	run 31	proteomic profiling by mass spectrometry	NT=Q Exactive Plus;AC=MS:1002634	TMT128C	NT=TMT6plex;AC=UNIMOD:737;TA=K;MT=Fixed	NT=TMT6plex;AC=UNIMOD:737;PP=Any N-term;MT=Fixed	NT=Carbamidomethyl;AC=UNIMOD:4;TA=C;MT=Fixed	NT=Oxidation;AC=UNIMOD:35;TA=M;MT=Variable	NT=Trypsin;AC=MS:1001251	NT=data-dependent acquisition;AC=PRIDE:0000627	NT=beam-type collision-induced dissociation;AC=MS:1000422	10 ppm	0.02 Da	not available	not available	not applicable	TMT127N	1	1	230120_31.raw	v1.1.0	NT=ms-proteomics;VV=v1.1.0	NT=cell-lines;VV=v1.1.0	NT=single-cell;VV=v1.0.0	manual curation	LNCaP C4
230120_31_TMT129N	NT=Homo sapiens;AC=NCBITaxon:9606	NT=prostate gland;AC=UBERON:0002367	NT=epithelial cell;AC=CL:0000066	NT=prostate carcinoma;AC=MONDO:0005159	LNCaP	CVCL_0395	LNCaP	NT=single cell;AC=PRIDE:0000897	manual picking	230120_31_TMT129N	1	not pooled	93	run 31	proteomic profiling by mass spectrometry	NT=Q Exactive Plus;AC=MS:1002634	TMT129N	NT=TMT6plex;AC=UNIMOD:737;TA=K;MT=Fixed	NT=TMT6plex;AC=UNIMOD:737;PP=Any N-term;MT=Fixed	NT=Carbamidomethyl;AC=UNIMOD:4;TA=C;MT=Fixed	NT=Oxidation;AC=UNIMOD:35;TA=M;MT=Variable	NT=Trypsin;AC=MS:1001251	NT=data-dependent acquisition;AC=PRIDE:0000627	NT=beam-type collision-induced dissociation;AC=MS:1000422	10 ppm	0.02 Da	not available	not available	not applicable	TMT127N	1	1	230120_31.raw	v1.1.0	NT=ms-proteomics;VV=v1.1.0	NT=cell-lines;VV=v1.1.0	NT=single-cell;VV=v1.0.0	manual curation	LNCaP
230120_31_TMT129C	NT=Homo sapiens;AC=NCBITaxon:9606	NT=prostate gland;AC=UBERON:0002367	NT=epithelial cell;AC=CL:0000066	NT=prostate carcinoma;AC=MONDO:0005159	LNCaP C4	CVCL_4783	LNCaP C4	NT=single cell;AC=PRIDE:0000897	manual picking	230120_31_TMT129C	1	not pooled	93	run 31	proteomic profiling by mass spectrometry	NT=Q Exactive Plus;AC=MS:1002634	TMT129C	NT=TMT6plex;AC=UNIMOD:737;TA=K;MT=Fixed	NT=TMT6plex;AC=UNIMOD:737;PP=Any N-term;MT=Fixed	NT=Carbamidomethyl;AC=UNIMOD:4;TA=C;MT=Fixed	NT=Oxidation;AC=UNIMOD:35;TA=M;MT=Variable	NT=Trypsin;AC=MS:1001251	NT=data-dependent acquisition;AC=PRIDE:0000627	NT=beam-type collision-induced dissociation;AC=MS:1000422	10 ppm	0.02 Da	not available	not available	not applicable	TMT127N	1	1	230120_31.raw	v1.1.0	NT=ms-proteomics;VV=v1.1.0	NT=cell-lines;VV=v1.1.0	NT=single-cell;VV=v1.0.0	manual curation	LNCaP C4
230120_31_TMT130N	NT=Homo sapiens;AC=NCBITaxon:9606	not available	not available	not available	U118	not available	not available	NT=single cell;AC=PRIDE:0000897	manual picking	230120_31_TMT130N	1	not pooled	91	run 31	proteomic profiling by mass spectrometry	NT=Q Exactive Plus;AC=MS:1002634	TMT130N	NT=TMT6plex;AC=UNIMOD:737;TA=K;MT=Fixed	NT=TMT6plex;AC=UNIMOD:737;PP=Any N-term;MT=Fixed	NT=Carbamidomethyl;AC=UNIMOD:4;TA=C;MT=Fixed	NT=Oxidation;AC=UNIMOD:35;TA=M;MT=Variable	NT=Trypsin;AC=MS:1001251	NT=data-dependent acquisition;AC=PRIDE:0000627	NT=beam-type collision-induced dissociation;AC=MS:1000422	10 ppm	0.02 Da	not available	not available	not applicable	TMT127N	1	1	230120_31.raw	v1.1.0	NT=ms-proteomics;VV=v1.1.0	NT=cell-lines;VV=v1.1.0	NT=single-cell;VV=v1.0.0	manual curation	U118
230120_31_TMT130C	NT=Homo sapiens;AC=NCBITaxon:9606	not available	not available	not available	U118	not available	not available	NT=single cell;AC=PRIDE:0000897	manual picking	230120_31_TMT130C	1	not pooled	92	run 31	proteomic profiling by mass spectrometry	NT=Q Exactive Plus;AC=MS:1002634	TMT130C	NT=TMT6plex;AC=UNIMOD:737;TA=K;MT=Fixed	NT=TMT6plex;AC=UNIMOD:737;PP=Any N-term;MT=Fixed	NT=Carbamidomethyl;AC=UNIMOD:4;TA=C;MT=Fixed	NT=Oxidation;AC=UNIMOD:35;TA=M;MT=Variable	NT=Trypsin;AC=MS:1001251	NT=data-dependent acquisition;AC=PRIDE:0000627	NT=beam-type collision-induced dissociation;AC=MS:1000422	10 ppm	0.02 Da	not available	not available	not applicable	TMT127N	1	1	230120_31.raw	v1.1.0	NT=ms-proteomics;VV=v1.1.0	NT=cell-lines;VV=v1.1.0	NT=single-cell;VV=v1.0.0	manual curation	U118
230120_31_TMT131	NT=Homo sapiens;AC=NCBITaxon:9606	not available	not available	not available	U118	not available	not available	NT=single cell;AC=PRIDE:0000897	manual picking	230120_31_TMT131	1	not pooled	93	run 31	proteomic profiling by mass spectrometry	NT=Q Exactive Plus;AC=MS:1002634	TMT131	NT=TMT6plex;AC=UNIMOD:737;TA=K;MT=Fixed	NT=TMT6plex;AC=UNIMOD:737;PP=Any N-term;MT=Fixed	NT=Carbamidomethyl;AC=UNIMOD:4;TA=C;MT=Fixed	NT=Oxidation;AC=UNIMOD:35;TA=M;MT=Variable	NT=Trypsin;AC=MS:1001251	NT=data-dependent acquisition;AC=PRIDE:0000627	NT=beam-type collision-induced dissociation;AC=MS:1000422	10 ppm	0.02 Da	not available	not available	not applicable	TMT127N	1	1	230120_31.raw	v1.1.0	NT=ms-proteomics;VV=v1.1.0	NT=cell-lines;VV=v1.1.0	NT=single-cell;VV=v1.0.0	manual curation	U118
230120_32_TMT126	NT=Homo sapiens;AC=NCBITaxon:9606	NT=prostate gland;AC=UBERON:0002367	NT=epithelial cell;AC=CL:0000066	NT=prostate carcinoma;AC=MONDO:0005159	LNCaP	CVCL_0395	LNCaP	NT=single cell;AC=PRIDE:0000897	manual picking	230120_32_TMT126	1	not pooled	94	run 32	proteomic profiling by mass spectrometry	NT=Q Exactive Plus;AC=MS:1002634	TMT126	NT=TMT6plex;AC=UNIMOD:737;TA=K;MT=Fixed	NT=TMT6plex;AC=UNIMOD:737;PP=Any N-term;MT=Fixed	NT=Carbamidomethyl;AC=UNIMOD:4;TA=C;MT=Fixed	NT=Oxidation;AC=UNIMOD:35;TA=M;MT=Variable	NT=Trypsin;AC=MS:1001251	NT=data-dependent acquisition;AC=PRIDE:0000627	NT=beam-type collision-induced dissociation;AC=MS:1000422	10 ppm	0.02 Da	not available	not available	not applicable	TMT127N	1	1	230120_32.raw	v1.1.0	NT=ms-proteomics;VV=v1.1.0	NT=cell-lines;VV=v1.1.0	NT=single-cell;VV=v1.0.0	manual curation	LNCaP
230120_32_TMT127N	NT=Homo sapiens;AC=NCBITaxon:9606	NT=prostate gland;AC=UBERON:0002367	NT=epithelial cell;AC=CL:0000066	NT=prostate carcinoma;AC=MONDO:0005159	LNCaP	CVCL_0395	LNCaP	NT=reference;AC=PRIDE:0000899	not applicable	not applicable	3000	pooled	pooled	run 32	proteomic profiling by mass spectrometry	NT=Q Exactive Plus;AC=MS:1002634	TMT127N	NT=TMT6plex;AC=UNIMOD:737;TA=K;MT=Fixed	NT=TMT6plex;AC=UNIMOD:737;PP=Any N-term;MT=Fixed	NT=Carbamidomethyl;AC=UNIMOD:4;TA=C;MT=Fixed	NT=Oxidation;AC=UNIMOD:35;TA=M;MT=Variable	NT=Trypsin;AC=MS:1001251	NT=data-dependent acquisition;AC=PRIDE:0000627	NT=beam-type collision-induced dissociation;AC=MS:1000422	10 ppm	0.02 Da	not available	not available	not applicable	TMT127N	1	1	230120_32.raw	v1.1.0	NT=ms-proteomics;VV=v1.1.0	NT=cell-lines;VV=v1.1.0	NT=single-cell;VV=v1.0.0	manual curation	LNCaP
230120_32_TMT127C	NT=Homo sapiens;AC=NCBITaxon:9606	NT=prostate gland;AC=UBERON:0002367	NT=epithelial cell;AC=CL:0000066	NT=prostate carcinoma;AC=MONDO:0005159	LNCaP C4	CVCL_4783	LNCaP C4	NT=single cell;AC=PRIDE:0000897	manual picking	230120_32_TMT127C	1	not pooled	94	run 32	proteomic profiling by mass spectrometry	NT=Q Exactive Plus;AC=MS:1002634	TMT127C	NT=TMT6plex;AC=UNIMOD:737;TA=K;MT=Fixed	NT=TMT6plex;AC=UNIMOD:737;PP=Any N-term;MT=Fixed	NT=Carbamidomethyl;AC=UNIMOD:4;TA=C;MT=Fixed	NT=Oxidation;AC=UNIMOD:35;TA=M;MT=Variable	NT=Trypsin;AC=MS:1001251	NT=data-dependent acquisition;AC=PRIDE:0000627	NT=beam-type collision-induced dissociation;AC=MS:1000422	10 ppm	0.02 Da	not available	not available	not applicable	TMT127N	1	1	230120_32.raw	v1.1.0	NT=ms-proteomics;VV=v1.1.0	NT=cell-lines;VV=v1.1.0	NT=single-cell;VV=v1.0.0	manual curation	LNCaP C4
230120_32_TMT128N	NT=Homo sapiens;AC=NCBITaxon:9606	NT=prostate gland;AC=UBERON:0002367	NT=epithelial cell;AC=CL:0000066	NT=prostate carcinoma;AC=MONDO:0005159	LNCaP	CVCL_0395	LNCaP	NT=single cell;AC=PRIDE:0000897	manual picking	230120_32_TMT128N	1	not pooled	95	run 32	proteomic profiling by mass spectrometry	NT=Q Exactive Plus;AC=MS:1002634	TMT128N	NT=TMT6plex;AC=UNIMOD:737;TA=K;MT=Fixed	NT=TMT6plex;AC=UNIMOD:737;PP=Any N-term;MT=Fixed	NT=Carbamidomethyl;AC=UNIMOD:4;TA=C;MT=Fixed	NT=Oxidation;AC=UNIMOD:35;TA=M;MT=Variable	NT=Trypsin;AC=MS:1001251	NT=data-dependent acquisition;AC=PRIDE:0000627	NT=beam-type collision-induced dissociation;AC=MS:1000422	10 ppm	0.02 Da	not available	not available	not applicable	TMT127N	1	1	230120_32.raw	v1.1.0	NT=ms-proteomics;VV=v1.1.0	NT=cell-lines;VV=v1.1.0	NT=single-cell;VV=v1.0.0	manual curation	LNCaP
230120_32_TMT128C	NT=Homo sapiens;AC=NCBITaxon:9606	NT=prostate gland;AC=UBERON:0002367	NT=epithelial cell;AC=CL:0000066	NT=prostate carcinoma;AC=MONDO:0005159	LNCaP C4	CVCL_4783	LNCaP C4	NT=single cell;AC=PRIDE:0000897	manual picking	230120_32_TMT128C	1	not pooled	95	run 32	proteomic profiling by mass spectrometry	NT=Q Exactive Plus;AC=MS:1002634	TMT128C	NT=TMT6plex;AC=UNIMOD:737;TA=K;MT=Fixed	NT=TMT6plex;AC=UNIMOD:737;PP=Any N-term;MT=Fixed	NT=Carbamidomethyl;AC=UNIMOD:4;TA=C;MT=Fixed	NT=Oxidation;AC=UNIMOD:35;TA=M;MT=Variable	NT=Trypsin;AC=MS:1001251	NT=data-dependent acquisition;AC=PRIDE:0000627	NT=beam-type collision-induced dissociation;AC=MS:1000422	10 ppm	0.02 Da	not available	not available	not applicable	TMT127N	1	1	230120_32.raw	v1.1.0	NT=ms-proteomics;VV=v1.1.0	NT=cell-lines;VV=v1.1.0	NT=single-cell;VV=v1.0.0	manual curation	LNCaP C4
230120_32_TMT129N	NT=Homo sapiens;AC=NCBITaxon:9606	NT=prostate gland;AC=UBERON:0002367	NT=epithelial cell;AC=CL:0000066	NT=prostate carcinoma;AC=MONDO:0005159	LNCaP	CVCL_0395	LNCaP	NT=single cell;AC=PRIDE:0000897	manual picking	230120_32_TMT129N	1	not pooled	96	run 32	proteomic profiling by mass spectrometry	NT=Q Exactive Plus;AC=MS:1002634	TMT129N	NT=TMT6plex;AC=UNIMOD:737;TA=K;MT=Fixed	NT=TMT6plex;AC=UNIMOD:737;PP=Any N-term;MT=Fixed	NT=Carbamidomethyl;AC=UNIMOD:4;TA=C;MT=Fixed	NT=Oxidation;AC=UNIMOD:35;TA=M;MT=Variable	NT=Trypsin;AC=MS:1001251	NT=data-dependent acquisition;AC=PRIDE:0000627	NT=beam-type collision-induced dissociation;AC=MS:1000422	10 ppm	0.02 Da	not available	not available	not applicable	TMT127N	1	1	230120_32.raw	v1.1.0	NT=ms-proteomics;VV=v1.1.0	NT=cell-lines;VV=v1.1.0	NT=single-cell;VV=v1.0.0	manual curation	LNCaP
230120_32_TMT129C	NT=Homo sapiens;AC=NCBITaxon:9606	NT=prostate gland;AC=UBERON:0002367	NT=epithelial cell;AC=CL:0000066	NT=prostate carcinoma;AC=MONDO:0005159	LNCaP C4	CVCL_4783	LNCaP C4	NT=single cell;AC=PRIDE:0000897	manual picking	230120_32_TMT129C	1	not pooled	96	run 32	proteomic profiling by mass spectrometry	NT=Q Exactive Plus;AC=MS:1002634	TMT129C	NT=TMT6plex;AC=UNIMOD:737;TA=K;MT=Fixed	NT=TMT6plex;AC=UNIMOD:737;PP=Any N-term;MT=Fixed	NT=Carbamidomethyl;AC=UNIMOD:4;TA=C;MT=Fixed	NT=Oxidation;AC=UNIMOD:35;TA=M;MT=Variable	NT=Trypsin;AC=MS:1001251	NT=data-dependent acquisition;AC=PRIDE:0000627	NT=beam-type collision-induced dissociation;AC=MS:1000422	10 ppm	0.02 Da	not available	not available	not applicable	TMT127N	1	1	230120_32.raw	v1.1.0	NT=ms-proteomics;VV=v1.1.0	NT=cell-lines;VV=v1.1.0	NT=single-cell;VV=v1.0.0	manual curation	LNCaP C4
230120_32_TMT130N	NT=Homo sapiens;AC=NCBITaxon:9606	not available	not available	not available	U118	not available	not available	NT=single cell;AC=PRIDE:0000897	manual picking	230120_32_TMT130N	1	not pooled	94	run 32	proteomic profiling by mass spectrometry	NT=Q Exactive Plus;AC=MS:1002634	TMT130N	NT=TMT6plex;AC=UNIMOD:737;TA=K;MT=Fixed	NT=TMT6plex;AC=UNIMOD:737;PP=Any N-term;MT=Fixed	NT=Carbamidomethyl;AC=UNIMOD:4;TA=C;MT=Fixed	NT=Oxidation;AC=UNIMOD:35;TA=M;MT=Variable	NT=Trypsin;AC=MS:1001251	NT=data-dependent acquisition;AC=PRIDE:0000627	NT=beam-type collision-induced dissociation;AC=MS:1000422	10 ppm	0.02 Da	not available	not available	not applicable	TMT127N	1	1	230120_32.raw	v1.1.0	NT=ms-proteomics;VV=v1.1.0	NT=cell-lines;VV=v1.1.0	NT=single-cell;VV=v1.0.0	manual curation	U118
230120_32_TMT130C	NT=Homo sapiens;AC=NCBITaxon:9606	not available	not available	not available	U118	not available	not available	NT=single cell;AC=PRIDE:0000897	manual picking	230120_32_TMT130C	1	not pooled	95	run 32	proteomic profiling by mass spectrometry	NT=Q Exactive Plus;AC=MS:1002634	TMT130C	NT=TMT6plex;AC=UNIMOD:737;TA=K;MT=Fixed	NT=TMT6plex;AC=UNIMOD:737;PP=Any N-term;MT=Fixed	NT=Carbamidomethyl;AC=UNIMOD:4;TA=C;MT=Fixed	NT=Oxidation;AC=UNIMOD:35;TA=M;MT=Variable	NT=Trypsin;AC=MS:1001251	NT=data-dependent acquisition;AC=PRIDE:0000627	NT=beam-type collision-induced dissociation;AC=MS:1000422	10 ppm	0.02 Da	not available	not available	not applicable	TMT127N	1	1	230120_32.raw	v1.1.0	NT=ms-proteomics;VV=v1.1.0	NT=cell-lines;VV=v1.1.0	NT=single-cell;VV=v1.0.0	manual curation	U118
230120_32_TMT131	NT=Homo sapiens;AC=NCBITaxon:9606	not available	not available	not available	U118	not available	not available	NT=single cell;AC=PRIDE:0000897	manual picking	230120_32_TMT131	1	not pooled	96	run 32	proteomic profiling by mass spectrometry	NT=Q Exactive Plus;AC=MS:1002634	TMT131	NT=TMT6plex;AC=UNIMOD:737;TA=K;MT=Fixed	NT=TMT6plex;AC=UNIMOD:737;PP=Any N-term;MT=Fixed	NT=Carbamidomethyl;AC=UNIMOD:4;TA=C;MT=Fixed	NT=Oxidation;AC=UNIMOD:35;TA=M;MT=Variable	NT=Trypsin;AC=MS:1001251	NT=data-dependent acquisition;AC=PRIDE:0000627	NT=beam-type collision-induced dissociation;AC=MS:1000422	10 ppm	0.02 Da	not available	not available	not applicable	TMT127N	1	1	230120_32.raw	v1.1.0	NT=ms-proteomics;VV=v1.1.0	NT=cell-lines;VV=v1.1.0	NT=single-cell;VV=v1.0.0	manual curation	U118
230120_33_TMT126	NT=Homo sapiens;AC=NCBITaxon:9606	NT=prostate gland;AC=UBERON:0002367	NT=epithelial cell;AC=CL:0000066	NT=prostate carcinoma;AC=MONDO:0005159	LNCaP	CVCL_0395	LNCaP	NT=single cell;AC=PRIDE:0000897	manual picking	230120_33_TMT126	1	not pooled	97	run 33	proteomic profiling by mass spectrometry	NT=Q Exactive Plus;AC=MS:1002634	TMT126	NT=TMT6plex;AC=UNIMOD:737;TA=K;MT=Fixed	NT=TMT6plex;AC=UNIMOD:737;PP=Any N-term;MT=Fixed	NT=Carbamidomethyl;AC=UNIMOD:4;TA=C;MT=Fixed	NT=Oxidation;AC=UNIMOD:35;TA=M;MT=Variable	NT=Trypsin;AC=MS:1001251	NT=data-dependent acquisition;AC=PRIDE:0000627	NT=beam-type collision-induced dissociation;AC=MS:1000422	10 ppm	0.02 Da	not available	not available	not applicable	TMT127N	1	1	230120_33.raw	v1.1.0	NT=ms-proteomics;VV=v1.1.0	NT=cell-lines;VV=v1.1.0	NT=single-cell;VV=v1.0.0	manual curation	LNCaP
230120_33_TMT127N	NT=Homo sapiens;AC=NCBITaxon:9606	NT=prostate gland;AC=UBERON:0002367	NT=epithelial cell;AC=CL:0000066	NT=prostate carcinoma;AC=MONDO:0005159	LNCaP	CVCL_0395	LNCaP	NT=reference;AC=PRIDE:0000899	not applicable	not applicable	3000	pooled	pooled	run 33	proteomic profiling by mass spectrometry	NT=Q Exactive Plus;AC=MS:1002634	TMT127N	NT=TMT6plex;AC=UNIMOD:737;TA=K;MT=Fixed	NT=TMT6plex;AC=UNIMOD:737;PP=Any N-term;MT=Fixed	NT=Carbamidomethyl;AC=UNIMOD:4;TA=C;MT=Fixed	NT=Oxidation;AC=UNIMOD:35;TA=M;MT=Variable	NT=Trypsin;AC=MS:1001251	NT=data-dependent acquisition;AC=PRIDE:0000627	NT=beam-type collision-induced dissociation;AC=MS:1000422	10 ppm	0.02 Da	not available	not available	not applicable	TMT127N	1	1	230120_33.raw	v1.1.0	NT=ms-proteomics;VV=v1.1.0	NT=cell-lines;VV=v1.1.0	NT=single-cell;VV=v1.0.0	manual curation	LNCaP
230120_33_TMT127C	NT=Homo sapiens;AC=NCBITaxon:9606	NT=prostate gland;AC=UBERON:0002367	NT=epithelial cell;AC=CL:0000066	NT=prostate carcinoma;AC=MONDO:0005159	LNCaP C4	CVCL_4783	LNCaP C4	NT=single cell;AC=PRIDE:0000897	manual picking	230120_33_TMT127C	1	not pooled	97	run 33	proteomic profiling by mass spectrometry	NT=Q Exactive Plus;AC=MS:1002634	TMT127C	NT=TMT6plex;AC=UNIMOD:737;TA=K;MT=Fixed	NT=TMT6plex;AC=UNIMOD:737;PP=Any N-term;MT=Fixed	NT=Carbamidomethyl;AC=UNIMOD:4;TA=C;MT=Fixed	NT=Oxidation;AC=UNIMOD:35;TA=M;MT=Variable	NT=Trypsin;AC=MS:1001251	NT=data-dependent acquisition;AC=PRIDE:0000627	NT=beam-type collision-induced dissociation;AC=MS:1000422	10 ppm	0.02 Da	not available	not available	not applicable	TMT127N	1	1	230120_33.raw	v1.1.0	NT=ms-proteomics;VV=v1.1.0	NT=cell-lines;VV=v1.1.0	NT=single-cell;VV=v1.0.0	manual curation	LNCaP C4
230120_33_TMT128N	NT=Homo sapiens;AC=NCBITaxon:9606	NT=prostate gland;AC=UBERON:0002367	NT=epithelial cell;AC=CL:0000066	NT=prostate carcinoma;AC=MONDO:0005159	LNCaP	CVCL_0395	LNCaP	NT=single cell;AC=PRIDE:0000897	manual picking	230120_33_TMT128N	1	not pooled	98	run 33	proteomic profiling by mass spectrometry	NT=Q Exactive Plus;AC=MS:1002634	TMT128N	NT=TMT6plex;AC=UNIMOD:737;TA=K;MT=Fixed	NT=TMT6plex;AC=UNIMOD:737;PP=Any N-term;MT=Fixed	NT=Carbamidomethyl;AC=UNIMOD:4;TA=C;MT=Fixed	NT=Oxidation;AC=UNIMOD:35;TA=M;MT=Variable	NT=Trypsin;AC=MS:1001251	NT=data-dependent acquisition;AC=PRIDE:0000627	NT=beam-type collision-induced dissociation;AC=MS:1000422	10 ppm	0.02 Da	not available	not available	not applicable	TMT127N	1	1	230120_33.raw	v1.1.0	NT=ms-proteomics;VV=v1.1.0	NT=cell-lines;VV=v1.1.0	NT=single-cell;VV=v1.0.0	manual curation	LNCaP
230120_33_TMT128C	NT=Homo sapiens;AC=NCBITaxon:9606	NT=prostate gland;AC=UBERON:0002367	NT=epithelial cell;AC=CL:0000066	NT=prostate carcinoma;AC=MONDO:0005159	LNCaP C4	CVCL_4783	LNCaP C4	NT=single cell;AC=PRIDE:0000897	manual picking	230120_33_TMT128C	1	not pooled	98	run 33	proteomic profiling by mass spectrometry	NT=Q Exactive Plus;AC=MS:1002634	TMT128C	NT=TMT6plex;AC=UNIMOD:737;TA=K;MT=Fixed	NT=TMT6plex;AC=UNIMOD:737;PP=Any N-term;MT=Fixed	NT=Carbamidomethyl;AC=UNIMOD:4;TA=C;MT=Fixed	NT=Oxidation;AC=UNIMOD:35;TA=M;MT=Variable	NT=Trypsin;AC=MS:1001251	NT=data-dependent acquisition;AC=PRIDE:0000627	NT=beam-type collision-induced dissociation;AC=MS:1000422	10 ppm	0.02 Da	not available	not available	not applicable	TMT127N	1	1	230120_33.raw	v1.1.0	NT=ms-proteomics;VV=v1.1.0	NT=cell-lines;VV=v1.1.0	NT=single-cell;VV=v1.0.0	manual curation	LNCaP C4
230120_33_TMT129N	NT=Homo sapiens;AC=NCBITaxon:9606	NT=prostate gland;AC=UBERON:0002367	NT=epithelial cell;AC=CL:0000066	NT=prostate carcinoma;AC=MONDO:0005159	LNCaP	CVCL_0395	LNCaP	NT=single cell;AC=PRIDE:0000897	manual picking	230120_33_TMT129N	1	not pooled	99	run 33	proteomic profiling by mass spectrometry	NT=Q Exactive Plus;AC=MS:1002634	TMT129N	NT=TMT6plex;AC=UNIMOD:737;TA=K;MT=Fixed	NT=TMT6plex;AC=UNIMOD:737;PP=Any N-term;MT=Fixed	NT=Carbamidomethyl;AC=UNIMOD:4;TA=C;MT=Fixed	NT=Oxidation;AC=UNIMOD:35;TA=M;MT=Variable	NT=Trypsin;AC=MS:1001251	NT=data-dependent acquisition;AC=PRIDE:0000627	NT=beam-type collision-induced dissociation;AC=MS:1000422	10 ppm	0.02 Da	not available	not available	not applicable	TMT127N	1	1	230120_33.raw	v1.1.0	NT=ms-proteomics;VV=v1.1.0	NT=cell-lines;VV=v1.1.0	NT=single-cell;VV=v1.0.0	manual curation	LNCaP
230120_33_TMT129C	NT=Homo sapiens;AC=NCBITaxon:9606	NT=prostate gland;AC=UBERON:0002367	NT=epithelial cell;AC=CL:0000066	NT=prostate carcinoma;AC=MONDO:0005159	LNCaP C4	CVCL_4783	LNCaP C4	NT=single cell;AC=PRIDE:0000897	manual picking	230120_33_TMT129C	1	not pooled	99	run 33	proteomic profiling by mass spectrometry	NT=Q Exactive Plus;AC=MS:1002634	TMT129C	NT=TMT6plex;AC=UNIMOD:737;TA=K;MT=Fixed	NT=TMT6plex;AC=UNIMOD:737;PP=Any N-term;MT=Fixed	NT=Carbamidomethyl;AC=UNIMOD:4;TA=C;MT=Fixed	NT=Oxidation;AC=UNIMOD:35;TA=M;MT=Variable	NT=Trypsin;AC=MS:1001251	NT=data-dependent acquisition;AC=PRIDE:0000627	NT=beam-type collision-induced dissociation;AC=MS:1000422	10 ppm	0.02 Da	not available	not available	not applicable	TMT127N	1	1	230120_33.raw	v1.1.0	NT=ms-proteomics;VV=v1.1.0	NT=cell-lines;VV=v1.1.0	NT=single-cell;VV=v1.0.0	manual curation	LNCaP C4
230120_33_TMT130N	NT=Homo sapiens;AC=NCBITaxon:9606	not available	not available	not available	U118	not available	not available	NT=single cell;AC=PRIDE:0000897	manual picking	230120_33_TMT130N	1	not pooled	97	run 33	proteomic profiling by mass spectrometry	NT=Q Exactive Plus;AC=MS:1002634	TMT130N	NT=TMT6plex;AC=UNIMOD:737;TA=K;MT=Fixed	NT=TMT6plex;AC=UNIMOD:737;PP=Any N-term;MT=Fixed	NT=Carbamidomethyl;AC=UNIMOD:4;TA=C;MT=Fixed	NT=Oxidation;AC=UNIMOD:35;TA=M;MT=Variable	NT=Trypsin;AC=MS:1001251	NT=data-dependent acquisition;AC=PRIDE:0000627	NT=beam-type collision-induced dissociation;AC=MS:1000422	10 ppm	0.02 Da	not available	not available	not applicable	TMT127N	1	1	230120_33.raw	v1.1.0	NT=ms-proteomics;VV=v1.1.0	NT=cell-lines;VV=v1.1.0	NT=single-cell;VV=v1.0.0	manual curation	U118
230120_33_TMT130C	NT=Homo sapiens;AC=NCBITaxon:9606	not available	not available	not available	U118	not available	not available	NT=single cell;AC=PRIDE:0000897	manual picking	230120_33_TMT130C	1	not pooled	98	run 33	proteomic profiling by mass spectrometry	NT=Q Exactive Plus;AC=MS:1002634	TMT130C	NT=TMT6plex;AC=UNIMOD:737;TA=K;MT=Fixed	NT=TMT6plex;AC=UNIMOD:737;PP=Any N-term;MT=Fixed	NT=Carbamidomethyl;AC=UNIMOD:4;TA=C;MT=Fixed	NT=Oxidation;AC=UNIMOD:35;TA=M;MT=Variable	NT=Trypsin;AC=MS:1001251	NT=data-dependent acquisition;AC=PRIDE:0000627	NT=beam-type collision-induced dissociation;AC=MS:1000422	10 ppm	0.02 Da	not available	not available	not applicable	TMT127N	1	1	230120_33.raw	v1.1.0	NT=ms-proteomics;VV=v1.1.0	NT=cell-lines;VV=v1.1.0	NT=single-cell;VV=v1.0.0	manual curation	U118
230120_33_TMT131	NT=Homo sapiens;AC=NCBITaxon:9606	not available	not available	not available	U118	not available	not available	NT=single cell;AC=PRIDE:0000897	manual picking	230120_33_TMT131	1	not pooled	99	run 33	proteomic profiling by mass spectrometry	NT=Q Exactive Plus;AC=MS:1002634	TMT131	NT=TMT6plex;AC=UNIMOD:737;TA=K;MT=Fixed	NT=TMT6plex;AC=UNIMOD:737;PP=Any N-term;MT=Fixed	NT=Carbamidomethyl;AC=UNIMOD:4;TA=C;MT=Fixed	NT=Oxidation;AC=UNIMOD:35;TA=M;MT=Variable	NT=Trypsin;AC=MS:1001251	NT=data-dependent acquisition;AC=PRIDE:0000627	NT=beam-type collision-induced dissociation;AC=MS:1000422	10 ppm	0.02 Da	not available	not available	not applicable	TMT127N	1	1	230120_33.raw	v1.1.0	NT=ms-proteomics;VV=v1.1.0	NT=cell-lines;VV=v1.1.0	NT=single-cell;VV=v1.0.0	manual curation	U118
230120_34_TMT126	NT=Homo sapiens;AC=NCBITaxon:9606	NT=prostate gland;AC=UBERON:0002367	NT=epithelial cell;AC=CL:0000066	NT=prostate carcinoma;AC=MONDO:0005159	LNCaP	CVCL_0395	LNCaP	NT=single cell;AC=PRIDE:0000897	manual picking	230120_34_TMT126	1	not pooled	100	run 34	proteomic profiling by mass spectrometry	NT=Q Exactive Plus;AC=MS:1002634	TMT126	NT=TMT6plex;AC=UNIMOD:737;TA=K;MT=Fixed	NT=TMT6plex;AC=UNIMOD:737;PP=Any N-term;MT=Fixed	NT=Carbamidomethyl;AC=UNIMOD:4;TA=C;MT=Fixed	NT=Oxidation;AC=UNIMOD:35;TA=M;MT=Variable	NT=Trypsin;AC=MS:1001251	NT=data-dependent acquisition;AC=PRIDE:0000627	NT=beam-type collision-induced dissociation;AC=MS:1000422	10 ppm	0.02 Da	not available	not available	not applicable	TMT127N	1	1	230120_34.raw	v1.1.0	NT=ms-proteomics;VV=v1.1.0	NT=cell-lines;VV=v1.1.0	NT=single-cell;VV=v1.0.0	manual curation	LNCaP
230120_34_TMT127N	NT=Homo sapiens;AC=NCBITaxon:9606	NT=prostate gland;AC=UBERON:0002367	NT=epithelial cell;AC=CL:0000066	NT=prostate carcinoma;AC=MONDO:0005159	LNCaP	CVCL_0395	LNCaP	NT=reference;AC=PRIDE:0000899	not applicable	not applicable	3000	pooled	pooled	run 34	proteomic profiling by mass spectrometry	NT=Q Exactive Plus;AC=MS:1002634	TMT127N	NT=TMT6plex;AC=UNIMOD:737;TA=K;MT=Fixed	NT=TMT6plex;AC=UNIMOD:737;PP=Any N-term;MT=Fixed	NT=Carbamidomethyl;AC=UNIMOD:4;TA=C;MT=Fixed	NT=Oxidation;AC=UNIMOD:35;TA=M;MT=Variable	NT=Trypsin;AC=MS:1001251	NT=data-dependent acquisition;AC=PRIDE:0000627	NT=beam-type collision-induced dissociation;AC=MS:1000422	10 ppm	0.02 Da	not available	not available	not applicable	TMT127N	1	1	230120_34.raw	v1.1.0	NT=ms-proteomics;VV=v1.1.0	NT=cell-lines;VV=v1.1.0	NT=single-cell;VV=v1.0.0	manual curation	LNCaP
230120_34_TMT127C	NT=Homo sapiens;AC=NCBITaxon:9606	NT=prostate gland;AC=UBERON:0002367	NT=epithelial cell;AC=CL:0000066	NT=prostate carcinoma;AC=MONDO:0005159	LNCaP C4	CVCL_4783	LNCaP C4	NT=single cell;AC=PRIDE:0000897	manual picking	230120_34_TMT127C	1	not pooled	100	run 34	proteomic profiling by mass spectrometry	NT=Q Exactive Plus;AC=MS:1002634	TMT127C	NT=TMT6plex;AC=UNIMOD:737;TA=K;MT=Fixed	NT=TMT6plex;AC=UNIMOD:737;PP=Any N-term;MT=Fixed	NT=Carbamidomethyl;AC=UNIMOD:4;TA=C;MT=Fixed	NT=Oxidation;AC=UNIMOD:35;TA=M;MT=Variable	NT=Trypsin;AC=MS:1001251	NT=data-dependent acquisition;AC=PRIDE:0000627	NT=beam-type collision-induced dissociation;AC=MS:1000422	10 ppm	0.02 Da	not available	not available	not applicable	TMT127N	1	1	230120_34.raw	v1.1.0	NT=ms-proteomics;VV=v1.1.0	NT=cell-lines;VV=v1.1.0	NT=single-cell;VV=v1.0.0	manual curation	LNCaP C4
230120_34_TMT128N	NT=Homo sapiens;AC=NCBITaxon:9606	NT=prostate gland;AC=UBERON:0002367	NT=epithelial cell;AC=CL:0000066	NT=prostate carcinoma;AC=MONDO:0005159	LNCaP	CVCL_0395	LNCaP	NT=single cell;AC=PRIDE:0000897	manual picking	230120_34_TMT128N	1	not pooled	101	run 34	proteomic profiling by mass spectrometry	NT=Q Exactive Plus;AC=MS:1002634	TMT128N	NT=TMT6plex;AC=UNIMOD:737;TA=K;MT=Fixed	NT=TMT6plex;AC=UNIMOD:737;PP=Any N-term;MT=Fixed	NT=Carbamidomethyl;AC=UNIMOD:4;TA=C;MT=Fixed	NT=Oxidation;AC=UNIMOD:35;TA=M;MT=Variable	NT=Trypsin;AC=MS:1001251	NT=data-dependent acquisition;AC=PRIDE:0000627	NT=beam-type collision-induced dissociation;AC=MS:1000422	10 ppm	0.02 Da	not available	not available	not applicable	TMT127N	1	1	230120_34.raw	v1.1.0	NT=ms-proteomics;VV=v1.1.0	NT=cell-lines;VV=v1.1.0	NT=single-cell;VV=v1.0.0	manual curation	LNCaP
230120_34_TMT128C	NT=Homo sapiens;AC=NCBITaxon:9606	NT=prostate gland;AC=UBERON:0002367	NT=epithelial cell;AC=CL:0000066	NT=prostate carcinoma;AC=MONDO:0005159	LNCaP C4	CVCL_4783	LNCaP C4	NT=single cell;AC=PRIDE:0000897	manual picking	230120_34_TMT128C	1	not pooled	101	run 34	proteomic profiling by mass spectrometry	NT=Q Exactive Plus;AC=MS:1002634	TMT128C	NT=TMT6plex;AC=UNIMOD:737;TA=K;MT=Fixed	NT=TMT6plex;AC=UNIMOD:737;PP=Any N-term;MT=Fixed	NT=Carbamidomethyl;AC=UNIMOD:4;TA=C;MT=Fixed	NT=Oxidation;AC=UNIMOD:35;TA=M;MT=Variable	NT=Trypsin;AC=MS:1001251	NT=data-dependent acquisition;AC=PRIDE:0000627	NT=beam-type collision-induced dissociation;AC=MS:1000422	10 ppm	0.02 Da	not available	not available	not applicable	TMT127N	1	1	230120_34.raw	v1.1.0	NT=ms-proteomics;VV=v1.1.0	NT=cell-lines;VV=v1.1.0	NT=single-cell;VV=v1.0.0	manual curation	LNCaP C4
230120_34_TMT129N	NT=Homo sapiens;AC=NCBITaxon:9606	NT=prostate gland;AC=UBERON:0002367	NT=epithelial cell;AC=CL:0000066	NT=prostate carcinoma;AC=MONDO:0005159	LNCaP	CVCL_0395	LNCaP	NT=single cell;AC=PRIDE:0000897	manual picking	230120_34_TMT129N	1	not pooled	102	run 34	proteomic profiling by mass spectrometry	NT=Q Exactive Plus;AC=MS:1002634	TMT129N	NT=TMT6plex;AC=UNIMOD:737;TA=K;MT=Fixed	NT=TMT6plex;AC=UNIMOD:737;PP=Any N-term;MT=Fixed	NT=Carbamidomethyl;AC=UNIMOD:4;TA=C;MT=Fixed	NT=Oxidation;AC=UNIMOD:35;TA=M;MT=Variable	NT=Trypsin;AC=MS:1001251	NT=data-dependent acquisition;AC=PRIDE:0000627	NT=beam-type collision-induced dissociation;AC=MS:1000422	10 ppm	0.02 Da	not available	not available	not applicable	TMT127N	1	1	230120_34.raw	v1.1.0	NT=ms-proteomics;VV=v1.1.0	NT=cell-lines;VV=v1.1.0	NT=single-cell;VV=v1.0.0	manual curation	LNCaP
230120_34_TMT129C	NT=Homo sapiens;AC=NCBITaxon:9606	NT=prostate gland;AC=UBERON:0002367	NT=epithelial cell;AC=CL:0000066	NT=prostate carcinoma;AC=MONDO:0005159	LNCaP C4	CVCL_4783	LNCaP C4	NT=single cell;AC=PRIDE:0000897	manual picking	230120_34_TMT129C	1	not pooled	102	run 34	proteomic profiling by mass spectrometry	NT=Q Exactive Plus;AC=MS:1002634	TMT129C	NT=TMT6plex;AC=UNIMOD:737;TA=K;MT=Fixed	NT=TMT6plex;AC=UNIMOD:737;PP=Any N-term;MT=Fixed	NT=Carbamidomethyl;AC=UNIMOD:4;TA=C;MT=Fixed	NT=Oxidation;AC=UNIMOD:35;TA=M;MT=Variable	NT=Trypsin;AC=MS:1001251	NT=data-dependent acquisition;AC=PRIDE:0000627	NT=beam-type collision-induced dissociation;AC=MS:1000422	10 ppm	0.02 Da	not available	not available	not applicable	TMT127N	1	1	230120_34.raw	v1.1.0	NT=ms-proteomics;VV=v1.1.0	NT=cell-lines;VV=v1.1.0	NT=single-cell;VV=v1.0.0	manual curation	LNCaP C4
230120_34_TMT130N	NT=Homo sapiens;AC=NCBITaxon:9606	not available	not available	not available	U118	not available	not available	NT=single cell;AC=PRIDE:0000897	manual picking	230120_34_TMT130N	1	not pooled	100	run 34	proteomic profiling by mass spectrometry	NT=Q Exactive Plus;AC=MS:1002634	TMT130N	NT=TMT6plex;AC=UNIMOD:737;TA=K;MT=Fixed	NT=TMT6plex;AC=UNIMOD:737;PP=Any N-term;MT=Fixed	NT=Carbamidomethyl;AC=UNIMOD:4;TA=C;MT=Fixed	NT=Oxidation;AC=UNIMOD:35;TA=M;MT=Variable	NT=Trypsin;AC=MS:1001251	NT=data-dependent acquisition;AC=PRIDE:0000627	NT=beam-type collision-induced dissociation;AC=MS:1000422	10 ppm	0.02 Da	not available	not available	not applicable	TMT127N	1	1	230120_34.raw	v1.1.0	NT=ms-proteomics;VV=v1.1.0	NT=cell-lines;VV=v1.1.0	NT=single-cell;VV=v1.0.0	manual curation	U118
230120_34_TMT130C	NT=Homo sapiens;AC=NCBITaxon:9606	not available	not available	not available	U118	not available	not available	NT=single cell;AC=PRIDE:0000897	manual picking	230120_34_TMT130C	1	not pooled	101	run 34	proteomic profiling by mass spectrometry	NT=Q Exactive Plus;AC=MS:1002634	TMT130C	NT=TMT6plex;AC=UNIMOD:737;TA=K;MT=Fixed	NT=TMT6plex;AC=UNIMOD:737;PP=Any N-term;MT=Fixed	NT=Carbamidomethyl;AC=UNIMOD:4;TA=C;MT=Fixed	NT=Oxidation;AC=UNIMOD:35;TA=M;MT=Variable	NT=Trypsin;AC=MS:1001251	NT=data-dependent acquisition;AC=PRIDE:0000627	NT=beam-type collision-induced dissociation;AC=MS:1000422	10 ppm	0.02 Da	not available	not available	not applicable	TMT127N	1	1	230120_34.raw	v1.1.0	NT=ms-proteomics;VV=v1.1.0	NT=cell-lines;VV=v1.1.0	NT=single-cell;VV=v1.0.0	manual curation	U118
230120_34_TMT131	NT=Homo sapiens;AC=NCBITaxon:9606	not available	not available	not available	U118	not available	not available	NT=single cell;AC=PRIDE:0000897	manual picking	230120_34_TMT131	1	not pooled	102	run 34	proteomic profiling by mass spectrometry	NT=Q Exactive Plus;AC=MS:1002634	TMT131	NT=TMT6plex;AC=UNIMOD:737;TA=K;MT=Fixed	NT=TMT6plex;AC=UNIMOD:737;PP=Any N-term;MT=Fixed	NT=Carbamidomethyl;AC=UNIMOD:4;TA=C;MT=Fixed	NT=Oxidation;AC=UNIMOD:35;TA=M;MT=Variable	NT=Trypsin;AC=MS:1001251	NT=data-dependent acquisition;AC=PRIDE:0000627	NT=beam-type collision-induced dissociation;AC=MS:1000422	10 ppm	0.02 Da	not available	not available	not applicable	TMT127N	1	1	230120_34.raw	v1.1.0	NT=ms-proteomics;VV=v1.1.0	NT=cell-lines;VV=v1.1.0	NT=single-cell;VV=v1.0.0	manual curation	U118
230120_35_TMT126	NT=Homo sapiens;AC=NCBITaxon:9606	NT=prostate gland;AC=UBERON:0002367	NT=epithelial cell;AC=CL:0000066	NT=prostate carcinoma;AC=MONDO:0005159	LNCaP	CVCL_0395	LNCaP	NT=single cell;AC=PRIDE:0000897	manual picking	230120_35_TMT126	1	not pooled	103	run 35	proteomic profiling by mass spectrometry	NT=Q Exactive Plus;AC=MS:1002634	TMT126	NT=TMT6plex;AC=UNIMOD:737;TA=K;MT=Fixed	NT=TMT6plex;AC=UNIMOD:737;PP=Any N-term;MT=Fixed	NT=Carbamidomethyl;AC=UNIMOD:4;TA=C;MT=Fixed	NT=Oxidation;AC=UNIMOD:35;TA=M;MT=Variable	NT=Trypsin;AC=MS:1001251	NT=data-dependent acquisition;AC=PRIDE:0000627	NT=beam-type collision-induced dissociation;AC=MS:1000422	10 ppm	0.02 Da	not available	not available	not applicable	TMT127N	1	1	230120_35.raw	v1.1.0	NT=ms-proteomics;VV=v1.1.0	NT=cell-lines;VV=v1.1.0	NT=single-cell;VV=v1.0.0	manual curation	LNCaP
230120_35_TMT127N	NT=Homo sapiens;AC=NCBITaxon:9606	NT=prostate gland;AC=UBERON:0002367	NT=epithelial cell;AC=CL:0000066	NT=prostate carcinoma;AC=MONDO:0005159	LNCaP	CVCL_0395	LNCaP	NT=reference;AC=PRIDE:0000899	not applicable	not applicable	3000	pooled	pooled	run 35	proteomic profiling by mass spectrometry	NT=Q Exactive Plus;AC=MS:1002634	TMT127N	NT=TMT6plex;AC=UNIMOD:737;TA=K;MT=Fixed	NT=TMT6plex;AC=UNIMOD:737;PP=Any N-term;MT=Fixed	NT=Carbamidomethyl;AC=UNIMOD:4;TA=C;MT=Fixed	NT=Oxidation;AC=UNIMOD:35;TA=M;MT=Variable	NT=Trypsin;AC=MS:1001251	NT=data-dependent acquisition;AC=PRIDE:0000627	NT=beam-type collision-induced dissociation;AC=MS:1000422	10 ppm	0.02 Da	not available	not available	not applicable	TMT127N	1	1	230120_35.raw	v1.1.0	NT=ms-proteomics;VV=v1.1.0	NT=cell-lines;VV=v1.1.0	NT=single-cell;VV=v1.0.0	manual curation	LNCaP
230120_35_TMT127C	NT=Homo sapiens;AC=NCBITaxon:9606	NT=prostate gland;AC=UBERON:0002367	NT=epithelial cell;AC=CL:0000066	NT=prostate carcinoma;AC=MONDO:0005159	LNCaP C4	CVCL_4783	LNCaP C4	NT=single cell;AC=PRIDE:0000897	manual picking	230120_35_TMT127C	1	not pooled	103	run 35	proteomic profiling by mass spectrometry	NT=Q Exactive Plus;AC=MS:1002634	TMT127C	NT=TMT6plex;AC=UNIMOD:737;TA=K;MT=Fixed	NT=TMT6plex;AC=UNIMOD:737;PP=Any N-term;MT=Fixed	NT=Carbamidomethyl;AC=UNIMOD:4;TA=C;MT=Fixed	NT=Oxidation;AC=UNIMOD:35;TA=M;MT=Variable	NT=Trypsin;AC=MS:1001251	NT=data-dependent acquisition;AC=PRIDE:0000627	NT=beam-type collision-induced dissociation;AC=MS:1000422	10 ppm	0.02 Da	not available	not available	not applicable	TMT127N	1	1	230120_35.raw	v1.1.0	NT=ms-proteomics;VV=v1.1.0	NT=cell-lines;VV=v1.1.0	NT=single-cell;VV=v1.0.0	manual curation	LNCaP C4
230120_35_TMT128N	NT=Homo sapiens;AC=NCBITaxon:9606	NT=prostate gland;AC=UBERON:0002367	NT=epithelial cell;AC=CL:0000066	NT=prostate carcinoma;AC=MONDO:0005159	LNCaP	CVCL_0395	LNCaP	NT=single cell;AC=PRIDE:0000897	manual picking	230120_35_TMT128N	1	not pooled	104	run 35	proteomic profiling by mass spectrometry	NT=Q Exactive Plus;AC=MS:1002634	TMT128N	NT=TMT6plex;AC=UNIMOD:737;TA=K;MT=Fixed	NT=TMT6plex;AC=UNIMOD:737;PP=Any N-term;MT=Fixed	NT=Carbamidomethyl;AC=UNIMOD:4;TA=C;MT=Fixed	NT=Oxidation;AC=UNIMOD:35;TA=M;MT=Variable	NT=Trypsin;AC=MS:1001251	NT=data-dependent acquisition;AC=PRIDE:0000627	NT=beam-type collision-induced dissociation;AC=MS:1000422	10 ppm	0.02 Da	not available	not available	not applicable	TMT127N	1	1	230120_35.raw	v1.1.0	NT=ms-proteomics;VV=v1.1.0	NT=cell-lines;VV=v1.1.0	NT=single-cell;VV=v1.0.0	manual curation	LNCaP
230120_35_TMT128C	NT=Homo sapiens;AC=NCBITaxon:9606	NT=prostate gland;AC=UBERON:0002367	NT=epithelial cell;AC=CL:0000066	NT=prostate carcinoma;AC=MONDO:0005159	LNCaP C4	CVCL_4783	LNCaP C4	NT=single cell;AC=PRIDE:0000897	manual picking	230120_35_TMT128C	1	not pooled	104	run 35	proteomic profiling by mass spectrometry	NT=Q Exactive Plus;AC=MS:1002634	TMT128C	NT=TMT6plex;AC=UNIMOD:737;TA=K;MT=Fixed	NT=TMT6plex;AC=UNIMOD:737;PP=Any N-term;MT=Fixed	NT=Carbamidomethyl;AC=UNIMOD:4;TA=C;MT=Fixed	NT=Oxidation;AC=UNIMOD:35;TA=M;MT=Variable	NT=Trypsin;AC=MS:1001251	NT=data-dependent acquisition;AC=PRIDE:0000627	NT=beam-type collision-induced dissociation;AC=MS:1000422	10 ppm	0.02 Da	not available	not available	not applicable	TMT127N	1	1	230120_35.raw	v1.1.0	NT=ms-proteomics;VV=v1.1.0	NT=cell-lines;VV=v1.1.0	NT=single-cell;VV=v1.0.0	manual curation	LNCaP C4
230120_35_TMT129N	NT=Homo sapiens;AC=NCBITaxon:9606	NT=prostate gland;AC=UBERON:0002367	NT=epithelial cell;AC=CL:0000066	NT=prostate carcinoma;AC=MONDO:0005159	LNCaP	CVCL_0395	LNCaP	NT=single cell;AC=PRIDE:0000897	manual picking	230120_35_TMT129N	1	not pooled	105	run 35	proteomic profiling by mass spectrometry	NT=Q Exactive Plus;AC=MS:1002634	TMT129N	NT=TMT6plex;AC=UNIMOD:737;TA=K;MT=Fixed	NT=TMT6plex;AC=UNIMOD:737;PP=Any N-term;MT=Fixed	NT=Carbamidomethyl;AC=UNIMOD:4;TA=C;MT=Fixed	NT=Oxidation;AC=UNIMOD:35;TA=M;MT=Variable	NT=Trypsin;AC=MS:1001251	NT=data-dependent acquisition;AC=PRIDE:0000627	NT=beam-type collision-induced dissociation;AC=MS:1000422	10 ppm	0.02 Da	not available	not available	not applicable	TMT127N	1	1	230120_35.raw	v1.1.0	NT=ms-proteomics;VV=v1.1.0	NT=cell-lines;VV=v1.1.0	NT=single-cell;VV=v1.0.0	manual curation	LNCaP
230120_35_TMT129C	NT=Homo sapiens;AC=NCBITaxon:9606	NT=prostate gland;AC=UBERON:0002367	NT=epithelial cell;AC=CL:0000066	NT=prostate carcinoma;AC=MONDO:0005159	LNCaP C4	CVCL_4783	LNCaP C4	NT=single cell;AC=PRIDE:0000897	manual picking	230120_35_TMT129C	1	not pooled	105	run 35	proteomic profiling by mass spectrometry	NT=Q Exactive Plus;AC=MS:1002634	TMT129C	NT=TMT6plex;AC=UNIMOD:737;TA=K;MT=Fixed	NT=TMT6plex;AC=UNIMOD:737;PP=Any N-term;MT=Fixed	NT=Carbamidomethyl;AC=UNIMOD:4;TA=C;MT=Fixed	NT=Oxidation;AC=UNIMOD:35;TA=M;MT=Variable	NT=Trypsin;AC=MS:1001251	NT=data-dependent acquisition;AC=PRIDE:0000627	NT=beam-type collision-induced dissociation;AC=MS:1000422	10 ppm	0.02 Da	not available	not available	not applicable	TMT127N	1	1	230120_35.raw	v1.1.0	NT=ms-proteomics;VV=v1.1.0	NT=cell-lines;VV=v1.1.0	NT=single-cell;VV=v1.0.0	manual curation	LNCaP C4
230120_35_TMT130N	NT=Homo sapiens;AC=NCBITaxon:9606	not available	not available	not available	U118	not available	not available	NT=single cell;AC=PRIDE:0000897	manual picking	230120_35_TMT130N	1	not pooled	103	run 35	proteomic profiling by mass spectrometry	NT=Q Exactive Plus;AC=MS:1002634	TMT130N	NT=TMT6plex;AC=UNIMOD:737;TA=K;MT=Fixed	NT=TMT6plex;AC=UNIMOD:737;PP=Any N-term;MT=Fixed	NT=Carbamidomethyl;AC=UNIMOD:4;TA=C;MT=Fixed	NT=Oxidation;AC=UNIMOD:35;TA=M;MT=Variable	NT=Trypsin;AC=MS:1001251	NT=data-dependent acquisition;AC=PRIDE:0000627	NT=beam-type collision-induced dissociation;AC=MS:1000422	10 ppm	0.02 Da	not available	not available	not applicable	TMT127N	1	1	230120_35.raw	v1.1.0	NT=ms-proteomics;VV=v1.1.0	NT=cell-lines;VV=v1.1.0	NT=single-cell;VV=v1.0.0	manual curation	U118
230120_35_TMT130C	NT=Homo sapiens;AC=NCBITaxon:9606	not available	not available	not available	U118	not available	not available	NT=single cell;AC=PRIDE:0000897	manual picking	230120_35_TMT130C	1	not pooled	104	run 35	proteomic profiling by mass spectrometry	NT=Q Exactive Plus;AC=MS:1002634	TMT130C	NT=TMT6plex;AC=UNIMOD:737;TA=K;MT=Fixed	NT=TMT6plex;AC=UNIMOD:737;PP=Any N-term;MT=Fixed	NT=Carbamidomethyl;AC=UNIMOD:4;TA=C;MT=Fixed	NT=Oxidation;AC=UNIMOD:35;TA=M;MT=Variable	NT=Trypsin;AC=MS:1001251	NT=data-dependent acquisition;AC=PRIDE:0000627	NT=beam-type collision-induced dissociation;AC=MS:1000422	10 ppm	0.02 Da	not available	not available	not applicable	TMT127N	1	1	230120_35.raw	v1.1.0	NT=ms-proteomics;VV=v1.1.0	NT=cell-lines;VV=v1.1.0	NT=single-cell;VV=v1.0.0	manual curation	U118
230120_35_TMT131	NT=Homo sapiens;AC=NCBITaxon:9606	not available	not available	not available	U118	not available	not available	NT=single cell;AC=PRIDE:0000897	manual picking	230120_35_TMT131	1	not pooled	105	run 35	proteomic profiling by mass spectrometry	NT=Q Exactive Plus;AC=MS:1002634	TMT131	NT=TMT6plex;AC=UNIMOD:737;TA=K;MT=Fixed	NT=TMT6plex;AC=UNIMOD:737;PP=Any N-term;MT=Fixed	NT=Carbamidomethyl;AC=UNIMOD:4;TA=C;MT=Fixed	NT=Oxidation;AC=UNIMOD:35;TA=M;MT=Variable	NT=Trypsin;AC=MS:1001251	NT=data-dependent acquisition;AC=PRIDE:0000627	NT=beam-type collision-induced dissociation;AC=MS:1000422	10 ppm	0.02 Da	not available	not available	not applicable	TMT127N	1	1	230120_35.raw	v1.1.0	NT=ms-proteomics;VV=v1.1.0	NT=cell-lines;VV=v1.1.0	NT=single-cell;VV=v1.0.0	manual curation	U118
230120_36_TMT126	NT=Homo sapiens;AC=NCBITaxon:9606	NT=prostate gland;AC=UBERON:0002367	NT=epithelial cell;AC=CL:0000066	NT=prostate carcinoma;AC=MONDO:0005159	LNCaP	CVCL_0395	LNCaP	NT=single cell;AC=PRIDE:0000897	manual picking	230120_36_TMT126	1	not pooled	106	run 36	proteomic profiling by mass spectrometry	NT=Q Exactive Plus;AC=MS:1002634	TMT126	NT=TMT6plex;AC=UNIMOD:737;TA=K;MT=Fixed	NT=TMT6plex;AC=UNIMOD:737;PP=Any N-term;MT=Fixed	NT=Carbamidomethyl;AC=UNIMOD:4;TA=C;MT=Fixed	NT=Oxidation;AC=UNIMOD:35;TA=M;MT=Variable	NT=Trypsin;AC=MS:1001251	NT=data-dependent acquisition;AC=PRIDE:0000627	NT=beam-type collision-induced dissociation;AC=MS:1000422	10 ppm	0.02 Da	not available	not available	not applicable	TMT127N	1	1	230120_36.raw	v1.1.0	NT=ms-proteomics;VV=v1.1.0	NT=cell-lines;VV=v1.1.0	NT=single-cell;VV=v1.0.0	manual curation	LNCaP
230120_36_TMT127N	NT=Homo sapiens;AC=NCBITaxon:9606	NT=prostate gland;AC=UBERON:0002367	NT=epithelial cell;AC=CL:0000066	NT=prostate carcinoma;AC=MONDO:0005159	LNCaP	CVCL_0395	LNCaP	NT=reference;AC=PRIDE:0000899	not applicable	not applicable	3000	pooled	pooled	run 36	proteomic profiling by mass spectrometry	NT=Q Exactive Plus;AC=MS:1002634	TMT127N	NT=TMT6plex;AC=UNIMOD:737;TA=K;MT=Fixed	NT=TMT6plex;AC=UNIMOD:737;PP=Any N-term;MT=Fixed	NT=Carbamidomethyl;AC=UNIMOD:4;TA=C;MT=Fixed	NT=Oxidation;AC=UNIMOD:35;TA=M;MT=Variable	NT=Trypsin;AC=MS:1001251	NT=data-dependent acquisition;AC=PRIDE:0000627	NT=beam-type collision-induced dissociation;AC=MS:1000422	10 ppm	0.02 Da	not available	not available	not applicable	TMT127N	1	1	230120_36.raw	v1.1.0	NT=ms-proteomics;VV=v1.1.0	NT=cell-lines;VV=v1.1.0	NT=single-cell;VV=v1.0.0	manual curation	LNCaP
230120_36_TMT127C	NT=Homo sapiens;AC=NCBITaxon:9606	NT=prostate gland;AC=UBERON:0002367	NT=epithelial cell;AC=CL:0000066	NT=prostate carcinoma;AC=MONDO:0005159	LNCaP C4	CVCL_4783	LNCaP C4	NT=single cell;AC=PRIDE:0000897	manual picking	230120_36_TMT127C	1	not pooled	106	run 36	proteomic profiling by mass spectrometry	NT=Q Exactive Plus;AC=MS:1002634	TMT127C	NT=TMT6plex;AC=UNIMOD:737;TA=K;MT=Fixed	NT=TMT6plex;AC=UNIMOD:737;PP=Any N-term;MT=Fixed	NT=Carbamidomethyl;AC=UNIMOD:4;TA=C;MT=Fixed	NT=Oxidation;AC=UNIMOD:35;TA=M;MT=Variable	NT=Trypsin;AC=MS:1001251	NT=data-dependent acquisition;AC=PRIDE:0000627	NT=beam-type collision-induced dissociation;AC=MS:1000422	10 ppm	0.02 Da	not available	not available	not applicable	TMT127N	1	1	230120_36.raw	v1.1.0	NT=ms-proteomics;VV=v1.1.0	NT=cell-lines;VV=v1.1.0	NT=single-cell;VV=v1.0.0	manual curation	LNCaP C4
230120_36_TMT128N	NT=Homo sapiens;AC=NCBITaxon:9606	NT=prostate gland;AC=UBERON:0002367	NT=epithelial cell;AC=CL:0000066	NT=prostate carcinoma;AC=MONDO:0005159	LNCaP	CVCL_0395	LNCaP	NT=single cell;AC=PRIDE:0000897	manual picking	230120_36_TMT128N	1	not pooled	107	run 36	proteomic profiling by mass spectrometry	NT=Q Exactive Plus;AC=MS:1002634	TMT128N	NT=TMT6plex;AC=UNIMOD:737;TA=K;MT=Fixed	NT=TMT6plex;AC=UNIMOD:737;PP=Any N-term;MT=Fixed	NT=Carbamidomethyl;AC=UNIMOD:4;TA=C;MT=Fixed	NT=Oxidation;AC=UNIMOD:35;TA=M;MT=Variable	NT=Trypsin;AC=MS:1001251	NT=data-dependent acquisition;AC=PRIDE:0000627	NT=beam-type collision-induced dissociation;AC=MS:1000422	10 ppm	0.02 Da	not available	not available	not applicable	TMT127N	1	1	230120_36.raw	v1.1.0	NT=ms-proteomics;VV=v1.1.0	NT=cell-lines;VV=v1.1.0	NT=single-cell;VV=v1.0.0	manual curation	LNCaP
230120_36_TMT128C	NT=Homo sapiens;AC=NCBITaxon:9606	NT=prostate gland;AC=UBERON:0002367	NT=epithelial cell;AC=CL:0000066	NT=prostate carcinoma;AC=MONDO:0005159	LNCaP C4	CVCL_4783	LNCaP C4	NT=single cell;AC=PRIDE:0000897	manual picking	230120_36_TMT128C	1	not pooled	107	run 36	proteomic profiling by mass spectrometry	NT=Q Exactive Plus;AC=MS:1002634	TMT128C	NT=TMT6plex;AC=UNIMOD:737;TA=K;MT=Fixed	NT=TMT6plex;AC=UNIMOD:737;PP=Any N-term;MT=Fixed	NT=Carbamidomethyl;AC=UNIMOD:4;TA=C;MT=Fixed	NT=Oxidation;AC=UNIMOD:35;TA=M;MT=Variable	NT=Trypsin;AC=MS:1001251	NT=data-dependent acquisition;AC=PRIDE:0000627	NT=beam-type collision-induced dissociation;AC=MS:1000422	10 ppm	0.02 Da	not available	not available	not applicable	TMT127N	1	1	230120_36.raw	v1.1.0	NT=ms-proteomics;VV=v1.1.0	NT=cell-lines;VV=v1.1.0	NT=single-cell;VV=v1.0.0	manual curation	LNCaP C4
230120_36_TMT129N	NT=Homo sapiens;AC=NCBITaxon:9606	NT=prostate gland;AC=UBERON:0002367	NT=epithelial cell;AC=CL:0000066	NT=prostate carcinoma;AC=MONDO:0005159	LNCaP	CVCL_0395	LNCaP	NT=single cell;AC=PRIDE:0000897	manual picking	230120_36_TMT129N	1	not pooled	108	run 36	proteomic profiling by mass spectrometry	NT=Q Exactive Plus;AC=MS:1002634	TMT129N	NT=TMT6plex;AC=UNIMOD:737;TA=K;MT=Fixed	NT=TMT6plex;AC=UNIMOD:737;PP=Any N-term;MT=Fixed	NT=Carbamidomethyl;AC=UNIMOD:4;TA=C;MT=Fixed	NT=Oxidation;AC=UNIMOD:35;TA=M;MT=Variable	NT=Trypsin;AC=MS:1001251	NT=data-dependent acquisition;AC=PRIDE:0000627	NT=beam-type collision-induced dissociation;AC=MS:1000422	10 ppm	0.02 Da	not available	not available	not applicable	TMT127N	1	1	230120_36.raw	v1.1.0	NT=ms-proteomics;VV=v1.1.0	NT=cell-lines;VV=v1.1.0	NT=single-cell;VV=v1.0.0	manual curation	LNCaP
230120_36_TMT129C	NT=Homo sapiens;AC=NCBITaxon:9606	NT=prostate gland;AC=UBERON:0002367	NT=epithelial cell;AC=CL:0000066	NT=prostate carcinoma;AC=MONDO:0005159	LNCaP C4	CVCL_4783	LNCaP C4	NT=single cell;AC=PRIDE:0000897	manual picking	230120_36_TMT129C	1	not pooled	108	run 36	proteomic profiling by mass spectrometry	NT=Q Exactive Plus;AC=MS:1002634	TMT129C	NT=TMT6plex;AC=UNIMOD:737;TA=K;MT=Fixed	NT=TMT6plex;AC=UNIMOD:737;PP=Any N-term;MT=Fixed	NT=Carbamidomethyl;AC=UNIMOD:4;TA=C;MT=Fixed	NT=Oxidation;AC=UNIMOD:35;TA=M;MT=Variable	NT=Trypsin;AC=MS:1001251	NT=data-dependent acquisition;AC=PRIDE:0000627	NT=beam-type collision-induced dissociation;AC=MS:1000422	10 ppm	0.02 Da	not available	not available	not applicable	TMT127N	1	1	230120_36.raw	v1.1.0	NT=ms-proteomics;VV=v1.1.0	NT=cell-lines;VV=v1.1.0	NT=single-cell;VV=v1.0.0	manual curation	LNCaP C4
230120_36_TMT130N	NT=Homo sapiens;AC=NCBITaxon:9606	not available	not available	not available	U118	not available	not available	NT=single cell;AC=PRIDE:0000897	manual picking	230120_36_TMT130N	1	not pooled	106	run 36	proteomic profiling by mass spectrometry	NT=Q Exactive Plus;AC=MS:1002634	TMT130N	NT=TMT6plex;AC=UNIMOD:737;TA=K;MT=Fixed	NT=TMT6plex;AC=UNIMOD:737;PP=Any N-term;MT=Fixed	NT=Carbamidomethyl;AC=UNIMOD:4;TA=C;MT=Fixed	NT=Oxidation;AC=UNIMOD:35;TA=M;MT=Variable	NT=Trypsin;AC=MS:1001251	NT=data-dependent acquisition;AC=PRIDE:0000627	NT=beam-type collision-induced dissociation;AC=MS:1000422	10 ppm	0.02 Da	not available	not available	not applicable	TMT127N	1	1	230120_36.raw	v1.1.0	NT=ms-proteomics;VV=v1.1.0	NT=cell-lines;VV=v1.1.0	NT=single-cell;VV=v1.0.0	manual curation	U118
230120_36_TMT130C	NT=Homo sapiens;AC=NCBITaxon:9606	not available	not available	not available	U118	not available	not available	NT=single cell;AC=PRIDE:0000897	manual picking	230120_36_TMT130C	1	not pooled	107	run 36	proteomic profiling by mass spectrometry	NT=Q Exactive Plus;AC=MS:1002634	TMT130C	NT=TMT6plex;AC=UNIMOD:737;TA=K;MT=Fixed	NT=TMT6plex;AC=UNIMOD:737;PP=Any N-term;MT=Fixed	NT=Carbamidomethyl;AC=UNIMOD:4;TA=C;MT=Fixed	NT=Oxidation;AC=UNIMOD:35;TA=M;MT=Variable	NT=Trypsin;AC=MS:1001251	NT=data-dependent acquisition;AC=PRIDE:0000627	NT=beam-type collision-induced dissociation;AC=MS:1000422	10 ppm	0.02 Da	not available	not available	not applicable	TMT127N	1	1	230120_36.raw	v1.1.0	NT=ms-proteomics;VV=v1.1.0	NT=cell-lines;VV=v1.1.0	NT=single-cell;VV=v1.0.0	manual curation	U118
230120_36_TMT131	NT=Homo sapiens;AC=NCBITaxon:9606	not available	not available	not available	U118	not available	not available	NT=single cell;AC=PRIDE:0000897	manual picking	230120_36_TMT131	1	not pooled	108	run 36	proteomic profiling by mass spectrometry	NT=Q Exactive Plus;AC=MS:1002634	TMT131	NT=TMT6plex;AC=UNIMOD:737;TA=K;MT=Fixed	NT=TMT6plex;AC=UNIMOD:737;PP=Any N-term;MT=Fixed	NT=Carbamidomethyl;AC=UNIMOD:4;TA=C;MT=Fixed	NT=Oxidation;AC=UNIMOD:35;TA=M;MT=Variable	NT=Trypsin;AC=MS:1001251	NT=data-dependent acquisition;AC=PRIDE:0000627	NT=beam-type collision-induced dissociation;AC=MS:1000422	10 ppm	0.02 Da	not available	not available	not applicable	TMT127N	1	1	230120_36.raw	v1.1.0	NT=ms-proteomics;VV=v1.1.0	NT=cell-lines;VV=v1.1.0	NT=single-cell;VV=v1.0.0	manual curation	U118
230120_37_TMT126	NT=Homo sapiens;AC=NCBITaxon:9606	NT=prostate gland;AC=UBERON:0002367	NT=epithelial cell;AC=CL:0000066	NT=prostate carcinoma;AC=MONDO:0005159	LNCaP	CVCL_0395	LNCaP	NT=single cell;AC=PRIDE:0000897	manual picking	230120_37_TMT126	1	not pooled	109	run 37	proteomic profiling by mass spectrometry	NT=Q Exactive Plus;AC=MS:1002634	TMT126	NT=TMT6plex;AC=UNIMOD:737;TA=K;MT=Fixed	NT=TMT6plex;AC=UNIMOD:737;PP=Any N-term;MT=Fixed	NT=Carbamidomethyl;AC=UNIMOD:4;TA=C;MT=Fixed	NT=Oxidation;AC=UNIMOD:35;TA=M;MT=Variable	NT=Trypsin;AC=MS:1001251	NT=data-dependent acquisition;AC=PRIDE:0000627	NT=beam-type collision-induced dissociation;AC=MS:1000422	10 ppm	0.02 Da	not available	not available	not applicable	TMT127N	1	1	230120_37.raw	v1.1.0	NT=ms-proteomics;VV=v1.1.0	NT=cell-lines;VV=v1.1.0	NT=single-cell;VV=v1.0.0	manual curation	LNCaP
230120_37_TMT127N	NT=Homo sapiens;AC=NCBITaxon:9606	NT=prostate gland;AC=UBERON:0002367	NT=epithelial cell;AC=CL:0000066	NT=prostate carcinoma;AC=MONDO:0005159	LNCaP	CVCL_0395	LNCaP	NT=reference;AC=PRIDE:0000899	not applicable	not applicable	3000	pooled	pooled	run 37	proteomic profiling by mass spectrometry	NT=Q Exactive Plus;AC=MS:1002634	TMT127N	NT=TMT6plex;AC=UNIMOD:737;TA=K;MT=Fixed	NT=TMT6plex;AC=UNIMOD:737;PP=Any N-term;MT=Fixed	NT=Carbamidomethyl;AC=UNIMOD:4;TA=C;MT=Fixed	NT=Oxidation;AC=UNIMOD:35;TA=M;MT=Variable	NT=Trypsin;AC=MS:1001251	NT=data-dependent acquisition;AC=PRIDE:0000627	NT=beam-type collision-induced dissociation;AC=MS:1000422	10 ppm	0.02 Da	not available	not available	not applicable	TMT127N	1	1	230120_37.raw	v1.1.0	NT=ms-proteomics;VV=v1.1.0	NT=cell-lines;VV=v1.1.0	NT=single-cell;VV=v1.0.0	manual curation	LNCaP
230120_37_TMT127C	NT=Homo sapiens;AC=NCBITaxon:9606	NT=prostate gland;AC=UBERON:0002367	NT=epithelial cell;AC=CL:0000066	NT=prostate carcinoma;AC=MONDO:0005159	LNCaP C4	CVCL_4783	LNCaP C4	NT=single cell;AC=PRIDE:0000897	manual picking	230120_37_TMT127C	1	not pooled	109	run 37	proteomic profiling by mass spectrometry	NT=Q Exactive Plus;AC=MS:1002634	TMT127C	NT=TMT6plex;AC=UNIMOD:737;TA=K;MT=Fixed	NT=TMT6plex;AC=UNIMOD:737;PP=Any N-term;MT=Fixed	NT=Carbamidomethyl;AC=UNIMOD:4;TA=C;MT=Fixed	NT=Oxidation;AC=UNIMOD:35;TA=M;MT=Variable	NT=Trypsin;AC=MS:1001251	NT=data-dependent acquisition;AC=PRIDE:0000627	NT=beam-type collision-induced dissociation;AC=MS:1000422	10 ppm	0.02 Da	not available	not available	not applicable	TMT127N	1	1	230120_37.raw	v1.1.0	NT=ms-proteomics;VV=v1.1.0	NT=cell-lines;VV=v1.1.0	NT=single-cell;VV=v1.0.0	manual curation	LNCaP C4
230120_37_TMT128N	NT=Homo sapiens;AC=NCBITaxon:9606	NT=prostate gland;AC=UBERON:0002367	NT=epithelial cell;AC=CL:0000066	NT=prostate carcinoma;AC=MONDO:0005159	LNCaP	CVCL_0395	LNCaP	NT=single cell;AC=PRIDE:0000897	manual picking	230120_37_TMT128N	1	not pooled	110	run 37	proteomic profiling by mass spectrometry	NT=Q Exactive Plus;AC=MS:1002634	TMT128N	NT=TMT6plex;AC=UNIMOD:737;TA=K;MT=Fixed	NT=TMT6plex;AC=UNIMOD:737;PP=Any N-term;MT=Fixed	NT=Carbamidomethyl;AC=UNIMOD:4;TA=C;MT=Fixed	NT=Oxidation;AC=UNIMOD:35;TA=M;MT=Variable	NT=Trypsin;AC=MS:1001251	NT=data-dependent acquisition;AC=PRIDE:0000627	NT=beam-type collision-induced dissociation;AC=MS:1000422	10 ppm	0.02 Da	not available	not available	not applicable	TMT127N	1	1	230120_37.raw	v1.1.0	NT=ms-proteomics;VV=v1.1.0	NT=cell-lines;VV=v1.1.0	NT=single-cell;VV=v1.0.0	manual curation	LNCaP
230120_37_TMT128C	NT=Homo sapiens;AC=NCBITaxon:9606	NT=prostate gland;AC=UBERON:0002367	NT=epithelial cell;AC=CL:0000066	NT=prostate carcinoma;AC=MONDO:0005159	LNCaP C4	CVCL_4783	LNCaP C4	NT=single cell;AC=PRIDE:0000897	manual picking	230120_37_TMT128C	1	not pooled	110	run 37	proteomic profiling by mass spectrometry	NT=Q Exactive Plus;AC=MS:1002634	TMT128C	NT=TMT6plex;AC=UNIMOD:737;TA=K;MT=Fixed	NT=TMT6plex;AC=UNIMOD:737;PP=Any N-term;MT=Fixed	NT=Carbamidomethyl;AC=UNIMOD:4;TA=C;MT=Fixed	NT=Oxidation;AC=UNIMOD:35;TA=M;MT=Variable	NT=Trypsin;AC=MS:1001251	NT=data-dependent acquisition;AC=PRIDE:0000627	NT=beam-type collision-induced dissociation;AC=MS:1000422	10 ppm	0.02 Da	not available	not available	not applicable	TMT127N	1	1	230120_37.raw	v1.1.0	NT=ms-proteomics;VV=v1.1.0	NT=cell-lines;VV=v1.1.0	NT=single-cell;VV=v1.0.0	manual curation	LNCaP C4
230120_37_TMT129N	NT=Homo sapiens;AC=NCBITaxon:9606	NT=prostate gland;AC=UBERON:0002367	NT=epithelial cell;AC=CL:0000066	NT=prostate carcinoma;AC=MONDO:0005159	LNCaP	CVCL_0395	LNCaP	NT=single cell;AC=PRIDE:0000897	manual picking	230120_37_TMT129N	1	not pooled	111	run 37	proteomic profiling by mass spectrometry	NT=Q Exactive Plus;AC=MS:1002634	TMT129N	NT=TMT6plex;AC=UNIMOD:737;TA=K;MT=Fixed	NT=TMT6plex;AC=UNIMOD:737;PP=Any N-term;MT=Fixed	NT=Carbamidomethyl;AC=UNIMOD:4;TA=C;MT=Fixed	NT=Oxidation;AC=UNIMOD:35;TA=M;MT=Variable	NT=Trypsin;AC=MS:1001251	NT=data-dependent acquisition;AC=PRIDE:0000627	NT=beam-type collision-induced dissociation;AC=MS:1000422	10 ppm	0.02 Da	not available	not available	not applicable	TMT127N	1	1	230120_37.raw	v1.1.0	NT=ms-proteomics;VV=v1.1.0	NT=cell-lines;VV=v1.1.0	NT=single-cell;VV=v1.0.0	manual curation	LNCaP
230120_37_TMT129C	NT=Homo sapiens;AC=NCBITaxon:9606	NT=prostate gland;AC=UBERON:0002367	NT=epithelial cell;AC=CL:0000066	NT=prostate carcinoma;AC=MONDO:0005159	LNCaP C4	CVCL_4783	LNCaP C4	NT=single cell;AC=PRIDE:0000897	manual picking	230120_37_TMT129C	1	not pooled	111	run 37	proteomic profiling by mass spectrometry	NT=Q Exactive Plus;AC=MS:1002634	TMT129C	NT=TMT6plex;AC=UNIMOD:737;TA=K;MT=Fixed	NT=TMT6plex;AC=UNIMOD:737;PP=Any N-term;MT=Fixed	NT=Carbamidomethyl;AC=UNIMOD:4;TA=C;MT=Fixed	NT=Oxidation;AC=UNIMOD:35;TA=M;MT=Variable	NT=Trypsin;AC=MS:1001251	NT=data-dependent acquisition;AC=PRIDE:0000627	NT=beam-type collision-induced dissociation;AC=MS:1000422	10 ppm	0.02 Da	not available	not available	not applicable	TMT127N	1	1	230120_37.raw	v1.1.0	NT=ms-proteomics;VV=v1.1.0	NT=cell-lines;VV=v1.1.0	NT=single-cell;VV=v1.0.0	manual curation	LNCaP C4
230120_37_TMT130N	NT=Homo sapiens;AC=NCBITaxon:9606	not available	not available	not available	U118	not available	not available	NT=single cell;AC=PRIDE:0000897	manual picking	230120_37_TMT130N	1	not pooled	109	run 37	proteomic profiling by mass spectrometry	NT=Q Exactive Plus;AC=MS:1002634	TMT130N	NT=TMT6plex;AC=UNIMOD:737;TA=K;MT=Fixed	NT=TMT6plex;AC=UNIMOD:737;PP=Any N-term;MT=Fixed	NT=Carbamidomethyl;AC=UNIMOD:4;TA=C;MT=Fixed	NT=Oxidation;AC=UNIMOD:35;TA=M;MT=Variable	NT=Trypsin;AC=MS:1001251	NT=data-dependent acquisition;AC=PRIDE:0000627	NT=beam-type collision-induced dissociation;AC=MS:1000422	10 ppm	0.02 Da	not available	not available	not applicable	TMT127N	1	1	230120_37.raw	v1.1.0	NT=ms-proteomics;VV=v1.1.0	NT=cell-lines;VV=v1.1.0	NT=single-cell;VV=v1.0.0	manual curation	U118
230120_37_TMT130C	NT=Homo sapiens;AC=NCBITaxon:9606	not available	not available	not available	U118	not available	not available	NT=single cell;AC=PRIDE:0000897	manual picking	230120_37_TMT130C	1	not pooled	110	run 37	proteomic profiling by mass spectrometry	NT=Q Exactive Plus;AC=MS:1002634	TMT130C	NT=TMT6plex;AC=UNIMOD:737;TA=K;MT=Fixed	NT=TMT6plex;AC=UNIMOD:737;PP=Any N-term;MT=Fixed	NT=Carbamidomethyl;AC=UNIMOD:4;TA=C;MT=Fixed	NT=Oxidation;AC=UNIMOD:35;TA=M;MT=Variable	NT=Trypsin;AC=MS:1001251	NT=data-dependent acquisition;AC=PRIDE:0000627	NT=beam-type collision-induced dissociation;AC=MS:1000422	10 ppm	0.02 Da	not available	not available	not applicable	TMT127N	1	1	230120_37.raw	v1.1.0	NT=ms-proteomics;VV=v1.1.0	NT=cell-lines;VV=v1.1.0	NT=single-cell;VV=v1.0.0	manual curation	U118
230120_37_TMT131	NT=Homo sapiens;AC=NCBITaxon:9606	not available	not available	not available	U118	not available	not available	NT=single cell;AC=PRIDE:0000897	manual picking	230120_37_TMT131	1	not pooled	111	run 37	proteomic profiling by mass spectrometry	NT=Q Exactive Plus;AC=MS:1002634	TMT131	NT=TMT6plex;AC=UNIMOD:737;TA=K;MT=Fixed	NT=TMT6plex;AC=UNIMOD:737;PP=Any N-term;MT=Fixed	NT=Carbamidomethyl;AC=UNIMOD:4;TA=C;MT=Fixed	NT=Oxidation;AC=UNIMOD:35;TA=M;MT=Variable	NT=Trypsin;AC=MS:1001251	NT=data-dependent acquisition;AC=PRIDE:0000627	NT=beam-type collision-induced dissociation;AC=MS:1000422	10 ppm	0.02 Da	not available	not available	not applicable	TMT127N	1	1	230120_37.raw	v1.1.0	NT=ms-proteomics;VV=v1.1.0	NT=cell-lines;VV=v1.1.0	NT=single-cell;VV=v1.0.0	manual curation	U118
230120_38_TMT126	NT=Homo sapiens;AC=NCBITaxon:9606	NT=prostate gland;AC=UBERON:0002367	NT=epithelial cell;AC=CL:0000066	NT=prostate carcinoma;AC=MONDO:0005159	LNCaP	CVCL_0395	LNCaP	NT=single cell;AC=PRIDE:0000897	manual picking	230120_38_TMT126	1	not pooled	112	run 38	proteomic profiling by mass spectrometry	NT=Q Exactive Plus;AC=MS:1002634	TMT126	NT=TMT6plex;AC=UNIMOD:737;TA=K;MT=Fixed	NT=TMT6plex;AC=UNIMOD:737;PP=Any N-term;MT=Fixed	NT=Carbamidomethyl;AC=UNIMOD:4;TA=C;MT=Fixed	NT=Oxidation;AC=UNIMOD:35;TA=M;MT=Variable	NT=Trypsin;AC=MS:1001251	NT=data-dependent acquisition;AC=PRIDE:0000627	NT=beam-type collision-induced dissociation;AC=MS:1000422	10 ppm	0.02 Da	not available	not available	not applicable	TMT127N	1	1	230120_38.raw	v1.1.0	NT=ms-proteomics;VV=v1.1.0	NT=cell-lines;VV=v1.1.0	NT=single-cell;VV=v1.0.0	manual curation	LNCaP
230120_38_TMT127N	NT=Homo sapiens;AC=NCBITaxon:9606	NT=prostate gland;AC=UBERON:0002367	NT=epithelial cell;AC=CL:0000066	NT=prostate carcinoma;AC=MONDO:0005159	LNCaP	CVCL_0395	LNCaP	NT=reference;AC=PRIDE:0000899	not applicable	not applicable	3000	pooled	pooled	run 38	proteomic profiling by mass spectrometry	NT=Q Exactive Plus;AC=MS:1002634	TMT127N	NT=TMT6plex;AC=UNIMOD:737;TA=K;MT=Fixed	NT=TMT6plex;AC=UNIMOD:737;PP=Any N-term;MT=Fixed	NT=Carbamidomethyl;AC=UNIMOD:4;TA=C;MT=Fixed	NT=Oxidation;AC=UNIMOD:35;TA=M;MT=Variable	NT=Trypsin;AC=MS:1001251	NT=data-dependent acquisition;AC=PRIDE:0000627	NT=beam-type collision-induced dissociation;AC=MS:1000422	10 ppm	0.02 Da	not available	not available	not applicable	TMT127N	1	1	230120_38.raw	v1.1.0	NT=ms-proteomics;VV=v1.1.0	NT=cell-lines;VV=v1.1.0	NT=single-cell;VV=v1.0.0	manual curation	LNCaP
230120_38_TMT127C	NT=Homo sapiens;AC=NCBITaxon:9606	NT=prostate gland;AC=UBERON:0002367	NT=epithelial cell;AC=CL:0000066	NT=prostate carcinoma;AC=MONDO:0005159	LNCaP C4	CVCL_4783	LNCaP C4	NT=single cell;AC=PRIDE:0000897	manual picking	230120_38_TMT127C	1	not pooled	112	run 38	proteomic profiling by mass spectrometry	NT=Q Exactive Plus;AC=MS:1002634	TMT127C	NT=TMT6plex;AC=UNIMOD:737;TA=K;MT=Fixed	NT=TMT6plex;AC=UNIMOD:737;PP=Any N-term;MT=Fixed	NT=Carbamidomethyl;AC=UNIMOD:4;TA=C;MT=Fixed	NT=Oxidation;AC=UNIMOD:35;TA=M;MT=Variable	NT=Trypsin;AC=MS:1001251	NT=data-dependent acquisition;AC=PRIDE:0000627	NT=beam-type collision-induced dissociation;AC=MS:1000422	10 ppm	0.02 Da	not available	not available	not applicable	TMT127N	1	1	230120_38.raw	v1.1.0	NT=ms-proteomics;VV=v1.1.0	NT=cell-lines;VV=v1.1.0	NT=single-cell;VV=v1.0.0	manual curation	LNCaP C4
230120_38_TMT128N	NT=Homo sapiens;AC=NCBITaxon:9606	NT=prostate gland;AC=UBERON:0002367	NT=epithelial cell;AC=CL:0000066	NT=prostate carcinoma;AC=MONDO:0005159	LNCaP	CVCL_0395	LNCaP	NT=single cell;AC=PRIDE:0000897	manual picking	230120_38_TMT128N	1	not pooled	113	run 38	proteomic profiling by mass spectrometry	NT=Q Exactive Plus;AC=MS:1002634	TMT128N	NT=TMT6plex;AC=UNIMOD:737;TA=K;MT=Fixed	NT=TMT6plex;AC=UNIMOD:737;PP=Any N-term;MT=Fixed	NT=Carbamidomethyl;AC=UNIMOD:4;TA=C;MT=Fixed	NT=Oxidation;AC=UNIMOD:35;TA=M;MT=Variable	NT=Trypsin;AC=MS:1001251	NT=data-dependent acquisition;AC=PRIDE:0000627	NT=beam-type collision-induced dissociation;AC=MS:1000422	10 ppm	0.02 Da	not available	not available	not applicable	TMT127N	1	1	230120_38.raw	v1.1.0	NT=ms-proteomics;VV=v1.1.0	NT=cell-lines;VV=v1.1.0	NT=single-cell;VV=v1.0.0	manual curation	LNCaP
230120_38_TMT128C	NT=Homo sapiens;AC=NCBITaxon:9606	NT=prostate gland;AC=UBERON:0002367	NT=epithelial cell;AC=CL:0000066	NT=prostate carcinoma;AC=MONDO:0005159	LNCaP C4	CVCL_4783	LNCaP C4	NT=single cell;AC=PRIDE:0000897	manual picking	230120_38_TMT128C	1	not pooled	113	run 38	proteomic profiling by mass spectrometry	NT=Q Exactive Plus;AC=MS:1002634	TMT128C	NT=TMT6plex;AC=UNIMOD:737;TA=K;MT=Fixed	NT=TMT6plex;AC=UNIMOD:737;PP=Any N-term;MT=Fixed	NT=Carbamidomethyl;AC=UNIMOD:4;TA=C;MT=Fixed	NT=Oxidation;AC=UNIMOD:35;TA=M;MT=Variable	NT=Trypsin;AC=MS:1001251	NT=data-dependent acquisition;AC=PRIDE:0000627	NT=beam-type collision-induced dissociation;AC=MS:1000422	10 ppm	0.02 Da	not available	not available	not applicable	TMT127N	1	1	230120_38.raw	v1.1.0	NT=ms-proteomics;VV=v1.1.0	NT=cell-lines;VV=v1.1.0	NT=single-cell;VV=v1.0.0	manual curation	LNCaP C4
230120_38_TMT129N	NT=Homo sapiens;AC=NCBITaxon:9606	NT=prostate gland;AC=UBERON:0002367	NT=epithelial cell;AC=CL:0000066	NT=prostate carcinoma;AC=MONDO:0005159	LNCaP	CVCL_0395	LNCaP	NT=single cell;AC=PRIDE:0000897	manual picking	230120_38_TMT129N	1	not pooled	114	run 38	proteomic profiling by mass spectrometry	NT=Q Exactive Plus;AC=MS:1002634	TMT129N	NT=TMT6plex;AC=UNIMOD:737;TA=K;MT=Fixed	NT=TMT6plex;AC=UNIMOD:737;PP=Any N-term;MT=Fixed	NT=Carbamidomethyl;AC=UNIMOD:4;TA=C;MT=Fixed	NT=Oxidation;AC=UNIMOD:35;TA=M;MT=Variable	NT=Trypsin;AC=MS:1001251	NT=data-dependent acquisition;AC=PRIDE:0000627	NT=beam-type collision-induced dissociation;AC=MS:1000422	10 ppm	0.02 Da	not available	not available	not applicable	TMT127N	1	1	230120_38.raw	v1.1.0	NT=ms-proteomics;VV=v1.1.0	NT=cell-lines;VV=v1.1.0	NT=single-cell;VV=v1.0.0	manual curation	LNCaP
230120_38_TMT129C	NT=Homo sapiens;AC=NCBITaxon:9606	NT=prostate gland;AC=UBERON:0002367	NT=epithelial cell;AC=CL:0000066	NT=prostate carcinoma;AC=MONDO:0005159	LNCaP C4	CVCL_4783	LNCaP C4	NT=single cell;AC=PRIDE:0000897	manual picking	230120_38_TMT129C	1	not pooled	114	run 38	proteomic profiling by mass spectrometry	NT=Q Exactive Plus;AC=MS:1002634	TMT129C	NT=TMT6plex;AC=UNIMOD:737;TA=K;MT=Fixed	NT=TMT6plex;AC=UNIMOD:737;PP=Any N-term;MT=Fixed	NT=Carbamidomethyl;AC=UNIMOD:4;TA=C;MT=Fixed	NT=Oxidation;AC=UNIMOD:35;TA=M;MT=Variable	NT=Trypsin;AC=MS:1001251	NT=data-dependent acquisition;AC=PRIDE:0000627	NT=beam-type collision-induced dissociation;AC=MS:1000422	10 ppm	0.02 Da	not available	not available	not applicable	TMT127N	1	1	230120_38.raw	v1.1.0	NT=ms-proteomics;VV=v1.1.0	NT=cell-lines;VV=v1.1.0	NT=single-cell;VV=v1.0.0	manual curation	LNCaP C4
230120_38_TMT130N	NT=Homo sapiens;AC=NCBITaxon:9606	not available	not available	not available	U118	not available	not available	NT=single cell;AC=PRIDE:0000897	manual picking	230120_38_TMT130N	1	not pooled	112	run 38	proteomic profiling by mass spectrometry	NT=Q Exactive Plus;AC=MS:1002634	TMT130N	NT=TMT6plex;AC=UNIMOD:737;TA=K;MT=Fixed	NT=TMT6plex;AC=UNIMOD:737;PP=Any N-term;MT=Fixed	NT=Carbamidomethyl;AC=UNIMOD:4;TA=C;MT=Fixed	NT=Oxidation;AC=UNIMOD:35;TA=M;MT=Variable	NT=Trypsin;AC=MS:1001251	NT=data-dependent acquisition;AC=PRIDE:0000627	NT=beam-type collision-induced dissociation;AC=MS:1000422	10 ppm	0.02 Da	not available	not available	not applicable	TMT127N	1	1	230120_38.raw	v1.1.0	NT=ms-proteomics;VV=v1.1.0	NT=cell-lines;VV=v1.1.0	NT=single-cell;VV=v1.0.0	manual curation	U118
230120_38_TMT130C	NT=Homo sapiens;AC=NCBITaxon:9606	not available	not available	not available	U118	not available	not available	NT=single cell;AC=PRIDE:0000897	manual picking	230120_38_TMT130C	1	not pooled	113	run 38	proteomic profiling by mass spectrometry	NT=Q Exactive Plus;AC=MS:1002634	TMT130C	NT=TMT6plex;AC=UNIMOD:737;TA=K;MT=Fixed	NT=TMT6plex;AC=UNIMOD:737;PP=Any N-term;MT=Fixed	NT=Carbamidomethyl;AC=UNIMOD:4;TA=C;MT=Fixed	NT=Oxidation;AC=UNIMOD:35;TA=M;MT=Variable	NT=Trypsin;AC=MS:1001251	NT=data-dependent acquisition;AC=PRIDE:0000627	NT=beam-type collision-induced dissociation;AC=MS:1000422	10 ppm	0.02 Da	not available	not available	not applicable	TMT127N	1	1	230120_38.raw	v1.1.0	NT=ms-proteomics;VV=v1.1.0	NT=cell-lines;VV=v1.1.0	NT=single-cell;VV=v1.0.0	manual curation	U118
230120_38_TMT131	NT=Homo sapiens;AC=NCBITaxon:9606	not available	not available	not available	U118	not available	not available	NT=single cell;AC=PRIDE:0000897	manual picking	230120_38_TMT131	1	not pooled	114	run 38	proteomic profiling by mass spectrometry	NT=Q Exactive Plus;AC=MS:1002634	TMT131	NT=TMT6plex;AC=UNIMOD:737;TA=K;MT=Fixed	NT=TMT6plex;AC=UNIMOD:737;PP=Any N-term;MT=Fixed	NT=Carbamidomethyl;AC=UNIMOD:4;TA=C;MT=Fixed	NT=Oxidation;AC=UNIMOD:35;TA=M;MT=Variable	NT=Trypsin;AC=MS:1001251	NT=data-dependent acquisition;AC=PRIDE:0000627	NT=beam-type collision-induced dissociation;AC=MS:1000422	10 ppm	0.02 Da	not available	not available	not applicable	TMT127N	1	1	230120_38.raw	v1.1.0	NT=ms-proteomics;VV=v1.1.0	NT=cell-lines;VV=v1.1.0	NT=single-cell;VV=v1.0.0	manual curation	U118
230120_39_TMT126	NT=Homo sapiens;AC=NCBITaxon:9606	NT=prostate gland;AC=UBERON:0002367	NT=epithelial cell;AC=CL:0000066	NT=prostate carcinoma;AC=MONDO:0005159	LNCaP	CVCL_0395	LNCaP	NT=single cell;AC=PRIDE:0000897	manual picking	230120_39_TMT126	1	not pooled	115	run 39	proteomic profiling by mass spectrometry	NT=Q Exactive Plus;AC=MS:1002634	TMT126	NT=TMT6plex;AC=UNIMOD:737;TA=K;MT=Fixed	NT=TMT6plex;AC=UNIMOD:737;PP=Any N-term;MT=Fixed	NT=Carbamidomethyl;AC=UNIMOD:4;TA=C;MT=Fixed	NT=Oxidation;AC=UNIMOD:35;TA=M;MT=Variable	NT=Trypsin;AC=MS:1001251	NT=data-dependent acquisition;AC=PRIDE:0000627	NT=beam-type collision-induced dissociation;AC=MS:1000422	10 ppm	0.02 Da	not available	not available	not applicable	TMT127N	1	1	230120_39.raw	v1.1.0	NT=ms-proteomics;VV=v1.1.0	NT=cell-lines;VV=v1.1.0	NT=single-cell;VV=v1.0.0	manual curation	LNCaP
230120_39_TMT127N	NT=Homo sapiens;AC=NCBITaxon:9606	NT=prostate gland;AC=UBERON:0002367	NT=epithelial cell;AC=CL:0000066	NT=prostate carcinoma;AC=MONDO:0005159	LNCaP	CVCL_0395	LNCaP	NT=reference;AC=PRIDE:0000899	not applicable	not applicable	3000	pooled	pooled	run 39	proteomic profiling by mass spectrometry	NT=Q Exactive Plus;AC=MS:1002634	TMT127N	NT=TMT6plex;AC=UNIMOD:737;TA=K;MT=Fixed	NT=TMT6plex;AC=UNIMOD:737;PP=Any N-term;MT=Fixed	NT=Carbamidomethyl;AC=UNIMOD:4;TA=C;MT=Fixed	NT=Oxidation;AC=UNIMOD:35;TA=M;MT=Variable	NT=Trypsin;AC=MS:1001251	NT=data-dependent acquisition;AC=PRIDE:0000627	NT=beam-type collision-induced dissociation;AC=MS:1000422	10 ppm	0.02 Da	not available	not available	not applicable	TMT127N	1	1	230120_39.raw	v1.1.0	NT=ms-proteomics;VV=v1.1.0	NT=cell-lines;VV=v1.1.0	NT=single-cell;VV=v1.0.0	manual curation	LNCaP
230120_39_TMT127C	NT=Homo sapiens;AC=NCBITaxon:9606	NT=prostate gland;AC=UBERON:0002367	NT=epithelial cell;AC=CL:0000066	NT=prostate carcinoma;AC=MONDO:0005159	LNCaP C4	CVCL_4783	LNCaP C4	NT=single cell;AC=PRIDE:0000897	manual picking	230120_39_TMT127C	1	not pooled	115	run 39	proteomic profiling by mass spectrometry	NT=Q Exactive Plus;AC=MS:1002634	TMT127C	NT=TMT6plex;AC=UNIMOD:737;TA=K;MT=Fixed	NT=TMT6plex;AC=UNIMOD:737;PP=Any N-term;MT=Fixed	NT=Carbamidomethyl;AC=UNIMOD:4;TA=C;MT=Fixed	NT=Oxidation;AC=UNIMOD:35;TA=M;MT=Variable	NT=Trypsin;AC=MS:1001251	NT=data-dependent acquisition;AC=PRIDE:0000627	NT=beam-type collision-induced dissociation;AC=MS:1000422	10 ppm	0.02 Da	not available	not available	not applicable	TMT127N	1	1	230120_39.raw	v1.1.0	NT=ms-proteomics;VV=v1.1.0	NT=cell-lines;VV=v1.1.0	NT=single-cell;VV=v1.0.0	manual curation	LNCaP C4
230120_39_TMT128N	NT=Homo sapiens;AC=NCBITaxon:9606	NT=prostate gland;AC=UBERON:0002367	NT=epithelial cell;AC=CL:0000066	NT=prostate carcinoma;AC=MONDO:0005159	LNCaP	CVCL_0395	LNCaP	NT=single cell;AC=PRIDE:0000897	manual picking	230120_39_TMT128N	1	not pooled	116	run 39	proteomic profiling by mass spectrometry	NT=Q Exactive Plus;AC=MS:1002634	TMT128N	NT=TMT6plex;AC=UNIMOD:737;TA=K;MT=Fixed	NT=TMT6plex;AC=UNIMOD:737;PP=Any N-term;MT=Fixed	NT=Carbamidomethyl;AC=UNIMOD:4;TA=C;MT=Fixed	NT=Oxidation;AC=UNIMOD:35;TA=M;MT=Variable	NT=Trypsin;AC=MS:1001251	NT=data-dependent acquisition;AC=PRIDE:0000627	NT=beam-type collision-induced dissociation;AC=MS:1000422	10 ppm	0.02 Da	not available	not available	not applicable	TMT127N	1	1	230120_39.raw	v1.1.0	NT=ms-proteomics;VV=v1.1.0	NT=cell-lines;VV=v1.1.0	NT=single-cell;VV=v1.0.0	manual curation	LNCaP
230120_39_TMT128C	NT=Homo sapiens;AC=NCBITaxon:9606	NT=prostate gland;AC=UBERON:0002367	NT=epithelial cell;AC=CL:0000066	NT=prostate carcinoma;AC=MONDO:0005159	LNCaP C4	CVCL_4783	LNCaP C4	NT=single cell;AC=PRIDE:0000897	manual picking	230120_39_TMT128C	1	not pooled	116	run 39	proteomic profiling by mass spectrometry	NT=Q Exactive Plus;AC=MS:1002634	TMT128C	NT=TMT6plex;AC=UNIMOD:737;TA=K;MT=Fixed	NT=TMT6plex;AC=UNIMOD:737;PP=Any N-term;MT=Fixed	NT=Carbamidomethyl;AC=UNIMOD:4;TA=C;MT=Fixed	NT=Oxidation;AC=UNIMOD:35;TA=M;MT=Variable	NT=Trypsin;AC=MS:1001251	NT=data-dependent acquisition;AC=PRIDE:0000627	NT=beam-type collision-induced dissociation;AC=MS:1000422	10 ppm	0.02 Da	not available	not available	not applicable	TMT127N	1	1	230120_39.raw	v1.1.0	NT=ms-proteomics;VV=v1.1.0	NT=cell-lines;VV=v1.1.0	NT=single-cell;VV=v1.0.0	manual curation	LNCaP C4
230120_39_TMT129N	NT=Homo sapiens;AC=NCBITaxon:9606	NT=prostate gland;AC=UBERON:0002367	NT=epithelial cell;AC=CL:0000066	NT=prostate carcinoma;AC=MONDO:0005159	LNCaP	CVCL_0395	LNCaP	NT=single cell;AC=PRIDE:0000897	manual picking	230120_39_TMT129N	1	not pooled	117	run 39	proteomic profiling by mass spectrometry	NT=Q Exactive Plus;AC=MS:1002634	TMT129N	NT=TMT6plex;AC=UNIMOD:737;TA=K;MT=Fixed	NT=TMT6plex;AC=UNIMOD:737;PP=Any N-term;MT=Fixed	NT=Carbamidomethyl;AC=UNIMOD:4;TA=C;MT=Fixed	NT=Oxidation;AC=UNIMOD:35;TA=M;MT=Variable	NT=Trypsin;AC=MS:1001251	NT=data-dependent acquisition;AC=PRIDE:0000627	NT=beam-type collision-induced dissociation;AC=MS:1000422	10 ppm	0.02 Da	not available	not available	not applicable	TMT127N	1	1	230120_39.raw	v1.1.0	NT=ms-proteomics;VV=v1.1.0	NT=cell-lines;VV=v1.1.0	NT=single-cell;VV=v1.0.0	manual curation	LNCaP
230120_39_TMT129C	NT=Homo sapiens;AC=NCBITaxon:9606	NT=prostate gland;AC=UBERON:0002367	NT=epithelial cell;AC=CL:0000066	NT=prostate carcinoma;AC=MONDO:0005159	LNCaP C4	CVCL_4783	LNCaP C4	NT=single cell;AC=PRIDE:0000897	manual picking	230120_39_TMT129C	1	not pooled	117	run 39	proteomic profiling by mass spectrometry	NT=Q Exactive Plus;AC=MS:1002634	TMT129C	NT=TMT6plex;AC=UNIMOD:737;TA=K;MT=Fixed	NT=TMT6plex;AC=UNIMOD:737;PP=Any N-term;MT=Fixed	NT=Carbamidomethyl;AC=UNIMOD:4;TA=C;MT=Fixed	NT=Oxidation;AC=UNIMOD:35;TA=M;MT=Variable	NT=Trypsin;AC=MS:1001251	NT=data-dependent acquisition;AC=PRIDE:0000627	NT=beam-type collision-induced dissociation;AC=MS:1000422	10 ppm	0.02 Da	not available	not available	not applicable	TMT127N	1	1	230120_39.raw	v1.1.0	NT=ms-proteomics;VV=v1.1.0	NT=cell-lines;VV=v1.1.0	NT=single-cell;VV=v1.0.0	manual curation	LNCaP C4
230120_39_TMT130N	NT=Homo sapiens;AC=NCBITaxon:9606	not available	not available	not available	U118	not available	not available	NT=single cell;AC=PRIDE:0000897	manual picking	230120_39_TMT130N	1	not pooled	115	run 39	proteomic profiling by mass spectrometry	NT=Q Exactive Plus;AC=MS:1002634	TMT130N	NT=TMT6plex;AC=UNIMOD:737;TA=K;MT=Fixed	NT=TMT6plex;AC=UNIMOD:737;PP=Any N-term;MT=Fixed	NT=Carbamidomethyl;AC=UNIMOD:4;TA=C;MT=Fixed	NT=Oxidation;AC=UNIMOD:35;TA=M;MT=Variable	NT=Trypsin;AC=MS:1001251	NT=data-dependent acquisition;AC=PRIDE:0000627	NT=beam-type collision-induced dissociation;AC=MS:1000422	10 ppm	0.02 Da	not available	not available	not applicable	TMT127N	1	1	230120_39.raw	v1.1.0	NT=ms-proteomics;VV=v1.1.0	NT=cell-lines;VV=v1.1.0	NT=single-cell;VV=v1.0.0	manual curation	U118
230120_39_TMT130C	NT=Homo sapiens;AC=NCBITaxon:9606	not available	not available	not available	U118	not available	not available	NT=single cell;AC=PRIDE:0000897	manual picking	230120_39_TMT130C	1	not pooled	116	run 39	proteomic profiling by mass spectrometry	NT=Q Exactive Plus;AC=MS:1002634	TMT130C	NT=TMT6plex;AC=UNIMOD:737;TA=K;MT=Fixed	NT=TMT6plex;AC=UNIMOD:737;PP=Any N-term;MT=Fixed	NT=Carbamidomethyl;AC=UNIMOD:4;TA=C;MT=Fixed	NT=Oxidation;AC=UNIMOD:35;TA=M;MT=Variable	NT=Trypsin;AC=MS:1001251	NT=data-dependent acquisition;AC=PRIDE:0000627	NT=beam-type collision-induced dissociation;AC=MS:1000422	10 ppm	0.02 Da	not available	not available	not applicable	TMT127N	1	1	230120_39.raw	v1.1.0	NT=ms-proteomics;VV=v1.1.0	NT=cell-lines;VV=v1.1.0	NT=single-cell;VV=v1.0.0	manual curation	U118
230120_39_TMT131	NT=Homo sapiens;AC=NCBITaxon:9606	not available	not available	not available	U118	not available	not available	NT=single cell;AC=PRIDE:0000897	manual picking	230120_39_TMT131	1	not pooled	117	run 39	proteomic profiling by mass spectrometry	NT=Q Exactive Plus;AC=MS:1002634	TMT131	NT=TMT6plex;AC=UNIMOD:737;TA=K;MT=Fixed	NT=TMT6plex;AC=UNIMOD:737;PP=Any N-term;MT=Fixed	NT=Carbamidomethyl;AC=UNIMOD:4;TA=C;MT=Fixed	NT=Oxidation;AC=UNIMOD:35;TA=M;MT=Variable	NT=Trypsin;AC=MS:1001251	NT=data-dependent acquisition;AC=PRIDE:0000627	NT=beam-type collision-induced dissociation;AC=MS:1000422	10 ppm	0.02 Da	not available	not available	not applicable	TMT127N	1	1	230120_39.raw	v1.1.0	NT=ms-proteomics;VV=v1.1.0	NT=cell-lines;VV=v1.1.0	NT=single-cell;VV=v1.0.0	manual curation	U118
